Fecha;PETR4.SA;VALE3.SA;ITUB4.SA;BBDC4.SA;ABEV3.SA;WEGE3.SA;RENT3.SA;RDOR3.SA;BBAS3.SA;MGLU3.SA;SUZB3.SA;EQTL3.SA;RAIZ4.SA;HAPV3.SA;LREN3.SA;CSNA3.SA;CYRE3.SA;EGIE3.SA;BPAC11.SA;B3SA3.SA;ITSA4.SA;SANB11.SA;VIVT3.SA;INDICE
2016-09-30;39275000;4534600,0;29053309,0;18724884,0;8749600,0;4765280;2653808;;9726000;7063978;0;6177800;;;5903984;5968300,0;1642600;2474325,0;;32601900;31868629;1197954,0;21400,0;2858200,0
2016-10-03;34444500;3689100,0;26738182,0;17791046,0;14082500,0;5488340;2155014;;12682200;3284836;0;5397378;;;5554078;8419300,0;2189100;1807750,0;;45561900;19561763;717772,0;7400,0;2774100,0
2016-10-04;39717400;5321900,0;49947217,0;41553670,0;15795000,0;4938700;2999076;;12107800;2500269;0;5005915;;;10146689;10811200,0;1125400;1555575,0;;32380500;128870606;1109105,0;15600,0;3894600,0
2016-10-05;65242200;3221600,0;24211807,0;16715161,0;8711300,0;4151160;2421525;;15563200;3580845;0;3333439;;;4609877;6627500,0;1844200;1045975,0;;98464200;57384944;690586,0;32400,0;3378900,0
2016-10-06;77003800;4178300,0;18793954,0;21767782,0;13265700,0;3677440;2103839;;21767000;1856521;0;3369982;;;3278728;5804600,0;1064400;879900,0;;28604700;49961484;901512,0;4600,0;3507200,0
2016-10-07;71691000;10040900,0;21320142,0;18620330,0;10876200,0;5183360;2470042;;24574000;5650033;0;5477973;;;6151324;7606800,0;1836500;1098650,0;;72125700;46137184;989528,0;1800,0;4243800,0
2016-10-10;38724300;8879800,0;14760429,0;13712268,0;6074500,0;3226600;1857267;;10865800;5089628;0;2999544;;;4622716;4672800,0;1135100;994000,0;;22545300;37561197;708606,0;48600,0;2936900,0
2016-10-11;69314500;9733500,0;28362547,0;15691456,0;14587500,0;5576740;2652479;;11608800;7132951;0;5729270;;;5835065;7160700,0;1388200;1159025,0;;32159700;27939014;1112542,0;38200,0;3568000,0
2016-10-13;58212500;18453000,0;34143073,0;27578566,0;21987200,0;8881600;5638263;;21316400;4701655;0;10654590;;;11888693;8210300,0;2259700;3192875,0;;45177000;44565570;3136076,0;5800,0;4952700,0
2016-10-14;66150000;6890600,0;23805576,0;19806374,0;20405600,0;7819500;2468048;;19661600;3468764;0;3603257;;;6449283;5136900,0;1484900;1052450,0;;37231500;36927416;1989889,0;14200,0;3691200,0
2016-10-17;75002000;5163600,0;28465741,0;24571422,0;9686900,0;5861440;3342017;;25797200;1764557;0;3129197;;;4612238;4896300,0;1899000;1439550,0;;23681100;35005329;1742716,0;66200,0;3340700,0
2016-10-18;76995000;9581100,0;24643089,0;29082718,0;12342400,0;7118280;5554853;;23726200;5000538;0;11243286;;;7989106;5550100,0;1847700;1940575,0;;80525700;42395861;1818336,0;12000,0;4390300,0
2016-10-19;65212400;4573100,0;15662931,0;17068635,0;5848100,0;6355700;5480749;;18555200;1876638;0;5629652;;;3007186;6973400,0;2236400;1349250,0;;31634100;30643426;814434,0;4200,0;3614000,0
2016-10-20;62901500;9474800,0;17454034,0;21212542,0;4586500,0;3975140;1833341;;16404400;3198620;0;5658686;;;3162585;6319700,0;1974600;1682100,0;;26483100;28941255;610695,0;26400,0;3421500,0
2016-10-21;47961800;16069400,0;11124587,0;12218939,0;21287800,0;3878160;6489635;;18669800;2965836;0;5236688;;;3211138;16145300,0;3881200;1541225,0;;37651200;19865525;2094259,0;16200,0;3662900,0
2016-10-24;51678900;7251300,0;15957625,0;15456837,0;10105400,0;4635020;4559260;;18640000;2681323;0;3709883;;;2353417;8071700,0;3862800;1658125,0;;27536400;23845768;803288,0;20200,0;3663900,0
2016-10-25;57674100;11607500,0;14272570,0;19167645,0;9277400,0;3645200;6186570;;23203200;8877392;0;4644488;;;8526140;9326800,0;3282200;925925,0;;26851200;20701524;956197,0;14600,0;3918100,0
2016-10-26;51424400;10290600,0;17106827,0;21969739,0;9041700,0;5569720;3849451;;24213000;13173831;0;9970281;;;6798599;7561900,0;2751600;1697500,0;;30622200;16456542;1433983,0;19400,0;4299200,0
2016-10-27;43645900;10148800,0;19029301,0;17341907,0;7798300,0;2507700;3341352;;24220400;14286020;0;6993764;;;4699161;4588000,0;1631400;1276450,0;;25565100;34640931;1218995,0;11600,0;3587500,0
2016-10-28;37689700;9967500,0;16462546,0;13992304,0;35116800,0;4184700;3815223;;13261800;8052590;0;12154362;;;2223992;5083300,0;2288100;4771200,0;;34308300;27497297;1531165,0;35200,0;3788500,0
2016-10-31;42059100;6545600,0;35586680,0;24715788,0;17591900,0;5031000;3543063;;17214400;8443437;0;12337078;;;4215698;7237800,0;5516300;1844500,0;;35572800;49508742;2500903,0;127000,0;3816900,0
2016-11-01;68718800;7503800,0;30131455,0;19360133,0;19058400,0;5352880;4996244;;15834000;7153068;0;6994765;;;3455674;7624100,0;2144600;1989400,0;;48054900;37471548;1465648,0;22200,0;4505600,0
2016-11-03;56998700;8953400,0;27774928,0;22071008,0;22712800,0;4633980;5738952;;27198400;4236088;0;5428915;;;6699131;7293400,0;3594700;2103675,0;;29254800;29824835;1442211,0;8000,0;4124000,0
2016-11-04;61347700;7433500,0;23391408,0;18425909,0;20353300,0;6193720;2857845;;22527000;2971584;0;5498497;;;10570679;5540700,0;2185800;1716225,0;;24396900;38426063;914324,0;13400,0;3972500,0
2016-11-07;51625300;5148700,0;19227293,0;17696734,0;11219400,0;6444100;1773193;;13469800;2471530;0;3623281;;;4508639;4634100,0;3376400;1192625,0;;28452300;27362678;1255034,0;60200,0;3325900,0
2016-11-08;56241000;4850600,0;16246880,0;13842526,0;8057800,0;4310540;2181931;;13556400;2428422;0;4070810;;;2904472;5799800,0;2400300;1212925,0;;18032400;33140253;1089627,0;22000,0;3265100,0
2016-11-09;111417100;13530400,0;33063942,0;27302589,0;14829200,0;6649760;2585020;;19752400;5250565;0;3833029;;;2984606;11297100,0;2687600;1585850,0;;32533200;28606450;2634541,0;30200,0;5630100,0
2016-11-10;94683900;10367700,0;49992152,0;77904942,0;28019700,0;8761480;5877524;;31711800;3888349;0;7965412;;;7588581;12942800,0;9625400;2624300,0;;49104600;57387846;2466113,0;40600,0;7623700,0
2016-11-11;129811400;15173900,0;45103030,0;58245446,0;23948700,0;8674120;5903776;;41243000;2664079;0;16482477;;;10590454;8920900,0;7876200;2290925,0;;83656800;63495874;2657352,0;118600,0;7572800,0
2016-11-14;86623000;7093100,0;29660863,0;29182054,0;20266800,0;5220800;5734632;;25667600;1617990;0;10004322;;;6403091;11332200,0;4298200;1876175,0;;75772500;38252423;1739070,0;25200,0;5408500,0
2016-11-16;77406600;7501900,0;32550693,0;22315290,0;11543000,0;5075980;4591826;;32438800;2227251;0;7139436;;;4073580;8248600,0;2751600;1906800,0;;63143400;34721586;2463821,0;35800,0;4582900,0
2016-11-17;51535300;8337800,0;26527155,0;20415340,0;7932600,0;4514120;5132158;;19059800;2267485;0;5536542;;;10792193;4639100,0;3056800;1993600,0;;30174900;42059605;2081968,0;40400,0;3531300,0
2016-11-18;55041300;6893800,0;15649845,0;21232255,0;14795900,0;4203680;2882768;;14772600;3029061;0;3486119;;;3615795;5724600,0;4964900;1575175,0;;38586900;23911626;2197378,0;61000,0;3462400,0
2016-11-21;59122000;6291900,0;20891273,0;20275998,0;10984000,0;4682080;5881512;;27892400;1385206;0;4819194;;;3771489;6928200,0;3769300;1233050,0;;33313200;29489304;2166442,0;21400,0;3520100,0
2016-11-22;58636100;7431700,0;21853190,0;21153791,0;12788200,0;5416580;7559333;;26463200;3121025;0;4710566;;;3352517;7847100,0;5161800;1876525,0;;30352800;36457411;1382423,0;50400,0;3987100,0
2016-11-23;42490100;6486000,0;11968728,0;12491051,0;11650500,0;6173960;5934016;;14544000;3238854;0;4727086;;;4187215;9359200,0;5534400;1168125,0;;20500500;30541882;1216599,0;79800,0;3489700,0
2016-11-24;14725000;2690500,0;6520301,0;5282794,0;5978100,0;3251820;1206608;;5568000;290261;0;1625420;;;2961879;3813800,0;1016100;247800,0;;20587800;11633047;378937,0;35000,0;1647100,0
2016-11-25;47630600;6218900,0;13619283,0;11782362,0;6446100,0;3944720;1828688;;9546400;1945611;0;5224674;;;2305455;4981500,0;2571200;633150,0;;12460800;16799471;1029630,0;68400,0;2653700,0
2016-11-28;38747500;8817900,0;12495063,0;12335862,0;8694400,0;6973460;3214079;;14429400;2960088;0;5418903;;;4008646;4191800,0;1866600;736925,0;;20937900;20726620;869847,0;58200,0;2752000,0
2016-11-29;54075900;9459400,0;12408049,0;18552881,0;13470600,0;4736420;7982693;;10092200;3020439;0;5638663;;;4282550;5571500,0;2705600;1456175,0;;16812900;21526063;2294872,0;94200,0;3423900,0
2016-11-30;82547300;14907900,0;21543201,0;18859587,0;20399300,0;5047640;7112711;;17193600;3747529;0;17024618;;;3830078;7690400,0;2688800;1778525,0;;34371900;37998417;1443878,0;113000,0;4587300,0
2016-12-01;66775400;11799200,0;40584060,0;40935234,0;28765600,0;15614560;6767112;;23528400;2701440;0;11384453;;;11509862;9519300,0;2792500;3283175,0;;51997200;44779393;2635270,0;50600,0;5352800,0
2016-12-02;58381500;9537100,0;22441557,0;23903704,0;22659500,0;8086520;4835407;;18632600;3451520;0;7939381;;;5065449;8190000,0;3803400;1585500,0;;40225200;31212944;1487105,0;36600,0;4344200,0
2016-12-05;47586500;4397400,0;11847554,0;13405949,0;9090100,0;6750380;5836318;;16156000;1732945;0;6329980;;;4055724;5136600,0;2382300;880950,0;;29019000;18991955;667046,0;34800,0;2861200,0
2016-12-06;63916700;4878800,0;20553073,0;21152438,0;11012400,0;7119580;13664820;;18061200;3667061;0;6872621;;;6952669;4533200,0;3441000;1729350,0;;37627800;20992086;1067961,0;92000,0;3606500,0
2016-12-07;50247400;6300800,0;23717882,0;22511837,0;10908100,0;5985980;6821610;;14842000;2483025;0;6311458;;;5388939;4399000,0;4573300;1421000,0;;25831200;25882309;1239410,0;40200,0;3841700,0
2016-12-08;41104800;5145300,0;15535639,0;13693329,0;10189000,0;5280080;3385549;;10372000;3563601;0;7661553;;;4061922;4680800,0;3306500;1564675,0;;25278300;20239933;1154831,0;28000,0;2936600,0
2016-12-09;37161200;5973500,0;30086758,0;21613559,0;14663500,0;6705140;4897549;;12557400;2023206;0;4480794;;;4742697;5361700,0;3449300;1192100,0;;31913400;24957967;1417525,0;57800,0;3339800,0
2016-12-12;35436700;3642800,0;38592585,0;17890382,0;12483300,0;3247140;1642264;;21920000;2043323;0;3862063;;;2639423;5229600,0;3318400;1224300,0;;22409700;24712520;929740,0;85200,0;3244400,0
2016-12-13;33455000;6229000,0;35170812,0;22231608,0;19703600,0;5205980;3765045;;14729800;3304953;0;5343314;;;5944715;4793500,0;2188000;1890700,0;;26960100;30199098;1418358,0;68600,0;3589100,0
2016-12-14;44215700;7732900,0;25901569,0;25843853,0;20370100,0;5524740;4030891;;18636600;3212989;0;6723945;;;5388791;7137500,0;1853900;1977850,0;;39439500;28142393;1921143,0;53600,0;3857000,0
2016-12-15;43338800;5288200,0;29999743,0;20723978,0;15837600,0;5138380;3964429;;21081200;3810754;0;5344315;;;4250821;4802300,0;1259700;1080975,0;;57123600;27019604;1614910,0;51000,0;3569400,0
2016-12-16;37876200;6343900,0;23767337,0;24946735,0;23240300,0;5243160;3198128;;16335400;2313467;0;7105396;;;4340253;6860700,0;2054900;1544725,0;;33308400;20200331;2637562,0;17000,0;3683900,0
2016-12-19;39128600;6369800,0;23142431,0;18388223,0;13277100,0;4017520;2570066;;12267800;1928368;0;9574814;;;3312081;4970200,0;3112300;705950,0;;34873800;27859955;1190559,0;38800,0;3396500,0
2016-12-20;31810000;4565700,0;24209037,0;18498962,0;13460100,0;3762980;3277882;;15261800;1577755;0;9216891;;;5320610;4643900,0;2883800;1320025,0;;19015800;23397958;1095251,0;84400,0;2673400,0
2016-12-21;32856800;3690600,0;16264045,0;15881432,0;10466100,0;3005080;1813070;;7949200;3112403;0;5410894;;;7495017;4178300,0;3017200;1343300,0;;14681400;17599349;797872,0;77000,0;2461900,0
2016-12-22;42240500;3926800,0;25601777,0;20145547,0;13056700,0;3330340;3563666;;16166200;758702;0;4298579;;;3011761;3419600,0;915900;1076250,0;;28684800;23984303;955051,0;69800,0;2809800,0
2016-12-23;21776900;4234100,0;20938689,0;21059866,0;6730800,0;3223740;1665858;;10522200;623630;0;4283561;;;2505865;3518900,0;1635300;894250,0;;25897200;27370076;892242,0;67600,0;2155400,0
2016-12-26;5734300;854600,0;4838136,0;4191642,0;2621500,0;1049620;1244491;;2809800;316125;0;1382633;;;829385;1091500,0;358200;330925,0;;5151900;7642941;566426,0;45200,0;680200,0
2016-12-27;14949200;1967300,0;13612825,0;11211082,0;5663900,0;1495780;1967925;;7130400;612134;0;2541002;;;4630390;3986800,0;817600;566825,0;;18427500;7397784;510909,0;137000,0;1624700,0
2016-12-28;18979900;6264000,0;11636306,0;13852383,0;5002400,0;2236520;4023580;;6908600;902395;0;2934467;;;3325805;3868700,0;1490800;746550,0;;26896500;15177375;1157019,0;90000,0;1960500,0
2016-12-29;18090600;4778000,0;13063036,0;13093446,0;8687000,0;5409040;3563002;;9391000;928260;0;5131563;;;2603414;3189900,0;1916900;1336475,0;;46954500;20588955;1534498,0;185200,0;2119500,0
2017-01-02;7525700;1118500,0;3518134,0;5198726,0;4265400,0;2133040;1836664;;3936400;1799044;0;2005870;;;818464;1127100,0;1133200;686350,0;;8419500;6012721;547782,0;76600,0;808700,0
2017-01-03;39947800;5658500,0;28568595,0;26106302,0;9535500,0;5048160;3896306;;15157800;1439810;0;6182806;;;3601037;6602900,0;3294900;2194150,0;;43704600;24737616;1497729,0;107600,0;3328300,0
2017-01-04;37071700;2144400,0;15430610,0;15809152,0;9426500,0;5267860;3768368;;8312600;3083665;0;10680120;;;3231946;5117300,0;4718600;1409800,0;;28232400;12604390;1178268,0;137200,0;2840800,0
2017-01-05;47586300;4031600,0;24913310,0;17786601,0;11555800,0;4526340;3014694;;10914200;3100908;0;7711112;;;4340991;4523400,0;3998600;1157450,0;;35297700;22697013;1099730,0;74600,0;3313000,0
2017-01-06;25592000;4213500,0;15881997,0;10221778,0;7863200,0;3394560;1936356;;7384800;718468;0;4531354;;;2588361;4090800,0;2099600;1576400,0;;37683300;16021933;849744,0;25800,0;2374800,0
2017-01-09;25599000;3407800,0;18244302,0;13939737,0;8753100,0;2682940;4895555;;30980400;3350935;0;4335122;;;2346629;4969600,0;2555700;1455650,0;;39066900;13449093;1731674,0;70400,0;2480800,0
2017-01-10;26239900;3606500,0;13312693,0;12783841,0;7887800,0;3397680;7136638;;10895200;2241620;0;3909620;;;1906258;3318400,0;1242200;1293775,0;;34750200;13622153;846411,0;25400,0;2623400,0
2017-01-11;34399300;3499900,0;13097536,0;10811031,0;9694800,0;9334260;3321746;;11368400;3227358;0;3662828;;;2687976;4993300,0;2262900;1157625,0;;27420600;18081829;1385235,0;35800,0;3139800,0
2017-01-12;49890300;5500500,0;24436430,0;31209751,0;18340400,0;5379140;11904255;;18930200;4626934;0;11813960;;;9043547;6275800,0;7680300;2795800,0;;66362400;31632902;1836981,0;95400,0;4535000,0
2017-01-13;34450000;4424800,0;11838547,0;17513909,0;10099300,0;2675400;5345832;;10998400;2600854;0;4276053;;;5428932;3448500,0;2142700;1180900,0;;31941900;15235835;1203370,0;52400,0;2735500,0
2017-01-16;20069600;2018500,0;6335566,0;9275571,0;8201000,0;1953900;2101513;;6978000;2138161;0;2472922;;;1068165;2094600,0;1881500;592200,0;;16093500;13941727;764957,0;59400,0;1763700,0
2017-01-17;28663300;5968500,0;17689925,0;15900758,0;18257800,0;5776160;4904860;;9938800;2138161;0;5883452;;;4934400;5129600,0;1492300;1186150,0;;29481000;21425534;1828232,0;67200,0;2933800,0
2017-01-18;24725200;14846300,0;13666699,0;12131585,0;18812200,0;3941860;5004552;;8610600;1169666;0;2775279;;;1941824;4683200,0;5054000;894075,0;;31814400;20838464;1241285,0;62200,0;3008900,0
2017-01-19;21677600;5303100,0;14702204,0;13241870,0;10832000,0;4061980;4881598;;8048200;1724323;0;4378674;;;2986377;4945700,0;3097000;1153600,0;;24911400;14664577;1781255,0;64200,0;2867100,0
2017-01-20;34863500;6309700,0;18337605,0;20708903,0;9858700,0;3067740;4984614;;19709400;8397455;0;4455765;;;3221468;3395400,0;2210900;945350,0;;36645600;17302260;977133,0;53600,0;3416700,0
2017-01-23;25139100;4369600,0;22194280,0;20906996,0;6555000,0;4420000;8037856;;16268600;3109530;0;5598615;;;4008204;3454100,0;1410800;949200,0;;38201400;19680570;872451,0;35800,0;2957000,0
2017-01-24;49710600;5373900,0;19308529,0;13328258,0;11136000,0;3808220;7769351;;16146400;3873980;0;2743742;;;4507016;4853600,0;2664700;1283275,0;;154205700;21959367;1269929,0;36200,0;3850500,0
2017-01-26;37391900;5274700,0;23296406,0;19825120,0;7789000,0;13016640;7933179;;27061000;2977331;0;5479975;;;7491475;3608900,0;2001700;1370425,0;;34284000;25756249;1183892,0;25800,0;3494100,0
2017-01-27;23275300;3244000,0;15538358,0;11795697,0;13214700,0;8289320;2923309;;10744400;1482918;0;3112678;;;2996855;3743700,0;2005400;683725,0;;18788100;14683145;863910,0;29800,0;2583400,0
2017-01-30;26779500;3136800,0;11864379,0;14959962,0;6124600,0;4423640;2657131;;11303400;1100693;0;2191589;;;1836601;3971700,0;1627700;1015175,0;;20777100;17398727;605278,0;32200,0;2264300,0
2017-01-31;30807200;4067300,0;19136200,0;11291672,0;7057100,0;3804840;3131002;;11088600;2207134;0;3050604;;;2289221;3357400,0;2069500;1142400,0;;24267900;29847320;811830,0;42000,0;2737700,0
2017-02-01;35977000;5928500,0;23350960,0;26636611,0;10992500,0;5121740;4386792;;10845600;3155511;0;5599617;;;3319902;3082200,0;1603500;1405250,0;;21488400;24818996;788289,0;45600,0;3214300,0
2017-02-02;39306700;4024400,0;24467701,0;50476346,0;6398900,0;6278220;4868306;;12769600;4075151;0;4080321;;;2679564;5817300,0;1480000;874650,0;;14770200;18941183;559968,0;79600,0;2959200,0
2017-02-03;40213400;6833500,0;23920122,0;25759592,0;13562500,0;3829800;7980699;;16378600;1207026;0;9013651;;;2915835;7033500,0;3235800;1502375,0;;22788300;23459900;1094731,0;50000,0;3482700,0
2017-02-06;29686500;3554600,0;14699315,0;23888823,0;6596100,0;3360240;5848281;;12235200;2793404;0;3660325;;;1579521;5056200,0;4509600;929600,0;;18235200;19570902;659546,0;58600,0;2551400,0
2017-02-07;29163900;4297100,0;38537182,0;20375914,0;9300200,0;3117400;3860749;;8444000;1597873;0;7400244;;;3439883;4508500,0;2968500;1400875,0;;16380900;26132833;889117,0;40400,0;2776200,0
2017-02-08;58912900;3867100,0;32613914,0;14294564,0;13096700,0;2948400;5514976;;8855200;2301971;0;6580275;;;2923657;3296200,0;4807000;829500,0;;31075200;20618403;878701,0;46400,0;3138600,0
2017-02-09;33910300;4011900,0;33721139,0;18701306,0;11002200,0;1862380;5011198;;12547800;954125;0;3539682;;;4082435;3842800,0;3778400;3998400,0;;16882800;20116049;1290241,0;43000,0;2641700,0
2017-02-10;44467000;5036400,0;35535695,0;22402451,0;12688200,0;4389580;3720183;;12886800;1799044;0;3343450;;;7861894;7589400,0;2188200;1223775,0;;22325400;27159155;1591370,0;66400,0;3439000,0
2017-02-13;36439100;11344600,0;15126399,0;17255519,0;9005500,0;3232320;3750423;;9782400;2658332;0;4991398;;;2927937;5891300,0;1107000;1761900,0;;21303000;18973822;1052650,0;88000,0;3108800,0
2017-02-14;34417400;4651000,0;21526206,0;15699187,0;10668300,0;6068920;6098176;;12225200;2710061;0;4223490;;;8900544;3482100,0;2641900;2363900,0;;22467900;29719229;1727716,0;72200,0;3370900,0
2017-02-15;47953300;6626600,0;43222533,0;24390143,0;18161900,0;7224360;3887998;;18362000;2965836;0;5449439;;;6463745;4652100,0;2084200;2951025,0;;95784000;34074169;1685427,0;49200,0;4119600,0
2017-02-16;37276900;5231900,0;28074720,0;20673537,0;12169400,0;4086420;4630374;;34150800;2977331;0;6611813;;;4849248;4575600,0;1801900;1040025,0;;43558500;33520753;1778547,0;15800,0;3550800,0
2017-02-17;24866600;5909200,0;15904430,0;10117417,0;7025800,0;3087240;3886337;;21409600;4299313;0;4114361;;;4723659;2286800,0;1387200;1335950,0;;28211700;27503244;1152332,0;44000,0;2787300,0
2017-02-20;33514000;6047300,0;7429024,0;7602702,0;3507600,0;1928940;2162325;;10017600;3167007;0;2347273;;;2982540;1573100,0;1292500;547225,0;;17555700;13137932;1525332,0;45800,0;2171300,0
2017-02-21;33685800;6307900,0;15926864,0;16403237,0;8323600,0;4631120;2460073;;14832200;5187339;0;3375989;;;2601938;3531400,0;1664400;1047025,0;;18421800;26728432;1700426,0;18400,0;3051100,0
2017-02-22;45255400;6845300,0;16952682,0;19062125,0;11232800,0;9146800;3187494;;13697200;6569672;0;5290251;;;3645311;2795300,0;775000;1718675,0;;20746200;26729585;1223369,0;35800,0;3374600,0
2017-02-23;41208700;12566100,0;27570648,0;24054641,0;10925500,0;5338060;4756651;;17344600;7130077;0;4501819;;;4338482;5403200,0;2758300;1450400,0;;33502800;25618789;1073794,0;13400,0;3977800,0
2017-02-24;30412200;9984400,0;10750527,0;12713108,0;12946300,0;5852600;3487568;;13117000;4465997;0;5137070;;;4271777;3903600,0;2179700;2277800,0;5200,0;19166100;17214895;1467731,0;15600,0;3059900,0
2017-03-01;25661000;3262200,0;14542791,0;10137129,0;8762400,0;7074600;2092540;;11335200;3862484;0;3082642;;;4635408;1951800,0;1289900;987175,0;17200,0;25821300;20267136;1295553,0;36000,0;2378500,0
2017-03-02;38490800;6860100,0;14514749,0;18873309,0;19515700,0;7456800;4214657;;13738800;4552214;0;2404841;;;3091452;5321300,0;1828500;1084300,0;0,0;22822500;23151056;1616785,0;51600,0;3095300,0
2017-03-03;24516800;6887300,0;10726224,0;13436484,0;12016300,0;13784160;3338362;;22167200;3066421;0;2620096;;;2432962;3219400,0;3363200;1289400,0;7200,0;24418800;12376849;914949,0;103600,0;2654400,0
2017-03-06;23325000;6393900,0;14110098,0;9644313,0;11989900,0;4771780;3867395;;18027400;1523152;0;2832847;;;2680006;5275200,0;1480300;1534750,0;22800,0;26613300;18430171;1074419,0;23000,0;3337500,0
2017-03-07;30927300;6653500,0;13099406,0;18266275,0;17651100,0;3763500;4743358;;10397600;4897078;0;2909438;;;2766339;3712300,0;1399800;974750,0;13600,0;14738700;12092521;970675,0;19000,0;2886200,0
2017-03-08;49300700;5789100,0;14638473,0;13215587,0;21297600,0;6944600;3011703;;14417800;5785105;0;3125193;;;3012498;4887300,0;1762800;1180900,0;16400,0;18601500;16170822;1628347,0;23800,0;3727200,0
2017-03-09;46467600;8743900,0;15190640,0;20693056,0;13084700,0;7569120;2799026;;8723800;4736141;0;8861471;;;4498604;5773600,0;2571500;1503600,0;6800,0;26474400;23194145;1481688,0;9800,0;3513300,0
2017-03-10;42454600;5574100,0;15942329,0;22677269,0;12386500,0;5402280;4687198;;11601000;3319322;0;4830708;;;3669366;7303900,0;3459000;3061275,0;26000,0;22502400;31002434;2341953,0;39000,0;3432900,0
2017-03-13;28295100;5780300,0;11098924,0;11704478,0;6258700,0;6085040;4638681;;7597200;2589359;0;8262764;;;2080547;4207600,0;2251400;2346750,0;2400,0;15329400;11953455;1303990,0;14800,0;2162800,0
2017-03-14;67172700;4101000,0;14875383,0;12045777,0;7321400,0;5441540;4856343;;13404200;3980313;0;5791844;;;2000412;3485700,0;1616000;1575525,0;3600,0;22334100;17610476;1269929,0;2600,0;2824800,0
2017-03-15;55593200;7401600,0;24308288,0;19100197,0;12800100,0;6642220;4751334;;19174600;2011710;0;7681076;;;3948878;4740100,0;2356600;1846250,0;6400,0;44869200;25170175;1596994,0;52800,0;3742100,0
2017-03-16;35362300;4529000,0;23336684,0;13849290,0;5855300,0;7074600;7558668;;11298800;4063655;0;5052470;;;2996117;4718200,0;2147300;966700,0;3200,0;57393000;20604064;1522519,0;25000,0;2860400,0
2017-03-17;81797400;14673300,0;33753599,0;31875342,0;17182600,0;6503380;6678718;;22519400;2836512;0;7562937;;;5997843;7654900,0;3257300;2967300,0;4400,0;61902600;39456765;2796928,0;19400,0;5213000,0
2017-03-20;52351600;3340900,0;20169326,0;21741305,0;14252900,0;5977660;3311777;;15928800;2373818;0;9014652;;;4064283;3769300,0;1508900;999075,0;8000,0;23551200;20232982;1294511,0;8600,0;3613900,0
2017-03-21;46384300;6509400,0;27096828,0;24866725,0;10175600,0;5088200;5213241;;14967400;3075043;0;11108627;;;4892193;6140500,0;3146600;1707300,0;10000,0;33728700;35304824;1078481,0;1200,0;3700200,0
2017-03-22;62807700;7020200,0;14593436,0;15341460,0;8537200,0;6254040;5447518;;17915400;1787548;0;7425775;;;4605302;8178700,0;1953100;1479975,0;623200,0;74615400;29594051;2416637,0;18200,0;4063300,0
2017-03-23;36467200;7074400,0;14751660,0;13128426,0;9162800,0;5438160;5648564;;11056200;830549;0;8025483;;;6320595;4479800,0;1192900;975450,0;12000,0;116647800;19257937;2463301,0;28800,0;3447400,0
2017-03-24;30084700;3917800,0;11084139,0;11653070,0;7812100,0;2995460;4358878;;9336400;1758809;0;9793072;;;5782232;2987800,0;1419600;1410325,0;46800,0;49653300;10534985;1570954,0;4600,0;2571200,0
2017-03-27;32021200;6849000,0;10561542,0;8985099,0;8736700,0;3410680;2710633;;8150400;1997341;0;6652361;;;3119345;3823300,0;1361500;906325,0;1600,0;35737500;10745097;1447628,0;49000,0;2672800,0
2017-03-28;44850600;4456400,0;16415980,0;16014009,0;9862500,0;3915600;4684207;;9166800;2368070;0;3770956;;;3442096;5923800,0;1135900;1495025,0;61200,0;65990100;22376035;7352405,0;15000,0;3359100,0
2017-03-29;43051400;3106200,0;13415683,0;18390156,0;9521200,0;6510920;2983125;;18763800;1347846;0;3263856;;;2923509;5024500,0;921800;1079925,0;85200,0;172466700;23416074;3386166,0;23400,0;3488200,0
2017-03-30;32928600;2264400,0;17325382,0;18144134,0;9191600,0;3779360;2422190;;13016800;844918;0;4955856;;;2977227;7136400,0;1040700;1077825,0;349200,0;36105900;23556437;2572357,0;18000,0;2335700,0
2017-03-31;33553000;4009400,0;16325906,0;13043005,0;12291400,0;7749300;6071592;;13808800;4121133;0;5835395;;;3911098;6642400,0;654600;955850,0;390400,0;30193200;22982160;1431691,0;327600,0;2614200,0
2017-04-03;39427200;4092200,0;19260773,0;10093452,0;13499300,0;4747340;4392109;;7270000;1379458;0;16560069;;;2526378;5986900,0;950800;894950,0;105200,0;31493700;12876621;1875729,0;142600,0;2858500,0
2017-04-04;24132000;2444400,0;16438243,0;11639349,0;5538800,0;2296060;16058432;;11750200;1744440;0;2198598;;;3256592;4495800,0;809400;670250,0;24000,0;21591300;17530351;1129520,0;65200,0;2085300,0
2017-04-05;49920900;6253600,0;15706439,0;16092473,0;8734100,0;3365700;5274053;;9555000;4198727;0;4415217;;;6635083;5453700,0;2445900;1320375,0;18000,0;36186900;15361646;3293463,0;25800,0;2982200,0
2017-04-06;34602700;5813500,0;17476298,0;17316590,0;9731500,0;4134780;2918989;;11873800;1221395;0;6453125;;;4126413;4530300,0;1798100;1113700,0;74000,0;31279800;14133545;9236988,0;35800,0;2875000,0
2017-04-07;33024900;7506100,0;15351243,0;11775404,0;8071400,0;11613160;3859752;;10659800;1344972;0;4033266;;;3537284;7109900,0;855000;959000,0;9200,0;23320200;14473211;5519694,0;19000,0;2853100,0
2017-04-10;37906000;3787400,0;22004616,0;34252842,0;15477000,0;8049080;3445697;;15373800;1290368;0;3518658;;;2811350;6133600,0;833300;717150,0;19600,0;42619500;34665410;1747924,0;6600,0;2984000,0
2017-04-11;38593200;5097200,0;19661345,0;21709610,0;24885700,0;6662240;3740454;;18889800;1968602;0;3197278;;;2414219;6337400,0;727000;1339800,0;11600,0;41584200;27009302;1998639,0;15600,0;3178400,0
2017-04-12;42628900;6287000,0;21652479,0;25369204,0;19716200,0;8563360;3785315;;21608200;2474404;0;5826385;;;3451837;11582500,0;1007500;1404550,0;27600,0;36758400;30626596;3190135,0;5200,0;4253500,0
2017-04-13;44572600;4377900,0;15123510,0;24990992,0;15008500,0;5276960;4301389;;23700600;1298990;0;7751660;;;2860789;8872500,0;1017800;1084650,0;39544400,0;41162400;29253808;1946975,0;110600,0;3212900,0
2017-04-17;46459500;5372400,0;18165445,0;25084530,0;11646300,0;4254120;3244319;;19233400;2546251;0;2278692;;;4332136;5995800,0;1922700;1431850,0;4008000,0;64202400;24450492;2830989,0;51800,0;0,0
2017-04-18;45349800;7202100,0;19971504,0;18618977,0;11850500,0;3723980;3636442;;15643200;3003196;0;4483798;;;3971900;6110500,0;2421700;876225,0;3004400,0;42984600;24810478;4391423,0;1715400,0;3144800,0
2017-04-19;41014100;6326900,0;14120975,0;13631872,0;24670100,0;2994160;4798521;;12078600;2735926;0;5309774;;;3610187;7905700,0;2132600;1105825,0;6914000,0;39215100;19733354;2793595,0;34400,0;3069500,0
2017-04-20;28227600;4599100,0;16887421,0;23396007,0;11200800,0;4686760;2359051;;8913200;1865143;0;3134203;;;4464366;8452100,0;2516800;1433250,0;2558400,0;19623000;21245207;2117591,0;45000,0;2899700,0
2017-04-24;27546200;3353600,0;21389907,0;25987833,0;9175400,0;4735380;2246067;;15247800;3813628;0;3902111;;;4437949;6802800,0;1945800;918050,0;8001600,0;122359500;23883565;2346015,0;26200,0;3194100,0
2017-04-25;32268100;4663300,0;13224999,0;15305513,0;12074400,0;5500300;3038953;;10072600;1617990;0;4229998;;;4294356;6081800,0;1565800;1432550,0;0,0;30255300;19889425;3602300,0;12600,0;3037200,0
2017-04-26;37045000;5958400,0;14693027,0;32025120,0;8025000,0;6782620;3523789;;13037600;1008729;0;3712386;;;6569263;7561000,0;1711800;1216250,0;400,0;22674000;20579565;4781922,0;17400,0;3221600,0
2017-04-27;29078500;9359600,0;41058730,0;42093642,0;12905300,0;6367400;4417697;;12500200;6394366;0;5115044;;;5254791;7634100,0;1355400;1454600,0;0,0;32738700;13404494;2648707,0;5800,0;3112100,0
2017-04-28;31061200;4813800,0;18621761,0;20841867,0;10489400,0;4337580;6239739;;8129400;4167115;0;9563300;;;4178065;5134300,0;1448700;2398550,0;0,0;27256200;19680466;2995771,0;10800,0;2973700,0
2017-05-02;37830100;7808800,0;37004233,0;21791254,0;11291100,0;5382000;5588084;;15989800;2066314;0;7343678;;;4017944;6260000,0;1867400;4117575,0;51600,0;34873800;24866825;2689226,0;13800,0;3497000,0
2017-05-03;38357600;7963600,0;32877507,0;21376797,0;9659800,0;6222320;4421590;;8382600;2095053;0;6385545;;;3752157;6846000,0;1812500;1622600,0;6040400,0;15413400;18109672;3268152,0;41200,0;3446400,0
2017-05-04;37695400;7726700,0;22975370,0;20653121,0;35564100,0;6306300;7419321;;15072400;3345187;0;10212568;;;4898767;9291100,0;1558600;1484700,0;6047600,0;30371100;24066873;1878437,0;18400,0;3779900,0
2017-05-05;32788100;4286600,0;19536772,0;10338068,0;8540800,0;3216980;2961968;;9927800;7667491;0;7217528;;;4486623;7143000,0;1056800;1118075,0;11200,0;13473300;14920095;1961870,0;38600,0;2760000,0
2017-05-08;36464300;4552200,0;13822373,0;11538923,0;9409800,0;2085980;2415718;;9507000;2577863;0;5390870;;;2067962;6041200,0;1429200;755475,0;1600,0;11280000;21785618;1421587,0;7800,0;2273300,0
2017-05-09;28008600;3980000,0;9159625,0;11304901,0;11333100,0;4103840;4106372;;9771600;2270359;0;5188130;;;3643821;4495000,0;983300;1408750,0;21200,0;21118200;12772430;966092,0;20000,0;2679100,0
2017-05-10;46271700;4532500,0;13648004,0;14828053,0;11358800,0;5832060;3379410;;11147000;3141142;0;21114951;;;5644167;5413700,0;1001700;1789725,0;6203200,0;31265100;21629259;2368827,0;6600,0;3174100,0
2017-05-11;29318000;3413600,0;14431984,0;13937646,0;22824200,0;3423160;3752860;;27938800;5724753;0;9034175;;;3971846;3958300,0;820000;1306375,0;11200,0;17933100;19103451;2201857,0;22800,0;2872600,0
2017-05-12;83518200;3855800,0;31983570,0;18794827,0;10667500,0;5294640;4471910;;21332000;3701547;0;9526257;;;5828639;5913100,0;1668000;1612625,0;1600,0;34463700;17913394;3717190,0;16600,0;3822600,0
2017-05-15;46914700;7381800,0;16124516,0;16892258,0;10826700,0;4286100;3928825;;12296000;4078025;0;6651860;;;4185967;7116300,0;1989500;1090250,0;0,0;21222900;20048522;1802087,0;53400,0;3290300,0
2017-05-16;34469300;7050000,0;18406604,0;11598131,0;13418200,0;7818980;4442794;;17371400;2603728;0;8244742;;;3239191;7549300,0;1579700;1562225,0;400,0;34154400;37938859;1840314,0;10600,0;3672400,0
2017-05-17;30023400;5442000,0;23234714,0;17191110,0;12218500,0;6475300;3506952;;12964800;2870998;0;8391916;;;5994328;8358800,0;2553300;2618000,0;45200,0;27604800;25501195;1795213,0;15400,0;3317200,0
2017-05-18;142924900;20151200,0;118871187,0;90429550,0;47330400,0;17152980;11551645;;65887200;5285051;0;20024663;;;14811277;15459400,0;6140000;4784500,0;527200,0;152658000;87830886;6045915,0;94600,0;11046700,0
2017-05-19;70983900;6492700,0;49512213,0;42561914,0;27409800,0;10555480;8358960;;35617800;4322304;0;11260306;;;6955460;8601300,0;4398800;3130750,0;14400,0;64522200;48968861;4255806,0;81800,0;6120800,0
2017-05-22;55014900;7988700,0;40695037,0;36396003,0;25852800,0;7750860;6508798;;27283000;2810647;0;7180985;;;7378605;8564100,0;4504900;2346925,0;30000,0;64643100;38408800;2821510,0;68000,0;5815800,0
2017-05-23;48520100;5465400,0;32435297,0;25250278,0;16500500,0;5398380;4618759;;17227600;3057800;0;8501045;;;6167799;7666800,0;1691700;1664950,0;17200,0;37200900;26291348;1182955,0;39200,0;4753500,0
2017-05-24;54065800;4327900,0;32488831,0;20439480,0;10225100,0;9159020;11164586;;24206000;2293350;0;7802720;;;4490514;6411600,0;3026200;1529150,0;6968400,0;24516300;37239063;1707926,0;33000,0;4181200,0
2017-05-25;45030800;3999300,0;36872182,0;19232124,0;8864900,0;13091780;4719717;;18383800;2790530;0;8255255;;;3980969;7529500,0;4477900;946050,0;8000,0;36743100;46955362;1599078,0;35200,0;4001000,0
2017-05-26;63326900;2957000,0;30849493,0;16851673,0;11820600,0;6779240;3678170;;20298000;1836404;0;9710474;;;7425293;4852400,0;1489300;1669325,0;800,0;28137300;36176543;2466321,0;6600,0;3849400,0
2017-05-29;0;0,0;0,0;0,0;0,0;0;0;;0;0;0;0;;;0;0,0;0;0,0;0,0;0;0;0,0;0,0;1646300,0
2017-05-30;34663800;3075700,0;9089095,0;11403113,0;9445200,0;3515980;2352421;;8749400;1163918;0;3200782;;;2966978;4637700,0;1561000;1463175,0;114400,0;9353400;12112985;914011,0;10400,0;2235300,0
2017-05-31;45628800;9452200,0;22167088,0;19832991,0;15346500,0;8213400;5709361;;20885200;3020439;0;6460634;;;4324154;9617200,0;1587400;2156700,0;43200,0;44879400;26785067;2926400,0;30200,0;4535100,0
2017-06-01;42873400;6907500,0;15306716,0;12689530,0;17828200,0;4818060;5205202;;12395800;2215755;0;5345817;;;3494634;6467800,0;2734000;1981175,0;8040000,0;21665400;20244655;1610744,0;34000,0;3370200,0
2017-06-02;43192600;2607700,0;15952186,0;23255295,0;27939700,0;3166800;2696438;;14365600;4672916;0;5625647;;;3536090;5272600,0;978900;1913275,0;4000000,0;13862700;18368492;1181497,0;43400,0;2874500,0
2017-06-05;31419400;3460900,0;14381338,0;9915178,0;16514200,0;3328000;2932218;;11255400;2730178;0;4938836;;;3898057;6223800,0;1191700;1671250,0;2800,0;13659300;10596808;1495438,0;18200,0;2421700,0
2017-06-06;35558700;5873900,0;21311050,0;11464605,0;15896400,0;2030080;2450214;;18424200;3750403;0;6413078;;;5540460;5172900,0;1421600;1543500,0;400,0;26623800;15537172;1286282,0;33200,0;2993300,0
2017-06-07;44355600;5915000,0;17655255,0;11706357,0;12376100,0;7124000;3573730;;14753200;3144016;0;4759123;;;3477461;5156700,0;748900;1820700,0;0,0;22306200;17820156;1621160,0;2400,0;2892300,0
2017-06-08;27749200;5173400,0;15610247,0;13345212,0;13847400,0;2470000;3151225;;13290000;3080791;0;2829343;;;2408732;7980700,0;1502600;1168475,0;800,0;12474000;17455414;1087960,0;14600,0;2702400,0
2017-06-09;30382100;5224300,0;18519111,0;14258284,0;19905900,0;3581500;3123058;;15518600;1959981;0;5338308;;;3614843;10531500,0;2357600;1722875,0;0,0;19574100;18861203;1935934,0;20000,0;3099900,0
2017-06-12;30680700;5193200,0;16405953,0;29742722,0;14460500,0;3796520;3668992;;16140000;2425548;0;3552197;;;3880348;7052100,0;2601000;1434650,0;0,0;17957100;16619867;2378826,0;21000,0;3026600,0
2017-06-13;22891000;4573400,0;17368210,0;28608455,0;13088100,0;7153640;4175998;;15264200;2485899;0;3436060;;;2480240;5052200,0;1525800;1794100,0;800,0;16849500;13075348;1294407,0;4400,0;2469100,0
2017-06-14;67382800;7635700,0;35138352,0;44258571,0;25729100,0;8997040;5798292;;20118000;2842259;0;10141984;;;5431521;5949700,0;1802400;3004575,0;59600,0;31041300;33705785;2377472,0;2600,0;4328500,0
2017-06-15;0;0,0;0,0;0,0;0,0;0;0;;0;0;0;0;;;0;0,0;0;0,0;0,0;0;0;0,0;0,0;
2017-06-16;73551400;13039700,0;28458807,0;24328949,0;45495200,0;9705020;8098494;;35992000;2893989;0;15698550;;;5427094;8122400,0;986000;5722850,0;0,0;26427300;28812689;4191851,0;600,0;5088000,0
2017-06-19;45926200;5766200,0;10294211,0;8123295,0;18928600,0;3474900;2628711;;12884400;1819161;0;3795485;;;4089505;11104500,0;883600;1254575,0;0,0;23396700;12862642;1480751,0;15200,0;2752600,0
2017-06-20;54014700;4380800,0;19120734,0;17963452,0;22831800,0;5456100;6876868;;20331600;3718790;0;6543232;;;4545654;8160900,0;2220000;2144450,0;40400,0;26678100;24959055;1797296,0;4400,0;3956200,0
2017-06-21;58778300;2751800,0;12724326,0;14099458,0;11833200,0;2266420;4125678;;16384400;3006070;0;2886410;;;2404707;6428500,0;1633100;1988700,0;2400,0;20346600;11684979;897866,0;17000,0;3274700,0
2017-06-22;42284600;4726200,0;15328640,0;9682737,0;7722900,0;2239120;4318416;;12957600;2882494;0;6510693;;;2562347;5809100,0;1954200;1297975,0;800,0;21177300;19990157;914532,0;2400,0;3066900,0
2017-06-23;33601000;4854600,0;11222988,0;6094755,0;4632600,0;2608320;3440491;;10174000;4480367;0;6319467;;;1813324;7465500,0;1128800;1460900,0;6000,0;11382300;17160998;671525,0;15200,0;2836700,0
2017-06-26;42731300;4047300,0;16999928,0;25899987,0;7566700,0;4776460;3301871;;18916200;1816287;0;2486938;;;2506938;5730800,0;1402400;1283275,0;9600,0;30899700;20208195;1718342,0;18600,0;2599200,0
2017-06-27;45097600;7473000,0;17320624,0;24657493,0;23318500,0;4163640;5328315;;20896600;1913999;0;6559751;;;2892250;13109800,0;2203000;1923075,0;28000,0;16200600;21695982;1145040,0;35000,0;3275700,0
2017-06-28;32077400;8527200,0;12994207,0;13164777,0;8752100,0;3035760;1478610;;9644200;2342206;0;3505642;;;2037776;10458800,0;1728000;1166025,0;9600,0;14228100;16128309;1162123,0;17000,0;2719100,0
2017-06-29;24380300;4333400,0;13009672,0;11493770,0;6348800,0;2740920;3134451;;10378800;2293350;0;3324929;;;1632877;10842800,0;1899200;1537550,0;6400,0;15637800;12924033;681003,0;29400,0;2915500,0
2017-06-30;29687600;4749000,0;14216317,0;14842635,0;6962800,0;3823300;4720033;;10265400;2997448;0;6919676;;;2742928;7608800,0;1748500;1499225,0;13600,0;18710100;14382278;918699,0;146400,0;2688200,0
2017-07-03;31542500;2172000,0;8302737,0;12965191,0;5363900,0;3088800;3261994;;8498600;1643855;0;17786017;;;1870611;4196200,0;1449300;775775,0;0,0;10719600;12999547;459974,0;21800,0;2086300,0
2017-07-04;12523500;1058400,0;4127235,0;5349821,0;2688500,0;1909960;1215612;;6042600;1132305;0;2173568;;;1681578;2752400,0;892500;354725,0;400,0;5782200;8438911;529241,0;7400,0;950700,0
2017-07-05;41958400;6447900,0;11523289,0;13830649,0;9175800,0;3333460;2667005;;15067600;3089412;0;6668380;;;4819746;8131200,0;999800;1330875,0;312000,0;21018900;25633632;933489,0;10800,0;3169900,0
2017-07-06;51976900;4847500,0;17977990,0;14871097,0;19322100,0;4439500;4225370;;7878400;4908574;0;5124055;;;2099624;6488700,0;1809700;1642025,0;12400,0;26704800;12398033;882451,0;206400,0;3038700,0
2017-07-07;42677000;4652000,0;27025958,0;21390325,0;14318800,0;4250220;2667322;;11622200;7992239;0;3967188;;;2196891;6175300,0;1575400;1992375,0;400,0;14827800;26110346;925052,0;10200,0;2894200,0
2017-07-10;21748800;5053400,0;11898709,0;21645430,0;10145800,0;6056700;4063330;;9485000;6069618;0;3412032;;;1947754;4546000,0;1783800;1747025,0;0,0;15560700;12092089;769540,0;66000,0;2224000,0
2017-07-11;45500900;4949900,0;14048746,0;11721994,0;10168100,0;3787680;3207559;;18650800;3888349;0;5830890;;;3993983;12722200,0;1401300;1746150,0;0,0;17937900;14163808;935364,0;45200,0;2566700,0
2017-07-12;66332200;8527700,0;37422480,0;29220214,0;13173900,0;4471480;7349061;;23503600;3853862;0;6684398;;;6458661;11101300,0;2652900;2520350,0;400,0;35863800;41872906;1650846,0;20200,0;4116300,0
2017-07-13;32983300;7776800,0;15281564,0;24366723,0;6512600,0;3198000;4832385;;14145600;6098357;0;12207926;;;3030972;8907500,0;645900;2385600,0;0,0;16611300;23849123;1234827,0;14400,0;3121700,0
2017-07-14;35977500;3751600,0;15371467,0;17851712,0;5519500,0;2756000;2226460;;10801600;2937097;0;4121370;;;2552821;3806200,0;1070000;1137850,0;0,0;26348700;27015354;512679,0;400,0;2711600,0
2017-07-17;28118700;4661400,0;13381183,0;12200755,0;10153300,0;3257540;3018935;;9854800;4178610;0;2636115;;;1824594;6155800,0;1005800;679175,0;800,0;22037100;18327853;658713,0;22600,0;2255300,0
2017-07-18;19300700;4000600,0;13155149,0;13595574,0;6024000,0;5971160;3318328;;12859400;5741997;0;4292071;;;2221577;6084700,0;1452700;781550,0;198000,0;19918200;23437834;842349,0;33400,0;2213500,0
2017-07-19;36513700;4403100,0;14027163,0;20218811,0;10751400,0;5156320;3010390;;11563400;6940402;0;3725402;;;1721424;5716600,0;1888500;866425,0;538800,0;13760100;25154612;1253368,0;199600,0;2622700,0
2017-07-20;30114300;5930800,0;16220028,0;16250455,0;7844500,0;3196960;2453379;;15405200;3238854;0;2076453;;;2155704;5607100,0;6215600;877625,0;264800,0;14705100;23465359;403206,0;211600,0;2252900,0
2017-07-21;38738300;5482100,0;13100595,0;11725859,0;3845600,0;1808040;8197870;;8080200;4224592;0;3235323;;;1989210;4821900,0;1892100;1096550,0;919600,0;29790000;16420131;619757,0;7600,0;2125500,0
2017-07-24;16250400;4207500,0;9780452,0;10448754,0;4274500,0;2638220;4827321;;13782400;2416926;0;2624100;;;2094795;3827700,0;2104700;546350,0;400,0;18520200;14598154;2135298,0;10200,0;1908900,0
2017-07-25;29930100;11658200,0;18718632,0;29064024,0;13671700,0;2505880;3080016;;9768800;3816502;0;4591425;;;4564168;6852100,0;1673200;1244775,0;121600,0;32132700;14580573;1325030,0;13800,0;2737400,0
2017-07-26;29333000;10680100,0;13775637,0;25062815,0;6330200,0;2112240;3088878;;10396800;2842259;0;3271365;;;6114000;8543000,0;1731200;1152200,0;0,0;21002100;25989438;1683760,0;23400,0;2942300,0
2017-07-27;21825900;5584000,0;14378109,0;16651209,0;19358200,0;1910480;2068852;;9526600;2612350;0;5335805;;;2120956;6865800,0;1225400;743575,0;110400,0;20070600;19794168;1038692,0;16800,0;2483900,0
2017-07-28;20980200;5155700,0;12302680,0;9378438,0;10988300,0;2866760;2655295;;7283800;4741889;0;3809001;;;2873467;4651700,0;1174300;1071350,0;400000,0;15925500;33044322;1944684,0;20600,0;2760700,0
2017-07-31;31397700;6300800,0;15820815,0;16801250,0;15242400,0;2787980;2174874;;7211200;6377123;0;3640301;;;2232713;4413000,0;1108100;1204525,0;0,0;23710200;20978028;991090,0;44400,0;2572700,0
2017-08-01;22999400;4329100,0;28473083,0;19170105,0;8865400,0;4247360;4634583;;14603800;7012248;0;4085828;;;3989153;4027400,0;1856800;1507450,0;0,0;22410300;25822848;2014263,0;20400,0;2762600,0
2017-08-02;46342000;6171300,0;23083968,0;22867895,0;14957200,0;5018520;2453063;;16284200;6957645;0;5025438;;;3561446;5573600,0;2171400;1563275,0;494400,0;17363700;44095364;1208578,0;23800,0;3713700,0
2017-08-03;31300700;5056500,0;15013552,0;11301914,0;9970100,0;3764280;3548095;;14378800;5081006;0;3375488;;;3311772;6533900,0;1504100;1365875,0;4033600,0;29833200;28638748;1158581,0;1800,0;2722400,0
2017-08-04;21560500;4577600,0;7430214,0;12293344,0;8045200,0;2427360;2955322;;9949800;7992239;0;3817010;;;4819611;10741200,0;1248000;744275,0;6656800,0;18605700;11469103;587571,0;8400,0;2370900,0
2017-08-07;29832200;7800300,0;15552804,0;13046536,0;11358100,0;2712580;3069889;;9611000;7883032;0;5096021;;;5237122;14760800,0;2312000;1326850,0;1055600,0;22171500;24021046;1085460,0;5200,0;2996800,0
2017-08-08;28907900;9706400,0;31811750,0;23748990,0;9884300,0;3401320;1993845;;12483200;10035562;0;7092381;;;4020278;12824200,0;1966700;1768200,0;2000800,0;33706200;39294354;2744327,0;4200,0;3134300,0
2017-08-09;26980300;7870700,0;11740146,0;10366355,0;4751100,0;3629600;6791734;;13895600;5969033;0;15850730;;;2155570;9210900,0;2274600;1904350,0;18400,0;16336200;27065216;1313989,0;5000,0;2488000,0
2017-08-10;56194400;7393600,0;11501196,0;11211082,0;10295700,0;4359680;3054381;;18534800;4307934;0;6186810;;;2713949;8317200,0;1950400;1479975,0;20000,0;32790900;16753457;1097126,0;7600,0;2820800,0
2017-08-11;43025100;13613400,0;12700023,0;14456816,0;11513400,0;2731300;2787902;;10929200;4917195;0;2724219;;;3854589;12515400,0;6460100;1148350,0;38800,0;16395900;17246455;1262325,0;6600,0;2890000,0
2017-08-14;31607400;16902200,0;16585250,0;18590321,0;14955300,0;3726580;2930636;;16176400;6313897;0;4251524;;;5627397;8908100,0;2795700;1194550,0;122000,0;24407700;19348582;1418254,0;22200,0;2827300,0
2017-08-15;24737300;17847800,0;15274426,0;12444967,0;11605500,0;3470740;1435252;;17710200;5546573;0;4001728;;;3364229;8313700,0;1216200;1204700,0;120400,0;29268900;18428586;1318572,0;7000,0;2753200,0
2017-08-16;44946600;26011500,0;20010252,0;23259688,0;14771800,0;6644820;4434565;;20111400;7492185;0;6394556;;;4341058;11424400,0;2222200;1916950,0;33200,0;26968500;28074560;2316330,0;17200,0;3753400,0
2017-08-17;23503300;14095900,0;17032049,0;11509231,0;5673300,0;5034380;2553071;;11918200;11041418;0;6547236;;;2280876;6182000,0;1034000;931875,0;6800,0;14276400;24111547;992445,0;8200,0;2661800,0
2017-08-18;66263500;24390300,0;10935602,0;16628896,0;13220100,0;3098680;4269045;;18983800;7862915;0;4142395;;;2830133;8239900,0;1530600;702100,0;45600,0;34288800;24207524;1019110,0;18400,0;3464800,0
2017-08-21;40485900;19990400,0;15204576,0;11117965,0;13183900,0;1647360;4273792;;15492000;5713258;0;4652998;;;3601695;8957100,0;1717600;561925,0;770000,0;17514000;12311712;1252847,0;17400,0;2643300,0
2017-08-22;55240700;19230300,0;17253833,0;23973349,0;17661900,0;3793140;5547005;;23527600;3595214;0;4947346;;;4850469;7066900,0;2512100;1347850,0;9457600,0;30255900;28026283;1545747,0;372200,0;3907500,0
2017-08-23;47679700;15451900,0;11947315,0;16114997,0;8926700,0;2570360;2757836;;13540600;3575097;0;7036314;;;5046747;11674400,0;1882800;979475,0;2498800,0;22623300;18727325;1026609,0;50600,0;3348400,0
2017-08-24;32300600;20534600,0;16785281,0;19674517,0;13754800,0;5086120;4101941;;12877000;4480367;0;4561390;;;3365571;10181700,0;3020500;4336150,0;3716400,0;20685900;31499900;1548664,0;22800,0;3113000,0
2017-08-25;24185600;16366000,0;11163845,0;12341660,0;6472500,0;1536600;4580464;;8329800;4169988;0;2423864;;;1902541;9344600,0;1731700;909825,0;2109200,0;22688100;19041340;857035,0;26800,0;2411000,0
2017-08-28;27208100;15021800,0;14980242,0;22816592,0;4165300,0;1712620;5241282;;8745600;4089520;0;3160735;;;1311158;6088400,0;1040200;732725,0;773200,0;16963500;28006684;906512,0;35000,0;2196400,0
2017-08-29;27306400;15689600,0;11918253,0;13016141,0;4590700,0;2683200;4343102;;14502200;2040449;0;4180940;;;2235932;5646300,0;2209000;1074850,0;2156400,0;17179500;26662718;626631,0;51200,0;2274700,0
2017-08-30;58871700;14021600,0;11595008,0;11425075,0;8532700,0;2806960;2581871;;10851000;4917195;0;2865886;;;1413926;4344500,0;4095100;1092700,0;12996800,0;11496600;30560594;2347578,0;188000,0;2663200,0
2017-08-31;82909400;56429700,0;13738927,0;14205752,0;11193000,0;4050540;4126627;;18197600;9768292;0;8150131;;;4900377;6734800,0;2794900;3154550,0;10858000,0;34270500;31545006;1753861,0;21800,0;4245100,0
2017-09-01;60260300;22554600,0;17304818,0;14556433,0;17630300,0;3324360;2975577;;27318200;9759670;0;2514471;;;3601561;13911900,0;2155900;1495550,0;2530400,0;17112900;24989030;1059628,0;47200,0;3880900,0
2017-09-04;18139300;15002800,0;6714384,0;7439853,0;12235200,0;2670980;1475762;;8262800;7581275;0;1878720;;;1567675;8881900,0;1325300;492450,0;1924400,0;7445100;9085099;839120,0;29400,0;1998000,0
2017-09-05;56476800;24227100,0;26047216,0;31203426,0;18386200,0;4650880;3013238;;22237800;10704097;0;3188267;;;3206456;19562600,0;2746300;1871800,0;4027600,0;26169000;26557806;1867500,0;21400,0;4230900,0
2017-09-06;68418200;18117700,0;24403970,0;26445335,0;20127000,0;7499180;4385194;;22703400;5195242;0;3997223;;;5760217;8891700,0;4547300;1816325,0;6755200,0;24612900;38208920;2049261,0;67000,0;4242500,0
2017-09-07;0;0,0;0,0;0,0;0,0;0;0;;0;0;0;0;;;0;0,0;0;0,0;0,0;0;0;0,0;0,0;
2017-09-08;36337400;23042000,0;13413303,0;14782197,0;14593900,0;7021820;3965853;;13443000;7989724;0;4374168;;;4448253;9015700,0;2387100;5416775,0;3845200,0;18174300;35215765;1593661,0;15200,0;3114100,0
2017-09-11;34915900;19131800,0;16305512,0;19469484,0;11151500,0;6768580;2173924;;25189200;6452562;0;7817738;;;4981544;10440200,0;3142800;1525650,0;3565600,0;38682300;37791435;3244820,0;432400,0;3283100,0
2017-09-12;49702800;16114100,0;12668073,0;17319717,0;28439700,0;2881060;1766610;;14526800;19289432;0;5154591;;;18945459;13245700,0;2711100;2268000,0;1457200,0;34831800;21942698;3479390,0;12400,0;3591700,0
2017-09-13;37010200;21951600,0;15291251,0;17968723,0;11039100,0;4293380;5615049;;15626600;10081903;0;2639118;;;3491146;8951800,0;3005500;2819075,0;7295600,0;60318300;22911546;2800990,0;33800,0;3212500,0
2017-09-14;34413800;24324600,0;11418430,0;14347887,0;8081100,0;4183660;3114513;;10386400;16821134;0;6127741;;;6870268;8426100,0;1768800;1693125,0;6554800,0;38237100;32946327;4098835,0;90200,0;3206100,0
2017-09-15;47784700;34216900,0;34544376,0;30785279,0;26245400,0;9406020;9898968;;24141800;12593668;0;9347546;;;6757438;8182700,0;2249300;3649275,0;6790400,0;51594600;40208296;3368980,0;14400,0;4825000,0
2017-09-18;47601200;18617700,0;16519309,0;16643303,0;13922900,0;4220060;7445272;;13586600;8232926;0;6661371;;;3789789;9150800,0;2402900;1016050,0;4126800,0;20643600;19751512;2406533,0;11200,0;3437400,0
2017-09-19;35822100;17106900,0;15645766,0;16197923,0;10078900,0;4048980;2187849;;11842200;6490640;0;3300400;;;5030379;7928200,0;2623500;1525650,0;1009200,0;19725000;20781895;1755840,0;8600,0;3026100,0
2017-09-20;80267000;24175400,0;14446089,0;16202316,0;17051700,0;6995560;3298706;;24287400;10126448;0;4284563;;;2474471;9995000,0;2228800;2434600,0;2251600,0;43665000;22908520;2439239,0;22200,0;3890900,0
2017-09-21;46258800;26157600,0;14253536,0;13241554,0;9042900,0;5641480;4410196;;33065800;5424075;0;5130062;;;4015314;7895300,0;860200;1335425,0;1740000,0;21727200;25301171;2127069,0;11200,0;3228500,0
2017-09-22;40928300;16957700,0;10077525,0;9299904,0;12365600,0;18626920;11732990;;10840200;3377518;0;4651496;;;7134297;10808600,0;1596800;1012725,0;264800,0;28157400;24513324;1190871,0;27200,0;2801700,0
2017-09-25;36733200;21014300,0;10064948,0;16666494,0;8295000,0;3563560;3123691;;10611400;6014296;0;4893282;;;2672896;11625600,0;2896500;984200,0;520400,0;31723200;20894445;1318676,0;26200,0;3376500,0
2017-09-26;37874200;17114500,0;17545638,0;12826745,0;24397700,0;4542980;4824156;;15295400;9442108;0;6003093;;;3773421;7133600,0;1137500;2497075,0;4233600,0;20457000;31604956;1736466,0;23600,0;3565400,0
2017-09-27;41819300;26241300,0;21683070,0;13946079,0;13320700,0;3355560;4008579;;16793600;10137944;0;6280922;;;4362658;8480600,0;2973200;1949675,0;520800,0;21763200;51600157;1350654,0;43400,0;3788600,0
2017-09-28;33829000;17561400,0;13869109,0;15679281,0;10429400,0;3535220;11908955;;12054200;16870709;0;5937516;;;4033694;7494000,0;1480300;2345000,0;766800,0;21909000;24033583;1342946,0;12200,0;3082900,0
2017-09-29;28638300;16047100,0;16981404,0;13329576,0;13225300,0;4217460;6366697;;13586800;17925779;0;4016246;;;3230470;11913900,0;3117400;1717450,0;6033600,0;17128800;23529488;2135923,0;21000,0;3126600,0
2017-10-02;29826200;13596900,0;7954849,0;14325222,0;17620100,0;2353520;9622995;;10888400;11472139;0;8269271;;;3100468;8225000,0;1498100;876750,0;6880400,0;11565300;20526533;2023637,0;8800,0;2512000,0
2017-10-03;50636700;23474600,0;21437662,0;31477681,0;20186000,0;4363060;10697139;;25086200;9048028;0;9978791;;;3632686;14147300,0;2772600;2083025,0;794800,0;30483900;22513804;2109779,0;35000,0;3816900,0
2017-10-04;47798600;17562500,0;12656856,0;17644747,0;13302000,0;4009200;3522777;;19252000;5442396;0;3618776;;;3640467;11503500,0;2137400;813925,0;319600,0;20250000;16929558;1708134,0;9400,0;3119500,0
2017-10-05;55361300;17253100,0;24145816,0;23437664,0;17195000,0;10319400;8392824;;21229200;7668928;0;4949348;;;3901009;12071200,0;3341800;2949450,0;7083200,0;47986500;25419341;2465800,0;25600,0;4112900,0
2017-10-06;41741300;12450500,0;10067838,0;9453635,0;7564200,0;5794620;3814258;;12347200;5655421;0;3120687;;;2725353;9509300,0;1393800;741650,0;1278400,0;17881200;15813142;2981605,0;6600,0;2994300,0
2017-10-09;27904700;13520900,0;10252063,0;13474346,0;5283100,0;4853940;3626900;;16297000;4360742;0;3196777;;;2163217;12382700,0;898600;889700,0;1365600,0;11174400;16058993;3054205,0;25200,0;2335300,0
2017-10-10;47066600;20181500,0;14556047,0;17780733,0;32801000,0;3050840;5332112;;19685600;3292020;0;7260079;;;2607693;8704200,0;1354200;1512000,0;2628000,0;31156800;17442733;3113473,0;64000,0;3489200,0
2017-10-11;40422100;23041300,0;21192085,0;15744638,0;26552700,0;3987100;4343418;;15183600;5019577;0;6035131;;;2647942;12317200,0;1732700;2594900,0;4607600,0;20372400;21417707;2223939,0;12200,0;3781500,0
2017-10-12;0;0,0;0,0;0,0;0,0;0;0;;0;0;0;0;;;0;0,0;0;0,0;0,0;0;0;0,0;0,0;
2017-10-13;24210000;31395900,0;14975484,0;16488694,0;26243900,0;6125340;5166908;;9445800;19043356;0;4989896;;;5031318;8287000,0;1433300;1769425,0;164000,0;28738200;22516398;2295810,0;42600,0;3200100,0
2017-10-16;44699700;35861900,0;12531093,0;13063930,0;13271300,0;4248140;5071330;;10333800;11493693;0;9137798;;;3070550;9452500,0;1706600;1410500,0;3090400,0;25287000;13383022;4220287,0;18200,0;3075600,0
2017-10-17;25524800;19842700,0;14158874,0;11486567,0;7051900,0;4814420;5883426;;10603200;20630812;0;6835577;;;3261193;5605300,0;2145900;2593675,0;3582800,0;21963900;13658848;1739278,0;42400,0;2771100,0
2017-10-18;25706200;21210600,0;14397144,0;18147050,0;14515700,0;4728360;4089915;;12280800;18356860;0;3230317;;;5375844;7467500,0;1503800;2377900,0;23267200,0;29888100;27178630;2215189,0;45800,0;3156800,0
2017-10-19;24672800;18549800,0;8573467,0;9418672,0;7696100,0;6795360;3565185;;10723000;7602829;0;3599253;;;3498391;8985300,0;3323900;1514800,0;1336400,0;14499900;15424910;1212328,0;35600,0;2509800,0
2017-10-20;32417500;24301000,0;6787293,0;5760062,0;11901300,0;4334200;7468692;;13842200;7284548;0;14078636;;;2399475;12041600,0;2750900;1737575,0;1062400,0;16574700;9049648;2373826,0;49200,0;2645300,0
2017-10-23;29389900;11948700,0;11032984,0;13025629,0;8081700,0;4983160;3537335;;12640200;6271148;0;9501728;;;2788945;6195100,0;1785000;1451100,0;13743600,0;33372000;18074221;1427941,0;22000,0;2631800,0
2017-10-24;46249500;19996200,0;13409564,0;12634363,0;11173800,0;4360460;1765977;;16898600;7663540;0;12133337;;;4216154;6349300,0;1264300;1861650,0;1485200,0;23203500;28840502;1085564,0;21600,0;3047500,0
2017-10-25;37608200;16724100,0;13335636,0;9771461,0;15875200,0;4755140;3256930;;18703000;3982109;0;9819103;;;7767270;8915500,0;1138400;1025150,0;3500000,0;54562800;40370852;1600015,0;32200,0;2953800,0
2017-10-26;37848300;25302400,0;12236739,0;14582260,0;11557100,0;5798260;3115779;;14571400;7288499;0;4560389;;;7912030;9629000,0;1508500;1197350,0;5938800,0;18980400;16766426;4509542,0;29600,0;2901100,0
2017-10-27;45640100;17377200,0;14400883,0;13736127,0;14504400,0;3475680;4086117;;10448000;8056542;0;9771547;;;3921670;18804000,0;1521600;1939000,0;853200,0;15045600;18148725;2387888,0;23400,0;3434400,0
2017-10-30;55355600;19401600,0;18275573,0;16746785,0;17553000,0;6000800;3842741;;19648200;6994646;0;6500681;;;3484840;15951600,0;1689200;1899100,0;649600,0;24553200;35202218;2495591,0;54800,0;3811600,0
2017-10-31;32249000;14629600,0;28508942,0;23157611,0;14383100,0;4631640;3271489;;12263800;5612313;0;6388048;;;4795328;11994900,0;1542600;1477000,0;425600,0;21797100;38779738;3236383,0;273000,0;3545700,0
2017-11-01;38876600;29709500,0;21630896,0;23069589,0;16742000,0;4601740;3065458;;14289800;11704204;0;4207972;;;4060124;11701300,0;1366400;1069075,0;1703600,0;13876200;33100380;3098370,0;59800,0;3668100,0
2017-11-02;0;0,0;0,0;0,0;0,0;0;0;;0;0;0;0;;;0;0,0;0;0,0;0,0;0;0;0,0;0,0;
2017-11-03;32605400;29217800,0;23377302,0;31975065,0;20765200,0;6482580;6128701;;18334600;13342671;0;5030444;;;8126018;17354000,0;4340200;2011275,0;1643200,0;34870200;39961148;2614959,0;21000,0;4386900,0
2017-11-06;46056100;26333200,0;0,0;0,0;12867100,0;3561220;4883972;;21406600;12469732;0;3064621;;;5569842;10230800,0;4015600;1390550,0;944800,0;23664600;31900092;1339509,0;80000,0;3297400,0
2017-11-07;61098400;20239700,0;21042359,0;25837968,0;17643000,0;5621980;15593455;;28202200;21507343;0;6256893;;;11918759;11802300,0;6135300;2464000,0;2118800,0;36075000;30569240;2353619,0;14000,0;4888900,0
2017-11-08;41179600;11580800,0;21689528,0;20572127,0;19153700,0;4625140;4446592;;19129000;11802635;0;3374487;;;5327949;8908900,0;2358000;2356025,0;3030400,0;34506900;28545077;1948850,0;29800,0;3408800,0
2017-11-09;29399400;19246700,0;21561726,0;20734994,0;12872400,0;5115760;3953194;;19869200;9857023;0;3273868;;;6669696;12844400,0;2100400;1381800,0;4268000,0;22711200;22637882;2015825,0;6800,0;3303800,0
2017-11-10;35959400;12199100,0;17389453,0;16996795,0;15202100,0;4716400;5746389;;23016600;14651361;2195500;4130380;;;6274860;11846000,0;2262700;1432025,0;2430000,0;21363300;13560421;1235244,0;96200,0;3140100,0
2017-11-13;28697700;12424700,0;16525598,0;14364402,0;9161800,0;5917340;9750538;;19534600;11147392;2407300;5786838;;;5491089;6897800,0;1514900;2120825,0;619200,0;31669800;17568684;1309510,0;49800,0;2783400,0
2017-11-14;88765600;23389800,0;22280105,0;15227225,0;14925800,0;6633640;3961423;;21509600;13582999;3743900;10709655;;;5473246;12601500,0;1371800;1365350,0;1044800,0;27156300;27641078;1651471,0;29600,0;4352600,0
2017-11-15;0;0,0;0,0;0,0;0,0;0;0;;0;0;0;0;;;0;0,0;0;0,0;0,0;0;0;0,0;0,0;
2017-11-16;42703800;16280300,0;14936395,0;14659037,0;15850600,0;5833620;4411146;;17212800;13606708;2806800;4580913;;;7795712;8823900,0;3545000;1419250,0;3198000,0;39919500;15409203;2284769,0;15000,0;3340900,0
2017-11-17;38376900;13771300,0;12693565,0;12236420,0;9254300,0;4713800;2653397;;19666400;8840031;1772000;3441566;;;3843588;12650300,0;1379100;1309525,0;516800,0;21026400;23158406;1720842,0;51400,0;2749700,0
2017-11-20;0;0,0;0,0;0,0;0,0;0;0;;0;0;0;0;;;0;0,0;0;0,0;0,0;0;0;0,0;0,0;
2017-11-21;45817800;23741300,0;14412099,0;18544641,0;13285900,0;7268820;2641054;;26454200;8786146;2763400;5806361;;;3838624;13492300,0;1526300;1355200,0;1738400,0;41642700;23843071;1715113,0;20600,0;3539600,0
2017-11-22;37444900;22150200,0;18450791,0;20363405,0;16883600,0;6572020;2398627;;20346600;10007542;3061300;3559205;;;4162892;12793500,0;2332600;1164450,0;1299600,0;38528700;22730112;1690531,0;61200,0;3410600,0
2017-11-23;15403600;11962000,0;4818762,0;4794634,0;5661300,0;1422980;2357590;;8595200;3955166;3539600;2444889;;;2035898;7424600,0;1168800;352625,0;621600,0;8354100;8700326;468828,0;22000,0;1556800,0
2017-11-24;18790700;30784900,0;7006358,0;7420703,0;4749100,0;2091700;2870504;;10878200;4980421;2033300;2961499;;;1598532;7958400,0;2297100;502425,0;1040400,0;10106100;11221955;882242,0;44800,0;2510300,0
2017-11-27;28445800;15112700,0;10545057,0;12436358,0;8687300,0;4221880;1668078;;11437800;8314831;1613600;3445071;;;3216249;9262300,0;934500;854875,0;2044400,0;15134700;11622724;1530748,0;66200,0;2810800,0
2017-11-28;30429600;28591400,0;12036538,0;14475615,0;15988200,0;3451240;1772096;;14685000;4197649;3947900;4464275;;;4640372;10640300,0;1236900;1108625,0;1052400,0;16260000;14763448;1606056,0;13200,0;3030700,0
2017-11-29;45973000;18176000,0;18591850,0;15736381,0;15064800,0;5749900;2424157;;25762600;5111182;7707800;5765813;;;3839563;11405300,0;2729500;1732675,0;641600,0;29510100;18520528;1647512,0;12600,0;3639400,0
2017-11-30;52811400;25417200,0;30698918,0;29262908,0;24640800,0;9799400;5361229;;32017400;10244277;8617500;7929370;;;8994176;11863700,0;2563200;2620450,0;2035600,0;44400600;42739581;3747605,0;27800,0;5348800,0
2017-12-01;42703800;17204100,0;11699018,0;14198548,0;7933800,0;5225740;1837397;;22314000;7592771;4295500;3527168;;;2866893;9539400,0;1742000;1169700,0;879600,0;23769300;19865791;1901040,0;13800,0;3003100,0
2017-12-04;43821500;22600100,0;17496862,0;18126670,0;11058600,0;4742660;2275621;;16859400;4582389;3472500;4591926;;;4491050;9456600,0;2263300;1035825,0;709600,0;35700300;15851187;2425699,0;18800,0;3038600,0
2017-12-05;30228000;25898800,0;13293998,0;18589619,0;15592800,0;6041620;2124131;;18401000;5629916;3826100;3301901;;;3848552;9226800,0;3142800;716275,0;798400,0;18457500;15847007;4078107,0;6600,0;2913300,0
2017-12-06;39238500;20400800,0;13028536,0;13123313,0;8274000,0;5036460;2997942;;18396400;4461687;5214800;3885091;;;9067294;9834300,0;2201000;1496250,0;1018400,0;30645000;18305372;1362632,0;43200,0;3099300,0
2017-12-07;37281400;19876200,0;24504070,0;26804977,0;12967300,0;4186000;2474056;;29332400;15124472;3483900;4110857;;;2962416;8293200,0;2482300;1589000,0;611600,0;49680900;26612280;2551108,0;33400,0;3260800,0
2017-12-08;39584500;21502200,0;16975625,0;15995526,0;18886800,0;3577600;1704052;;12231200;17964576;2279700;5032947;;;2290939;5857200,0;1190100;1334550,0;328400,0;41944200;13011508;2111549,0;4400,0;3085600,0
2017-12-11;21281600;14785300,0;11017008,0;18095397,0;13067700,0;2559440;2740957;;14335000;9249199;2213500;3356966;;;3540651;8000200,0;3150700;839650,0;1203600,0;27386700;14841555;2073218,0;7600,0;2450200,0
2017-12-12;36201200;17624400,0;18443993,0;18194663,0;23500800,0;4659980;2646961;;17394000;7573372;3595900;4191453;;;2349970;10324200,0;1531000;1091825,0;3766000,0;26736900;23042542;1951871,0;52800,0;2956100,0
2017-12-13;46828900;21135300,0;47602825,0;29550691,0;27138100,0;8819460;6047365;;31879000;8671191;3989200;5172612;;;5289579;10587200,0;2998100;2329600,0;914400,0;79630200;33989825;2770263,0;37800,0;4494700,0
2017-12-14;37177300;17718000,0;47046408,0;18741768,0;18025500,0;5110560;2224034;;15174800;5738404;3043000;5221169;;;5699442;10094300,0;1681100;1574650,0;1983200,0;36831000;53442742;2525589,0;3800,0;3491800,0
2017-12-15;55668300;32954100,0;42895040,0;23992850,0;18692900,0;11858860;4155005;;21006400;3810754;3211700;8703785;;;6081265;13836300,0;5668700;2619925,0;3090800,0;48717600;37520221;2195086,0;9800,0;4659500,0
2017-12-18;42760400;24339300,0;39527650,0;20710924,0;18404300,0;4320160;2866495;;14284600;4310090;1424900;3844042;;;3668641;10875100,0;2732500;822325,0;1213600,0;16935900;22845832;2965252,0;16600,0;3202900,0
2017-12-19;22639700;14041000,0;20140944,0;13792349,0;8259800,0;2214420;1922425;;9550800;4103889;2452500;2497951;;;3422053;8508600,0;2736100;2027375,0;1025200,0;29485200;20013647;1088793,0;34800,0;2351600,0
2017-12-20;20149700;19218100,0;13060997,0;9314311,0;8924800,0;5312060;3270750;;9189200;4031324;1726400;3074633;;;2008261;14509200,0;1048200;1437975,0;1042800,0;13708800;11164167;591321,0;50400,0;2219600,0
2017-12-21;47219400;11772500,0;35246780,0;17920759,0;18289100,0;5967780;2151559;;17064200;9661600;1422800;2616592;;;1966805;7642600,0;5549400;1479625,0;981200,0;30667800;25081548;1510853,0;294800,0;3056400,0
2017-12-22;18708500;10140000,0;8436827,0;19216136,0;9495400,0;2025920;1089335;;6260200;4825591;1680400;2631609;;;1562979;6638700,0;1655000;404250,0;1151600,0;12114900;12626303;1031088,0;14800,0;1906900,0
2017-12-25;0;0,0;0,0;0,0;0,0;0;0;;0;0;0;0;;;0;0,0;0;0,0;0,0;0;0;0,0;0,0;
2017-12-26;22173100;9986600,0;7491735,0;8691658,0;8193200,0;2386280;1290619;;7408000;6675287;889700;2581550;;;1866586;4723400,0;1159000;639800,0;11444800,0;12257700;9616863;691628,0;27600,0;1579700,0
2017-12-27;23552200;9943000,0;7005508,0;8025434,0;5441900,0;1558960;1464157;;9384800;4616157;2117400;2898925;;;2537527;10731200,0;736700;490175,0;2048000,0;11873400;15724082;439663,0;77800,0;1792200,0
2017-12-28;19011500;9963300,0;18065345,0;10960896,0;9896000,0;5631600;3009229;;12219200;10319716;2253200;3856557;;;2368752;5712700,0;1030900;1549275,0;2410000,0;16779000;21160039;1221703,0;151200,0;2083000,0
2017-12-29;0;0,0;0,0;0,0;0,0;0;0;;0;0;0;0;;;0;0,0;0;0,0;0,0;0;0;0,0;0,0;0,0
2018-01-02;33461800;14156500,0;18865469,0;14794320,0;12717900,0;4812860;2252307;;18356200;6671335;2119900;2937471;;;3050158;9540800,0;1827500;929075,0;5450400,0;29013300;18394864;1310239,0;12800,0;2880300,0
2018-01-03;55940900;12744200,0;25261028,0;9683264,0;9389900,0;4652960;2396729;;16361400;4645974;2652600;2950987;;;2792031;11652200,0;1909000;942550,0;3283600,0;18920100;17684693;1309198,0;59800,0;3142200,0
2018-01-04;37064900;18433000,0;26311149,0;16803885,0;9150100,0;3317600;2086258;;19250400;5381326;3251400;7768179;;;3202028;15001700,0;2298100;1989400,0;17233600,0;16965300;18738854;1443774,0;42000,0;3486100,0
2018-01-05;26958200;15251300,0;17807870,0;11602172,0;11510200,0;2552680;1896896;;10535600;3444695;3058200;4780649;;;3025874;16916400,0;5330000;622650,0;684000,0;21964800;14207905;5581774,0;8800,0;2747100,0
2018-01-08;28400000;14542800,0;14398333,0;11357609,0;7074000,0;3346200;1367841;;10261200;3232747;4200500;4932328;;;4009143;15585700,0;2565700;1128400,0;1135200,0;20775600;14443380;1979161,0;13600,0;2550800,0
2018-01-09;35070900;15986200,0;24255264,0;9807303,0;5850700,0;6190340;1774944;;11645000;3482774;4160800;5920496;;;3819841;14979600,0;2849000;1307075,0;540000,0;26400900;32567463;1229306,0;27000,0;3458600,0
2018-01-10;28547700;12149500,0;15410556,0;15648359,0;5434100,0;3699800;1430505;;10140000;3902718;2131300;5690724;;;1725851;13421000,0;2153000;1456525,0;238400,0;15398400;15897734;767978,0;19200,0;2759900,0
2018-01-11;37921500;10236300,0;17614127,0;11252369,0;8663800,0;4098640;1634742;;19368800;1994467;3305800;3435059;;;2422819;14833900,0;4711900;1808975,0;331600,0;21197400;18427721;826412,0;5200,0;3409400,0
2018-01-12;45912100;15014300,0;11649902,0;8755435,0;15529600,0;4456140;1730003;;15300800;3057441;3293200;4281559;;;3029497;22099000,0;3239400;874825,0;680400,0;16437900;28372146;1160456,0;11600,0;3577800,0
2018-01-15;28945400;7253400,0;12365222,0;11004644,0;4853800,0;1006460;1173942;;10489200;2253834;1400700;2217620;;;1907640;8905300,0;2608200;567350,0;275200,0;17349000;10464948;365396,0;7000,0;1941000,0
2018-01-16;58618300;20121900,0;14882011,0;13154060,0;9196800,0;4740580;1934979;;12438600;2776879;2256100;3758441;;;3264682;10939100,0;2935100;872900,0;998000,0;15227100;20932922;923698,0;18200,0;2982500,0
2018-01-17;58488900;16490700,0;16336613,0;13036697,0;11318200,0;3092960;2011463;;24269600;1742644;2714200;3971693;;;3389586;15395800,0;3312600;1254750,0;7825600,0;26711100;19662164;977445,0;23000,0;3341200,0
2018-01-18;48575800;10772100,0;14718689,0;15550323,0;7703100,0;3894800;3537757;;18858800;3824405;5795000;4177937;;;3157487;10935800,0;3151200;4148900,0;1316400,0;25642500;28597245;797976,0;5800,0;3429600,0
2018-01-19;33470200;11173100,0;12557095,0;19189958,0;10712900,0;2761200;2016843;;16285400;1979020;4869700;5994583;;;2781567;8625100,0;1398600;1542625,0;2003600,0;41801400;13232428;917345,0;40200,0;3123200,0
2018-01-22;33920000;11580900,0;20246313,0;15453341,0;9900600,0;2283840;3418232;;12682000;2370585;3648200;1980840;;;2464275;6223700,0;852400;1271900,0;3167600,0;26079600;26325069;1221182,0;4800,0;2693000,0
2018-01-23;35567700;22075600,0;28151367,0;33601622,0;9624900,0;3763240;1797731;;31866000;3420626;2366900;2888413;;;3832452;7578900,0;1573000;821275,0;602400,0;30046800;17766691;914845,0;0,0;3711200,0
2018-01-24;89768200;22096600,0;25047400,0;36601035,0;21173700,0;7904780;4382662;;55444200;7981103;3539300;5014926;;;4188114;11903700,0;2842200;2752575,0;7018000,0;48424200;36898388;3261798,0;42400,0;5503700,0
2018-01-25;0;0,0;0,0;0,0;0,0;0;0;;0;0;0;0;;;0;0,0;0;0,0;0,0;0;0;0,0;0,0;
2018-01-26;81989500;19259500,0;53745667,0;34145915,0;14872900,0;6563440;5580341;;48520200;7372919;3580600;4718075;;;5264088;8078700,0;5067800;1523725,0;2820400,0;58887900;49673845;2934420,0;45200,0;5410600,0
2018-01-29;55726200;16752900,0;37536686,0;21285261,0;8321700,0;12206740;2136579;;26644400;2905485;7831200;2372803;;;2315490;12514800,0;1299500;1459500,0;294800,0;26636700;21298816;1017547,0;8000,0;3889600,0
2018-01-30;46203000;13180300,0;28829468,0;21703232,0;12080100,0;4711720;3045203;;21664200;4035994;2315700;4524847;;;3196125;10737200,0;1208600;779975,0;17347600,0;30083700;32430703;1757715,0;16800,0;3566000,0
2018-01-31;41576600;22859700,0;23769037,0;31883178,0;12252600,0;9448140;5304789;;25505800;3713043;2567000;9664921;;;2844086;12799400,0;4279500;1540000,0;1189200,0;33002400;34248213;2973377,0;9600,0;4233500,0
2018-02-01;51950200;21949700,0;29175316,0;42657314,0;23424100,0;5784220;6676323;;21985000;3121743;2052300;4262537;;;3092821;14904800,0;2745400;1883350,0;2215200,0;40254900;29347047;1840210,0;21400,0;4085300,0
2018-02-02;50657800;17892300,0;20632269,0;34889093,0;12316800,0;7425860;4041176;;16819200;3539892;2872000;4772639;;;2540210;10536700,0;3513000;1799700,0;1449600,0;21531000;22743370;1884479,0;64000,0;3376900,0
2018-02-05;62268600;22452800,0;26256595,0;19859520,0;12556400,0;5345340;1689177;;12086800;3378596;3226700;4225993;;;1804201;8183000,0;1552900;1221500,0;563200,0;38991900;20760999;1276595,0;15800,0;3253600,0
2018-02-06;74146500;26037000,0;100527804,0;56699497,0;18958500,0;9471800;5184737;;26080400;4981139;3288700;4871256;;;5404421;9728500,0;3322300;1989225,0;2436000,0;55308000;37793597;1665011,0;40800,0;5599100,0
2018-02-07;61910300;20560700,0;31090653,0;23766032,0;12915900,0;5872360;2974838;;27984600;4019110;3980300;4217984;;;4949614;6010800,0;2573300;1160950,0;6518000,0;27517800;32223041;1965516,0;5600,0;3886000,0
2018-02-08;51115100;18928800,0;25519692,0;21307574,0;20079400,0;4989400;2468465;;25302400;4917914;5040900;3349958;;;2987102;8189300,0;2445700;1070650,0;2927600,0;32218800;35967873;1865938,0;43000,0;4011400,0
2018-02-09;68727600;22760500,0;29580137,0;23947170,0;17136400,0;6881160;5724868;;20133600;5771095;6071200;5314279;;;11060797;10398900,0;2749700;1191050,0;2596400,0;39497400;29163596;2014784,0;32600,0;4283400,0
2018-02-14;43402800;25905800,0;24843291,0;25548954,0;17857000,0;7269860;2887911;;21575800;6631819;4901200;3883589;;;5441583;11578500,0;1893800;2047325,0;2399600,0;40712100;26083398;1640117,0;17600,0;3910700,0
2018-02-15;31978000;31043100,0;46063587,0;11886090,0;10312600,0;5426980;2331849;;22459000;4379422;1838400;2377309;;;4443691;7999100,0;1577300;1584275,0;4425600,0;41969700;13786817;902033,0;42000,0;3489300,0
2018-02-16;34736300;21107300,0;61335974,0;12653337,0;13084500,0;6077240;3366012;;13154200;3927865;4736700;5476471;;;3874981;9187500,0;2463900;1839425,0;1428000,0;26903400;36271079;860264,0;109400,0;3475800,0
2018-02-19;40925500;12756100,0;9363395,0;9525844,0;2501800,0;1340820;908096;;9217800;3177066;3597300;5263720;;;1377434;4855800,0;1049900;446950,0;410800,0;15461400;16505444;347272,0;84000,0;2088900,0
2018-02-20;67418700;18417600,0;29321473,0;20210553,0;15588100,0;3787420;3068517;;17980800;3397994;5119900;4007735;;;2834694;9876000,0;1179400;4472300,0;903200,0;37635900;55413440;2273624,0;13800,0;4078100,0
2018-02-21;55678400;24312600,0;32430368,0;38791036,0;22576300,0;6453720;4006574;;23663400;9358047;7238700;4555383;;;5222230;9081700,0;2079000;3197250,0;3226400,0;74529300;42389106;4919727,0;61200,0;4815500,0
2018-02-22;38170900;14081800,0;19437861,0;16135026,0;16270400,0;4885920;5731936;;34151600;4070481;3980700;4203967;;;8362276;6748300,0;1997900;3205650,0;2644400,0;61907100;45199099;1274825,0;24400,0;3535700,0
2018-02-23;55755600;17489800,0;25192538,0;15156070,0;32687400,0;6830200;3525097;;17231200;21146672;2863200;6597296;;;3553263;7346500,0;1610000;2896950,0;11460400,0;31942500;33190593;1614910,0;108400,0;4178600,0
2018-02-26;48160500;20374600,0;19625486,0;13407407,0;19128700,0;6846840;4290460;;13988400;10806478;3742100;6876626;;;4574499;11131300,0;1847100;3098200,0;1428800,0;26043600;23229452;2435594,0;18400,0;4047100,0
2018-02-27;42912500;15063400,0;13102975,0;11935636,0;9223300,0;4828720;3105651;;11914000;10496819;3580500;5081504;;;4216422;12144900,0;2256100;1819300,0;1261600,0;26531100;15145626;2097696,0;15000,0;3534700,0
2018-02-28;66229400;39459100,0;48212095,0;32392334,0;62731700,0;10039120;3501783;;15547000;5784746;7029800;5908982;;;8688154;10256400,0;2780300;3025925,0;1942400,0;42457800;71286100;2586002,0;26400,0;5947100,0
2018-03-01;66380900;25776000,0;25169934,0;16457245,0;20943200,0;8476780;2705722;;14468400;5960411;3135400;3397514;;;3651335;13086900,0;1826200;2006900,0;4438800,0;22473900;26077777;2049261,0;35400,0;4341300,0
2018-03-02;52682900;25236200,0;17669191,0;13088702,0;13813000,0;4411940;2439137;;11367200;4633760;4116600;4182942;;;3914291;23039400,0;2069100;2617300,0;5460800,0;32560200;27548271;923698,0;33200,0;3884300,0
2018-03-05;54242600;16100600,0;14720729,0;12496620,0;13439700,0;4134780;1772201;;12071800;4228184;2266000;4814689;;;2899629;12087600,0;1256000;1190000,0;1928000,0;20973300;19329271;1080669,0;101800,0;3425200,0
2018-03-06;57240800;22342000,0;15367218,0;13732789,0;16957900,0;3995420;3461273;;29885200;3844522;1904000;6601300;;;3045999;9294700,0;1679000;2013200,0;2264400,0;21160500;19268168;1372007,0;16000,0;3608600,0
2018-03-07;50956600;19334700,0;16519140,0;15425933,0;13617400,0;5894720;7174468;;15810600;2532959;2495300;3044597;;;4527542;10675900,0;1205000;2011100,0;2156800,0;21908100;21474053;1507104,0;24400,0;3456800,0
2018-03-08;36156800;19983100,0;15698791,0;17527209,0;16683100,0;3162380;14009139;;17967600;6359879;7212100;3727905;;;4358767;10478500,0;1926900;1065225,0;2704000,0;27915600;18338950;1029005,0;13600,0;3694700,0
2018-03-09;45560000;21077800,0;15455253,0;18565197,0;10929200,0;3613220;5778776;;18346800;8226819;4288700;5547555;;;4632993;11010900,0;1621400;1071000,0;1792800,0;19676100;19625128;1022443,0;41600,0;3481500,0
2018-03-12;32363900;11838200,0;11425568,0;11530490,0;18557700,0;2598960;3810460;;17497400;4344935;8773100;4066305;;;2551346;5706400,0;2652500;965650,0;3553600,0;17066100;14569908;1203266,0;105400,0;2602900,0
2018-03-13;34732800;13838900,0;10807290,0;14128272,0;8862600,0;4755400;7583892;;16989400;5314149;4693600;4862245;;;6261846;5948700,0;3054700;1822275,0;1060400,0;14080500;13136739;1506062,0;26800,0;2735800,0
2018-03-14;31947600;17936000,0;19133310,0;13252271,0;8575500,0;2334020;3293115;;29880000;4920788;5725000;6975743;;;1011576;5648300,0;1532000;1271025,0;2116800,0;19140600;12843188;1049004,0;364400,0;2561000,0
2018-03-15;81097800;16039100,0;22182553,0;23401120,0;20333500,0;5119400;3548095;;17509400;3696877;5974300;5817374;;;3926231;6863700,0;2452000;1828925,0;626400,0;24093300;26691828;1946454,0;19600,0;3840100,0
2018-03-16;57891900;26802000,0;33808833,0;34084950,0;20736400,0;7056920;3964587;;46898800;6280129;44499500;8829433;;;6379103;6092100,0;2236000;3572275,0;7140000,0;32095500;27738640;3160450,0;58200,0;5446200,0
2018-03-19;42218400;21861500,0;19347787,0;16808102,0;9433700,0;3405480;2092693;;21042200;3572941;24043800;3409028;;;4327374;5309700,0;1552300;781550,0;710000,0;23521800;17955042;1790734,0;43800,0;3330600,0
2018-03-20;30106800;9322500,0;10246285,0;12647715,0;8410300,0;3613220;7920208;;12008200;3183173;13440900;2950987;;;4092725;6525700,0;741600;631750,0;343200,0;16437300;14979036;2174671,0;82400,0;2682000,0
2018-03-21;53106300;19798000,0;28283588,0;19658529,0;9439300,0;3111420;8525325;;24238400;4840319;10866800;8401928;;;3256364;9096900,0;1158800;1562400,0;1193600,0;18440700;19094660;2900464,0;48000,0;3260900,0
2018-03-22;50033300;15229500,0;21239501,0;17920408,0;10445800,0;4097600;4244464;;15820600;5879583;7470900;9584325;;;4623736;16524600,0;1868900;1359925,0;1682800,0;17708100;13087309;1270033,0;37200,0;3241700,0
2018-03-23;52815800;14983200,0;26938604,0;18935205,0;8839900,0;3486340;3445555;;17873400;4524552;9164400;7795211;;;2943365;9479800,0;2468000;1122975,0;4544800,0;21253500;20651188;1144415,0;30600,0;3176900,0
2018-03-26;30174900;9850900,0;11812884,0;14497752,0;9371800,0;3543800;2869133;;8215400;8762437;5003300;3409028;;;2019128;9256300,0;3948500;1314950,0;264400,0;15137100;13564024;716314,0;830000,0;2355600,0
2018-03-27;43568100;11659800,0;11396337,0;10027796,0;10656100,0;7028320;2831471;;22666400;13355603;6549600;3964685;;;5525166;9833800,0;2814900;1698025,0;810800,0;11008200;13791861;981299,0;165800,0;2948400,0
2018-03-28;38539300;19038400,0;13470916,0;12477294,0;8930200,0;4562740;2648333;;15903600;5924847;5328200;2934467;;;3967419;8550200,0;2853800;2567600,0;442800,0;24956700;12305659;2241230,0;10400,0;2911400,0
2018-03-29;34318800;20347700,0;31548158,0;27092760,0;12454500,0;4608500;4717396;;15316600;3225203;5825600;3163238;;;5995670;10434000,0;1770600;1303925,0;5368400,0;22453200;24848811;2747764,0;10400,0;3150300,0
2018-04-02;37275000;18944000,0;14533954,0;12985715,0;5557700,0;3588520;2922724;;15423600;4574486;4748400;6246381;;;6141503;6245900,0;3965700;1062950,0;177200,0;16908000;15241747;1216182,0;41400,0;2598500,0
2018-04-03;39245800;13693900,0;15904770,0;21676719,0;9681500,0;2954380;5718222;;12898400;5108667;5960100;4449758;;;2262765;5795800,0;2735800;2330650,0;335200,0;25811400;12308397;1204412,0;178400,0;2579000,0
2018-04-04;58475700;12440000,0;16844254,0;12782391,0;12759600,0;4720820;4206908;;15351000;6829039;4594700;3003048;;;4031816;5563700,0;3215200;2315775,0;1371200,0;18963600;14428249;1465543,0;141600,0;2948300,0
2018-04-05;88599000;14686600,0;23487090,0;38537081,0;12111900,0;3933540;11641210;;24045600;3992886;8201400;2900928;;;7277045;7438200,0;2795800;2078125,0;2727600,0;25307400;17107534;1319822,0;14600,0;4257700,0
2018-04-06;47908900;11282700,0;12277357,0;13999458,0;24189300,0;5372380;2847612;;15483000;3550669;5259200;5510011;;;5516580;6550700,0;2266100;1945125,0;450400,0;24650700;16427625;3764791,0;464800,0;3069100,0
2018-04-09;44248900;11918100,0;17979180,0;18329467,0;16524900,0;4023240;2560561;;16689200;4045334;5526200;3436560;;;3114555;4828200,0;1450200;1740200,0;890800,0;19223700;17353529;1821149,0;65600,0;3174800,0
2018-04-10;58545100;22479700,0;15008624,0;20090060,0;15457400,0;3897140;5558503;;26051600;6568594;4085400;3147219;;;5582050;5393800,0;1369800;3844050,0;940800,0;20749200;17366066;1678657,0;19000,0;3518700,0
2018-04-11;62378300;17709600,0;11704456,0;13541381,0;11508300,0;3555760;3139515;;11280000;4194776;5681500;2844361;;;5332242;6674600,0;2637300;1160250,0;1150400,0;17442300;23633823;1182434,0;313800,0;3370600,0
2018-04-12;36238700;9812400,0;10224361,0;28981992,0;12543200,0;4296760;2811427;;11726600;5916584;3626500;2452898;;;10914561;4837800,0;3162200;1727600,0;1192800,0;23610300;16236247;1431483,0;64200,0;2837000,0
2018-04-13;43347800;15483300,0;16709314,0;17707198,0;13368500,0;5144100;2580922;;20079000;2294068;2424700;2059934;;;3220140;5076600,0;3680800;1141700,0;799200,0;31692300;11798826;1227015,0;12000,0;3504200,0
2018-04-16;48474200;11434200,0;21396874,0;15979826,0;21613800,0;3448380;4116078;;22765800;5658295;3073700;3166742;;;6581284;4609100,0;1692000;1182475,0;1115600,0;23166900;15055269;2295081,0;21800,0;2913400,0
2018-04-17;36570400;13348000,0;13476865,0;14813391,0;11712400,0;2364960;2879788;;14967400;2864891;4595200;4961362;;;3079136;4466800,0;1344100;1595125,0;458000,0;29961300;19489232;1193163,0;35800,0;2628600,0
2018-04-18;65237400;27655600,0;25815914,0;38906833,0;21079600,0;6794840;3903401;;23280200;5456046;5098900;3213797;;;5260331;13181400,0;1587800;2361800,0;2500000,0;37932600;18330880;2066656,0;52400,0;4196900,0
2018-04-19;62475200;16092700,0;14877423,0;19068172,0;15997900,0;4323280;3534592;;19762000;3833745;2994700;4194957;;;3688363;8945500,0;1926900;1538775,0;958800,0;15412200;14341639;1282637,0;8400,0;3522500,0
2018-04-20;61494800;10188600,0;9806454,0;11970215,0;8479200,0;4188600;2529230;;10481200;4662139;2585300;4548875;;;2893323;32234300,0;4420700;1978725,0;799200,0;16987200;12510871;752145,0;26200,0;2990100,0
2018-04-23;37023300;11785300,0;11508334,0;9100366,0;8104000,0;3354780;1951225;;18817600;4537844;3452300;4701055;;;2069975;5884200,0;2540400;1119125,0;314400,0;18973500;8526674;1034317,0;375600,0;2426000,0
2018-04-24;46710300;15113400,0;13736378,0;11295398,0;11955300,0;3239340;5365343;;19854800;4330207;2472000;4777145;;;2858709;7410300,0;1845000;1650950,0;692400,0;17004300;14261370;4656200,0;90200,0;2845000,0
2018-04-25;68160600;15525500,0;16098343,0;23200128,0;9453300,0;6381200;4762864;;14036800;3244602;4934700;6833575;;;3853381;6384000,0;1532800;1197175,0;2172000,0;21787200;16819747;1756256,0;127400,0;3218400,0
2018-04-26;56674700;13273500,0;16463226,0;34209628,0;12020200,0;7503400;6179444;;12663200;4144483;5328400;3811504;;1956933,0;6686601;5663900,0;1462400;1320550,0;1494800,0;10528500;23626906;1603973,0;104200,0;3138000,0
2018-04-27;37858300;14624200,0;15432479,0;16047228,0;8596100,0;3500400;11179777;;12337200;7747960;4904000;3026075;;932166,0;9900704;11313200,0;2269700;2117675,0;905600,0;11617500;16433389;1494188,0;63200,0;0,0
2018-04-30;23681500;8464400,0;10751886,0;13858425,0;6094800,0;3161600;4116078;;10971400;3369974;2698400;6962227;;370366,0;2294695;8656000,0;1831200;1125600,0;2442800,0;19695300;16281498;1835315,0;1400,0;2181000,0
2018-05-02;31778100;16526500,0;37979916,0;20946958,0;19421600,0;6977000;8897193;;13015200;5188776;4857800;3393009;;428333,0;5955153;9477800,0;2119000;1384075,0;2179200,0;41768700;57009886;1189621,0;44200,0;3720600,0
2018-05-03;48855700;14025900,0;25331217,0;21102845,0;11561100,0;4596000;9418124;;17522600;10796779;6965600;3370482;;790600,0;9082320;7995000,0;1871600;1773450,0;3764800,0;36514800;52334972;1511687,0;44800,0;3977800,0
2018-05-04;33599400;14861100,0;25772237,0;16202635,0;23312500,0;3209200;5803778;;14099000;6943635;4057000;3568216;;632800,0;13866379;6379400,0;2052000;1054200,0;3144400,0;27396900;31787831;873597,0;32400,0;3472900,0
2018-05-07;47815100;15433900,0;17740060,0;16279940,0;12905400,0;3613400;2246399;;14813800;4436540;2632800;1783107;;375200,0;4201664;7749400,0;2662900;1095150,0;440000,0;12980700;19824431;1434608,0;30400,0;2843000,0
2018-05-08;81198700;22420400,0;17655595,0;22512054,0;23215000,0;9631200;8835900;;17768400;18528215;4963500;3576726;;315733,0;3864651;7696900,0;2415100;1332275,0;2746400,0;18279900;27974692;1809170,0;1112800,0;3949500,0
2018-05-09;118032300;16776100,0;16909345,0;12173538,0;32018000,0;5960000;6012552;;26166400;9219023;5045300;3182260;;333066,0;3138570;8201100,0;1754700;1358350,0;1248000,0;22731900;23606443;2063844,0;17600,0;4695400,0
2018-05-10;126907200;14314200,0;19715389,0;14180101,0;27321400,0;5679000;5571585;;40970000;6881487;4827600;2629607;;396433,0;3497720;9308400,0;2457900;2340100,0;1368800,0;37714500;23645064;1728654,0;26400,0;4611100,0
2018-05-11;72996400;21432500,0;13283801,0;14556880,0;9202600,0;3122600;5396886;;18284600;5205660;3836300;14262854;;586000,0;4255463;12880400,0;3229800;1720600,0;3952800,0;42809100;14443957;965988,0;19000,0;4379700,0
2018-05-14;66938700;15847800,0;18411023,0;18760072,0;13097400,0;4698000;5662099;;17613600;5334985;4926200;9991807;;350433,0;5128585;13991800,0;2474400;2434250,0;5342000,0;45328800;19992895;1594495,0;24400,0;4080700,0
2018-05-15;75230200;15954500,0;19242248,0;20378674,0;13753400,0;7290400;6707549;;24310200;6012859;6523300;6690406;;900866,0;6597652;13454900,0;2477400;2280950,0;965600,0;45393300;25311403;1351383,0;22200,0;4405100,0
2018-05-16;64486500;20944200,0;14177398,0;12176094,0;15282900,0;3832400;5439295;;14972600;7734668;4258800;7735641;;589600,0;5370478;8014400,0;1531500;2960300,0;264400,0;23245500;15957539;1595744,0;114200,0;3707000,0
2018-05-17;112487000;20241200,0;38453906,0;29459395,0;23567200,0;6030800;5383699;;27447200;6012859;5265700;9097250;;520533,0;8568348;12514800,0;3404100;2488850,0;1848400,0;56469300;33545103;2892548,0;13800,0;5508600,0
2018-05-18;83206900;22361100,0;67811749,0;42002207,0;64364800,0;7126000;8686204;;23598200;11871607;4657600;14492625;;980066,0;14012346;8889200,0;4070100;3008950,0;1307200,0;42391200;54257970;3666047,0;24600,0;5730200,0
2018-05-21;75971900;22608800,0;29325382,0;31932340,0;27295100,0;6023000;4323902;;19078200;5537593;5966500;9598842;;633933,0;4962225;8172000,0;1996700;1816675,0;1701600,0;26393400;28014754;2783491,0;131800,0;4242200,0
2018-05-22;88109900;20491700,0;37297736,0;23688392,0;26645200,0;5752200;5485290;;21389600;6840894;7733400;8547600;;462766,0;8640392;8424200,0;2559300;2994075,0;941200,0;42010500;49717078;1250555,0;28000,0;4785500,0
2018-05-23;74622500;15703000,0;34838390,0;18810703,0;19890600,0;5223200;2675339;;17746000;5083161;3768200;6263902;;487666,0;4697122;10245200,0;2306900;1563625,0;630800,0;26270700;39787496;1931559,0;38200,0;3875500,0
2018-05-24;240343800;14500200,0;27927373,0;16767245,0;21344000,0;7041000;4112491;;40698000;5595429;5666900;10519430;;822100,0;4686523;8171900,0;2616000;2158625,0;691200,0;52399800;29804739;1384819,0;32000,0;6182200,0
2018-05-25;131188100;13141500,0;19195002,0;23886285,0;23578900,0;6308400;3445871;;19350800;6058841;4844700;7275597;;562433,0;4318251;11987800,0;1882900;1583400,0;349200,0;62357700;24634520;935885,0;70400,0;4650100,0
2018-05-28;134504900;13832600,0;22406717,0;13660372,0;12122600,0;5369800;4244992;;29319200;8716455;3766100;3990715;;427433,0;4088835;11547100,0;2899700;646100,0;1158000,0;30807900;21695982;1209516,0;99800,0;4176200,0
2018-05-29;181509800;18697800,0;34432039,0;20385063,0;21280400,0;13530800;4845888;;29098200;9192081;8246900;7284107;;175300,0;8008492;10965600,0;5668600;3181325,0;10226400,0;48392400;32796742;2771617,0;46200,0;5972300,0
2018-05-30;125430000;25861400,0;41881288,0;39316515,0;32485100,0;26881800;6870327;;43313000;40557884;6865300;22889048;;493866,0;9081917;10310800,0;3207200;2261175,0;3173200,0;64260000;62706249;3484077,0;100200,0;7442100,0
2018-06-01;216954700;20424100,0;26340210,0;23224246,0;14595000,0;7908200;4153212;;40264000;10029455;4748800;6699917;;391033,0;4972019;9954000,0;2424800;1930075,0;4392800,0;58439400;48949432;2347682,0;50600,0;6044400,0
2018-06-04;93547600;13964100,0;26154795,0;16451958,0;11908700,0;7279800;3466864;;16699800;12422673;5392100;5632656;;304000,0;3645163;18648300,0;1216600;1351175,0;258000,0;53868000;24797456;2354557,0;31400,0;4023100,0
2018-06-05;67006400;16988600,0;32517553,0;24472458,0;19039400,0;8077200;5296350;;23979600;7981821;5085400;5731773;;239700,0;3612562;16716900,0;3905700;1626975,0;6604000,0;48615900;37794697;2747139,0;56800,0;4499800,0
2018-06-06;69496800;26835500,0;25763400,0;22191656,0;17144300,0;13898800;5643321;;28434000;8458884;6316500;7111904;;443766,0;8675140;11434400,0;4232300;1521450,0;778800,0;34543800;29046854;4741404,0;47800,0;4871700,0
2018-06-07;118752700;32389900,0;45800335,0;34889396,0;32312300,0;9004600;16230747;;53017400;18509175;11309100;8543095;;547066,0;14420734;13674700,0;12309900;1890350,0;2882400,0;113960700;95146503;5799991,0;108800,0;7919200,0
2018-06-08;91461500;30421100,0;34032997,0;32059158,0;18958000,0;8326600;7791611;;45009800;12747061;10337800;5472466;;443000,0;6546536;10401800,0;7772500;2176125,0;1020000,0;71068500;48192988;4038630,0;48000,0;5952400,0
2018-06-11;44872500;14362000,0;24579358,0;16091151,0;14660000,0;4764200;5666319;;20231800;6609906;5563300;3601756;;202266,0;4164099;7691100,0;3488100;1555400,0;10028800,0;21951000;23325573;3856661,0;33600,0;3564300,0
2018-06-12;69592600;18403200,0;15770680,0;19028721,0;15225500,0;5044800;6217000;;27853200;8959656;4159400;5486983;;203566,0;6003854;10544400,0;3324100;2255575,0;9472400,0;46341000;36358449;3536991,0;107600,0;3889600,0
2018-06-13;72301200;15599000,0;24389864,0;22976680,0;16002800,0;7070200;6404358;;32028200;7822321;3935100;7270591;;786033,0;5769742;11745500,0;7026500;2176650,0;934800,0;40896600;44970960;4706197,0;107400,0;4360200,0
2018-06-14;57324600;18827200,0;31758386,0;40013693,0;20899000,0;7808400;4898741;;29391200;12432731;5153000;15981385;;536566,0;3631747;8935900,0;2923400;1544550,0;965600,0;49637100;33932561;3370959,0;129200,0;4281600,0
2018-06-15;75239300;36611400,0;46156720,0;53285466,0;33244000,0;14773600;5721703;;60073800;8433378;8243500;11415489;;389566,0;8822583;20888900,0;4857500;3333575,0;2122000,0;71646300;54625384;5678956,0;39000,0;6456800,0
2018-06-18;47363800;20490400,0;22857085,0;22808974,0;19846300,0;5532600;5488244;;22491600;4342780;3772200;4074314;;465333,0;4450399;9925200,0;2484700;1055250,0;586000,0;31444200;29754301;4056442,0;7600,0;3475200,0
2018-06-19;97301500;26764800,0;48287043,0;35212989,0;18676900,0;6971200;4881334;;31840400;8404280;8103500;4874259;;159600,0;5984266;9832600,0;2431100;1867250,0;918800,0;75897000;46110081;3961863,0;14000,0;5185300,0
2018-06-20;88397300;14448400,0;33294904,0;28603615,0;19540200,0;5895800;7168877;;33299800;8564858;6919600;3387503;;141600,0;6416131;9516000,0;4077800;1642725,0;12064400,0;26361300;27214697;2347161,0;79200,0;4414600,0
2018-06-21;67884300;13952800,0;17269809,0;21106359,0;12710600,0;6340000;2753827;;20552000;6030821;4293400;5414898;;246900,0;3634028;7296500,0;2853600;2049775,0;1277200,0;26095500;28572340;1613035,0;15600,0;3490800,0
2018-06-22;52184500;9632500,0;13811496,0;31857272,0;10671500,0;5942200;5321985;;17348800;3787045;2140900;7649539;;298800,0;2135580;8312200,0;1614900;1992725,0;658000,0;25596900;26427466;1273991,0;20000,0;3054700,0
2018-06-25;60347200;13800400,0;24706991,0;27012645,0;10669300,0;4881800;3084236;;22208200;8276034;2286700;5322789;;909166,0;2739440;6040900,0;1518300;1530025,0;482000,0;36795300;26202000;2446947,0;20200,0;3346300,0
2018-06-26;59595900;15460100,0;22118652,0;23741419,0;19940100,0;4013000;6889738;;23881000;5713976;2323400;5801355;;153233,0;2663907;7865300,0;1073000;1175125,0;1776000,0;34389300;23469552;1541060,0;19400,0;3502300,0
2018-06-27;78095000;14471100,0;19643330,0;19255523,0;11532700,0;4980000;5889229;;29318000;3678556;5160300;3401018;;117966,0;5079616;7401500,0;994600;1290450,0;1326400,0;25961400;21544641;1560746,0;15400,0;3588900,0
2018-06-28;94960700;16298400,0;19751079,0;15723315,0;10416400,0;4737200;3942434;;22322000;4549340;2763700;4877263;;922066,0;3070550;6275400,0;1296900;1478050,0;490000,0;23102400;25263716;1005048,0;7200,0;3511400,0
2018-06-29;75735100;12248000,0;28425157,0;23760266,0;13306900,0;6415400;4681000;;27542400;6375686;2663000;8192180;;492266,0;4985167;6967000,0;2669500;1635550,0;1879200,0;29117100;26300911;1141915,0;24800,0;3879400,0
2018-07-02;54545600;8222800,0;12965655,0;15750468,0;7294300,0;3220600;3008069;;17346600;3668138;1419100;3961180;;88033,0;2906739;7067500,0;796400;624575,0;894800,0;10821900;25690411;534032,0;22000,0;2753900,0
2018-07-03;57456700;11486600,0;16566556,0;20965805,0;10977800,0;5298200;4037168;;20235800;7578401;2430600;3854054;;142500,0;9345142;7852700,0;927100;935200,0;1123200,0;18852000;24491812;798601,0;466800,0;3253800,0
2018-07-04;54211000;6147000,0;13271395,0;12568366,0;7882400,0;1049000;1324166;;12724800;2051226;1301600;3335942;;320933,0;1719277;5725100,0;1155200;960050,0;116000,0;8211300;12271584;489243,0;16400,0;2142100,0
2018-07-05;76084700;12179600,0;16605134,0;20764398,0;11574400,0;5561000;4436359;;19754800;5041850;2376600;2842859;;391100,0;5591844;8694200,0;1031100;658700,0;1878000,0;19614300;21231661;1289511,0;9200,0;3562800,0
2018-07-06;33878700;8582200,0;12935744,0;16017999,0;19331000,0;3197200;3498618;;18280800;6187806;2256000;2801310;;769100,0;4849127;5594300,0;683000;959700,0;7061200,0;23591400;13885611;1067024,0;4200,0;0,0
2018-07-10;70886200;10935700,0;25709866,0;25825126,0;12608800,0;6771000;3336051;;29250200;7090921;4831700;2768271;;281266,0;5473514;5817900,0;1749800;1118775,0;606400,0;101908800;18675420;1242743,0;14600,0;3901000,0
2018-07-11;85806300;12912600,0;26562335,0;19724461,0;13464200,0;6483800;5569475;;29137400;4672916;3514100;3075133;;271833,0;6879525;11220900,0;1452200;1283100,0;2017200,0;35381100;21159082;1484605,0;41600,0;3766800,0
2018-07-12;49397900;20765500,0;23021596,0;23753558,0;18946300,0;5233400;3670574;;19928000;7695871;3195300;5229679;;235333,0;3274475;14895600,0;3839000;1888250,0;415200,0;28476000;16107649;2692038,0;48600,0;3508500,0
2018-07-13;44951900;15555400,0;22360491,0;26517513,0;11875400,0;3271200;5084306;;20128200;6148290;2866500;9175843;;222900,0;4022961;8970900,0;1960400;1914500,0;566000,0;30768300;16066512;1338780,0;37000,0;0,0
2018-07-16;62798900;12550000,0;16164964,0;15271308,0;18208300,0;5505800;2656878;;17779600;4229981;2766300;4589423;;173400,0;4788218;5704900,0;1442100;512050,0;3318000,0;41895600;23675366;1374507,0;35200,0;3134700,0
2018-07-17;40884300;11553600,0;18700958,0;21778940,0;14126700,0;9695600;3132236;;23151600;5792649;3863600;7479838;;152666,0;3907314;10612900,0;2484200;2437575,0;2778400,0;40535100;31114695;2069677,0;93200,0;3882900,0
2018-07-18;40643800;9762900,0;16660878,0;18886890,0;11851300,0;8757000;3756130;;25685000;6987102;11865700;2769773;;444433,0;1770124;6969000,0;1436100;698950,0;344800,0;29085900;34415459;1265659,0;32400,0;3394300,0
2018-07-19;60404900;20977000,0;17703351,0;22265926,0;10294600,0;5159000;5775822;;54670600;6017529;5335200;7153453;;169366,0;3144875;7640500,0;2902400;890225,0;3868000,0;51744300;24352026;2031137,0;54600,0;3781100,0
2018-07-20;98035200;16788900,0;28881982,0;43679107,0;14247100,0;8147800;6492235;;39137000;4593166;7493600;4496313;;356866,0;5003815;8176800,0;3301900;1256150,0;555200,0;34470000;24538976;3175345,0;51400,0;4745200,0
2018-07-23;35231500;8554600,0;13753203,0;20498624,0;6126000,0;4271800;3357467;;11245800;2254552;4477400;6334986;;145300,0;1839888;5037100,0;1434200;698950,0;1083200,0;24777000;25764693;1393256,0;54000,0;2446800,0
2018-07-24;39934600;20910300,0;19517567,0;20255051,0;13453000,0;7137600;4564957;;12936000;3954089;4215500;3129698;;140566,0;4858652;16558900,0;1689100;1639575,0;716400,0;17777100;21763949;1515228,0;48600,0;3283200,0
2018-07-25;48759900;15263700,0;20243764,0;48499137,0;14883100,0;5388200;4720139;;16675200;3856377;4523200;3099162;;653300,0;3572045;14333700,0;2412100;1138375,0;748000,0;27557400;15874454;2593710,0;126800,0;3472700,0
2018-07-26;48144300;54299500,0;23964139,0;33913986,0;33046900,0;6683600;3470135;;15242800;3751122;3621700;15655500;;454233,0;4619443;6576600,0;1991000;1623300,0;408000,0;15864300;16722997;1592724,0;91200,0;3596500,0
2018-07-27;36509400;21543400,0;21688339,0;26784884,0;16978200,0;4466800;6652587;;13317200;4113229;2690500;5755801;;199833,0;5122816;17636200,0;3801200;637700,0;540400,0;10003500;16063630;3269298,0;33800,0;3015600,0
2018-07-30;37053900;15527200,0;17641659,0;14686254,0;12744700,0;13438400;2294504;;9593800;2931349;2551600;2482433;;306800,0;2323406;9545200,0;1553400;1087975,0;559600,0;16402500;19890263;1410651,0;49400,0;2631400,0
2018-07-31;38641200;15921000,0;40266083,0;17103456,0;13110300,0;4939000;6099374;;13914200;2632107;2623700;3331937;;430700,0;3649993;7567800,0;3505800;1801975,0;1696400,0;21478500;31558159;1641471,0;38200,0;3354500,0
2018-08-01;39141700;36906000,0;21425086,0;18553075,0;9261100,0;3880400;3950346;;15349200;3444336;3550800;3433557;;89600,0;2177036;8353900,0;4727700;830375,0;2303600,0;20598600;17923692;1233577,0;14800,0;3227100,0
2018-08-02;69008900;19796400,0;21424406,0;12988909,0;8645900,0;4816600;2311805;;15501800;3641914;2275400;4040274;;63600,0;1578944;10921900,0;2735700;809025,0;1258000,0;21369000;13690015;1296594,0;32600,0;3005500,0
2018-08-03;86908000;15607700,0;20476085,0;32439611,0;13735700,0;5871000;5124710;;25511000;4873010;4710300;3706379;;171233,0;2695435;10059100,0;2321900;1149575,0;3110400,0;34804500;22316544;2296122,0;60600,0;3802600,0
2018-08-06;44528300;11904900,0;14914812,0;13496659,0;6327100,0;4309200;3505792;;10092000;4821280;2511500;3137707;;242633,0;4211190;6670100,0;1108200;446775,0;1148800,0;18038100;16059569;1198162,0;59600,0;2516600,0
2018-08-07;69136700;19065600,0;23634776,0;23513818,0;14107500,0;10229000;5861378;;20147600;12980563;6205300;4782651;;212866,0;3580766;9584300,0;2506800;2220575,0;3798000,0;27900000;24949819;2936608,0;111000,0;3861200,0
2018-08-08;58211500;13076000,0;24458694,0;21775106,0;21203400,0;8031200;5531497;;18453600;6630383;3314200;10683124;;270133,0;4057709;17328800,0;1693600;1973125,0;2077200,0;48976800;26557951;2700892,0;28800,0;3833800,0
2018-08-09;51253100;12752800,0;17557024,0;14525895,0;14312100,0;6617400;4887348;;31247000;5846175;4683100;10053380;;546266,0;2287450;10241200,0;3561200;4212250,0;1721600,0;46320900;19928649;1911560,0;24000,0;3717400,0
2018-08-10;61789800;14630800,0;25223809,0;29139316,0;18932500,0;5386400;5338864;;40015400;7017996;5730900;6670382;;176700,0;9172342;15757100,0;4378400;1985725,0;2844400,0;37475700;40156260;1957391,0;33000,0;0,0
2018-08-13;58306700;14720600,0;28346130,0;14440604,0;10336600,0;4197400;4859603;;17807400;3803929;6516400;3623281;;160400,0;2328101;9519200,0;1701200;1541750,0;1052400,0;35200800;82847800;1077752,0;31000,0;3958200,0
2018-08-14;55180600;17475600,0;17940431,0;18507075,0;20005300,0;5169400;2119700;;17102400;2559183;4398900;2851369;;524933,0;2384047;8182600,0;2039900;1589350,0;596800,0;17432400;25921379;1455127,0;28400,0;3713000,0
2018-08-15;65651700;26625700,0;26565394,0;24697503,0;17960100,0;7495600;3721423;;25654000;4463842;6070000;9683943;;702366,0;4480854;11803000,0;1880200;2445100,0;2936000,0;39278700;32835887;2097383,0;39800,0;4386400,0
2018-08-16;51201600;20125600,0;16968827,0;12794051,0;10816900,0;4431800;8996779;;19425600;5100405;4965800;4067806;;1651000,0;3204980;6645300,0;1366700;1678600,0;656400,0;15472800;18984600;1252118,0;43000,0;3285400,0
2018-08-17;68328400;17343200,0;23012929,0;20858952,0;20326000,0;3677400;5182943;;28188600;5035743;3897200;4416719;;2138466,0;3057536;7437500,0;1262600;1178800,0;282800,0;18794100;25174761;1600744,0;258200,0;3742300,0
2018-08-20;56315600;14783600,0;29124501,0;16861480,0;13221500,0;3651800;4411040;;31663400;3424219;5572900;5696731;;425766,0;6176385;12403700,0;1186900;1451100,0;156800,0;28434300;29914393;1365236,0;19200,0;3578100,0
2018-08-21;68735300;13378300,0;25410244,0;31138691,0;11065800,0;5005600;5624016;;30458000;8832487;5695900;4619959;;1384333,0;4034768;9150700,0;2674900;2017575,0;1071600,0;28327800;31192645;2067073,0;14400,0;4077000,0
2018-08-22;56623700;13073500,0;14992649,0;18825876,0;11062000,0;4058800;6831611;;27614400;3963429;6149500;3617775;;518466,0;2398670;7084600,0;2622200;1661975,0;738000,0;31929000;19674623;2527568,0;82400,0;3610400,0
2018-08-23;56284100;12263000,0;23189167,0;21177434,0;14962400,0;6023600;5627602;;34472800;5832524;6981000;3249840;;126566,0;2983748;10738100,0;1375900;1250725,0;434800,0;26541900;31380380;1381277,0;39200,0;3866700,0
2018-08-24;37893000;10971100,0;11644974,0;11641511,0;13921900,0;3181200;3097212;;21201800;3670294;4678600;6060161;;164200,0;2436638;6551600,0;1766500;1339275,0;835600,0;26778300;18404494;1142957,0;15600,0;3159900,0
2018-08-27;35428000;11205300,0;18281691,0;14927431,0;14945900,0;2555000;2813537;;13919400;4097782;3988200;2626103;;318500,0;2871186;5043300,0;1538700;1624700,0;191600,0;13851600;20203374;744333,0;63400,0;2750600,0
2018-08-28;38079200;17875600,0;15209675,0;13109178,0;11838900,0;5171000;4486047;;12144600;7214138;3680100;3582733;;298400,0;2626208;12240200,0;1542300;1786750,0;514000,0;12690000;22833111;985153,0;7200,0;2964800,0
2018-08-29;71434300;10292800,0;11660099,0;12102942,0;12853800,0;4650800;6980886;;16223400;5228651;3286500;3788476;;162200,0;3373486;4995200,0;1595900;2145675,0;547200,0;18838800;16839333;1901978,0;16200,0;3127600,0
2018-08-30;63981900;14432500,0;21014487,0;24706927,0;18010200,0;5435800;5332534;;22144200;4452346;5116500;3833029;;206466,0;2383376;11304500,0;1007900;1696100,0;644400,0;18185700;29935879;1723758,0;31800,0;3546800,0
2018-08-31;75767400;15000000,0;20846067,0;18953812,0;26640800,0;7649600;4054891;;21645600;4697703;7348600;7270591;;295200,0;4728918;7534100,0;1617500;2602075,0;1660800,0;24161700;35925203;1591161,0;43600,0;4145600,0
2018-09-03;25401600;4356600,0;7336061,0;8012194,0;4966100,0;3739800;1924535;;11828400;3024032;3131900;3836533;;159200,0;1723436;2985600,0;1167500;2085650,0;189200,0;9808200;10864550;453724,0;18800,0;1673300,0
2018-09-04;39759800;10521800,0;19958758,0;14768509,0;19372200,0;3768000;3111665;;22075000;7574450;5541000;4384180;;196200,0;3871493;8285200,0;2352300;1857100,0;729600,0;12770400;16643082;1450544,0;10200,0;3162300,0
2018-09-05;53967300;7100000,0;13287540,0;18032228,0;15790000,0;3275600;4885449;;14968800;6027947;8134800;4075816;;95400,0;2853209;5300400,0;2038800;949900,0;487600,0;24375000;21467215;1158894,0;15200,0;2830400,0
2018-09-06;54304300;12479400,0;22281974,0;20384265,0;16262200,0;8037400;2871137;;20406200;4131910;5616800;3672339;;139100,0;2974356;6440900,0;1584300;1478400,0;1000000,0;26851800;25847228;1016506,0;16200,0;3298500,0
2018-09-10;58578100;9341300,0;16120437,0;33457187,0;11868100,0;4577400;2508658;;28121600;6983510;4163700;3083643;;157400,0;2926327;5859100,0;1903900;1040375,0;1301200,0;19395900;18518340;1018901,0;16000,0;3105200,0
2018-09-11;56495200;10347800,0;24332251,0;21427396,0;14217500,0;3798400;2908588;;24762000;3600602;4520200;3820014;;250666,0;8698887;5462100,0;2763000;1044400,0;442400,0;32277600;18969796;2147485,0;88000,0;0,0
2018-09-12;59695700;14230800,0;22141765,0;23259704,0;14075600,0;8334400;6741413;;31743200;4192620;5926000;5023936;;133333,0;4171344;6973000,0;1626100;1095675,0;4497200,0;25377900;25608138;1948954,0;76200,0;3709100,0
2018-09-13;36808700;14353500,0;20057329,0;13329113,0;10927000,0;4690800;6225123;;13594200;5719006;5285100;7068352;;250366,0;4017327;4625600,0;3146400;1516025,0;9509200,0;25372800;18235754;2427469,0;43400,0;3062100,0
2018-09-14;55756300;17021500,0;21237971,0;21348334,0;10265000,0;5884000;4608209;;22403400;4617235;5213200;4280057;;269466,0;6294045;6406900,0;2289600;910350,0;1195600,0;29655300;17743817;1096085,0;5600,0;3231700,0
2018-09-17;71289500;12096900,0;17493123,0;15075491,0;15714800,0;4300400;6313527;;28580600;3242446;4587800;4153408;;114333,0;3275146;5690400,0;3225200;1460200,0;732800,0;16729200;18434495;1164206,0;34400,0;3397600,0
2018-09-18;72959100;20647900,0;25197466,0;19103470,0;14866400,0;4508800;5349097;;31828000;5574594;6089300;5299262;;194766,0;5210558;7750500,0;2656800;1247925,0;1566000,0;22163700;34588652;2306226,0;26400,0;4167000,0
2018-09-19;60563700;12451900,0;20664560,0;21024582,0;13022400,0;3381200;3391330;;23738600;5885331;5731300;4740101;;510266,0;7278118;8488100,0;3018000;1617700,0;1956000,0;15594300;38913249;1311802,0;13400,0;3780800,0
2018-09-20;56206900;11264600,0;14726167,0;15624129,0;7134900,0;3613200;2440931;;12891600;4279196;4685900;5708245;;1256966,0;2964965;4548300,0;2065300;909475,0;1607200,0;25571700;26202917;1412525,0;6200,0;3137600,0
2018-09-21;58517300;23057600,0;28743983,0;28994770,0;19894000,0;6937800;4508622;;32603200;6776232;4881900;11487074;;293166,0;13092000;7657700,0;6051300;2109450,0;6559200,0;49987200;48613788;2676830,0;19800,0;4666800,0
2018-09-24;54332900;9008600,0;12200710,0;15144490,0;12892100,0;3265000;3019568;;26173800;4076588;3047300;4762628;;831466,0;4551423;5628900,0;1604100;1134350,0;1387600,0;30160500;18617645;1359299,0;31600,0;0,0
2018-09-25;54462300;16840000,0;23247800,0;31067137,0;11472300,0;3507600;8436393;;23485800;3565038;5465400;6050650;;629433,0;4191871;7785000,0;2039300;999075,0;2342000,0;31189200;30687344;1063482,0;39200,0;3700400,0
2018-09-26;60060800;24600600,0;20750555,0;24086574,0;10959200,0;4733600;3898020;;25684800;4491144;4615800;6518703;;469400,0;4341863;8057400,0;2129700;1282750,0;3227200,0;19428000;26265539;1291595,0;33000,0;3735300,0
2018-09-27;104177300;20631400,0;24503560,0;21252662,0;25704700,0;4275800;2966821;;17535800;4058267;5728200;5368844;;605400,0;4654459;7151200,0;2473400;2819775,0;3884000,0;42419100;56088489;1441691,0;7200,0;4475000,0
2018-09-28;91254600;14753000,0;16223087,0;15520950,0;9047100,0;4031600;2137951;;25581800;3891941;4052100;4876762;;612400,0;6414119;8846700,0;2071000;1287125,0;6043600,0;26190600;45994793;1042338,0;7800,0;4061400,0
2018-10-01;56540400;8976500,0;14104830,0;12234711,0;6236800,0;3325800;5563884;;31355000;2411538;2043500;4019249;;385466,0;2720791;5022700,0;1729500;626850,0;2126400,0;24711300;17871157;887450,0;11800,0;3134400,0
2018-10-02;127231800;20530200,0;35923351,0;34841959,0;26709600,0;4698800;16690281;;65583000;6217623;6090200;8918038;;391400,0;8669237;9880600,0;3727900;1736700,0;3266400,0;38606400;35854589;2316330,0;94400,0;5929900,0
2018-10-03;152189200;26674700,0;62555535,0;59115885,0;21377300,0;9137200;12826440;;70672600;10823362;9990700;8996130;;463466,0;8940109;12914200,0;5615000;1995700,0;2761600,0;38317800;50746609;3482411,0;34600,0;7618600,0
2018-10-04;99743300;14396500,0;30873117,0;24886771,0;12303600,0;4519000;6990591;;55840000;6943635;5683900;4884271;;201700,0;5851312;7050400,0;1891400;1686125,0;1826000,0;26465700;53532378;2105300,0;16400,0;4935600,0
2018-10-05;104693400;20202600,0;25641886,0;31184691,0;16164800,0;4150000;4654627;;47335400;7519846;6461300;3815508;;364566,0;7363713;7068600,0;1815800;1243375,0;21652000,0;27039600;44388234;2509861,0;19400,0;5394800,0
2018-10-08;188109000;26384200,0;74232290,0;61743918,0;26644000,0;14482200;10117447;;83863800;6149009;12876900;9956765;;697200,0;11135257;8822700,0;8635100;2792300,0;2428400,0;110932800;70272407;3236591,0;26800,0;9999000,0
2018-10-09;90128800;17830500,0;26109758,0;35844362,0;19569800,0;9621000;7909764;;50770600;5412579;8016000;6015608;;433600,0;4895949;8005800,0;5813500;1756650,0;4030000,0;38891700;57030179;2142693,0;19800,0;6461000,0
2018-10-10;82688000;14135900,0;23876275,0;29962034,0;11261500,0;4561400;7393580;;41681600;5967955;6836000;5349321;;149833,0;6228037;7949200,0;4337200;1565725,0;2422000,0;27198900;43674891;1782713,0;14200,0;0,0
2018-10-11;119307500;15976400,0;38571172,0;27053852,0;14529800,0;3906400;5859796;;38134000;7451232;3656600;5058978;;258833,0;4377416;9840400,0;2283100;2142000,0;1369200,0;51494700;39285576;2064052,0;28000,0;5188700,0
2018-10-15;92331900;16290900,0;30577234,0;23334932,0;15583600,0;3746400;4797255;;26452200;4787153;5370000;3319422;;520433,0;11735897;9017600,0;3169700;1788500,0;1124800,0;29059200;28390500;1124937,0;13200,0;4782900,0
2018-10-16;74144800;15825800,0;26245548,0;30352549,0;13766600,0;6823800;5799347;;36392600;7686171;5061800;8845452;;484533,0;8104954;13365100,0;3663300;1520925,0;3306000,0;31468800;34492230;1522103,0;25000,0;4811300,0
2018-10-17;80990300;21832000,0;27909358,0;30397271,0;14503400,0;6555400;5223137;;32591600;6588352;4347100;10762718;;520600,0;5703601;12007100,0;4902200;2296700,0;2159600,0;38461200;28967986;1493146,0;80800,0;4858600,0
2018-10-18;56268900;17237800,0;16734636,0;22166740,0;14101200,0;5716400;5691110;;31727400;4727520;6062400;7668561;;252733,0;2882590;7667600,0;6600700;3024700,0;1071200,0;45586800;34438516;1124000,0;11200,0;4085300,0
2018-10-19;61858300;13429700,0;11907886,0;11544561,0;8740300,0;5525400;3880719;;19574400;6976684;3651600;4014243;;198200,0;3275951;5580100,0;6792700;2149525,0;399200,0;23727900;31615017;1742195,0;35800,0;3753500,0
2018-10-22;63678000;14084400,0;9730657,0;14200705,0;20248500,0;3892400;4315568;;20179400;5197039;3640800;3487621;;312766,0;3561581;9454300,0;3639300;1794100,0;3482800,0;22370400;20381415;1535956,0;22800,0;3873700,0
2018-10-23;77457300;20763100,0;15978529,0;15043547,0;23081500,0;7738600;5292657;;27725800;5071666;4423200;6013105;;244366,0;5099472;8178900,0;4760800;1483475,0;1696800,0;22110600;22930975;2088426,0;44000,0;4388100,0
2018-10-24;93377100;17954800,0;15444546,0;22560609,0;32261600,0;10796000;8141219;;27626400;4014799;3100000;5984571;;414300,0;3442445;9069100,0;5454900;2603475,0;1343200,0;18875700;20321020;1463668,0;28400,0;4679200,0
2018-10-25;79732200;29494700,0;26278008,0;29407646,0;80816400,0;13028200;9669623;;28963000;5481552;3321400;4224992;;495966,0;6568539;7155000,0;5146300;2281300,0;1797200,0;40530900;27176574;1434920,0;39600,0;0,0
2018-10-26;110184900;26630300,0;39293629,0;39156955,0;39461900,0;15550600;7225000;;41151400;5535796;9110600;6893145;;546200,0;13497301;11524900,0;3379500;4217500,0;2167200,0;41625600;50137157;1946975,0;30000,0;6471500,0
2018-10-29;160890100;26198300,0;43873102,0;49942846,0;31727000,0;13586000;9857614;;73741000;4964973;7628700;4815690;;188000,0;10934954;12112700,0;9785700;3530800,0;1455600,0;89685000;45392284;2195086,0;36800,0;7733900,0
2018-10-30;107525500;23799200,0;48975171,0;40421298,0;34851100,0;10193400;7981290;;44728200;6075725;6674300;13274686;;1306966,0;8841768;9917800,0;5557100;3126550,0;902800,0;64838700;62316511;2471842,0;224800,0;6556900,0
2018-10-31;84131500;26626000,0;27467488,0;31402070,0;27263000,0;10170200;12120471;;24857200;4185795;6638400;11183715;;863500,0;7622108;8804400,0;3712700;1945825,0;1190000,0;40821000;36778987;4526728,0;35000,0;5889800,0
2018-11-01;98037100;20420000,0;25710036,0;64765661,0;22441600,0;8679200;6104437;;31418400;3963429;4642300;7687083;;289433,0;5541131;6620900,0;2812900;3749200,0;13678400,0;81056400;27241947;6414957,0;50800,0;5878400,0
2018-11-05;60389900;15491800,0;29338638,0;32364862,0;19580700,0;7289600;5366926;;20783400;4887738;5294400;7695593;;315933,0;7135773;7000000,0;2254800;4047400,0;547200,0;29765700;25270921;5155860,0;31400,0;4620800,0
2018-11-06;95344400;11211000,0;27441316,0;31382743,0;18079800,0;6576200;2935911;;24175000;12139237;5534000;5755301;;244033,0;6841289;5441600,0;2393800;2854600,0;6874800,0;25939800;17739231;1984056,0;10800,0;0,0
2018-11-07;95817100;12982500,0;26374030,0;33333564,0;16523600,0;5896200;5327154;;23486000;17361782;3540800;4448256;;375833,0;4007935;6365600,0;2720300;1927100,0;10124400,0;32884800;23764845;2278728,0;43000,0;4371300,0
2018-11-08;119096300;16743700,0;23944935,0;25262912,0;20668200,0;8205000;5214275;;34638600;6600207;5495900;7308136;;245533,0;4611125;14949600,0;2881700;2674875,0;1232400,0;32883600;28068350;1348779,0;27800,0;5297700,0
2018-11-09;94206400;29209700,0;26534803,0;24888848,0;20738100,0;5786200;4065968;;25403400;7678268;7290800;4492308;;423466,0;3230605;8008700,0;4517500;1334725,0;15311200,0;32346000;22100904;1291074,0;299000,0;4814400,0
2018-11-12;63162600;15985200,0;14860088,0;18200573,0;11207200,0;3269800;3567823;;22029200;5967955;4360000;3056111;;143933,0;3330689;5324800,0;3083700;2041725,0;439200,0;19904100;19514530;1366799,0;41000,0;3534000,0
2018-11-13;112776300;18790200,0;21769235,0;20710892,0;17448400,0;6143400;4195515;;22453600;6125659;6929200;3774460;;637900,0;4054758;5341800,0;3757800;1909075,0;2717200,0;34457700;24402465;1406484,0;47600,0;4410700,0
2018-11-14;104423900;28360900,0;30922232,0;33974999,0;18774300,0;5997200;4139392;;31291000;5221107;10554800;4583416;;1608700,0;4126266;8876700,0;8398300;1797250,0;1092000,0;25522800;23270549;907345,0;28400,0;5591600,0
2018-11-16;100628900;19633700,0;32743586,0;36361535,0;19753600,0;9100400;6202864;;29923400;4852533;5160200;7702101;;652300,0;5988693;7081700,0;5476000;2496375,0;2856000,0;32432400;41634562;1735424,0;37600,0;5184200,0
2018-11-19;79946400;12979700,0;22212804,0;15467923,0;14540100,0;5475200;4620130;;32093200;2404712;5111100;4017747;;158533,0;4480720;4635500,0;2056800;1582350,0;515600,0;18831300;22798001;1210662,0;16800,0;3642100,0
2018-11-21;77228100;18590600,0;18112477,0;21664899,0;14321100,0;6170600;3529317;;24920200;3354168;5193600;5888458;;918800,0;5045137;7231800,0;4501300;2189775,0;868000,0;30164700;23609338;1151602,0;95000,0;4140600,0
2018-11-22;31253600;9255400,0;7492302,0;10421570,0;7567000,0;2984200;2294399;;21254600;4048208;3131500;3615272;;203833,0;1633011;3897000,0;2411300;485450,0;172800,0;8375400;9453325;766207,0;20200,0;2244500,0
2018-11-23;77961200;33531500,0;13481340,0;16182191,0;15008800,0;4667000;2685994;;29086400;4275963;4631100;4390688;;372100,0;2551614;8291800,0;3616400;858200,0;310800,0;16458000;16740159;905574,0;103800,0;4148700,0
2018-11-26;62111600;30327300,0;24417622,0;25024769,0;15378900,0;7784800;3844851;;22759200;4917914;3795500;6375033;;252366,0;4301615;6521300,0;2630400;1727425,0;2763600,0;32177400;24773481;2631625,0;23000,0;4557300,0
2018-11-27;90759000;25582700,0;19697544,0;20574331,0;21281800,0;6095800;4921211;;26934800;5170455;3682400;6385545;;436400,0;4639567;6295800,0;2422000;2940000,0;2003600,0;36274800;28484433;1882708,0;63800,0;4971300,0
2018-11-28;92811300;29038300,0;21896131,0;27309245,0;18701500,0;3854200;7506986;;26481400;7006141;4717400;11318875;;429500,0;4412029;8559100,0;2770700;1727775,0;1419600,0;29130000;23805589;1459190,0;73800,0;5295600,0
2018-11-29;65584300;23362000,0;16461470,0;22266086,0;22012600,0;5761000;4761598;;19408000;6271867;6457300;3134704;;232033,0;8261386;6094300,0;3256700;1381975,0;2747200,0;18330000;31871925;1594390,0;32800,0;4257400,0
2018-11-30;90874500;29502000,0;24726931,0;25225537,0;35082800,0;8021400;7771461;;22531000;6312101;12375400;6681395;;464600,0;5867009;9140300,0;2534200;3649275,0;2996000,0;22675200;53071359;2327162,0;16600,0;6736700,0
2018-12-03;90530000;32418200,0;27033719,0;36888452,0;27568700,0;7259200;6138512;;24941000;4078025;5766900;5802356;;313866,0;6188057;8350500,0;2263800;2309125,0;3440800,0;33897000;31501957;1367424,0;60800,0;5935600,0
2018-12-04;66867500;26844200,0;26509707,0;29335772,0;33320100,0;7323200;5068904;;22152600;5986994;7600500;5621142;;207933,0;5945493;5485100,0;2348100;2290400,0;920800,0;36799800;35144391;1511166,0;111800,0;4879700,0
2018-12-05;54183300;9656100,0;15862453,0;9515638,0;9199200,0;3045000;2017054;;9901400;1722527;3089500;4542367;;198233,0;2587972;3734600,0;3143700;880250,0;1244400,0;12728100;26302877;614549,0;20400,0;2790000,0
2018-12-06;99037200;21376400,0;21087849,0;18354223,0;17966500,0;5643600;5016156;;16511200;2585048;3965200;9365066;;270866,0;3470217;4586700,0;3034200;2150400,0;942000,0;35633400;32091758;1566163,0;35800,0;4370100,0
2018-12-07;87994700;19472100,0;19238340,0;17569519,0;16990500,0;5918800;6492024;;15668000;2886804;9554200;7321652;;485833,0;5419715;6867600,0;2027400;3958850,0;997200,0;33498300;34072216;2431011,0;35400,0;4479100,0
2018-12-10;73871100;14331300,0;17070004,0;30698663,0;20788000,0;4977400;4782486;;19037000;2489851;4602600;3897105;;313733,0;3321834;5137400,0;7361200;2261700,0;800000,0;21116400;28657234;1122333,0;74400,0;4084400,0
2018-12-11;64017600;19443900,0;22381961,0;26426312,0;18074400,0;6163200;6571145;;18636200;2309875;8241700;6530216;;276533,0;4826454;5615800,0;2704600;2759925,0;519200,0;27075600;38023831;1229202,0;26800,0;4390100,0
2018-12-12;63296400;15808900,0;36444757,0;38736731,0;20917600,0;8927800;6154969;;24942200;3133239;3592600;5452443;;243466,0;4148268;14972800,0;3535900;3089240,0;1787200,0;28453200;31969134;1264825,0;20600,0;5000500,0
2018-12-13;61946100;15149000,0;18595362,0;13205809,0;13558900,0;7142600;4471383;;16044000;2140675;4992000;3622781;;486800,0;3411991;5917900,0;4253700;2621360,0;1002800,0;26981400;20691643;979633,0;26800,0;3658600,0
2018-12-14;45231700;16910700,0;13770368,0;19249294,0;11488300,0;7909000;6795426;;14211400;3951215;4263300;3523663;;286966,0;2800617;4430000,0;2371900;1542660,0;2270400,0;20803500;20267175;1069107,0;30000,0;3553300,0
2018-12-17;53832000;21401300,0;16461810,0;18087171,0;15399600,0;7331000;4137704;;13141400;3123540;3941400;3928141;;205700,0;3332433;7378000,0;3464600;1361360,0;458000,0;44665200;20916323;703086,0;15200,0;3849300,0
2018-12-18;74740000;18988400,0;16439490,0;14721072,0;13908400,0;8605600;2902364;;16072000;3544921;4678300;4466778;;387133,0;4474414;6086400,0;4438200;2032100,0;939600,0;27048900;22651140;1944892,0;36600,0;4093500,0
2018-12-19;171157500;24414200,0;16972226,0;16838800,0;13065100,0;7952000;3133502;;15181800;3623953;5303400;3673340;;384866,0;4264988;9314200,0;3355300;2629340,0;1452800,0;35392500;23804017;1550643,0;17600,0;5664200,0
2018-12-20;141767000;25323700,0;30856688,0;23420542,0;14676600,0;6261400;3468658;;15483400;3662750;4226800;5003412;;975500,0;5314533;14694600,0;7159000;1974700,0;2128800,0;41170800;22468383;1337738,0;18000,0;6100500,0
2018-12-21;90384300;28272600,0;31905846,0;36331827,0;46930400,0;6919600;8384806;;27948200;4349965;6722000;6292435;;2053700,0;8315856;16687300,0;7702900;2887220,0;3909200,0;66267900;62388304;1333155,0;15400,0;6076200,0
2018-12-26;77104200;13356400,0;21713151,0;21125046,0;11460500,0;3030800;3136456;;14756400;2879260;2756900;3044097;;396300,0;3655225;6915800,0;1844600;995120,0;908800,0;24277200;25237907;1198787,0;30000,0;3355100,0
2018-12-27;74083700;14332000,0;15463863,0;17595394,0;12544400,0;6220400;2759946;;14068800;2312389;3410400;2974014;;343866,0;3100871;7241300,0;1330900;1161440,0;1348000,0;28835400;18372396;1454606,0;26200,0;3820900,0
2018-12-28;61634700;11914300,0;15502839,0;19362695,0;15498800,0;7181000;3437432;;25971800;2979846;3976300;11797941;;582800,0;3844661;5024700,0;3755400;1836800,0;5064800,0;36834600;25846835;1408567,0;59400,0;3649100,0
2019-01-02;104534800;17319600,0;28984066,0;37247502,0;18692900,0;4751200;5064684;;29810600;3033013;4900000;9109264;;431033,0;5471099;10675800,0;2415000;1816080,0;1463200,0;73845000;32965324;4601932,0;42800,0;5615400,0
2019-01-03;95206400;30120000,0;24856433,0;31131823,0;22739200,0;8316400;5315761;;17758200;2957214;24428600;9632382;;308333,0;4668412;9752000,0;3275400;2249800,0;1576000,0;48211200;49642992;2967648,0;53600,0;6066200,0
2019-01-04;72119800;43360100,0;28181675,0;23808981,0;27484600,0;8340200;4656737;;17718400;3112044;5789200;10535449;;585300,0;7069631;13260000,0;3572400;2397360,0;736800,0;65334600;42859755;2332058,0;24000,0;5322100,0
2019-01-07;121711900;20998900,0;19148946,0;30560665,0;17084500,0;5860200;3891269;;18787000;2377051;7126100;5750795;;470133,0;5270125;5160400,0;1644300;1664740,0;7306800,0;34563000;17602720;2323204,0;31600,0;4565000,0
2019-01-08;68761800;19925600,0;22157287,0;33927722,0;22108700,0;6306800;5417141;;29034600;2177676;5272300;6566759;;273633,0;7234247;6861300,0;2151500;1719620,0;2610800,0;34092300;22662538;1608660,0;132200,0;4496500,0
2019-01-09;70177600;27695500,0;23008397,0;27569588,0;16479100,0;7333400;3312210;;33436000;2783704;6623400;6118730;;225833,0;4499100;8683600,0;2344400;2154320,0;3593200,0;43927800;41125986;1809483,0;69000,0;5011400,0
2019-01-10;54763700;18113600,0;28032459,0;29781071,0;23347300,0;7390600;5072596;;20525200;2742752;6902900;8527577;;243466,0;4713087;6052600,0;6596600;2162860,0;1556800,0;37463400;61077824;1116292,0;2898000,0;4840600,0
2019-01-11;53980700;12360400,0;15442903,0;17275155,0;73632000,0;18957600;4321264;;13755000;4207708;5485900;6981249;;283133,0;4057978;5792000,0;4496400;1764000,0;1134400,0;30136500;39364967;1608869,0;69400,0;5330500,0
2019-01-14;46577300;14626300,0;19711367,0;13903785,0;31707300,0;7294800;4270416;;17948800;3831231;5932000;7838763;;478500,0;7761770;4978100,0;6748300;2889460,0;1465200,0;46510800;23910265;1417213,0;183000,0;4486900,0
2019-01-15;53731500;14480300,0;46588733,0;20090699,0;35536600,0;6071600;6545299;;18486200;3693644;11259800;6727950;;736266,0;12513898;5056100,0;2617900;1471400,0;1509600,0;27547200;43522135;2237480,0;61400,0;4836400,0
2019-01-16;40425000;15375100,0;19605771,0;17328981,0;19990600,0;4427000;7922740;;13349400;3979954;11537300;7580457;;1131666,0;3777983;7421700,0;3428900;1540280,0;3644000,0;25323600;34388078;1440753,0;60400,0;4257400,0
2019-01-17;50359400;25525500,0;29196956,0;15448757,0;22422400,0;4677800;15680066;;25958600;3224844;10277200;7674569;;313600,0;7625328;6578600,0;4318700;1703800,0;2750400,0;28993200;35950488;1351487,0;27400,0;4944200,0
2019-01-18;67021300;25815900,0;24162697,0;20097727,0;21264700,0;4663600;5111840;;26163400;2525415;7909400;9376580;;475600,0;7111758;7719300,0;5445900;1578360,0;2036400,0;38361900;29667704;1262534,0;20800,0;4884000,0
2019-01-21;45336500;10676600,0;8808508,0;12483555,0;9103600,0;2517000;8893922;;16599200;4491862;5046400;4615954;;260300,0;2383912;6901000,0;1924200;698460,0;2578400,0;24367800;18110903;646839,0;35600,0;2717600,0
2019-01-22;61307000;17154300,0;13807871,0;15685941,0;22633800,0;4864400;6066565;;20386600;7302150;8144300;5385363;;236233,0;3546286;8269000,0;2499200;2971780,0;2960400,0;22506600;31842448;1591786,0;46800,0;4256000,0
2019-01-23;52931600;13470400,0;30874136,0;17293203,0;26855900,0;5339000;3392174;;20394600;4293924;6808600;6558249;;240366,0;4782985;12083200,0;2405700;3223500,0;7852800,0;35742300;85183554;1613035,0;61200,0;0,0
2019-01-24;40109000;14118200,0;24113752,0;25768905,0;24197500,0;4605600;4351858;;19806800;4069044;7327900;7092381;;372266,0;5389126;6085900,0;1764800;2326380,0;11440800,0;72752700;50740059;1785630,0;24600,0;5019400,0
2019-01-28;65079900;183534500,0;25555494,0;26271224,0;32754800,0;8445200;4736385;;16801600;2812443;8294600;5396877;;263933,0;5076530;16305200,0;3492600;3850840,0;1316800,0;53865900;35044170;1849689,0;36200,0;7185300,0
2019-01-29;59419200;68335900,0;17930858,0;21450715,0;30181400,0;7113600;5093167;;24407400;5744871;7093600;4426731;;185333,0;2949402;9173800,0;2417100;2345840,0;2693200,0;29300100;25677703;2237688,0;91400,0;5262000,0
2019-01-30;62607500;67892500,0;21965357,0;34294439,0;19243300,0;7054400;5445308;;17100200;4936235;6752000;9815098;;447533,0;4821221;58174100,0;2653100;2813580,0;14204000,0;36645300;32062412;5761451,0;94200,0;6164400,0
2019-01-31;63253600;39814600,0;30523926,0;50802779,0;22631500,0;7442800;5020060;;30176600;3433559;10110900;14499133;;504800,0;6345160;15711800,0;5321400;2200100,0;10741600,0;34641900;34561010;4035193,0;39800,0;5976000,0
2019-02-01;47957400;21286700,0;15342292,0;26545304,0;19948900,0;8556200;12841104;;17208200;2319933;5208200;4988394;;150066,0;3803742;9806300,0;2956300;2259040,0;1099600,0;36630600;22571225;1932288,0;47400,0;4301600,0
2019-02-04;53874900;35888900,0;20038804,0;28072546,0;23329600,0;6665400;10292463;;15479200;1949204;4034600;3482615;;316266,0;3559300;11844100,0;2809200;1581440,0;1574800,0;23313900;22002385;1692093,0;37000,0;4278300,0
2019-02-05;40989100;21992300,0;80658836,0;27787606,0;23156300,0;5926200;7923795;;22853400;1622660;4456000;6838080;;970333,0;2973686;6626600,0;2162600;1706740,0;2480000,0;27119400;36396834;1877500,0;19400,0;4773700,0
2019-02-06;64527000;29257400,0;44387767,0;27403000,0;22891100,0;6501600;9427513;;32873800;2901533;4345500;5515517;;594200,0;6327317;13621700,0;2476000;2444960,0;1353600,0;54848100;36238576;1272012,0;197800,0;5458200,0
2019-02-07;55614100;31403200,0;34838503,0;30796731,0;41426700,0;5674600;14696119;;31334000;4228184;5061000;5770819;;496333,0;8766772;15427100,0;4040800;2175460,0;3208400,0;86789700;23795894;1302636,0;188600,0;5612500,0
2019-02-08;40153900;48169600,0;34947045,0;29588609,0;38093500,0;10514600;8754881;;20094600;2472608;6593600;4872758;;210500,0;11893536;12184300,0;2721300;1870960,0;6704800,0;38286900;52448674;1868646,0;61800,0;5302500,0
2019-02-11;39617300;30697300,0;20785904,0;16768204,0;29145400,0;6597800;6445712;;18936000;2437762;4654700;5594110;;401966,0;4656740;7512400,0;2588000;2318120,0;2108000,0;37454700;20431460;909012,0;12000,0;3767300,0
2019-02-12;72467200;36421200,0;25112491,0;32518832,0;23990500,0;6670200;7805747;;36666200;3662750;7544600;6855100;;301900,0;7292742;8744600,0;3715800;2115260,0;6516800,0;35465400;23186966;1036817,0;34600,0;4915000,0
2019-02-13;69042200;38153200,0;35669785,0;36950583,0;32536700,0;8431600;8263065;;29488800;4317993;5721200;6140756;;448033,0;5872107;8615400,0;2145300;2595320,0;10172000,0;49510500;34371833;2476425,0;28800,0;5814400,0
2019-02-14;81125500;24055400,0;37265389,0;34746766,0;20335700,0;4958400;7506565;;55715400;3788123;6929200;5343314;;462433,0;7965292;8507300,0;2476500;1883980,0;7479600,0;33276600;35579209;1367840,0;29200,0;5222300,0
2019-02-15;63841800;27877700,0;30422409,0;24143434,0;14836400,0;4641800;3509801;;25065200;3529474;4190100;6998269;;157766,0;5109266;6463700,0;1229900;1387260,0;5523200,0;22616700;41916230;1173685,0;17800,0;4586300,0
2019-02-18;43379000;18777400,0;19942839,0;15755259,0;14494400,0;3785000;3240684;;17618800;1681933;1974900;3799489;;154800,0;2030934;5179900,0;1142600;832860,0;3621200,0;19702200;20829857;728917,0;815400,0;2837100,0
2019-02-19;58041900;20523500,0;25550736,0;24445625,0;16276800,0;4774400;5344455;;27106800;3398354;3422100;11343404;;215600,0;5032660;7108600,0;1632200;1541260,0;4838400,0;34859700;153150077;973175,0;17600,0;4830600,0
2019-02-20;55114500;25493000,0;32575109,0;22781981,0;22077800,0;7179600;4879647;;33344600;5428745;4785600;5808864;;616733,0;4572755;16738400,0;1932900;3358880,0;3812400,0;42509100;146478984;1531894,0;39800,0;5906800,0
2019-02-21;46559400;21401300,0;28676909,0;37820577,0;15038500,0;4277000;4304596;;20685400;4561913;4120100;7270091;;542100,0;3120592;33739300,0;3043500;2980040,0;2273200,0;23302200;129751270;672879,0;40400,0;5814100,0
2019-02-22;36602000;17580700,0;19781160,0;44009248,0;22170000,0;4649000;5711365;;14520400;13700109;6264600;6061162;;514866,0;2774724;30544700,0;1899100;2489340,0;5758800,0;23856900;38061824;917865,0;50400,0;4426600,0
2019-02-25;54190800;16801500,0;14109588,0;24582824,0;9837900,0;5965800;6306248;;20278000;4643100;4067600;3380995;;404566,0;2424563;29381300,0;5272000;1107680,0;2549200,0;28860900;23158537;860681,0;35800,0;4360000,0
2019-02-26;46504200;10362900,0;9124162,0;26716683,0;12685600,0;6948000;3525730;;14574600;3792074;8764800;3025575;;332133,0;2239421;25779600,0;5978900;1671040,0;2338400,0;21534900;24325562;574030,0;33600,0;3555100,0
2019-02-27;49131400;15004800,0;11480349,0;16541880,0;16915100,0;4463200;3449774;;12539200;2863095;6185500;4676526;;447266,0;5273479;19500100,0;3052500;2395260,0;4956400,0;33839700;22034875;783394,0;26000,0;3873500,0
2019-02-28;93065100;17877800,0;20408162,0;26590345,0;49931300,0;7745400;4708956;;22092400;3597369;5014300;10809273;;596166,0;4719661;19320800,0;2183100;2540860,0;1903200,0;29739600;32803790;1675844,0;20600,0;5365700,0
2019-03-01;41978700;29872100,0;18300555,0;26155268,0;37227300,0;4650600;6134398;;18544400;3189639;4583000;5282242;;326633,0;5699039;24742100,0;2225800;2634660,0;3990400,0;28874400;37247212;1366486,0;27000,0;4054700,0
2019-03-06;18423400;15244200,0;10921100,0;13570769,0;18259400,0;4628800;4177581;;7795000;1742644;3753800;4108354;;247200,0;2940682;23299900,0;1976400;2104060,0;2231200,0;16214400;21509269;979216,0;19200,0;2715300,0
2019-03-07;32835300;21112500,0;21485645,0;20419722,0;20143000,0;4268200;4051726;;16948800;4454861;6030900;9270454;;372100,0;6755425;26332400,0;1253300;2132200,0;7831200,0;41576400;43082994;1313052,0;30200,0;4104300,0
2019-03-08;49564400;25446000,0;15369145,0;16822509,0;20486300,0;3931600;3585018;;16186600;6085424;7371500;4655501;;212466,0;3600353;20454100,0;2662700;1964620,0;4352000,0;32046600;22943290;1549914,0;22200,0;4054200,0
2019-03-11;66742800;20201600,0;22654901,0;26233850,0;24113400,0;3213800;6064139;;23071400;4386966;2496800;8904522;;533833,0;3430773;16926900,0;1914100;2381400,0;4714000,0;29343900;22380476;1557413,0;32800,0;4251500,0
2019-03-12;64287300;15591300,0;14852836,0;21300099,0;19858900,0;5294800;2834003;;16058800;2539784;3527200;5788840;;275666,0;2721999;23802000,0;3350200;1635900,0;2828400,0;18810600;24570025;1416484,0;33000,0;3832900,0
2019-03-13;61057200;21999200,0;25155772,0;28321710,0;20265200,0;4996200;7802582;;19158200;2578582;3193500;5452943;;425833,0;16947931;26947300,0;1858800;2412900,0;6017200,0;30388200;30437249;1620222,0;13000,0;4812100,0
2019-03-14;42777800;17257400,0;20177710,0;24349473,0;20534200,0;3716600;4022926;;16271200;1531055;3334500;11435513;;2325333,0;2748026;17055100,0;1871700;2286760,0;1247600,0;18288900;24562426;803809,0;11600,0;3584500,0
2019-03-15;61041100;26054400,0;21647098,0;22256023,0;31836900,0;5117400;5168701;;25429600;2848007;6894700;8319330;;927800,0;5290249;10177900,0;1347900;3604020,0;11000800,0;42188700;28882438;679024,0;37800,0;5136400,0
2019-03-18;91920600;23021400,0;12806412,0;10846425,0;31559300,0;6523600;3884834;;24193800;4854689;3498500;3475106;;2555666,0;3869213;13726300,0;966100;1035160,0;4301200,0;23386800;15479987;547261,0;43400,0;4204100,0
2019-03-19;69423600;32034400,0;39681965,0;34472687,0;16625600,0;3512600;4591225;;16919400;2430936;8073300;3689860;;1451666,0;3943672;34345200,0;3789400;912520,0;2468400,0;17635800;25472806;808705,0;23800,0;5231100,0
2019-03-20;68878000;25667000,0;29664772,0;36744384,0;18926100,0;5918200;4451022;;26628200;2606243;6753100;3747928;;1179966,0;3931732;31241800,0;2594900;1644580,0;3499600,0;26807400;24605790;922136,0;17800,0;4633200,0
2019-03-21;80121300;19660000,0;35755214,0;25797175,0;35961000,0;6398600;4268939;;31600000;3535940;7235000;4394693;;454533,0;4688133;23925900,0;3951300;2020340,0;2988000,0;28728600;35080197;1587932,0;13800,0;5321200,0
2019-03-22;104731100;25714700,0;34705489,0;39760377,0;33908300,0;7319000;5689211;;45764800;4975032;8908700;4971875;;257266,0;4356218;12634400,0;8781800;2759960,0;3366000,0;43600500;39085657;2605793,0;26600,0;6001100,0
2019-03-25;104772900;15897500,0;22557916,0;20953507,0;17569800,0;3732400;2790012;;27340600;3714839;5659000;3465094;;451333,0;3483230;10468900,0;4832700;1643600,0;4646800,0;22760700;34993862;1173997,0;28200,0;4508400,0
2019-03-26;91549100;13413800,0;18209236,0;23256190,0;30804300,0;4135600;3497141;;23563400;2749218;8010900;6147264;;883933,0;7706227;12991700,0;4818500;1345820,0;5451600,0;30936900;38476859;1853230,0;14000,0;4660700,0
2019-03-27;66415400;20805100,0;32088032,0;35715308,0;32628900,0;7087200;5913281;;38145000;5782949;7406400;7148447;;691333,0;7160995;14343700,0;4076800;1966580,0;5873600,0;42554100;51930666;1732404,0;23800,0;5726900,0
2019-03-28;69412700;28490000,0;35287058,0;36142879,0;21093200,0;5405200;5335488;;43732800;5030354;6659400;9997814;;558066,0;7500826;18122600,0;3736400;2245460,0;4410800,0;43207200;36540551;1705947,0;27200,0;5192300,0
2019-03-29;51587400;25118100,0;22320553,0;26932625,0;15839700,0;4381800;3923445;;21874200;2577504;4264500;6128241;;379666,0;6421498;22145800,0;3654700;2067240,0;3119200,0;27680400;38935128;753916,0;23800,0;4674600,0
2019-04-01;42289800;25392200,0;19521136,0;22168736,0;12340900,0;2713800;2673019;;14790400;1821675;4280600;5083006;;342733,0;5132207;13106700,0;1900700;1235080,0;2619600,0;18089400;21913430;1118583,0;9400,0;3753500,0
2019-04-02;38460600;21442400,0;18533727,0;17454734,0;15431100,0;5046200;4162179;;20064600;3997197;2962200;14930142;;264800,0;3726465;18676200,0;2277900;1847580,0;3737600,0;17003100;19763185;1651679,0;8000,0;3713200,0
2019-04-03;55120900;21477200,0;22057470,0;16439979,0;14753700,0;5614400;8781571;;37021600;4553650;3035800;2803813;;371500,0;8078122;18040300,0;2572100;1841560,0;5373200,0;39501600;19214127;887763,0;66200,0;4308900,0
2019-04-04;52248100;14145700,0;20454728,0;22280008,0;15281900,0;4374000;3496825;;23104000;2557387;5110800;5462955;;777800,0;4015717;17683600,0;3813300;1816640,0;11907200,0;33732000;34297158;953384,0;26800,0;4086200,0
2019-04-05;54708900;8359200,0;18345649,0;16063572,0;16184700,0;5234000;7297158;;14378800;2648632;2682000;4984890;;673866,0;2499157;11021100,0;2914000;1986600,0;2560400,0;19423800;26779879;1190350,0;27200,0;3689000,0
2019-04-08;55270000;14400900,0;10412949,0;11535510,0;10742400,0;5057600;4121141;;12500600;8657540;2257700;4064302;;619400,0;5100679;10078700,0;1805300;1812020,0;2658000,0;14254800;15987645;1190246,0;32000,0;3430800,0
2019-04-09;43863700;14745400,0;15165318,0;19063380,0;25773700,0;4783600;7070872;;16008400;3806803;3267600;5093519;;535633,0;3442311;11397800,0;2885400;1565900,0;2029200,0;24893400;21633858;1033692,0;29600,0;3733400,0
2019-04-10;62005200;15608000,0;29815914,0;15823859,0;20199100,0;5020200;8400525;;16107400;2286165;5571200;5186128;;456233,0;5223035;17739100,0;2181700;2426480,0;6130400,0;19480500;28771211;920261,0;64800,0;4574600,0
2019-04-11;56126400;10274300,0;13699556,0;13487156,0;15229900,0;2825600;4722565;;17110200;2338254;3347200;4774642;;403133,0;3685948;13048000,0;3256000;889980,0;4129200,0;23495700;16721556;852869,0;100200,0;3530500,0
2019-04-12;227307600;16905900,0;33375347,0;28133480,0;29774300,0;4754800;11811478;;35001800;2993856;5261600;9195866;;343366,0;6806407;20218700,0;1870800;1652280,0;1970000,0;22875900;24499935;1591266,0;85600,0;6712200,0
2019-04-15;117567200;15787300,0;18725884,0;22395938,0;18868300,0;4465800;7822309;;25571600;4712791;4065100;7255073;;210900,0;2440931;17119100,0;1757700;1303540,0;4575600,0;24966300;19154911;1518145,0;115000,0;4629800,0
2019-04-16;95149300;18935600,0;19252729,0;14552089,0;13454300,0;4311600;6712191;;26542800;2686352;3833300;6084690;;215300,0;3534748;22897200,0;2065700;1208060,0;2214000,0;23726100;14700223;1283262,0;107200,0;4581600,0
2019-04-17;103988400;26483700,0;40764433,0;32402928,0;31512000,0;9438000;7885501;;40179000;4421452;11393600;9580321;;289766,0;6668355;20293200,0;4296200;2653280,0;10189200,0;43870500;40821915;3102328,0;116200,0;6458600,0
2019-04-18;100942100;10706000,0;19844834,0;18296325,0;21532200,0;3473800;2792438;;33079600;4941264;4912400;4254026;;318766,0;5682403;9912200,0;2045700;1121680,0;7932000,0;47255100;25045193;1551268,0;84400,0;4933300,0
2019-04-22;45321900;16324700,0;11401605,0;14163703,0;19577100,0;3826600;2111788;;12519600;1562668;2635000;3888094;;461666,0;5589027;8969700,0;2278200;1107680,0;3712400,0;12063300;15806067;1336800,0;71200,0;3176600,0
2019-04-23;52199500;9890800,0;15183786,0;20794079,0;13912000,0;6381800;6165202;;15327800;1872327;4689600;5193136;;437600,0;4586842;10894200,0;6507200;1115800,0;16202000,0;34509300;19301903;1770526,0;129400,0;4309100,0
2019-04-24;57704700;19992800,0;16595051,0;21182731,0;21919500,0;8197800;5620745;;20820800;2918776;6043100;7211021;;361900,0;9421614;13851300,0;2150400;1288980,0;6677600,0;59086500;30688000;1896874,0;91800,0;4658800,0
2019-04-25;55201700;15916200,0;22194223,0;41204964,0;29435300,0;4724000;7570072;;19659000;2781908;7136300;16808863;;486633,0;8683592;11234800,0;2824600;1461740,0;7011600,0;30819000;31078536;1917289,0;230000,0;4878200,0
2019-04-26;52616600;10632700,0;11411236,0;13804998,0;14151100,0;3559800;11757781;;17268200;4154901;5780300;6408072;;187233,0;9689668;9046800,0;1434900;1810900,0;7787600,0;18727800;19709340;1093897,0;84600,0;3767100,0
2019-04-29;27689800;8729200,0;12525541,0;18010825,0;15043300,0;7049600;4795884;;33562600;1846463;4011500;4413215;;356166,0;4003374;8882200,0;1854500;1745800,0;8155200,0;17555700;23352954;769853,0;96000,0;3225400,0
2019-04-30;39570700;11371400,0;15296746,0;12718104,0;25093600,0;7653200;5410284;;16298000;7704852;6059000;9265949;;318366,0;7661954;12143400,0;3169700;1377040,0;9876000,0;23727600;17897359;2117695,0;70600,0;4228600,0
2019-05-02;37820300;15906200,0;16575223,0;17284232,0;23174500,0;6513000;4681739;;17095600;4867262;5301800;2770273;;415166,0;5165699;19452600,0;3710200;1908340,0;5460000,0;15633300;16100313;980362,0;85000,0;3863600,0
2019-05-03;33334800;10614000,0;35157216,0;20207508,0;21902300,0;4381600;3532799;;16262800;4319430;9627800;6300945;;248400,0;3867993;12286300,0;2369400;3027780,0;9340400,0;17203500;18350387;988591,0;78200,0;4014800,0
2019-05-06;31715900;10437300,0;16586780,0;15218520,0;16137000,0;4186400;2321405;;12629600;5526816;2991800;3652816;;206566,0;3246338;9336200,0;2260400;1601180,0;10201200,0;12279600;28573519;1013381,0;74000,0;3216000,0
2019-05-07;52454400;15190600,0;32977891,0;22871371,0;43377300,0;4258800;4453238;;21692200;6158349;3580400;3776963;;3210933,0;7837095;15606400,0;2858000;1906660,0;11024800,0;26702100;35456585;2055719,0;69400,0;4907400,0
2019-05-08;71780300;18474900,0;20450083,0;21069596,0;35491400,0;5450600;4445326;;28919200;3262922;2947800;4429734;;1898166,0;6162396;8996600,0;2281800;1406300,0;4748000,0;17428500;17265635;1576787,0;68600,0;4916500,0
2019-05-09;46663300;12456600,0;24543499,0;13867555,0;20651100,0;3783800;2586935;;30755000;3882960;9189400;3024073;;781533,0;5161918;15382900,0;2949200;1994020,0;5185600,0;15687600;17389962;1083273,0;102800,0;4152200,0
2019-05-10;33336000;25272300,0;16418076,0;14566197,0;15438500,0;3707800;2624913;;17950600;3176706;12132100;5316782;;440400,0;2768846;8934800,0;3790000;1663340,0;10661200,0;23719200;22944600;1305031,0;82200,0;4097900,0
2019-05-13;43146100;18657700,0;21598945,0;18722777,0;24573100,0;6029400;6915373;;20496600;3359556;8981400;4287566;;256966,0;4727967;9314700,0;3207800;2015160,0;10695600,0;21949500;49642337;1823440,0;104400,0;4662600,0
2019-05-14;34968600;14183900,0;15113880,0;16503601,0;18510000,0;4351400;3405994;;19284800;3669216;7898100;3326931;;522566,0;3631869;12771200,0;2227600;2495780,0;10892000,0;22562100;27040980;2380076,0;75000,0;4045400,0
2019-05-15;37053900;18447400,0;23968388,0;24808509,0;26326100,0;5409000;3762355;;20887600;5346839;7139500;9030170;;328866,0;4834686;11435000,0;5910700;2904020,0;6560800,0;41646000;56215698;2135715,0;67800,0;4791900,0
2019-05-16;46502200;49247900,0;20413714,0;29397264,0;27881900,0;8926200;5151611;;29345600;6388977;8161100;9633884;;583833,0;4931770;19008000,0;2660400;2294040,0;9854800,0;37843200;27073601;2140923,0;70800,0;5570000,0
2019-05-17;67291200;34079700,0;26983074,0;32340771,0;25763700,0;5355400;4887664;;28720200;3810754;12450500;6612313;;361233,0;3795790;15137600,0;4121700;3106180,0;6496800,0;32846100;32749683;1924580,0;70000,0;5342700,0
2019-05-20;54472000;23909600,0;27380871,0;19525370,0;43284300,0;5611400;4924693;;26172200;3698314;8445600;4714070;;597600,0;4499893;9075900,0;3601000;2201360,0;6123600,0;26321100;31423744;1370340,0;83200,0;4620000,0
2019-05-21;57846700;32381300,0;26574515,0;29764620,0;31103500,0;6699600;2620482;;28416600;4187232;10998500;6208836;;554800,0;4379026;15316600,0;2723700;1153040,0;8733600,0;40391700;32141672;1261492,0;93000,0;5397000,0
2019-05-22;48439300;21087400,0;14927841,0;20361504,0;16255100,0;3312200;2084887;;16412400;4001148;5250300;3741921;;582066,0;4195225;18878600,0;3654200;1144640,0;7155600,0;21654300;21464464;1414921,0;77400,0;4232500,0
2019-05-23;49527400;15786300,0;17894262,0;18735954,0;12687200,0;4138800;2044060;;17869200;3742500;4779800;4351141;;449966,0;3698218;12286600,0;2370700;1334480,0;6478000,0;25376400;21516212;1583558,0;105800,0;3787800,0
2019-05-24;35915100;24936500,0;13072667,0;12938251,0;15540300,0;4027600;2921880;;18547800;2908718;19416500;5231682;;294000,0;3529053;9989100,0;1558300;1543360,0;5696800,0;22659900;16163328;1205349,0;91200,0;3484700,0
2019-05-27;33892000;17281600,0;12018297,0;11599798,0;6924700,0;3097600;3377194;;15283000;1762761;6029200;3197278;;77066,0;3043389;11218600,0;1010100;830900,0;8804400,0;14886300;14877478;696107,0;83400,0;2544800,0
2019-05-28;60774600;37041000,0;36895918,0;43920338,0;40302300,0;17242400;6515022;;31982200;7423571;9998300;12786609;;402233,0;9065769;23549200,0;2324500;3459260,0;21354800,0;59054700;45109567;1297532,0;77200,0;6383100,0
2019-05-29;43124400;17842500,0;31874349,0;27660575,0;17718300,0;5511800;4170302;;22122400;5087831;8679500;5777327;;725533,0;5952372;16885900,0;1958400;1535380,0;16496800,0;28516800;50556909;1630013,0;66800,0;4559100,0
2019-05-30;71847200;12877800,0;18068630,0;18513145,0;14045800,0;5615400;3884306;;18037600;3253582;7013400;5900973;;452966,0;5932248;11899800,0;3192900;2002420,0;10587200,0;21859500;23211333;1234410,0;91400,0;4398200,0
2019-05-31;63137200;28857900,0;20639521,0;18205284,0;23080800,0;9479200;3291216;;20329200;3043790;9529300;12207926;;504400,0;4961164;8223100,0;6208000;3705380,0;11947600,0;39383700;23342080;2495486,0;77600,0;5089500,0
2019-06-03;53470600;22451600,0;21458113,0;24380060,0;18578500,0;5628800;3516341;;15384800;2996730;10070900;4319103;;294000,0;3767250;10675500,0;2789200;2400020,0;5444800,0;28697100;23157620;2175608,0;123800,0;4547900,0
2019-06-04;37331100;19537300,0;18756361,0;19514323,0;16407200,0;4877600;3455155;;22809800;2943563;12960600;6546235;;283866,0;4401833;10449100,0;2858100;2764440,0;6495200,0;19043400;30811934;1514707,0;84000,0;4293300,0
2019-06-05;65282100;14392200,0;13815348,0;14948061,0;13357100,0;5466400;2988869;;18513000;4566224;8552400;3257849;;231033,0;4009350;11857300,0;4603300;2009980,0;6954000,0;25174800;22972374;1108271,0;86200,0;3769100,0
2019-06-06;87836900;10869100,0;12972736,0;16194277,0;10219400,0;4140000;8808261;;15959800;2476559;8060000;3199280;;227300,0;4742725;7952200,0;2449600;2835280,0;5936800,0;26641500;15745017;983591,0;101600,0;4054900,0
2019-06-07;52235500;11626500,0;15132234,0;15805092,0;11447300,0;5445000;1989414;;13818200;3538455;7029000;7119413;;204266,0;4050208;6801400,0;4614800;2800420,0;5213200,0;14523600;15974413;1201079,0;102600,0;3718500,0
2019-06-10;39666800;11670100,0;20715092,0;19707850,0;14089900,0;4950200;2453063;;18282600;4220281;4401100;15313095;;585833,0;2543089;9438800,0;2613300;3104080,0;7498800,0;17376000;31693753;1951871,0;171400,0;3584000,0
2019-06-11;52437000;44669000,0;33011654,0;26825772,0;24719200,0;9129600;3881669;;26265600;4063296;7343900;4594429;;422033,0;4050818;16358400,0;3676400;3173520,0;7390400,0;35185500;33218956;1648242,0;133200,0;4922400,0
2019-06-12;43392200;24531300,0;19982721,0;28634335,0;21035200,0;11246600;8634722;;17639200;4783560;7579400;4293573;;382266,0;6628789;19143400,0;3746200;2535680,0;21149600,0;45345000;26324755;1644700,0;91200,0;4948800,0
2019-06-13;48981600;18058600,0;41781867,0;44256548,0;17586300,0;7690600;5758416;;31063600;4629808;10711600;4861745;;845300,0;8687312;11091500,0;2873300;3444840,0;23034400,0;47564700;39484578;1447940,0;79400,0;5594000,0
2019-06-14;42802400;20375200,0;21272188,0;16948155,0;15962500,0;7302800;2314865;;26201200;5325285;7441900;5406889;;560666,0;3940074;9984200,0;2958500;2491020,0;9522000,0;84969300;25970508;1192017,0;70800,0;9184900,0
2019-06-17;49290000;20551200,0;17717967,0;18445929,0;18256700,0;6131400;4637853;;13692000;4951682;8656900;3621779;;481366,0;7602923;6845700,0;3500100;1764140,0;16098000,0;51404700;14850621;761312,0;103600,0;3926300,0
2019-06-18;31332800;27229300,0;25822203,0;26954347,0;13201000,0;7507600;4125994;;24425200;3976721;6836000;5038954;;583133,0;7238248;13067700,0;3290500;1955100,0;14690800,0;56935500;36242637;1505020,0;490200,0;4524500,0
2019-06-19;33286300;23746400,0;26374993,0;20888447,0;23446200,0;6065600;4558205;;15928600;9344755;8175200;3905615;;441733,0;4276697;15382800,0;2744500;2460640,0;10118400,0;60546600;29102008;1341488,0;90800,0;4411300,0
2019-06-21;58424700;20492800,0;31106515,0;23594503,0;28297900,0;9411200;4088543;;29290800;4460968;6217900;8330844;;285566,0;8647552;10229600,0;4213200;4403420,0;15004000,0;67489800;33556042;1659283,0;319600,0;5490800,0
2019-06-24;27365000;9338300,0;25737001,0;12982973,0;14143300,0;4972400;1485995;;18067200;3041634;9109800;5440929;;315633,0;3439774;8174400,0;2966500;3202640,0;5181200,0;33701400;31058099;1258367,0;85800,0;3559800,0
2019-06-25;56472100;12449700,0;26954749,0;20308531,0;19199900,0;8019000;3888842;;31364200;3749685;6722700;5557567;;481433,0;3443677;7227000,0;2459600;2218580,0;6118800,0;54103200;64175786;947030,0;85000,0;4469200,0
2019-06-26;48901500;13277900,0;37241370,0;17154726,0;15422800,0;4782000;3252183;;26024600;2564212;5849300;4052789;;335833,0;4426958;8557400,0;4450900;4532080,0;8372400,0;46427400;119756879;878180,0;69600,0;5013800,0
2019-06-27;55219200;14941500,0;23374129,0;13366833,0;12537000,0;4822600;3175700;;27027600;2673779;6662500;4688540;;276700,0;3739930;7163600,0;3349400;2951340,0;4853600,0;26474700;35636329;967133,0;105800,0;4154700,0
2019-06-28;40262000;11106100,0;19957908,0;22523048,0;17249500,0;4775200;2969353;;28394800;3644070;10510100;8787384;;617600,0;3818719;10241200,0;4512900;3523100,0;46755600,0;24124800;23558507;1052650,0;126000,0;4079900,0
2019-07-01;46759100;22807300,0;18040532,0;15761435,0;16148600,0;6828600;2486188;;16566400;2566008;9595900;4000727;;436066,0;5102399;8423000,0;2908400;834120,0;6077200,0;25805100;13074012;994007,0;98800,0;411600,0
2019-07-02;57954200;48452700,0;21334503,0;18177200,0;15780800,0;4536800;3282144;;21172400;2554513;11365300;4004231;;537533,0;3173647;12181300,0;2899100;1654520,0;5356800,0;30580200;18468033;1515541,0;125600,0;4951600,0
2019-07-03;29291800;19929700,0;19999036,0;15631130,0;40587600,0;4501000;3860886;;23723600;4857203;6328300;4227996;;1690900,0;3099858;12131100,0;2868600;2579220,0;8127600,0;35592000;18541267;1641367,0;148800,0;4801200,0
2019-07-04;28577400;16192600,0;26215807,0;19060053,0;15014400,0;5196800;3109977;;18334200;4076947;6465200;4258031;;412866,0;2748234;5789600,0;4355600;1388520,0;5350000,0;30513600;21683248;1240764,0;102800,0;3978700,0
2019-07-05;27414700;27847600,0;16253791,0;17271854,0;22139900,0;8561800;3620781;;18783200;3536300;10389800;3537680;;288866,0;3813597;6863700,0;3450000;1041740,0;10066400,0;36728400;12821558;1177747,0;77400,0;4208400,0
2019-07-08;25318200;12777600,0;11237547,0;12413172,0;18757800,0;3160800;4181906;;13135000;3386858;5806600;4916309;;420600,0;4169368;8785300,0;3567700;842240,0;10584400,0;18608700;11625449;1058587,0;79200,0;3500300,0
2019-07-10;50715800;28106700,0;25793198,0;27363230,0;33415700,0;10135400;5105194;;25059200;4020547;9821100;10159505;;529166,0;9374218;10631200,0;5685800;2213680,0;10109600,0;53771400;29974002;1653450,0;102600,0;6815700,0
2019-07-11;48206900;18567500,0;17322437,0;26312139,0;18302600,0;5915200;4934609;;29312000;3875057;5531100;8490032;;660700,0;3177916;7167800,0;3519800;1395100,0;15428400,0;33111900;19548854;1622201,0;95200,0;4845300,0
2019-07-12;40908900;22248600,0;21213498,0;23367036,0;31136800,0;5054200;7668815;;25477000;6935013;6186000;8812914;;362933,0;2950695;6519400,0;3252100;2564800,0;5787200,0;37713300;41150616;1808337,0;74800,0;4748000,0
2019-07-15;36592400;20144200,0;18855725,0;15665736,0;16291700,0;7545400;4757273;;21417000;3363508;6963300;3512650;;1110366,0;3374645;7059200,0;2291500;1291220,0;7299200,0;18889200;24797325;1061191,0;86200,0;3995500,0
2019-07-16;54789300;17393700,0;20218045,0;12215252,0;9964700,0;12979800;4003515;;20702200;2504939;13276300;3175752;;378300,0;2406122;8310800,0;4636100;1260280,0;7232800,0;41873400;18680005;1611160,0;76600,0;4475800,0
2019-07-17;28923500;13876700,0;26198019,0;17275847,0;10416500,0;6163800;5455752;;13825000;9395048;13689300;5825383;;443966,0;5409141;5617900,0;1958900;1549100,0;6776400,0;15840900;16370060;2076030,0;72800,0;3818300,0
2019-07-18;35830700;12217200,0;18365476,0;18491716,0;11537900,0;3995200;1904597;;24922000;4474619;10498300;3344452;;405966,0;3658823;6668200,0;2785900;1085840,0;8235200,0;26078100;18287110;1688344,0;83400,0;4410900,0
2019-07-19;28418900;11523100,0;19425851,0;19097853,0;15923300,0;5632000;1892359;;17699400;5438803;10644400;2609583;;683033,0;5916393;4759700,0;2518800;1569820,0;7233200,0;17694300;16251890;1037025,0;76200,0;3484400,0
2019-07-22;22304400;11348100,0;21145292,0;18066062,0;12533800,0;2134800;3300078;;12776800;5378811;4942800;5218166;;163233,0;4878228;5347300,0;4557500;1449420,0;7728800,0;10702800;20553691;1916977,0;92400,0;3464400,0
2019-07-23;21124400;11146800,0;23938590,0;19371507,0;15130100,0;3183200;2773555;;25341200;4084850;5887800;3774960;;528700,0;3264999;5628300,0;3851700;1475180,0;4861200,0;20164800;18526594;2199565,0;74200,0;4050300,0
2019-07-24;27939600;25121800,0;16643203,0;23880802,0;11971400,0;10416200;4114706;;30775000;3118510;5257200;10568989;;788600,0;3252436;15232900,0;2971500;1857660,0;2981600,0;23201400;21293104;1803337,0;90200,0;4872700,0
2019-07-25;26892300;12761900,0;25357333,0;71658244,0;75250600,0;6953600;3287418;;35424000;4033480;5812200;7832255;;3248566,0;7073473;7773000,0;3048800;1386840,0;4624400,0;21772200;29770153;1763131,0;79800,0;5804700,0
2019-07-26;75644000;12604500,0;26994858,0;33354860,0;35478100,0;7518600;2337019;;16217600;4252972;7620500;8257257;;1585266,0;5595747;6645500,0;3713200;2192540,0;7388800,0;15914400;24413076;1675428,0;81800,0;5141400,0
2019-07-29;26493300;8462200,0;22919117,0;19152291,0;36618000,0;4127000;1609423;;10184400;5192009;6263000;4234503;;708133,0;4051672;6037700,0;3476300;2197160,0;5154400,0;12600300;17563025;1242014,0;85400,0;3559900,0
2019-07-30;38201600;10182500,0;50086077,0;40448158,0;24255200,0;5944600;2370249;;18490000;6342995;4489400;5333302;;1065500,0;7822459;6472100,0;2440500;1517740,0;9878000,0;16939200;21727398;1848126,0;855600,0;4060500,0
2019-07-31;39890200;23244900,0;40269086,0;42927545,0;27074600,0;9391600;4136649;;22667400;5660091;6537300;10109446;;1188566,0;15274878;18336500,0;6971900;1703660,0;12655200,0;30289200;35085699;2196753,0;82200,0;5072900,0
2019-08-01;91345800;45701400,0;37163986,0;39146440,0;26961600,0;8699000;6945439;;29717000;8912956;9869600;15730088;;895666,0;10800109;11007600,0;5097100;1419460,0;15182000,0;40686900;37230705;3153367,0;78600,0;7129100,0
2019-08-02;64112900;19834300,0;31506464,0;32229765,0;15526900,0;5095000;6882143;;16607800;5126629;14090200;9343541;;454366,0;7213489;10210900,0;4339100;1802640,0;7515200,0;44697300;27985945;2200190,0;70600,0;4923500,0
2019-08-05;48277000;36490300,0;24126781,0;27430179,0;20704700,0;6521600;5912226;;16970800;6681394;6608000;6562755;;384500,0;4834930;16685700,0;5907000;1929060,0;6516000,0;36307800;25552066;1697301,0;77600,0;5000400,0
2019-08-06;44208100;21913400,0;20106444,0;37678081,0;21755600,0;7127600;5206468;;17148200;7838532;5424500;11443522;;466533,0;8830133;16660600,0;4029800;1419740,0;10607600,0;28109400;32396746;1800525,0;82200,0;5074800,0
2019-08-07;67698500;20828200,0;36330551,0;42189505,0;18799000,0;10405200;4914565;;22837000;5212441;4968700;5778828;;506366,0;6397056;10698500,0;3931400;2717680,0;11150000,0;25440900;39898304;3257840,0;75400,0;5570600,0
2019-08-08;50256700;24237600,0;34212974,0;25420635,0;47777900,0;8289000;6962319;;24360800;4381128;5722700;7029306;;971500,0;4480013;9526500,0;5750500;2114840,0;5738800,0;29943000;47927171;2911192,0;75200,0;5538300,0
2019-08-09;36641500;24707500,0;13465478,0;19384018,0;18921100,0;5316000;3411902;;16614200;5420886;16501500;4038772;;371566,0;2894225;9076700,0;5084000;2240140,0;3776400,0;27090300;26352136;1043483,0;390400,0;4549300,0
2019-08-12;36122000;16409000,0;22939624,0;29025516,0;26937600,0;5506000;3802653;;21299200;4348842;5805900;4775643;;372500,0;3042657;8475600,0;4918800;1470980,0;9730800,0;24594900;27985421;2184045,0;69600,0;4509700,0
2019-08-13;45330500;19989100,0;15448455,0;22951098,0;21165200,0;4901200;4804323;;19271400;7234569;15689700;5656183;;614133,0;3558934;10393700,0;2949500;2005080,0;13035600,0;31440300;29732291;1852397,0;75800,0;5198900,0
2019-08-14;54401100;24950100,0;23531503,0;29252185,0;27713200,0;10295400;5720754;;23003000;5949320;10902300;5527531;;1453733,0;6161786;7833000,0;4244500;2550800,0;9528400,0;52656300;39564624;2387367,0;82400,0;6485200,0
2019-08-15;53894500;24570500,0;21625004,0;29948032,0;21761100,0;11417800;4508200;;21692400;4524867;5520000;7226539;;846233,0;6530364;11585800,0;5382000;2290400,0;9853200,0;29555700;46672632;1574183,0;77800,0;6585300,0
2019-08-16;56782000;19541100,0;16250619,0;19358729,0;17271500,0;7060200;3693361;;19495200;4022792;5841100;5379857;;930266,0;4094238;7753400,0;5773300;1745800,0;9343200,0;40022400;23915636;1367528,0;10800,0;5483400,0
2019-08-19;50699300;27533700,0;25638203,0;32985640,0;16230300,0;5509600;3523832;;20911200;2599731;4899300;3251842;;598666,0;3882385;5561700,0;3659300;1129520,0;9868400,0;48268500;24882480;1429087,0;84400,0;4924000,0
2019-08-20;37141700;16865100,0;19603279,0;21706480,0;15670100,0;5638400;4610003;;13199600;4641124;8911200;3123691;;506533,0;4492941;11588600,0;3784300;1758960,0;7742800,0;33436200;20854356;1398776,0;76800,0;5235200,0
2019-08-21;87840800;16171800,0;22148790,0;25938128,0;17575900,0;5846000;3728596;;27300600;2865385;8989400;3027077;;558733,0;3311345;11917800,0;10405500;1637020,0;7322000,0;25780800;32579110;1610639,0;96800,0;5969700,0
2019-08-22;40808800;12254400,0;15354416,0;16565093,0;26247200,0;3986400;2742539;;15065200;5930325;8541300;3008555;;509000,0;6318511;9673100,0;5455800;791000,0;11722800,0;15178800;17466602;1044004,0;85000,0;4495500,0
2019-08-23;58032300;26087800,0;29781924,0;29252451,0;28288000,0;5443600;3550838;;26118000;7454016;16766100;4122872;;586733,0;6013233;9520200,0;5208600;1659420,0;56884800,0;31372800;26517469;1726154,0;87600,0;5668800,0
2019-08-26;39688800;13270500,0;20180429,0;21668813,0;16632700,0;5917200;3342803;;13994800;4334787;7289800;13600071;;278200,0;3428188;6170900,0;2928800;1762460,0;86392000,0;40347900;34241348;1506166,0;83400,0;4136800,0
2019-08-27;70475200;27809400,0;32389410,0;32621345,0;31854400,0;10621400;6000842;;25205800;5844334;8525400;21435330;;495866,0;7832582;13581100,0;3596500;3246740,0;49428800,0;73250700;56475619;1116188,0;100600,0;6581700,0
2019-08-28;41981500;13467000,0;16420455,0;17731715,0;15473700,0;8979000;2127718;;16904200;4961426;4873200;7173476;;446600,0;3576253;7704400,0;2149900;2372300,0;11869200,0;26244300;17098730;772561,0;71600,0;4350800,0
2019-08-29;61008800;23487000,0;19169793,0;21709275,0;16894600,0;7083800;4630996;;17489800;6271553;6566800;4558386;;1067466,0;5235219;12709300,0;2968900;2237620,0;29396000,0;27588000;34144271;1492417,0;100400,0;5163300,0
2019-08-30;54958200;27305700,0;28678156,0;36239536,0;22981700,0;7836400;5437607;;23972000;4989491;7322900;8569126;;973933,0;5711370;8390100,0;5140600;2596440,0;10026400,0;39487800;29817316;1046712,0;84400,0;6109600,0
2019-09-02;19049900;12757600,0;9478791,0;12854798,0;8064200,0;4758400;1928439;;10778400;3067948;3276800;4272548;;734566,0;1607862;6562600,0;2115800;948220,0;9079600,0;13083600;14117496;899533,0;78200,0;2685400,0
2019-09-03;47829600;13227000,0;21658767,0;18683247,0;20597800,0;7725400;4141713;;22157400;3322016;4233100;6686401;;578066,0;2861905;12952200,0;5296900;1450820,0;9803600,0;28326000;22126582;1044525,0;75800,0;0,0
2019-09-04;56179000;12439100,0;17459076,0;17994853,0;15174900,0;5811800;2753194;;14053600;3527768;5701800;5388868;;865766,0;2617487;7659000,0;34204100;1455160,0;12059600,0;25464900;21642504;976300,0;66200,0;4310700,0
2019-09-05;48586800;20284900,0;47627014,0;26544931,0;15042800,0;4203600;3340377;;24718400;3214201;10932100;11730862;;845300,0;4051672;10216400,0;5258800;1945860,0;8454000,0;23778000;39005610;1569392,0;81200,0;4814300,0
2019-09-06;48502200;10419000,0;24245520,0;32827784,0;13073200,0;3640200;2037731;;28078200;3539173;3948100;4282060;;678033,0;2305623;6102700,0;3662800;1755880,0;11747600,0;19605900;33761332;1750215,0;75400,0;3976000,0
2019-09-09;37303000;24430000,0;39482670,0;32587006,0;11456600,0;3430800;6535171;;26966600;6446814;11578700;6833074;;1841333,0;5014828;8436100,0;8915800;2034480,0;18168400,0;45550800;32812567;2073947,0;105400,0;5516800,0
2019-09-10;44109400;21440800,0;25237235,0;27172365,0;23425400,0;5923000;10367786;;16896400;10782679;8563300;4693045;;1022600,0;4585634;9938700,0;6035100;1156820,0;13550400,0;29325000;24563736;2462363,0;99800,0;5478900,0
2019-09-11;51540400;16872500,0;18544604,0;19352473,0;28800600,0;7131200;4817194;;28189200;7370809;6760700;3301401;;523500,0;6069337;9717000,0;7019900;1064140,0;7500400,0;38119200;17139867;1981140,0;116800,0;4877000,0
2019-09-12;41028300;39340500,0;15460578,0;24002056,0;22002000,0;5927800;3479629;;20399000;5671093;8373400;3886592;;700866,0;4709672;7740000,0;3036200;1293040,0;11838400,0;31815300;52015560;1150561,0;124000,0;4962500,0
2019-09-13;24709400;22067600,0;28419039,0;28031259,0;16045800,0;6664000;9196375;;15950200;3493012;11374900;6862108;;622000,0;4978117;3917400,0;2349400;1020460,0;8963200,0;27317700;35112818;1938955,0;104200,0;4039400,0
2019-09-16;167634600;26369500,0;22842752,0;20793547,0;14858800,0;5812200;4615910;;16351000;4793619;8313100;4291070;;541366,0;5179603;4770600,0;3267200;1172640,0;6492000,0;22358100;41762164;1812920,0;106000,0;6038700,0
2019-09-17;67414800;14473900,0;13879363,0;24177215,0;16934100,0;3760600;5687101;;13488400;4653832;5200500;5142076;;1122433,0;5595625;4361000,0;5302100;2502780,0;6304000,0;21891000;21678139;1272950,0;105000,0;4574900,0
2019-09-18;40567100;15335300,0;15087367,0;18018811,0;18071900,0;4662200;5278099;;17056600;2871088;6153000;2240647;;459166,0;3020947;6435000,0;4084400;1103200,0;6202400,0;14812200;17650670;1422421,0;115000,0;3882100,0
2019-09-19;42155100;15680000,0;20381537,0;19203534,0;31691000,0;4954400;5440244;;19323600;5198116;5402200;8358377;;446666,0;6003719;6715100,0;5630100;1981980,0;14179200,0;33310500;27904196;1153269,0;93200,0;4915800,0
2019-09-20;51946900;23870900,0;37275926,0;39010279,0;32308600,0;9981800;5503119;;30594600;4795595;18068600;8773367;;555866,0;7636219;9355500,0;4857000;2236500,0;4593600,0;39284700;42143924;1913227,0;88800,0;6769100,0
2019-09-23;32643100;11946300,0;14969309,0;17156323,0;13285800,0;3812600;5748605;;11494600;2769874;8164400;2736233;;685766,0;2242567;7293000,0;2449100;943320,0;5270400,0;12484500;15385005;1359716,0;91400,0;6769100,0
2019-09-24;36643400;15322500,0;11893780,0;15409120,0;16081600,0;4554800;5725607;;23998200;4233887;4344700;4321606;;630466,0;3277073;13607700,0;2278100;1021160,0;3006800,0;18534000;17646477;2867341,0;106800,0;3972200,0
2019-09-25;29038400;14554600,0;16169836,0;12891001,0;15272500,0;4842200;4448069;;21829600;2543915;5238500;8532582;;976666,0;3750541;8728200,0;2761900;1839040,0;6686400,0;23843700;19294567;1561163,0;202400,0;4117500,0
2019-09-26;33705900;12257300,0;21152430,0;19977511,0;33348400,0;4058600;2106302;;17521200;3114155;6793000;4936833;;815966,0;3023264;7015300,0;1996800;886480,0;8463200,0;19743000;22823679;958696,0;101800,0;4138700,0
2019-09-27;31886800;13450600,0;18327294,0;18152444,0;12432300,0;2260200;2197344;;15873000;1835057;4820900;3672840;;505200,0;3309882;6121900,0;2115300;777000,0;5270000,0;16953300;12957807;2616313,0;82200,0;3471200,0
2019-09-30;23143400;12116600,0;18111458,0;19269951,0;21606700,0;3984400;4993475;;10862600;2322493;5135600;4393191;;546766,0;3859333;9319700,0;3386100;1467480,0;4834800,0;20167800;22254315;1110771,0;101800,0;3895800,0
2019-10-01;32423200;16083800,0;19370107,0;18953040,0;24459600,0;3819800;4872895;;13184400;2902476;4872600;3640802;;759100,0;2932400;11018300,0;2859700;2236780,0;3885200,0;18818700;27268673;764228,0;82600,0;4095700,0
2019-10-02;51261200;24637800,0;26887449,0;25454443,0;17900100,0;4599600;6549624;;38445200;3983771;3826900;3352962;;1285800,0;3648456;11561600,0;3143100;1948240,0;5079600,0;21341700;27462959;1322322,0;80200,0;5066200,0
2019-10-03;46076300;24569900,0;24835586,0;22194291,0;19307100,0;4092000;8544419;;30768000;2603324;4376200;2971511;;638566,0;3646017;8589000,0;3195000;1224580,0;23646800,0;16682400;26716340;2275499,0;76800,0;4665600,0
2019-10-04;47951600;21339100,0;28530639,0;18406931,0;35765000,0;4212800;3163357;;14456400;6708696;5753700;4034767;;752266,0;5869070;5842200,0;3455400;1023680,0;19309600,0;30426300;27003904;1300657,0;102000,0;4649400,0
2019-10-07;26252500;12531500,0;17645455,0;29808410,0;17635100,0;6334200;2936333;;26487200;4449697;3881900;5663192;;812666,0;4570876;6670500,0;2775400;1715840,0;12356400,0;20408700;28731516;1890416,0;78400,0;3938300,0
2019-10-08;30418900;14671300,0;16865951,0;22898790,0;19185600,0;5305800;3547673;;23554400;4788275;3856100;5494492;;478600,0;3971175;14552300,0;1979400;1457820,0;7935200,0;40073700;24595833;1305136,0;84800,0;4342700,0
2019-10-09;35141400;9509400,0;14097805,0;18797979,0;13310500,0;3710200;1867674;;18528000;4029438;2518400;3855055;;623966,0;3970931;8053300,0;1720300;1600760,0;5549600,0;9340200;16331412;1923851,0;75400,0;3939000,0
2019-10-10;31056500;15441700,0;12342562,0;15544216,0;23781900,0;3928000;6431892;;12938000;3413891;9402600;4147901;;538133,0;2953622;9892100,0;1752400;1930320,0;8820400,0;17980200;12983223;1234514,0;71800,0;4373100,0
2019-10-11;37055300;24527700,0;22626576,0;21677863,0;18950100,0;7072400;5698600;;18216600;4932822;10614800;4443250;;518100,0;6968096;10540900,0;1791700;1205400,0;6365200,0;18713400;26170689;1420858,0;96400,0;4351800,0
2019-10-14;20809900;11520400,0;11634550,0;15452510,0;7716500,0;4442000;2137529;;13727000;4953478;5824200;4793664;;323333,0;3310979;5488800,0;1616800;1600200,0;4174000,0;15448500;17009382;1383569,0;130400,0;2987900,0
2019-10-15;30455300;14669700,0;18101714,0;26255439,0;12359100,0;4202000;4392473;;29577000;4305554;4052400;23720530;;550533,0;3358668;8141300,0;3272800;2176440,0;4703200,0;28770600;25536083;2692871,0;108800,0;4093400,0
2019-10-16;31381300;24417100,0;20011385,0;27560617,0;22029700,0;6086400;6129334;;30479400;4626395;5539400;13453397;;599666,0;5235585;11912200,0;6828800;1806280,0;4034000,0;26614500;23988739;1235452,0;176600,0;4509400,0
2019-10-17;31405400;14158400,0;19322521,0;28942595,0;12012200,0;5246600;2260535;;49907600;5996514;4626100;6105214;;460533,0;2466617;7085400,0;8377900;1024940,0;2686800,0;22557600;19748774;1088168,0;85600,0;4189000,0
2019-10-18;36070900;16452100,0;12936707,0;17146208,0;10737900,0;3755400;2279102;;94233200;3208903;3915800;5554063;;657533,0;4190346;13528900,0;5255800;2401560,0;3526400,0;18160800;15663661;1386694,0;269200,0;4478100,0
2019-10-21;43337700;13486800,0;18556274,0;16341086,0;21747300,0;5808000;3726381;;31502200;2775262;4701200;3457585;;853400,0;2048765;7974800,0;2403300;1173900,0;2964800,0;18636900;15212860;712043,0;97800,0;3504900,0
2019-10-22;64228700;15194800,0;40264667,0;38381381,0;23053700,0;7038000;4127998;;34194600;2692638;8056100;8873485;;630100,0;3451239;6321000,0;3127900;1944740,0;4074800,0;29009700;30566423;1541164,0;168800,0;5224900,0
2019-10-23;45930600;12362800,0;38952766,0;36496419,0;23271200,0;16478200;5115532;;41522600;3633383;5064600;6003093;;595766,0;4646738;9808400,0;2916700;2092440,0;8592800,0;28879500;28600900;1864375,0;96400,0;4656200,0
2019-10-24;60529900;14646600,0;30875043,0;28947120,0;42853200,0;9002200;27180757;;44281000;2688013;8180200;3606762;;606500,0;13680187;31473200,0;3531400;1623160,0;10811200,0;20489100;19859869;1515332,0;106400,0;5619200,0
2019-10-25;74476900;21754000,0;21476581,0;21644988,0;82318800,0;8593400;16799362;;20923200;3660639;4646600;5722262;;471566,0;9803047;18757300,0;2361800;1257200,0;5451200,0;16563000;15348978;1184621,0;80400,0;5398900,0
2019-10-28;37461800;10932200,0;23766261,0;50467127,0;29041200,0;6520600;6019303;;28999200;4754013;2625700;3138208;;598700,0;3737612;7937800,0;1828600;1217440,0;3134400,0;13369200;12273942;1178997,0;83200,0;3967200,0
2019-10-29;49994200;10091200,0;18759987,0;27647665,0;28627500,0;6168600;6467971;;20788800;5605263;2412100;6772002;;290500,0;3097785;10881400,0;2465700;1267700,0;3712400,0;17026200;18644370;769228,0;76200,0;4313200,0
2019-10-30;63001200;15325200,0;26711381,0;25465490,0;15607300,0;5801000;7006310;;31496400;14411258;3415100;3438563;;545966,0;7517303;13123700,0;3108300;1210020,0;4498800,0;20459400;22458427;3358355,0;67400,0;5450600,0
2019-10-31;67070400;21765000,0;29501393,0;51040389,0;20426500,0;5870800;5060992;;28340600;10769208;6564600;6070673;;595400,0;4370000;11923100,0;4220900;1869840,0;2920000,0;15746700;30242701;2192274,0;84600,0;5376000,0
2019-11-01;101210200;20151300,0;21479867,0;29501881,0;14655000,0;6839200;6354987;;24608600;10377194;21927200;8036496;;1063666,0;3955564;7440200,0;7649300;2638720,0;6344800,0;19698000;18454408;2074885,0;78200,0;5466300,0
2019-11-04;81023400;20980000,0;11404098,0;15937394,0;12268600,0;4862200;6516288;;22246000;14074521;9880400;6167287;;963600,0;2979479;9877200,0;4050300;1349320,0;4722800,0;16377000;15912053;982549,0;104400,0;5182200,0
2019-11-05;92980900;15951200,0;53231512,0;30057706,0;16763700,0;6522600;5658301;;18492400;8166827;10436800;4763629;;956400,0;7531207;8878000,0;3245000;1561000,0;12648000,0;18374700;27076614;1339405,0;123400,0;5657600,0
2019-11-06;154003100;14879300,0;21562009,0;16237800,0;10565900,0;7060200;5709783;;21688400;5296008;8259600;4576908;;1813233,0;4066674;9724300,0;2271100;2166500,0;5029600,0;21724200;24810688;1032859,0;126600,0;5505500,0
2019-11-07;96329000;26788900,0;17776203,0;13497937,0;13188400,0;6821200;8785791;;28996200;4391052;12168700;4458268;;718100,0;5151673;14747000,0;1572800;2147180,0;2470800,0;14865300;28653959;697148,0;94400,0;6075600,0
2019-11-08;61567700;19854000,0;17094704,0;29049873,0;15252400,0;12025600;4519066;;33611800;4777678;6803300;4035769;;1517366,0;6608543;9939100,0;2092100;2053940,0;4245200,0;26497800;22255232;732251,0;147600,0;5419600,0
2019-11-11;30570500;20385800,0;19804840,0;23574139,0;11838200,0;7479800;4459462;;20247800;5013066;5858000;4034767;;906700,0;4217300;4929100,0;2449500;2079560,0;4936000,0;23869500;20413774;940677,0;80200,0;3928900,0
2019-11-12;41655600;13130500,0;22256652,0;19981903,0;14096800,0;10546800;5092534;;33016600;7346022;7446400;8094565;;771166,0;5508420;9189800,0;4367400;1975540,0;4128000,0;26646000;20504301;744229,0;96200,0;5219300,0
2019-11-13;41827700;16882100,0;20040504,0;20086653,0;11332700,0;12015600;4653150;;26175200;10248408;6706200;3605760;;1028933,0;6987854;12135500,0;3092000;2053520,0;4842800,0;23459700;29050391;900470,0;142600,0;5339000,0
2019-11-14;44595200;14155900,0;15875935,0;24764985,0;18222200,0;12256000;3456632;;24067000;8113346;5431300;5053471;;1805133,0;5772230;5752500,0;4237300;1138060,0;2225600,0;19743600;16190316;602362,0;76400,0;5364300,0
2019-11-18;54468100;16777800,0;15120338,0;25034645,0;9445200,0;10214600;3874179;;31171200;12418407;8213400;3927140;;1204133,0;4771996;6270400,0;2183800;1404060,0;4396800,0;30305100;18841015;1282845,0;94200,0;4919800,0
2019-11-19;33740200;13108100,0;20266650,0;15653092,0;9754500,0;6212600;4676570;;16236000;6705507;3907000;6977245;;1296633,0;3559300;8358200,0;3020700;1641360,0;6399600,0;33955500;22816735;1442940,0;229800,0;3610300,0
2019-11-21;53033100;15624200,0;29530285,0;38837115,0;19540600,0;9195600;5713369;;22505600;4810323;3714900;5106534;;1440266,0;5116791;15706100,0;3362800;1844080,0;9833600,0;32799300;22211737;1514082,0;82400,0;5819400,0
2019-11-22;34786000;27680500,0;18618589,0;22091538,0;17014400,0;6226800;4823312;;15279600;5386714;5907400;4945343;;1134300,0;5224974;10515600,0;3249800;1322580,0;2395600,0;24955800;19730826;574655,0;78000,0;4796100,0
2019-11-25;29868400;24507100,0;17224432,0;19302162,0;7860100,0;7224400;4148675;;14860200;4075959;3909700;3934148;;1287433,0;3265487;11053100,0;3256300;1655080,0;4185600,0;38181000;27549686;619653,0;68400,0;4512400,0
2019-11-26;54147800;32446500,0;29657861,0;42977457,0;32541200,0;13020200;6446029;;30660000;8076524;8815900;16885453;;9961800,0;7405462;16435200,0;4097000;2547020,0;9953200,0;68288700;49345864;1092856,0;100200,0;6904900,0
2019-11-27;33072500;13507600,0;21942357,0;23903562,0;8765700,0;9989000;2152720;;22475800;7311984;5978500;6050650;;429100,0;3875311;10686100,0;6209300;3661280,0;3880800,0;30843300;19738817;1133687,0;87200,0;4418200,0
2019-11-28;46602800;10145300,0;17958276,0;20297750,0;5109500,0;3993600;4299954;;13819800;5409840;4109100;5733375;;574533,0;1913872;4687600,0;3927900;1332100,0;1890800,0;13985400;15489812;532887,0;82800,0;3666100,0
2019-11-29;37699000;10290800,0;18729509,0;18767100,0;8325200,0;8840000;3483427;;14571000;5109026;4842400;6431900;;703133,0;3298051;9435300,0;1790600;2894220,0;3236800,0;17702700;19825152;615486,0;91200,0;4186600,0
2019-12-02;31353600;23952200,0;18635470,0;15525848,0;10259800,0;7874000;3516341;;19454800;4424551;3020600;5464957;;805633,0;4493551;15507400,0;2666200;2466800,0;3670000,0;22399800;17508525;784123,0;661600,0;4708000,0
2019-12-03;29194000;13479700,0;18127093,0;19495556,0;97511800,0;5404200;3271805;;35073400;3866885;3905200;3995421;;915133,0;2988138;11789000,0;3389400;2122540,0;3768800,0;14747700;19228538;942239,0;83000,0;5223100,0
2019-12-04;44960000;9105800,0;38590319,0;22446117,0;21779200,0;6209200;4084851;;30058200;6551935;5002600;4957958;;662400,0;3818597;9831300,0;3365300;2943360,0;3189600,0;23739300;21064756;906616,0;79400,0;4889500,0
2019-12-05;50447000;9503500,0;32944354,0;23276794,0;34121900,0;13509800;2127190;;18946200;4382475;4066400;2896723;;632400,0;2668103;7690100,0;2482100;1449420,0;4848800,0;19102200;18201692;968071,0;95200,0;4399100,0
2019-12-06;44348600;13892600,0;32623828,0;26245855,0;19544400,0;10097000;3302610;;19271400;3391708;3729300;5081504;;837700,0;5007023;9436400,0;10474400;832860,0;7085600,0;19980900;22794464;1071294,0;71800,0;4968100,0
2019-12-09;34694100;19388300,0;30252119,0;26372167,0;13479000,0;10103800;2777036;;16859800;5730456;3140900;4934731;;793900,0;5780036;14209500,0;3531600;1064840,0;10623200,0;34892100;20487794;509971,0;84600,0;4991500,0
2019-12-10;27532700;13878600,0;24390430,0;29095660,0;14715500,0;9318200;3622047;;13054600;3788976;3480200;3732710;;1232166,0;3115104;9889700,0;6204200;917000,0;7726800,0;27294900;21858145;591008,0;82000,0;4758800,0
2019-12-11;38458300;15572100,0;41970398,0;34195519,0;29652200,0;12522600;3921335;;19959400;5059766;5541000;9933338;;789933,0;3792741;7820900,0;4342000;1325100,0;16225600,0;44923800;27083164;508096,0;87200,0;5146100,0
2019-12-12;47797800;25140900,0;26461781,0;18787597,0;17463900,0;8871600;3391119;;16996400;4070750;3063200;9436651;;578333,0;3942269;12299500,0;5201200;1391460,0;5041600,0;57205800;30331525;827974,0;79600,0;5682000,0
2019-12-13;105004400;28172500,0;30880481,0;31059151,0;15663000,0;8422000;4634583;;36059800;6133113;3845800;7877709;;591766,0;4625273;13086800,0;3689100;1507380,0;4260800,0;47391300;28225429;608091,0;75600,0;7712100,0
2019-12-16;68871000;21806800,0;24544972,0;35736817,0;17117700,0;7110600;4569809;;24014800;4798693;3799800;6669281;;666133,0;5312423;14544200,0;3386300;1758540,0;4444000,0;30416400;27785109;851411,0;81800,0;6078300,0
2019-12-17;40679900;13570300,0;21811156,0;27434705,0;14087800,0;7659400;3364324;;21084000;5442081;6007400;7694492;;614666,0;6869548;7002900,0;3710000;1656060,0;3496000,0;35088000;22338816;815163,0;69600,0;5352500,0
2019-12-18;64201600;22924500,0;45832002,0;64706165,0;31759400,0;14175400;9960999;;40919200;4626261;7939100;10445643;;804400,0;8853062;11698200,0;3860700;4938500,0;12712400,0;57071700;50329871;2629437,0;71800,0;7940900,0
2019-12-19;39696000;17683200,0;24986388,0;43858712,0;27270600,0;10801200;5990081;;24387600;3376755;3837200;7613897;;904966,0;4366951;10644800,0;3459800;3209220,0;13716000,0;34032600;29776310;891200,0;81000,0;5784600,0
2019-12-20;93064900;42124200,0;28170345,0;29786715,0;25816100,0;11154200;6244112;;19074600;4124770;5484300;7347882;;984100,0;6234355;12927100,0;2697800;2457980,0;2324400,0;39438000;30983424;667567,0;96600,0;6887400,0
2019-12-23;21970200;10225700,0;13246469,0;13666574,0;16331900,0;10050200;3054617;;17606800;2919809;3002900;5328496;;629966,0;3155352;12053600,0;1996200;1216040,0;7251600,0;102079500;13581147;528304,0;76400,0;3995200,0
2019-12-26;24810500;20410000,0;18505402,0;13913608,0;20726100,0;6580400;3570234;;20063200;2177542;2794700;3679948;;400133,0;2901665;12515500,0;3127500;2055480,0;1709200,0;35685300;13275372;601945,0;69600,0;3788900,0
2019-12-27;24995100;13920400,0;15244854,0;13847724,0;13210500,0;6005400;3888526;;17266200;2660532;3387700;3673641;;651400,0;4211690;11585900,0;3083900;1403220,0;3937200,0;71349000;12793784;713918,0;88600,0;3905900,0
2019-12-30;22111600;11928100,0;10452831,0;9923270,0;17430500,0;5838200;2714322;;15679800;3631676;2382500;4064002;;1069533,0;3829208;8340300,0;3254800;1096200,0;3013600,0;54656400;16286607;1979994,0;105400,0;3667900,0
2020-01-02;37774500;17509700,0;23414691,0;25031584,0;16011300,0;5876000;3099628;;26319800;3323004;3978400;4946144;;866733,0;3648944;13780900,0;4995800;1589980,0;4561600,0;59905800;23954677;1824898,0;76200,0;5162700,0
2020-01-03;71595600;17284800,0;28201956,0;39999078,0;20059000,0;7345800;5082723;;18930800;3001580;4467100;4519440;;3123966,0;5129841;17188500,0;7411200;1900500,0;3106400,0;42734400;28588716;1402839,0;99800,0;6834500,0
2020-01-06;81844000;32787800,0;25259895,0;33675497,0;14644300,0;6366600;3684369;;19999800;3071361;4304900;4686037;;735666,0;4589659;8453600,0;6424500;1783040,0;5387600,0;60060900;26559130;1357633,0;87400,0;6570000,0
2020-01-07;32822000;16326400,0;22661019,0;19775066,0;18036600,0;6303600;4387465;;21277000;3010695;3623900;4827004;;612400,0;4187053;7751300,0;4388400;2037700,0;5153600,0;44786100;26292265;1131604,0;92800,0;4854100,0
2020-01-08;48215600;15298500,0;29436359,0;28306110,0;14051700,0;8153800;3570134;;42937200;4491234;9727800;4505824;;832966,0;5096179;7328200,0;5799200;1247960,0;3032800,0;40292100;25396427;655484,0;95600,0;5910500,0
2020-01-09;36102700;14638000,0;54864165,0;30779241,0;21199500,0;9843000;3173173;;49486000;4952939;8249400;5751496;;950500,0;4566730;7993800,0;5539000;889140,0;1997200,0;56515800;34129729;1028797,0;151800,0;5953500,0
2020-01-10;25397500;9129200,0;28915972,0;26446970,0;11697800,0;6283800;4533248;;30696400;4208022;4514300;10585508;;656333,0;6152882;7552500,0;5039600;1150940,0;8156000,0;45523500;32839686;808288,0;95200,0;4783400,0
2020-01-13;30676800;27497400,0;33084393,0;21719790,0;19314500,0;8200200;6304349;;28363800;3851348;8944500;8981413;;736233,0;4511845;13116300,0;5493100;1670200,0;3187600,0;32348100;30182306;1481376,0;94600,0;5685100,0
2020-01-14;39796500;27817000,0;20884928,0;18941860,0;21324400,0;10054000;5655006;;17530000;3724897;5938500;5558868;;863500,0;6797833;13980000,0;4732300;1726620,0;2672400,0;31897800;22719920;1511582,0;93800,0;5361700,0
2020-01-15;34405700;21425300,0;37114247,0;28302783,0;17408600,0;6277600;9887143;;29003800;4149782;5810000;4544370;;1526633,0;4954944;10807300,0;4687600;2339260,0;2621600,0;62392200;22992942;1575016,0;146200,0;5569400,0
2020-01-16;28997400;13149100,0;25897547,0;32815006,0;10783600,0;9387200;5668971;;23745200;3762437;5225400;4751915;;911900,0;3470144;7838500,0;2775400;1776040,0;1914000,0;40765800;18135533;1110355,0;109000,0;5422700,0
2020-01-17;34908000;36524100,0;22346045,0;29995016,0;16556000,0;11728200;2690008;;22843600;2714911;6924400;5370846;;852600,0;4257061;10729900,0;3389300;2201780,0;2201600,0;35982000;14158240;1178580,0;105800,0;4947200,0
2020-01-20;31241400;16746300,0;20759052,0;18649572,0;8035600,0;4490200;4113480;;16996600;3325564;5251400;2892918;;883800,0;3761640;6339300,0;3998600;1097320,0;2516800,0;17780100;19738817;503097,0;104200,0;3843500,0
2020-01-21;28577400;25436800,0;30452887,0;31255074,0;11249000,0;6133800;2864627;;28958400;3621214;5295700;5237989;;1218200,0;5993474;10551300,0;4988000;2058000,0;4578800,0;26238300;21003837;1840002,0;106400,0;5085600,0
2020-01-22;32491500;17269400,0;19763485,0;23771926,0;13925400,0;5166200;2398241;;20918800;4048388;4579000;4560288;;460300,0;3247436;24983400,0;3655000;1784020,0;5449600,0;49301700;21885919;836203,0;121800,0;5765700,0
2020-01-23;53752100;23028900,0;37476920,0;38929221,0;20155900,0;8711200;7419778;;43249000;3675368;4179800;5394174;;1068366,0;4738456;13722900,0;4232100;1352960,0;4369600,0;48479400;30557515;1689593,0;79400,0;6572400,0
2020-01-24;36898700;19744800,0;16718661,0;17851638,0;12738200,0;10146000;4430868;;18300600;3376216;3682000;2669955;;639666,0;3551494;15176800,0;2995800;945980,0;6091600,0;32735400;14371522;758083,0;91600,0;4778700,0
2020-01-27;66105300;38779700,0;16300584,0;18971275,0;12916900,0;11136200;3865217;;24031800;3378506;8418200;3354864;;939566,0;3703462;19518200,0;4110300;1160600,0;3604000,0;45873600;21272536;1322843,0;87400,0;6097800,0
2020-01-28;47259100;23046400,0;19471058,0;16647083,0;13373600,0;8750200;4613926;;15292800;4650464;5065600;4713369;;417866,0;3630283;11275200,0;2647800;1033060,0;2455600,0;22480200;18321041;618611,0;76000,0;5229400,0
2020-01-29;42297500;23323000,0;22740896,0;21514683,0;12931800,0;16032600;5836858;;16800400;4467749;4185800;3522662;;838300,0;3051682;11056900,0;2694600;1184120,0;1755200,0;28514400;24391722;1861980,0;82400,0;5097800,0
2020-01-30;44266800;23083200,0;47347843,0;21038983,0;15925300,0;16845200;5930598;;25079800;4973550;6891200;4419021;;937800,0;6272530;10574500,0;3972100;1406160,0;5172400,0;34432800;24851693;1228681,0;79200,0;6315600,0
2020-01-31;55446700;29988200,0;28845953,0;23105760,0;20960400,0;19359800;4762422;;32252800;4353602;4972900;7267788;;886766,0;10297980;10143400,0;4211600;2438800,0;7131200,0;39107700;30965476;1814691,0;67400,0;6219900,0
2020-02-03;39452800;18858200,0;19924938,0;20154401,0;18733100,0;12672200;5615621;;20402800;2757794;7195900;6531318;;700100,0;4062039;8321000,0;4328400;1606500,0;2576000,0;31867200;18230514;1929476,0;87400,0;5512200,0
2020-02-04;57658400;21559200,0;17822429,0;27380134,0;16492600,0;11099200;3312024;;23533200;3690321;5048000;7330862;;732700,0;9909766;9796100,0;3728200;1140580,0;3996800,0;35039400;17121525;1420025,0;116400,0;5829400,0
2020-02-05;67994500;26797700,0;39419222,0;52370324,0;36940300,0;10505000;3588118;;47383400;3871240;7074600;8204094;;2347200,0;17239000;7160300,0;4657800;1715140,0;6608800,0;47375700;33267823;2198628,0;108000,0;7173800,0
2020-02-06;126114000;22155800,0;30010677,0;31171620,0;19619000,0;12966000;4269914;;19325800;4621097;4900300;4451460;;1198833,0;9920011;11127800,0;6536000;1555400,0;4800000,0;20852700;20416394;1415129,0;83200,0;7382400,0
2020-02-07;54514600;14450900,0;42053561,0;30296088,0;77239000,0;7877000;4874849;;15590000;4387505;3376300;3619176;;1239533,0;10843651;8228900,0;4441200;6008520,0;3114400,0;25818000;25802030;1075669,0;73200,0;6594100,0
2020-02-10;45328100;28244800,0;52133635,0;32551069,0;17027200,0;9330400;4449957;;15570600;5761755;6614600;5151687;;872966,0;7390216;10045800,0;5169500;2194780,0;3029200,0;29114100;27803974;2108529,0;81000,0;7486300,0
2020-02-11;37518200;27560600,0;108217248,0;36211052,0;21283300,0;6558200;3594448;;36193000;4260830;4951400;5325393;;924566,0;5388041;14571400,0;5551400;3652600,0;6569600,0;18242700;38388821;2582252,0;75400,0;6767900,0
2020-02-12;64851000;28539800,0;75093200,0;65565592,0;36408300,0;12719000;5609292;;33234200;4726622;8683200;5369445;;872333,0;7680736;16063700,0;2961000;5224660,0;3970000,0;34566600;38653852;1256388,0;82400,0;8159200,0
2020-02-13;55277100;20105600,0;22982338,0;25560923,0;15697100,0;11401600;3238077;;27612600;6171910;14330100;4064002;;404433,0;4742847;10532200,0;3173700;1117060,0;7171200,0;29439300;18320910;1209099,0;94600,0;5635700,0
2020-02-14;30399900;19896200,0;35695618,0;29435464,0;23398800,0;16366800;2473292;;20045400;4117720;8251400;3862464;;468100,0;3737125;9603600,0;2751600;1322580,0;9967200,0;29980800;17508525;758707,0;80200,0;5335900,0
2020-02-17;38684900;28134200,0;36522255,0;14387045,0;19609100,0;7865400;3925700;;13498000;8282051;3452400;2557221;;278100,0;1802884;8173500,0;2081400;1178240,0;4422000,0;36708000;13468086;778706,0;86200,0;0,0
2020-02-18;33890900;18054400,0;27135350,0;34812571,0;18027400,0;15460200;2901500;;17858200;4292173;4439500;4548274;;669733,0;3935561;11572100,0;3004100;2169300,0;7575200,0;26186400;102946499;1343363,0;96400,0;5548400,0
2020-02-19;44181800;14439700,0;22404168,0;36195879,0;18162400,0;43934000;4312413;;22296200;4099085;3507800;3469099;;740433,0;3119373;12048300,0;3600400;1973860,0;14736800,0;34940400;53925011;1060253,0;98400,0;6334100,0
2020-02-20;73522900;18818800,0;54393857,0;27882985,0;23155100,0;14499600;3493072;;24104400;5002109;4305700;4163820;;757533,0;4723820;8232900,0;3719800;2994740,0;9563600,0;31245600;33023754;1855001,0;88600,0;6793000,0
2020-02-21;47805100;32249900,0;22094859,0;21578305,0;27991000,0;17025400;3085160;;12871200;4304297;5933400;4493810;;990066,0;4718942;7207900,0;4331700;2352840,0;5365600,0;24057300;23647723;885055,0;99400,0;5896200,0
2020-02-26;89207100;46923300,0;39916949,0;38676996,0;42590700,0;21268200;6338208;;30428200;6030237;8645300;8307817;;1832133,0;9081990;16051700,0;5764600;2541980,0;9118000,0;41703000;54873907;2929733,0;322200,0;9369800,0
2020-02-27;100112100;42419000,0;69123763,0;47990536,0;91108200,0;23533000;6532921;;62945800;6603036;7934000;7330162;;1732266,0;11761192;18299700,0;7519900;3036460,0;13316800,0;53592000;56528416;2003430,0;387000,0;11237700,0
2020-02-28;89095300;33228600,0;63523344,0;55779548,0;45807500,0;25501800;12202395;;52758400;8846048;8395900;8816818;;1340833,0;13423573;20422800,0;6301000;5469240,0;11878800,0;90220800;62674296;2899214,0;514600,0;11228400,0
2020-03-02;71596400;48372500,0;58095028,0;44379000,0;31307000,0;19950000;7222051;;26420400;7253339;4635800;7127122;;1544166,0;10405675;19219400,0;5637300;4348820,0;15676400,0;47122200;31575583;2950461,0;291200,0;8858400,0
2020-03-03;86855700;52401800,0;49501903,0;41219739,0;26696400,0;19387200;8402685;;43107400;6555123;7188300;6715135;;1281800,0;7372043;13287100,0;5609700;2593780,0;11179200,0;51300600;41893566;1850105,0;286800,0;9385600,0
2020-03-04;42320500;31476600,0;35383476,0;38989515,0;35799500,0;12223400;6053775;;38468000;5090167;12584800;5968553;;1186600,0;7011637;11542300,0;3770000;2900940,0;7449200,0;51645000;22831277;3355126,0;185000,0;8410500,0
2020-03-05;69722300;29092300,0;34451470,0;32076434,0;45949800,0;12970600;8731828;;51693600;9518130;9592400;9550285;;1000500,0;7260445;14252500,0;4097400;2702700,0;5967600,0;34200600;33295859;2010409,0;201600,0;8598600,0
2020-03-06;138597600;39718600,0;36741263,0;40149215,0;43528300,0;18766600;14190916;;38051400;12727123;9728900;8585745;;1046833,0;12701419;14824200,0;9556300;3754240,0;20900400,0;66089700;45162757;1969995,0;197200,0;11864200,0
2020-03-09;254813800;59037000,0;53794386,0;61036066,0;46283500,0;16133200;17174299;;50349200;10909309;8623700;20227402;;2156300,0;10743883;29775600,0;8976900;4953480,0;34585600,0;94470600;59798524;3743751,0;246600,0;14645500,0
2020-03-10;170478000;63269800,0;50493617,0;44294615,0;52663200,0;17062400;16434130;;64873400;9218170;9528900;25832125;;1718533,0;14677860;32452600,0;10134500;4472720,0;20469600,0;80119500;62249304;3487306,0;360800,0;13531700,0
2020-03-11;132482400;50025000,0;54658299,0;47226275,0;39788900,0;14382800;14422099;;50007000;9018077;10461700;17584079;;1332366,0;10216142;26198000,0;6610400;4340280,0;15111600,0;81869400;59652973;2701933,0;579400,0;11786900,0
2020-03-12;151535900;62222000,0;66265997,0;51490932,0;36313400,0;15260000;12669585;;63084800;7862376;19236100;14079237;;1010966,0;13411377;19986700,0;7818000;3567340,0;36663200,0;101848500;68327583;3341689,0;273600,0;12008700,0
2020-03-13;174972600;67635900,0;101625228,0;79427025,0;51339000,0;24048600;16254187;;81556200;13534457;17037700;15328313;;2459466,0;15956295;20930700,0;11021400;4383680,0;56032400,0;133324500;76160723;4626931,0;330000,0;15766300,0
2020-03-16;126432800;59078300,0;70717328,0;61220542,0;52067300,0;18168000;13491738;;62690400;10371177;12457000;15016545;;2066566,0;17340597;16941600,0;10849000;4065740,0;18620800,0;79131300;68015651;3548345,0;215200,0;12847800,0
2020-03-17;149228500;52743800,0;79869022,0;72201692,0;70142000,0;25259800;23073651;;54067400;12148801;13534800;20018055;;2266766,0;21571557;21980700,0;9459300;4878720,0;29586800,0;89647500;78349093;6068205,0;259400,0;14945900,0
2020-03-18;162515200;59689100,0;94874360,0;78717070,0;62802600,0;23966400;24878712;;76586600;13667553;9446000;22048554;;1809666,0;29361575;16599500,0;11828700;6784260,0;30899200,0;121669200;74853257;3747292,0;184200,0;16751500,0
2020-03-19;157065200;52645400,0;83448395,0;72420907,0;53157300,0;27771000;15668743;;83329800;12654378;13819400;16337005;;2314466,0;20940755;19199400,0;15112500;3695860,0;25897200,0;156998100;81639114;3209718,0;234400,0;16144700,0
2020-03-20;149029900;50479900,0;83160613,0;67041671,0;49887100,0;29764200;16167480;;59350200;12737900;12199200;17531316;;2114800,0;23964630;23683700,0;16306000;6022660,0;21924000,0;99878400;71318642;5048262,0;1332800,0;15152400,0
2020-03-23;107092400;41958300,0;60567800,0;70904765,0;50158000,0;37510400;13373886;;53616200;9634882;12110200;11495584;;1372400,0;20779762;21595500,0;9180300;3391780,0;27881600,0;49879500;66697573;4166123,0;180600,0;11962200,0
2020-03-24;114259200;37044800,0;58312904,0;49044688,0;33699600,0;28304000;17365496;;51598600;9289478;7904100;15645388;;1251533,0;19668906;24499600,0;9270400;2713760,0;19240400,0;79653000;57830773;3003375,0;138600,0;11679900,0
2020-03-25;158286200;38064400,0;49727030,0;47534934,0;33700300,0;18366400;9491790;;50041200;14052068;6275000;16860524;;1102933,0;11854130;26109100,0;11033400;4973080,0;25874000,0;63947400;64980835;3646464,0;95800,0;12951100,0
2020-03-26;130618400;36253000,0;57531134,0;51020557,0;45899600,0;12023000;15341509;;51320000;10276474;9962300;15889576;;1421366,0;11278333;15025300,0;10014500;3752980,0;31328000,0;74340600;54879148;2122382,0;129800,0;12758000,0
2020-03-27;101405900;32331200,0;47564812,0;42285204,0;38232500,0;14009800;12415695;;41604800;7666728;15402800;17369926;;773066,0;12087570;12228700,0;9774200;2450000,0;17134800,0;55817400;44494351;3332523,0;207600,0;10301400,0
2020-03-30;110947200;31298300,0;34245491,0;42414843,0;29822100,0;15186600;11013121;;31537200;8505854;10422100;13227230;;909700,0;9478254;14322900,0;6003800;2110780,0;12672800,0;49720800;42626953;2262687,0;137400,0;9032200,0
2020-03-31;156116500;39238000,0;46028351,0;52023599,0;27574800,0;14126600;11217679;;37808400;10907423;9876700;11488576;;993633,0;11177712;16501900,0;8773400;2693740,0;11229600,0;53709300;61520240;2129777,0;149800,0;11141500,0
2020-04-01;114455000;37092100,0;50241525,0;34088640,0;25192600,0;12914800;12529026;;39653200;8269253;10785000;11342102;;1115733,0;11433595;9417800,0;11947100;4493440,0;34938400,0;39942000;45255118;2273103,0;161000,0;10093500,0
2020-04-02;234951200;34372600,0;44364087,0;39838294,0;18013700,0;11949600;10268129;;31444800;9237928;14377500;17801536;;765700,0;10023681;11170000,0;13222900;1828680,0;16604400,0;45177300;29242319;1460127,0;130200,0;10540200,0
2020-04-03;142898700;31650000,0;42366382,0;54433374,0;22886300,0;11340600;13445522;;37936200;7387917;14609500;15402300;;1289233,0;11361270;16042700,0;12824800;2441460,0;16414800,0;57284700;38245105;2086446,0;163200,0;10411300,0
2020-04-06;123934200;32019300,0;44533358,0;75409934,0;19126100,0;10996000;13893924;;42828000;7297615;9361600;12576061;;1479633,0;11021719;10198800,0;10005400;2049180,0;16184000,0;40647300;35790133;2520172,0;139400,0;9685400,0
2020-04-07;140498900;34191900,0;43110310,0;49370250,0;37535900,0;17376800;15107311;;43029400;8823147;12130300;22207342;;1844300,0;21459472;16963600,0;6906300;3417540,0;18506800,0;72496800;56181374;3305650,0;150000,0;11286500,0
2020-04-08;116151600;29464500,0;46392951,0;45025201,0;22934300,0;14631400;15235713;;39788200;7104437;8814000;28344694;;859700,0;13887040;11954800,0;8173000;2214660,0;11466400,0;24444900;39888085;1411692,0;246800,0;10206300,0
2020-04-09;185771300;29827800,0;42268831,0;50273467,0;23748200,0;12680000;14562055;;35051200;5824037;10603800;18316044;;918500,0;13224161;10845800,0;10529900;2429840,0;12677200,0;45843900;30652365;1663137,0;144600,0;10748700,0
2020-04-13;93724000;22066800,0;24475859,0;42999286,0;17076200,0;7358400;9233178;;36057400;3797148;6103500;9437151;;651233,0;12894002;11763100,0;10868000;1968540,0;10154000,0;23518500;22838483;2101237,0;146200,0;7651300,0
2020-04-14;91017200;24713600,0;38256991,0;41663446,0;21281900,0;11528000;7981310;;35539400;5079165;4579100;10012031;;964366,0;16762239;9863100,0;6152500;2236780,0;10795600,0;35454300;27636152;1384819,0;163600,0;8593600,0
2020-04-15;86749600;28808700,0;39479498,0;43839147,0;35812700,0;11864600;11299463;;33496400;6075815;7960400;12071264;;821233,0;18316071;10329200,0;8469500;2220400,0;30627600,0;46060800;33273063;2766096,0;156000,0;9758400,0
2020-04-16;115633300;24442900,0;35203782,0;35433640,0;26018500,0;14079000;10688097;;41468400;6547444;6948100;7596176;;851733,0;18704286;12883000,0;7910200;2085160,0;9143600,0;50020800;41536305;3522929,0;405600,0;9028400,0
2020-04-17;116733000;23604600,0;28510925,0;32352012,0;16763000,0;13740000;11626496;;37230000;5441003;4435700;9698560;;607466,0;18951264;11465300,0;6727400;1450960,0;8145600,0;30073200;31899568;1819065,0;219600,0;8317800,0
2020-04-20;133739400;29050700,0;32385445,0;50772084,0;22065800,0;11819400;13236743;;35550000;8964641;5974000;8758149;;652266,0;11431521;8522900,0;10983700;2571100,0;8877600,0;40095900;27053294;2467884,0;273600,0;8874700,0
2020-04-22;114967100;22693600,0;54442009,0;52473465,0;22788300,0;10783800;15305339;;40397800;10046833;6946500;9440956;;2119233,0;17066663;7547100,0;10688200;3722740,0;12567600,0;48465000;36332116;3893117,0;168200,0;9848900,0
2020-04-23;94759000;27171100,0;46968628,0;51634451,0;23608700,0;11686400;10668003;;43417600;7879529;8806800;10814479;;1242300,0;12768134;18280500,0;7855100;2796780,0;15106800,0;42014700;42573370;3465433,0;155000,0;10823500,0
2020-04-24;161188800;55165900,0;77972720,0;88260909,0;50923200,0;21408400;14257528;;147956000;11895047;18632100;15916708;;1301233,0;20334956;20463400,0;17270200;5219620,0;27108400,0;102134100;77658153;5866029,0;259400,0;16529200,0
2020-04-27;85944900;25580600,0;43526121,0;53192084,0;26166300,0;12788000;11041855;;64265600;7859367;7616700;7008582;;935633,0;13988027;13778300,0;17625300;3462200,0;18400800,0;57568500;37073363;1803858,0;151800,0;10656900,0
2020-04-28;91613600;25680000,0;66017077,0;69331911,0;27108700,0;14772200;8581222;;86465400;6505189;8406300;6989459;;787066,0;12467125;19016300,0;13113800;1803480,0;17498000,0;52443900;45564823;4480376,0;229200,0;12939000,0
2020-04-29;94528400;33207500,0;35725869,0;44718333,0;27558700,0;14893600;9389611;;49257400;7534979;6535500;7096786;;594666,0;9242130;34574500,0;10850800;2696540,0;13892800,0;48500100;39915335;3095453,0;209600,0;11719700,0
2020-04-30;80263900;25720300,0;52450082,0;85093250,0;35747500,0;14006200;7271583;;47870600;5250160;7620300;13859277;;826166,0;12392604;25377300,0;8780000;4091920,0;13810000,0;43440300;40530421;4514333,0;258600,0;11804600,0
2020-05-04;60268400;16994300,0;36303925,0;53674269,0;30157800,0;9817200;6655495;;33172000;5877114;6603500;6367224;;865433,0;8975515;17770600,0;8662100;2468340,0;9897200,0;29671800;31704758;2542046,0;196200,0;8594200,0
2020-05-05;75043400;19070600,0;58831591,0;62144511,0;25595500,0;8225000;6668858;;31599200;5787036;8171000;9643595;;670733,0;7180192;13641300,0;6258900;2125620,0;4711200,0;20853000;51645460;3362938,0;181800,0;9154700,0
2020-05-06;67937500;26602700,0;33059693,0;50904216,0;67031600,0;13304600;8372242;;40625400;13400059;6586200;12610902;;746233,0;11954994;12166400,0;6673300;1935640,0;10252000,0;24495300;33640542;3335023,0;192200,0;9775900,0
2020-05-07;81265100;42194300,0;59143166,0;85305726,0;56937900,0;19214200;19030500;;52811800;10402879;22747000;12036723;;1272300,0;23033428;22482600,0;8212100;3191440,0;19790400,0;47154900;72501389;3532616,0;186800,0;13808900,0
2020-05-08;83232700;33922800,0;40499198,0;48497526,0;23218000,0;10146600;8784374;;35152000;6231588;10080300;13366094;;913666,0;13807641;14286000,0;8139800;2148860,0;18061600,0;34391100;44283820;3270548,0;269200,0;10734400,0
2020-05-11;65061500;24783100,0;43299294,0;37148936,0;20136100,0;9810000;14165898;;34665000;3794903;11411700;10091925;;466500,0;15672727;11776700,0;6286000;2460640,0;9950400,0;39444600;35694366;2809948,0;153000,0;9781900,0
2020-05-12;71837200;21806900,0;49000210,0;49303265,0;33395400,0;8326800;18696635;;48281800;4607087;8104600;7490351;;973566,0;17446218;11590800,0;10058200;3738980,0;15657200,0;45011400;48671563;3980508,0;204000,0;10245400,0
2020-05-13;87222300;34159500,0;39327676,0;65038105,0;46230300,0;10642200;9425378;;52812200;5534629;11670500;9167833;;632666,0;12610190;12905000,0;17390200;3506860,0;9028000,0;47917800;58577523;4431317,0;163400,0;11575900,0
2020-05-14;119653200;35513400,0;69987336,0;82827525,0;36918000,0;12531600;13873528;;72389000;6011377;12031000;10790951;;844800,0;15408063;27898300,0;12214600;4128740,0;13520800,0;50092200;76445405;4722134,0;144200,0;13818900,0
2020-05-15;133733100;35196100,0;42790577,0;48846974,0;30012000,0;11708800;24965921;;46873000;3939719;19162600;5706142;;930266,0;15233776;22312700,0;13957700;3392200,0;12273200,0;78088500;40151674;3076704,0;167600,0;11718200,0
2020-05-18;116999500;41936200,0;56197819,0;58094641,0;30350600,0;8356800;13752661;;37513600;4665282;18094900;10050176;;822866,0;18153248;13174400,0;8040400;3076500,0;12950400,0;58184100;54143141;2803178,0;140000,0;11533100,0
2020-05-19;80131600;27704400,0;46319079,0;42144179,0;17951200,0;12138400;16737050;;33452200;6701421;13550700;8395320;;591566,0;16952382;17170000,0;8710100;2614080,0;20478000,0;45322500;48971442;3670421,0;138000,0;10740100,0
2020-05-20;74595100;27014500,0;46901668,0;33736010,0;14121900,0;10447600;10881001;;45599600;5438444;10568100;10031554;;544933,0;13414182;13595800,0;9563000;2908640,0;15886000,0;31793100;32610683;2587565,0;115600,0;9522800,0
2020-05-21;81327000;41802300,0;68890818,0;63209795,0;38005800,0;9976000;11938156;;61039200;4772065;12789300;13761261;;1784500,0;20877943;14279000,0;14888700;2734200,0;24621200,0;48142800;53452463;3279714,0;130600,0;11395200,0
2020-05-22;71259400;23933600,0;58072141,0;51975913,0;11924400,0;9672200;8460154;;53895800;4989671;8643400;8336451;;725600,0;20275925;8030400,0;8605200;2014460,0;14373200,0;28015800;57928899;2202586,0;125600,0;9281200,0
2020-05-25;38033000;21162000,0;31903240,0;50529600,0;12781100,0;7400600;6472839;;63773600;4909247;8586900;11535731;;561666,0;10442142;10159900,0;10301800;2432080,0;11160400,0;29631000;28631163;1527936,0;133000,0;8764400,0
2020-05-26;68716900;28917800,0;60124797,0;73392187,0;30153500,0;14517000;7479156;;61640600;11494861;11446600;16053170;;734300,0;12392848;11657000,0;11434000;2292080,0;15676000,0;42049500;62472280;3551157,0;235800,0;12030800,0
2020-05-27;74790800;31932100,0;41286633,0;38394873,0;36754400,0;9770000;8289956;;38620800;6371869;10303200;10261125;;627900,0;14151338;20343200,0;12345400;2817360,0;15892000,0;33231000;34833115;2622563,0;155600,0;11212000,0
2020-05-28;65023000;23530900,0;27099660,0;44381711,0;41520600,0;9316000;8877410;;41465400;6132394;9203500;6832874;;560100,0;10862189;14141100,0;10868200;2714320,0;11788400,0;32046900;27170023;3206905,0;147200,0;10117000,0
2020-05-29;128832600;92646300,0;61146310,0;85059733,0;46234500,0;17605800;10175093;;53853400;7564481;14915400;15786554;;1761600,0;22733638;40459300,0;9516600;4257540,0;18732800,0;89666700;73013633;4822649,0;167400,0;16550900,0
2020-06-01;86579500;27152300,0;44437732,0;73584335,0;20420100,0;11069400;9748593;;44087200;3963159;8218400;8541693;;557733,0;14846415;13419000,0;6382400;1998640,0;9743200,0;22511700;51084219;2669331,0;119800,0;9849400,0
2020-06-02;77235100;25602700,0;65499523,0;57911810,0;25304000,0;6678600;9737642;;31544400;8387576;7999400;7615599;;917300,0;12267712;13190200,0;12380300;2274720,0;19973600,0;41400300;47521175;5024201,0;165000,0;11827300,0
2020-06-03;86219700;31584300,0;66527720,0;92530636,0;29826800,0;9185800;13858960;;58994400;8831005;9467800;9689049;;1327400,0;15287684;15168400,0;20138400;6867140,0;35992000,0;53175600;63525852;3950197,0;354200,0;15137900,0
2020-06-04;107401400;37638600,0;50233367,0;70904185,0;20130800,0;11617800;10357146;;47894200;5782231;11986800;7035714;;1106633,0;10362987;12000700,0;8465300;2242520,0;16854800,0;39483300;56543220;5518548,0;428000,0;11488000,0
2020-06-05;114137700;39799100,0;73266011,0;88795971,0;50766300,0;12198000;11458810;;71092200;8723729;13046900;9021761;;929700,0;15419528;18744400,0;10230000;2817920,0;27721200,0;47232900;63057103;4278408,0;178400,0;13320300,0
2020-06-08;82444400;27456500,0;35987818,0;70020280,0;47678900,0;10325600;8292770;;44528000;9304296;11150700;6926885;;540433,0;12717763;31058700,0;8876000;2483740,0;24401600,0;30016500;37217080;3482932,0;204400,0;11096500,0
2020-06-09;96488300;19860000,0;58505854,0;62607457,0;23940800,0;8358800;5214340;;57456600;5153257;9234400;5601819;;591500,0;9213225;19061800,0;6551300;2117500,0;16740400,0;33944400;42013963;4408922,0;160600,0;11278800,0
2020-06-10;102551100;24321300,0;55794358,0;74329574,0;27039100,0;9695600;7212506;;54692400;8921353;7899100;10291861;;715466,0;9279208;13303200,0;7571100;2801260,0;21276800,0;38506800;52687110;4188934,0;179800,0;11739600,0
2020-06-12;116746700;31223700,0;61413132,0;89793858,0;29856400,0;11432400;10933749;;57919800;7708309;11200800;10098433;;1048900,0;13037067;12977800,0;10351600;2830380,0;15121200,0;52032300;62133099;7484064,0;195400,0;12785600,0
2020-06-15;99931000;27425600,0;42389042,0;81559324,0;22964800,0;7985400;8208475;;67145600;6610894;13839900;8741830;;826966,0;12823872;11475100,0;6720700;2291940,0;15790000,0;34787100;39483661;4463919,0;194400,0;13317500,0
2020-06-16;94510600;29329400,0;43066689,0;63720657,0;36070000,0;8981200;6966352;;46683000;7011126;7414400;7678373;;733633,0;8673652;14711200,0;9363500;2392320,0;11170000,0;27763200;29291054;4055608,0;159400,0;12034200,0
2020-06-17;63268700;27840000,0;40552449,0;65846627,0;28294300,0;9489200;9426082;;37890600;8685336;4664700;7356793;;934766,0;8370447;9609600,0;10937000;2646560,0;12444000,0;52415100;35524185;6060393,0;194400,0;11134700,0
2020-06-18;56893300;25770000,0;61149709,0;66061281,0;26894400,0;5245200;4253135;;37827600;8766298;8109600;10357339;;656233,0;7555478;11779100,0;17442900;1898820,0;18649200,0;25965000;39810528;3683650,0;169400,0;10008500,0
2020-06-19;91139800;38079900,0;70349896,0;89256255,0;33153700,0;16633200;12686966;;40652600;9012958;17643200;11620932;;2381566,0;11628739;16261500,0;12223500;5429620,0;33691600,0;42171000;53728367;3460954,0;365600,0;13134400,0
2020-06-22;45419000;14891400,0;33178998,0;45392424,0;24735500,0;5950400;4919056;;30278400;4202769;5353100;4136788;;629766,0;6466942;8392100,0;7386700;2023700,0;30803600,0;22384200;44103683;2713912,0;188000,0;8264700,0
2020-06-23;78950900;18272700,0;67533031,0;44536712,0;16293000,0;6466800;4129455;;32578000;3326821;5522100;5392772;;796833,0;10955371;9184600,0;5711100;2475200,0;30649200,0;40578300;38595160;4772548,0;144200,0;9752700,0
2020-06-24;65162400;18156600,0;64993751,0;55327613,0;16263500,0;7259400;5984249;;48896200;4802330;4758500;10316390;;509333,0;7794773;7394800,0;7181900;2272620,0;17316800,0;36292200;41136205;6969822,0;161600,0;9962700,0
2020-06-25;47263500;17051900,0;52542988,0;49717932,0;25008900,0;15542800;4013210;;38026800;3560099;4517300;5403084;;496966,0;8473752;8263400,0;6531900;2329040,0;12708000,0;32242200;34998317;5531360,0;172400,0;8697900,0
2020-06-26;55499300;21655500,0;44938632,0;55023540,0;19150700,0;16495800;6522371;;29613800;3701413;5755800;6239373;;565500,0;11171980;7231600,0;7886300;2719640,0;19133200,0;28312500;54286333;5172838,0;148600,0;8439100,0
2020-06-29;59809600;15453400,0;34859350,0;59291694,0;22168000,0;6827400;3987289;;36642000;3720587;4028400;7526494;;392600,0;6900771;10582300,0;6527100;2496060,0;16090800,0;26538600;58446514;7012111,0;145800,0;8906800,0
2020-06-30;65010600;27462900,0;51811183,0;54322829,0;34581800,0;11076000;5998717;;50537400;5785823;9773000;8781477;;688100,0;7950279;9939900,0;6639000;2993200,0;21161600,0;39472500;50999587;4581204,0;164000,0;10144500,0
2020-07-01;78983900;28999400,0;44340408,0;40633494,0;20736100,0;8931800;7242748;;34025600;3980448;7546200;9427440;;601100,0;7369726;12092400,0;12172600;3591980,0;15050400,0;32594100;33573204;3762604,0;162200,0;10163300,0
2020-07-02;56345900;24148500,0;47130873,0;45546578,0;27363800,0;9707400;5058108;;39952000;4909113;7805900;6923781;;782133,0;8911362;11294300,0;7998400;3108420,0;16826400,0;21828000;39328678;4607661,0;175200,0;10062900,0
2020-07-03;24060000;7831800,0;11603506,0;15265844,0;7029000,0;6579800;2510467;;16389200;3185912;3860900;3854955;;277066,0;5213021;6203100,0;4641300;1749860,0;8247200,0;7987200;13862946;3133368,0;163200,0;5351600,0
2020-07-06;58070900;23609900,0;33275416,0;69057483,0;24349100,0;11117000;6002937;;38240600;3663738;4914800;8818320;;817833,0;9797924;9973900,0;7924000;3602760,0;14847200,0;19884600;33858672;2727557,0;150400,0;9489400,0
2020-07-07;46591300;13598400,0;73551300,0;67814208,0;22581000,0;9594400;7016990;;46336600;5582721;9665600;6658968;;1026966,0;7183120;7952700,0;7459600;2511180,0;11095200,0;27116400;56864191;4091544,0;136600,0;8951400,0
2020-07-08;49136300;32634600,0;38509083,0;63011960,0;39365200,0;7611600;6080098;;35296200;5253259;6632800;9682641;;677066,0;8976613;9822800,0;13739200;2846340,0;12497200,0;41541300;28872481;3092537,0;213400,0;9142700,0
2020-07-09;57151500;19741600,0;49262840,0;97748398,0;31569000,0;7494000;5262566;;22495200;5229953;5261800;8402128;;527966,0;6793808;9685600,0;8862500;5435360,0;12393200,0;40482000;30298249;2891089,0;141200,0;0,0
2020-07-10;57428300;14728100,0;27255901,0;83139221,0;20193200,0;7340200;3578975;;28386800;5832793;4828700;3566414;;618666,0;4846517;5901700,0;11772100;6011600,0;12845600,0;24051300;21053489;2256333,0;222400,0;9147200,0
2020-07-13;55425500;28780200,0;28077666,0;45588807,0;36972600,0;10160200;4658636;;28398200;4997170;5427900;5093519;;495033,0;9846954;23665300,0;9046900;4431980,0;11094000,0;29562300;27340203;4277888,0;180200,0;10382300,0
2020-07-14;89380500;52234500,0;32228524,0;46757788,0;36408700,0;10352000;6510717;;28635800;6377931;6874300;6813851;;493066,0;10521420;16414900,0;8077300;2155300,0;14524000,0;31139100;25061831;2253208,0;163200,0;10019400,0
2020-07-15;58390600;29833100,0;36201842,0;57340932,0;31872500,0;9234400;4573838;;29564600;5736159;15040600;6951414;;693400,0;9699133;19040200,0;8026500;1831340,0;8804800,0;31653300;26625027;3485432,0;201600,0;9285600,0
2020-07-16;69698700;22788400,0;22066534,0;36847041,0;23008200,0;10235800;3197185;;20156600;5037718;7292000;5842804;;439600,0;9593877;8277100,0;6834900;2975980,0;21816000,0;43119900;17684994;1792504,0;264200,0;8127100,0
2020-07-17;49927600;18896400,0;36778199,0;54564466,0;49831400,0;12941400;6358403;;34155600;4944183;7262600;7742349;;595900,0;8335200;11526200,0;9686900;2165660,0;16276800,0;38169000;27361558;3665942,0;202800,0;10429400,0
2020-07-20;48679800;16491500,0;32553016,0;48562745,0;34419700,0;10472000;5676406;;31739400;4881631;6042800;6545234;;643066,0;5374259;7142800,0;5024300;1494500,0;16507600,0;43989600;37869241;2188420,0;336600,0;8931800,0
2020-07-21;101769600;29043600,0;42023423,0;77298188,0;41081700,0;10126600;5689166;;38402600;6869228;7915800;7127622;;627900,0;6024941;11297100,0;6482200;2965760,0;17562800,0;44000100;35107840;4119146,0;184000,0;11105800,0
2020-07-22;43085500;19644700,0;51680208,0;50483015,0;35800700,0;35528000;7894001;;27256200;4855497;9693300;4893983;;664000,0;5119840;6982300,0;5459300;1685740,0;12290800,0;29861100;88822976;2814219,0;170200,0;10833700,0
2020-07-23;64072100;17291900,0;33214348,0;37550656,0;21059900,0;19799600;8132619;;28490200;5716267;7543400;6972839;;517766,0;8741465;7557300,0;6373800;1376900,0;21160800,0;27288000;39244439;2055719,0;280000,0;10366600,0
2020-07-24;43380300;22544100,0;34212861,0;34986303,0;32629400,0;13169400;7183470;;34400000;6117621;11928200;4517238;;615366,0;7887467;5443600,0;7264200;2118760,0;20437600,0;27299400;51944029;2465384,0;241600,0;9795200,0
2020-07-27;56539600;35124800,0;56040672,0;66450296,0;42001500,0;14433600;6403916;;47563600;4583826;4641500;8479520;;595333,0;6706969;19304400,0;5641800;2924880,0;14638400,0;26651100;61000136;1618035,0;223000,0;9622400,0
2020-07-28;48353000;21707500,0;26941380,0;51909000,0;44883300,0;13152600;7276004;;34111000;3366651;2960800;3224410;;415300,0;6454380;10753000,0;7925200;2961840,0;13723200,0;38831400;35568335;2945982,0;291800,0;9087100,0
2020-07-29;44011500;29486600,0;30774772,0;56100440,0;39734800,0;12695400;5088048;;26202600;2851465;4439700;4657704;;374733,0;9872445;31511000,0;10042900;2957360,0;20789200,0;31053600;33102097;5327725,0;213600,0;9238300,0
2020-07-30;57859000;32210700,0;32962255,0;79453077,0;108380100,0;8646000;32349931;;46309600;5170545;4638400;5300363;;388133,0;5361818;14067500,0;6386500;1777300,0;13160400,0;24228900;45263241;3645006,0;166200,0;9591700,0
2020-07-31;75397300;26318800,0;34987266,0;92756543,0;67776600,0;8574200;29283558;;41402600;5112798;4579700;6410575;;964966,0;7722448;14797100,0;7229900;6499640,0;18884800,0;36498600;45068431;2308413,0;294600,0;12929300,0
2020-08-03;63598500;35910500,0;37612314,0;67604394,0;35573500,0;11196200;10249039;;48061400;4260920;6427400;5873040;;823000,0;8486802;20611800,0;7765300;3571820,0;18018800,0;31266000;34076801;3289713,0;193200,0;10901000,0
2020-08-04;63011900;182535800,0;90419518,0;82536278,0;40601100,0;12716800;9547049;;41548800;3538769;5187000;7741748;;411633,0;13328563;10508300,0;12028200;2681420,0;14933200,0;37337700;80923020;2876611,0;226200,0;12029800,0
2020-08-05;137214700;36999600,0;56571143,0;45419286,0;47510100,0;10752000;8080776;;28369200;3401946;11751000;5989477;;503800,0;6219231;14903300,0;6757600;2349620,0;8688400,0;33279000;47258765;2032908,0;209600,0;10922100,0
2020-08-06;56375100;22468400,0;33894374,0;50515322,0;35028900,0;8070000;5163703;;36534600;4948359;6273600;8089359;;434133,0;12413948;14742600,0;5879600;1893920,0;11630000,0;19796100;31541521;2468821,0;213800,0;9686600,0
2020-08-07;56040200;28427400,0;75467317,0;70822510,0;44280200,0;9435800;8124581;;37123600;5217740;6742900;6607508;;600933,0;10268221;14944000,0;5515700;1914080,0;13504800,0;29797800;45650371;3773853,0;173800,0;10337100,0
2020-08-10;52390100;29341400,0;34110211,0;35251898,0;28095600,0;7186400;3409882;;19452000;6879062;4018700;3971292;;446333,0;14783116;26631800,0;4255200;1627080,0;12873200,0;27525300;28339538;3216071,0;189800,0;8259500,0
2020-08-11;66342300;23822800,0;29715757,0;38937074,0;40751000,0;7934000;4024765;;28091600;4790071;5106900;8183470;;865000,0;27835672;14692600,0;8305000;1851500,0;20137600,0;36220800;23626631;2285498,0;153600,0;9360900,0
2020-08-12;67008500;29627900,0;56153519,0;53486114,0;44719600,0;9532400;4910818;;36059200;4955678;6583100;11735668;;1065533,0;10864263;10599500,0;9863200;2791040,0;13930000,0;41732400;47590741;2368827,0;193800,0;10114200,0
2020-08-13;44588200;24906200,0;46391704,0;39513639,0;22611700,0;14880200;11741535;;30023600;7106547;8452900;5735777;;646800,0;7633170;7507700,0;7077700;3753960,0;12511200,0;41170200;43616985;2735369,0;203400,0;10721300,0
2020-08-14;38422000;17848800,0;34715799,0;40462037,0;22032000,0;8972000;5520475;;21617400;4786659;19204500;8315726;;670600,0;5291567;6587600,0;6904800;1475740,0;15860800,0;38304900;28742258;2418303,0;194800,0;8576300,0
2020-08-17;52064300;42786400,0;42819015,0;61115406,0;33507900,0;9522200;10291538;;43903600;6614486;8033900;7007781;;389400,0;15588815;11008800,0;5713700;1723120,0;18202800,0;53869800;46913295;2858800,0;206000,0;10816200,0
2020-08-18;49361300;32205700,0;47555975,0;50875902,0;30227500,0;10616400;5144814;;29049000;14361055;5378000;5488585;;544533,0;5340962;26027200,0;5880500;1809360,0;18394400,0;40185000;39471477;1814795,0;140600,0;9418700,0
2020-08-19;51982100;23537900,0;31101529,0;64540311,0;15809100,0;10875800;3437411;;20797400;6143441;7816800;4238508;;275166,0;12749352;13867300,0;6174000;6881840,0;9830800,0;32429100;29626043;1984369,0;219400,0;10025800,0
2020-08-20;55251700;25866600,0;37688678,0;41295606,0;21512900,0;14736400;9657466;;45816600;6147572;9826700;4766933;;586600,0;18358881;11993000,0;6426600;1465240,0;14440800,0;57553800;42043702;1515749,0;226400,0;9405000,0
2020-08-21;38668300;27242700,0;26907617,0;29621405,0;19407800,0;9185000;4436796;;23354800;3706891;6438300;6356111;;431666,0;11812540;11647800,0;6883300;2600500,0;8432400,0;34689600;29268782;1297740,0;274000,0;9100200,0
2020-08-24;51841900;17944700,0;37897717,0;38914326,0;18335400,0;10499200;3456501;;38818600;3520987;5463900;13288903;;597533,0;9485816;7215700,0;5427800;1726200,0;7979200,0;37251900;25884828;1938538,0;261800,0;7723000,0
2020-08-25;37981400;23543000,0;36263931,0;30182361,0;14960200,0;10089800;2405675;;23659400;3323184;5292000;7184389;;543433,0;16635640;13832500,0;5359400;2483600,0;11905200,0;34148100;29385380;3322732,0;285800,0;8170900,0
2020-08-26;69925300;23924400,0;34718858,0;46002990,0;29757700,0;13845600;4325273;;33250800;7775306;8361100;11554954;;788933,0;11967069;11479200,0;12888200;1878240,0;14514000,0;44922000;31032683;3092016,0;288200,0;9861200,0
2020-08-27;35489800;18201900,0;39986969,0;42850335,0;20747000,0;6952600;3138008;;31874800;5522550;3136800;8376198;;465466,0;8432284;11920300,0;5988900;1887760,0;11631600,0;27013200;28233814;1500229,0;198400,0;7360600,0
2020-08-28;31071000;15040300,0;63602201,0;43992212,0;23050600,0;7708200;4505417;;22764600;4438426;4409600;7104595;;688066,0;7373751;12326800,0;12520900;2027620,0;7070000,0;22101300;27659472;1967807,0;178200,0;7665700,0
2020-08-31;48539700;31080000,0;51036438,0;57366705,0;38488000,0;16136400;6997398;;27937200;5029995;5226100;9076225;;944966,0;12251857;18583800,0;10707300;2720480,0;8783200,0;53375700;51085398;2717557,0;346200,0;12226100,0
2020-09-01;66299700;24197700,0;63655112,0;50020311,0;31742100,0;7938000;5448036;;24709200;3954762;3433100;6675688;;1357600,0;18359125;9473600,0;7124400;2806160,0;19070800,0;37691700;33173234;2520902,0;207600,0;9384700,0
2020-09-02;53618000;21797200,0;28518629,0;33742060,0;18202600,0;10639800;5410962;;19689200;4583691;6473700;4605642;;581366,0;5203020;19466400,0;6083100;2381540,0;10316400,0;21813300;33599275;2533505,0;257200,0;7557900,0
2020-09-03;87642400;36117400,0;91774926,0;129192789,0;37438600,0;13634400;4717009;;59667800;9555715;8188600;5586201;;527733,0;13983758;13781900,0;13665400;2370480,0;24953200,0;77640600;49893874;4592141,0;234600,0;12611000,0
2020-09-04;52351100;26636700,0;47223326,0;57514809,0;22149500,0;14754000;5401819;;41730000;10134621;6825600;6572666;;642700,0;11090752;24478000,0;9819900;3042760,0;18577200,0;91015200;31937167;4879521,0;171000,0;11327400,0
2020-09-08;74490200;14663800,0;33126654,0;33833173,0;20712000,0;9884400;10172279;;26920800;5084329;4245200;4754117;;1005833,0;8041752;13084200,0;6178900;2037140,0;14116000,0;29706000;29856225;2638603,0;304000,0;8479000,0
2020-09-09;42143500;16481700,0;33617016,0;35740012,0;17716100,0;9206000;7848487;;25182400;5137361;3184100;3413734;;801100,0;5386455;15843800,0;9196100;1872640,0;13013600,0;32466600;21647352;1502729,0;229000,0;7955600,0
2020-09-10;58350000;19431400,0;41152259,0;56327799,0;30209800,0;8470400;8788895;;26774800;7402062;4720500;3630289;;559966,0;11021719;10967200,0;8786600;2071160,0;9204000,0;33435900;35083603;2419032,0;120200,0;8894600,0
2020-09-11;71013700;46057000,0;26452944,0;47278451,0;25286500,0;14508600;5605273;;29421200;5403957;4093000;6038535;;1048366,0;11882060;16214800,0;7575400;2972480,0;10090000,0;32958300;33610017;2785470,0;178200,0;9107900,0
2020-09-14;46453300;35710200,0;49272923,0;68687586,0;24419600,0;6660600;4186121;;22023800;5600099;2135500;2427869;;434033,0;11544949;12052200,0;5116700;1448300,0;13684400,0;33909900;22843461;2582669,0;190600,0;8182100,0
2020-09-15;58546700;32570600,0;33112604,0;45286791,0;29444700,0;7764200;4876055;;23170200;5114280;7081300;6003193;;591666,0;7926861;11663000,0;5396300;2139200,0;13528800,0;22635600;37967104;1762298,0;177400,0;9216700,0
2020-09-16;50379500;28843500,0;29033351,0;42998197,0;18729400,0;8811000;3094303;;27629600;4151353;4656300;4707162;;602300,0;13451381;8679200,0;7316400;1903720,0;12065600,0;21608700;37805571;2540067,0;292200,0;7139400,0
2020-09-17;60432200;31397500,0;28402837,0;30859114,0;58483500,0;5729800;3195076;;20419000;5562155;5835000;5101728;;482133,0;6015916;8997900,0;8926000;1213380,0;7282000,0;25473000;37808715;2932545,0;231800,0;0,0
2020-09-18;64243500;33143800,0;44287157,0;76123157,0;46869000,0;11991000;5801794;;31935000;6788221;12539100;7541712;;571800,0;12658488;8950300,0;7362800;2439640,0;17362000,0;50925300;47922979;4042484,0;283200,0;11370300,0
2020-09-21;73300000;53120800,0;41436302,0;57832434,0;18966300,0;10113800;9013046;;26836000;6845564;5650500;3818512;;424066,0;15725294;21582700,0;5506600;2010820,0;22798800,0;34273500;50388170;3179511,0;231400,0;9738000,0
2020-09-22;47207700;23996200,0;30894983,0;30436824,0;13753000,0;10047200;2370410;;21468600;5921389;4924300;20867959;;344333,0;11116120;16021300,0;8106500;1373260,0;20459200,0;28196400;30525680;2296539,0;160200,0;7281300,0
2020-09-23;57106300;37365600,0;27895932,0;32262351,0;27736600,0;9798000;31326534;;25536600;4865511;5237800;5100026;;596200,0;10923050;14451900,0;5216200;1675380,0;15655200,0;29933700;31151377;1590016,0;299000,0;8830700,0
2020-09-24;76310000;31607500,0;45360901,0;41345700,0;30902200,0;10135200;7826886;;31886600;5439028;4358100;12132537;;378566,0;14316966;15457900,0;9121500;1780660,0;15671600,0;51120900;34360173;1323364,0;188000,0;9331000,0
2020-09-25;40150400;27582200,0;24666882,0;20911462,0;26495500,0;6179000;5468431;;18700200;4840589;6333400;10521132;;316200,0;10486416;8641100,0;6249700;1666140,0;8163200,0;24830100;18605592;1365966,0;174800,0;7351100,0
2020-09-28;48797400;30265400,0;66094801,0;83360409,0;37732800,0;14994000;7404506;;61166400;7078707;8342800;9761835;;595500,0;8905019;8610200,0;10726000;2021740,0;20111600,0;43539900;40535661;6749417,0;307600,0;10508900,0
2020-09-29;52878100;26201600,0;30706679,0;55956329,0;25217400,0;13647000;5920952;;36925800;4299986;6887000;9158923;;676133,0;12284422;13795500,0;10138900;1328320,0;11562800,0;42995100;32879382;1734903,0;226600,0;8737200,0
2020-09-30;69505000;25947500,0;25282781,0;39182704,0;23817800,0;12749000;5363339;;28394000;5273915;7466000;24962598;;757400,0;9069916;37997200,0;12035200;2320920,0;11601200,0;32257200;35603839;3439913,0;182200,0;9454300,0
2020-10-01;77537300;22852700,0;23197155,0;29290107,0;20845400,0;10384600;4291213;;24017400;5120567;8995900;9272357;;698566,0;7360578;13716000,0;9926200;2142980,0;9084800,0;34566600;29844566;2128007,0;173400,0;9243500,0
2020-10-02;85306000;23668800,0;40201106,0;62918911,0;19312900,0;11590400;4301863;;33953200;6682561;16816700;6483761;;606133,0;8570348;14691500,0;9895400;1850940,0;11742000,0;32609100;33851204;3739584,0;240400,0;8584900,0
2020-10-05;73288500;17887200,0;25874887,0;41923233,0;17239400,0;14472600;3291829;;25093600;5400590;14025600;16083005;;384366,0;19907469;19022000,0;6779200;1777300,0;7146000,0;34590000;40460986;2605793,0;194400,0;8616000,0
2020-10-06;77064600;21951600,0;23946974,0;36957998,0;55433200,0;15523200;4339239;;21485000;4802285;12499500;4452261;;724500,0;14180487;11385700,0;11636800;3507700,0;11218400,0;41465100;35232953;1968745,0;193800,0;11299600,0
2020-10-07;53521000;27276500,0;25827981,0;35786960,0;36817600,0;15518000;4761417;;24819800;4673814;33049600;8496240;;573633,0;9024057;13729400,0;5840000;1427160,0;11106400,0;46093200;26986087;2182899,0;174400,0;9829900,0
2020-10-08;78070400;22207400,0;71616250,0;79523136,0;43108600,0;14436600;6549800;;36396200;5227888;9725900;10834603;;582633,0;5649777;11696400,0;5975300;1124900,0;15198000,0;35885400;63009285;7335739,0;153800,0;11163600,0
2020-10-09;67962300;21120900,0;55458763,0;86877032,0;24268300,0;11578600;6177857;;27753200;10369246;7295100;8445980;;718800,0;5719907;13244800,0;12639900;1620220,0;7394400,0;22644000;44458061;5985501,0;134400,0;10810500,0
2020-10-13;55330600;18602200,0;35136596,0;36440965,0;19256200,0;12152600;4745744;;21598600;10632340;4650800;9424036;;922633,0;8568030;12152200,0;4864900;1584100,0;10578800,0;25704300;29482327;4227578,0;279600,0;7867500,0
2020-10-14;44584300;22210600,0;24984802,0;34703768,0;23282200,0;13237400;4827326;;20747600;9384776;8335300;11869526;;663866,0;9254083;12487400,0;4373200;1575420,0;15718000,0;38300100;25175678;4674949,0;176000,0;8891000,0
2020-10-15;56952100;16309700,0;24705404,0;41188642,0;17291600,0;12250400;6443904;;25508400;3901057;5663000;3949366;;599566,0;6024210;23823100,0;4023400;1398600,0;9010000,0;29257200;24923748;3020145,0;163800,0;8335200,0
2020-10-16;49929000;15871000,0;24088939,0;28485820,0;26454900,0;12823400;4770862;;25159400;3667903;12866100;5401282;;665566,0;10374452;29774700,0;6066300;1183980,0;8584800,0;29930400;40913359;4356946,0;115200,0;7840200,0
2020-10-19;107419300;29156200,0;43371919,0;62748180,0;20184800,0;11687600;3331515;;31180200;4090059;7455600;4804477;;597800,0;9429712;13831800,0;5523400;1955800,0;11722800,0;35115000;36670511;2242792,0;163000,0;9929400,0
2020-10-20;68407700;25276800,0;51806311,0;78651694,0;20035400,0;12935000;5410158;;43185400;3119577;5512200;5551860;;555666,0;8916118;21794400,0;6737200;2430260,0;14390000,0;42356400;37806095;3912700,0;184400,0;8796000,0
2020-10-21;60594900;21480900,0;43210807,0;76419244,0;20369800,0;41216600;5419803;;32409600;3977821;4582400;7623909;;378600,0;7241053;13447600,0;12472400;3702720,0;12026000,0;25784100;39740176;2215398,0;157000,0;8661100,0
2020-10-22;98926900;32097700,0;75295554,0;81425740,0;21189900,0;26272600;4562887;;60056200;2592895;6567500;9741711;;380966,0;7537549;16823500,0;8922200;4596340,0;10769600,0;44345700;68155699;3280443,0;154600,0;9556900,0
2020-10-23;61711200;24263400,0;57271110,0;77700150,0;25463400,0;16192800;4815571;;38177000;2687957;4107900;6205933;;403166,0;5396700;15312600,0;5666500;1213520,0;11918000,0;34829400;46960851;5318559,0;139800,0;7561100,0
2020-10-26;58229100;18250900,0;36406802,0;47649921,0;35347700,0;12633800;2385782;;28741000;2894236;4861300;5601419;;609466,0;4269501;10402000,0;5724000;1392860,0;11431200,0;26976000;31130809;5021388,0;185000,0;8070400,0
2020-10-27;48978400;18155500,0;53568353,0;94080404,0;31147200,0;13495800;9797925;;30657800;2323503;4592000;5534640;;606666,0;4940186;12691200,0;4274500;1491840,0;10478800,0;51000600;41995753;9092413,0;174200,0;8672300,0
2020-10-28;79247400;23686100,0;43793395,0;80850506,0;30778700,0;16259600;8323715;;30777000;4043269;6024000;8304813;;477733,0;6801614;10394000,0;6098300;1896720,0;13748400,0;53280300;43758999;4826607,0;184000,0;11051600,0
2020-10-29;86794800;37998800,0;48676512,0;118969499,0;79877400,0;17743200;6262051;;38897400;4249435;7438700;8558013;;707700,0;5429265;13968800,0;8142000;1911560,0;25014400,0;54701100;48071543;5057428,0;125400,0;12704400,0
2020-10-30;64185100;27476200,0;44402270,0;69347036,0;46496800,0;19195400;6413260;;43963800;3493360;16475100;7309938;;632900,0;11968898;10920600,0;5291700;2081520,0;14274800,0;35511000;43216099;3098474,0;170400,0;10643200,0
2020-11-03;66292400;32900800,0;42419859,0;70121073,0;40584400,0;18073800;7281329;;34308800;2834603;10874400;6490569;;792500,0;6992732;18934700,0;5017600;3306520,0;7802800,0;36482700;38569220;3001396,0;143800,0;10191800,0
2020-11-04;65777600;27932100,0;109894315,0;86799350,0;32125300,0;14900200;5317122;;27452200;5746431;5983900;11447427;;937700,0;7151531;13786900,0;7567600;1751260,0;8816400,0;45341400;80289593;2938691,0;94800,0;10704600,0
2020-11-05;40874800;25563600,0;50004728,0;59907463,0;23251900,0;17481600;5580858;;37385000;5206951;7419800;8451086;;801700,0;9615953;22535600,0;9463600;2034060,0;13918400,0;53381100;80607552;3577093,0;116200,0;10455300,0
2020-11-06;37273300;26452500,0;36059991,0;47718891,0;20836200,0;11714200;4801706;;25723200;3737662;9054000;6054454;;849833,0;11263820;16473800,0;5133600;2346820,0;9518800,0;25608600;26130600;2283519,0;148600,0;8382800,0
2020-11-09;164904100;37728900,0;113427009,0;144734997,0;57332800,0;15212400;8031746;;67562000;8056014;11789700;9607353;;887833,0;50631025;12486600,0;8000800;3136700,0;16642800,0;67880100;99221529;4219870,0;187600,0;17410500,0
2020-11-10;163732600;53960600,0;96471437,0;164328769,0;88015400,0;16707800;6827502;;84088600;8875393;10673000;9930935;;798233,0;24753864;20319400,0;9495700;3885280,0;16906400,0;49911900;80848477;4749112,0;172200,0;16665200,0
2020-11-11;93072900;25908500,0;69702386,0;92258144,0;44074400,0;9087200;4470454;;54251600;5744523;5886100;6960825;;574366,0;10818160;10960100,0;3766600;4760560,0;18346000,0;34095000;44632041;2788074,0;112000,0;10841000,0
2020-11-12;77275000;23726500,0;52200255,0;66495429,0;28783200,0;10121400;4327684;;49990800;3796542;4923600;6998570;;897733,0;10131742;11978900,0;6107800;5296480,0;14793200,0;47864700;40270368;2088426,0;113000,0;10860300,0
2020-11-13;66065200;25079300,0;41748557,0;67209934,0;31182600,0;9011800;4315226;;34679000;3992415;14717100;6144861;;872100,0;9146266;9841800,0;9823600;1491980,0;8276400,0;83554800;30960760;1066607,0;158200,0;9772100,0
2020-11-16;101583300;91477900,0;61190157,0;114690334,0;24432100,0;7536600;3538686;;46421800;4642673;9868000;8834639;;540700,0;8353250;9310800,0;6345800;1788080,0;9494800,0;57347100;94755049;3116285,0;129000,0;11724300,0
2020-11-17;94082100;62475900,0;45997873,0;76666205,0;32058700,0;6310400;4738510;;37379000;3582001;8923200;9121378;;945033,0;11782780;12193000,0;9385500;4626300,0;11006400,0;50178600;47380734;3719169,0;118800,0;10311000,0
2020-11-18;68540400;22854400,0;46844791,0;61293155,0;31701300,0;6797000;6247483;;40040200;3538803;7692800;8379602;;504433,0;10070759;8911800,0;6306500;4396840,0;7876400,0;60344400;42362315;2141443,0;127200,0;10337300,0
2020-11-19;65382100;25928500,0;30181873,0;39838161,0;30028900,0;4583800;3867025;;42006200;5617533;4432400;4390488;;672366,0;7268861;12455400,0;6884600;2030700,0;5838000,0;49595100;44491206;2906922,0;155200,0;8555700,0
2020-11-23;125649000;38662400,0;31243381,0;37882196,0;23466400,0;6936400;2321883;;35029000;6695191;4613100;3179156;;541300,0;5622213;15413600,0;4372000;1566320,0;7779600,0;24288900;41217299;1114104,0;2242000,0;9686000,0
2020-11-24;153293500;49842200,0;53998780,0;89390444,0;30059900,0;10542800;2964394;;45083600;6451069;6762700;5545653;;404100,0;6755511;16053800,0;5147800;2665040,0;6895200,0;42837300;52727461;2805365,0;4929000,0;11934800,0
2020-11-25;73971200;36269100,0;47849082,0;51217848,0;19138400,0;7049200;3018146;;27416200;4368600;7508800;10886164;;311466,0;6221549;10948100,0;4542000;2657760,0;7904800,0;33799200;41484819;3447100,0;5530200,0;8564700,0
2020-11-26;41935900;20359000,0;34762819,0;25190627,0;10458000,0;3714200;2775911;;18337000;2594197;7897800;3347455;;253146,0;3717366;9441100,0;5289200;1330280,0;2791600,0;22242000;37047030;1246701,0;5190800,0;6166800,0
2020-11-27;49863500;48966700,0;50016285,0;40041804,0;17499400,0;6573800;3848137;;19264400;4055483;10445700;5881750;;618080,0;3767982;8840100,0;7220200;1345960,0;4936400,0;32987400;51139897;2009367,0;3498600,0;8790300,0
2020-11-30;90207700;48594200,0;67854576,0;61542657,0;41880800,0;21049400;7449015;;38819000;7533845;10968800;11072684;;990433,0;13754708;11356700,0;12006500;4968040,0;10452400,0;65483100;85357403;3137534,0;10149200,0;19300000,0
2020-12-01;58866000;61441200,0;58196205,0;78138775,0;26702100,0;12850400;5275326;;38767600;5532226;14567600;10441839;;896293,0;7254347;10697100,0;15760400;4175640,0;12815600,0;31753800;52079754;4552247,0;5448800,0;11324800,0
2020-12-02;88093300;53703300,0;36436713,0;54318715,0;18287100,0;12416400;4208526;;24585200;2871144;38161100;9530962;;812640,0;5793208;11318400,0;8016400;3421600,0;11318800,0;54265500;25773077;2088217,0;6698000,0;9814300,0
2020-12-03;62424500;35158600,0;45192877,0;66249678,0;32918200,0;10316200;4762121;;43149800;3725223;21786900;8254153;;476626,0;12715079;11595200,0;12037300;4092340,0;19929200,0;45524700;56318016;2265082,0;5543800,0;11474200,0
2020-12-04;61652400;48656900,0;39764447,0;48098226,0;18361200,0;13194400;4338435;;28255400;2552571;9102900;8066532;;265620,0;7014442;23128000,0;8323000;2586500,0;7406000,0;32813700;31624057;1339509,0;3917400,0;8892900,0
2020-12-07;72664200;27398500,0;34741292,0;42097352,0;25164600,0;12857600;4773373;;47991600;2758412;4453900;6106315;;556173,0;6578906;11659400,0;3426600;2379580,0;4584400,0;33066900;35059367;2662144,0;4214000,0;9633900,0
2020-12-08;46276700;28598800,0;31536148,0;41379459,0;23395100,0;9338600;4174466;;37948600;4725690;4937200;6503385;;500300,0;11395298;11625600,0;3029900;2232440,0;4519200,0;27848400;32336875;2380909,0;8110200,0;8810900,0
2020-12-09;52448300;26938500,0;35784218,0;39119300,0;23965900,0;6400200;7208688;;25710600;4622219;4429100;8515262;;560820,0;6322901;15386800,0;10500600;1867740,0;7395600,0;48152700;25823647;1600848,0;5661000,0;8431100,0
2020-12-10;97537100;41230700,0;57185795,0;74726938,0;144062500,0;9902600;5277838;;52704600;3780298;11728000;6762190;;713620,0;11391273;23001900,0;7229700;1864380,0;8482000,0;54659100;49770333;2278936,0;5182400,0;11803600,0
2020-12-11;48334300;25136800,0;27197665,0;48451667,0;31872700,0;5523200;3143132;;49940400;4282114;5733500;8105378;;373833,0;8981857;12851600,0;7204900;3631460,0;7920400,0;33917400;20557359;2829635,0;6308600,0;8372300,0
2020-12-14;53159500;20931700,0;30308089,0;36431285,0;21900800,0;5822400;2232464;;49645200;4860942;6148700;8447982;;327060,0;5688318;12041800,0;8648600;1640240,0;9296400,0;23907600;21623246;1593140,0;6850800,0;8190900,0
2020-12-15;47208200;18762800,0;28385955,0;33169730,0;19882900,0;17764800;4473870;3282948,0;30496600;4433936;8894500;7770882;;364800,0;7753915;18294000,0;6624400;2375940,0;12695200,0;28739100;29975836;1687823,0;7543800,0;8195100,0
2020-12-16;59399200;23038300,0;46688550,0;57006367,0;36866900,0;16225800;4636030;2830870,0;53018000;4637475;7064100;7842867;;398466,0;6094339;13718000,0;7175500;3035900,0;14386800,0;62851500;38016757;2402158,0;6583000,0;9808100,0
2020-12-17;39297700;21367800,0;20237079,0;45968142,0;58329100,0;16326600;4972708;3838013,0;23017400;2629952;6961400;7449002;;215466,0;4432080;15090400,0;3730500;2823660,0;8458400,0;36081600;22171386;2098529,0;3538000,0;7701400,0
2020-12-18;44707900;23843100,0;35932075,0;54097164,0;33239900,0;15795200;6366742;9740255,0;24947600;3482257;13246500;4420723;;323473,0;11691672;15770000,0;4546000;2783200,0;6169200,0;36326100;23657156;1799171,0;5328000,0;8636000,0
2020-12-21;99988800;31877300,0;26583352,0;66521686,0;24879600,0;8072000;2726077;2001776,0;37437200;5858748;8072700;11097413;;304586,0;6010306;15810700,0;5255800;2305800,0;6838000,0;30848700;29055107;1613452,0;5849800,0;10347100,0
2020-12-22;46513200;23157000,0;22273647,0;38527126,0;15406100,0;5199800;3362058;1743960,0;21540800;2833032;13295700;4492709;;374633,0;6410716;11698800,0;3824000;1603560,0;6196400,0;22586100;22601095;1440649,0;5494000,0;6947900,0
2020-12-23;49038900;17710200,0;22613773,0;31883742,0;11560800,0;4806600;3291126;859119,0;18352600;2307921;4062500;4871857;;316873,0;5547571;10158200,0;2575700;1622180,0;4243200,0;15756300;36152372;1168476,0;3509400,0;6483300,0
2020-12-28;36313300;26001300,0;17498731,0;45444938,0;11958000,0;6838800;3228834;1377453,0;15154400;2593119;2768100;3618375;;229633,0;7901005;5591800,0;2100100;1571500,0;7931600,0;19548600;16853220;1650741,0;3283200,0;7171700,0
2020-12-29;29891100;19727500,0;18563298,0;26853167,0;13638800,0;6130200;2188055;968110,0;14602800;1997083;3435400;4110257;;293840,0;5861021;12861400,0;2678000;1224020,0;5737200,0;17230500;20978290;954113,0;4118000,0;6769700,0
2020-12-30;36968200;30102700,0;29055105,0;26660051,0;19432700,0;12375400;5125524;1305192,0;17188000;2154135;4938900;7343477;;659613,0;5311203;10425400,0;5146700;2025660,0;4409600,0;45151200;31375140;1290761,0;7997000,0;8235700,0
2021-01-04;74719700;37865500,0;35517057,0;48196357,0;17835200,0;7219800;3815684;1353533,0;27749200;2885783;4829100;5367042;;564553,0;8418867;15190700,0;4928200;3114020,0;5809600,0;25275300;51273395;1823544,0;5582800,0;8741400,0
2021-01-05;95181100;34300300,0;32007023,0;47107478,0;37105800,0;16633600;3714008;1236034,0;31908000;2855001;5361400;9783761;;585466,0;6264358;14169800,0;4541200;2467360,0;9233600,0;29802900;36254428;2309559,0;5798400,0;9257100,0
2021-01-06;96562500;53722500,0;48789132,0;73317409,0;28371600,0;21507400;8055960;1224225,0;41133400;5814989;9016800;12365712;;989980,0;10880972;15970200,0;5227600;2486960,0;13171200,0;51422400;40608240;1899478,0;11580200,0;11638200,0
2021-01-07;56171300;74541400,0;52265063,0;56545599,0;32540100,0;15129600;6277926;1920908,0;43757400;4731404;12899600;16927903;;485820,0;14985211;16561000,0;7641900;1855000,0;7985200,0;27802200;52563176;2078322,0;10427000,0;11774800,0
2021-01-08;67136300;58562700,0;59519322,0;60861427,0;30188800,0;17381000;9431306;2331151,0;32480600;4938132;9090100;11424900;;2651860,0;16150098;18578300,0;5161900;2144940,0;7444400,0;41870100;34113877;1459606,0;5833200,0;11085800,0
2021-01-11;48744700;29267000,0;35762351,0;44169961,0;23618800,0;15490800;6000123;3476110,0;33761400;2991532;8085300;9780557;;3239386,0;10695463;11887500,0;4726100;1759940,0;4947600,0;52273200;31942015;1853959,0;7147600,0;9537600,0
2021-01-12;65691900;28598500,0;37490176,0;46567697,0;30598100,0;12690600;4454579;2695256,0;31038000;3933624;8070400;8812413;;1327226,0;6464869;14861400,0;5691500;1992060,0;6797600,0;34524900;26306938;3417623,0;5973000,0;8949000,0
2021-01-13;93826600;31658800,0;48404705,0;56170741,0;44066900,0;13782800;4929304;2332352,0;69732400;2875017;6567500;8277581;;1017226,0;5917856;14367100,0;6222700;2107420,0;6984000,0;27266400;34317988;3788019,0;5955400,0;10291500,0
2021-01-14;50745400;20809900,0;31976092,0;72262168,0;17183300,0;8477000;5644758;1954436,0;79070400;2868079;4655000;10025847;;708060,0;8994664;14094900,0;5902600;2538340,0;6649200,0;23967600;27735195;2034470,0;4568600,0;8974400,0
2021-01-15;80673300;31712400,0;42778794,0;53980036,0;27742000,0;14086600;10745767;1459021,0;58294800;3677782;11635600;7768880;;638993,0;12060250;17974200,0;5315100;2042740,0;5588800,0;50916300;41034935;1804587,0;5299000,0;9387600,0
2021-01-18;68855700;22667600,0;21439532,0;51058007,0;13979800,0;14797400;4329895;3533858,0;47699600;2723128;7411100;6698916;;664666,0;5504761;11478700,0;2340400;1746500,0;10837600,0;24765600;22664765;1505854,0;3897600,0;7223100,0
2021-01-19;61656000;27155400,0;30824398,0;38386524,0;16980100,0;13788600;6928475;2202344,0;39025200;2360347;11401600;10383269;;761093,0;7141042;22749800,0;5906100;2253300,0;15386800,0;21468000;30065184;2264770,0;4720000,0;7886000,0
2021-01-20;60306200;20480000,0;32848502,0;41861039,0;18321500,0;7016400;3436708;2119574,0;45387200;5398535;9641300;5072894;;662453,0;6234111;15041100,0;2834500;1598520,0;7003200,0;24922500;30456900;2385180,0;6112200,0;7947300,0
2021-01-21;41284900;25983400,0;39282922,0;43414921,0;23062400,0;8450600;5785417;1763676,0;46607000;3708968;35970400;16933610;;986426,0;8969539;15535900,0;7027100;1734320,0;7559600,0;34180200;53899072;2111028,0;6170400,0;8573900,0
2021-01-22;51181900;25814300,0;41696212,0;49504004,0;36117500,0;12025000;4789047;1626862,0;40811400;4827679;6508400;10888166;;377800,0;12137820;10757900,0;10653000;2039100,0;15764400,0;39767700;36486313;3371480,0;3962800,0;9373100,0
2021-01-26;64514600;24921600,0;57774842,0;70337058,0;28714100,0;10328600;6604155;1401473,0;53844600;4992713;9213700;5751096;;884853,0;9692059;10446900,0;5629700;1824480,0;7688400,0;38531100;53384469;2982647,0;6819800,0;10681400,0
2021-01-27;68337800;32419700,0;48685803,0;79338490,0;27437800,0;12126200;4165323;2672437,0;50160400;5045217;8965800;11848601;;863460,0;5724908;11478500,0;5635300;1803200,0;10391200,0;31539900;41591067;2531109,0;7711200,0;12380400,0
2021-01-28;67827000;35900800,0;58947950,0;62478350,0;20208100,0;10061600;6154547;1762575,0;41864200;3684383;4741900;11187019;;574346,0;9833294;13569800,0;4191900;1695120,0;13048400,0;27892800;34633326;2663290,0;3500600,0;12065900,0
2021-01-29;67555300;31481600,0;52468890,0;67913428,0;23141500,0;11440600;7400387;2215655,0;34985600;4057245;8230300;13881303;;726533,0;13656404;23380900,0;5672000;2737140,0;13806400,0;46811400;40510114;1868125,0;5686400,0;10965200,0
2021-02-01;44449500;27135500,0;52534944,0;54510500,0;22235900,0;13618000;5434271;1905095,0;33525200;3285610;6689400;7117310;;678393,0;8716462;14693900,0;4343400;2216480,0;10897200,0;35937600;44795802;3031915,0;5827200,0;8716500,0
2021-02-02;91663000;34426700,0;113671397,0;82720803,0;34642100,0;13217000;7304437;2230667,0;39601800;3094262;8207300;6354008;;627486,0;9667300;14886000,0;5275600;2166920,0;10170000,0;41385000;100707691;3205135,0;6363600,0;11625900,0
2021-02-03;47486800;34346400,0;46949933,0;45415172,0;17825900,0;12521200;5898447;3830607,0;20946000;2353353;6078700;9897696;;630753,0;8821230;12358600,0;9120700;2419060,0;19053200,0;39844500;35906207;6218405,0;8093800,0;8704300,0
2021-02-04;41444100;29939700,0;74160061,0;114781326,0;12952800,0;11447600;4969493;4126354,0;20148400;2212253;4495100;7754062;;337373,0;4061185;12368500,0;4468000;1971620,0;10913200,0;20874900;43197627;2282581,0;5070200,0;8100700,0
2021-02-05;121098700;27114800,0;44519988,0;49424023,0;11336800,0;8272800;3110780;2781228,0;25487200;2797389;7408100;6118730;;358426,0;4657959;18772000,0;4643200;1699740,0;25596800,0;23159100;24539893;2471738,0;3064400,0;8208400,0
2021-02-08;98821700;28164400,0;32786187,0;30201237,0;35731300,0;9045200;3265606;2138390,0;23303200;2893327;4627100;6187111;;645166,0;5194849;30261700,0;6452500;2085720,0;14325600,0;25477800;34082435;2288935,0;3213000,0;8619100,0
2021-02-09;63662200;32303400,0;42778341,0;54631621,0;16168600,0;8388600;2430492;2660127,0;30614000;2172030;4802400;5596813;;477180,0;9650469;22523800,0;5231700;1501360,0;17392800,0;19773900;35257714;2069677,0;2783200,0;7913500,0
2021-02-10;52949900;40318300,0;32474159,0;34475320,0;25616400,0;9999000;4605788;1813218,0;28457600;4494590;7385600;8287893;;536113,0;11074652;17540700,0;3490100;2011940,0;19508800,0;40945200;42330349;1540748,0;5838800,0;8644600,0
2021-02-11;61158600;19775900,0;25381012,0;29089005,0;17224700,0;8179800;2775509;7591756,0;19888000;2309190;12606300;7429078;;869180,0;9234324;17174200,0;2679000;2175600,0;8556000,0;50835300;19392168;1127750,0;5592800,0;7567400,0
2021-02-12;47801100;14760700,0;28173404,0;26965092,0;17542300,0;5732600;2771088;1295584,0;35346000;1698772;6315600;6768998;;323506,0;12047078;19754000,0;2901400;2266180,0;8605200,0;35224800;28487447;1079211,0;4659800,0;7655900,0
2021-02-17;54973400;29262900,0;27915647,0;20858827,0;30687100,0;11950000;4631810;1187994,0;27143800;2778843;9005800;6385145;;745893,0;10266391;13645700,0;2512200;2070880,0;7292000,0;37897500;43113781;1257222,0;6810400,0;8326100,0
2021-02-18;105539200;33088500,0;55882732,0;58438039,0;30823900,0;10527600;6071056;1150363,0;34331400;2534598;15955200;13709200;;1056680,0;9884397;29101500,0;8253900;2185260,0;12770000,0;49679100;57906889;1694177,0;5932400,0;10720600,0
2021-02-19;215834800;24966600,0;30505118,0;36792107,0;25717400,0;8151400;4364256;685173,0;54815000;4341366;10028000;8014370;;558933,0;9063940;15722600,0;4326100;2030280,0;6946800,0;32793600;38356593;2374139,0;3914400,0;10402800,0
2021-02-22;490230400;50160600,0;97990677,0;104356450,0;39438200,0;14022400;12283977;1776787,0;204072200;4648982;16165600;13590359;;530986,0;15266340;22345200,0;15910900;4005680,0;18010400,0;99958200;87878141;4091648,0;9314600,0;21768700,0
2021-02-23;293503100;35756200,0;86633938,0;58129852,0;28897400,0;13253800;7015081;1706328,0;95536000;4927085;9856100;7525492;;535220,0;8741830;30320600,0;8197200;3743320,0;9932000,0;72004500;83480048;3925199,0;7433200,0;15174900,0
2021-02-24;155246400;21856100,0;40386578,0;43288839,0;16385700,0;19885600;5689668;1060888,0;41196000;4199782;11060400;15793062;;632986,0;8966978;17988200,0;5222200;2345140,0;11020400,0;44403600;50153271;2044261,0;8855000,0;11399300,0
2021-02-25;170233000;24471000,0;46423088,0;43365553,0;33159300,0;30585800;7354873;1651983,0;54625400;6507738;7278500;13550112;;728733,0;13236845;18396600,0;7137100;2385880,0;9241600,0;54887700;64478285;1771672,0;8496200,0;12466500,0
2021-02-26;159881000;42856000,0;54721294,0;69104310,0;33969400,0;22546000;10264210;1784293,0;93719600;5129200;8112200;13886810;;875760,0;18864913;23030500,0;7497400;3878280,0;19755600,0;88703700;55658256;2102279,0;23067800,0;14618500,0
2021-03-01;90330100;32798000,0;51129457,0;70533925,0;19850200,0;13016200;6437574;1423491,0;55568800;2484462;8311900;7323354;;1383033,0;7915640;13912900,0;7905100;3887800,0;11126800,0;42576600;54351052;3102119,0;7000600,0;11239900,0
2021-03-02;147772300;47565800,0;75324899,0;86893609,0;42904000,0;14454400;9573774;2089249,0;72674600;3968570;9817100;12667469;;816593,0;15030826;14488600,0;10437100;4448360,0;21387200,0;107847900;61710072;3844578,0;7061200,0;14823200,0
2021-03-03;185688500;41473300,0;69736603,0;68702348,0;40193500,0;13457400;8957184;2882113,0;53904800;5298174;9844700;14415835;;976053,0;11431521;25212200,0;10989900;4503800,0;21739600,0;93766500;72671045;4726300,0;8891000,0;15144300,0
2021-03-04;127843200;48492500,0;74479227,0;87727541,0;37825700,0;23642800;9880612;2507299,0;47893000;4550855;9466500;11833283;;1246706,0;23525068;23150100,0;10640600;3789100,0;19034000,0;92759100;76056703;4191538,0;8242000,0;14221600,0
2021-03-05;126306300;46503300,0;87989913,0;94742879,0;39950600,0;17301600;6257028;2794139,0;46278000;5163147;9197800;8766359;;977786,0;17612212;20146600,0;6745800;2419340,0;22043600,0;52371900;43621702;3523763,0;6232600,0;13254800,0
2021-03-08;141142800;39677300,0;64742225,0;70396348,0;40360600,0;18952600;10692417;3243215,0;49536400;9307238;9559200;12722033;;1054193,0;16716136;16757200,0;8271900;3131800,0;21687600,0;83185500;50121174;3324920,0;8452200,0;0,0
2021-03-09;122648000;40537000,0;42477076,0;51552413,0;31116200,0;17206800;7450924;2315438,0;46114200;8286710;11687600;12710219;;998826,0;23031477;22505000,0;17575400;3376520,0;34258000,0;63468900;37973917;1827086,0;7158200,0;12135300,0
2021-03-10;111744100;31311800,0;42320722,0;68433970,0;37414300,0;17999200;5734177;1903593,0;41561200;4700892;11116400;9190860;;667500,0;14980699;16178900,0;11241500;3781820,0;27160000,0;54541500;54918319;2273624,0;9600400,0;12511800,0
2021-03-11;130577500;26203200,0;39134159,0;69172433,0;19424400,0;13765400;8709222;4639184,0;42769200;3440575;15377400;4533457;;932126,0;26165486;28810900,0;17662200;3514000,0;20546400,0;59833800;37528487;1938538,0;8168200,0;12092100,0
2021-03-12;68123200;21115500,0;27834637,0;53786436,0;17805500,0;10892400;3608714;1233833,0;24629400;2757940;8841300;4204668;;268453,0;12494811;14528400,0;6553500;1874040,0;8994000,0;34422000;24271587;1261492,0;3847400,0;8110700,0
2021-03-15;68295000;20059000,0;31826649,0;37805845,0;11348000,0;9744000;5039320;732213,0;29175800;8657114;6923100;5718757;;221460,0;8798056;18438700,0;5745100;2636760,0;15759200,0;36171600;24727890;2861508,0;3938400,0;8224700,0
2021-03-16;43407900;19174300,0;24795138,0;37929628,0;16891900,0;12648400;4964369;765140,0;37046600;4290343;8534600;3980103;;1113540,0;5830407;15645800,0;4361600;2634660,0;10190000,0;56125500;25574468;2629646,0;4313000,0;78000,0
2021-03-17;77966400;21424300,0;40771231,0;73650280,0;23843400,0;10580200;4793769;2111467,0;44209000;4217834;7425700;8651823;;815453,0;12718007;11492600,0;5687100;4516540,0;13688000,0;65064000;34693066;3008479,0;4329000,0;94300,0
2021-03-18;77198900;19156100,0;51899784,0;109927895,0;20329000,0;7945200;3815986;1289980,0;43460800;6098795;9750200;5262418;;454786,0;8267021;14294700,0;5882700;3023440,0;11750000,0;79393500;44018920;4346426,0;5689000,0;9920100,0
2021-03-19;90244500;38643000,0;53595885,0;96725464,0;32656900,0;13892200;7539137;1996972,0;55346800;7159074;7756100;8615881;;1057946,0;11708382;16650600,0;6757300;3898160,0;12879200,0;54991200;60778207;2347786,0;11755000,0;12341800,0
2021-03-22;44129300;21120800,0;40546557,0;56779734,0;22475500,0;9291200;3305795;847809,0;24805400;5195815;5230200;4356748;;456213,0;7786846;15154300,0;7771700;2039380,0;7914800,0;33484500;39567114;3869889,0;4150400,0;8160600,0
2021-03-23;57124700;20518500,0;35929469,0;44842358,0;16016400,0;9329000;4933424;1703126,0;42922400;3476981;5040500;3702575;;793680,0;7239467;13755900,0;5229400;1779960,0;19969200,0;34502700;28071232;2465280,0;4439600,0;8301500,0
2021-03-24;63338300;24726000,0;45459132,0;48280210,0;25521500,0;16204400;4432676;1476436,0;36567800;6718923;9830500;8448783;;713246,0;5803697;16377400,0;4841200;3154060,0;11088800,0;45900900;31197885;2522985,0;6192000,0;9834000,0
2021-03-25;79214500;23644400,0;58976162,0;66434203,0;21553400,0;11576600;6430842;3066367,0;35524800;5510268;8424900;19910528;;2364866,0;18116171;17808000,0;8489700;3627820,0;10433200,0;34303200;32532864;1628868,0;3623000,0;10306500,0
2021-03-26;60918600;26712800,0;37105863,0;48706372,0;16410500,0;11134400;6933800;1168978,0;29058800;5669701;6195900;12892234;;899866,0;12683613;16394400,0;4174700;1465520,0;8216800,0;32205300;27842622;4043734,0;5110200,0;8659500,0
2021-03-29;50099700;25960500,0;25971872,0;50369880,0;13766000,0;9868800;4633116;1164374,0;29090000;4656807;5579400;8343259;;788160,0;11430180;15656800,0;7857200;1337560,0;7636400,0;29028900;24099703;2996709,0;3717200,0;7463300,0
2021-03-30;41959100;18118600,0;27019104,0;45199308,0;15332100,0;12575400;4609807;2170517,0;34844000;4071379;7672800;5712850;;572013,0;12678856;10009900,0;5677300;1548120,0;16717200,0;49313400;29456518;1835002,0;3974800,0;8141600,0
2021-03-31;68609400;18792000,0;33286180,0;48801357,0;14580700,0;12085200;5014604;2249983,0;25287800;4083795;15945400;26797566;;567873,0;12414802;13390400,0;6816700;2570260,0;16062400,0;42446700;39854154;2336953,0;6330200,0;10659200,0
2021-04-01;47232900;17193400,0;36071207,0;61328003,0;15974100,0;12890200;5745530;1826429,0;26105200;4842508;8678700;10396585;;607293,0;10167722;10943000,0;3853300;1712620,0;13825200,0;27995100;28331546;4040817,0;6698600,0;8009200,0
2021-04-05;40454400;35908700,0;27186335,0;39431722,0;20988000,0;9732400;3887622;1702425,0;25271000;3063525;7819100;7565840;;461473,0;5597089;8514800,0;3973100;1147160,0;13157200,0;23059500;24379014;1370444,0;3860800,0;7245100,0
2021-04-06;45934300;22227800,0;26249344,0;36674979,0;12645800,0;11274000;3393908;2081142,0;28033600;2979532;5199400;4375770;;964873,0;7209952;14762800,0;4178700;1372980,0;20317200,0;19898700;24600419;1351279,0;3299000,0;6800800,0
2021-04-07;55892200;32822700,0;35444885,0;40372497,0;11811200,0;9741600;3086466;1547896,0;39545400;2847244;5140900;6639445;;1567580,0;8448261;11640300,0;3360400;1935500,0;10822800,0;27727200;30245583;2810781,0;4497600,0;0,0
2021-04-08;63231300;25936300,0;30197509,0;38028364,0;19194000,0;9436200;4576450;1091614,0;36282400;6340705;3969800;7828751;;729940,0;8904410;14414300,0;3676100;1513680,0;13414000,0;46453500;32167874;2493924,0;4232000,0;8778200,0
2021-04-09;47494400;18854800,0;23231598,0;38960911,0;16710000,0;10629800;2730799;1141956,0;42761800;4019413;5927700;4171028;;505206,0;9979408;18510300,0;5475700;1305780,0;9830000,0;18773700;33328218;2056032,0;2997400,0;7739400,0
2021-04-12;50592900;14787500,0;28113582,0;27353018,0;11987600,0;7562800;2931239;2210550,0;19441800;2335852;8248400;8010866;;474333,0;6232526;16052600,0;4599100;2649500,0;8166400,0;23383500;26606293;1822190,0;3532800,0;7000500,0
2021-04-13;53612300;17605600,0;30517241,0;34344035,0;19448300,0;10228600;3719433;2530919,0;26578800;3255940;5416800;5363938;;596393,0;5585258;13529500,0;5334100;1854440,0;10678800,0;23930100;41395995;2801094,0;5981600,0;8977600,0
2021-04-14;90836500;38030200,0;45978612,0;50114933,0;21466700,0;10287600;3953330;2227665,0;39591600;2723117;6834400;9779756;;559773,0;4679669;15706600,0;5378700;2777320,0;12500800,0;34959900;44269016;4103939,0;5501000,0;10076600,0
2021-04-15;64193600;19378200,0;33895961,0;33300410,0;17705700,0;13788200;3673116;1514868,0;36495800;2071523;4473000;12550230;;332113,0;7057130;12762400,0;5448500;1420440,0;8101200,0;39201000;33375774;2207481,0;4241600,0;7948100,0
2021-04-16;59567300;17401500,0;22814088,0;33964942,0;13563400,0;8067200;5108143;728710,0;25956600;2229911;6405100;10486892;;554213,0;31085263;12823900,0;3590500;2720060,0;10354000,0;38184300;24305256;1529811,0;5203200,0;7945600,0
2021-04-19;196519100;23297500,0;30561428,0;34552870,0;20032500,0;11195800;4868117;951396,0;43004200;2481409;5437100;4286865;;428666,0;23105192;9179800,0;8746600;2496340,0;12361200,0;34848000;31122293;1993222,0;3617600,0;10028100,0
2021-04-20;94965400;20895800,0;22424902,0;29159900,0;12697600,0;11508400;4999132;1983760,0;47233800;2304396;3792800;4397196;;1126586,0;14882879;9480600,0;4403600;1499960,0;7760800,0;31135500;31925770;1523873,0;4112400,0;7811500,0
2021-04-22;46600100;19799100,0;27442166,0;29729150,0;22839800,0;11556400;3810962;1729247,0;35732200;2540211;6935800;6228860;;1262726,0;26200009;16124900,0;5401500;1941800,0;11532400,0;32290500;36627410;2782866,0;5164800,0;8598600,0
2021-04-23;60341000;12795400,0;19459161,0;25618340,0;22545200,0;8342800;4889920;1036968,0;28495400;2903565;7460500;4993100;;863700,0;17147394;17145300,0;3090700;1473780,0;12258400,0;28130700;35735240;2333933,0;5388000,0;7615500,0
2021-04-26;33281000;16807500,0;23160786,0;39296070,0;19142000,0;6897800;2460131;1270964,0;19695400;2203687;4945700;4466177;;407380,0;11217426;10758300,0;4051200;1560860,0;13508000,0;45154200;24937766;2669123,0;3210600,0;7095300,0
2021-04-27;76684900;24113300,0;33665508,0;42098650,0;18054400,0;6958400;2871157;1719039,0;25809600;1787290;5584700;3014061;;462980,0;8781333;11458600,0;2863300;1535240,0;27266800,0;55519800;32171542;3669276,0;5457400,0;8362300,0
2021-04-28;66374200;20570600,0;42502908,0;62279250,0;11855100,0;15478700;4706158;1514167,0;30427200;3203795;12626100;7692790;;681606,0;10473276;7224400,0;4561200;1778000,0;13180800,0;30664500;71263619;9882682,0;4065600,0;9081500,0
2021-04-29;49775900;19724300,0;37968076,0;38657630,0;14243200,0;12148700;3345179;1291781,0;29384800;3861159;8390500;10467769;;369126,0;9551982;13628300,0;4438700;1801100,0;14320800,0;29604900;40243905;4393715,0;5026600,0;8500200,0
2021-04-30;61039200;36888200,0;48196913,0;63985680,0;29652900,0;12334300;8373950;2721478,0;25312200;3303471;9083800;16725864;;1544833,0;27905867;11787300,0;7323300;3339700,0;13271600,0;60168900;56540731;2825051,0;5595800,0;11093200,0
2021-05-03;49039900;19641000,0;46978032,0;56953380,0;25143600,0;8092900;5798780;1670298,0;20199000;1998362;5621400;13156947;;845733,0;17272750;11726000,0;4641400;2364180,0;22199200,0;36406500;39029585;4103939,0;5641600,0;8888300,0
2021-05-04;44765000;20775600,0;89509379,0;54545480,0;16889200,0;10593000;17825753;1210713,0;24475400;2184401;4630400;4716273;;465600,0;26686671;11758500,0;5647700;2516500,0;17109200,0;29767500;78737402;1916456,0;4061800,0;8765500,0
2021-05-05;75611900;25990600,0;56856659,0;69076920,0;18070800,0;7412900;6131339;1335518,0;32421800;1687883;4336800;4593928;;1063686,0;17390483;9654200,0;7833200;2487380,0;12571600,0;27540900;45526437;1879166,0;3022800,0;9059100,0
2021-05-06;54091600;38194400,0;27016611,0;48443120,0;73311200,0;11025700;4118504;2403012,0;31321000;3038087;7708200;3807198;;415613,0;9148447;11858100,0;3919200;3569580,0;18157200,0;67174800;32779815;2667039,0;4283000,0;8779600,0
2021-05-07;74118200;21678700,0;30255405,0;39517720,0;22279100,0;10181500;3055923;2010583,0;53601600;2647846;6289300;4578109;;513933,0;11928422;10915800,0;3599600;4199160,0;14023200,0;61329300;31558028;2517360,0;3214200,0;8865100,0
2021-05-10;73804500;38889400,0;32535114,0;60087170,0;29355000,0;9811800;3286102;1437203,0;29152800;2490996;5227200;4885373;;651193,0;9232058;15012700,0;3817000;3449600,0;14956800,0;32760900;40227397;2241959,0;3582600,0;8219100,0
2021-05-11;73729900;28693600,0;28633629,0;43745350,0;25719300,0;9278900;4324570;971513,0;22437600;2994530;5186300;4125374;;890533,0;10406121;15544700,0;5717400;2957920,0;22893200,0;45020700;39349901;1430233,0;2371200,0;7988600,0
2021-05-12;89980700;31737900,0;26098428,0;47810290,0;35518800,0;7253300;8722886;8001199,0;27599800;2458530;8155400;7190997;;1381546,0;15862495;14302500,0;6033500;3692500,0;19531200,0;35110200;30317376;2250083,0;5272000,0;9405200,0
2021-05-13;77282100;34338500,0;48363464,0;37995870,0;19320300,0;7248800;4499088;1319004,0;44067800;2225208;11995000;9232209;;807133,0;7839832;11969500,0;4322800;3144400,0;19929200,0;44502600;49716750;2243000,0;5170400,0;9356200,0
2021-05-14;196135500;25644200,0;50573834,0;42070930,0;20899500,0;4724500;8257806;1211414,0;24169000;3034450;7919800;8309419;;626666,0;15772108;10220600,0;11104600;1978760,0;18600800,0;40553100;43396629;2622979,0;2713800,0;10136300,0
2021-05-17;83512600;26097500,0;42125619,0;28853990,0;16843500,0;5398800;3594046;3154541,0;25101000;1769362;5536900;4802274;;603380,0;8081590;7815700,0;4041500;1330420,0;17626400,0;23611000;36707325;2082384,0;3485800,0;7408100,0
2021-05-18;63510600;27081500,0;29956293,0;47018290,0;15746000,0;5791000;5406340;5818800,0;29673200;2033601;4159100;3997323;;1363900,0;6050726;12023300,0;3667000;1703380,0;10891200,0;21302600;24759987;1352008,0;2747200,0;7840100,0
2021-05-19;84700500;32914300,0;29980879,0;31737860,0;17538900,0;7227300;7804782;3483600,0;29905600;1894589;4200000;10897277;;577806,0;6431997;15323000,0;8002200;2470440,0;15608800,0;24697100;27617418;2853592,0;3903200,0;8825300,0
2021-05-20;71371100;20951000,0;36382216,0;35715570,0;21344500,0;6534900;7369643;2074900,0;34823400;1246665;7911200;3573723;;585933,0;9416462;8486900,0;5227600;1322300,0;20151600,0;21881900;37110570;1652721,0;2748200,0;7906400,0
2021-05-21;82884500;27775000,0;31633020,0;60487790,0;27358200,0;9524500;4979037;1710900,0;29453600;2570622;10483900;4479994;;857486,0;6555054;11502200,0;17036400;1099980,0;11086400,0;32135000;24373643;913386,0;3026800,0;9493600,0
2021-05-24;63029600;19332500,0;28429122,0;25234770,0;13845700,0;9738300;4641053;2201700,0;22198400;4936628;4704700;5879047;;809553,0;8204526;11910200,0;9012400;1912820,0;19749600,0;27524300;34698831;1553663,0;3425800,0;8186300,0
2021-05-25;63672000;23310100,0;38124430,0;25695010,0;13963000,0;10308900;3857882;1544600,0;19141000;3794712;6320000;4747610;;397280,0;10427417;10765500,0;7358500;1340220,0;18743600,0;61202200;38363275;2289039,0;3540200,0;8914500,0
2021-05-26;46646900;28241800,0;23792660,0;42588260,0;16085400,0;7778900;4914033;2795000,0;32237400;2194257;9724200;7454108;;960346,0;13400750;11110800,0;9892800;1841280,0;24307600,0;24114500;30137632;1161602,0;5181200,0;8258400,0
2021-05-27;48877800;55448700,0;67821833,0;76937740,0;41881900,0;14341600;10602797;27879800,0;35845600;2565110;11460600;7206315;;742060,0;22689920;12366300,0;5239700;2846620,0;15636800,0;67051000;77267747;1834065,0;10839200,0;0,0
2021-05-28;129526400;25153500,0;29988923,0;30718600,0;17328000,0;11142100;4052695;3681500,0;18165200;2182807;5327100;7936578;;337386,0;13440317;9699200,0;5145400;3793300,0;10524000,0;33933600;27893846;2343203,0;2758200,0;8838500,0
2021-05-31;46298900;17812600,0;17563652,0;16464250,0;10102100,0;7598200;3705568;1346200,0;13159000;1406872;7388100;7263283;;428353,0;10244828;7237800,0;3440800;1773660,0;13231200,0;22514500;19951968;1793546,0;3028600,0;5946500,0
2021-06-01;90744900;31468400,0;48906171,0;54375970,0;60016600,0;9194100;7650961;4030800,0;21480400;2020343;15679000;7240055;;750340,0;9192612;15762000,0;13557000;1889720,0;17543600,0;53503800;51185488;3979363,0;6290200,0;12496100,0
2021-06-02;103985100;20338300,0;64182184,0;72726170,0;60424800,0;10000900;3610422;3011400,0;52695800;3075548;7574500;3960780;;1207373,0;8421842;9860200,0;12369800;1316420,0;15822800,0;133297700;82423987;3066809,0;4394600,0;12781100,0
2021-06-04;102757300;18455100,0;41730769,0;40250650,0;33841600,0;7217400;7965737;2006300,0;27855000;2010004;5529900;5168007;;719633,0;11433895;8284500,0;7323700;1069740,0;12745600,0;48800900;56812705;3181698,0;3532200,0;9814800,0
2021-06-07;74548900;22746100,0;67509805,0;37756180,0;27901200,0;7702000;4095697;3491800,0;43566400;1526239;8974100;4946845;;603120,0;10788965;10586400,0;6652400;2023980,0;12547200,0;29900700;50887051;4252160,0;4390800,0;9655400,0
2021-06-08;88398600;22676500,0;81765550,0;34704120,0;23209600,0;10491800;2937368;1637000,0;41678000;3937845;8116400;6300845;;523580,0;12069750;8439100,0;7496100;1836380,0;18486800,0;88534700;47471785;3184511,0;3716200,0;10346600,0
2021-06-09;60724200;22517600,0;101547730,0;52013830,0;25062800,0;6855600;4672802;1350700,0;42585400;3013300;9787400;4457066;;370226,0;13053964;10426300,0;8458500;1373400,0;15836000,0;111958600;67951195;3138263,0;3479000,0;9833700,0
2021-06-10;35871000;30750900,0;56582926,0;35655950,0;17134100,0;5291000;3452984;1227600,0;23587200;1756688;6574000;5043359;;544180,0;8005239;6206900,0;9679700;2227120,0;11153200,0;105103200;32345653;1334613,0;3947200,0;8537900,0
2021-06-11;54894400;18359200,0;26202324,0;39460080,0;30946600,0;5033200;5529417;984600,0;18991400;1271868;6132100;3374187;;836213,0;10829258;7181400,0;6152100;1023120,0;12352400,0;66713700;27628554;2670893,0;4467800,0;7748200,0
2021-06-14;64286600;19212700,0;26905690,0;28142400,0;22185300,0;8404600;4821298;1573800,0;18890200;1862426;4560000;4354746;;636520,0;8501702;7644900,0;5913700;1281560,0;11794000,0;49076200;22785293;1846460,0;4134000,0;8155700,0
2021-06-15;42597100;20587900,0;19955642,0;18155060,0;12469400,0;9640400;2932043;1452700,0;20392600;2544185;3563600;6929989;;895626,0;7666197;8098800,0;2999300;1610840,0;15917600,0;67472700;25199390;2262895,0;2096000,0;7211500,0
2021-06-16;77432900;38217700,0;75863980,0;72971470,0;36205000,0;13348900;5873832;1788000,0;31462400;3275664;8984100;9309300;;725393,0;15014769;19333400,0;9085300;2991660,0;21526000,0;108820900;71438777;4849419,0;6418200,0;12879400,0
2021-06-17;95264600;33680600,0;56128933,0;34797730,0;22474800,0;5679500;5793857;1547200,0;37774200;3439385;7308200;5668999;;408920,0;8203074;16239600,0;6118500;1332940,0;9399600,0;54573400;38973513;2620167,0;2689600,0;9664700,0
2021-06-18;115250700;59819400,0;46601083,0;35541330,0;27084500,0;7764800;5177367;4105500,0;35907200;3215436;12372500;5755401;;1042493,0;15099590;11456800,0;3653200;1817340,0;7946800,0;66759800;42510617;2400075,0;4438600,0;12432000,0
2021-06-21;50709600;22673600,0;31004431,0;28258890,0;13009100,0;7294200;2017958;1918000,0;20113800;1231117;7667200;8252752;;481166,0;9844923;7606500,0;3830700;1285340,0;9664000,0;36963700;28605747;3064621,0;3182800,0;7333600,0
2021-06-22;41602700;18576100,0;46060415,0;43905180,0;32543400,0;8705700;5025957;1713900,0;37191000;1840984;8517900;7657348;;510040,0;13313388;6222900,0;4155500;1909880,0;13732000,0;39503900;89093247;2570274,0;7831400,0;9328000,0
2021-06-23;57278500;29491400,0;32356327,0;30743570,0;21757300,0;6677900;7328148;1114000,0;21822400;1854826;5556800;4322107;;396613,0;11029634;6979700,0;6956200;941500,0;8837200,0;30573600;47259420;1815732,0;4042600,0;7988900,0
2021-06-24;51447000;23136700,0;26939907,0;23603690,0;21592700,0;9120300;5073882;1644800,0;14805200;3540633;6503000;6400563;;341100,0;6340400;7491100,0;7564300;1655080,0;9624000,0;27126600;30174970;2205919,0;4390200,0;7237000,0
2021-06-25;84950900;26139200,0;44105310,0;30688680,0;66198100,0;5979000;3235666;2028100,0;25363200;3356514;6478900;7832455;;754553,0;7858103;16099600,0;5746100;1997380,0;11456000,0;48911900;67150077;2141548,0;5642800,0;9363800,0
2021-06-28;40341200;18866400,0;40825275,0;32689800,0;41325600,0;4461900;2583810;1034400,0;32851400;2344473;4191600;14013659;;394106,0;5817075;8202500,0;6118900;2028460,0;18452400,0;36045000;76021330;2576003,0;6399000,0;8155600,0
2021-06-29;43215200;19589500,0;34621647,0;33584870,0;46943000,0;7430800;5431960;1569800,0;20347400;1324507;7090500;4899489;;589333,0;18496423;9522700,0;7394700;2214800,0;8230800,0;27393100;32835625;1485334,0;5107200,0;7777900,0
2021-06-30;71367600;18903100,0;25504056,0;43697390,0;28949400,0;7280200;7180456;1981700,0;18033400;2840149;6688500;6785117;;609766,0;24436676;8615100,0;7354200;2225580,0;46547200,0;28469500;36394869;2217689,0;5731400,0;9098600,0
2021-07-01;65084000;22129200,0;22975087,0;38459520,0;39119700,0;8144500;3451678;2142900,0;20781400;2038967;5042500;5837998;;563753,0;23242164;7275400,0;7133600;2175180,0;9616900,0;45110000;34110340;2402575,0;3886800,0;9292000,0
2021-07-02;37336700;19688800,0;28580038,0;39391330,0;24241600,0;8353100;2266121;1556000,0;15805800;2721961;7968500;5037652;;473893,0;9205075;7938400,0;4565900;1667820,0;13466300,0;48691100;32558018;2547879,0;2708000,0;7434800,0
2021-07-05;56028600;13732900,0;13798920,0;19020650,0;18812100,0;3054400;3035930;1142200,0;11764400;978474;2981100;6524209;;305873,0;6501572;6373200,0;2706700;961100,0;6827100,0;15995600;15571300;1269929,0;3029200,0;5255600,0
2021-07-06;97839700;19028000,0;27612682,0;34748560,0;34060600,0;4858800;2705079;1893600,0;16258400;2226633;7351100;3465595;;711333,0;8334964;7757300,0;4555800;1497300,0;6344000,0;43574800;35662269;2245188,0;4072000,0;7651300,0
2021-07-07;73793500;21460000,0;44403516,0;33947100,0;25160400,0;9354100;5060921;1246600,0;15518200;3460468;6829200;5719658;;307173,0;11030360;12047300,0;5300600;2140880,0;10997100,0;23039400;27630650;1608660,0;4353200,0;8151400,0
2021-07-08;80574200;21824500,0;55591098,0;71023700,0;17936500,0;8290500;4518579;1150000,0;34024400;2034162;6991600;3222908;;315806,0;11771243;17479700,0;11091000;1241240,0;9935900,0;24676800;90682513;2259874,0;6171800,0;8881400,0
2021-07-12;53001200;22333300,0;30539448,0;34999910,0;15673600,0;6040100;3168149;1434600,0;17936000;2290869;7820900;9676534;;343933,0;10170050;17926100,0;6148800;1711220,0;5903000,0;29528000;32066997;4014256,0;4527400,0;7421600,0
2021-07-13;41594300;12698500,0;35688706,0;35166230,0;22447700,0;6046800;4888714;1308100,0;15393000;2576179;4481500;14432655;;354526,0;10317065;10830000,0;7063200;1246980,0;5963400,0;22787600;43994552;2878278,0;5926000,0;7152000,0
2021-07-14;51654600;19483600,0;48257302,0;68463230,0;28762700,0;6491500;9575683;2300200,0;32931200;3342111;6689800;6575970;;852513,0;11154022;16775900,0;5184000;2323020,0;8635400,0;53575300;42277945;2197170,0;6548600,0;0,0
2021-07-15;67982600;18236100,0;25655652,0;36420670,0;23006300,0;4807000;2981374;1788500,0;18692400;6783663;6524000;4432638;;403826,0;8080380;9782600,0;4993100;2117500,0;11500000,0;19767400;25717137;2102279,0;4354200,0;7418600,0
2021-07-16;69024100;19576800,0;21614354,0;37051630,0;23216000,0;5380000;2487258;1395600,0;16104600;2912501;10080800;4540765;;443613,0;7954903;11377400,0;4730500;2208500,0;6575600,0;30526700;27120633;1612306,0;4616800,0;7355800,0
2021-07-19;80087700;18644300,0;39053943,0;47496240,0;21998300,0;4756600;3779515;1419200,0;14064600;2192315;8837900;4887976;;647440,0;8723011;17394800,0;4686700;1885240,0;10286900,0;20942600;22416766;1779588,0;4435800,0;9210200,0
2021-07-20;63408800;13066600,0;29845712,0;50840460,0;15847800,0;4042300;1731817;2157200,0;15092400;2044692;4584100;4193054;;753560,0;12365958;7243900,0;3536800;1581720,0;3843700,0;30151000;22978400;2281540,0;3950200,0;7627500,0
2021-07-21;51116600;19607100,0;15188431,0;31971500,0;13985700,0;4315700;6662227;1811700,0;19714000;1380974;3733500;5600117;;911120,0;8682960;9302700,0;4475800;1208060,0;3619100,0;28883500;15350812;1354716,0;3171800,0;7148900,0
2021-07-22;37736500;12083800,0;19526235,0;29645220,0;17005900,0;5262400;6746020;3301200,0;13675600;1952830;3426400;5177217;;954046,0;6570663;8965100,0;3495500;1080380,0;3671700,0;38644100;12172934;1443670,0;2211600,0;6480400,0
2021-07-23;34025500;13163300,0;18986587,0;35162490,0;11774400,0;3202900;4863496;1145300,0;10730800;3740625;4621000;12906952;;399593,0;8162539;6819500,0;6364500;1697920,0;4046600,0;17963400;16407266;1096397,0;2791800,0;6051800,0
2021-07-26;46802600;16419900,0;27382004,0;33585200,0;11973200,0;3912400;2723666;1679100,0;12075600;1990504;3289700;2695785;;817700,0;7167193;12179900,0;4894000;1740200,0;8295000,0;14004700;17267207;1491479,0;4177800,0;6325500,0
2021-07-27;51901800;22106500,0;41281308,0;39891170,0;11928000,0;6733300;4140407;1468200,0;14935000;3021809;5520000;3432055;;634553,0;6775758;9398800,0;7181900;1542660,0;10174700,0;20774700;19302034;1785838,0;4541200,0;7313800,0
2021-07-28;46727100;25209200,0;78928065,0;52118660,0;27723400,0;28640400;4031094;1537600,0;18250800;1991122;4518700;4544370;;723426,0;10729917;19887700,0;4045600;2088380,0;9136600,0;60049400;39406104;6541304,0;4102400,0;9038200,0
2021-07-29;43916600;30576800,0;26288092,0;35160180,0;54590700,0;11737100;4378824;1755000,0;15226200;2059533;3692200;3276471;;471133,0;4974068;24720900,0;4914700;1919260,0;13759300,0;36601400;24564784;7182310,0;4214200,0;7488400,0
2021-07-30;74150400;41956700,0;48144908,0;40227000,0;23889000,0;9472800;13891110;2459200,0;26820400;3419593;8043500;5581495;;616053,0;9449132;14347500,0;4466700;1929620,0;16747000,0;46173900;37184590;2389138,0;7316000,0;9399200,0
2021-08-02;70528800;23109400,0;42392667,0;48047120,0;21537000,0;10626200;6469725;1566600,0;23384600;2680211;7065400;5105032;;496906,0;9579086;12882300,0;5394200;2316160,0;14655600,0;35301900;51773455;2903380,0;4293200,0;8565400,0
2021-08-03;71850400;36641400,0;62356921,0;59400990,0;26003800,0;5299900;7167395;1746700,0;16356000;2131178;6445100;3578929;;553213,0;7802443;12248600,0;8933800;1863680,0;14106800,0;41170800;43972412;3286901,0;3595600,0;9391300,0
2021-08-04;87970600;18828200,0;57249470,0;108007020,0;20523000,0;7646600;8572983;3771900,0;17454200;3090187;6536700;5864830;;929913,0;7800023;11773900,0;4707100;2270520,0;8701600,0;34095900;24407181;2358515,0;5962000,0;9164200,0
2021-08-05;223915900;32215200,0;55969180,0;69889160,0;18203900,0;6043400;12200285;2028200,0;38815000;3988070;6001500;6434503;98849900,0;786233,0;14548193;15191000,0;7218300;2468760,0;10883200,0;24646000;35671308;3867806,0;3685400,0;10913000,0
2021-08-06;51106100;19273100,0;37719836,0;50173090,0;18667000,0;5303200;6244167;1777700,0;23521600;2293204;3335300;25573019;28799900,0;516400,0;9695851;10588800,0;5471000;2270100,0;7906300,0;17494800;33941338;3546678,0;3981000,0;7499200,0
2021-08-09;75381900;21502300,0;38432832,0;38625510,0;15969000,0;4590500;6211615;2702100,0;20401000;1596020;8589300;4076517;14491100,0;495180,0;9095449;14769800,0;6186100;1470980,0;15961800,0;17725500;27515231;1382319,0;2913000,0;7171500,0
2021-08-10;84380900;17440500,0;35944764,0;38955290,0;21467500,0;6652900;5386447;1799500,0;45841200;2197041;6153300;7684080;9988600,0;860026,0;6862999;11892700,0;5141000;1665020,0;19797700,0;21423000;31934416;2412158,0;8428000,0;8297600,0
2021-08-11;97863500;14680600,0;39474399,0;30339760,0;17091400,0;8547200;8721580;2474500,0;45073400;2087329;6159800;6908563;31978000,0;928066,0;6601639;11658800,0;5739000;2383360,0;12762700,0;48341300;36508978;2804323,0;4101800,0;8685200,0
2021-08-12;95319300;14849500,0;30945175,0;40036700,0;15643300,0;7628100;9724581;7066200,0;43326800;2787824;10070100;8918138;17054100,0;1635486,0;8230299;7975200,0;4570300;1835540,0;17929700,0;83053200;40164644;1888124,0;3424400,0;11066000,0
2021-08-13;85201800;11855200,0;34220225,0;42676590,0;16218300,0;6207600;6914409;3207300,0;50579000;4961157;7119500;3217201;21141500,0;2071760,0;13785772;8935700,0;8308000;1747900,0;20168000,0;83802900;38422884;2355598,0;4187400,0;10642200,0
2021-08-16;101262100;21856700,0;40491380,0;31897250,0;18371000,0;9932100;7247068;4768900,0;32244400;3668958;8486500;6196522;13434600,0;949000,0;12417746;11310100,0;8186200;2084880,0;17327000,0;43295000;27426407;2651624,0;7636800,0;9741700,0
2021-08-17;93623700;23402600,0;44072680,0;45561120,0;26879900,0;9504700;11231243;4195600,0;32961000;3384422;7176900;9541475;17772000,0;1085533,0;16919914;12472400,0;7306900;2269820,0;26222100,0;38061000;52493741;2905359,0;8489000,0;11218200,0
2021-08-18;86103100;35379200,0;53791214,0;46310550,0;23317500,0;11291000;8937893;2696200,0;32465800;3742489;7916000;9470791;8841700,0;1229380,0;12523984;14705000,0;12136300;2332820,0;19078100,0;49187200;80983284;2225918,0;9350800,0;11745800,0
2021-08-19;80808200;60456900,0;45082749,0;56256860,0;39834200,0;9977600;7891388;2710600,0;24213600;3691949;9409000;14798887;5423700,0;846473,0;12742631;17934600,0;6181200;2661120,0;15120400,0;35059300;35725284;1869375,0;6086000,0;10525900,0
2021-08-20;88445600;31351100,0;39317932,0;31478480,0;34873200,0;9749500;8106195;2082900,0;20974400;2679403;12823200;10393882;3109200,0;1309733,0;10871608;10987400,0;6843500;1847860,0;9256600,0;31296800;43527113;1666470,0;4781000,0;8929300,0
2021-08-23;70161500;19773500,0;24393150,0;31936080,0;17262100,0;6477600;7284343;3164300,0;37757000;3312418;7276300;6377836;6128800,0;955740,0;11037136;7305100,0;5226700;1497580,0;9052700,0;36205000;32878334;2173213,0;3809600,0;7853000,0
2021-08-24;49831400;29779200,0;34165275,0;40907240,0;18073900,0;7439700;5345555;2259200,0;31057600;7900881;7618300;9164830;6054100,0;649273,0;7286983;12540400,0;19107100;1874740,0;13065500,0;33260300;26624241;2018429,0;3812400,0;9181000,0
2021-08-25;46031200;15088600,0;19855031,0;20103600,0;13858600,0;7436300;4088162;3077300,0;16490000;3452183;11919800;6258595;5190100,0;1048813,0;7024171;9339200,0;20967600;1452780,0;14538900,0;20126000;17470664;1440753,0;3968800,0;7520100,0
2021-08-26;41061300;18032300,0;39789600,0;33102630,0;22172500,0;9935500;4638943;4241000,0;15668000;3920253;7756600;5166505;7968100,0;798806,0;10502800;8818800,0;9548600;1919680,0;13035000,0;28614800;27684101;1573454,0;5763200,0;8426900,0
2021-08-27;76465300;19572800,0;25233269,0;22746900,0;16973500,0;7460300;6856940;4195700,0;12122600;2565649;5954000;3304004;5881000,0;1003533,0;8823804;9458500,0;7498500;1281140,0;6838500,0;23793100;25431145;1542831,0;3529400,0;7323600,0
2021-08-30;61054000;13031600,0;21302552,0;22814990,0;16781900,0;5335600;2796407;5559700,0;13065600;2517837;3909100;3292290;4966000,0;725433,0;4721420;9161800,0;5997400;1490160,0;7999900,0;22561400;19198930;1527415,0;3221600,0;6391900,0
2021-08-31;110574300;20433600,0;49407297,0;35247850,0;28079100,0;15163400;7977693;65798400,0;27641400;3447558;6482500;9072821;3704100,0;1456666,0;9586467;15204100,0;8951200;2456860,0;11702200,0;48739900;62162052;4457982,0;7071800,0;11535600,0
2021-09-01;69430400;20847500,0;32612838,0;26944060,0;17593400,0;8836600;6841166;4332800,0;13138200;2493061;4756700;16958039;6468600,0;1785260,0;12554113;14325800,0;5242800;2275280,0;11119500,0;52051300;29395599;1954891,0;6965800,0;9523000,0
2021-09-02;56052000;24448600,0;36876544,0;42032980,0;36473800,0;8597200;5689266;5704400,0;29610200;2931933;7669700;7732737;3746900,0;641346,0;8534372;11208100,0;6238400;3417260,0;10825300,0;47149900;41121270;3791352,0;4649600,0;9862800,0
2021-09-03;58182700;38716500,0;56222519,0;48821960,0;40771400,0;13005000;5334102;18240700,0;28068800;5206446;7717900;18398040;3705400,0;758106,0;12861090;13684400,0;6051100;3224480,0;11471400,0;51109700;86805573;3995403,0;6333800,0;12517500,0
2021-09-06;26770700;11916100,0;30840146,0;17038560,0;10036700,0;7104700;2200614;5922600,0;11824000;2060050;2260000;3155228;1654400,0;288986,0;3064204;6052100,0;2806000;1531460,0;5798100,0;14605300;51955951;1230556,0;3337400,0;5111300,0
2021-09-08;80378400;22635100,0;54336867,0;58961320,0;39304600,0;15224800;24164163;5430300,0;26706800;4080921;11299700;8635604;10251100,0;607486,0;13903142;9308400,0;9077300;2294880,0;12824400,0;63466700;74431278;2973897,0;5803400,0;12254400,0
2021-09-09;156617100;28997700,0;63103001,0;76710590,0;26356800,0;18308300;12655318;4354800,0;27122600;3948128;10273100;5656584;5428200,0;643260,0;13146771;15709500,0;10306700;2299780,0;14652700,0;58011400;74467829;3725314,0;6510200,0;13890600,0
2021-09-10;78379900;18022000,0;40810093,0;55216260,0;23336500,0;9863600;9804254;3037300,0;34482800;8235216;8502400;5459050;5905500,0;716033,0;11144947;10925500,0;16294100;1686300,0;9621300,0;60589600;28060751;2171129,0;7516400,0;11155700,0
2021-09-13;63317900;18832800,0;35205595,0;41682960,0;14849500,0;7557600;6060306;4136100,0;20121200;4009815;6230100;6072075;8999600,0;602420,0;8225338;9817800,0;7279100;1593760,0;11983500,0;36232300;26976785;2538609,0;2960600,0;9253400,0
2021-09-14;65497300;25571600,0;27397073,0;36636930,0;12461100,0;6674400;3093700;3269200,0;16357000;5520439;5212100;6919276;9730300,0;522980,0;10429837;10519700,0;9152200;2218440,0;5975200,0;28742600;44825147;1948954,0;4470600,0;9034100,0
2021-09-15;67274100;35084400,0;29908367,0;18948050,0;20538700,0;9827700;4858171;2439500,0;16628800;3465284;11753300;6766495;7265900,0;553820,0;11699490;12511800,0;6591000;2649780,0;8380200,0;26496700;27997474;2494653,0;6742400,0;9456800,0
2021-09-16;65567700;39726500,0;52599525,0;74356480,0;26714500,0;6141500;3311320;2647700,0;30809000;3523199;12888900;5582196;6142600,0;697106,0;7678660;12144200,0;5691600;1644860,0;7521000,0;42661400;91450748;1855730,0;6927800,0;10685500,0
2021-09-17;131694100;74648800,0;49421346,0;88977020,0;53864700,0;11435300;7474635;15349000,0;37796400;4943711;18829400;8570928;16008100,0;893033,0;13539779;13872900,0;5553800;3073840,0;6384700,0;70010200;62888233;1437837,0;9282200,0;14827600,0
2021-09-20;80260600;49636100,0;49865822,0;83070790,0;22475300,0;7290800;5258648;4069300,0;31646200;3028578;10339600;5957640;9065700,0;721006,0;8796579;12497400,0;4528000;2096220,0;13515600,0;45113100;71799968;1878333,0;5260000,0;11500200,0
2021-09-21;64570200;32380300,0;38037755,0;54100090,0;12843400,0;8918000;6148921;2224000,0;27290800;3350912;8141900;6327677;11102500,0;645400,0;8886724;17593900,0;6452800;1909880,0;8310800,0;67286600;47609475;1817503,0;6106400,0;11247700,0
2021-09-22;70231800;62161000,0;43868060,0;42577590,0;13740400,0;9876300;3666988;3691400,0;49030800;2674520;9946400;6009000;10254600,0;1356373,0;8902696;20104000,0;7504600;2679040,0;11180600,0;108149000;56248581;2317163,0;5748600,0;12158600,0
2021-09-23;84480600;47485400,0;56944126,0;51252410,0;21550900,0;7578700;2934153;2349800,0;32272200;3510659;8512000;5300363;6341600,0;1074353,0;12445213;19336300,0;11412600;2093280,0;8480300,0;53091800;66013576;2881402,0;3565000,0;11476300,0
2021-09-24;44821500;26631600,0;46899175,0;44736120,0;16219600,0;6960700;6263759;2122600,0;24134400;3280065;6816700;3125693;5138200,0;634013,0;5969051;12884500,0;6288700;1919680,0;9170000,0;44537200;42999541;2847342,0;3341400,0;9121200,0
2021-09-27;89178700;38386300,0;66204022,0;89182170,0;14263100,0;6418800;3937355;2863800,0;37552400;3709102;3434200;2972812;6343700,0;708473,0;7369021;19275500,0;4949800;2157120,0;7141800,0;44348800;59387419;3001604,0;5308000,0;10739700,0
2021-09-28;117874300;35896000,0;69369851,0;109024520,0;17672700,0;7499700;7257819;2250800,0;31860200;6202793;17678900;4326312;6782400,0;1388353,0;12759329;15271000,0;12325800;2154600,0;9756900,0;59678700;85255347;3123993,0;4385600,0;13190800,0
2021-09-29;58731700;39704900,0;59439332,0;63995360,0;37200600,0;7602400;4476884;1810700,0;23874000;4687319;4429500;5358331;6482600,0;911320,0;7459287;13833800,0;6873600;2206260,0;9032000,0;44155500;62434943;2093738,0;3536600,0;11372600,0
2021-09-30;65744000;39151000,0;47356794,0;77271700,0;39267900,0;7873300;9980882;3106500,0;23068800;6210752;6618600;4467379;15990100,0;1373966,0;8636617;16888500,0;7900800;1763300,0;12621200,0;41870800;70019953;3642506,0;6917800,0;13160600,0
2021-10-01;60983200;23191700,0;48506222,0;46504920,0;24130000,0;5930200;4129455;1653400,0;18931200;3639916;8591400;4141093;15528000,0;1040593,0;12639902;10384900,0;7358000;1110620,0;11128500,0;59150700;47380472;3098057,0;5955400,0;10779100,0
2021-10-04;106937000;25090000,0;66781965,0;42585840,0;29169100,0;9377000;4781512;3291600,0;19529200;6068978;5986900;5437225;12019000,0;2628446,0;9183174;12185100,0;4088300;2300480,0;19057900,0;56757200;44997424;3730418,0;4941800,0;11814200,0
2021-10-05;100469100;21889400,0;55746545,0;35939200,0;22871800,0;7446600;4550328;1952900,0;58411600;4633501;7305500;5599316;12888200,0;1415340,0;14527865;10174800,0;5863900;1871660,0;13975300,0;30677800;50910763;3973738,0;5213200,0;10379000,0
2021-10-06;84599400;27318400,0;44244216,0;38029200,0;36830600,0;7941000;7411539;2788300,0;31716600;8233667;9063300;6442813;10376100,0;1248320,0;13336983;11323200,0;11861200;2531200,0;20704900,0;61558800;48052940;2650582,0;3416400,0;13279200,0
2021-10-07;60551100;33115300,0;43538924,0;63955540,0;19716000,0;6626600;6368349;1714000,0;23374400;4442512;14061400;6597296;18438800,0;1592493,0;8878133;14410200,0;7736400;1243900,0;7656300,0;38495700;40900127;3094203,0;5624800,0;10646000,0
2021-10-08;84170500;37172600,0;55105154,0;75912210,0;23980500,0;7309300;8863344;2018200,0;26906200;6156351;7108400;5894565;20480700,0;1638346,0;13285437;14690800,0;13468500;1700440,0;16525200,0;46120200;50150782;5232418,0;7880000,0;12871400,0
2021-10-11;76466700;28327900,0;48452065,0;39408270,0;20540600,0;5608500;5763514;1805100,0;15460000;3381840;6474500;3843141;10407400,0;1404793,0;8420027;11921500,0;5332300;2837380,0;12120300,0;60596300;39117492;2565274,0;4869800,0;10283700,0
2021-10-13;55605400;32052800,0;47860412,0;51281670,0;22276300,0;10157500;6447621;3435300,0;20400800;3358007;6959900;8084453;8146000,0;935360,0;16691587;12487700,0;8337300;1851920,0;16570700,0;127162500;36672084;3380958,0;6345400,0;11732700,0
2021-10-14;76172700;24030000,0;41792857,0;49092780,0;11517700,0;5601000;3131076;1852800,0;21292800;2922324;7462000;5895166;10992200,0;1171726,0;5678046;9363000,0;8111600;1092700,0;9616800,0;46378200;46044314;2030720,0;2646200,0;8956200,0
2021-10-15;72479900;26927200,0;59503573,0;64975020,0;19521400,0;4586500;5668770;2231500,0;28465800;2595252;11372700;5556766;34203500,0;1097433,0;12620905;9935800,0;7931100;1081080,0;25443600,0;65203700;42411836;5298352,0;8456800,0;11174900,0
2021-10-18;68971300;20912800,0;32581454,0;40842340,0;16887800,0;5671000;4700231;1658600,0;29963800;4376301;5658900;3331136;7596500,0;1862293,0;9967133;13672300,0;5503400;1112580,0;12883800,0;40108700;30860407;4394000,0;4443600,0;11201300,0
2021-10-19;111484000;20804500,0;47718221,0;49452260,0;21370000,0;5855200;6725323;2344100,0;45746800;4055022;7958900;5638462;11473400,0;1731613,0;15443109;13328400,0;13890900;3035340,0;14565600,0;82966200;58700147;3739600,0;7766600,0;14129200,0
2021-10-20;56063300;27576600,0;42786725,0;53331080,0;19273600,0;7935400;9150691;1686200,0;25801000;6846810;4589500;7527295;6234400,0;2289473,0;15419877;10004000,0;7618900;2616600,0;12715600,0;82492500;37264636;2722400,0;2559400,0;11735800,0
2021-10-21;101567700;37556500,0;80104912,0;63172340,0;23499300,0;10526100;9008324;4561100,0;51418400;7751013;15841200;10556074;12472300,0;1614086,0;21669164;16165900,0;18703400;3688020,0;29438600,0;90673900;63425762;4331700,0;6577800,0;16507700,0
2021-10-22;138384700;35142600,0;105874771,0;85791750,0;29599100,0;12439500;10824838;4653800,0;65578200;7793627;27965900;10930616;18890200,0;2154053,0;40212172;14957900,0;18596300;3434060,0;36861700,0;75684300;86302630;3418800,0;10348400,0;21165700,0
2021-10-25;135830600;17950000,0;45016582,0;27476570,0;19933100,0;7140900;4526215;2997400,0;22095800;3922196;7603800;11281431;11428100,0;1071513,0;15332636;8901100,0;9323000;2517760,0;17497000,0;33953800;28778155;2563900,0;4388000,0;11512100,0
2021-10-26;57865600;16674100,0;32568991,0;40538850,0;20648000,0;8620500;10452593;3441600,0;22256000;4167844;10917600;8638608;8470300,0;1880266,0;13888259;14918700,0;10662300;2604140,0;13064600,0;52824000;32284864;2188900,0;6308600,0;10762200,0
2021-10-27;57579200;20087300,0;33442194,0;31750950,0;26056100,0;9889100;9589749;1512000,0;15202400;4679360;13984900;9934940;7675900,0;1320500,0;15194575;13777300,0;10273100;3028480,0;8549000,0;42613500;26000509;5152400,0;5837000,0;10831300,0
2021-10-28;89578000;22719000,0;41697345,0;29216880,0;91395500,0;8346500;7549084;2455900,0;18392400;4758807;4698200;13117801;8299700,0;1149393,0;12234068;7779800,0;8107400;1897140,0;9234500,0;33972100;31249765;2438800,0;5106200,0;11502900,0
2021-10-29;157340000;30268500,0;39933604,0;30768100,0;44577500,0;6366500;8828179;2846900,0;22352000;4666719;18184600;15314997;3926300,0;1225933,0;11342298;15299700,0;7421100;1979460,0;12304500,0;25194500;41546262;1758500,0;4683200,0;12595800,0
2021-11-01;102157200;19649600,0;40188416,0;30642040,0;39314900,0;5526100;4778799;3149800,0;17584200;3514768;6362700;11011211;5059700,0;859673,0;8607456;11536300,0;4384200;1876980,0;13071500,0;23616800;39552441;2296100,0;7142600,0;10734800,0
2021-11-03;83475800;77316900,0;70258916,0;50494950,0;42222400,0;9360300;11927707;2969900,0;22166400;5350387;6800600;13691278;5711600,0;1750820,0;14930553;17656500,0;11096700;2863420,0;12498700,0;60895800;47584322;2786000,0;10160000,0;14696900,0
2021-11-04;92603400;30122100,0;81180809,0;78727770,0;19997300,0;5138400;6619527;5696600,0;22132200;3829468;5394100;9126885;8687600,0;1312906,0;11554895;28049600,0;4777100;2290540,0;8885700,0;25384000;48115562;2234700,0;6973200,0;12084000,0
2021-11-05;86264000;35954600,0;126468405,0;118130540,0;19208500,0;4935300;7885561;1766600,0;15278200;7436852;4996000;5805460;3123600,0;1074913,0;10866240;11987000,0;7067500;2266460,0;8981500,0;34580400;67425457;2258400,0;7532000,0;12595000,0
2021-11-08;59704100;27722000,0;37621718,0;56784310,0;16697000,0;4916300;5807320;1339600,0;15958800;5296704;5246300;3848047;3898000,0;821086,0;5956720;13946100,0;6010300;1827840,0;5413000,0;19849400;30652234;1037400,0;5102200,0;9358000,0
2021-11-09;73021700;20961500,0;49238027,0;66943360,0;23812900,0;6209000;6447922;1565900,0;41557200;7551358;5354600;6809246;5176300,0;1279686,0;8737410;15515000,0;6287500;1660960,0;18410400,0;32675500;32689943;2081100,0;9625800,0;11021200,0
2021-11-10;68176300;22492600,0;54292566,0;96874910,0;20848100,0;6490400;12138495;1714700,0;40790400;6823482;5593800;12105705;10074000,0;1471666,0;13275130;12310200,0;10225000;1629880,0;13379000,0;41159000;44969126;3183900,0;7598000,0;12277400,0
2021-11-11;60848900;28795100,0;44943164,0;39270990,0;24597200,0;6100600;12992900;2072700,0;42865600;7382271;7665500;7908845;8604300,0;1024860,0;15353140;20316700,0;7727800;1562540,0;10881300,0;48066000;27874719;2038800,0;5145400,0;12661400,0
2021-11-12;85962500;24542500,0;41650213,0;46733060,0;39208600,0;6540200;5331188;1528400,0;17486800;16022142;6028900;4513934;20568500,0;1399140,0;22372570;11765200,0;5653200;2470440,0;11309000,0;37965000;25426297;1016700,0;3278200,0;13248100,0
2021-11-16;60978200;17207900,0;28013991,0;41142090,0;21469300,0;6011000;5114573;2285300,0;17540200;15832174;8356700;3883288;27445700,0;809813,0;13027520;12995600,0;8745000;1478400,0;11511700,0;45374400;31167229;1441300,0;3395400,0;11579400,0
2021-11-17;82106800;25487600,0;33810419,0;43446370,0;18502600,0;6058200;5528714;1961800,0;27624000;14817574;6950700;4889778;24600900,0;1294280,0;9567800;15085300,0;8638100;1792840,0;20716900,0;54681400;37297519;1400600,0;5309200,0;12832200,0
2021-11-18;63993000;51343900,0;37668284,0;61360750,0;17200900,0;4434200;6175244;1867100,0;38862200;8604969;6957400;5400481;17735600,0;939020,0;10334940;17651400,0;8470400;1574720,0;9165800,0;40061500;41643470;1259800,0;3852800,0;10905700,0
2021-11-19;85893800;26849500,0;32752424,0;43549440,0;22010000,0;4636600;7073454;2137400,0;37276400;10527264;8963100;4927723;11364600,0;1329413,0;15985310;22286000,0;5985900;1870400,0;10170600,0;37670500;38170954;1012600,0;11106200,0;11101500,0
2021-11-22;59195200;44693500,0;31671315,0;41808360,0;26964000,0;5763500;5830328;1668000,0;31387400;7636642;3438400;5552261;8516000,0;838213,0;7929020;15602400,0;5371700;1422400,0;10868100,0;21141000;36200845;1084000,0;8373400,0;10410000,0
2021-11-23;108382300;30391600,0;43766770,0;41310170,0;29394600,0;8878900;5335006;1772700,0;32655800;9538337;6744200;11155282;9084200,0;804773,0;10598500;19803800,0;5162000;2377900,0;15653600,0;44404300;27564621;1266500,0;4758200,0;13032400,0
2021-11-24;64263300;20764100,0;52266989,0;37099150,0;18485100,0;6562700;5147125;2471600,0;27828200;8873260;5218600;6826566;8397000,0;854720,0;12424940;13244000,0;6111700;1507520,0;11205300,0;24597700;31096485;1090900,0;5157400,0;10466600,0
2021-11-25;104052200;17199200,0;20130804,0;17497370,0;12150300,0;4754200;4139904;2014400,0;49416600;6598164;5926400;6292435;20546100,0;1058600,0;9820140;10193400,0;6364900;1350580,0;9500400,0;14066600;20823569;2070700,0;3410800,0;7890400,0
2021-11-26;108871800;22664200,0;36577772,0;43187100,0;21060500,0;6526100;5082522;2165100,0;26635000;7124531;8301500;7531600;8564200,0;1151933,0;14277890;12019900,0;6915900;1033060,0;8828400,0;20776900;33807972;2133600,0;5569600,0;10969100,0
2021-11-29;84672200;18164000,0;38197962,0;30746980,0;25888500,0;5887300;6516544;1772600,0;23346400;9569018;7664300;7054536;7811800,0;905433,0;9703540;11500300,0;12546600;1313060,0;8036000,0;54291200;25289000;2140200,0;3630200,0;10283300,0
2021-11-30;129384600;42668700,0;69161379,0;65055100,0;54414600,0;18230300;9305617;4396900,0;65184800;10526377;11290600;10960952;11282700,0;1918446,0;21550320;16434300,0;14176200;3836420,0;16042700,0;63350400;75746212;2887500,0;11777000,0;18195100,0
2021-12-01;135078600;28194700,0;27021256,0;42846430,0;35109400,0;10971100;9152098;3166800,0;51792200;15742905;10871500;9028869;12492100,0;1178446,0;11756910;11674700,0;11687800;2179660,0;11236000,0;34282100;40900651;1732600,0;4572000,0;13762900,0
2021-12-02;191410300;24888400,0;35524082,0;64814970,0;33321600,0;8249600;11154885;2593100,0;35298200;19517691;10328600;7766477;18379200,0;1241886,0;16335110;14137900,0;7652100;2722300,0;10521000,0;39238000;33192755;1386300,0;4826800,0;14846500,0
2021-12-03;105133000;34451500,0;40226598,0;41316880,0;26061600,0;8404300;10287218;2232300,0;34640600;15910633;8983600;7860288;10548200,0;1573080,0;11856130;13963000,0;14801600;1697640,0;8098900,0;32305400;34261393;1929900,0;5010200,0;14581500,0
2021-12-06;66142300;28848800,0;42204929,0;46710070,0;16844300,0;6809000;7665228;3554400,0;42535800;9498799;6317600;4602338;5884400,0;1074993,0;10503130;13140000,0;10009900;1860180,0;6198000,0;33061100;30573629;1937700,0;3401400,0;11127500,0
2021-12-07;98989300;37125100,0;34780267,0;47259850,0;27590900,0;12047300;6694277;2463200,0;25386200;9571218;6024700;5053571;9906100,0;1172473,0;10421070;16167400,0;6386100;1518720,0;9700600,0;37919100;29062575;1447600,0;4695200,0;11773100,0
2021-12-08;71167700;24281000,0;42979561,0;35081420,0;23395200,0;11021000;7415960;1535600,0;20586600;28697064;4342800;3971392;9204000,0;875493,0;10528650;9590900,0;10591200;1813560,0;10369500,0;38567900;44601516;1323900,0;5156000,0;13166800,0
2021-12-09;67668200;16925200,0;31683098,0;28753890,0;19725400,0;16902100;8470905;1765800,0;19433200;28944307;5160500;10804667;9205900,0;1153846,0;13080980;12160400,0;6251800;1968960,0;11643000,0;33872800;25712420;1828200,0;4194400,0;11082900,0
2021-12-10;38517500;16827100,0;23448341,0;30212710,0;15656500,0;5805900;7816738;1599800,0;16587600;23482760;4271300;6534121;8741300,0;697086,0;9720810;13171100,0;13614800;1265600,0;16080900,0;41867200;17892905;3704000,0;3597000,0;10466000,0
2021-12-13;45448700;31699100,0;54986869,0;33137500,0;29400400,0;7824400;7368538;2594600,0;24086800;28688319;4933000;6460033;8265100,0;2742706,0;11807730;14792200,0;5936900;1851920,0;11928900,0;33946900;47671180;2033000,0;3858000,0;12512300,0
2021-12-14;56833800;21063500,0;35664007,0;45201860,0;36628700,0;5036100;5121505;1795600,0;29018600;16019167;5352800;3623181;6640900,0;738593,0;17605060;9616700,0;8911500;1931580,0;13578400,0;27329200;40460724;2420700,0;4898600,0;11604300,0
2021-12-15;55085100;22112200,0;35939779,0;44282040,0;21743100,0;5620600;23962015;2990800,0;44818600;17176159;5151000;4778346;4791400,0;816086,0;16602850;12695300,0;6450300;2159780,0;8008900,0;67091300;38489960;2343000,0;4249200,0;12663100,0
2021-12-16;56545700;30125700,0;28503900,0;39404310,0;21380800,0;6482000;11720436;3112700,0;31537600;16826018;6738500;4545271;9238300,0;3706673,0;13361370;14807800,0;5665400;1650600,0;8070300,0;45439000;33408788;2526200,0;4693400,0;13754600,0
2021-12-17;93593700;38744500,0;39972240,0;62958720,0;32774400,0;8382200;20250217;6512600,0;45895200;16454525;12160200;7621306;50153800,0;1329073,0;16230940;13440300,0;6362800;2455320,0;8393600,0;53507900;43514537;2384500,0;6521000,0;14934300,0
2021-12-20;106282500;19195400,0;25313939,0;49098940,0;17585900,0;4157000;9333146;2089600,0;42582800;10420257;5947400;3053708;8433600,0;1154713,0;11861410;17835400,0;3846600;1537200,0;7176400,0;27057700;33692291;1391700,0;2743000,0;10570000,0
2021-12-21;40454500;19590300,0;28202409,0;24044790,0;18636200,0;3300100;5402824;1125000,0;23533800;12581106;3534000;5551960;5049800,0;1395966,0;11978230;11476600,0;4068500;1247260,0;4451700,0;27019000;30657406;774000,0;2587400,0;9041600,0
2021-12-22;33734500;18655600,0;20497442,0;33019030,0;11675500,0;2736900;2818912;3442100,0;24956400;9578964;3114600;3584736;4649500,0;1114026,0;16420690;6457600,0;2772000;847420,0;5068600,0;25447000;18885214;1340200,0;3837600,0;8052900,0
2021-12-23;28713600;13121200,0;25353141,0;29967190,0;10634700,0;2166400;4490749;1986200,0;14675600;10901193;3214100;2535896;3174500,0;1069360,0;6548740;7220300,0;3064100;812700,0;3637300,0;38242300;15051151;745900,0;2764400,0;7283600,0
2021-12-27;44227900;11371400,0;15891231,0;22208010,0;8437200,0;4457200;3030504;2746500,0;11492400;13951730;2710800;4089632;4493500,0;644006,0;7558100;5791500,0;5203300;975100,0;2918600,0;26053300;19152597;751800,0;2984600,0;7594900,0
2021-12-28;30688100;18923700,0;17328328,0;19267820,0;7701300,0;3670800;5983747;2749500,0;17281400;18587432;1782600;2085063;4379800,0;1184706,0;7791740;6394700,0;4443400;995540,0;5912000,0;15521100;15700830;624800,0;2120000,0;7509000,0
2021-12-29;35508400;12113500,0;14565961,0;15056580,0;8847300,0;3091700;11057629;1940100,0;15332800;8896364;2623900;3144916;5394800,0;1130746,0;7722000;6578800,0;7767300;813820,0;4026400,0;13617300;16092982;1016200,0;1860400,0;6590000,0
2021-12-30;43229100;26568500,0;45316940,0;36097050,0;11819300,0;4858300;14287368;9262800,0;25165600;20243894;4580300;4496113;23096200,0;1036766,0;8303130;8263100,0;7768300;2285220,0;4143500,0;17778000;29099900;1324900,0;4785200,0;11138100,0
2022-01-03;52704700;18557200,0;37222335,0;35620970,0;23833600,0;5475700;7283640;3004000,0;32338600;16327412;5293500;6350204;7451800,0;1209513,0;12831720;8382300,0;10561400;1587180,0;8744700,0;31212300;35612654;3125700,0;3929200,0;11128500,0
2022-01-04;51739200;18178700,0;49793763,0;110060060,0;16357700,0;4485400;6341122;1911600,0;23429600;10635068;5301300;5212159;10613100,0;1489340,0;17793050;7604800,0;10199300;1692880,0;12655000,0;42526400;48449759;1852900,0;3172400,0;11491600,0
2022-01-05;78459800;22039000,0;35851405,0;45808070,0;24652000,0;8402200;10186948;3681800,0;26325600;10402958;5773300;8502947;7203400,0;2246760,0;14386130;10546600,0;7777700;1438640,0;24686600,0;29393700;43311224;1128400,0;4777600,0;0,0
2022-01-06;61163100;22044100,0;40624734,0;36651120,0;20406300,0;6043900;6824588;9113400,0;20271000;10830985;4225400;4427131;8427100,0;1458080,0;23545610;7757200,0;9104600;1400840,0;13573900,0;55641200;31671413;2264100,0;3487600,0;11749200,0
2022-01-07;47507600;35213100,0;48590177,0;84778540,0;19673600,0;6155500;5104626;13981900,0;16377400;14895741;3766200;4468980;10961100,0;1590906,0;17075850;10063000,0;8137900;1727740,0;14039400,0;40712800;26758587;1432000,0;3394000,0;11733200,0
2022-01-10;37455200;25056700,0;47125888,0;51092910,0;16375000,0;7796200;4742529;2610800,0;18347400;12840877;5913300;7611094;11253600,0;1783086,0;8110740;19290000,0;6054600;2069620,0;9375900,0;24753100;27050300;2533000,0;3715400,0;10264700,0
2022-01-11;73623800;28418800,0;63361665,0;53026600,0;20485500,0;7274600;6882962;3010000,0;25298400;16049196;7213600;8142221;5425200,0;2095446,0;11222420;17393200,0;4337200;2123240,0;10666400,0;49955600;46963122;2007500,0;5585800,0;12421500,0
2022-01-12;81378200;27335400,0;47231371,0;49113570,0;31912000,0;10750500;8948543;3070600,0;28332200;14295584;11212400;7331263;9077500,0;2312966,0;23065020;16808400,0;6324900;2012780,0;11896100,0;51902800;38752371;3328600,0;3462000,0;13026500,0
2022-01-13;76717500;23154200,0;49188741,0;57497660,0;20755600,0;12602100;4443829;7629800,0;34316200;14501627;6081300;4382879;4388600,0;952633,0;10681110;10723400,0;5180300;1026200,0;5544700,0;41573700;51258460;2523500,0;2644800,0;11712300,0
2022-01-14;96458800;21183400,0;33902872,0;56481590,0;14544400,0;12708400;7340104;3829700,0;34041800;11680214;4917500;12295529;4745900,0;974680,0;9283230;9321800,0;9855000;972860,0;8234700,0;58924300;47802950;1158400,0;2228600,0;11457100,0
2022-01-17;35675900;9688500,0;19948957,0;21673410,0;21167400,0;5187200;4266699;2031800,0;18899600;6937831;2291700;3708181;3137800,0;1561800,0;4505930;7891800,0;6049800;1008980,0;4037000,0;34504100;18208087;1586200,0;2566000,0;6924200,0
2022-01-18;78198800;24080200,0;49389056,0;74687690,0;24913300,0;9922400;5618937;3365500,0;24899800;13136111;5041400;8050413;3854900,0;1420953,0;6979940;11038500,0;6472200;1547840,0;11916400,0;27785000;52015940;2849700,0;2323600,0;11221900,0
2022-01-19;77480200;29332500,0;35038364,0;50084980,0;31621600,0;6666600;5482095;2960800,0;26745600;22207827;7763800;6074978;12660500,0;1434486,0;13955480;14647400,0;10756000;1426040,0;8287000,0;28462100;34851680;1667800,0;4594000,0;12595600,0
2022-01-20;85353100;22748800,0;29391946,0;28939130,0;30618200,0;6339400;20865802;3335500,0;22722000;15804390;8875200;5060680;9343500,0;1408566,0;24665850;13554200,0;10382600;1670480,0;21107700,0;86698700;26755094;2156200,0;3318800,0;13630500,0
2022-01-21;61345400;32752300,0;42676371,0;44387750,0;28616600,0;6589400;8917196;3041700,0;28721400;16967242;6178000;6590788;7609900,0;2178880,0;19040560;14074300,0;6627000;1476300,0;8249200,0;80553900;33462863;2064600,0;3793200,0;13408400,0
2022-01-24;79117100;29040100,0;44921297,0;86358580,0;29992000,0;10710400;5801191;2660400,0;31500600;14942037;4938200;6444014;8531700,0;2138986,0;8896580;13589100,0;8384500;1480360,0;13917800,0;87684000;31679523;1500100,0;3425200,0;12700800,0
2022-01-25;98358500;22490500,0;44585362,0;74485400,0;22283700,0;7030700;8803865;3328800,0;33262000;19318036;9856100;5618639;8097000,0;1464113,0;20181370;14242100,0;9756600;1170680,0;13562200,0;71382800;32250721;5030200,0;3495600,0;13713900,0
2022-01-26;98679900;25806800,0;63314645,0;75827730,0;24257200,0;12183300;15711342;4780600,0;39544600;15221409;8945300;10170017;11610000,0;3745313,0;18354160;16806300,0;15411800;1778280,0;25216500,0;71973700;36775262;2945600,0;5600200,0;15513800,0
2022-01-27;90631000;20994900,0;47070145,0;65708720,0;24801400,0;10350400;6975596;3125000,0;30914000;18162447;12534400;8412941;8501200,0;4516400,0;17148340;11813300,0;6882200;1327340,0;19698900,0;83843000;26871629;3711800,0;2856800,0;14812000,0
2022-01-28;117400500;28453000,0;33360845,0;49132160,0;23251700,0;9012800;4728362;2128800,0;29160000;20846184;7168200;3231018;15566700,0;3842146,0;12618980;14517600,0;9913500;5983180,0;10465300,0;80767700;23530783;2091400,0;4184600,0;13520100,0
2022-01-31;62450300;31397700,0;50129358,0;62474390,0;21318000,0;7201500;6668356;2357100,0;22021200;16767103;6702200;6530717;7514700,0;2519600,0;12460910;12126500,0;7326700;1702680,0;22915000,0;52205200;34632459;2988500,0;5063200,0;12190800,0
2022-02-01;57315200;24131300,0;32598902,0;29653910,0;14112500,0;4459400;5008174;3647700,0;16596200;17330360;5350300;5815872;8050400,0;1593640,0;13020810;11604300,0;5651400;2080400,0;10163400,0;35998000;18714654;3353200,0;2836400,0;11133300,0
2022-02-02;36271700;17489000,0;39095411,0;51841460,0;17975400,0;4925100;6063119;3037400,0;23883800;23367457;3205500;5056875;8808600,0;2303126,0;9770200;7514200,0;6140800;1323420,0;10247400,0;26420000;33219936;7439900,0;2799000,0;11751200,0
2022-02-03;51087800;19179400,0;47261735,0;42935860,0;13206600,0;5506300;6211414;3435000,0;23502600;18539654;4204800;7376717;8390300,0;1946953,0;7744550;7024700,0;4750300;1522920,0;11009300,0;24431600;21091026;2247600,0;2538400,0;11039700,0
2022-02-04;59346800;24535400,0;39194888,0;40621790,0;18251100,0;5170800;5866698;3919700,0;14768400;12987781;5315500;11580785;8483700,0;1630953,0;7708250;7903600,0;8133800;1565480,0;6640400,0;22866500;39136538;1818000,0;2493800,0;0,0
2022-02-07;48868100;24915800,0;26166974,0;33281710,0;21182100,0;5010100;5613210;3617000,0;17111400;11915041;2669800;10349029;7178800,0;4441733,0;6381210;9416500,0;4323300;2504460,0;3850800,0;32879200;24529942;1494200,0;3425200,0;10672800,0
2022-02-08;62590000;26598600,0;42299308,0;48921730,0;20758500,0;6430500;3744752;3004900,0;23846800;9791059;3422900;7354290;9770800,0;2406660,0;10136720;8141700,0;4993400;1903440,0;7336200,0;44067800;18219191;1483400,0;3850000,0;10157500,0
2022-02-09;50960500;24815300,0;100922428,0;226386930,0;45857600,0;5009700;3191459;3501800,0;32754200;12196378;5571600;17348100;8867400,0;1884326,0;6210380;7719100,0;4445400;1828680,0;14431500,0;39200100;47496265;3119900,0;5285000,0;13794500,0
2022-02-10;49534600;47888900,0;68333609,0;80558500,0;31338100,0;8569200;4216463;3630200,0;28688600;17616883;14072000;8556110;9667400,0;2066873,0;9411600;16086700,0;4836100;1109220,0;12990900,0;31062500;36745567;2389200,0;4427600,0;13267900,0
2022-02-11;88013400;34555300,0;182038996,0;89646920,0;30852600,0;9352700;6745517;3517600,0;64663600;21881103;7320300;21964655;8001300,0;10932506,0;14395810;9865600,0;6609300;2337300,0;11713400,0;36193800;92929580;4460400,0;3454000,0;18602800,0
2022-02-14;55687000;22804400,0;43043123,0;42557020,0;33362000,0;10962400;6728940;2418400,0;32971000;13168386;4581700;7991243;12680200,0;2728353,0;8801210;8512800,0;5603000;1233540,0;7724200,0;37045800;30250281;1779300,0;3771000,0;10757600,0
2022-02-15;65689000;29624900,0;33336032,0;45128050,0;50177400,0;11758400;6229499;4603400,0;98196600;10656936;5350400;9528459;17426200,0;3481540,0;12477080;17908300,0;7899800;2781240,0;11567400,0;43238600;29401469;2278900,0;4756400,0;11649600,0
2022-02-16;65811600;20774700,0;44408048,0;44218790,0;25057100,0;20714400;5359018;2698700,0;35496200;11264064;5240100;7571046;12029900,0;2704253,0;12856250;8759000,0;6408000;1816920,0;22764200,0;30914200;32058949;2159100,0;4440600,0;12052100,0
2022-02-17;43255200;36259300,0;38194109,0;25904450,0;19881500,0;8085500;4427151;2647900,0;28766200;10931346;4502200;6007799;16171600,0;1692086,0;10594650;14506200,0;4727000;1794800,0;10128000,0;39058000;20604797;1138800,0;2848200,0;10807500,0
2022-02-18;60304700;22690600,0;29924682,0;33335500,0;11741300,0;6716700;3705066;3172600,0;42354200;13586524;5807100;4620259;12852100,0;2408660,0;10426130;10356900,0;5215600;1905960,0;6913900,0;36694100;27666415;1218300,0;2784800,0;11300700,0
2022-02-21;51263800;14561000,0;25401293,0;22943580,0;12423900,0;4769200;2854479;1640000,0;24108800;9717831;3820800;6486264;8726900,0;1713646,0;8055300;9065700,0;5115200;1343440,0;7108100,0;21087500;30113782;1083700,0;1954000,0;7864900,0
2022-02-22;80206700;23591200,0;34318570,0;44470030,0;24539400,0;5137500;13793854;3276800,0;59700800;14701496;3680700;6278919;7346000,0;3620153,0;11619630;8389500,0;5804400;1393420,0;8523200,0;37226200;30920796;1251300,0;2765400,0;12707000,0
2022-02-23;86530100;24413800,0;25506096,0;26533320,0;30107000,0;7304600;11407067;4984700,0;26680600;16552641;18659300;9261143;10772600,0;1837713,0;11651530;11194000,0;5716700;1624560,0;13235600,0;44694100;26917919;3443800,0;2921200,0;12120600,0
2022-02-24;139674100;37212500,0;49889615,0;79078560,0;59579000,0;9964800;5417493;15454900,0;46761400;18601476;6712200;11838389;11357100,0;3622380,0;14093200;10051800,0;7400200;2676380,0;17075600,0;44249600;32496518;3510900,0;4586200,0;16794700,0
2022-02-25;86189100;51028300,0;44070414,0;55603460,0;42942500,0;13633700;6273003;12307000,0;34731400;15009001;8165300;10389877;6795000,0;4843466,0;13827440;14967700,0;5873800;2963520,0;8268500,0;57772500;35307466;2464800,0;5551600,0;17555700,0
2022-03-02;58071800;42191500,0;36789303,0;42620050,0;33189500,0;10503800;6008965;5665200,0;25371800;11393332;4584400;7253771;7030100,0;3742146,0;6847060;15693700,0;4574200;2056600,0;8276200,0;44776400;26695079;1398700,0;4160400,0;0,0
2022-03-03;69237400;38621400,0;50467105,0;42707830,0;42098400,0;10167600;5761405;6527000,0;25667200;11485835;9257400;8964192;18057800,0;2186393,0;7234700;15874900,0;6998400;2313640,0;12142800,0;24918400;35391436;2723400,0;4946800,0;12123000,0
2022-03-04;55418000;30533200,0;34369894,0;43527770,0;26285200,0;9286000;7065919;7281900,0;31877600;9846964;10052000;11501291;9336900,0;1371340,0;9926290;10606000,0;5955000;2140600,0;8262100,0;30019500;28130061;1625200,0;3473800,0;10715700,0
2022-03-07;110954100;55305300,0;59892079,0;52141650,0;49545300,0;11272000;10377843;9550200,0;30754600;9770852;9349500;8339254;12429900,0;3089586,0;30656120;17588100,0;10831300;1758540,0;11010000,0;39736100;35675663;2085200,0;4075400,0;14057700,0
2022-03-08;111633500;53060200,0;49265672,0;68288990,0;35552000,0;9613000;7967143;5317100,0;17963600;16537755;7807100;4403603;5566500,0;1705760,0;55348150;16533000,0;11868300;2217320,0;13148500,0;76144000;37659009;2336600,0;5440800,0;15698500,0
2022-03-09;87779300;41051200,0;58459174,0;62361860,0;26552200,0;8949000;9274672;4556000,0;55673000;15585493;7254500;8643714;9079900,0;2054726,0;32896930;12623500,0;9616800;1673980,0;13566800,0;62423800;61906348;6195600,0;4846200,0;14705400,0
2022-03-10;136437700;33107000,0;33553115,0;33495110,0;37910700,0;6884800;4282673;2305000,0;21721800;15918772;6825500;5433721;15215200,0;1080820,0;15105640;17811700,0;12470200;1506540,0;7168200,0;37166900;23471642;1687300,0;5985200,0;12984000,0
2022-03-11;92153700;24321500,0;48649207,0;42839830,0;23133200,0;4591900;4639546;2409600,0;24482400;18404773;7109200;4978883;16712700,0;1648926,0;8349660;10887800,0;10405600;1359400,0;7856600,0;35109900;23246182;1773200,0;6383200,0;12475800,0
2022-03-14;52274100;37172800,0;36267443,0;36692150,0;24625600,0;4247300;5392174;2157000,0;21501000;14805113;6088300;5187229;7706100,0;2061833,0;7200270;11594900,0;7841700;1317120,0;10238100,0;25198400;19077485;6184000,0;5618600,0;10480900,0
2022-03-15;66272000;47128500,0;41720798,0;51826390,0;26412400,0;10034200;8145278;4800700,0;20883800;28285719;7135200;7516782;5880900,0;1639526,0;15088040;11682800,0;11051300;1565340,0;11101300,0;32409100;28634632;4050800,0;10559400,0;13653800,0
2022-03-16;72034900;37906100,0;45741022,0;51718480,0;24980000,0;12743400;6899037;3467600,0;23502600;18303154;7755900;4591425;10739100,0;2611586,0;8711670;12455700,0;9209000;1876420,0;10908500,0;46566300;31350754;5480900,0;6457600,0;13205200,0
2022-03-17;178319300;40663500,0;49108185,0;52868970,0;28381300,0;10140900;7836330;3644100,0;21021400;17796387;7321400;6401064;10001800,0;2490926,0;17107310;14770700,0;9275000;2937760,0;11797100,0;37616600;44603967;3546900,0;6399400,0;14407500,0
2022-03-18;93097100;46080900,0;73408542,0;91396580,0;44708300,0;12356000;8093837;6181600,0;28675400;14774207;12029300;15375969;17710700,0;2483020,0;47816230;16003600,0;13751100;5338900,0;9480800,0;93450400;54772488;6404400,0;14317200,0;19552500,0
2022-03-21;67700800;25374600,0;40745625,0;46281290,0;15295600,0;8384300;3550743;2727400,0;18357400;14007108;9093500;3783871;14982100,0;1633533,0;17137560;10118200,0;7716300;1361780,0;9517700,0;29506800;42256791;3984700,0;6935200,0;10378700,0
2022-03-22;56128600;29489800,0;41741192,0;48284500,0;20799800,0;7019900;9778232;2866400,0;23499800;13551083;6451000;7124418;9703800,0;2166260,0;18268910;10005800,0;9472100;2677220,0;9114000,0;48585100;31123173;2662100,0;4415400,0;11382700,0
2022-03-23;52956100;26309600,0;30594059,0;30857860,0;20051100,0;8557300;4838680;1494900,0;16116200;18610872;7550700;7236251;8187500,0;1299533,0;24486990;11476300,0;13747700;1632400,0;10993000,0;35617600;19958238;1801100,0;9392600,0;11083700,0
2022-03-24;49402800;23122800,0;53835967,0;43444170,0;26157200,0;7001100;5457480;2386300,0;16706200;20829041;7625100;9480202;11578200,0;6017880,0;23295580;11591900,0;7973400;2303840,0;10080300,0;32405300;26040535;3139300,0;8944200,0;13474400,0
2022-03-25;51780100;22505500,0;36342901,0;40055180,0;33591300,0;7154700;11022866;2185500,0;15335400;15713133;13470900;11213350;15324200,0;3854473,0;16970250;9252800,0;14887500;2341220,0;12442100,0;43115300;34756231;2651400,0;4122200,0;13814500,0
2022-03-28;68610500;16274200,0;24411278,0;25232680,0;19531800,0;8764800;4641254;1413900,0;13350400;9204272;5190000;4213579;10802600,0;1579880,0;11477510;6374600,0;5721200;1500380,0;6909500,0;36224300;16904238;2324700,0;3262200,0;9167700,0
2022-03-29;93809000;38228800,0;33838857,0;54799690,0;38100100,0;6285900;6158466;2958700,0;18239600;18824560;6750900;9120978;18100700,0;3167726,0;11455290;8003300,0;8224900;2341780,0;11274200,0;39583800;17535825;2295900,0;3595600,0;12931900,0
2022-03-30;69648400;22007500,0;37371325,0;27442800,0;17703300,0;5573300;8165573;5459600,0;13437000;13348666;5188000;11821269;10697600,0;2277926,0;7287390;9340000,0;10074000;1606780,0;18754900,0;44860300;16903989;2459400,0;3505000,0;10893300,0
2022-03-31;94269500;17981400,0;46340719,0;36693250,0;23786300,0;11060600;4356921;2289100,0;45229200;11248269;7851400;14448774;12972000,0;2300760,0;11722810;10192900,0;8299400;2585520,0;11932100,0;27882200;16449576;3660200,0;4628800,0;11202100,0
2022-04-01;72545400;22457700,0;45495048,0;35110570,0;31411400,0;12134000;5298434;3333300,0;52307800;15934623;10746000;20404311;18919700,0;3982680,0;23387650;7572900,0;8917400;2322880,0;9129600,0;32532800;28658962;3371500,0;10395200,0;13780900,0
2022-04-04;56053000;16914000,0;28469684,0;22034760,0;21788200,0;5428600;3685474;2175500,0;19774800;11149019;5450100;6457030;13343800,0;1447473,0;13153580;7040900,0;5605100;1394400,0;5612800,0;35608100;22959959;1134700,0;4023200,0;8812500,0
2022-04-05;45847200;25764400,0;41644661,0;41254180,0;11607000,0;4841100;5067954;2074600,0;29155400;12348524;6634800;9074723;6962400,0;1688293,0;16846500;6181100,0;4661400;1776460,0;10814500,0;107169600;33882965;2550000,0;5282600,0;11788300,0
2022-04-06;56947100;22615800,0;38196035,0;44633160,0;15442400,0;8243200;10829661;3904200,0;26493400;13361138;7346500;15744605;10002000,0;2997860,0;17536970;8216100,0;8756000;1847580,0;12586600,0;46479100;41573424;3298200,0;4136200,0;13410800,0
2022-04-07;118469400;19946600,0;26732002,0;33112640,0;21276300,0;5002100;6440287;2288400,0;30086000;14524181;5138700;9781759;10216600,0;3061926,0;11796950;6629000,0;15026000;1630160,0;9539700,0;37641900;32250721;3496700,0;4670600,0;11520100,0
2022-04-08;60772700;26887400,0;29650496,0;37651020,0;22202000,0;4997500;5786824;1445700,0;26147800;16060905;4374700;9643996;10722400,0;2540413,0;23727440;8577600,0;9000500;1520960,0;6495400,0;23854100;13016774;2311800,0;3611400,0;11225800,0
2022-04-11;48125400;16515800,0;30882294,0;32351330,0;27193900,0;8741200;7513517;2426100,0;20869200;11271417;3551700;6944105;4955900,0;1387533,0;11404580;5670700,0;4667000;1424220,0;7362200,0;44122200;14524247;1757000,0;1951800,0;9558400,0
2022-04-12;68522800;16822600,0;33798183,0;29440620,0;24636500,0;7807000;4719220;3363500,0;24837400;12966519;3956800;7348683;15598900,0;1419813,0;14862980;7448100,0;8739100;2174620,0;11316900,0;74508900;24855218;2613900,0;3484200,0;11406800,0
2022-04-13;101438800;23674700,0;38370517,0;35077570,0;33771300,0;7557300;5527910;5161500,0;25615800;11408734;4338400;6625629;5828500,0;2597233,0;12317690;9011800,0;5311700;2170700,0;9530800,0;50627300;26384776;2117500,0;3582200,0;12070500,0
2022-04-14;119382100;24980700,0;26768711,0;30043860,0;28820100,0;4676000;4485926;3253500,0;21384200;9812141;4314000;8399826;4947000,0;1415500,0;10392470;8514200,0;5329400;1291220,0;8335500,0;32502300;19198512;2144900,0;2365400,0;10365400,0
2022-04-18;76350600;14812600,0;23802743,0;34271160,0;14601500,0;6937300;3652922;4195700,0;45145200;9709580;6699300;5980967;6987700,0;1701713,0;9387400;7544200,0;4024400;1627500,0;6582000,0;18488500;16408401;2214800,0;2316800,0;8404900,0
2022-04-19;88494100;34550900,0;39035022,0;32993200,0;25953600,0;12091000;3491264;2432300,0;35773000;9613283;4035700;6388248;12659600,0;1429720,0;10991970;6469200,0;3887200;2539600,0;7638400,0;27972000;24068667;2833500,0;4041000,0;0,0
2022-04-20;34694700;29635700,0;28485092,0;22521400,0;16174800,0;5515500;2795704;2720400,0;22592400;12887555;3794800;8226120;7897000,0;2537680,0;13239820;7856300,0;3052400;1925420,0;8244300,0;24264800;22376908;3055700,0;3452800,0;10747700,0
2022-04-22;74560900;39058200,0;34773809,0;35690800,0;34086700,0;10587900;5127634;2856800,0;21846800;9099881;7114800;5583998;9926800,0;1767886,0;12788710;16218800,0;5416000;2090480,0;8893300,0;31907300;26430566;3811800,0;5065800,0;10877300,0
2022-04-25;66413900;38943700,0;42282427,0;38839200,0;34312300,0;5920900;4578158;4145500,0;22644800;12508698;5304300;7979729;9340700,0;1810073,0;11711150;15468400,0;0;3137400,0;9302800,0;30535100;27878275;3523000,0;6940600,0;11098300,0
2022-04-26;48764100;37069400,0;47838319,0;66772900,0;23589700,0;11274900;6140783;4253000,0;27945400;9502526;9022600;15205167;9190800,0;3803193,0;16534870;14379700,0;8111400;4151840,0;10117300,0;45217300;52910418;9150400,0;5525200,0;11747500,0
2022-04-27;41881300;49408800,0;27688480,0;62402800,0;19261700,0;12950700;8265140;4537400,0;19436600;12581061;7816000;12940591;11357200,0;6126926,0;28303550;13267600,0;7722400;1802080,0;11131600,0;55728100;33459495;5707300,0;7266800,0;11515700,0
2022-04-28;43298500;56032800,0;41170160,0;66856100,0;24849700,0;7984900;4829537;5166400,0;19950800;11373877;5384100;4281159;9691200,0;3263866,0;13997280;8263400,0;4477600;2111060,0;7725900,0;30824100;37985159;5631900,0;4033600,0;11129900,0
2022-04-29;76243900;47492200,0;50954295,0;61884300,0;26145100,0;9606000;6512324;12623100,0;34448000;12735734;9776800;9380885;21979100,0;3196673,0;12533510;12143000,0;7491700;2467360,0;10793400,0;36218200;41661387;5080700,0;6934000,0;13662200,0
2022-05-02;72456200;31473600,0;44535284,0;43038200,0;22755000,0;12226000;7133235;3436700,0;21440400;9192979;7950100;6636842;12404500,0;2192180,0;12585430;12621600,0;10505500;2724400,0;9203200,0;67966900;50437972;4178400,0;6674600,0;11935100,0
2022-05-03;52531000;27364600,0;29699668,0;55511000,0;21493900,0;9842500;8945630;3448900,0;25805000;10805704;6934000;5522025;36500900,0;2837620,0;11360800;10847200,0;5710600;1817480,0;8359900,0;26941300;25456860;2163100,0;3688200,0;9935500,0
2022-05-04;109417000;34032200,0;53745441,0;54528700,0;23653200,0;8729900;10966502;6328000,0;26092000;15889371;7085700;14134202;18834300,0;3861273,0;16179240;8598800,0;7174900;2326520,0;24433400,0;44906500;79022446;3025100,0;4404800,0;14558600,0
2022-05-05;99439900;30906600,0;45795293,0;47513400,0;41147400,0;11077900;9601805;4375900,0;28301400;18057349;8642900;8285791;16863600,0;3427946,0;10325920;17100400,0;5674400;2067380,0;15080200,0;37977600;42786814;2462200,0;3664000,0;13826200,0
2022-05-06;129570200;25204100,0;68490643,0;73889800,0;21978900,0;13021900;6182780;3598300,0;27666800;16346002;6975600;8967396;14479200,0;3423293,0;40801200;9315200,0;6957800;2028460,0;16646500,0;35093000;44095903;2343800,0;3634800,0;14137700,0
2022-05-09;92314500;37050200,0;63819963,0;66525900,0;26091800,0;10148000;7618811;2284300,0;20204000;17108567;4927200;10108645;21341300,0;1919853,0;12568490;9705500,0;4369500;3071880,0;25317500,0;28656000;37633806;1944300,0;3678400,0;13196700,0
2022-05-10;60330600;31905000,0;40331174,0;57446300,0;16310700,0;8285600;5824500;3142200,0;18495200;17828864;5088800;6727149;9825600,0;3012566,0;14195060;17660200,0;8171400;1641780,0;14030700,0;32022300;29007071;1543600,0;2908000,0;13507400,0
2022-05-11;108895400;33933400,0;64249824,0;44034600,0;29961100,0;8726100;12925082;4418300,0;27256600;15782308;4409500;12128932;17331100,0;4168993,0;10023310;15781600,0;3681100;1905540,0;10536500,0;28501400;51669578;3609100,0;5047000,0;13425100,0
2022-05-12;114415900;27737200,0;61754278,0;25040300,0;27076500,0;8428100;8567658;7548500,0;49017800;21678529;4629100;7094383;13350100,0;2482233,0;11076780;20409100,0;5078500;1568980,0;14114100,0;57392200;47560272;1906800,0;3759600,0;13995600,0
2022-05-13;67000100;26086800,0;29721422,0;27983200,0;13385100,0;6176600;8564343;5958400,0;71424800;15736427;12326700;6316364;51332400,0;2737260,0;5904030;11555900,0;6322000;1920100,0;10085600,0;62235900;23226718;2301600,0;4348600,0;12369300,0
2022-05-16;92075300;23828800,0;30939624,0;29746400,0;16896700,0;7571800;4497681;1882600,0;0;0;3664600;5975361;29391700,0;0,0;0;10251700,0;6617200;1568980,0;8059400,0;0;27855691;1767000,0;3914600,0;10596900,0
2022-05-17;90914700;29305300,0;30953220,0;37015800,0;13671500,0;10281000;10083664;3875800,0;44380000;30270150;5431200;10144087;40878000,0;16095386,0;19025930;8728400,0;7051700;1661100,0;12727400,0;36755200;35014256;2232800,0;3180200,0;16503400,0
2022-05-18;80986200;30631700,0;43092975,0;45581800,0;29516600,0;9313800;6714874;5000800,0;24974400;18766331;4600100;16733774;17779600,0;10807840,0;10832910;10361000,0;8982100;2656080,0;14533600,0;45745200;29614202;3646900,0;3821200,0;14752800,0
2022-05-19;63983100;29984300,0;25636391,0;55752600,0;19551600,0;9109900;4759207;4317800,0;18866200;17344202;3303100;10601928;12233400,0;3855813,0;9070380;18291400,0;5288900;1713740,0;12496200,0;41572300;18054619;2533000,0;2251400,0;11426400,0
2022-05-20;79589900;38372000,0;43072014,0;38174000,0;24557200,0;9310600;4287596;3890500,0;51585000;14809098;8006600;12751668;10517400,0;3514260,0;9032540;14733900,0;4726200;1636180,0;12381800,0;70264100;27583069;3157900,0;2616800,0;12866400,0
2022-05-23;93807400;27632800,0;43627637,0;36222200,0;21490000,0;8069400;4348783;3437200,0;50806000;12058196;4836500;13127212;11444200,0;2291626,0;7921430;13724500,0;5337900;1810480,0;9777000,0;36324700;25040377;1849200,0;3742600,0;10682700,0
2022-05-24;154453100;35176800,0;44474328,0;40495800,0;21853400,0;8546100;4426648;6033700,0;47841000;8150661;4445400;15455063;9007600,0;3854180,0;14816670;10020400,0;5280200;2674280,0;10316400,0;36095300;28571373;2898300,0;5190000,0;11724400,0
2022-05-25;69991900;24607700,0;32876147,0;30288400,0;15767900,0;11060700;5069863;7490400,0;34721600;14800297;3905800;8645916;9738900,0;3639666,0;13417030;9323300,0;6152000;1782480,0;6928700,0;41659600;23904719;2740700,0;3465600,0;10737700,0
2022-05-26;78303600;27450600,0;39868230,0;39550400,0;17300400,0;7967100;4052193;7012400,0;25567800;18606202;5284700;7743250;14781100,0;5197120,0;12692350;14608000,0;4117100;1734180,0;8986700,0;59361700;46357238;1277200,0;3770000,0;13077400,0
2022-05-27;118295600;19834500,0;27475589,0;40497700,0;14260900,0;7992800;3138410;3315500,0;26784000;8659628;3981400;8057721;11400800,0;4376533,0;6147460;12843500,0;2711700;2149840,0;12984800,0;42111400;21831787;1285600,0;2780000,0;9979300,0
2022-05-30;98110100;16147900,0;20339502,0;16964100,0;7925000,0;7458000;4253637;2664600,0;51416200;7682220;2301900;7735440;7527500,0;1689340,0;4566760;6913500,0;7971600;1492120,0;5234400,0;26840000;18189745;751400,0;1468200,0;7284500,0
2022-05-31;83598000;41369800,0;75013550,0;55770400,0;28066600,0;29812700;8681291;8242800,0;67388800;11448755;8894000;10852424;13931800,0;6449693,0;17597470;12668600,0;5414700;2763040,0;6008800,0;123018500;49974076;2039400,0;7396800,0;15809400,0
2022-06-01;46353200;26258900,0;32284608,0;35754500,0;15219000,0;7284500;3758818;3843600,0;26949600;10900373;4073500;15256628;9091200,0;2065760,0;13636700;11740600,0;6652000;3643500,0;8514800,0;23587800;20876671;1754600,0;5087800,0;9790200,0
2022-06-02;50738300;25142400,0;20319901,0;27083600,0;14894700,0;6323600;10388493;3167800,0;19103200;16492626;3369700;9470291;14163200,0;2014560,0;18081800;9981700,0;3178200;2149560,0;5868400,0;24931700;23366211;2103800,0;2603400,0;10051100,0
2022-06-03;60396900;18431900,0;22647423,0;17800100,0;20761400,0;4551500;6045134;2556100,0;17798400;15720812;2511800;9240719;9326300,0;2767133,0;11481580;6660600,0;3756200;1170680,0;9834200,0;16458000;15555473;1478700,0;3279800,0;8757500,0
2022-06-06;39213900;14932800,0;15100624,0;11405400,0;13085700,0;5582200;3882598;3371500,0;16750000;16005078;2040100;7915954;9845400,0;3598640,0;6090700;9428200,0;5140300;1019060,0;7332000,0;19795100;13004920;1188500,0;2023400,0;8212400,0
2022-06-07;80333700;27004800,0;23796625,0;21522200,0;23888200,0;6091800;6633593;4006700,0;15000600;17534461;3976000;10954144;18881300,0;2625933,0;10997030;7865500,0;6927600;2206820,0;5841500,0;37891200;15951743;1984600,0;2947800,0;9466200,0
2022-06-08;65923900;26959100,0;33085526,0;23629700,0;13145200,0;15193900;6604456;3906900,0;16033600;17155177;3833500;9541074;13996400,0;4796060,0;9656350;10485200,0;5924300;1810900,0;7065200,0;24974600;13727839;1571300,0;4006600,0;10379900,0
2022-06-09;53879000;36291100,0;43419279,0;40261700,0;18417700,0;12419700;3481317;3841200,0;21941200;24280966;3749800;8131408;8480000,0;3872420,0;26893790;14032500,0;7921800;1940400,0;10211700,0;27231900;44007691;3227700,0;4240400,0;11955500,0
2022-06-10;63101700;28689500,0;40198953,0;39495800,0;29186500,0;9086600;4541888;2629400,0;67795400;18635760;4504200;19175559;4786300,0;3154200,0;20714980;13214000,0;6455200;4014220,0;9290900,0;26284500;27537403;3391900,0;4398200,0;12840500,0
2022-06-13;64507100;31050500,0;38005578,0;28188100,0;23595500,0;14000200;7770823;3589400,0;28855400;19279598;6256300;11202337;7709600,0;2538740,0;12072390;14257700,0;8599500;3548580,0;16050900,0;36960800;27160722;3338700,0;3945000,0;13837900,0
2022-06-14;68816900;22634500,0;22637566,0;23589800,0;17505300,0;10169400;6269084;4872900,0;26059000;18474543;7759200;6827668;9819800,0;2958046,0;10007800;10507400,0;6335200;2687860,0;9191500,0;27288400;18538353;1617400,0;3652600,0;11563200,0
2022-06-15;72785700;33610300,0;48238381,0;42167500,0;28421400,0;15840900;8271872;8068300,0;27449200;26137960;8162000;14012758;10830000,0;3799966,0;16097620;12704700,0;9765100;4299260,0;12827200,0;31751100;35749277;2296700,0;4101400,0;16023500,0
2022-06-17;184606500;56914600,0;51504593,0;56517300,0;38950600,0;16863300;6171426;9948100,0;58546600;19050373;19818800;17448518;10891400,0;5088726,0;22017710;23140700,0;9367200;4337200,0;9136600,0;49425100;44298530;3563900,0;7463600,0;18927300,0
2022-06-20;92581800;26725700,0;50406830,0;38181500,0;13366700,0;15968600;2386787;2635700,0;28503600;22348377;2415400;6452424;7841400,0;2139860,0;10930810;7049600,0;6293300;1878800,0;7652900,0;12751100;26028682;1076300,0;1836600,0;10900800,0
2022-06-21;85179500;20981000,0;37577078,0;30440200,0;19966600,0;21113500;10781234;5138900,0;51527600;15130040;4604000;7307835;7411800,0;2661813,0;15649920;7150100,0;7078100;2142000,0;15178100,0;21414500;21529718;2425000,0;6587200,0;11072300,0
2022-06-22;57874700;32228300,0;41717966,0;35022300,0;16963200,0;13461400;6839056;4077500,0;49448000;15046204;6648400;6214043;8433900,0;3457506,0;9035290;17697900,0;6172900;1727880,0;17720200,0;27175500;25120355;1522100,0;3151200,0;11675100,0
2022-06-23;69262300;31943300,0;30701240,0;36957800,0;17466700,0;10303100;13163500;3020200,0;30994000;22978653;10660300;7913951;8059200,0;4332026,0;13236850;15707300,0;4701500;2144800,0;9845900,0;28228200;22164799;2404700,0;3357200,0;12397700,0
2022-06-24;53413400;22394300,0;30073785,0;34188700,0;25329300,0;11421500;8968236;2252700,0;18258200;15883904;12651600;10425720;7941200,0;2582460,0;12086470;18558600,0;4177800;1949360,0;5810600,0;19104100;13831273;1460500,0;2329800,0;10345200,0
2022-06-27;90417700;28825700,0;26288885,0;24748500,0;16111400,0;6158200;12258056;1921200,0;18872000;11847404;5033000;10912194;10516900,0;5472420,0;6853330;11412000,0;4421500;1874880,0;10928600,0;20702300;17466577;1063800,0;2131400,0;9895900,0
2022-06-28;51388000;26052000,0;39383080,0;31457800,0;24086500,0;5828100;7180858;3795600,0;24111000;14621342;5703600;8796795;8975600,0;4520580,0;9773830;12449300,0;6821600;1496880,0;6645200,0;26200200;17476684;1193100,0;2711600,0;10493900,0
2022-06-29;52048800;18636600,0;34774375,0;45403300,0;27461600,0;4724300;18943793;5130100,0;16232200;12719041;4590200;10778837;7179800,0;3478746,0;6697240;10805300,0;10661600;2105460,0;6956900,0;23510100;21109742;1633800,0;4245200,0;10448100,0
2022-06-30;49910100;27471300,0;41362317,0;42129000,0;22872000,0;10803700;15410130;2993000,0;36974000;26042257;8993300;15191451;6721700,0;5090900,0;10125720;19866100,0;6526000;2921380,0;9193000,0;53291500;43561513;2935500,0;8108200,0;14588800,0
2022-07-01;64948200;26721000,0;39467601,0;22723600,0;17714200,0;7334800;30648958;4012900,0;16754000;12844660;5992400;7981732;12849200,0;3892093,0;16944180;16901900,0;4807300;2001440,0;11090200,0;27211900;30859783;1805200,0;4815600,0;11609800,0
2022-07-04;37324200;12474200,0;9918395,0;10774200,0;7157000,0;4041600;3806140;1832200,0;10339200;11605864;2372900;4427131;5003300,0;3332093,0;5868720;7823600,0;4582200;1323140,0;2960200,0;11748300;13536566;850900,0;1659000,0;6279300,0
2022-07-05;78428500;26472200,0;32430425,0;19873600,0;26056900,0;9210200;8428506;3094100,0;17375800;30505303;5289700;6720141;9503300,0;5090473,0;10277300;13416000,0;6581400;1662220,0;6878000,0;26123700;19376435;4460900,0;2598400,0;13358800,0
2022-07-06;57617200;23138800,0;31863245,0;20841700,0;21918400,0;11535800;9208462;2740300,0;21683600;29538873;4737600;7211922;11922900,0;3959320,0;11317240;15368400,0;7936700;1530340,0;7684700,0;50471100;21239004;1844300,0;2786400,0;13348200,0
2022-07-07;52147300;34251200,0;45776032,0;39176300,0;19019700,0;8539800;10672926;2814400,0;19425200;22028603;4169600;11775915;10027800,0;4057226,0;14225200;15964100,0;5729100;2548420,0;7406300,0;23833400;29852139;2908600,0;3351400,0;12696300,0
2022-07-08;43097800;24149200,0;25028649,0;19211100,0;13974800,0;5482100;7630164;3729000,0;17998200;17081736;4178100;5036151;7050900,0;2712013,0;12061390;12590700,0;3320700;1190140,0;4214200,0;20410600;15872389;1973100,0;2258400,0;9730400,0
2022-07-11;39577600;22076800,0;18746051,0;15202200,0;11484300,0;6136000;4394598;2990000,0;14107400;17554410;4184000;3824319;13261200,0;2994946,0;8400260;11432700,0;4913100;1341340,0;5884000,0;45053000;19905211;2211200,0;3636800,0;8893400,0
2022-07-12;46462000;22460000,0;22335508,0;25334600,0;50374400,0;5197000;3587415;3701400,0;14764600;36911557;4802600;6131545;14771600,0;3454806,0;8006460;14031000,0;9582200;2128420,0;4496400,0;37587600;15893849;2016900,0;3231200,0;12566300,0
2022-07-13;35497200;22980800,0;38407906,0;30571100,0;53045500,0;7119900;5330786;4060700,0;25347000;32285263;4147000;3722098;14925600,0;3009766,0;19847740;11393700,0;10363000;2289280,0;9438600,0;64624500;24479535;5037500,0;3220000,0;12208100,0
2022-07-14;47151000;57715800,0;54813633,0;45285000,0;42313700,0;6633600;5821788;4696300,0;24568600;21171459;7292300;5031846;9774500,0;4188280,0;13948660;13499000,0;7715000;2386300,0;13823900,0;72406700;31439840;3035300,0;3194200,0;12579000,0
2022-07-15;38610800;36589000,0;35260546,0;39165900,0;25341500,0;6464800;2948218;3430700,0;24545600;17370100;7749600;4247519;4881500,0;3912766,0;12869890;13560300,0;4832500;1316000,0;14042600,0;66586300;35455319;2567400,0;2244600,0;11347600,0
2022-07-18;46782300;22131300,0;23331189,0;27541200,0;16582000,0;6260100;4401129;4400500,0;21789200;22076762;6714500;4137989;5011900,0;2935620,0;17416190;9944800,0;5958100;2065140,0;5945700,0;39197600;30694213;1664700,0;2239800,0;10738200,0
2022-07-19;48562300;21785500,0;39625655,0;32754800,0;21362100,0;7068400;5074585;3680700,0;30828800;20925069;5364800;4302284;5270100,0;2221200,0;9358140;9488700,0;3684300;2025520,0;10801500,0;47346400;24197305;1850700,0;2836800,0;10295900,0
2022-07-20;43520800;40427400,0;33584725,0;35322500,0;48699500,0;14736400;4526717;4358600,0;19149200;25256433;5924900;7843869;11021800,0;2784520,0;9756780;7028200,0;4160000;2516640,0;9120500,0;62025800;20539917;1946300,0;3577200,0;12941700,0
2022-07-21;58843200;26987300,0;24553356,0;28221100,0;25407300,0;12130500;5785618;12274600,0;17517400;18624635;6169000;5211558;6658500,0;2242853,0;5462380;7905900,0;4412400;1701280,0;5395900,0;54553200;17608192;1926900,0;2590200,0;10060000,0
2022-07-22;55676200;27884000,0;25588351,0;32676600,0;22205400,0;10870400;5937631;9264300,0;13262000;18122213;4704000;5844606;6536400,0;1497140,0;7134490;13373200,0;3870100;2869300,0;4626600,0;50276200;15106674;3121100,0;2706800,0;10033500,0
2022-07-25;79106600;19833200,0;36454048,0;24554900,0;14348000,0;10255700;5217857;6258500,0;24344400;14573620;3251600;4307490;10514300,0;1668133,0;5181880;9507200,0;3107000;2917180,0;3694400,0;30968000;12619630;1770100,0;1822200,0;8621800,0
2022-07-26;78360100;19791500,0;24585080,0;25712700,0;27532200,0;6015000;3053010;3443100,0;22242600;15698685;2175100;4565795;4594100,0;4599420,0;7814620;9490400,0;4399600;1838760,0;10729800,0;34753400;11925783;1745500,0;2334400,0;9136600,0
2022-07-27;56097200;21666900,0;27262812,0;20248300,0;37333600,0;5446300;6859753;6535800,0;14388600;19737834;5454300;11112832;8689000,0;1898493,0;7932650;9812400,0;3183600;1976660,0;7492700,0;32123300;13879684;2289900,0;6573200,0;10263100,0
2022-07-28;114996500;21778700,0;26772676,0;32776400,0;70122600,0;9270700;3642774;2024800,0;16259600;23348541;7782300;8637907;3634200,0;2249053,0;8190380;8745900,0;5072300;1350020,0;5933000,0;26345100;18282075;4817800,0;5638400,0;11130000,0
2022-07-29;181480600;77006600,0;33518445,0;31334800,0;40541400,0;10100100;5916532;5904300,0;23704200;18808844;7372600;8641011;8694600,0;3818420,0;19157270;9907300,0;2880900;3085320,0;6725200,0;26771200;25168766;3330400,0;5524000,0;12934200,0
2022-08-01;81365100;38874000,0;28369526,0;22790100,0;34565900,0;8202200;6769429;3276700,0;22649400;26110983;7127600;7111003;7696400,0;3534746,0;10238470;11442700,0;8546000;3084620,0;6754900,0;26237600;26431315;3455300,0;7399800,0;11626700,0
2022-08-02;69147100;32636900,0;24247559,0;40541200,0;12515800,0;7214800;4870629;6105400,0;19655200;14913007;4379000;11503093;12885400,0;3535006,0;9208980;8423400,0;4632200;2381120,0;15334200,0;29130100;16136028;2893700,0;4446200,0;10124500,0
2022-08-03;65544500;31934600,0;22712684,0;28300300,0;19576600,0;6627100;4927295;2952400,0;15138800;21426807;4451900;4709164;8750200,0;2652160,0;27049000;9556600,0;8764900;5181680,0;7115800,0;29172900;25958186;3183000,0;5661600,0;12379600,0
2022-08-04;54387500;40540800,0;38418670,0;46297600,0;22962500,0;5433900;10370006;4456000,0;23298200;27211800;4318300;7803821;17206200,0;3586373,0;28516620;19514800,0;15927000;4615660,0;14328300,0;59880700;31775347;1487600,0;5033000,0;15499000,0
2022-08-05;77882600;36129300,0;64015406,0;70278300,0;20809900,0;4063300;6859552;5422300,0;21754000;27359265;4252100;5854518;11124100,0;2643420,0;36100020;12084200,0;7492800;8531600,0;8078800,0;32183700;17306123;2393900,0;4671600,0;12947500,0
2022-08-08;109484600;35705300,0;46382867,0;28027200,0;16864800,0;9073300;7962120;7911500,0;38957600;21670514;4052900;8906424;6283600,0;3692520,0;16896110;11841100,0;6528100;3401300,0;13711400,0;42688100;23553865;2230200,0;5892400,0;12674600,0
2022-08-09;79051200;35174600,0;117640069,0;33583700,0;13704000,0;6007000;9903419;2811400,0;34672600;18214614;4046400;4928123;9216300,0;2712293,0;13086150;7664300,0;5774100;2468900,0;17542700,0;42042800;37003841;2395900,0;4856600,0;12147900,0
2022-08-10;78369600;30202200,0;55029810,0;40650200,0;19048300,0;8105700;6801781;2836700,0;28315800;19968260;4541700;6302147;9044400,0;3387706,0;34459700;8733300,0;6685300;3235680,0;21082500,0;45312100;38452174;2377500,0;6251000,0;13376200,0
2022-08-11;128896500;51158600,0;45877889,0;38010400,0;11619800,0;6286900;5784010;3351100,0;124169000;19726215;3614400;21181329;11482900,0;3711113,0;14651340;11634800,0;5595400;2718940,0;16691900,0;34195200;20889647;2214300,0;3914400,0;14944800,0
2022-08-12;171288300;35608400,0;43155063,0;29995100,0;17954400,0;8429300;16941709;4368400,0;90489400;39483449;3781200;19413440;15222800,0;8345346,0;12508430;8602400,0;5564200;1793400,0;9315600,0;59351200;23649564;1505300,0;5373400,0;18704900,0
2022-08-15;96759000;26735800,0;41430750,0;30443000,0;21276600,0;7390400;5088551;10881300,0;38795200;31843506;6463300;6753881;10250500,0;5760213,0;14310780;12184200,0;12415800;3015880,0;10288100,0;21740700;33750459;0,0;3502000,0;15552900,0
2022-08-16;64218800;22070200,0;29105976,0;23972600,0;16447100,0;5016200;4654717;8761200,0;42526400;25255142;3761900;6078583;5754000,0;3120820,0;10652070;16154000,0;4892400;2163000,0;5967500,0;23841700;20675167;1736900,0;3733200,0;12986400,0
2022-08-17;72924700;29131700,0;28593294,0;23628000,0;27664000,0;6125800;6748933;6901000,0;50055000;26663788;7136500;5830089;27272900,0;4360313,0;12914770;11382500,0;5951500;2655240,0;6124200,0;49940200;19436823;1337400,0;5865600,0;14652800,0
2022-08-18;84552500;27692000,0;37051026,0;22363200,0;34709400,0;4327000;3908922;3316000,0;31663000;16246360;3253200;3499635;8785600,0;4396306,0;7944640;7347900,0;4534200;2464420,0;6251500,0;17097000;18048506;1669900,0;4650800,0;10644200,0
2022-08-19;125178200;45903800,0;26106699,0;22014600,0;38987700,0;7775300;8190088;4578300,0;54949600;17073620;4335600;6630835;17743000,0;3110820,0;17173530;10154600,0;9037000;1992200,0;9007400,0;41620300;31431480;1902400,0;4398000,0;12678600,0
2022-08-22;92400300;19335700,0;24991487,0;15569700,0;18162300,0;7237300;2671823;3142900,0;53275000;18132226;5876000;4804277;9829500,0;2806786,0;14852970;11504000,0;4502900;1786400,0;5820700,0;28907700;35851214;1335500,0;3909800,0;11010900,0
2022-08-23;73215800;37223500,0;16685011,0;12149300,0;14311100,0;8786300;4842899;2503800,0;27895600;20961318;4834400;3841839;6333000,0;4044966,0;10435480;13797000,0;4264800;1883840,0;6741500,0;30905000;20378963;1381100,0;4044400,0;11892000,0
2022-08-24;61067900;28773800,0;22899063,0;23308700,0;18054400,0;5426700;3922284;3097500,0;21973200;31614775;14335900;5044961;5861300,0;2634960,0;6913940;10266500,0;5379600;1612940,0;7375500,0;25584600;16459058;1389600,0;3890200,0;13758600,0
2022-08-25;99511600;24956700,0;31242248,0;33878200,0;10482600,0;5546600;4435992;9238400,0;36882800;21590943;8220500;3751332;4135100,0;6185426,0;7097640;9613500,0;4860100;2320780,0;7434100,0;17673600;16297481;1693300,0;4428400,0;11838500,0
2022-08-26;63545400;28510100,0;28445551,0;29014500,0;12927600,0;6257700;6852418;2579200,0;22573800;17109914;12994100;6880030;6692300,0;4821813,0;12231230;15716600,0;3674000;1441860,0;8532300,0;21823200;17788110;1366200,0;3403000,0;11159700,0
2022-08-29;73339500;22128100,0;21271281,0;19061800,0;9512400,0;6306200;5004155;2013100,0;26342400;15767905;5609200;7190096;7870400,0;4340966,0;9970620;8657800,0;5536600;1753080,0;7195800,0;20187300;17613058;1459900,0;4760400,0;9795800,0
2022-08-30;99361100;34469300,0;34434249,0;18597600,0;15374700,0;11887500;6979916;3348300,0;33588200;19733299;5003400;4330817;7827400,0;3272333,0;10596960;7132900,0;4123000;1909460,0;7138000,0;25350200;34691351;1908400,0;4273600,0;11937900,0
2022-08-31;114235400;33242900,0;56502823,0;50789500,0;22741700,0;11184100;11183821;4572500,0;35911000;20432716;6978400;11014115;8375100,0;4757920,0;14145560;12166000,0;4948400;3462760,0;10379100,0;51605400;36590852;5027400,0;12238000,0;14791100,0
2022-09-01;69184700;40922200,0;54988228,0;32988800,0;33540800,0;7750600;8433228;6286300,0;32369000;19198152;7728200;9552187;13026600,0;5836613,0;20311940;11466600,0;8226100;2350040,0;8008900,0;45098300;29490056;2329500,0;5938400,0;14478000,0
2022-09-02;81792300;49910300,0;52927981,0;49703800,0;22400800,0;15536400;9404882;7824400,0;25208800;17288779;7427100;6847391;69570300,0;3791366,0;10266410;10527800,0;21638300;2665600,0;9779400,0;76178400;31195664;2445000,0;6323600,0;16691800,0
2022-09-05;76337600;24319700,0;28039710,0;14188800,0;9796000,0;7376200;4336224;3196700,0;27135800;7850757;4036300;7950595;7604300,0;2536900,0;4934050;7313200,0;9554200;1156540,0;7179500,0;27073800;23803156;1187300,0;2310400,0;9515500,0
2022-09-06;111813500;24525000,0;60187679,0;35403700,0;20160400,0;7818500;6071156;4457600,0;67883800;20727816;6240500;6521506;14609100,0;3539446,0;11107800;9719900,0;7276300;1304520,0;10787700,0;45033200;33693314;1904700,0;4900600,0;14296100,0
2022-09-08;63159800;24144700,0;32229771,0;18121700,0;22311100,0;6160600;6179765;2190800,0;34886400;20196969;4745600;5763610;9864000,0;2148493,0;19476380;14035300,0;8515600;2276120,0;7509400,0;55191000;20375594;2216700,0;5628200,0;13759500,0
2022-09-09;49871900;49273400,0;27710574,0;17577500,0;13422600,0;3199600;4686868;3318700,0;45153800;15147788;3109800;5375952;15548300,0;4033853,0;11042900;18685300,0;16739800;2362920,0;4253600,0;25300300;17451106;1667800,0;4085600,0;12155200,0
2022-09-12;71374500;24797600,0;30293474,0;21459500,0;18048600,0;8149600;9199017;3047200,0;26211200;22777740;2290500;3703976;15738600,0;5090800,0;15537610;6573300,0;4715600;1476440,0;6844100,0;28719300;24949420;1254300,0;3753600,0;11707100,0
2022-09-13;88327800;29457800,0;36812756,0;20325400,0;27453000,0;7885400;5239960;4325800,0;32529800;20582831;5489100;7181486;21443000,0;3807866,0;7410150;9413600,0;4685200;2304820,0;7105000,0;20298200;19338504;2191700,0;3345600,0;12612500,0
2022-09-14;49039700;31018300,0;32836152,0;17631500,0;17680200,0;4667700;4109863;1719900,0;30654000;22891146;3581700;5395075;13539100,0;1553606,0;7885570;14025400,0;5044100;2013620,0;11431700,0;22001400;20759886;1448500,0;3718800,0;11630900,0
2022-09-15;45553200;36958800,0;24907645,0;17430800,0;13293700,0;3266400;5017819;3616500,0;42610400;18435891;3130900;3695266;12717200,0;3168153,0;7018220;10515400,0;6626600;2594340,0;4898000,0;23504300;24084263;1569300,0;3174200,0;11622500,0
2022-09-16;107303600;65178000,0;49605006,0;55848400,0;47764700,0;12522000;8400977;5164900,0;72317400;20020226;8641600;9335832;19813000,0;4401493,0;23366530;16328300,0;15679600;8623160,0;13136000,0;71825800;37648903;3126600,0;15875400,0;18843300,0
2022-09-19;65559900;34136800,0;46524605,0;47561500,0;14253700,0;5470400;5844193;2720800,0;31859000;17437299;3659500;6641448;8945000,0;3875833,0;6893260;20126300,0;8099800;1654520,0;8922500,0;57616200;23898480;3617900,0;4867400,0;12594800,0
2022-09-20;67798200;35289700,0;71309887,0;55045000,0;43727000,0;7372000;6640726;5025100,0;34701400;15365832;3909800;6285427;10696200,0;2382520,0;8244280;15729600,0;7013800;1665720,0;13683000,0;56083600;35469542;2575700,0;5065400,0;12570300,0
2022-09-21;58812200;44482000,0;54495600,0;36242300,0;24983700,0;6342700;5147829;4892300,0;24569000;28304433;5975300;5625347;18275700,0;4143286,0;15081220;23771000,0;9827300;1745940,0;39457700,0;36774800;41781292;2204700,0;5993200,0;14726800,0
2022-09-22;69764300;34529500,0;49376706,0;39088100,0;32533500,0;8889000;5174654;5313300,0;28798000;27275295;4797500;7497559;13589200,0;6029273,0;16356230;21658500,0;17290400;2707880,0;19610900,0;56032400;47463201;2352800,0;6270400,0;15684400,0
2022-09-23;138630800;44160700,0;38830402,0;38353600,0;39045900,0;5895500;5375797;2307700,0;34142400;17097127;5775300;27537441;14173200,0;2722260,0;12353880;11271200,0;8420300;1867040,0;13326500,0;48607100;24993214;2031700,0;7380400,0;13542300,0
2022-09-26;42934600;18503200,0;16535115,0;10591200,0;25475400,0;0;2209657;1760700,0;17178800;11929130;5381500;17006096;9718800,0;3954813,0;8290590;12834600,0;10211600;957740,0;9441100,0;21406800;13789351;811300,0;1673800,0;13127000,0
2022-09-27;71087600;31646600,0;43896612,0;29141500,0;34504900,0;7256200;5803401;6316700,0;22239600;27908546;7517600;10370354;11052300,0;3499766,0;13230030;13356700,0;7210900;2180640,0;16453700,0;65114400;34950623;1880600,0;4609000,0;14517500,0
2022-09-28;104670700;24371000,0;47539207,0;38504200,0;30344400,0;5869400;8285636;4837400,0;22874200;18469727;3725200;9867160;11148900,0;4109520,0;18711880;8176300,0;26393300;2948400,0;14904200,0;51750700;19776822;1154700,0;5007800,0;13540500,0
2022-09-29;87536500;34889700,0;58853685,0;36767300,0;40055300,0;9294800;7121313;10363800,0;37109600;17756928;4812100;11940810;12380300,0;4188846,0;14501630;10860500,0;10791300;3280060,0;12208400,0;43982600;32919240;2802500,0;6183800,0;14588500,0
2022-09-30;121637100;55575000,0;38351030,0;23472700,0;28170400,0;15921500;8566744;6224900,0;41095600;27836508;7160600;12149156;11827700,0;3765120,0;12086470;10739500,0;21781900;2481920,0;9157500,0;60495600;36752554;2122400,0;8577600,0;16536300,0
2022-10-03;179694100;42688100,0;80831732,0;72013900,0;37122200,0;14750100;9088923;6850100,0;90279400;25423510;4401800;12544323;14167700,0;4061093,0;19360660;9120900,0;29880900;5052880,0;16917100,0;87509200;62218024;2995600,0;9727600,0;20982900,0
2022-10-04;115917200;41717500,0;49601833,0;32759000,0;21559300,0;5980900;10075841;4505900,0;55373800;20703152;6815600;11377344;11413300,0;3356153,0;12497430;14628700,0;17780600;1892800,0;16640000,0;71455800;47984491;1783400,0;5824400,0;16078700,0
2022-10-05;92893700;42621400,0;34375446,0;28893000,0;38105500,0;6648500;3696423;5053700,0;44850000;18503495;5396100;5249002;8368900,0;3367686,0;14067680;17225000,0;6730500;1973720,0;10751500,0;65316100;19439319;1540400,0;6618000,0;13555200,0
2022-10-06;82671900;76852200,0;55358719,0;47265200,0;28042900,0;5312700;5942294;5440200,0;36355600;19686217;2619400;7318548;5975200,0;2083080,0;17902280;6125200,0;8687500;2856280,0;11803600,0;38746900;25415935;1583900,0;7530000,0;14520500,0
2022-10-07;73500100;83593200,0;63511108,0;73837200,0;40213400,0;4132400;4205145;3112000,0;27124000;17090582;2403400;8084653;16354500,0;2816720,0;8371440;10475700,0;7157700;2824640,0;8012500,0;15926100;18180013;1313500,0;5879800,0;13616500,0
2022-10-10;52222600;45515900,0;54805929,0;49206300,0;29475700,0;5924600;3792624;3541400,0;23049200;15013379;4648400;4186146;18862600,0;1722013,0;6194430;8002700,0;5447400;4812920,0;5090700,0;23633600;22648283;1569800,0;7436600,0;11429900,0
2022-10-11;58332400;33885800,0;36485999,0;32893900,0;30204200,0;6250100;6256906;7805000,0;29225800;17536470;3754200;13047117;30833900,0;3802433,0;13289870;8781500,0;9328300;2022300,0;12934600,0;35328900;31379950;1975600,0;6012800,0;13137900,0
2022-10-13;91143900;32960000,0;42127432,0;37633900,0;25868700,0;6147300;6181492;8625400,0;30284800;20239695;4136000;6531217;15027200,0;3503073,0;9744570;7970400,0;13938400;2546600,0;8057300,0;75195100;25177624;2237400,0;7138000,0;14583700,0
2022-10-14;62246100;34091700,0;45494368,0;26359800,0;16971400,0;6263600;4010332;5199300,0;25022800;28768361;4254300;5464857;10535000,0;2965400,0;7845860;13129100,0;11203100;2578520,0;10170300,0;61172000;28789347;2662800,0;4608000,0;13096100,0
2022-10-17;100936400;25840500,0;23093825,0;18923800,0;11542800,0;7601300;4419439;3055000,0;20077200;20449410;4629400;4441949;8129100,0;2559960,0;7475270;9619700,0;7803500;1973300,0;5681900,0;32624700;26215837;1584800,0;3248000,0;11633000,0
2022-10-18;82313200;27494000,0;52346412,0;44309400,0;24386300,0;9402000;8314491;6477800,0;43483200;20836282;4854200;9066313;13196400,0;3558313,0;10408530;9008300,0;10222800;2578380,0;12560800,0;48479200;29687442;2325900,0;5041800,0;14744200,0
2022-10-19;113700900;22651000,0;32142870,0;29547600,0;31016000,0;4180600;9350012;9028200,0;25457000;20106734;3351200;3720396;12625300,0;3288526,0;5879940;7449900,0;6531800;2269260,0;10919300,0;31144700;24480908;1747300,0;6981000,0;12729900,0
2022-10-20;114347400;37240700,0;77600529,0;49603500,0;25176800,0;7265000;6220555;6145400,0;70753200;24007129;5175000;8440474;13428400,0;3775613,0;14360170;17652400,0;17586400;2811060,0;13616700,0;68817500;40015669;2149000,0;7235600,0;16915800,0
2022-10-21;139601400;36846800,0;55808067,0;50452400,0;36933200,0;6512600;6739319;9601800,0;64165600;23213929;4510700;6253489;14614900,0;6660320,0;13784870;17374800,0;8735600;2801680,0;15147300,0;76677800;36475814;2216100,0;3810800,0;18579800,0
2022-10-24;142110900;32035800,0;57756261,0;41018300,0;19032100,0;8644200;4336995;5726400,0;75329200;14035095;7534800;7642330;9021900,0;2468753,0;7763910;17724300,0;5780400;1374520,0;16706600,0;39162400;29451003;1986900,0;5171600,0;13278800,0
2022-10-25;113161200;28158100,0;29513856,0;24860900,0;26198600,0;11524300;5547446;8280300,0;42736400;24138171;7085500;10799161;12220200,0;4862553,0;9239670;16734700,0;6517700;2391340,0;11013700,0;39314700;31736918;2120800,0;4816800,0;14727200,0
2022-10-26;121334800;40845700,0;55085780,0;55001100,0;33679000,0;28711200;9595637;6406600,0;64148400;21019694;14058400;5269727;15630800,0;5021953,0;11320210;16477900,0;8535500;1791720,0;15463200,0;58938700;28605186;12203200,0;9688400,0;16088200,0
2022-10-27;111008800;52613000,0;44860228,0;32956100,0;51627700,0;10912300;7926472;7770100,0;41654200;24694557;7576800;6486965;15175200,0;2798013,0;13969780;12649500,0;6863500;2577820,0;11648500,0;57273000;34738264;3985700,0;10267000,0;15530800,0
2022-10-28;129745400;52793500,0;32422834,0;23368600,0;29961700,0;7314600;5800803;4005100,0;40856000;22491812;13843500;5678310;9985100,0;2980866,0;12196910;28394300,0;10852200;1649340,0;10215400,0;53816500;23647692;3261800,0;6457400,0;14392400,0
2022-10-31;262409400;39184100,0;94899400,0;58768900,0;26748700,0;12566800;14288217;7829100,0;101533600;29600729;9200600;9928732;19491700,0;4784660,0;30453720;13632900,0;10737200;2877000,0;17966200,0;93369800;47678679;3284400,0;8809400,0;21637900,0
2022-11-01;115944200;42670000,0;47491734,0;48476000,0;28453200,0;11428100;10647225;6960500,0;49280600;22829807;7011300;9453170;23695600,0;2492060,0;12429120;19139700,0;7776100;1890000,0;18217800,0;43955100;34303814;3991300,0;5319800,0;17969700,0
2022-11-03;139062100;34390300,0;36849352,0;31611800,0;26575500,0;8951600;7644195;7307600,0;60835800;27259455;4294300;6632737;15015300,0;2310053,0;13503710;10317700,0;5821500;2255120,0;18015700,0;38761200;81300001;2693700,0;7915200,0;15634600,0
2022-11-04;195361000;61191100,0;35511052,0;41996600,0;30212300,0;12213700;12228924;3828100,0;54580800;17948141;4114500;7623008;12500600,0;3278093,0;40732230;21883200,0;8003600;2863700,0;15931300,0;35021800;23075995;2387000,0;5829000,0;16209500,0
2022-11-07;117206600;29445500,0;52676342,0;52267000,0;32125700,0;10878700;10430822;8720000,0;47342400;19200431;6964400;8258559;17217400,0;2354853,0;18722440;12873200,0;15914600;2471700,0;8793200,0;63757400;39225250;5763900,0;5816800,0;15221900,0
2022-11-08;94745400;39756500,0;31659758,0;56009200,0;31603000,0;13437300;7675425;6645400,0;29484600;18775031;5420400;6420887;15444300,0;2491480,0;14788730;13977800,0;6750900;1827420,0;11899500,0;62326600;32119962;2259200,0;6909400,0;14239800,0
2022-11-09;103303500;42208500,0;147203325,0;499194800,0;27623800,0;8842100;5617840;6846300,0;37975000;13589251;3970000;7311039;11339500,0;2175373,0;13319680;12384400,0;5584700;3059140,0;9186300,0;98960200;52151441;3180600,0;3903200,0;20531600,0
2022-11-10;145470100;47658100,0;99105549,0;180563000,0;56534200,0;18520800;16461685;18628300,0;129116200;25406974;11591100;11604312;22566600,0;11903853,0;39595930;14041500,0;21172900;3894240,0;28425700,0;131426800;42727050;3535200,0;6495400,0;26029300,0
2022-11-11;146365800;80174100,0;111377525,0;121144900,0;30034900,0;9507500;8675899;8458800,0;108313600;43699958;10440100;9613960;24235200,0;5954726,0;20733790;29834800,0;18183100;4300100,0;20944800,0;80262500;63145282;2443800,0;12930000,0;25038700,0
2022-11-14;66639500;43822500,0;59148831,0;73637500,0;20762300,0;6076200;7605935;7146100,0;46067800;24196872;5699500;5048465;10873300,0;3853380,0;21819600;16916900,0;10174600;2499420,0;8519400,0;46911100;35719775;1908300,0;4841600,0;15080400,0
2022-11-16;85549900;32935300,0;50719991,0;69709700,0;42516500,0;14823500;20404236;8452500,0;45099200;25161876;12822400;10694537;16148800,0;7851346,0;24559810;11786900,0;10423400;3258360,0;13926100,0;98671500;36014232;1769900,0;5224600,0;18351000,0
2022-11-17;101525800;31790500,0;77606874,0;111982000,0;35475900,0;8238900;19046069;7326100,0;80265400;27057823;8463800;10208663;25106400,0;7828713,0;24372920;13629600,0;25384100;2975000,0;19114900,0;276369600;44663074;1946900,0;5301200,0;23119600,0
2022-11-18;127683500;44324400,0;56028889,0;76091400,0;40152500,0;6672000;8835867;4488900,0;45290400;30234710;10485000;6174596;23150300,0;5548126,0;16522220;12026600,0;12838300;2608340,0;10676600,0;94746800;45257094;1424700,0;5192200,0;18769100,0
2022-11-21;164898100;27745900,0;43986685,0;46728300,0;15656100,0;4928900;7981301;3172500,0;42765800;28205307;11439600;6931891;11314600,0;3522826,0;14692370;10084900,0;11414000;3189620,0;7717200,0;69352000;50599867;915700,0;7443000,0;16651600,0
2022-11-22;164261300;27105100,0;64036253,0;40922700,0;31512300,0;7992000;6531552;4302500,0;26437600;22957627;6942400;7534103;10439300,0;6238733,0;13520540;18770300,0;6557400;4432120,0;13211300,0;61014900;32500704;998900,0;6939000,0;15056500,0
2022-11-23;77317300;22415800,0;55607979,0;48131200,0;26642400,0;5489100;9681094;7780200,0;26649000;18755453;5571100;12458622;6531500,0;7075213,0;12445730;16265300,0;10773800;2288440,0;9945100,0;34017900;18636808;808300,0;3514400,0;13198400,0
2022-11-24;94233800;12420900,0;30856235,0;25028500,0;14019000,0;5489500;7071505;3253000,0;21639400;18454673;2441100;4197259;5511600,0;2512986,0;12447050;7867100,0;4613700;1539580,0;6104400,0;42778100;25545106;568900,0;2512200,0;10296900,0
2022-11-25;58635900;20477000,0;46086134,0;31535100,0;16221100,0;4690200;6572523;5060100,0;19184600;23583098;5962200;5215463;8739900,0;3372293,0;13628890;18190900,0;4604800;1785280,0;9060400,0;38771600;39318260;1418300,0;4201600,0;12309100,0
2022-11-28;56067400;16166300,0;45835061,0;35206100,0;15172700,0;7981800;4755843;1863400,0;16474600;17026448;3685700;5179320;7386900,0;3495900,0;28182440;16969800,0;3471400;1351140,0;4393800,0;27142700;26388666;976400,0;4780400,0;11492600,0
2022-11-29;96151500;42574300,0;77138265,0;31529200,0;23998200,0;9077200;6486263;5901400,0;18270400;21932620;9078800;6050449;13237500,0;4537226,0;14345870;21989100,0;6974200;2191140,0;8230700,0;53449900;35913395;1748200,0;4788600,0;14721700,0
2022-11-30;120774700;59932800,0;60017162,0;39650500,0;32952700,0;12458900;13812130;5179600,0;25598000;23435161;12138600;8213205;16877200,0;7108966,0;20719820;16436700,0;10468100;3464300,0;9267400,0;57073600;31661454;1071500,0;12069600,0;19703200,0
2022-12-01;71259400;34319300,0;50130944,0;59654400,0;28272700,0;6962500;10259607;3721000,0;18236800;22877024;4314500;6427595;22625600,0;5416780,0;19243290;10587400,0;11080300;4138540,0;9011200,0;44924700;23945099;1310000,0;7534000,0;15193700,0
2022-12-02;66301000;30213600,0;63158518,0;86889800,0;42011000,0;6555700;9220974;3334400,0;27612800;28899358;10509500;4230599;16610700,0;4029380,0;18728270;10359300,0;8584900;3010000,0;13790100,0;46834800;21928473;1316200,0;6152400,0;15982000,0
2022-12-05;56065400;21896500,0;37424462,0;48011700,0;22919200,0;6914000;13469400;2953200,0;20721200;14908965;6677400;8214206;14607600,0;2392986,0;25284600;11530600,0;9161100;2321340,0;13680800,0;35793100;41261839;1223900,0;5458200,0;12308400,0
2022-12-06;74991200;21335700,0;53504452,0;73397300,0;20081600,0;5641000;9197275;2653600,0;17258800;15031677;6055200;4076016;13327400,0;2607800,0;38770380;9608700,0;6349200;1451240,0;11962000,0;41261300;29416839;573900,0;4163600,0;13437500,0
2022-12-07;57008400;45441000,0;25238368,0;27019100,0;26792000,0;4978700;9332138;1999100,0;13206600;29000168;4844200;5194738;13628700,0;4732366,0;22687720;8836700,0;5321500;2104200,0;9673000,0;35864200;21047028;1102000,0;3262000,0;13825300,0
2022-12-08;55567700;29827900,0;69736150,0;40884200,0;34785200,0;5710700;17086593;3718500,0;24538200;17080580;6093100;9068215;19978800,0;3543646,0;23167210;9717100,0;7246900;2752960,0;14289100,0;75114300;25404230;958500,0;7217000,0;14921000,0
2022-12-09;61586200;37713000,0;22514069,0;29843800,0;25402800,0;4345000;7576613;2917600,0;14063800;11532008;4385300;6344597;12963000,0;2268953,0;10175110;16026200,0;5962000;2705640,0;9087000,0;34385300;15532526;958000,0;4190000,0;10676300,0
2022-12-12;111293100;34995000,0;101446780,0;62653000,0;31800600,0;10669500;12742567;4869800,0;53108400;14575035;4564600;11017319;24013800,0;3575933,0;14778830;11785100,0;9229000;2484440,0;23325400,0;51820600;40186547;2681300,0;4392600,0;15481900,0
2022-12-13;102533100;31559400,0;63557901,0;46700100,0;62286000,0;10196600;12736141;5820700,0;43709800;24205123;12246200;8261462;10848100,0;3866180,0;14791370;12322600,0;9172600;3663380,0;17576700,0;79422100;48882915;1946200,0;6023400,0;17702200,0
2022-12-14;319501600;34564000,0;76898069,0;76655700,0;74145500,0;14185900;17520804;11129500,0;80022400;33133380;11648800;11026329;15438000,0;4923040,0;26666860;15047300,0;14272600;6191080,0;27100800,0;82829500;104380693;3023800,0;7303600,0;24923500,0
2022-12-15;132385600;24782100,0;55898707,0;46986900,0;36105800,0;8144300;9545327;5034000,0;94932200;20474230;5470200;7405851;8858500,0;3364960,0;14341470;17614800,0;9190500;3910480,0;13315200,0;43791700;34710044;1447700,0;2875600,0;15568200,0
2022-12-16;90767300;37762100,0;64978909,0;50773500,0;44559500,0;12123500;8268299;5661300,0;43696800;24130706;6340500;8336851;7695800,0;2992033,0;19578680;14536200,0;18249000;5091380,0;12917600,0;52477600;38018041;1945500,0;6916800,0;18255000,0
2022-12-19;63074100;27508500,0;54924554,0;35317400,0;43156700,0;6603400;8950345;6377500,0;31158000;33625217;5789900;5413096;6693400,0;2919066,0;20064330;10675300,0;9218600;2429420,0;15461600,0;51014700;25395949;1124900,0;4295200,0;16773400,0
2022-12-20;71875500;22657300,0;44636914,0;84518300,0;23944700,0;7623900;14438042;4785900,0;26498000;40023546;10860200;7421269;12943700,0;3814726,0;31282570;11506000,0;10515200;2101120,0;16304200,0;85870300;27524756;1345500,0;3969000,0;19125600,0
2022-12-21;74252800;39183700,0;69855681,0;43956000,0;40218600,0;6900900;7492562;10227800,0;17495000;33258910;13828800;4810084;14610300,0;4422606,0;17183100;8761800,0;10116200;1519980,0;10807500,0;33432500;26196293;1299600,0;3010400,0;17634900,0
2022-12-22;81894800;19429200,0;25305328,0;20749500,0;24158300,0;5599500;6131259;3084100,0;14796600;20731992;4631000;3257449;7727000,0;3047746,0;15739790;5951300,0;5101000;1299760,0;10985600,0;28640400;12817867;788800,0;3469200,0;11494600,0
2022-12-23;68387900;18656500,0;28695830,0;21104200,0;30772700,0;9476400;10894320;10759800,0;17488800;21910145;7148400;4524746;4486400,0;2326960,0;21397090;9012400,0;7013200;1718080,0;14376400,0;55312400;12734611;713300,0;2439000,0;12847100,0
2022-12-26;28765200;18407500,0;17822996,0;13937200,0;4149300,0;2339100;2687637;19661100,0;9105400;8307175;2785400;2943378;5290600,0;742486,0;8620590;10103600,0;1345200;846160,0;6555600,0;26468100;7412483;315800,0;1275400,0;5219500,0
2022-12-27;50803200;26720300,0;19491678,0;78235200,0;13135400,0;4735700;8180196;9970700,0;17731600;16589945;4618000;2828142;5669100,0;2083513,0;10725880;12826700,0;5889300;992180,0;7778800,0;51364200;14144288;811900,0;3002400,0;11158100,0
2022-12-28;57293500;23314500,0;25715021,0;45117800,0;15002000,0;5410500;5900200;7368600,0;21450400;21918958;4013000;4979884;9716800,0;1736406,0;8418850;10811700,0;6803200;1506540,0;6141900,0;46427100;12242904;666800,0;2752200,0;11193900,0
2022-12-29;57901800;40110800,0;28098060,0;41911700,0;22326300,0;6444500;8786791;6549700,0;18673000;14599070;4351800;5419504;7177700,0;3022066,0;16636400;10362800,0;6274300;1925420,0;5493300,0;54262600;17916998;740800,0;5029200,0;13389100,0
2023-01-02;78424700;12783800,0;26445013,0;24748300,0;14995900,0;3017700;4893289;4189200,0;23557000;7872782;2981100;4090133;9470500,0;1484640,0;8691210;10686500,0;5573000;1298220,0;8056700,0;36463300;17223276;696900,0;2238600,0;8130500,0
2023-01-03;96750300;25332600,0;33847015,0;127764400,0;36363800,0;5662900;7363009;5024500,0;21547400;18429133;6224500;7895129;9560100,0;3451620,0;17632890;8660200,0;7862400;2835980,0;10776400,0;55579600;19357753;888200,0;4195800,0;14466700,0
2023-01-04;129504000;26395300,0;33855739,0;153235200,0;23791800,0;6169800;4559391;4982200,0;19519000;16619211;4347400;7429879;10680900,0;3975160,0;17127440;6661500,0;8608300;2038820,0;11174400,0;46600300;21199928;1466300,0;4294600,0;14451200,0
2023-01-05;73886000;29085600,0;41153732,0;164949200,0;31031500,0;6660600;7892651;7411200,0;33937600;19543376;4531200;10985481;35445300,0;3076693,0;39216430;17032900,0;7611700;2489900,0;11518200,0;42701200;30316772;3032400,0;7621800,0;15512000,0
2023-01-06;51851500;31420600,0;42632750,0;86788300,0;20889800,0;4071700;4244957;3991800,0;29504600;16154766;6782000;10571191;37999700,0;4654320,0;25177240;15974400,0;11356700;1964340,0;5299900,0;18701800;23027017;1853800,0;4652400,0;12626600,0
2023-01-09;46385200;19285800,0;29083430,0;73674800,0;24448600,0;5730600;4639053;4057200,0;20027200;15909937;3115600;6524109;15633700,0;11468873,0;17230180;8188000,0;8026900;2924880,0;6025000,0;29615300;21004266;1619300,0;5215400,0;12047300,0
2023-01-10;52741100;19821100,0;35564190,0;118245200,0;35535000,0;6556000;7068842;5480900,0;19309600;21560195;2988900;5020532;12594800,0;7861580,0;13967470;11197100,0;7487500;2258620,0;10150800,0;37173200;32467696;1906000,0;6605600,0;13697900,0
2023-01-11;53536500;23834100,0;38743614,0;88295000,0;74419600,0;5982900;6636721;7510300,0;29084800;19125228;6017500;7007680;21444400,0;5679606,0;16559400;9931700,0;4208100;2528120,0;9443600,0;45058400;24306479;2125900,0;8255200,0;14461400,0
2023-01-12;58130000;18058600,0;57811778,0;97774200,0;69959500,0;5376000;5052813;4309800,0;20173200;43090248;6502800;6851095;13176700,0;4455473,0;31659650;12944900,0;5294000;2253720,0;27722800,0;42650900;27239599;2664200,0;7237800,0;19839100,0
2023-01-13;40002700;16905800,0;23525385,0;35872400,0;44291300,0;4957200;7620857;2441000,0;20087000;35433837;4533300;5435022;14486700,0;7358820,0;25004430;6851400,0;3939500;2457700,0;11944600,0;34712800;12211711;1153700,0;6834600,0;15939000,0
2023-01-16;31973700;19563900,0;27737426,0;44231400,0;58837000,0;7545600;4216263;3356200,0;18437800;25144980;2662100;6644151;8730700,0;2614526,0;19091600;6010000,0;2715200;1713740,0;29056600,0;23945400;17135369;1428000,0;2108200,0;12512400,0
2023-01-17;91797500;18719500,0;36595560,0;36676900,0;68143400,0;4932900;10345716;7195900,0;52121000;28404693;8397000;9575515;11859400,0;4116846,0;13262150;9336400,0;8380500;2839060,0;14211600,0;55634500;19340512;1255600,0;7741600,0;14363200,0
2023-01-18;69692900;16737300,0;45007971,0;46015200,0;32154400,0;5833500;13702755;4430900,0;46469200;25508031;8008300;9050595;13324700,0;3750600,0;24587090;10835100,0;14913900;2242380,0;16624400,0;58779100;21653638;1545000,0;6754400,0;14128600,0
2023-01-19;75553300;21712500,0;40213569,0;77758400,0;51799200,0;5522400;8907789;5445100,0;46824200;30171125;4982800;5027240;23712400,0;3086440,0;14637040;8058000,0;10520800;2733360,0;10802300,0;37781400;16249841;1212300,0;4819600,0;15594300,0
2023-01-20;114219500;27103900,0;37996401,0;39537400,0;33626000,0;6967000;6987174;8881400,0;61422400;17769187;10725900;5086010;19274300,0;2780740,0;20784390;10252300,0;5827800;2725940,0;17639500,0;37915700;18578960;1238300,0;4398200,0;15436600,0
2023-01-23;87678100;13534300,0;52002547,0;72241700,0;29938500,0;4331400;6957978;3735100,0;58229000;20257152;7027000;3524064;10637200,0;2026153,0;9975240;9068600,0;5692400;1591380,0;14558600,0;28339700;25318478;3360000,0;11027200,0;13701000,0
2023-01-24;65794000;17439800,0;34378279,0;32256100,0;17822600,0;7500200;6497664;3292700,0;33155800;25686245;4969900;5785937;12703800,0;3057013,0;8216560;11568200,0;5232800;1981420,0;14975600,0;21956100;15977275;1185900,0;6770000,0;11551500,0
2023-01-25;51832900;18282900,0;43609396,0;44253900,0;22021000,0;12935100;6073670;4319000,0;30466000;26234156;5200800;4588922;7649000,0;1882833,0;12472240;10185300,0;6379900;2212420,0;12655100,0;22445500;15252020;965700,0;2905400,0;11413000,0
2023-01-26;73344800;26876000,0;33862197,0;36574500,0;22793400,0;11767800;4175930;4212900,0;26301400;20567429;8842000;5310175;8271800,0;3022920,0;7309610;9994600,0;9617600;2814980,0;12119700,0;23534800;14870450;751900,0;2222000,0;10920800,0
2023-01-27;47681900;34682400,0;34365362,0;56910500,0;23904300,0;14610700;4352511;6087600,0;24856600;16590877;9519200;4677827;8557200,0;2380220,0;5690520;6002000,0;6078600;1603980,0;6927000,0;28137500;22081486;1018600,0;3519000,0;10614500,0
2023-01-30;40683200;23820000,0;39913324,0;58048100,0;32850700,0;8055300;3999450;6678700,0;28495800;17386748;5977000;7981531;24955900,0;2696353,0;8345590;6900800,0;4223200;1803060,0;13752600,0;29716000;22964519;753500,0;3879600,0;11272700,0
2023-01-31;54048900;20658600,0;32928039,0;39064700,0;35608800,0;9636200;7247530;5791700,0;29569200;12478893;6352900;7628314;20039900,0;5836306,0;15113450;5910900,0;6699600;2940560,0;10555500,0;34369400;34593440;2109200,0;12635000,0;12900200,0
2023-02-01;56349200;28818100,0;31850216,0;37948600,0;136662100,0;6318500;6844504;7958600,0;26311400;16141778;4120200;7898033;404695000,0;5222580,0;11312290;6596700,0;5395800;3950380,0;17729200,0;42421600;34584933;2636100,0;4969800,0;17821500,0
2023-02-02;83823000;37844400,0;52480220,0;77873500,0;49730600,0;7112600;8621447;9264600,0;37048600;16556480;8506500;8908527;50857000,0;3907326,0;15075940;8654900,0;19225300;2251200,0;13427700,0;37601000;39643910;5995900,0;9973000,0;15241800,0
2023-02-03;71170700;22545600,0;41535326,0;39818600,0;40568400,0;8093400;6526057;3977600,0;24334800;12768166;13947900;11101218;53290600,0;5358840,0;26505380;6322700,0;7651800;2258060,0;8914200,0;75213900;27073201;2207300,0;3533400,0;13235300,0
2023-02-06;82794500;17888700,0;31860299,0;27231000,0;25649000,0;6881500;5847526;2114500,0;27313800;11772504;5216600;8289695;34861900,0;3607046,0;14664540;7282800,0;16369200;2147880,0;17340300,0;30877600;20642886;1291400,0;3870800,0;11514600,0
2023-02-07;55311800;16259700,0;34547549,0;32094700,0;22344400,0;8673800;7719782;3189100,0;24883800;18836741;4399300;7239254;31913300,0;6911926,0;15699530;4288400,0;11334800;3359300,0;11974800,0;59353900;24346632;1196700,0;4809400,0;12956300,0
2023-02-08;48713100;14411000,0;120349072,0;81945200,0;24324300,0;4938900;7264184;5442600,0;44485600;16178644;3594400;5107335;50518000,0;9063253,0;14283720;3302500,0;8677600;2423260,0;18721200,0;36033200;53841736;1719800,0;2705400,0;13837000,0
2023-02-09;38198300;19782200,0;40856546,0;58306600,0;17206200,0;6409800;5163678;2528600,0;21309200;14366926;4547700;10092125;43678900,0;5559193,0;18683280;6047100,0;12022000;3048360,0;11745800,0;42040900;23651095;939200,0;5274600,0;12956000,0
2023-02-10;54683100;18099100,0;59102038,0;237891100,0;49142000,0;7127800;7692292;2212400,0;29831400;13250123;2832200;10926411;23226200,0;3721706,0;9283120;4209700,0;6537100;2372580,0;14238000,0;34782700;19533679;983200,0;4007000,0;14458000,0
2023-02-13;36726900;13798500,0;49663922,0;87016300,0;16722700,0;5129800;3442719;2290500,0;32489600;13258846;3844900;6719039;14875700,0;1551366,0;9909130;4470100,0;5976800;2636620,0;29685800,0;39949600;22767382;1070500,0;2645600,0;9973600,0
2023-02-14;35839000;20072400,0;39640950,0;56512300,0;29701200,0;6066600;5728435;5563600,0;118462000;12938477;6925400;4790360;40924300,0;2215813,0;13112770;8699400,0;14280700;2648380,0;11938400,0;48546800;22964179;3003200,0;7480800,0;11894600,0
2023-02-15;72554100;28465800,0;41791724,0;85427900,0;35211800,0;10995900;7559355;5842800,0;49143800;22616085;6688500;5562272;42760100,0;5002286,0;16065500;7038800,0;11542900;3762220,0;14623800,0;68664200;37603691;2564900,0;7706800,0;15499500,0
2023-02-16;44115700;28740800,0;34692120,0;69398600,0;34528900,0;7342600;7771854;5961000,0;43014800;17057117;5488500;4105451;21149000,0;3539753,0;21754590;7166000,0;10806400;3261580,0;13324700,0;75635800;16393781;1724100,0;5674000,0;12995900,0
2023-02-17;61085700;26381400,0;21326685,0;38594300,0;13404000,0;8000500;4232817;1915000,0;44727400;10486962;3877300;4869654;27974700,0;1976580,0;37190780;5972100,0;3921200;3000480,0;13806600,0;37832300;15713216;1666100,0;6824200,0;10058400,0
2023-02-22;38608500;16864400,0;20794515,0;36666600,0;29184000,0;8043500;4667045;3430400,0;22328200;8192714;3791400;3162036;20601900,0;2608893,0;22374990;4928600,0;11869400;1908760,0;7554800,0;34110900;19915476;1104900,0;3652400,0;9356400,0
2023-02-23;73913400;21485100,0;43189053,0;42173800,0;24914000,0;9948300;4271845;3139400,0;48294200;9395879;1821800;7132728;24919500,0;2271160,0;25382720;5571600,0;4384700;2739380,0;9816900,0;66824000;19346637;1406400,0;5556000,0;11459000,0
2023-02-24;64409100;17183900,0;35419959,0;40443000,0;26791100,0;5112700;4307463;4389000,0;24550800;14331059;3122400;4897487;27929600,0;2488106,0;13897070;8916900,0;3696100;2234960,0;8436100,0;36878600;20241466;1419300,0;2225600,0;10221100,0
2023-02-27;76250600;14422200,0;20098513,0;24898500,0;30248900,0;4714600;3000365;3146600,0;22472400;11458006;1891700;6380840;32246200,0;3428160,0;25434530;7336600,0;3605600;2054080,0;12679500,0;41493800;14947694;1393800,0;1596600,0;9570700,0
2023-02-28;130248100;21127300,0;29465137,0;38059200,0;39333900,0;7461500;6910521;12320500,0;33330200;8025726;5470300;9059405;28842300,0;3861253,0;12605450;9603600,0;3464000;5487160,0;7519700,0;41801300;21751753;1761900,0;6984000,0;15672400,0
2023-03-01;109257700;30916600,0;49786059,0;43825000,0;28582000,0;7934900;8945513;8152500,0;54529600;15686684;7406800;17114824;32788900,0;32399653,0;24793890;14004600,0;4511300;2592800,0;22893100,0;45694100;27667674;1856700,0;3147000,0;19853000,0
2023-03-02;124516200;21740900,0;52237191,0;32975000,0;47796400,0;4163300;9467128;5596000,0;34978600;10613592;4397500;8209000;21864000,0;15156166,0;14841420;6129500,0;5315800;2329040,0;12513200,0;74473100;30207882;1257800,0;5868600,0;14738800,0
2023-03-03;87591800;19783400,0;29015336,0;31061100,0;22570600,0;5339900;5169397;5944600,0;33717800;13259306;9987500;5033448;36019100,0;15487060,0;10994500;8307600,0;1720800;1281980,0;6461200,0;47367600;21691636;764700,0;5003800,0;13101500,0
2023-03-06;50227400;27298600,0;35169906,0;38725200,0;29101800,0;5594500;10895123;6720900,0;20465200;15809486;5421300;8173758;24268000,0;14452066,0;13390520;9128300,0;2369700;2806300,0;10051000,0;38810600;27142278;1586300,0;3861800,0;14277800,0
2023-03-07;59052500;20898200,0;31883639,0;58414500,0;23803700,0;4956200;5542724;4483700,0;38627000;9669267;3577300;5319185;12209500,0;13463946,0;9898240;7819100,0;9260500;3117800,0;3610300,0;39682500;13632843;1198400,0;3862200,0;12578200,0
2023-03-08;66220400;22274800,0;40035234,0;76198500,0;24867300,0;7378100;9270481;12341800,0;26042600;17377599;4883200;7171674;21816400,0;14768100,0;30648310;10531700,0;9278600;3146220,0;12162700,0;74476900;29120566;2206000,0;6059200,0;15904100,0
2023-03-09;68042300;24439300,0;47884998,0;61048300,0;19988600,0;5384100;10950204;6376100,0;24777400;11829151;5103500;8844051;41324600,0;36872040,0;26387900;22156200,0;8714600;3688440,0;10205200,0;51003900;23502619;1240700,0;3744400,0;19174300,0
2023-03-10;48118600;21820200,0;37246581,0;40235200,0;25089300,0;4632900;6289479;4042800,0;25785800;27150685;5318900;7467224;23735100,0;24737500,0;17613750;11084200,0;3484800;3302180,0;10656800,0;49231100;26337851;1322700,0;3209600,0;17952200,0
2023-03-13;58605500;23460200,0;38429660,0;33541200,0;15168800,0;7427900;5445906;4119100,0;18280400;21301064;3928600;7149348;31528700,0;6945120,0;14134560;9621900,0;3788200;2624580,0;11752400,0;49440600;28949064;2297000,0;2583600,0;12993800,0
2023-03-14;58916700;18077900,0;43849139,0;44785600,0;52093500,0;4704200;7920241;13828000,0;22174800;14465704;3000100;5389268;40119200,0;6612713,0;15590410;8490200,0;5274100;2283400,0;7722200,0;50264800;22636827;1634200,0;2627800,0;13133800,0
2023-03-15;93708800;34103400,0;57389962,0;70935100,0;36367400,0;6236000;22275943;9616400,0;23139000;15085169;4386500;11164993;17612600,0;4685340,0;23809390;18463100,0;7137500;3133060,0;15729900,0;50275800;43284250;3375000,0;4609200,0;15246500,0
2023-03-16;66821000;20573400,0;45421743,0;84701000,0;29043700,0;6583700;11720738;6678700,0;25555600;11168508;3508700;5263820;22197500,0;6797566,0;22026840;15548800,0;6079100;4363240,0;9629100,0;66584200;29684641;2279600,0;6731600,0;14385800,0
2023-03-17;93502700;39906400,0;68565874,0;76083800,0;52021500,0;9680200;14047287;13532700,0;42093400;9010937;7159900;26329713;44089800,0;8798266,0;20633250;19808300,0;14403400;5061560,0;7387200,0;80769000;43809646;7974500,0;12006800,0;17560000,0
2023-03-20;57575200;19650900,0;36932854,0;34593300,0;33729400,0;5827400;5550550;3488600,0;20987400;9420026;2246700;6100108;20939200,0;7884093,0;19857750;8223700,0;5106000;2890160,0;10127800,0;34346700;17624695;2586000,0;2415000,0;0,0
2023-03-21;43391200;15692200,0;43704795,0;38954800,0;16500900,0;5241100;5054017;2732200,0;17838800;6867095;3103800;6296240;26738200,0;4522566,0;13413840;9935400,0;2312800;1369060,0;6078000,0;42280200;25955260;1336400,0;3179400,0;9672100,0
2023-03-22;46435600;18085500,0;41241539,0;29424300,0;16107100,0;4920900;6257073;3506900,0;23718400;13365258;2754200;6408072;26704400,0;4133800,0;24516580;5712100,0;4044600;2040780,0;7262900,0;64613000;25615091;1098000,0;2666000,0;11504600,0
2023-03-23;74711200;26000100,0;59823759,0;61539500,0;26202600,0;6499000;8622551;4039000,0;22840800;28086524;5575800;8140619;30902200,0;4676093,0;26396150;7056200,0;8948600;2295860,0;17378500,0;83232200;30625068;1862900,0;4822000,0;0,0
2023-03-24;52556800;27801900,0;34011300,0;40452000,0;27154200,0;6714600;6916140;6034900,0;15880600;13253300;4105500;7284007;19141800,0;6266006,0;14120810;10469900,0;7808200;1804040,0;15332500,0;44383700;23038360;1166700,0;4041600,0;0,0
2023-03-27;39148700;14202900,0;44616067,0;45000300,0;15709700,0;7311600;5976450;8090600,0;13828800;8477878;4360200;8911030;19684900,0;3846813,0;13306040;4810500,0;4219100;2117360,0;10100000,0;69951100;40614963;1372200,0;3541800,0;9990600,0
2023-03-28;29091100;13866800,0;32135279,0;30254900,0;121741000,0;6873300;6526559;34740400,0;15889400;9124623;2977900;11502192;69618900,0;11549893,0;21161360;8836200,0;4772400;2399460,0;12286300,0;97342300;61112775;1362400,0;4828400,0;13500100,0
2023-03-29;49148600;17345200,0;25802715,0;58776800,0;40734700,0;7454100;4925056;9970600,0;14395600;11546579;3955700;6598397;36856900,0;8987720,0;20321290;8021600,0;4524500;3279080,0;7040100,0;65619500;23482655;1513200,0;3667400,0;12456100,0
2023-03-30;56116900;14249000,0;43270629,0;58758400,0;24247000,0;5155400;15618179;9059900,0;26295200;11207249;5943600;10346226;39786400,0;11575546,0;26864530;8872500,0;5998000;3429020,0;17139000,0;72194000;19458590;1197700,0;3902400,0;14901600,0
2023-03-31;59547800;22468400,0;65512439,0;60841800,0;68236900,0;10945300;10657842;7319100,0;16900200;9371821;14261800;9070618;25812800,0;7541133,0;55326810;7119400,0;6000100;8304940,0;16716400,0;107873700;23943284;1338100,0;6317800,0;15111200,0
2023-04-03;73931200;13510200,0;38304803,0;58954700,0;24136100,0;8938800;9574188;2529000,0;17920600;7293439;6884200;5148283;18815900,0;7969326,0;56185580;7349400,0;4156900;3236800,0;18574000,0;50036600;27428796;2171400,0;4522400,0;12794800,0
2023-04-04;57505700;20485600,0;25918394,0;46417800,0;25925800,0;6442000;6679130;7166000,0;16471600;11224212;4745000;6739063;21012200,0;4784160,0;24904660;6658000,0;4220900;1623720,0;11524700,0;36717700;12443670;1551600,0;2998400,0;11695800,0
2023-04-05;93626400;25382600,0;36165246,0;51710100,0;20359100,0;7128200;5688385;6566300,0;15532400;12468980;11084000;11863218;22336100,0;4222493,0;32353860;8890900,0;4261700;979720,0;14135100,0;37293000;16426675;1407900,0;2025600,0;13256500,0
2023-04-06;29565400;13976800,0;24650907,0;32588600,0;39044600,0;3998900;5579639;4251900,0;13361800;8017846;6208300;8716900;14613400,0;5634400,0;29315990;4230000,0;1921100;1312780,0;15419200,0;29384200;15672609;1821800,0;2781400,0;9818500,0
2023-04-10;41455900;13849000,0;16023452,0;24189300,0;31288100,0;4469500;3886103;4239700,0;21916800;6292635;4491400;5487784;14149600,0;2072406,0;13492820;5321000,0;4009100;2066120,0;12977800,0;34926800;12576607;1551500,0;1973400,0;8148700,0
2023-04-11;80565000;34226000,0;54871529,0;94873900,0;43646400,0;7179900;16544878;8487800,0;26685800;27440194;7859000;10086519;33609000,0;6774093,0;50996000;13045800,0;10295400;3270260,0;41223300,0;69830300;23449421;2356200,0;5586800,0;18725700,0
2023-04-12;71563400;32702000,0;47390217,0;63610500,0;38015500,0;9407100;18585501;9204700,0;127943200;17119961;6321400;12532109;32421000,0;9260400,0;38421900;7709200,0;9785000;3102960,0;31420700,0;91951300;33393605;2539400,0;6267600,0;17345500,0
2023-04-13;38852800;21361900,0;40614537,0;33003100,0;25996600,0;6615400;8665128;3560400,0;36793600;10933861;7988400;12402155;15780900,0;8499646,0;17043400;10860400,0;5869000;1834560,0;18602900,0;43949700;23546175;2484000,0;4673400,0;12182900,0
2023-04-14;38421100;22693200,0;38988116,0;41846400,0;14511000,0;6485300;5559092;13032200,0;42258000;10037763;6878700;5450641;10628600,0;7858313,0;31393340;17879200,0;5393400;2258200,0;14229900,0;28644400;15764939;2068000,0;3541800,0;11501000,0
2023-04-17;49427100;21479200,0;24167003,0;28114200,0;12975100,0;3679400;5498856;11178100,0;24098000;10076627;5217800;9627877;14970900,0;9723726,0;26636940;8757900,0;2716000;1620500,0;6781300,0;28178600;11164435;1062400,0;2919800,0;10253400,0
2023-04-18;99478800;15193400,0;27411575,0;45070000,0;17645400,0;5687600;5037511;11279500,0;17350600;12225363;4333100;7427477;13884000,0;7127166,0;20245830;5729600,0;3670900;1403920,0;10459500,0;27824800;17663034;1333000,0;2373000,0;11207900,0
2023-04-19;73217800;31128000,0;31036155,0;45391200,0;22727300,0;4241900;9742970;11896900,0;21009600;17046262;4932800;10400990;19845900,0;7142513,0;24114200;4984900,0;6345800;2161600,0;14246600,0;39349300;16490875;752200,0;3736200,0;12713600,0
2023-04-20;54738400;31112800,0;24745399,0;61683400,0;25584600,0;9536000;8766558;9471300,0;20726200;12573888;4829200;6897550;11874200,0;8602360,0;24684000;7117700,0;5347000;2240700,0;6869100,0;43532000;18091676;1999500,0;2409800,0;12378000,0
2023-04-24;43820900;29754000,0;28674303,0;30197500,0;39968000,0;8144200;4962942;3876100,0;20519600;10258624;9412300;8371292;37103600,0;9232273,0;19891410;6712300,0;2852400;2180920,0;9891800,0;36709200;29465159;2424700,0;3509200,0;10935400,0
2023-04-25;53854100;31799200,0;25980256,0;66333300,0;29356500,0;9244600;4490271;4587600,0;23691200;9276590;6623200;9630680;18942800,0;4238633,0;22501820;8261000,0;2716900;2593640,0;7679400,0;23753500;30834001;3255100,0;4460400,0;10873200,0
2023-04-26;40249400;25907200,0;19299068,0;29344200,0;19935800,0;9771600;4134766;5315500,0;23633000;13181880;10993300;7781195;15122100,0;2544606,0;20380580;4646000,0;5565500;1858920,0;9630600,0;43132700;29100716;1743200,0;2221400,0;10115500,0
2023-04-27;115632700;31717800,0;23660439,0;66471700,0;16155400,0;5337900;4435748;5900100,0;12372800;10546371;7234200;8884699;12242300,0;5934646,0;19154410;5184300,0;3420100;1440320,0;10394300,0;31864200;20031739;964800,0;5637000,0;11302800,0
2023-04-28;81138500;33277500,0;23245081,0;34292000,0;21948100,0;7415000;6085084;5618100,0;20796000;9121805;22999700;6346599;20412700,0;7549980,0;25017740;9706200,0;8667500;2708160,0;10605200,0;34079100;32787335;1611600,0;4518200,0;13080900,0
2023-05-02;67911100;37367900,0;49467233,0;76570500,0;26656000,0;5799900;5978142;3899000,0;25239200;7199735;15230400;5597300;14598900,0;5908986,0;27922070;7446800,0;6386400;2528120,0;12518800,0;29412600;35169311;2217600,0;3755400,0;12018000,0
2023-05-03;51133700;19958300,0;26517638,0;37376800,0;34868300,0;5451100;3414935;4239700,0;11261800;9967678;10632800;10177300;15681500,0;6041826,0;26913480;8041300,0;3440500;3197600,0;6299000,0;24304700;18021238;1338000,0;3295400,0;11688200,0
2023-05-04;57854400;35996200,0;45003213,0;71085400,0;54120800,0;5340400;4806087;3341900,0;14752000;16956117;8844700;8818300;20441800,0;5263973,0;39559080;14229200,0;6957200;3457160,0;10569400,0;34923200;30072449;1662400,0;3663400,0;14837300,0
2023-05-05;83365200;27107300,0;49402765,0;113562200,0;25846600,0;7852800;5524815;6279800,0;14382200;16448407;11447900;7867800;17709200,0;6907986,0;40642360;12167000,0;6537100;3287620,0;9840000,0;55158000;37391014;1967900,0;3922000,0;16699500,0
2023-05-08;59352300;24917600,0;59838715,0;119305500,0;18558200,0;4669200;3800709;6107100,0;16195200;12343596;9030600;9085300;16113900,0;4429880,0;25010370;7006100,0;3496900;4532780,0;12894100,0;39099200;19154378;2432100,0;5915200,0;13259200,0
2023-05-09;33978200;18717400,0;43258053,0;63086800,0;14106700,0;3642300;4174957;3265500,0;20231600;18067385;4728300;9699000;32144800,0;8489266,0;30119870;5880000,0;4148200;3383380,0;9663500,0;29485100;21770355;2434100,0;3784400,0;13526600,0
2023-05-10;41500700;24792600,0;35088896,0;34391600,0;32128700,0;4335000;10404970;2341400,0;21044400;12594353;6433400;6150000;20064700,0;10434873,0;21301940;9701600,0;4560500;2697380,0;11270900,0;29982900;21959552;1284200,0;4072000,0;13576900,0
2023-05-11;136878100;27709000,0;35897745,0;38711200,0;24022900,0;6709000;12927283;3579000,0;27159800;11581391;10242800;8616500;17152200,0;7409646,0;21419200;7215700,0;4330200;2465820,0;11226200,0;41535400;21823212;2465700,0;2969200,0;12772100,0
2023-05-12;117237500;17578100,0;20136809,0;33331100,0;17911800,0;5474100;6659084;4469000,0;24417400;7854304;10181600;8213300;13638800,0;6662673,0;13156660;6180800,0;8819900;3134740,0;6662400,0;45257700;16720111;1562900,0;4308000,0;11925000,0
2023-05-15;81996700;21020000,0;20327832,0;44270100,0;12250300,0;5580100;6071052;5051900,0;17265000;9972741;5975200;5610900;71533500,0;8495366,0;17790960;6105200,0;3871200;2086700,0;9556900,0;26238500;32489134;1485800,0;2704800,0;11603200,0
2023-05-16;117782700;23990300,0;29875057,0;29720900,0;12620000,0;4265800;10499784;10691200,0;43215400;39038964;7694300;6338100;45623200,0;16967360,0;13482700;5553500,0;5962000;3808840,0;8959300,0;52790600;16114636;1154600,0;3928400,0;16897300,0
2023-05-17;107129200;30913100,0;27183049,0;31306500,0;21093400,0;3886400;6474967;4698300,0;35046200;20679948;5387300;11578900;27916800,0;8826280,0;42508840;9780800,0;5095200;2505160,0;7164500,0;75038500;16789416;1072800,0;3093600,0;13993000,0
2023-05-18;63010500;23710600,0;26807799,0;30064600,0;28578200,0;5386900;7558622;3841000,0;23424000;20015421;9660700;9073700;40825600,0;10501860,0;34364220;7121300,0;5031800;3029740,0;9173800,0;34511600;28500232;1294600,0;4864200,0;13613100,0
2023-05-19;69245500;33892200,0;55195001,0;81459600,0;26033100,0;11502300;11540943;4571900,0;67932000;16427324;7789600;9145700;32544700,0;9939380,0;56302070;9692500,0;5281400;2686180,0;13236000,0;58067000;49461282;1336500,0;5006800,0;16135800,0
2023-05-22;38010200;18936200,0;29853077,0;24901500,0;19796100,0;6401900;9486589;4763200,0;16150800;14236400;3412000;3918900;14142300,0;8446220,0;24202200;6359300,0;4448700;1742860,0;9577500,0;23668700;19184323;579700,0;4046400,0;11769400,0
2023-05-23;58285300;39413300,0;31465336,0;65141600,0;12569600,0;5552000;7881253;4925100,0;25822400;12890990;11779200;7387300;12031500,0;7359946,0;36497230;5883800,0;7990900;2860200,0;7608800,0;59858100;17701826;881600,0;3928200,0;12334800,0
2023-05-24;54796400;33304700,0;32566612,0;84758000,0;13887400,0;3074900;9494708;3543200,0;21842800;11793463;5916400;5680800;35329500,0;8595653,0;23387430;8456600,0;4988900;1463140,0;8977400,0;41907700;20029924;667700,0;4472000,0;12980200,0
2023-05-25;49182700;36934900,0;51557618,0;57019700,0;20059400,0;7746200;11941450;5520600,0;23390800;13417347;5183100;11928000;36092900,0;10331580,0;23189100;11088900,0;10166200;1316560,0;19720000,0;61049000;23616159;2612400,0;5611000,0;14745300,0
2023-05-26;39866600;38181700,0;33629706,0;34702600,0;9976800,0;6524500;5841131;8748500,0;19180600;8561490;3857200;7105900;25686400,0;5714533,0;25701720;8636400,0;7510100;2045400,0;19146300,0;39033400;16832858;2018400,0;3402600,0;11019700,0
2023-05-29;17977100;17320700,0;11247177,0;11951700,0;5236900,0;3442100;2559397;1901400,0;6615800;5050696;1394400;7227700;14544800,0;3193873,0;8333930;5186400,0;4258300;1377600,0;7793800,0;13634900;11202661;558000,0;2059400,0;5913000,0
2023-05-30;45736700;39920700,0;48896654,0;46546900,0;24198200,0;6349200;8587553;4706300,0;36854000;8708305;4525700;10613100;24140700,0;7199140,0;16827360;11157800,0;5640600;1529080,0;14732200,0;32065000;26783167;2118300,0;5237000,0;11588000,0
2023-05-31;49207600;103408900,0;38429660,0;48483600,0;41149000,0;12497500;20534716;6207300,0;34850800;8603116;7379200;10191500;23066900,0;6896673,0;22362890;9663000,0;9728800;3069500,0;10752000,0;70207400;33263163;3191500,0;35330600,0;15861100,0
2023-06-01;63148200;51982400,0;28928095,0;33499600,0;21073100,0;10739000;8863979;9410300,0;20393800;11935080;11094200;25434700;28377100,0;6656740,0;27652240;9850500,0;7222600;2678060,0;13597100,0;62415600;23186723;1525800,0;7752600,0;14669000,0
2023-06-02;39919300;39185700,0;28470477,0;0,0;26641200,0;9999400;7451178;6703000,0;0;0;8920100;13072200;24144300,0;5793640,0;35059530;17029400,0;8609200;3217480,0;18090400,0;44298200;31030231;1130200,0;5566000,0;14545800,0
2023-06-05;39321700;21478500,0;27870213,0;37490300,0;13795200,0;4888100;4670379;3612300,0;27334000;6741319;4688600;5815400;11705300,0;2683606,0;8952020;8388300,0;3594300;1611120,0;9716600,0;38760200;11645028;708100,0;2365800,0;9078800,0
2023-06-06;75426600;31884200,0;29698762,0;33361400,0;38723100,0;6913000;8600783;5068000,0;22932200;11171191;5521700;15185400;20867200,0;8565706,0;28301570;10286400,0;5129000;2456580,0;10967000,0;57545900;32644416;1445100,0;6608400,0;15025400,0
2023-06-07;82330400;27377500,0;31760369,0;25890200,0;29670300,0;7235000;6852121;6177300,0;22222000;13863381;8261400;11666900;19382700,0;6963553,0;20681320;15459400,0;5533000;1883980,0;17910400,0;52360700;38181944;1454900,0;6160000,0;14017100,0
2023-06-09;80442400;30056800,0;33168008,0;34371000,0;27318300,0;8603000;10753459;5669700,0;36932200;13458097;8779200;15278000;14031500,0;6935180,0;18107650;9199300,0;4701200;1982400,0;16528800,0;34786500;27130028;1761200,0;6544200,0;13527100,0
2023-06-12;119350400;26651200,0;33613277,0;38493000,0;23053500,0;7812500;6754901;5555900,0;77115600;13280445;4914600;12681100;16242400,0;6113846,0;22269500;11332500,0;8978500;1608740,0;9394900,0;24345700;40691640;2893500,0;4341600,0;12016200,0
2023-06-13;79174900;34288100,0;37732299,0;45002300,0;17207900,0;10187500;11174212;5972300,0;26532200;15441698;5613000;12318100;19986600,0;5783146,0;20983490;8358400,0;6741800;1561140,0;11395400,0;39692100;29917054;3333300,0;5309600,0;12392200,0
2023-06-14;98326000;53775600,0;56524690,0;60815500,0;38582700,0;11544100;9066337;9167700,0;26083800;15199114;12879100;23956100;25840400,0;9361046,0;33636790;12372900,0;6863200;2975560,0;16521200,0;62913200;50765584;5189400,0;9098800,0;16938600,0
2023-06-15;120579500;31874100,0;30322705,0;29023000,0;19514800,0;6148900;7586685;4282100,0;41930800;12965947;13590400;9688900;13781200,0;6718453,0;20604430;6726100,0;7005800;1351140,0;6500600,0;53533200;38877368;1783400,0;3738800,0;12298000,0
2023-06-16;94572000;39953600,0;47145602,0;41296400,0;42108400,0;10825900;17488817;9663600,0;30393800;9824018;12730200;20318900;14449100,0;9003880,0;30277500;13179200,0;7079100;4045440,0;10468900,0;68342600;49925200;2482800,0;14430800,0;15251700,0
2023-06-19;34573900;14894300,0;18433003,0;21307100,0;8520800,0;3436700;8392812;2709600,0;11787200;6579079;3519600;6417100;9550900,0;2751446,0;13174040;4070400,0;3753800;2130100,0;5868900,0;42441300;13124915;641000,0;1810000,0;6776300,0
2023-06-20;55605300;35748700,0;28148931,0;28404300,0;17804600,0;6858200;5613616;4982800,0;17141000;9313996;4584800;8259300;35176100,0;6707460,0;31900000;9012500,0;5608200;2949660,0;15928800,0;47421200;18507161;1161300,0;4568600,0;10924200,0
2023-06-21;89294300;27336800,0;29839027,0;32294600,0;15349000,0;11890100;5542154;5677300,0;27413000;10128694;6656500;11536000;23935400,0;5978780,0;31676260;8418100,0;9122300;1974840,0;13688200,0;30520800;21555523;1309000,0;6769000,0;11736700,0
2023-06-22;43455800;21394900,0;27091956,0;36675900,0;24788600,0;4656400;4923553;4605300,0;18000800;20711134;4521700;16679500;12449700,0;4680166,0;16734630;5330600,0;13344700;1816360,0;12622400,0;49202600;18180490;642100,0;3781800,0;11831500,0
2023-06-23;76023400;23510900,0;18796809,0;43608700,0;15765000,0;5203600;6153038;4648000,0;13483800;9137657;5267200;22583100;23532100,0;3779033,0;19771730;4580800,0;5492600;2274580,0;6838600,0;31737600;14392240;763200,0;2590400,0;12845400,0
2023-06-26;53635000;15030400,0;15397130,0;36850700,0;17722200,0;6546100;5008645;3039400,0;16848400;10761675;5413900;6784400;42881900,0;5248580,0;13211880;5823000,0;6746500;2762200,0;6572900,0;29644200;12390359;1321100,0;1944200,0;10456600,0
2023-06-27;48399600;22737400,0;29488704,0;38301600,0;13978600,0;6131000;12369219;4093500,0;25779000;14769998;4887600;6259300;76576700,0;5277446,0;29954980;6597100,0;9041500;1358140,0;8378300,0;35632400;21064723;1152800,0;4849800,0;13077000,0
2023-06-28;36794600;37628600,0;21198769,0;48492800,0;21624500,0;6256700;9382253;3352300,0;15524200;9903813;5745000;7224800;30177100,0;4323500,0;18501120;7821200,0;4141500;1339240,0;10744000,0;22922900;15977162;1007800,0;3534400,0;10646300,0
2023-06-29;32071800;24841800,0;70141424,0;40903300,0;14781100,0;9004800;27625078;3830000,0;16565200;8885575;4579600;6461300;40765500,0;3674260,0;22020020;4595400,0;4732700;1345960,0;8862100,0;42656500;14377948;927400,0;3498400,0;11055300,0
2023-06-30;104262900;42992000,0;31561301,0;41639400,0;18270700,0;8007900;11866480;6896000,0;28009000;9322370;6388400;11986900;35419200,0;6489393,0;71071000;29411900,0;10296800;3018960,0;14272000,0;38902400;21654545;1374400,0;3475000,0;13824700,0
2023-07-03;31266900;22738400,0;19990991,0;17915500,0;9309100,0;4338100;3737767;2959600,0;26031200;8164896;11751000;6442700;20197900,0;3412733,0;25944490;7384100,0;4260200;1528380,0;16465600,0;22343500;24671602;3713600,0;2305600,0;8907500,0
2023-07-04;18308000;12573200,0;9245166,0;10908500,0;12338500,0;2692200;3603763;6252400,0;7572800;7385189;3589300;3176700;10806500,0;5657633,0;13478410;6272100,0;3273300;1114540,0;3154700,0;10252000;9038011;1285500,0;1495200,0;6555200,0
2023-07-05;53585500;27363600,0;19998696,0;19944300,0;16649000,0;4665600;4400768;6099100,0;11332400;18607908;4421400;10433500;33346200,0;4008773,0;14993990;6338800,0;4925400;2076900,0;7482500,0;39425800;31496077;2019400,0;4622600,0;10959000,0
2023-07-06;47685700;18579200,0;32074550,0;40277700,0;28789100,0;5783000;6522174;4714400,0;19116000;19338489;3641000;11351400;22675100,0;2718606,0;17275060;8791400,0;5704100;2105460,0;10216700,0;43151400;15591055;1358800,0;4644600,0;11025700,0
2023-07-07;55533500;57287600,0;31476099,0;21703000,0;18082900,0;4221200;5801441;4594200,0;23079200;12512212;3963800;13182000;19055100,0;3443400,0;24110020;11194100,0;6994700;2708580,0;11175300,0;47396100;13525881;1257200,0;2979200,0;10521000,0
2023-07-10;25590200;36698500,0;15000240,0;19191400,0;30024500,0;4546100;4271375;2699700,0;17806000;10557686;2351300;7598500;16685100,0;2186493,0;39015350;14794200,0;8548000;848960,0;7610400,0;25239000;13360277;1018900,0;2416400,0;8104000,0
2023-07-11;40877000;35550200,0;31780310,0;30173500,0;26625300,0;6933800;5453854;9212700,0;24673600;12507856;7098300;8115500;19787900,0;4581633,0;32690790;6887000,0;5443700;2792160,0;9762000,0;32768300;18875119;1178600,0;3782000,0;10592500,0
2023-07-12;40181800;22864300,0;20884135,0;18940500,0;17859500,0;4844700;8173815;5183600,0;24458200;10177078;2535400;6984200;6157400,0;3133266,0;19492660;6803000,0;6008100;1117760,0;6419900,0;37836700;11448231;1305400,0;4095200,0;8941200,0
2023-07-13;35886500;24187200,0;24777803,0;34783700,0;13600600,0;3046100;6643950;3457700,0;14068400;9898166;3682600;8052600;10522300,0;4903600,0;19399160;6941000,0;19694800;1546720,0;8218400,0;25340200;15128724;966700,0;3600200,0;9257600,0
2023-07-14;34451100;20342500,0;27914740,0;30430600,0;13152500,0;4424000;5661324;2437500,0;26211600;7782862;2817500;11953400;16845900,0;3584700,0;28017660;4716500,0;9949700;1410640,0;9038900,0;32317300;14301158;1092500,0;4176400,0;8980000,0
2023-07-17;52160800;15322300,0;18054808,0;20090100,0;21044500,0;12067700;4045764;8111200,0;10774000;6921250;3658900;6378900;20863600,0;2111893,0;35098910;4958900,0;5827900;962640,0;7275400,0;16540300;12148759;1074900,0;2555000,0;8201900,0
2023-07-18;35640400;16950600,0;44289196,0;22381500,0;49083400,0;10489700;3336458;3675500,0;9060600;6945206;2873700;5902800;19854400,0;2518146,0;32770760;5192200,0;5742500;1114540,0;6630700,0;22752800;18124003;1182600,0;5655000,0;8584800,0
2023-07-19;46517700;14512600,0;44539023,0;24524300,0;34813800,0;42083100;4884765;3717800,0;16210800;8738593;4265800;9693800;15101300,0;2787460,0;35320670;7497100,0;5848000;854000,0;8351100,0;22543400;28088376;855000,0;2667000,0;9728700,0
2023-07-20;33177100;20992700,0;42807912,0;47691600,0;42121000,0;22364800;3711106;3306500,0;13507600;7973199;2331800;6868900;13981900,0;2042413,0;50027340;6541200,0;4468900;1156400,0;7175600,0;27346100;18822716;1284000,0;3987800,0;8986400,0
2023-07-21;52059200;24852700,0;36214305,0;43331100,0;44120600,0;14512500;5506072;6046000,0;20264400;10313351;3117200;6278900;9991000,0;6586346,0;37375690;9676100,0;4616500;1907500,0;8615200,0;36324700;28754309;1334700,0;8194800,0;11181500,0
2023-07-24;45268100;30616400,0;37238424,0;62342600,0;28477500,0;28879300;5367559;4974900,0;35741000;8801234;6572700;5795800;17283700,0;4420820,0;37891370;10015800,0;3128000;1619940,0;7437300,0;35365600;23345408;2103800,0;5753000,0;10494800,0
2023-07-25;56261000;31556700,0;39541700,0;45514000,0;25287600,0;9924300;6170578;4214200,0;21533400;13202805;3793300;6610000;14413200,0;3104420,0;22354310;17443100,0;7969200;2129960,0;9818100,0;33907800;88967719;2308200,0;4444400,0;11427100,0
2023-07-26;45880200;19066400,0;38028465,0;22666000,0;22007900,0;7944300;5112681;2698700,0;24767000;8770744;6172200;8105600;6399600,0;5354540,0;29304550;15973100,0;3551700;1922200,0;5849000,0;16803100;45103967;1943500,0;9824000,0;9988800,0
2023-07-27;86471900;28254500,0;22188332,0;30083400,0;24140400,0;8479800;6596242;6085900,0;23501400;13759338;3697200;10563200;18331700,0;3307273,0;13947670;6051600,0;2687500;1618400,0;7235900,0;18122100;34869636;1824300,0;4295400,0;10678700,0
2023-07-28;43608600;45938800,0;18444673,0;25809200,0;15430600,0;5882900;3812937;4630300,0;14552200;10034608;3185200;5164300;16807200,0;3485920,0;11999570;7448600,0;2809500;845880,0;3876500,0;20678900;16546454;2340300,0;2808000,0;8464200,0
2023-07-31;91290800;26065700,0;17263407,0;22318100,0;16905900,0;7141800;5980447;3882700,0;20779800;12295537;4602700;8214500;13989300,0;5569253,0;18526640;5673100,0;3900400;1565900,0;6635800,0;20469500;19287088;1259400,0;4868800,0;10122700,0
2023-08-01;75752400;30015700,0;16807601,0;26649900,0;18921400,0;5088200;3433678;3738100,0;25360200;9508341;3313900;12310900;24308900,0;4671853,0;18439960;6328900,0;12125300;2407720,0;6144300,0;29131900;29209493;1369400,0;4053000,0;10302800,0
2023-08-02;62068400;29547300,0;20784091,0;34593700,0;22855900,0;4455200;3897027;2536800,0;11204000;11876480;3593800;6266000;25721100,0;4115806,0;13879800;10476700,0;8068800;1440460,0;8727600,0;14511700;27327392;1013700,0;2932200,0;10565900,0
2023-08-03;57304400;35512300,0;24826182,0;52594900,0;63225600,0;5008000;6698173;4289500,0;16752600;14315118;9066500;5192000;21426900,0;6357053,0;29377370;19082100,0;12489900;1706740,0;9324000,0;32157800;28326688;1457300,0;4880000,0;13027300,0
2023-08-04;120685800;22954300,0;50087777,0;150660800,0;22648600,0;6023600;3850221;5577200,0;22979000;12102146;7809700;6228800;16409800,0;5934166,0;58582040;6686200,0;7534700;1558620,0;6595500,0;18993900;22226333;1971400,0;2930800,0;15065200,0
2023-08-07;44984900;23057700,0;37391152,0;45283000,0;15395800,0;4166400;2752835;2217500,0;11456400;9268912;3423500;4162100;14729300,0;2108233,0;23705000;6029400,0;2768000;2107840,0;7606200,0;17176300;19020647;755300,0;4142400,0;8726500,0
2023-08-08;34771300;43405600,0;50438327,0;32711600,0;15367000,0;6978200;3324731;4417200,0;23776200;9764363;3685900;7065700;17862300,0;7588060,0;16060110;9293600,0;5228800;1913520,0;9122700,0;25580600;32310826;1279100,0;3034400,0;10246000,0
2023-08-09;48561500;21859000,0;39723999,0;37143300,0;19585700,0;4456500;4837057;8946400,0;15315400;9507084;4228500;6343800;13848500,0;5360866,0;35945910;7797300,0;2899900;7042700,0;16620400,0;37477400;25217641;1822700,0;5919000,0;11245600,0
2023-08-10;54020200;28372300,0;34693139,0;27521100,0;9563200,0;6334900;4853494;12583500,0;24978000;11071807;2944100;3561300;11449000,0;16622613,0;29297950;5818800,0;3536400;3066000,0;11736100,0;31159500;19806359;1123300,0;2822400,0;12689600,0
2023-08-11;39403200;42335100,0;22008185,0;44038100,0;15263200,0;6228100;3468256;5444800,0;17290800;9185637;6156500;6184900;13400900,0;4699120,0;16814490;7524500,0;6806400;1802360,0;8236900,0;29388400;23324537;1618600,0;3235000,0;11867500,0
2023-08-14;27992700;41056900,0;28513531,0;27965700,0;17113600,0;6590800;6254067;4821600,0;13148400;9525147;4093400;5595700;20072900,0;4969020,0;26629240;6662400,0;5740400;1837500,0;20857500,0;30624900;25492703;1004400,0;2722800,0;11203500,0
2023-08-15;87366200;28611000,0;28083444,0;30300300,0;14551800,0;3892600;10058986;6988200,0;17451800;23264514;2642800;5604600;38335200,0;4696333,0;24383480;4325700,0;4479700;1805580,0;7434400,0;27479400;34472186;1570200,0;2721800,0;14636000,0
2023-08-16;74461000;30508600,0;38445182,0;40641100,0;39194000,0;12275400;7056184;11726200,0;23000000;26338378;7729200;11608600;27465600,0;28537120,0;31741380;5710100,0;4323400;2528680,0;10794800,0;25879800;58326771;1611900,0;4762000,0;18862600,0
2023-08-17;57570600;39481200,0;43034739,0;49707800,0;39513800,0;8420400;7101787;6446800,0;18367600;12885467;6934400;7421000;22050300,0;6301700,0;19245270;8110800,0;7016700;3438260,0;11909800,0;32134200;25723074;1868900,0;4887800,0;12747500,0
2023-08-18;45579700;34201900,0;23685478,0;24526300,0;20322700,0;10409500;8180631;7673700,0;20640200;14824231;6488800;10350700;15864700,0;6663993,0;20579570;14393700,0;5164000;1577100,0;8702300,0;25224400;15345576;1209100,0;4809600,0;10601000,0
2023-08-21;42236900;17695300,0;37088868,0;18689900,0;18739800,0;4868400;5390911;5783600,0;15745000;12763182;2604300;11296100;12295100,0;6243680,0;25156560;4380100,0;5419200;2608200,0;7582900,0;16772100;41124884;1290400,0;3695200,0;9794400,0
2023-08-22;31372200;30995800,0;24097210,0;25653900,0;27151300,0;7395500;6558456;5029200,0;15715200;10806647;2747500;5359000;23013400,0;3894493,0;13262700;5297200,0;10893800;2527560,0;11121400,0;20905700;29247768;1048100,0;4412800,0;9828500,0
2023-08-23;95507400;19128500,0;27395600,0;26483400,0;27857800,0;6666600;9066337;9526600,0;15535200;8623200;3725900;7310300;43718400,0;3607353,0;20599040;8908900,0;7983200;1760500,0;10987400,0;30804700;28240144;1322500,0;4334400,0;11542800,0
2023-08-24;49332300;17821500,0;21142233,0;28986200,0;26953700,0;7784400;6215580;4220500,0;12775200;9563360;2701500;5825500;42127000,0;2161220,0;23608970;7640800,0;3436400;1373820,0;12405700,0;30727700;18234943;1096000,0;2632400,0;9196200,0
2023-08-25;34079000;11395300,0;25293885,0;21558900,0;55070100,0;6243500;5160189;5212100,0;17948200;9709973;2537500;4903500;21198200,0;2385693,0;16243150;5205200,0;4035900;2974720,0;7944100,0;28332000;60234511;1861600,0;6158400,0;9214100,0
2023-08-28;24956100;14173600,0;38836520,0;41896500,0;35551200,0;4461100;4109910;3080800,0;15418400;8865290;3118600;3851800;28115900,0;2553140,0;18935070;9472500,0;4684700;1328880,0;5801500,0;25801600;40736111;1343500,0;2897600,0;9596900,0
2023-08-29;40607500;28625700,0;40091091,0;28648200,0;14591500,0;3816100;3964079;4273200,0;19569600;4756505;2057400;7001100;13520200,0;2222613,0;12214400;6976000,0;1993600;1470840,0;5775400,0;40507700;19861984;2681100,0;3208000,0;9631600,0
2023-08-30;34637900;21812600,0;19884943,0;24566600,0;25045400,0;4406700;3117161;4825500,0;11510800;5667815;3203000;7945800;15075000,0;2470900,0;12572890;6346100,0;2482700;1814400,0;4952600,0;30929000;15292038;1021300,0;2623200,0;8924000,0
2023-08-31;48971500;31011100,0;41890409,0;47366800,0;44974800,0;7545200;10634389;5035500,0;26407200;10930976;4716300;7284100;21889800,0;5066760,0;23351900;12788300,0;3757900;2136260,0;6583900,0;42215000;30839569;3392900,0;7754000,0;12950000,0
2023-09-01;50089200;57288600,0;33312919,0;20774500,0;20325700,0;10375300;6666501;5344700,0;11074000;8216334;4230000;5372300;17307200,0;3543386,0;31331300;7782000,0;4271600;1343300,0;9738300,0;52408300;24683018;1618900,0;6301200,0;11890700,0
2023-09-04;21667400;22397800,0;11195852,0;12793700,0;23856400,0;3994000;1912231;2335900,0;7264600;4311965;1782800;2659800;8845200,0;1253800,0;11496210;7777800,0;2604200;962920,0;5225800,0;19274900;10944490;896600,0;1996200,0;5529700,0
2023-09-05;75082900;19253500,0;23401321,0;38596300,0;37047300,0;4331200;3886904;4545900,0;15288200;12021408;2868800;5355500;25511600,0;2612173,0;23056110;5361000,0;4803400;2159640,0;9013000,0;34042400;19677650;1353500,0;5135000,0;10870700,0
2023-09-06;57856500;28466500,0;21773767,0;30673700,0;26849800,0;4726300;6581308;4736300,0;14183600;9772109;3110200;6622500;22648600,0;3851553,0;29698900;7947400,0;6323500;1886220,0;5649300,0;27071200;29922869;1896800,0;5537600,0;9916100,0
2023-09-08;39074100;19989200,0;25732129,0;26255000,0;23119600,0;4376200;6275415;3220800,0;15485200;7660351;6714800;6379500;26042800,0;3268366,0;12604790;6541900,0;4968600;1314040,0;5922100,0;31896700;21011587;1698900,0;5026000,0;8360700,0
2023-09-11;30276200;19493800,0;31296405,0;27501400,0;14866900,0;6954500;5410055;5765700,0;14399800;7458091;5473700;5465800;10987900,0;3507073,0;15368320;8058100,0;6650600;1452500,0;5891500,0;32550700;22426395;1245500,0;4644800,0;8789000,0
2023-09-12;31963000;14201300,0;18673652,0;30070000,0;18024700,0;8096700;4884665;8628600,0;15370400;10843435;2366000;5678000;15715300,0;4434826,0;12585540;6668800,0;2819800;1249640,0;5964000,0;29782800;14908122;2363100,0;2761200,0;9192800,0
2023-09-13;47685700;15448400,0;26195186,0;38146100,0;32126800,0;14268900;4528758;6818800,0;14725600;7886826;3821000;17373600;17575000,0;3483980,0;18904930;4868300,0;7246300;1820840,0;17339400,0;28936200;21948730;2647900,0;3245600,0;12075300,0
2023-09-14;46502100;62390300,0;34267698,0;38099300,0;21983200,0;6123300;5476806;4867800,0;14569800;13575466;6339200;4404600;9553000,0;1989486,0;12615460;12258600,0;8289500;1255940,0;11796400,0;27146800;35906720;2228600,0;3132000,0;13279300,0
2023-09-15;54801500;37901700,0;40731689,0;38634100,0;39186700,0;9770200;10534764;8069600,0;21606000;13353886;11768300;30874500;34682000,0;2447446,0;22325380;14896900,0;4763000;2875600,0;6926700,0;36593100;31491966;2921300,0;5602200,0;16107600,0
2023-09-18;52363400;21849000,0;16235663,0;16752200,0;19997200,0;4523900;4419812;3164800,0;20200800;12309300;3344100;7149200;23371600,0;2586646,0;11722590;7563200,0;4320700;1152620,0;6203100,0;15670500;19674713;2309500,0;5921200,0;11273100,0
2023-09-19;43247200;43870300,0;21474768,0;25653600,0;25991300,0;4680200;7943393;5861700,0;15278200;7287803;4105100;4606600;20181900,0;3989373,0;39089270;7899200,0;4437500;1634360,0;9798400,0;21640500;16533920;2035400,0;7657800,0;11453800,0
2023-09-20;39102300;14372200,0;27867381,0;29633200,0;15729400,0;3614500;4693331;3890200,0;14760600;6427853;12351000;4927100;23728500,0;3584753,0;40099180;10331900,0;5745600;1662080,0;8871600,0;30619100;18223874;1600700,0;4808400,0;9238800,0
2023-09-21;60109400;21686000,0;25385884,0;52192300,0;29875400,0;8498600;7839759;15223200,0;16633600;15229582;24229700;8126300;21444200,0;4457153,0;36202540;10976700,0;6160500;2281300,0;14578100,0;40628500;23668729;2581100,0;4830200,0;12685800,0
2023-09-22;31020500;17063700,0;18539052,0;39166700,0;16325200,0;4730200;5616823;9047700,0;10722800;15040478;5176900;5057100;21984900,0;3433740,0;25067790;5434200,0;7037800;1773660,0;9928500,0;29941600;23034290;2384400,0;4527600,0;9443500,0
2023-09-25;26767200;34715000,0;16063674,0;29657400,0;20229100,0;12727400;4182374;2687300,0;18254000;10398703;5081500;5018600;13094300,0;2813820,0;24432540;6629500,0;7135000;957460,0;7474800,0;30433600;18496083;1430500,0;3409600,0;9580000,0
2023-09-26;60687500;24178800,0;27469811,0;35395500,0;29094600,0;9274100;7525347;6920400,0;23590000;7129471;7515800;7943800;22975300,0;4138140,0;50792940;6458200,0;6427000;3526600,0;9418200,0;51265700;17865033;1683900,0;4073000,0;11241800,0
2023-09-27;53708700;17109300,0;26052315,0;41531600,0;32045700,0;10447500;9467947;6837600,0;22109000;20061740;5864400;9319100;21389800,0;5357146,0;61932090;5400100,0;7631900;3724560,0;17859200,0;44300700;17726669;1328100,0;4878800,0;13359300,0
2023-09-28;30765000;26072300,0;32463735,0;29948700,0;43949200,0;5738900;6344259;9478600,0;23827200;9412190;5702100;8214200;16733500,0;5716700,0;43243090;4305800,0;9601100;2052680,0;10471000,0;31834700;29848209;1194300,0;6107000,0;10387000,0
2023-09-29;40227600;19018000,0;19969351,0;20641500,0;22876500,0;5247900;13170124;7122800,0;10906400;12066773;5343100;4636700;13661300,0;8860120,0;28172210;3944300,0;7910700;1911140,0;6052800,0;23002700;14855939;864300,0;6546400,0;11143200,0
2023-10-02;34403400;11175900,0;14289396,0;22179800,0;17955500,0;5406700;6741476;4398300,0;9462400;10292976;2162100;3523000;16747100,0;3599140,0;20966880;4021000,0;3165600;1826300,0;7559900,0;26431000;25547196;1906300,0;6920000,0;8524900,0
2023-10-03;37947300;15268800,0;24198953,0;23190500,0;31511700,0;7549900;7593470;4765600,0;12873200;15204222;6852900;16675800;29291500,0;3904200,0;19506960;5700400,0;5178400;1723540,0;7265500,0;51682100;36761071;2138200,0;4449000,0;11104800,0
2023-10-04;88895900;14377000,0;26973104,0;45563700,0;15774100,0;5224100;6428047;4695400,0;16379400;14727586;5216600;5919600;10591900,0;5696426,0;22887370;6407200,0;6857800;1298500,0;5995900,0;32895300;30866564;2677400,0;5281200,0;10813800,0
2023-10-05;35342000;11556300,0;32443908,0;40153400,0;31497000,0;4103700;5283946;6079600,0;15530000;9105752;3314100;7389900;37198300,0;5543473,0;23580810;5082300,0;6340700;1513680,0;4984900,0;25192200;23178301;3366700,0;3617200,0;9507200,0
2023-10-06;48132800;22711400,0;50011299,0;29367600,0;40211800,0;6279600;13786171;14144100,0;41413600;13855859;7272700;7778300;15875400,0;9115006,0;25932720;4518800,0;8154000;1793960,0;9595700,0;52568200;37008318;3033400,0;4488800,0;13138200,0
2023-10-09;77528400;14392200,0;16544632,0;20940600,0;15459500,0;3984400;5416385;4619500,0;19707000;9069425;5389700;5177100;15376700,0;3658193,0;22278740;5953800,0;4554900;1212540,0;8539400,0;34445400;21058235;2521200,0;4754800,0;9474400,0
2023-10-10;48326500;18261700,0;27848800,0;21013500,0;18408800,0;4115100;5007356;7733900,0;19682000;14244595;5551500;7693900;9595500,0;6730433,0;24556840;6165200,0;6370300;2248960,0;3879000,0;43373800;22635578;2482500,0;7225600,0;11621500,0
2023-10-11;41578500;13659400,0;17994759,0;31695400,0;14042700,0;5169500;4285998;10424200,0;16514000;14221908;3654000;6004200;15610900,0;3732893,0;23634270;7083800,0;8008500;1485540,0;10218700,0;25967000;27813645;1950300,0;5729200,0;9949800,0
2023-10-13;66943700;16302700,0;25238141,0;31324400,0;24773100,0;5443600;7782168;13425500,0;21928200;7591569;14322900;6287700;13786100,0;4047393,0;26549160;4963000,0;6433500;1629320,0;11020600,0;31360700;26291874;1531400,0;6757600,0;10609300,0
2023-10-16;49626600;13103300,0;12962992,0;24351900,0;12422600,0;3835500;3731717;28385300,0;15472400;7800195;8275800;3715900;12135900,0;6391146,0;17888310;4582200,0;3493500;1393840,0;4839000,0;18822000;17574978;1234500,0;3695600,0;8989900,0
2023-10-17;68814800;24031000,0;30382867,0;27989500,0;21533400,0;5700600;7269831;14943400,0;16189200;9363301;11036800;5315100;14243700,0;3485926,0;21128910;7985100,0;5305300;1347080,0;5848700,0;78125700;22141874;2141600,0;4949600,0;10371700,0
2023-10-18;85931700;34907300,0;63292779,0;32347600,0;41902700,0;8699900;10397614;7308900,0;22840800;17097756;5957500;7349300;23622300,0;8852266,0;38767850;7110800,0;6071100;2614080,0;12843700,0;71398700;31129059;1927500,0;6386400,0;15492200,0
2023-10-19;56016600;22855500,0;26245718,0;24267000,0;15581700,0;8305700;8066467;12241500,0;16271800;15061460;3437000;7998500;35125300,0;4817120,0;12522730;7302500,0;4260200;1304940,0;7102600,0;45432400;16811551;2552500,0;4791400,0;11497600,0
2023-10-20;66242400;58015100,0;27017857,0;29052700,0;14749400,0;4624100;9053002;6645300,0;19846600;17781030;7551600;7812000;22281100,0;5293393,0;18476920;10217200,0;4201200;1104320,0;6980700,0;40978900;15197386;1824300,0;3036400,0;11739200,0
2023-10-23;104499100;17595000,0;18187709,0;25208300,0;11943700,0;6072400;12511733;4702500,0;15813600;17911398;4812300;6373300;12226000,0;5133433,0;17156370;6044400,0;4292600;1378160,0;13685500,0;29667800;12608126;3428700,0;4524000,0;10701800,0
2023-10-24;78634900;21768800,0;17958163,0;35238200,0;32749400,0;9893700;7219077;5149400,0;17053000;18859047;11999400;4729800;18123000,0;3686646,0;17467340;6286800,0;3923800;1578640,0;8887100,0;54908300;18605870;5642800,0;4222600,0;10711800,0
2023-10-25;32846500;26091800,0;28965258,0;44133500,0;14976900,0;43128700;5611590;5165200,0;12625200;28229274;5051500;3686800;23871300,0;5487673,0;29509590;6183100,0;3297800;1219960,0;10728500,0;71753900;15581754;5206000,0;3241600,0;12306500,0
2023-10-26;47858600;30936700,0;32592557,0;52455700,0;25002300,0;19917500;7770056;6373300,0;19577600;22909860;5220900;5959700;21310400,0;6153746,0;14195170;6184300,0;5951100;2670500,0;8153500,0;45057800;21026157;3317500,0;6504600,0;12770600,0
2023-10-27;45843100;47989100,0;34189408,0;43153700,0;27730300,0;13106900;4711946;7097900,0;20337800;17687775;23690900;5392000;26716200,0;7382346,0;15477220;12237800,0;5801100;1632260,0;8219800,0;39597000;19837474;2649000,0;5610600,0;12289500,0
2023-10-30;31346900;26604100,0;17119856,0;37855700,0;26078000,0;14193400;6157463;4158700,0;18010200;8978089;4805400;6418100;22466600,0;3806300,0;17060120;10559100,0;5112700;2364040,0;8838000,0;39671100;18210885;1525300,0;5259000,0;9741800,0
2023-10-31;36965200;20961400,0;28770042,0;32793200,0;64210200,0;13609300;7398666;4289300,0;14087400;16288435;7381900;3361200;11282600,0;3719280,0;15500320;12138800,0;3812100;2210880,0;12005300,0;37086000;24494956;1716100,0;4294400,0;10557400,0
2023-11-01;46335300;31543500,0;29703861,0;42471800,0;40528700,0;11413500;9752336;9060800,0;21810000;15596404;4350500;7695800;18109500,0;12351166,0;25283720;10222000,0;6225600;2821980,0;10453900,0;44636800;27184064;2652900,0;8255200,0;13904100,0
2023-11-03;30959700;28599600,0;40014727,0;70577700,0;27360200,0;8785500;15227283;13339500,0;24765400;27824664;13549200;5484300;16239100,0;8160560,0;21514350;17701900,0;8247300;2296000,0;17882800,0;66501900;27773209;5541900,0;7897400,0;15714000,0
2023-11-06;33583600;19096300,0;20420512,0;23949400,0;20562100,0;8521100;6425745;4850400,0;12216800;17989768;4439600;7130700;9299300,0;2666786,0;16106860;5367000,0;4103600;1673420,0;5799000,0;33391600;19622192;1824600,0;4783000,0;10167700,0
2023-11-07;48919900;37073000,0;68857281,0;80300200,0;20565500,0;15716300;8381297;7070600,0;29055000;33551619;7443800;9192600;29734300,0;7208346,0;28188930;4840200,0;6055000;2630880,0;9338100,0;48835200;25252736;2709000,0;5856800,0;16393100,0
2023-11-08;59742900;21047900,0;26848927,0;33468600,0;29629700,0;6569200;5449620;10835500,0;18976000;39937397;5547800;6552200;30563500,0;5809366,0;24160070;4631700,0;3734700;3070620,0;13285300,0;28362600;13043322;1854200,0;8731800,0;15193500,0
2023-11-09;56231100;16542700,0;29266749,0;45228200,0;18858200,0;5700600;6156061;5130400,0;62427200;19730201;4390300;3531400;25567000,0;14759053,0;33677050;5710800,0;7384600;1169560,0;4110000,0;25942900;14899312;1610100,0;6538600,0;15568300,0
2023-11-10;40004800;22200500,0;27757367,0;66453700,0;15140600,0;7267300;9158713;3861500,0;17832400;11884686;4294700;4697300;16066300,0;3996146,0;48597890;3338700,0;11197100;1373260,0;8877100,0;36346300;14191908;2451800,0;4920600,0;0,0
2023-11-13;44120000;14410500,0;17013694,0;47338000,0;16559200,0;7939500;5440110;5932300,0;9641600;24811308;4251600;11222600;14693200,0;4493526,0;24752090;7029400,0;3735400;1412460,0;2646200,0;42165300;16444125;1253600,0;5797000,0;11198000,0
2023-11-14;50888600;52233600,0;47389424,0;42559800,0;24478100,0;8465100;16649476;9003900,0;37860000;58456777;11044300;8570500;29235500,0;7210666,0;26414410;22570900,0;9556800;2493120,0;7909100,0;45235100;38860355;2109900,0;8394800,0;19427900,0
2023-11-16;72361200;31235400,0;46722314,0;60626800,0;45772900,0;10829700;11686467;5272200,0;34225200;43191934;7903100;8315900;20519400,0;5611033,0;35159850;23860700,0;8944200;2635080,0;10477500,0;39109300;32719391;2510400,0;7915400,0;18355600,0
2023-11-17;87666300;24538600,0;27884376,0;34543100,0;36893100,0;8961500;8427746;4470400,0;24494200;33493647;9329200;12335300;39803600,0;7062353,0;20705850;12628800,0;7421400;2587340,0;5051100,0;44472400;25737290;3210000,0;7382200,0;15719100,0
2023-11-20;67796900;28810100,0;26508121,0;26702200,0;15170600,0;6991600;5503176;4017100,0;15070600;15793298;4382700;8471000;39060200,0;3453920,0;17615400;26674300,0;4558500;1662640,0;8669100,0;23900400;26332761;2157700,0;3918000,0;11108500,0
2023-11-21;49597800;45317800,0;18805760,0;17047900,0;17196400,0;4985800;4195403;3428900,0;20642000;20984545;3226300;5152900;23500900,0;3501480,0;24874190;17212900,0;8190300;2342480,0;7361900,0;25672000;19122050;1872100,0;2675200,0;10793500,0
2023-11-22;58578300;33715300,0;44180768,0;39082200,0;29650400,0;5651700;6405724;3933200,0;16195600;17676774;2958600;8281400;29127900,0;7600766,0;31469900;12988000,0;4824600;5418000,0;8059100,0;33864800;37853295;1693400,0;4298800,0;14058500,0
2023-11-23;24068100;10279200,0;25892449,0;70385300,0;32233900,0;3008100;3670052;2018300,0;8247600;8343525;1322500;4264600;15777100,0;1825026,0;8865450;9128700,0;2825400;3798480,0;6522000,0;7965100;23765414;707100,0;3745400,0;7816400,0
2023-11-24;53456200;16667000,0;23216076,0;28854100,0;18133100,0;2542400;3715700;4122900,0;8815000;20112010;2387300;6467200;13788800,0;2484546,0;28303770;5244600,0;3853900;1492680,0;2675200,0;20559200;23027739;897100,0;3464200,0;9613100,0
2023-11-27;36996000;17312300,0;20472630,0;25263900,0;22972800,0;4968000;5818908;3470600,0;22614400;19708804;2840500;9414200;29619500,0;2771746,0;20105470;8098400,0;3329000;3481240,0;6446000,0;27004700;20970699;1420200,0;3761400,0;11013800,0
2023-11-28;36875900;22019000,0;23380701,0;43584200,0;14913700,0;5627600;6147953;4211100,0;19633200;23293118;2929200;6922200;15991300,0;5861606,0;31248910;7483600,0;6033400;2699060,0;6410800,0;35096600;23957606;1931800,0;4371800,0;12394200,0
2023-11-29;37528600;15853100,0;25551189,0;36063500,0;19363500,0;3021400;6280792;5305600,0;21020000;24703123;4271000;5832200;20395200,0;6276540,0;53541400;7735700,0;6727100;3056620,0;9029400,0;57656100;17077354;1349400,0;5222200,0;12417500,0
2023-11-30;58808800;29712900,0;48828674,0;54061000,0;41991100,0;8086700;8901043;6157900,0;35416400;31751811;8846800;8362300;22087700,0;9138113,0;30841690;9014200,0;9087500;10223080,0;12374200,0;43356300;56074056;2567800,0;12657600,0;19238400,0
2023-12-01;36388100;25025200,0;34579613,0;43911800,0;30042200,0;5005000;11592368;9723000,0;18946400;27342438;18398600;7285500;18953400,0;4695813,0;32649100;11355600,0;7888800;3043600,0;12790100,0;28188700;28598011;0,0;3569000,0;13696500,0
2023-12-04;35601900;22402300,0;14713024,0;24320200,0;9861400,0;5514000;3831722;4424300,0;13915800;22364217;6169600;4748300;11239700,0;4304280,0;22209330;6118500,0;4442200;5597200,0;5576600,0;45646100;17553033;1727300,0;3725800,0;10270500,0
2023-12-05;43234200;25179500,0;29425256,0;33186200,0;36765000,0;5143900;5753239;4342400,0;11725800;21485968;16349300;5702300;41571800,0;2449260,0;17967290;5092900,0;7922700;1804040,0;4812000,0;40133100;20340848;1215100,0;2896200,0;11960300,0
2023-12-06;64179200;20503900,0;26385417,0;33542000,0;20919500,0;5700700;3624604;5538900,0;17640200;14836007;16752800;7490600;47800500,0;2764046,0;21495430;8883300,0;6006100;1833580,0;5587000,0;41140900;17665230;1393100,0;4135000,0;10837300,0
2023-12-07;64723900;17535800,0;22783950,0;26382800,0;11940500,0;4183000;4271283;5635500,0;11561400;14926141;9633600;3114600;22088700,0;2673946,0;21197660;9163800,0;12760700;3262840,0;7984300,0;19636000;12604114;1234300,0;3796000,0;10505300,0
2023-12-08;53290700;16083200,0;20982366,0;40696300,0;16690900,0;5927600;4512937;8678400,0;20784200;21552584;4421900;5501600;14112100,0;3119993,0;20110530;4109400,0;7113900;1585640,0;5529600,0;31813900;15526930;846800,0;2941400,0;10745300,0
2023-12-11;30613300;15443400,0;21996515,0;17300300,0;11080900,0;4105000;3472645;5592700,0;11474000;8662951;3377700;3998000;16540400,0;2645226,0;13460370;4363400,0;3617600;1316280,0;2798600,0;39856100;15200990;763900,0;3152600,0;7091900,0
2023-12-12;30371500;11036300,0;16825276,0;114069600,0;10541600,0;3469600;3776063;3495000,0;25063600;13246856;2162800;4348200;14664100,0;11193513,0;15500210;2861500,0;4294900;1215900,0;3262800,0;44275900;11610587;632800,0;2944000,0;10266500,0
2023-12-13;38992900;25288200,0;53507397,0;73283800,0;53960800,0;6245100;8413932;8643500,0;36160000;24540502;4444500;14649300;23179400,0;5120020,0;26896210;6435000,0;7747700;2117780,0;9669500,0;64190500;32450243;1659500,0;5879800,0;15066200,0
2023-12-14;57950000;29454300,0;48235322,0;62827600,0;60791700,0;5864700;16957099;6239000,0;36873200;24145052;5219600;14938800;64134600,0;6220153,0;29982590;6001300,0;11053900;2930200,0;11432800,0;69818600;27074266;1966000,0;4561600,0;15822800,0
2023-12-15;56570100;23279500,0;31684684,0;74469300,0;33747300,0;11388200;6799036;5775000,0;36441400;27996008;7856900;8425000;53571000,0;5133760,0;36693800;12206400,0;4720800;3434900,0;9322100,0;52175400;66973705;2663500,0;7019800,0;15141000,0
2023-12-18;44474300;16333400,0;31521986,0;68532600,0;24363100,0;5052100;5406775;3622400,0;15518200;13958230;4034800;9017000;24794200,0;3702826,0;11660110;8989400,0;5163100;2783620,0;6517200,0;22756700;28611673;1656200,0;2666000,0;9604400,0
2023-12-19;32183000;21763700,0;27090256,0;31387900,0;32674700,0;4893400;5347713;5268500,0;15467000;14549742;3756000;13459400;25810200,0;4922773,0;12266760;6513800,0;2994800;4362540,0;4546100,0;30892100;22051337;2285800,0;2632400,0;9429700,0
2023-12-20;38947900;14147900,0;25825488,0;28935500,0;24316200,0;6796400;7276438;3671400,0;15653800;19154259;4724500;18748500;18861600,0;8578780,0;13762320;5225600,0;3894700;2053100,0;5570600,0;34277600;18723730;3499700,0;4505800,0;10335800,0
2023-12-21;30511900;24202600,0;24714129,0;30227000,0;28969600,0;4939500;5651532;2212900,0;20008000;13762346;2668100;8116500;20313400,0;3588533,0;20193250;6737700,0;6121000;1125460,0;6340600,0;29293900;13595060;2041100,0;2519600,0;8681000,0
2023-12-22;31234700;26277000,0;36993016,0;36672400,0;19864700,0;4733200;4408527;3654900,0;14606400;9025340;3262400;5643500;28202700,0;3070926,0;16530030;6542100,0;3629300;1344560,0;4830100,0;28239600;14163788;1518700,0;2205000,0;8231100,0
2023-12-26;23466800;12149500,0;26212408,0;13390200,0;6884800,0;3173100;5962158;1435100,0;7966400;7455599;2092500;2566000;15886100,0;1431400,0;11219890;3484700,0;2895700;1332660,0;3360500,0;10881600;14035348;768800,0;1397000,0;0,0
2023-12-27;19588500;13821200,0;20593974,0;17838700,0;10305900,0;2730800;4905300;3012800,0;6745000;14560665;2579700;2215200;17379800,0;1753200,0;11278520;3860700,0;3004500;1038520,0;5075700,0;16243800;20847831;1021000,0;3446400,0;6168200,0
2023-12-28;21421900;16545800,0;14225154,0;14852700,0;16500300,0;3536300;3404700;3291500,0;11680800;13502339;2560700;3131400;15616800,0;2116660,0;12856580;3156500,0;3412900;1295280,0;5348800,0;20491200;25187682;1103000,0;2755000,0;7812700,0
2024-01-02;24043800;18021800,0;21468310,0;31715700,0;11690200,0;3991200;7037300;4877200,0;16341000;12983841;2961200;4762600;11094100,0;2172066,0;18524550;4502100,0;4831100;2070880,0;5020500,0;30729000;18086371;1714900,0;6170400,0;8437800,0
2024-01-03;52300200;25315100,0;20995509,0;20470600,0;17612200,0;6435500;5667700;3893300,0;16296800;9709973;3343500;5912100;11071200,0;3140926,0;16300460;5513700,0;8445100;1291920,0;10161200,0;43928000;19558590;833600,0;4471200,0;8702400,0
2024-01-04;45344900;18707000,0;30121031,0;31294000,0;19996000,0;5461100;7653400;2447500,0;16199800;14103450;1914500;5248000;10576600,0;3174940,0;16984550;5293800,0;9310600;1007440,0;7690100,0;41789500;26977344;1391800,0;3067400,0;8972300,0
2024-01-05;35783700;21082500,0;31414011,0;30772400,0;18293900,0;9274700;7448200;3814600,0;16455800;16087736;2229700;6881400;11373500,0;3381480,0;14102330;5558900,0;6993000;1342040,0;8636100,0;39303900;29102950;990000,0;5387600,0;9199700,0
2024-01-08;35158100;23013300,0;13381523,0;21044300,0;11014600,0;3433300;5556800;4818600,0;18107600;15447771;2529400;15471500;8738900,0;2686900,0;17168250;3769100,0;4880200;1454460,0;7777700,0;27469900;17024321;1248400,0;3627400,0;8497500,0
2024-01-09;27279000;15257400,0;21458906,0;49479300,0;15705100,0;5964800;3826500;6196600,0;15367600;18575521;2987300;4619000;9725900,0;3744633,0;15296490;6492000,0;3784800;1178800,0;7135300,0;30342700;14746394;1912100,0;6043000,0;9287500,0
2024-01-10;27382000;21354600,0;11422452,0;39455700,0;18313300,0;3191100;6144500;5260800,0;9878600;14434698;2025300;5218000;8756400,0;2525893,0;14417040;8700900,0;3126200;1694840,0;5303200,0;20165800;10192153;3307200,0;2979200,0;8958400,0
2024-01-11;26564400;20289100,0;23114559,0;30915500,0;22254100,0;4883200;5918800;3056900,0;13486200;19102978;3879800;5189300;21979600,0;2432446,0;13872760;7038900,0;5594100;1465660,0;6505300,0;23289000;14245112;1794200,0;3082200,0;9761700,0
2024-01-12;24479500;16343400,0;27608377,0;39595400,0;20300600,0;4474600;5675400;3646600,0;10126600;25884385;3194900;3960100;15347000,0;4614213,0;19522360;6256800,0;6672800;2007740,0;9232800,0;24421600;14917325;1980100,0;3909800,0;10661900,0
2024-01-15;13818300;12745700,0;11169567,0;11765400,0;4752100,0;2592600;2178400;1183400,0;16827600;12664864;1117900;5619400;5014300,0;1719400,0;8052880;2763100,0;2165600;1988840,0;2266100,0;13922400;10712798;1334400,0;1392800,0;5746600,0
2024-01-16;31277700;22620300,0;40226258,0;48307800,0;24233000,0;7196800;5204200;5689500,0;17944400;29401893;3500000;6178500;27618000,0;2723673,0;13048750;8547200,0;5254100;2354240,0;6385000,0;36138100;29989875;3352400,0;4188600,0;11911300,0
2024-01-17;27577300;43086400,0;30594852,0;35712900,0;12493800,0;4706900;4370300;3390200,0;19366200;13366829;2590700;10262100;11262900,0;4150580,0;16060660;9775200,0;5029400;2066540,0;15066500,0;26273900;22242706;2179200,0;7417600,0;9952500,0
2024-01-18;22987200;30490600,0;25613957,0;42665600,0;18425500,0;4085900;5815100;3308100,0;14648800;27554543;3416400;9437500;9675400,0;15187220,0;15585240;10584000,0;5299700;2597280,0;8906400,0;30560300;24089596;1827100,0;4322800,0;12460800,0
2024-01-19;31745200;60583000,0;36066109,0;61792500,0;28017100,0;6901200;5720700;3049000,0;25325000;20990742;6574400;6351500;9559100,0;8734820,0;29904490;7795200,0;9138100;2867620,0;9374700,0;36625000;14772641;1725300,0;2933800,0;11956900,0
2024-01-22;22753700;23318900,0;41153165,0;30906700,0;16245600,0;3767000;4311600;2058500,0;13091400;16189534;1977100;3834100;10654600,0;9192980,0;28521350;4894400,0;6595600;2506980,0;8042700,0;22740300;10937836;2226400,0;3343400,0;9509100,0
2024-01-23;32498500;33886800,0;24343524,0;37294600,0;16851900,0;5512800;6818500;2463200,0;20134400;12608251;2831000;5987400;7530300,0;5453800,0;27798210;6431000,0;3930500;2577120,0;9165300,0;30925900;32272965;1661700,0;4485600,0;9366100,0
2024-01-24;25415300;36922100,0;26632184,0;36308700,0;16080200,0;6881200;9629800;4128200,0;13342600;15006565;2154600;7245300;8128300,0;3932506,0;32434160;9919900,0;4291200;1866060,0;7835400,0;20000600;22247870;1361000,0;4263600,0;8823800,0
2024-01-25;48655300;47637000,0;17399934,0;30256900,0;12841800,0;4835300;3798600;2939500,0;12011200;19449111;1893900;10440900;5575200,0;2730400,0;15888730;5167100,0;4373000;1265460,0;8311200,0;24605800;15697753;1635700,0;2124000,0;8757600,0
2024-01-26;41378200;27397200,0;16393377,0;22825700,0;6568000,0;3828900;10955800;2611900,0;16392200;15154277;3083300;11618200;5289300,0;4667846,0;13492490;6010700,0;4548400;1475740,0;6624200,0;36744500;18126710;1888500,0;2543600,0;8508000,0
2024-01-29;30547500;15866100,0;9956124,0;17302700,0;10163100,0;4135300;7615500;1813500,0;11264600;25376047;12405500;3225600;14380900,0;3872573,0;7247790;3443300,0;2909500;2433480,0;3057400,0;19832000;10897497;1394700,0;2065000,0;8764500,0
2024-01-30;34829000;34371300,0;23823364,0;35419800,0;22516400,0;4833100;11611000;2709700,0;11859800;16190825;4891900;9485500;7646500,0;3725913,0;8513340;3602500,0;4923000;1697360,0;7944200,0;31869100;30026449;2629500,0;4009000,0;10037400,0
2024-01-31;57978900;34753400,0;27023862,0;32956700,0;25269100,0;6014500;14076900;3109200,0;13112000;22174586;4140500;14411500;11410500,0;4473746,0;15699860;5151200,0;12590800;1752800,0;11215300,0;29470800;23600147;8242000,0;4326600,0;12495200,0
2024-02-01;61629200;21060300,0;26301462,0;32717300,0;27075000,0;9860000;7681900;3220600,0;22648600;12561643;3185500;14175900;9696000,0;3763746,0;14740770;5302100,0;5141000;5117140,0;7699800,0;38297200;23856597;5124600,0;4784200,0;10226400,0
2024-02-02;36485600;32589900,0;25338865,0;41476600,0;22938800,0;6217700;7142400;3441900,0;14969000;13807195;4085700;13577700;10550300,0;4258373,0;9870630;5750000,0;5553100;3109540,0;8178700,0;52712700;27373313;1865700,0;5724800,0;10982800,0
2024-02-05;27703000;24103300,0;21139400,0;31582200,0;16606500,0;7346000;5464400;2936000,0;15148800;13511074;2717700;3468900;7313500,0;3498933,0;16348750;6373400,0;3701000;2630740,0;5046900,0;23037300;19278905;1295600,0;2508600,0;9637200,0
2024-02-06;35474600;27505600,0;76215210,0;99040100,0;29715800,0;5566400;16502000;4367500,0;16578000;12891669;4805100;7447900;10290600,0;10201793,0;7969940;7563800,0;3310600;2172100,0;9095700,0;39654300;37972086;2112300,0;2868200,0;13780300,0
2024-02-07;30648100;19863400,0;53422083,0;341120300,0;37752200,0;4950400;11692900;2115200,0;16353000;12581887;6156300;5625600;8333200,0;11848653,0;13108810;9048400,0;2777700;2513700,0;9861200,0;31385600;19914866;1496800,0;3859200,0;15425400,0
2024-02-08;25589100;25812100,0;55241227,0;156143100,0;23297000,0;5247100;6017300;4644700,0;21199200;16245862;5681200;12898900;8824000,0;11529653,0;31011310;6392600,0;8094000;3569300,0;11774600,0;30911000;25454674;1786800,0;3851600,0;13634900,0
2024-02-09;30388000;18534800,0;30560069,0;99727200,0;15447300,0;4039600;2738500;3864600,0;48132000;17307412;4039700;6009800;21737700,0;6175520,0;11436040;7244700,0;5209700;1567580,0;8294200,0;76235100;19065161;1104900,0;1882000,0;12115800,0
2024-02-14;18315300;12497900,0;14313415,0;46804300,0;16255700,0;4030600;6696800;6223400,0;17196600;9962284;1912000;4974600;10231000,0;4353866,0;11350020;5396400,0;3157400;1629180,0;4706500,0;37596000;13754265;1044900,0;5440000,0;7748300,0
2024-02-15;33246400;17360200,0;32298657,0;49860300,0;27820200,0;4843200;4636600;3486500,0;16017200;20078562;2141800;7836000;11601200,0;3713420,0;11710820;10842800,0;6921200;2611980,0;8124700,0;44655800;15347502;2071100,0;3588200,0;10980100,0
2024-02-16;37268900;40947100,0;25879532,0;55291600,0;21074800,0;6446000;6153300;3460600,0;19018800;11536843;3225500;5271700;10365100,0;4250706,0;11604560;7884800,0;3763900;2279060,0;4919400,0;66965300;19876893;1646200,0;4683800,0;10119100,0
2024-02-19;12826700;12571600,0;32035461,0;28026600,0;9229700,0;2780000;2846100;4465000,0;18263600;7997419;1747600;3321300;7637600,0;1390673,0;6280560;4581600,0;2068400;1456280,0;3649700,0;14486700;12915640;1364200,0;3363800,0;5799100,0
2024-02-20;42375400;44417200,0;62343778,0;85230500,0;26872100,0;8284100;9960500;4825300,0;36826400;17973270;2995100;4604300;8575800,0;3809700,0;10520840;14622400,0;5025900;2973180,0;6251700,0;47432000;38239616;1905200,0;9125600,0;12237000,0
2024-02-21;20873800;20362800,0;32185244,0;43236100,0;13911900,0;23108000;6094900;5831000,0;45832200;32031888;4560400;6630400;12999700,0;9087286,0;9612790;10474200,0;3807300;1925280,0;14870700,0;36621400;20313955;1585800,0;5801600,0;12585700,0
2024-02-22;32162800;35910500,0;24314973,0;42741200,0;16110800,0;12996800;6113500;3592700,0;19798400;23587200;4826800;6048700;17263600,0;3689106,0;14130600;7214200,0;3997800;2126880,0;3524700,0;27702400;40932122;1597200,0;6167800,0;10771700,0
2024-02-23;43924500;42133700,0;25725331,0;34751100,0;18944400,0;8754900;5948300;6647000,0;20556200;11444947;3137200;4067100;17260000,0;3515080,0;18609580;6210000,0;2336200;1680840,0;6276600,0;62080800;39844900;1061400,0;4065000,0;9230300,0
2024-02-26;25885700;33864400,0;15356342,0;21888800,0;12942000,0;8763800;5304500;7140000,0;13441800;10020654;3560300;4619600;8341900,0;1820246,0;8022300;9731600,0;1900300;1901340,0;3837500,0;31223700;22555416;2251200,0;4952000,0;7436900,0
2024-02-27;27678100;28141800,0;17802262,0;45546800,0;31668800,0;5350600;7524200;5130400,0;13960200;11424630;6101800;7386600;16161500,0;4813506,0;16637500;4898400,0;3992500;2247280,0;9752700,0;42297000;19459195;1641300,0;5571400,0;10049000,0
2024-02-28;112322000;20331500,0;15121697,0;22066700,0;34495200,0;3790300;5057200;4443600,0;12335000;9339676;5853500;5976700;25059900,0;3010580,0;12300090;6317700,0;2730900;3713360,0;7537400,0;25756200;21166242;1199400,0;3861200,0;9045600,0
2024-02-29;61899800;20717000,0;48078175,0;62632200,0;88182100,0;7661800;7029800;5308100,0;20423600;7947019;8696600;7017400;29758900,0;3720486,0;10586620;5417200,0;5093100;4627280,0;7680300,0;68497700;30294947;2161100,0;9008600,0;12003100,0
2024-03-01;31248500;22423300,0;16520612,0;29511700,0;51174000,0;6122500;5903800;4948600,0;10255800;11805034;7527400;3588700;25491300,0;2470646,0;23217810;6173900,0;6316100;6807220,0;5564400,0;69636300;10284664;1444500,0;4721600,0;9765100,0
2024-03-04;21988000;13148000,0;17674233,0;31807800,0;16560500,0;4485100;10150200;3195600,0;12990200;11455132;5250900;4566400;15545800,0;3117740,0;10842370;4615700,0;3686300;2092160,0;0,0;32530100;10912450;1402400,0;4532600,0;7967700,0
2024-03-05;30293300;24436500,0;20542423,0;31456000,0;33369400,0;6135700;9877100;2584800,0;9412000;8675562;3826500;3762800;25719000,0;6654600,0;10381800;4493100,0;3310200;2273320,0;7014200,0;41616100;16044455;2230800,0;6438600,0;9692200,0
2024-03-06;45481000;33510700,0;36605983,0;31614900,0;45103900,0;4409400;20720500;7172700,0;12482600;12725790;4607700;4345300;19542500,0;5433780,0;14104860;7231700,0;4804600;2213820,0;11834100,0;64366000;27640843;1470600,0;4610400,0;11057900,0
2024-03-07;50199800;19036200,0;18729056,0;21462000,0;12954500,0;3489600;12279700;2304900,0;14857800;5699662;4313700;2898100;10281000,0;2442273,0;14973640;17450600,0;3742200;2211720,0;5877700,0;43360500;13063550;899200,0;4666800,0;7350000,0
2024-03-08;230369800;23188200,0;19630131,0;31663900,0;54292500,0;2724400;8403700;5844700,0;40005000;5917737;8208900;7620400;10535000,0;4617193,0;25774320;9102100,0;4406200;1275960,0;8747500,0;62540000;15163340;1146900,0;4470200,0;11937900,0
2024-03-11;127528700;58622400,0;22865412,0;27118300,0;20348100,0;3755200;8745600;1893600,0;25163800;6105981;5215800;9314600;8463000,0;3495300,0;8353840;7550200,0;2844900;1278480,0;5799900,0;34745900;15316414;951800,0;3073600,0;8899100,0
2024-03-12;76139100;44680100,0;24434504,0;42760600,0;25358500,0;5878500;10425700;8393600,0;22722000;8540280;3892300;8128500;8959100,0;4625246,0;14270080;5292300,0;5710600;1799420,0;5781400,0;44590800;19010193;1644300,0;4578200,0;9483700,0
2024-03-13;45140600;32769200,0;30214957,0;25253000,0;24872300,0;4603100;6176400;4690300,0;20799400;8459724;3579200;10374000;7059100,0;2727766,0;22523270;10162700,0;5355300;1458660,0;8593700,0;32177000;19691333;1580100,0;4469800,0;8837200,0
2024-03-14;39983400;30085800,0;32383745,0;41564200,0;27666100,0;4046200;10121900;2354100,0;20707800;8419960;6073900;9544800;5616300,0;1568566,0;10764160;5947200,0;3873200;2099020,0;5457100,0;39623100;15641494;1001200,0;5185000,0;9292600,0
2024-03-15;59362500;57064200,0;42577460,0;30908700,0;36174000,0;9875600;8371700;4128800,0;28391400;14906923;9306200;28726400;5753900,0;1899026,0;38314870;11908600,0;9704800;4511080,0;13136600,0;46402500;53607556;2933000,0;7642800,0;14992400,0
2024-03-18;35326100;21371000,0;14672010,0;15035500,0;24187500,0;5536500;4707200;8333900,0;22635600;22236553;4163000;3882300;10887500,0;1401320,0;32495100;13207900,0;6231500;1843660,0;5821100,0;17929500;12492455;2042000,0;2550600,0;10512100,0
2024-03-19;48540800;16888900,0;11934228,0;16792800,0;26464600,0;8934600;8371600;2194100,0;20241800;40727757;7713100;4107000;9642000,0;2234486,0;18306090;7652500,0;5982300;1845760,0;6104300,0;21266300;8971651;1285200,0;2106400,0;11184800,0
2024-03-20;39017900;18210000,0;19759180,0;35020600,0;48407800,0;4640600;5892000;2771700,0;17687400;22099297;7167000;4558800;10217300,0;2953826,0;17453370;6889400,0;4917200;1663200,0;7997600,0;30160800;16941061;1374100,0;2389800,0;10819300,0
2024-03-21;47220200;18445500,0;38034356,0;19771200,0;29217300,0;9309100;5349800;2991000,0;17742000;13328920;6286700;5878400;10717000,0;2283706,0;10865030;6375700,0;3593100;1455860,0;5506300,0;34768100;17646082;1794100,0;4043000,0;9570800,0
2024-03-22;34426800;11058400,0;13144839,0;28438800,0;18151900,0;5473300;3842500;2891900,0;13137600;22430100;4652600;6032100;15227900,0;1144486,0;19455480;3397700,0;2935100;1490860,0;4778400,0;60130400;12624230;2348200,0;2691200,0;9367800,0
2024-03-25;26951500;10478200,0;13844693,0;31920500,0;21593700,0;3554400;6369100;2678900,0;12901400;16300588;4278700;3117000;16337500,0;2312413,0;8188180;4521200,0;2865800;1105440,0;4242800,0;43172300;19538797;1361000,0;6551600,0;8060500,0
2024-03-26;24837800;27142700,0;19262812,0;19219400,0;32319600,0;7648500;10512100;7097600,0;15477000;16824297;8470600;7858000;29261600,0;1824453,0;18933970;3753300,0;4750700;1227520,0;6644800,0;54494400;16398902;2302900,0;3976200,0;9435700,0
2024-03-27;19995700;23927000,0;19398772,0;35882600,0;26211600,0;4968600;5526800;20659400,0;15874600;14986461;5490100;4547600;49731200,0;4013173,0;13751540;4703600,0;6057100;894320,0;11061500,0;22829000;13278693;1826700,0;2482000,0;9918200,0
2024-03-28;31958200;18467000,0;18913508,0;25925000,0;44405600,0;5257500;8170600;4959400,0;17073600;10956309;4550100;12153800;28396200,0;5752706,0;16170660;6379900,0;4666100;2023140,0;6392500,0;20303900;17782483;1751200,0;4418600,0;9943400,0
2024-04-01;23697800;16740100,0;35605204,0;24308100,0;21031000,0;6335000;6815900;3450500,0;10910800;4991521;5495900;14588500;29549500,0;8797080,0;16142500;7351300,0;5972800;5634300,0;6764500,0;48653200;17530981;1405700,0;6669200,0;9372600,0
2024-04-02;45930700;22583000,0;20491664,0;24862500,0;19115800,0;5312400;8932300;2850400,0;10513000;7310845;6264500;7631300;15309000,0;3892173,0;20889000;8907600,0;5906700;3118920,0;11868800,0;61624700;18138436;1471600,0;2948600,0;9073600,0
2024-04-03;31437200;22319900,0;33775409,0;50953400,0;36137900,0;7117600;6010800;8272100,0;14600800;16873636;4869600;5970200;12562500,0;4481973,0;19367370;5326500,0;4959200;2291380,0;9551800,0;61062600;15946458;1305000,0;3336400,0;11032700,0
2024-04-04;165566800;22990500,0;54117291,0;53741700,0;31881300,0;4821600;8525200;7378700,0;23352000;16717396;5533000;8134500;24284700,0;6194040,0;19316770;9784000,0;7348100;2273600,0;7843100,0;72579200;24094759;2963300,0;3099400,0;13229200,0
2024-04-05;65469200;15379000,0;28261098,0;18774100,0;71144500,0;4478300;5453200;4482000,0;12803800;9715209;4333900;17000700;10350600,0;4228360,0;8221620;5534700,0;8307500;2478280,0;8090000,0;45683100;19042787;2074300,0;3105000,0;9101300,0
2024-04-08;36384400;40281300,0;19296916,0;23453800,0;18919200,0;3081900;5176400;4350500,0;19696000;10744660;3183900;5846600;15802900,0;2589586,0;9320630;8628200,0;3891600;3122700,0;7547900,0;33474500;21634284;1257200,0;1900800,0;8128300,0
2024-04-09;36989300;37026100,0;20178616,0;23248900,0;23795200,0;3764800;6145900;3122800,0;9392800;7233240;6085100;5428300;10843700,0;5041220,0;5863440;11026800,0;5164200;2091180,0;6716600,0;37588600;12122303;1462100,0;3203800,0;8489700,0
2024-04-10;55821500;21206800,0;31255391,0;28689800,0;23028800,0;7144900;6869000;7513000,0;14139800;9249072;6957500;8013600;21697200,0;5472946,0;12842720;12902700,0;8153200;2345280,0;14223300,0;50523500;19983497;3158500,0;4099200,0;10451800,0
2024-04-11;33195300;16338700,0;20688126,0;20195300,0;21019300,0;4135800;5160500;6828900,0;12447600;10383796;6224200;9087100;27462100,0;4939480,0;9555590;14236200,0;5429800;1712480,0;7352000,0;37532200;20364621;2045300,0;3699400,0;8882900,0
2024-04-12;39613500;25740900,0;25841237,0;22530800,0;16269700,0;6024400;14262200;5577200,0;11304400;9247056;5587400;5813700;20843400,0;5069153,0;16863880;7183400,0;5183900;1800400,0;7706100,0;38489000;13254920;1443200,0;3231600,0;10246600,0
2024-04-15;28692000;28567300,0;35825686,0;30053000,0;31625300,0;4838200;9887300;7542400,0;14411400;19262407;7938000;12828200;23803700,0;6571453,0;18510470;6885000,0;13098300;4947180,0;11013800,0;51176300;22399653;2398000,0;4277600,0;13504500,0
2024-04-16;37303000;29973800,0;34875666,0;39993200,0;31317300,0;13386100;11494000;6284600,0;22923700;25118562;8783300;8850100;23774700,0;8659620,0;16291990;8009100,0;9802200;7777980,0;13007900,0;49107500;23129308;2409100,0;4348200,0;14009800,0
2024-04-17;39221700;34220700,0;28706141,0;27611500,0;26530200,0;6574700;8991300;5831200,0;17703800;13309212;4961700;8782500;24606500,0;6082140,0;16248210;8566500,0;7962000;4603200,0;9944800,0;48295800;24967699;1962400,0;3670800,0;11370900,0
2024-04-18;45078800;19932500,0;24583607,0;40788000,0;28663900,0;6347300;7873800;5524000,0;15349100;10161291;3993700;6715400;30494700,0;6553713,0;16929220;6476500,0;5681300;2600360,0;8175200,0;39453700;24353468;2123300,0;3581000,0;10662400,0
2024-04-19;80546900;32882400,0;30496961,0;49864000,0;25809800,0;8284900;12906000;8874000,0;18465200;12872212;5928700;31247500;21842100,0;5028440,0;18075090;10532900,0;12289300;16724120,0;5640200,0;39339300;15741750;4321200,0;4293200,0;13604100,0
2024-04-22;51775500;27171200,0;24603774,0;24572300,0;23450600,0;5350900;10471800;3436600,0;21288500;11708749;4774700;3991000;16533100,0;3196220,0;9886910;7159500,0;6752800;4899860,0;5635300,0;31325900;15308991;3708600,0;3334000,0;10264100,0
2024-04-23;35456900;23160500,0;53107109,0;29567700,0;18581900,0;4381600;6253000;4144700,0;21742700;14430612;4703600;5404100;13604900,0;3347460,0;23464430;9592700,0;5297000;2015160,0;12989000,0;44050500;23830995;3074600,0;3393800,0;11257800,0
2024-04-24;45388300;25212800,0;27387442,0;21669200,0;37013000,0;4946800;8119200;3650300,0;11037800;14488057;4435600;5825300;14180500,0;3239506,0;9324370;7381400,0;6122000;2594620,0;5610400,0;45024900;18106057;2176100,0;3648800,0;10526300,0
2024-04-25;66372400;27231000,0;23076377,0;18043100,0;23667800,0;5460400;9388900;4107300,0;11303300;10441851;5035900;5582842;7841800,0;4795733,0;8364290;6614300,0;5469000;2818060,0;10119600,0;32548600;15128917;4016900,0;3362800,0;10093100,0
2024-04-26;31899100;0,0;30762989,0;23755300,0;16180400,0;5979700;7623200;6359000,0;0;9006763;3972000;5839240;7530900,0;2676780,0;9145400;5536000,0;7177500;2253020,0;11814300,0;60635700;16362005;3441700,0;3423600,0;8900000,0
2024-04-29;27886000;18487200,0;25020378,0;25762000,0;26520800,0;4677100;3845800;7834000,0;8658100;10853829;5769400;5384998;7119400,0;2433320,0;6575910;7069100,0;2635600;3514420,0;4991700,0;43235700;18002681;5269200,0;3268600,0;8385100,0
2024-04-30;36635400;15597400,0;53143478,0;60459200,0;25146600,0;6934600;7190100;6349700,0;12221500;11021451;7417800;4607303;7587500,0;2031340,0;16345450;4405200,0;3285200;4342240,0;6284300,0;84850200;29577877;7475600,0;5513400,0;10889600,0
2024-05-02;33244700;17852900,0;31652054,0;79939800,0;27782000,0;12268300;20064500;5257600,0;14604400;13644571;4071800;8949900;14952900,0;4325446,0;14941630;5074600,0;8282700;2327080,0;9124700,0;45228600;24095835;4150800,0;6720200,0;11547800,0
2024-05-03;45114200;23681200,0;32765680,0;61196700,0;23380200,0;5092600;15048300;7696500,0;17315600;18214087;3740200;11594300;24014400,0;3286480,0;19242190;5249600,0;8068600;3745980,0;11860400,0;90899800;21237992;4315200,0;6264200,0;12799200,0
2024-05-06;22977200;13423600,0;21100312,0;30205500,0;18713000,0;2810000;5970600;6168900,0;10006000;10202461;2909600;8787300;15719700,0;3015186,0;19530280;5783900,0;2882600;3456320,0;7293300,0;42966900;14415075;3593200,0;4544600,0;8779100,0
2024-05-07;23808600;21315200,0;43603391,0;30097000,0;27522500,0;4895900;8402800;22641000,0;12606600;8725227;54329100;4490500;8033300,0;7080080,0;24771230;5162600,0;2328200;2488360,0;7962200,0;34889000;24402198;2940600,0;5927800,0;10177500,0
2024-05-08;25352000;18245800,0;27721450,0;23271100,0;50692500,0;3759000;5940900;6333500,0;14023400;8404063;31990400;7503900;8449000,0;6457480,0;29536870;5851500,0;5426800;5845840,0;6858700,0;31077900;28843381;2584900,0;13015200,0;9788900,0
2024-05-09;27206400;19672800,0;31837186,0;60548200,0;25762900,0;4949800;9013800;10615400,0;56649000;17150973;18830400;12424100;10609200,0;6590446,0;37629020;7005100,0;6792700;4182500,0;15573400,0;68966400;23442985;2361500,0;7336800,0;13369000,0
2024-05-10;27968700;13705000,0;26443200,0;38379100,0;29029300,0;3462100;22108200;7832600,0;23660500;26616817;18100800;3777800;8506500,0;6854286,0;17353710;10653500,0;5791700;3707060,0;11769600,0;118753800;21234011;1986300,0;4625400,0;12574200,0
2024-05-13;18394300;14504100,0;26666401,0;21216600,0;22472500,0;11032700;17523300;6112500,0;14278500;12972676;16968300;3233300;14189800,0;4010700,0;9061250;10454600,0;2947800;2464700,0;8390600,0;77187400;20138614;1801900,0;5488600,0;8917300,0
2024-05-14;53613200;13313500,0;34497357,0;41886100,0;32670400,0;9947400;21302400;5474300,0;13200800;14513226;13127500;6740500;19375800,0;14869093,0;11170500;12611200,0;2901700;3149020,0;15412600,0;67138300;23721918;1690800,0;5128600,0;11886800,0
2024-05-15;131281100;21292100,0;23867664,0;31232700,0;36630700,0;3768600;13438100;2772000,0;20313600;13447486;16447400;8147500;12883800,0;3976793,0;22041690;7335000,0;5901700;1633800,0;11536200,0;41176000;19596563;5687400,0;7569000,0;10855600,0
2024-05-16;83168500;16647700,0;20274355,0;30538600,0;32475700,0;3271800;11921800;10175000,0;9827300;7116742;13118600;3905000;16088000,0;4471480,0;25298680;5711300,0;4113200;1402520,0;14692000,0;32593500;14908289;2242300,0;4423000,0;9852200,0
2024-05-17;67207900;32338800,0;21065189,0;31448500,0;28118800,0;6701800;7276800;8155700,0;17116600;11956098;10579800;6419600;7609200,0;5497006,0;21173240;6596100,0;4230400;1405180,0;16540000,0;40678300;27859320;3832300,0;4939400,0;10262600,0
2024-05-20;40400400;22222300,0;17755129,0;27043700,0;38940700,0;8148200;6365800;3904800,0;16513000;9446398;12534400;4055000;12231800,0;6382840,0;17742670;5348900,0;3642400;2390780,0;5978900,0;44273000;25066019;3236700,0;7933600,0;9340300,0
2024-05-21;27967400;23042800,0;18694273,0;26225200,0;38371300,0;6672800;8336900;4343600,0;9999300;9558654;17993400;5342000;15225000,0;4476100,0;42414020;7756200,0;5464700;1922760,0;7454800,0;33561200;32906452;4695100,0;5952400,0;9138500,0
2024-05-22;36528800;17404000,0;23786768,0;36303200,0;49248200,0;7065600;10586600;89977800,0;15877800;10961275;10540100;7228500;30207800,0;6290826,0;63066960;7155200,0;5477900;2219420,0;8093300,0;57305300;39622766;5268600,0;4261600,0;12403500,0
2024-05-23;47987800;16445800,0;21792348,0;47524300,0;28419600,0;5413400;5318700;6097900,0;25677100;10827747;22801000;6829100;20366100,0;4420146,0;39775450;4785600,0;9265100;1463000,0;9778000,0;54028500;19727477;4322000,0;5652400,0;9985400,0
2024-05-24;23684700;11731900,0;23438031,0;34080500,0;22790000,0;9008900;6199900;2289900,0;13949800;26854716;11280200;9632200;6912200,0;2533640,0;11506220;6537300,0;7798400;1428420,0;8860300,0;26333100;33708503;4938600,0;3847200,0;9211500,0
2024-05-27;13623300;5119400,0;13641546,0;11028300,0;16530500,0;1905700;3542100;2947200,0;31296700;29375325;2937600;5240900;11417300,0;1691346,0;8190160;3570700,0;2303900;1183420,0;5587200,0;14463100;17050891;2754400,0;1894800,0;4327600,0
2024-05-28;46437700;22173900,0;28440452,0;26207100,0;40481600,0;4937400;7897000;6600100,0;35304600;22421700;5988800;9058500;12568700,0;6081240,0;40581310;5379500,0;6949700;1489740,0;11065500,0;39515600;18520206;3625500,0;5045600,0;9179800,0
2024-05-29;29246800;16496900,0;28148705,0;29552400,0;34350900,0;7136500;12394900;4229500,0;25627500;18793005;5110500;9671500;16166600,0;3663960,0;26670380;4911500,0;3994700;1705900,0;7146800,0;61738900;25944983;4886300,0;3640000,0;8257700,0
2024-05-31;53929400;23383600,0;38825757,0;50760400,0;62942000,0;21946000;16540500;5238000,0;19114900;66939285;10491800;11144300;13170800,0;5423186,0;15131490;7943800,0;4314600;8581020,0;9388500,0;74029300;63397394;71189700,0;19283600,0;15918600,0
2024-06-03;43454500;18846500,0;25750257,0;30299600,0;24967400,0;5074200;9288500;14651100,0;27700400;19264455;11366300;7365600;12939000,0;3718126,0;19383100;11112000,0;4539700;1909460,0;12451500,0;38467100;21808979;2766900,0;7322400,0;8428100,0
2024-06-04;34090200;19865100,0;25163703,0;44292600,0;36455800,0;4322600;9414000;6936600,0;18277800;21970305;9333300;7805000;22310500,0;4992900,0;23209780;7390700,0;3152900;1193220,0;6850600,0;23975600;16521211;3969100,0;8837000,0;8529300,0
2024-06-05;18627100;18000800,0;25288786,0;23783000,0;35635900,0;8883900;9943800;4480600,0;14021500;23710995;7038900;6999800;29066900,0;4946800,0;12868900;9455200,0;9267100;1518300,0;6907700,0;33540500;18252031;4129100,0;5887000,0;8768700,0
2024-06-06;25944100;17888300,0;14607995,0;26997300,0;34548200,0;5135800;8681900;5747500,0;13834300;24033030;11158700;4513500;22876500,0;4767193,0;18613430;7493600,0;7104900;2187780,0;7297200,0;37945300;11471067;4070900,0;3821200,0;8404200,0
2024-06-07;46003600;14822100,0;26331259,0;131901800,0;32079700,0;6847500;5530900;5666000,0;13651100;21333690;10518800;9943300;12877000,0;4842226,0;13069320;4722900,0;3920000;1557500,0;9200700,0;29214600;32425824;5905000,0;6189000,0;9801200,0
2024-06-10;32560900;14762900,0;23061082,0;24749200,0;23774700,0;4491300;4533800;2342500,0;12719000;20937105;7443400;6354100;13665800,0;1811566,0;11565180;3303800,0;2645300;1272740,0;10160000,0;31506500;23230855;3815000,0;4775400,0;6568400,0
2024-06-11;31131300;24588400,0;16807035,0;24693700,0;20061200,0;5918200;7179400;3235700,0;11037400;32563335;5385500;4272900;15590700,0;2443560,0;9389160;5342900,0;4638300;1408680,0;5847700,0;46968400;14815239;3899300,0;3286400,0;7477000,0
2024-06-12;52182400;21969600,0;39355661,0;59033400,0;40929700,0;12710400;11882200;7945100,0;19141600;38086230;9232700;10346800;25194600,0;3799546,0;16835720;6499500,0;8034200;2810780,0;13676600,0;53011400;30279026;3514800,0;5407000,0;11278800,0
2024-06-13;46233500;13692600,0;23094958,0;42051200,0;39287400,0;5056600;9478500;4047100,0;13566600;23818620;4792700;4737200;20030500,0;4010566,0;12534830;3775600,0;4958800;1771420,0;11315200,0;80030000;17288839;2057500,0;3672800,0;8543000,0
2024-06-14;53534900;12282100,0;17478111,0;43737800,0;22356900,0;11832200;8598600;2379000,0;11155000;22218840;5535200;10039100;17345600,0;2797713,0;15550700;5676300,0;6271300;2032520,0;11886600,0;33385900;18765038;1287800,0;5900800,0;7847600,0
2024-06-17;40941800;13976100,0;30480419,0;59437200,0;18072300,0;6603100;8040300;7800100,0;10363900;15482670;3995800;4856200;12943300,0;3337426,0;9047610;4505000,0;3272100;1028440,0;7878500,0;36269600;26348483;2397500,0;3599200,0;7380600,0
2024-06-18;36180700;12239900,0;24588705,0;39586800,0;37284200,0;4188300;6677900;12271700,0;22540300;19125645;6186800;5481900;8335000,0;3188026,0;9747210;27267600,0;7727900;1287160,0;11903000,0;39203100;34841442;3321000,0;2465400,0;8100100,0
2024-06-19;20776200;8744100,0;16497726,0;29600400,0;17907100,0;7729100;4652190;3099400,0;12079600;14105805;4297300;4573500;9595200,0;1894746,0;11989010;6405600,0;5072900;1230320,0;5807400,0;31571600;15234337;885000,0;1591000,0;5646300,0
2024-06-20;39442900;19497200,0;23141638,0;33487200,0;29501600,0;10168600;9182022;5220400,0;16467900;37093875;5243700;7433600;14372400,0;3251940,0;20031880;9818900,0;6016000;1844640,0;9764500,0;35005600;18607769;1423700,0;3324600,0;8659500,0
2024-06-21;43340200;39134100,0;58654050,0;63797400,0;53470500,0;12574100;14774792;6771800,0;34467200;22920765;13715200;9898900;29116900,0;5612020,0;23261920;9669500,0;9368100;3523240,0;17136100,0;52259900;51625880;5209500,0;6591000,0;12906900,0
2024-06-24;24599400;13669000,0;36808677,0;29037500,0;32197300,0;8649700;8690187;3570000,0;13258500;46898775;6228500;7443800;10720000,0;4472706,0;11149820;4875600,0;6383000;1638140,0;8266000,0;25130500;49419273;3893200,0;3454600,0;7836100,0
2024-06-25;18572600;13962500,0;27162088,0;26896300,0;43592000,0;7233100;11211593;3758300,0;10743600;31519320;4690200;4958600;8222000,0;2798033,0;10834340;4663400,0;7122900;1295140,0;5896700,0;33772800;28523787;4175700,0;3368600,0;6942900,0
2024-06-26;25553200;17096700,0;26776528,0;35848900,0;26265300,0;9408900;12490885;9996800,0;15089500;24993465;9525300;8849400;8831500,0;2475026,0;23788930;6188600,0;6380000;1436120,0;10271900,0;47855200;21496378;6384200,0;6400200,0;8178800,0
2024-06-27;37731000;13755300,0;17012674,0;20010000,0;21499700,0;8056700;11556700;5249200,0;17283200;28903035;35970500;27671900;12993000,0;2116580,0;30476820;6363700,0;7702500;2681700,0;10667900,0;24010200;17942226;2527100,0;5055800,0;8707300,0
2024-06-28;22019700;22429400,0;32848049,0;31675700,0;51418600,0;11180100;10629700;7852900,0;15567200;26971455;14976500;16031700;15255400,0;2750760,0;16422890;5768700,0;5918000;1353520,0;24176900,0;25537700;25915294;2408300,0;4953800,0;9070800,0
2024-07-01;24963500;20236800,0;17694174,0;18567800,0;19515400,0;3981200;9860900;5220000,0;20469000;17323845;7509200;20925600;14052700,0;3341820,0;9313150;5507800,0;6157900;1122660,0;34507700,0;48451600;17838742;1923500,0;10008800,0;0,0
2024-07-02;33346200;24335300,0;34497357,0;26562800,0;20259500,0;5461800;7536200;5753700,0;16107800;15875055;7265800;8212300;19768600,0;2821686,0;14627030;4590200,0;5025200;1438080,0;8642800,0;44061200;19165740;1961000,0;3479200,0;8368000,0
2024-07-03;38509400;29884200,0;28588875,0;31060900,0;32807200,0;4894700;6503500;5416500,0;14438300;18199860;9695100;8478500;9354100,0;3580713,0;23291840;8041300,0;4694900;1169840,0;12432700,0;53846200;16091141;1605100,0;4542400,0;8534200,0
2024-07-04;32698800;7984300,0;11373280,0;13768400,0;7438600,0;3864100;10443600;3883200,0;10529500;24654840;9528500;7015700;15373500,0;3228040,0;21654160;2253700,0;7156700;739620,0;13211900,0;42220000;10774759;945400,0;2045600,0;6535700,0
2024-07-05;32758800;13138400,0;19063291,0;41410800,0;39021700,0;3948100;7454700;3330900,0;11971800;28601895;17055700;11975700;15703400,0;2504406,0;17301350;5442000,0;11831800;1105160,0;6119800,0;24797300;17536145;3453100,0;5505200,0;8085600,0
2024-07-08;48845900;18662500,0;19708195,0;33661100,0;28570100,0;11694400;3866900;6513500,0;19760700;26115495;13585700;4751700;12219800,0;1979200,0;21202170;4614200,0;5777100;892080,0;9729900,0;45874000;18016558;5466900,0;4195800,0;7430300,0
2024-07-09;34832500;9794400,0;19027715,0;18579400,0;25686000,0;5605400;5540200;7759400,0;18032800;17745000;7561400;8225000;11385000,0;2988040,0;12073270;3099800,0;3713600;1069880,0;15917300,0;23203400;14794048;5610400,0;4117800,0;6684600,0
2024-07-10;32899700;17384000,0;38936224,0;32909900,0;29040100,0;4993800;8892700;3363000,0;20180600;23397255;8742400;7085400;15804200,0;2906146,0;17702630;3163200,0;5894200;1085980,0;9493100,0;44543000;31250824;3868700,0;4377400,0;8152600,0
2024-07-11;17229400;13413600,0;22220282,0;35308200,0;22185700,0;5502300;8646500;6605000,0;18918900;14165025;4254200;4830400;19735600,0;2423840,0;13706220;10232100,0;7928700;1234660,0;21254600,0;60570000;17603269;4992000,0;5260400,0;7972900,0
2024-07-12;15779100;13141700,0;24991940,0;28892700,0;16859800,0;8072900;12341200;5394600,0;15241100;14906955;6791700;5330100;12600200,0;5704200,0;12005950;4662600,0;6548700;1165360,0;5498700,0;69549900;23752575;1058700,0;5314600,0;7206600,0
2024-07-15;22969200;10198000,0;22336415,0;18471500,0;12421100,0;4646400;6189100;3138900,0;11535200;20010690;14250100;4605800;6986800,0;2690133,0;10505330;3634000,0;3202000;2509920,0;4182400,0;25362600;20098167;1989100,0;3672200,0;5826900,0
2024-07-16;19637000;22363900,0;22061662,0;28351100,0;19050600,0;8663600;3308300;3676600,0;11135300;28411425;5570200;7574300;10904200,0;3592020,0;12657920;7030700,0;4945400;1180760,0;8137100,0;27642600;23630697;1776300,0;4063800,0;6818900,0
2024-07-17;24606100;23145000,0;18500757,0;23144800,0;30589900,0;5579100;4662200;3660200,0;9615100;19599615;5182800;7330800;22525000,0;3287906,0;9524790;4980000,0;3825200;1234240,0;5915500,0;32806900;23921570;3648500,0;5268600,0;6672400,0
2024-07-18;21315500;20625500,0;17774957,0;22829000,0;30271600,0;7334900;9506300;5006100,0;10820600;27876450;5815100;7626100;13601300,0;3585133,0;13343000;5818800,0;7914000;1679580,0;7159700,0;46897800;19537399;1389800,0;3293000,0;7591500,0
2024-07-19;30593100;20553900,0;26942513,0;31721300,0;22774900,0;4210800;6212600;3503700,0;14144500;19862535;6235300;10915900;11699900,0;2441993,0;10479370;6600700,0;5689000;1886080,0;7248600,0;25877800;14772641;5687200,0;4735200,0;7620400,0
2024-07-22;25807800;13095200,0;14046027,0;20828400,0;23809300,0;3704000;7415700;2077700,0;11566500;21931140;7288300;8609700;16965600,0;2364366,0;14295600;3089400,0;7366200;1574160,0;5027400,0;17799800;17852727;1961300,0;2410600,0;6098200,0
2024-07-23;25284700;22512000,0;19171379,0;22575300,0;20161400,0;4935300;13656800;4145300,0;10978000;19626495;5380000;3915700;18002900,0;2894460,0;10146180;6595000,0;3402600;1201060,0;6108600,0;20302200;15441626;2735500,0;4097000,0;7022900,0
2024-07-24;23863800;17817300,0;17873754,0;17329000,0;22727500,0;3907100;6560200;3675800,0;9728400;18457530;5710100;8879900;14536100,0;3398080,0;15005100;3626300,0;3559900;1778560,0;7943300,0;18716400;14272005;6779000,0;2964200,0;7304800,0
2024-07-25;19562600;17959500,0;22461951,0;27476800,0;21585700,0;5990900;9905700;4897300,0;11896200;15267210;6972800;5244900;11844100,0;3467693,0;28553910;5223600,0;5512400;1524040,0;8556900,0;16615700;27707537;4633100,0;2980600,0;7134100,0
2024-07-26;32043200;72721200,0;12668639,0;45675500,0;23201600,0;5986900;6019600;3908600,0;10544500;18989775;8078500;4422500;13300500,0;2787013,0;13992770;7290500,0;2977100;1048320,0;6503500,0;19124000;10097275;1842000,0;3607000,0;8272000,0
2024-07-29;39790000;28005900,0;17147388,0;20952000,0;38125500,0;3952200;5681300;3566500,0;18350200;28160160;5174400;3337600;14916000,0;2311280,0;20845770;11756600,0;2439300;602420,0;6230500,0;16649600;24154461;3850900,0;4555800,0;7075400,0
2024-07-30;16040700;28562300,0;19972297,0;20995500,0;29077200,0;7409900;6178400;2891600,0;10185700;16552935;7154700;4257600;9309200,0;2014400,0;29031860;3190100,0;2642900;873460,0;4177400,0;21917500;22835639;3195000,0;5260400,0;6848600,0
2024-07-31;28561100;34433100,0;28667619,0;32230200,0;66719000,0;21911100;10333300;5162800,0;17872300;15227940;5640200;9656900;20291400,0;5248406,0;14106400;3861900,0;4052200;1214360,0;5781500,0;32559100;35914142;3256900,0;9669200,0;9471900,0
2024-08-01;29756300;40469400,0;25644208,0;59113900,0;37947400,0;13624400;7352800;5015600,0;22830700;20804700;5096700;5930400;33714900,0;5696833,0;18825950;9075600,0;7553600;1589140,0;10023900,0;46829600;27077493;5091600,0;12546200,0;9814200,0
2024-08-02;36483900;35296000,0;27354812,0;57959900,0;29723800,0;15383100;10079100;4097000,0;20402500;27257895;8273400;6158300;14114900,0;4920633,0;19008990;7051800,0;5551400;1211840,0;12459500,0;51921800;24891001;2369100,0;7157800,0;9950900,0
2024-08-05;44765900;24635900,0;30036736,0;133145300,0;28528000,0;10892300;9432200;5458900,0;20254500;33601785;5982900;8611300;19898700,0;6433700,0;20614110;6382000,0;7243200;1430660,0;13679800,0;39632900;26299000;2373500,0;5377400,0;10886100,0
2024-08-06;36009000;23930200,0;29244996,0;104219100,0;27415700,0;5361900;8317800;3679400,0;14827100;25576320;10699100;7457300;25222500,0;5865060,0;21260250;5933000,0;6438200;2123240,0;12296200,0;31887700;21964420;2304300,0;4053000,0;10052600,0
2024-08-07;25020500;19243400,0;46066533,0;59096500,0;48591300,0;4746100;22910600;3817100,0;18931200;25173540;6144300;5933100;14324900,0;4467500,0;21779340;3936500,0;3561600;711760,0;9459100,0;26401800;19915189;1625300,0;3081200,0;8837900,0
2024-08-08;29870300;14584800,0;22235464,0;44280800,0;28173200,0;6144900;11639400;3989500,0;33846000;21979965;7362100;3386400;14939900,0;5736553,0;23804550;4691600,0;5840400;1345400,0;7491700,0;25036600;20036637;1190600,0;3091800,0;8624000,0
2024-08-09;66082100;21989300,0;27350166,0;37787700,0;19122000,0;7694400;5876700;3608400,0;13007300;43202145;17574400;9810600;21070100,0;9059506,0;39922410;5200100,0;10390000;1202600,0;7221200,0;57161200;26401838;1083300,0;2959000,0;11324800,0
2024-08-12;39655100;18421500,0;23753798,0;24117200,0;17501300,0;8193400;11962400;4198700,0;15568300;41530755;6660000;5916061;13465500,0;4065100,0;25609870;6766300,0;4537200;1230320,0;9386200,0;43079700;24158441;2052000,0;3018400,0;8601600,0
2024-08-13;28557200;26100900,0;44797573,0;36761400,0;30082000,0;10203100;10930000;6329400,0;12964400;25403385;7419700;5550502;16080900,0;5058720,0;31782630;10363400,0;3526600;1319780,0;13795400,0;42332500;30253962;1518800,0;3608600,0;9798900,0
2024-08-14;37955500;51693500,0;61454486,0;53268600,0;22128400,0;7557200;83137200;19975700,0;19387500;26805030;6591400;8344113;30173100,0;4867986,0;19028460;8769500,0;3222700;1897840,0;22404000,0;44443400;35183088;2315600,0;4487200,0;12158400,0
2024-08-15;33409000;28153700,0;36976474,0;31738900,0;48543500,0;6993700;28346900;7010500,0;11631000;20585040;7691600;17109496;16365200,0;3579766,0;26885320;6448100,0;6417000;1127840,0;10322800,0;25924400;21271123;1870200,0;3551000,0;10534800,0
2024-08-16;35472700;44280200,0;39069012,0;49810300,0;39842400,0;10598700;33435300;7157600,0;18682500;19720365;7231900;11363033;15000500,0;5051946,0;27057470;5930600,0;8568600;1668800,0;12872500,0;32001400;33807576;1714400,0;4186400,0;10871900,0
2024-08-19;28138200;28349600,0;25227717,0;73702900,0;29029900,0;11183700;15038400;6801300,0;19984500;33966030;4617700;10432556;18287500,0;3198893,0;22602580;8489300,0;5170800;1255660,0;8093500,0;31024400;40995051;1911300,0;4768800,0;11281500,0
2024-08-20;27322600;19475800,0;17856533,0;30434800,0;16424000,0;6174500;9647100;10203800,0;16156400;17052735;5086000;8588504;13042400,0;3390173,0;23185690;5585300,0;5979700;1237600,0;7479100,0;47554300;17599181;2261400,0;3735400,0;8106800,0
2024-08-21;38491900;23200300,0;16012462,0;25842000,0;24177300,0;4524500;6228900;9481600,0;21926500;20823810;4709300;6672800;25056600,0;2835933,0;24695440;8526700,0;6043600;1664600,0;5137900,0;55896700;21201740;2377700,0;4154600,0;9572200,0
2024-08-22;26334300;17719100,0;24315199,0;33853100,0;25724200,0;6979500;15339900;7674900,0;16022900;17026275;4154500;7430400;14370300,0;2743020,0;25746930;5546100,0;4775900;1378440,0;6235700,0;43486300;20155288;3273900,0;4939200,0;8050200,0
2024-08-23;29239000;24018700,0;24645695,0;33620800,0;33099000,0;4682400;9156400;8390500,0;12058300;17788575;5096400;5606900;17499800,0;2720806,0;32308980;4891100,0;6199700;1566740,0;4693500,0;58243700;30055923;2289500,0;4624000,0;8649400,0
2024-08-26;102270300;17168700,0;16314180,0;13905900,0;20467700,0;4814100;5016100;4010100,0;9358000;17104710;6137000;5921400;13657200,0;1893353,0;22291060;4652500,0;2786300;1664320,0;7135500,0;29501300;16492382;3518700,0;2736400,0;7560000,0
2024-08-27;35073100;35232600,0;16586780,0;18690000,0;22335000,0;3857600;6129800;7758100,0;8294500;15401190;4179300;4691800;12921700,0;2161560,0;26829660;4820600,0;3186300;1212680,0;4342000,0;39600600;17138347;2084600,0;3361800,0;6745900,0
2024-08-28;43284500;21280300,0;36121512,0;27179000,0;21175200,0;3555600;5428300;8357500,0;9415600;15821610;4843700;5290700;11631600,0;2454993,0;31110200;10007400,0;4995300;1412880,0;5749400,0;30210200;25828269;1318400,0;3795200,0;7457100,0
2024-08-29;25356600;19175500,0;25176619,0;29559800,0;17873300,0;6435200;7476600;5433600,0;13712600;21252735;4555200;7108500;13161000,0;2576200,0;29419610;6139800,0;6563600;1154160,0;7757400,0;39235500;23794743;1089200,0;4568200,0;8385100,0
2024-08-30;84437200;36685200,0;69846390,0;51286000,0;50852200,0;17140300;18503200;28516000,0;31814700;26457900;11325400;12687100;12964900,0;6645433,0;195073890;11535800,0;5942200;4585560,0;15559500,0;118454800;52314551;2029200,0;11599800,0;18397900,0
2024-09-02;15288400;13155000,0;11520344,0;17133800,0;12639100,0;5049200;4839700;3177900,0;11920800;13851495;3703900;6595100;5522000,0;1983173,0;14900600;3389600,0;3259900;1057840,0;3523700,0;15680500;19779434;1551100,0;4053000,0;3666100,0
2024-09-03;35866300;29504400,0;17829227,0;26984600,0;19701100,0;4760400;5726300;9612800,0;14433300;21533190;4997200;8143200;8074600,0;3234966,0;23959320;7875100,0;7026800;1075620,0;6531300,0;38221000;16145357;1621900,0;4904400,0;8802400,0
2024-09-04;28851300;19501800,0;23012702,0;33458800,0;22848700,0;4687100;6830100;7275600,0;15514700;19044900;4691300;11120500;11117700,0;6165146,0;16924710;8149900,0;6098700;1395660,0;6260900,0;44741500;27702481;2563500,0;6200600,0;9419500,0
2024-09-05;26206600;16585500,0;13102351,0;29843800,0;14577100,0;3816500;5936700;8470800,0;8433600;26079795;4787200;7609800;11152600,0;3375946,0;19020980;5525300,0;3320600;1212820,0;4105900,0;18944700;25899266;1952600,0;5254200,0;7528700,0
2024-09-06;32971700;17917900,0;18068290,0;19284000,0;20976300,0;4776400;5696100;6070500,0;9653100;18652410;3791100;5443000;18739000,0;2893646,0;9334160;5140500,0;4842700;1151220,0;3472300,0;27784200;37350325;1517500,0;6749400,0;7563300,0
2024-09-09;30521800;10204400,0;15484371,0;16779800,0;35098100,0;4805900;4958600;4599100,0;14429900;12805905;2960100;3253500;8979100,0;3017186,0;9406870;6035400,0;3047700;1205400,0;6448000,0;13782900;16228725;905900,0;3926000,0;6587600,0
2024-09-10;37263500;17580600,0;15099944,0;27410100,0;27649100,0;5643900;6554200;3118700,0;17718400;13026300;5435600;7434400;14109100,0;4661040,0;13412410;6181100,0;3983400;1223320,0;4800300,0;70072700;18366056;1451400,0;6913600,0;8253500,0
2024-09-11;32907000;25592400,0;22282257,0;19715400,0;21490600,0;6069800;6451600;4122800,0;10000400;16004730;6959100;7195800;11743600,0;1789380,0;19257810;6008900,0;2651600;1203440,0;6304400,0;62897400;36092172;1929500,0;4280200,0;7947300,0
2024-09-12;22103300;17929800,0;16309421,0;21793200,0;34492700,0;6480500;4519000;4727000,0;9920100;13165320;3523800;7462300;19973100,0;2205206,0;20506090;5661300,0;3433000;1472100,0;4928600,0;47159100;21179580;1843900,0;3739000,0;7004900,0
2024-09-13;34729600;15045100,0;22909713,0;27724900,0;21946500,0;2955000;10511500;10815700,0;9241700;18622590;2673700;9004500;13100000,0;3050940,0;20775040;9509200,0;4635500;1231300,0;5984300,0;64866300;28409439;1238400,0;3711000,0;8866000,0
2024-09-16;22614800;10548000,0;12252828,0;27880800,0;20765800,0;2720400;3941500;12752200,0;8948800;11519865;4498900;5152600;8655300,0;3555853,0;22618090;2563200,0;2888200;1084580,0;6995500,0;24753700;9891169;871300,0;4150600,0;6707000,0
2024-09-17;23443700;12056600,0;19981701,0;34079400,0;26068700,0;4258700;4662900;3234700,0;7979400;13852230;3894100;8714300;14435100,0;3066653,0;16389780;3496300,0;2579300;979440,0;6160000,0;18077800;26057826;1005300,0;3958400,0;7314500,0
2024-09-18;38777000;14429800,0;18703790,0;32088700,0;26897100,0;6973800;11250200;8312000,0;8611400;22646925;3951900;6307400;17521900,0;7099446,0;13701050;6291500,0;4268700;1340500,0;7930900,0;42205300;27728191;1245700,0;4034000,0;9792800,0
2024-09-19;25059700;19328400,0;27012532,0;38153100,0;44713200,0;4842400;6541100;4369100,0;14963300;21187530;5174600;4435100;7206400,0;3561586,0;19582640;4376400,0;4519900;1403080,0;6572700,0;51993800;59054638;1397800,0;4110800,0;9254500,0
2024-09-20;48336200;30842600,0;34731661,0;57966500,0;41412300,0;11824400;16792000;7042000,0;24479500;35610225;7148400;9151900;28750400,0;5278026,0;38627270;25139500,0;7654500;3462760,0;16468100,0;55541400;42617117;1909000,0;8776200,0;13605800,0
2024-09-23;28218500;18164700,0;17373195,0;45384200,0;20009400,0;4877100;5429200;4892200,0;12354400;22482705;7444900;4787800;23737500,0;5132500,0;18952120;14785700,0;10908200;937300,0;10884000,0;58376700;23499998;2365900,0;2558400,0;9140800,0
2024-09-24;35104100;44910100,0;27208315,0;44927000,0;22598600,0;8896000;8423500;5052100,0;15235800;16186695;5524300;6847500;16486900,0;2767133,0;26793140;16191800,0;7542600;998900,0;8089000,0;84784300;18693933;1605000,0;3195400,0;9367100,0
2024-09-25;38655300;21557700,0;24582587,0;44200800,0;33524600,0;6674000;11527400;3149800,0;13854100;21502530;3133800;8931500;14092400,0;8528766,0;20411820;9319800,0;7181700;1945160,0;12277000,0;117931300;17780977;2815300,0;4439000,0;10527200,0
2024-09-26;58048200;61449300,0;42599440,0;58564400,0;16241400,0;5616900;7500200;3187100,0;13119200;23224425;6674600;6291600;10502800,0;3798126,0;12803340;15750500,0;4185400;879340,0;11265400,0;167073900;23168249;2639400,0;3799200,0;11618300,0
2024-09-27;34537400;37237900,0;31411178,0;44021100,0;24958600,0;6450600;9756300;3682900,0;14855700;24109680;4778500;7223500;29030200,0;4411120,0;10368160;7575000,0;8409600;1568000,0;23095500,0;64574600;29395759;1913800,0;3891800,0;9338900,0
2024-09-30;21146300;28980300,0;28491777,0;37058100,0;31164900,0;6435400;4458000;3495800,0;14796200;26500530;4823200;6325200;16445800,0;4251180,0;13125310;13443000,0;4308000;1844640,0;12562100,0;60955500;44955392;3674800,0;4955800,0;9131600,0
2024-10-01;49748200;18091500,0;30144937,0;29701400,0;65825500,0;8044000;6404700;4803100,0;19254100;22765155;5015400;5888400;14780800,0;4994713,0;17241620;5080400,0;4572800;1752940,0;6750200,0;38491000;27639767;1794200,0;6101200,0;9841100,0
2024-10-02;32014500;20310600,0;23530370,0;48598900,0;51056800,0;5130300;5038600;4672500,0;12662400;26206005;4127600;5719400;12512800,0;5108733,0;16672040;7989300,0;8740000;1451240,0;13286500,0;61962200;15155057;2120800,0;3616800,0;9398700,0
2024-10-03;31033000;26675400,0;35700490,0;34496900,0;45000000,0;4470600;6332200;4931400,0;19101500;25796820;3641300;7836000;19345600,0;4619200,0;14581490;5549600,0;8147500;1795780,0;8663800,0;41875600;31834828;3301600,0;4062600,0;9821200,0
2024-10-04;22526800;16268300,0;17541559,0;23637900,0;36607700,0;4819200;6997700;4649800,0;11911600;18685695;4004700;6701100;6918100,0;3994633,0;12395790;6041700,0;4680300;1961680,0;6065900,0;42988300;16699133;2200100,0;4850800,0;7054700,0
2024-10-07;36418000;22467400,0;26410683,0;28305600,0;20788600,0;5409300;4954400;4230300,0;9578500;25405800;3328500;3882400;9381800,0;3613980,0;10484980;10215400,0;4833700;1480080,0;3018900,0;50239800;16721939;1594700,0;3857800,0;7702100,0
2024-10-08;34142000;38028100,0;26176152,0;22407600,0;35995700,0;6798000;6254000;4607000,0;11728700;19517820;6838000;7249300;10704000,0;3011220,0;7609250;10274200,0;5545700;1704360,0;6160600,0;46497200;18837326;1571200,0;4340400,0;9093200,0
2024-10-09;30789800;22758400,0;23707005,0;31287500,0;28383000,0;5806100;7619100;3476900,0;19545500;18004035;6277700;8338100;11235800,0;5743180,0;13158640;5982900,0;10844100;1723400,0;5255200,0;45895200;25274815;1883900,0;3151200,0;9220400,0
2024-10-10;20630100;17192100,0;23211884,0;21996700,0;19340400,0;3762500;7486800;4089900,0;20486300;18369540;3863800;6352500;6296100,0;4769633,0;28792610;8094900,0;4057200;1367100,0;9591000,0;37701700;18818393;1796600,0;2897400,0;7617300,0
2024-10-11;16343000;20939400,0;19225310,0;35337900,0;31193700,0;3283900;6397500;3576800,0;12175400;29925105;5491800;9907400;11818200,0;3636426,0;22486310;13481700,0;4644800;1108100,0;3156800,0;25480900;12543014;4622300,0;3785200,0;7973300,0
2024-10-14;22279000;44954000,0;16356101,0;22762100,0;21045900,0;5422800;6389500;2685100,0;11953100;25906650;3669100;11138100;12104800,0;4640953,0;14089790;6283600,0;4712900;1694140,0;5747200,0;35854800;20464878;1380100,0;6672400,0;8502100,0
2024-10-15;28204600;25559300,0;32631872,0;29965600,0;33545800,0;8123800;5678100;5623800,0;14418700;17224620;4039000;5548900;10640600,0;3764953,0;11904750;6047000,0;6040500;2173080,0;7046200,0;30199500;32941843;2076100,0;4594400,0;7982900,0
2024-10-16;23041200;29731800,0;39642197,0;55542100,0;34342600,0;10016400;8018600;6185200,0;26028400;22507065;3973300;8033600;11776600,0;4696053,0;16907660;15783700,0;10553500;2112880,0;8242000,0;41240600;43464670;2332400,0;8201600,0;10282800,0
2024-10-17;22174300;20345200,0;22310809,0;29445500,0;18266900,0;5134400;7560500;6201200,0;12424800;15796515;4569200;5499900;9029500,0;4816560,0;15459290;7947200,0;6740500;1448160,0;10156300,0;23156000;20671414;2582000,0;2888200,0;7086000,0
2024-10-18;32000800;21823500,0;17703125,0;39996000,0;19422900,0;5431900;6474900;3784900,0;15980000;25355925;5181000;14806600;7113200,0;3642260,0;21388400;8107300,0;7565900;2261140,0;11641100,0;30999400;22425147;2029700,0;3933400,0;8683700,0
2024-10-21;28390000;19044900,0;16873089,0;22922500,0;28877400,0;5297800;5446300;5407000,0;25128900;24262455;6468700;5363300;11978200,0;5155620,0;10815200;3535800,0;3154500;1003940,0;6460200,0;26633900;15254453;1438100,0;4029800,0;7774900,0
2024-10-22;29144300;14814000,0;24850542,0;32416400,0;34756100,0;4733100;4655700;4504600,0;27391300;32968950;9250300;6741300;11828900,0;6848713,0;12701370;5369100,0;5655500;1447600,0;4907500,0;29304400;15163125;1966700,0;3119800,0;5522000,0
2024-10-23;30769100;18289900,0;17395402,0;19789900,0;22384200,0;4913300;7786800;3535600,0;12126400;21991935;4728500;7713500;15165900,0;6306513,0;19793730;4871200,0;3535200;1040060,0;7670900,0;39674300;17788507;1421400,0;2283400,0;7962200,0
2024-10-24;23058900;11331700,0;24236796,0;24512500,0;19295300,0;3520800;5447500;2696300,0;8727600;26403195;5484200;5204500;12679700,0;5498393,0;24070200;6109000,0;5158700;994000,0;4792200,0;34038300;28747858;1916900,0;6075000,0;8310600,0
2024-10-25;32585900;38466000,0;17380220,0;31639200,0;19204000,0;3796300;6875800;13961200,0;7807800;21516075;11847600;4130800;16939300,0;3980793,0;12507000;11425400,0;2992200;1188320,0;3936300,0;26411000;27462490;1244200,0;3519600,0;8513300,0
2024-10-28;27507100;16572400,0;11933889,0;22941700,0;20050900,0;2063700;6548800;4523100,0;18192100;22672335;7574300;7080600;7054100,0;2885846,0;11121550;3942700,0;3626400;863520,0;7939300,0;29203800;12994059;1447800,0;2146600,0;7135300,0
2024-10-29;26090200;14941700,0;13225282,0;32485200,0;21500600,0;4877100;3785300;3300400,0;13433400;18714255;5425200;7284600;12177900,0;6824686,0;4336970;12491000,0;3813500;1447460,0;6972300,0;26229700;18974264;8365300,0;7178000,0;7636400,0
2024-10-30;26144700;12263300,0;12081065,0;28738700,0;21176300,0;20716600;7929600;4499900,0;14377600;26669475;5863100;7092100;10440400,0;4608806,0;5709990;3761700,0;11706600;2250080,0;3195000,0;26539600;13635184;5134000,0;5623400,0;7327100,0
2024-10-31;25597000;16553300,0;22748147,0;84313700,0;61215800,0;9694500;5608100;4564900,0;11163300;14264145;7265200;6331300;14672700,0;2973446,0;15033370;4500400,0;5558300;1910720,0;6802600,0;28075100;30240731;3208700,0;5219600,0;9068100,0
2024-11-01;30605300;15236400,0;25777562,0;62202000,0;29027800,0;6364400;7644300;7163400,0;15216400;30144345;5955100;7220300;28994500,0;6952473,0;8448880;6232100,0;8022200;1970080,0;7950000,0;33123200;19086891;4262000,0;4113000,0;9897900,0
2024-11-04;24003600;12360000,0;23226386,0;34631600,0;19442900,0;6547400;10621900;4267800,0;12169700;47535915;4600300;6253700;17627100,0;4439880,0;11906840;6067100,0;6418800;1503320,0;9841300,0;39785000;22845750;2815700,0;4054600,0;9013500,0
2024-11-05;23990600;16368800,0;59510598,0;80715900,0;18352000,0;5779800;5738900;3511900,0;14050600;39009705;3881200;4571300;13711300,0;3265740,0;8541610;6430300,0;3919600;1208340,0;3804700,0;28896400;33842859;3435400,0;6240800,0;8556100,0
2024-11-06;28440800;19726800,0;44058971,0;61380900,0;39053800,0;5170500;8753400;4072000,0;12445400;30775185;7906400;9187500;13862400,0;4178793,0;12373350;10147100,0;7886600;5471340,0;8501600,0;37995800;23042498;2586800,0;6592200,0;10540900,0
2024-11-07;34081200;38173300,0;16816325,0;35235600,0;23946600,0;4521400;9153100;3028800,0;11667700;41591550;8987700;11920300;19803300,0;4120546,0;22291500;11624900,0;4753800;2546040,0;4538100,0;55293600;26212513;2077400,0;3824600,0;10520800,0
2024-11-08;49865100;48764700,0;26247984,0;44207900,0;35013400,0;7160900;13034600;4998700,0;15878800;63494445;5585800;9484500;19310100,0;6417660,0;59031830;9913700,0;3644100;2107840,0;5564100,0;58652500;37948636;2533100,0;3975800,0;13183200,0
2024-11-11;21446300;24483700,0;20677703,0;36639600,0;20684800,0;3348100;15235600;2484200,0;10515100;34669740;3401900;4407500;9046400,0;5212713,0;18902840;7766000,0;3092900;3851820,0;10805900,0;66155900;28916099;1940900,0;3321200,0;8395300,0
2024-11-12;39412300;26967600,0;26591283,0;30009000,0;26899600,0;3988000;32057900;7583800,0;15391500;31031070;5850600;6937900;12394800,0;5296033,0;11414150;14761700,0;3062400;1838340,0;17462200,0;55851700;20888708;2785500,0;4731000,0;9522100,0
2024-11-13;34090000;20354900,0;29706013,0;30372800,0;30341700,0;9208500;11078500;8102200,0;27198100;36576540;5120600;6151100;35585100,0;13951366,0;13461910;15842000,0;8499800;1431780,0;7915300,0;73712300;23078104;4178300,0;3417800,0;12692800,0
2024-11-14;30262100;17967600,0;35013665,0;38876900,0;38027500,0;6074900;20385400;7093500,0;80824400;37458330;9744300;13886700;22257400,0;7136086,0;20730050;9446300,0;7562600;1608880,0;6627800,0;86415300;18892510;4159400,0;3374400,0;13138300,0
2024-11-18;39004100;14300000,0;20962992,0;36262700,0;37251000,0;3437300;9302000;7117900,0;23386200;30709980;4396300;9705200;23151600,0;7385846,0;15558400;19283200,0;6401800;1515640,0;9952300,0;88368100;27975927;3686900,0;4842000,0;10742000,0
2024-11-19;26002700;12902100,0;18019798,0;20410500,0;28564100,0;4176900;6676300;5601900,0;29342400;22281735;2570600;9794100;10094400,0;7574500,0;18997000;15034800,0;4299500;1069180,0;4604900,0;53425300;21311032;3479400,0;2898000,0;9103600,0
2024-11-21;36048400;15428500,0;28727441,0;37207100,0;18400700,0;6608700;9039500;4726100,0;31594700;30852465;5655400;8075200;11431800,0;4683860,0;21922010;12369200,0;3697300;3708180,0;14142300,0;67659300;28839939;4954000,0;5683000,0;10271900,0
2024-11-22;85234900;12590500,0;14604143,0;20755200,0;24116600,0;5034900;8141600;4156500,0;13737200;25803120;3972300;7009200;34250600,0;3752613,0;15011590;10827100,0;5054000;2699340,0;7864800,0;59138800;18947694;3852600,0;3581000,0;9186200,0
2024-11-25;41119500;17444500,0;27017291,0;39191600,0;22015800,0;12443900;15243200;8019800,0;36581800;23452485;17136500;8945400;21164300,0;6072000,0;10928720;9794600,0;5347400;2576840,0;6335200,0;85622700;39241749;3725200,0;6542400,0;14411200,0
2024-11-26;35188200;21406600,0;30264922,0;26857200,0;16924800,0;8886200;10904100;5233600,0;22044000;38195010;8100500;7783100;13626600,0;3383140,0;19705950;9341300,0;4628400;2244900,0;5728700,0;52418300;27485940;3132700,0;3461600,0;9745200,0
2024-11-27;30600700;22121200,0;26816070,0;68995600,0;48572000,0;6111900;10724100;7338500,0;20884000;41498730;9004300;13927300;12567600,0;5455273,0;20106240;11523400,0;11041100;2197860,0;12600100,0;57603000;33079426;2893000,0;5957000,0;12318800,0
2024-11-28;33113500;20467000,0;44303925,0;57956800,0;40805900,0;7146300;22747600;12125800,0;26984000;32984280;9420500;19075400;14552800,0;6088100,0;24935240;5234100,0;19575600;1700020,0;14859900,0;65340600;27778319;2683200,0;4089000,0;12833100,0
2024-11-29;44011700;31023600,0;41721478,0;96013500,0;62396000,0;8458300;31617900;10894100,0;22743200;40005840;12601500;15687400;15392500,0;13349733,0;30157930;9380600,0;14477700;2420180,0;25340100,0;81908200;56284035;3589600,0;5789200,0;16398000,0
2024-12-02;31711800;18972100,0;25024231,0;65638300,0;87464600,0;6197600;19139400;8848000,0;21487000;25693500;7499400;6926700;17479000,0;4322413,0;19878870;7716200,0;8996200;2018240,0;12401700,0;78340300;42140792;3292200,0;6947200,0;11517200,0
2024-12-03;22536200;15957500,0;23357474,0;34013800,0;72892200,0;6016400;8577300;6331500,0;22179600;24875130;7581500;8171900;8044700,0;4444433,0;27172970;15206900,0;9719200;1351140,0;12176400,0;39449100;29807152;3289500,0;6416400,0;9990000,0
2024-12-04;31584400;25109200,0;25113058,0;33476400,0;50659000,0;5505900;8575900;7300100,0;19375200;23444820;9603900;7494800;10648700,0;3422260,0;25374580;9690500,0;8634100;1012340,0;11864800,0;35039100;20139987;2034100,0;4650400,0;9388600,0
2024-12-05;25214200;14160000,0;36947243,0;32611400,0;38794000,0;5198100;10309800;6723400,0;18238400;27113625;15465600;10080300;7198800,0;3957053,0;14998720;5573300,0;9716400;1504860,0;10605100,0;54294600;29086835;1429700,0;9685000,0;9530800,0
2024-12-06;31118500;17897900,0;24236456,0;26301100,0;46449200,0;6487900;15110400;7665500,0;33652400;35404530;6608800;10541700;12556500,0;5109813,0;15651130;4867100,0;10577900;2275700,0;18551200,0;128262700;25698753;2280800,0;6031600,0;11223300,0
2024-12-09;28548700;40440600,0;18324009,0;34547600,0;25321800,0;4459000;12007900;5752400,0;17774100;32123490;5458700;9329200;7301100,0;3945733,0;11841830;9369600,0;7068400;2408980,0;7033300,0;61349800;24862771;2085900,0;7061200,0;9367300,0
2024-12-10;21837600;13089300,0;21447916,0;32732400,0;22942500,0;5662200;15291800;5190800,0;15266700;29508150;7524400;8159200;8039800,0;5795540,0;27532120;5372700,0;5955900;1894900,0;8240800,0;73907300;23639328;2873400,0;4485000,0;9141300,0
2024-12-11;46900900;30138500,0;35985666,0;45892900,0;49150600,0;10358000;18480200;7289400,0;29090900;39928770;10275100;10972600;17653200,0;8565886,0;19000080;7296500,0;12331500;2039520,0;10262200,0;90179100;36548484;4163300,0;4414200,0;13170900,0
2024-12-12;38310600;28841800,0;27479555,0;48022200,0;49616900,0;10479800;10021300;5071700,0;19824400;40498290;9932300;11208000;17849500,0;11153780,0;16869700;6990200,0;26132900;2546740,0;12381400,0;97737700;34537006;3772400,0;9874600,0;13453200,0
2024-12-13;23235400;18532800,0;27998356,0;24692500,0;30867900,0;6356600;16364100;5461000,0;17217300;25468380;6271400;9650300;11458800,0;8703473,0;16631600;8922700,0;8814300;1589560,0;4898200,0;149204900;58956482;3491500,0;4716400,0;11762700,0
2024-12-16;21349400;18958500,0;37414605,0;52741800,0;32095500,0;5966200;12672800;6448300,0;16061900;25782015;9269100;9146900;8361200,0;6568513,0;11913700;7936400,0;9251500;2519580,0;17574800,0;89670800;44584973;1879600,0;4692800,0;11071100,0
2024-12-17;39617200;22987600,0;45447689,0;66961700,0;39564500,0;9401900;16050300;13060100,0;27695800;41089230;11330400;15794000;28340300,0;20903733,0;21372000;13395300,0;8636100;4360860,0;11146800,0;67956300;53347721;3277400,0;7911000,0;17561100,0
2024-12-18;58126400;34658200,0;58162101,0;70432300,0;40864200,0;10121900;19605000;11267300,0;29428400;40113045;10247500;16075500;27431600,0;24475913,0;18297400;21564500,0;18639100;2717260,0;13988000,0;83174900;51853096;4189000,0;8654800,0;19742800,0
2024-12-19;43268400;29529900,0;53287369,0;39732600,0;38104000,0;9028800;30378400;6177100,0;16306300;39780615;7667600;15498200;18541900,0;7643020,0;15959500;12732500,0;10612100;1676080,0;14659800,0;58258000;37111952;2664800,0;6513800,0;13682900,0
2024-12-20;59277400;64919500,0;60210112,0;63007200,0;86074600,0;14233300;25296500;12085800,0;49200400;39482100;14103300;16165100;16986900,0;9683820,0;17073300;15235900,0;8705600;3635520,0;12814100,0;63902800;52495757;4845000,0;11223800,0;18128200,0
2024-12-23;43785600;18587900,0;31425454,0;28062600,0;40181700,0;4062300;9135300;3839400,0;12708100;22584240;7450600;12998500;10146500,0;4682280,0;26304600;10040200,0;3653100;2297680,0;8195800,0;37011700;26640359;2613500,0;5876800,0;9953300,0
2024-12-26;22920700;13155800,0;23278278,0;17715100,0;21166800,0;3560800;5695900;3140700,0;15208900;30030000;4414200;7784000;9760900,0;4091333,0;10452800;10866500,0;3128800;2681700,0;4578900,0;30737700;32658301;1174100,0;2422800,0;8338500,0
2024-12-27;24167200;16635300,0;15418543,0;19364200,0;37624000,0;3720300;5564700;3962700,0;10465000;33883500;4316400;6265200;12949600,0;4030680,0;9296500;10265900,0;4418400;2038400,0;5850500,0;44639700;24142762;1585600,0;3279800,0;8937000,0
2024-12-30;22355600;11250900,0;32151480,0;24874700,0;38907400,0;4283000;7254000;5170400,0;27146200;25178895;4737600;15853500;9308400,0;3620000,0;8941000;6953000,0;5644000;1325940,0;13941600,0;38408700;37799486;1492800,0;2229600,0;8895300,0
2025-01-02;30046800;17623900,0;29053972,0;31243900,0;33417900,0;4029300;7729300;5847900,0;14492900;29886990;5787400;10795600;14326900,0;3545446,0;12393100;11807600,0;7306700;1964620,0;6061600,0;29510200;32178021;4217500,0;3511800,0;9373600,0
2025-01-03;23314200;23608700,0;40039200,0;27722400,0;41365900,0;5796000;7114500;4278800,0;13778900;21285600;8122000;8855300;8761300,0;3544800,0;11475100;18857700,0;3959800;2243920,0;6595900,0;42817300;32830619;2074800,0;6001600,0;9804400,0
2025-01-06;23760200;21689500,0;35104078,0;30587800,0;50881500,0;5551100;7088000;5206200,0;12112300;32892720;3577500;12049200;11428400,0;3268273,0;14582200;11194600,0;10029000;1718080,0;8885500,0;39587600;30017377;1576600,0;3566600,0;9685600,0
2025-01-07;37753300;22070200,0;28624338,0;31934700,0;34905200,0;7466200;11412100;4811700,0;15724400;22956255;5330800;9600777;12729800,0;7629693,0;26326600;8167500,0;8100400;1109360,0;8694000,0;60452900;42528929;3243700,0;8728200,0;11116400,0
2025-01-08;24483500;24423800,0;21783171,0;35250500,0;39248800,0;6627600;19262000;6046600,0;16417000;27441855;8023000;8966986;18382900,0;6135673,0;20822400;13828400,0;9827300;1974980,0;8663100,0;38515300;34604827;1612800,0;4564800,0;10230700,0
2025-01-09;11526600;15865200,0;11465733,0;18386900,0;24470100,0;4555800;4407100;2549000,0;8286700;25137630;3003700;7013806;7717100,0;2857560,0;8370800;11296700,0;2767000;1138060,0;6302600,0;54212100;18119288;725200,0;2659800,0;6611500,0
2025-01-10;40328800;25833900,0;21853643,0;46311500,0;31277300,0;5768000;12381700;3971100,0;17167200;19073040;5157300;13374219;9779600,0;3234033,0;14184800;17203200,0;4783900;1441300,0;7471800,0;36793100;23454101;2084500,0;2396600,0;9255500,0
2025-01-13;22897100;30845300,0;17535780,0;36560700,0;28945300,0;4563200;8055800;3311500,0;9941700;17932110;3958400;6916592;12207500,0;3464880,0;11375400;10836500,0;5134900;2086280,0;7654400,0;30436900;22522945;4410600,0;2554400,0;8161500,0
2025-01-14;29173100;21379000,0;22928521,0;43570500,0;42625300,0;5413100;10366000;4867600,0;18049200;26096805;4942700;11157400;13086300,0;3023886,0;18228700;12033400,0;5685500;2527000,0;6522400,0;39132200;21448565;9470600,0;3158400,0;9349300,0
2025-01-15;32512700;35137700,0;40308287,0;42795800,0;45380700,0;4634000;13854500;5745900,0;19626500;34238610;5333700;23067100;14407900,0;7610046,0;14631300;12117400,0;7966000;1772400,0;16103900,0;53092400;36409973;2750300,0;5491800,0;11928800,0
2025-01-16;26733200;220262800,0;24765227,0;37429100,0;29298500,0;4442000;8127300;4735900,0;13590200;30684045;5717600;8180500;12421700,0;5328980,0;20884500;14190400,0;7628100;3055080,0;12279600,0;26640800;33751941;2135900,0;3061400,0;11312100,0
2025-01-17;39941100;54658700,0;23627808,0;60743100,0;51433600,0;4222700;7855900;2647600,0;13271300;24618720;7500200;12831500;18985500,0;3879300,0;18370400;21683500,0;6218900;2222640,0;7532300,0;30748300;37199136;2151600,0;3398800,0;10242300,0
2025-01-20;13912800;12317600,0;10462575,0;17924700,0;22293700,0;2471800;4633500;2893700,0;10499700;18469395;3212200;5139900;27664800,0;3056900,0;10296200;7395500,0;3303000;1030960,0;4292100,0;11418100;15633984;1374600,0;1869400,0;4185300,0
2025-01-21;23612200;28798700,0;15918423,0;25985500,0;26293900,0;3951600;5465200;2982800,0;10675500;17863125;3732500;7017700;35349000,0;3500553,0;12450300;12916300,0;3374200;2653420,0;5807000,0;25403800;20080669;2481700,0;4441400,0;7819600,0
2025-01-22;21832200;34645400,0;23835940,0;42528000,0;44993500,0;4930100;9124300;3303700,0;19236600;23871855;5029100;10481800;30904800,0;3682386,0;17391800;16897900,0;8368000;2057020,0;9958100,0;47319900;28916258;3097300,0;3750400,0;9975100,0
2025-01-23;26725700;25097300,0;22913792,0;36035600,0;35708100,0;4528400;8237300;3527100,0;30067700;19196625;5849200;5572100;20412700,0;3704980,0;20940600;13162100,0;5382700;1256220,0;13909000,0;36718200;21408917;4816300,0;3151000,0;9491400,0
2025-01-24;16216500;20520600,0;9909218,0;45727800,0;44514500,0;4763100;6545700;5297700,0;9081200;15180375;2748800;5191800;15674800,0;3065506,0;11096400;19736100,0;4438700;1373120,0;5799300,0;45091300;12490345;2033200,0;2291200,0;7777800,0
2025-01-27;29809700;24531300,0;22917984,0;80300500,0;34876400,0;22361900;9469100;12808600,0;21719600;28981995;4296900;6746700;28205600,0;4712580,0;19215400;14802600,0;5616300;1900500,0;7377900,0;52771300;25210687;2075400,0;3340800,0;11021500,0
2025-01-28;27621700;22932900,0;16244500,0;24844400,0;39022900,0;10279700;6065500;6692000,0;13016900;19353285;2937100;8234400;12290900,0;9061426,0;12682500;8364300,0;2250600;4160240,0;4713400,0;45701800;22638917;1103200,0;4440600,0;8313500,0
2025-01-29;18204400;19220300,0;13655935,0;33371500,0;26199700,0;7108300;14495900;5230700,0;11592900;21692580;4256300;6387700;13931500,0;3448300,0;11869400;7421000,0;3929000;1953560,0;3869900,0;43636900;17422842;1043900,0;2961000,0;7348500,0
2025-01-30;30916000;40562400,0;29709865,0;56868200,0;22347200,0;6202600;11233500;9426100,0;22311000;33369210;4598900;15645300;18046400,0;6724046,0;14659800;13202300,0;7948200;1829520,0;7756800,0;98412200;28371743;1936500,0;5346200,0;11688100,0
2025-01-31;37044800;25477600,0;20432975,0;37528400,0;26952000,0;7220600;12481800;3416900,0;19675000;27166020;4468900;7673300;26067200,0;3707740,0;14246500;10652700,0;8548700;1413300,0;14859200,0;60632400;26756536;2836300,0;4747000,0;10242600,0
2025-02-03;24877600;27216400,0;25677405,0;32339300,0;29524300,0;7771800;10400400;4366700,0;13290300;24056340;4002600;11613400;45100900,0;5325100,0;10475200;8671200,0;7085200;2285500,0;7490300,0;42468600;22151773;3180300,0;3733000,0;9548900,0
2025-02-04;34290300;32648700,0;23154667,0;36005500,0;23133400,0;5745400;7933600;5273200,0;16154100;30244725;6826300;7896200;24726200,0;8029306,0;14219800;7845100,0;6493400;1830920,0;8052500,0;40751400;20328185;2376400,0;2691000,0;9784500,0
2025-02-05;20539800;21674800,0;45348664,0;42185200,0;44675800,0;4234700;5818900;6204400,0;13663000;21965685;5385800;8087400;55017400,0;6448393,0;14893600;10601200,0;4685300;2803640,0;7522400,0;36082500;25044003;10640300,0;3775200,0;9957400,0
2025-02-06;17512400;32789000,0;44044581,0;45483400,0;24218200,0;5926400;8533500;4648000,0;13960200;28730310;2647400;6742800;83469300,0;4864340,0;11009200;11471900,0;3759500;1424080,0;8169400,0;26547400;27776516;2193400,0;2310000,0;10028600,0
2025-02-07;21438700;24395500,0;40083613,0;129620600,0;33491500,0;4872800;11721800;5908300,0;15270100;32135880;4356300;9968000;13870800,0;8501326,0;21394900;12265900,0;7783700;1861440,0;10328400,0;34977500;21361893;4350700,0;3949800,0;10952400,0
2025-02-10;17483300;15566300,0;42687021,0;31716900,0;50519600,0;3066100;6710100;4129600,0;10942700;21918015;3097900;6937600;12284900,0;4137373,0;9483400;19244800,0;2784200;1513120,0;14660500,0;25229800;25816262;2519400,0;4231600,0;8908600,0
2025-02-11;16624300;18198300,0;35512412,0;40337300,0;35802500,0;6808600;11075200;4428000,0;18486400;27440070;5277700;7529800;8225900,0;8238853,0;8427800;18982100,0;3974300;1679020,0;11255300,0;29425200;46185529;2227700,0;6262800,0;11242800,0
2025-02-12;37364500;35432600,0;34311545,0;123782500,0;39414800,0;8590300;18057500;7665200,0;18063900;25194330;6929700;8064800;13263300,0;9580753,0;16749200;26187300,0;5431600;3240580,0;13749500,0;43189900;50136260;4152900,0;8288200,0;14625100,0
2025-02-13;15351300;21749900,0;15168830,0;44812400,0;21078300,0;5410300;12867600;5211100,0;19004600;25699590;8209400;3117500;5913500,0;6042440,0;12838400;12508800,0;3550500;1703100,0;6320100,0;21988200;18668311;2374700,0;4255400,0;9048100,0
2025-02-14;40322000;49803200,0;33546090,0;46996800,0;34084700,0;7097900;15140500;11406900,0;35295700;37153830;7934600;7599400;19942000,0;9525040,0;15663600;12119900,0;6563100;2875320,0;11688000,0;46583100;39555047;1884300,0;3915800,0;12560100,0
2025-02-17;22615200;12391400,0;20231641,0;17475100,0;9559900,0;5452400;13495100;8671800,0;21145100;40265610;5918200;6789500;49607700,0;6446753,0;21573800;10169500,0;9533100;1886220,0;5263900,0;36112100;50846845;1066800,0;1737400,0;7032800,0
2025-02-18;44062600;27608200,0;34668327,0;25805300,0;18776800,0;8727000;10882000;5704200,0;27342000;41769420;7408000;6336000;28623500,0;5468926,0;15011200;8487100,0;8229900;2319100,0;6240400,0;58285600;62072712;1384900,0;2048200,0;10994100,0
2025-02-19;32648200;26472500,0;25496918,0;38006500,0;16856200,0;6153300;6795500;5269500,0;22819400;19883955;5830900;6704600;19929400,0;4871853,0;11999100;11442300,0;4754200;2273180,0;7959200,0;38104400;34597584;2560800,0;2489200,0;9295100,0
2025-02-20;26641200;76934000,0;17946380,0;26359900,0;24406000,0;6433300;5907700;9921600,0;88971000;22409205;4897100;6856100;14356300,0;6511300,0;14388600;15332700,0;4350500;1084580,0;8618600,0;44076800;18955680;2075200,0;4272800,0;10640300,0
2025-02-21;30115200;37134700,0;34362303,0;45757000,0;34245000,0;8664000;15300800;6441900,0;20157500;28604835;10051400;5884800;11551700,0;5910313,0;90187000;14250500,0;4614000;3294620,0;11963400,0;94029400;27687186;2402300,0;3922200,0;11093300,0
2025-02-24;27830300;19081700,0;29019415,0;30213900,0;28954600,0;9130900;10900800;7514400,0;28014300;32060490;3222800;7373100;14511700,0;7963760,0;42173000;13463800,0;4601100;2365720,0;8091400,0;58518400;22565460;4054000,0;3417000,0;10148900,0
2025-02-25;31960900;19554800,0;29667378,0;33494400,0;24354400,0;8806700;10975800;3427900,0;16895800;38796345;5713200;8763700;24501700,0;7061606,0;29292200;12861700,0;2945400;1981560,0;10105900,0;76158600;25837620;1957900,0;3754400,0;11078000,0
2025-02-26;27420200;25399100,0;24486962,0;51824900,0;79612200,0;25725700;7351200;3542700,0;22481400;24038070;4719000;6130800;9788600,0;8954453,0;34857300;17876900,0;3312800;2318120,0;11152700,0;40355500;19115208;1922800,0;14064000,0;11361800,0
2025-02-27;129693500;18658000,0;23485390,0;40713100,0;66169900,0;11326100;20623700;5550300,0;31089200;22567020;5154300;4631100;8377800,0;6461013,0;37570000;14314300,0;3973400;1952860,0;11958400,0;32846300;29274408;1201600,0;7183200,0;12554000,0
2025-02-28;55476800;46789400,0;40016653,0;84387200,0;79761000,0;7843900;30888400;8305600,0;28266200;31235505;7300300;11272000;21631200,0;46892633,0;40572600;91028700,0;7151900;5885740,0;13479100,0;57805500;47522106;3405000,0;10650400,0;24873800,0
2025-03-05;48552000;13843400,0;29404182,0;41379800,0;54086900,0;9387200;8350900;3253400,0;18081300;11439960;4952200;8435700;9729600,0;5186860,0;29912200;6745300,0;4549800;1783320,0;10101800,0;46942500;34672248;1830900,0;6000600,0;9604100,0
2025-03-06;47749600;17678400,0;21081617,0;44187500,0;40524500,0;7728600;7316200;4468300,0;17819500;36697080;5269600;6691500;15139700,0;4434473,0;21166700;11616400,0;6269600;2283680,0;10279800,0;39802700;27951264;3128000,0;7764600,0;10060600,0
2025-03-07;28074700;25480600,0;23391804,0;29808500,0;30190400,0;7584000;13520000;5447900,0;16830600;42929040;5896900;8225400;14323600,0;6481666,0;26935300;10943300,0;7958000;2324700,0;7194400,0;41638200;27155562;3706100,0;6665200,0;9975600,0
2025-03-10;35037200;23626600,0;31361893,0;42234700,0;27718600,0;5747800;14144300;4220500,0;14457100;41209455;4789500;13118200;10844500,0;5204153,0;13615900;11471400,0;4412800;2160900,0;6403700,0;33483600;32938554;2017100,0;3185600,0;9370800,0
2025-03-11;28805400;23060100,0;21005253,0;43087500,0;32659900,0;8850600;8500200;14261300,0;20095600;37232685;4690700;8900900;6087600,0;3970900,0;15148900;11348100,0;4908600;2108260,0;7062000,0;26354600;31428852;2765100,0;3609400,0;8810400,0
2025-03-12;20149100;18825700,0;20300754,0;31708500,0;38219900,0;6859100;7071500;6848400,0;15085100;23080260;4171200;10508700;6996800,0;3649993,0;16836200;16468400,0;5899400;2162440,0;8835100,0;39894000;30124374;2023800,0;3513000,0;8254800,0
2025-03-13;19263600;20584600,0;32681045,0;35174100,0;35316500,0;6531300;9731300;8204500,0;18344200;25050270;4006700;7823400;10225800,0;4227773,0;27676200;25997900,0;5533300;1447600,0;11654800,0;111595000;31205880;2545800,0;3097400,0;11259000,0
2025-03-14;41529400;31789300,0;35848233,0;42086800,0;41772200,0;8528600;14413000;4332000,0;22864700;68990040;6516300;7368700;15533300,0;7450333,0;23036000;26742900,0;5257900;1488620,0;10124600,0;126026800;36443070;4210400,0;5620600,0;14572600,0
2025-03-17;31175900;23191800,0;30713817,0;23901600,0;49697100,0;8931300;11392800;5193900,0;19847000;40030620;5510800;7396900;13270700,0;5834193,0;18822900;10116600,0;5280900;1958320,0;8721200,0;89758000;30226476;2136800,0;4066600,0;11063200,0
2025-03-18;15086400;18165300,0;30775164,0;19650500,0;31311700,0;5953500;8764200;3217300,0;16806400;27941865;5857400;6289200;8092100,0;9601900,0;12142900;18130100,0;6398100;1687840,0;10512700,0;112067000;42204540;2500900,0;3703400,0;10992400,0
2025-03-19;21180500;23211900,0;25414117,0;25791100,0;35578000,0;5319200;13044800;4219900,0;18962900;36316980;5521900;10487500;11583900,0;13499786,0;16160300;15469800,0;9198100;1959580,0;11984200,0;41690500;51246228;2825900,0;5974000,0;12204900,0
2025-03-20;46921900;17283200,0;32136515,0;31369300,0;18669000,0;4807700;4686700;3759400,0;14013900;18864195;8531700;10826700;15715500,0;35058346,0;20004200;10874000,0;9421400;1542940,0;6626800,0;42754900;35489778;2389100,0;8095000,0;14187500,0
2025-03-21;61175700;30524100,0;49041184,0;74318800,0;28909800,0;9662300;11479800;5972600,0;66960300;31040415;9136700;12726500;37336200,0;6968360,0;20764600;16862200,0;8599500;2684220,0;13364500,0;46789800;50851080;2730700,0;9045400,0;14192000,0
2025-03-24;20348000;18646500,0;32838563,0;44562300,0;21122400,0;4934900;5016900;2636900,0;13497500;24540075;3802700;6701800;8783300,0;4238393,0;11896700;6883200,0;3622100;1684060,0;6618700,0;40560200;39745422;1438500,0;3442600,0;8301200,0
2025-03-25;28036100;15615800,0;19574017,0;63764400,0;20685600,0;5214000;6588000;3845500,0;15292700;60765390;5594300;7291400;9220800,0;5882000,0;18696700;4645100,0;3844000;1762740,0;6208300,0;25375500;35766300;2505900,0;5181000,0;9237600,0
2025-03-26;26870300;29401600,0;32860090,0;49065500,0;29019200,0;6298500;14207800;6468100,0;11927300;28995015;4800600;7353700;11413300,0;4622153,0;14914900;4865800,0;5119100;1318660,0;5115000,0;22029800;45219048;2480100,0;3938000,0;9404600,0
2025-03-27;28444400;15345300,0;29373952,0;40588300,0;20680800,0;8070000;9600700;7551600,0;14399300;40345935;7066000;7179100;11787000,0;5642646,0;17507200;6866300,0;4957600;1990520,0;10046100,0;27455400;51780096;2125800,0;3754800,0;10016200,0
2025-03-28;22057700;31146000,0;22939851,0;25978000,0;37767300,0;3862500;6140800;3025400,0;12444500;32397960;4908800;6903700;11957400,0;4564973,0;18815900;9124000,0;5201900;2292920,0;7313800,0;20197500;41708922;2451700,0;3028200,0;8905500,0
2025-03-31;26049400;20469300,0;26139340,0;38613400,0;41452600,0;6231100;6678500;19613700,0;17667600;30495675;4144800;9912500;10945000,0;5126386,0;18602900;7422600,0;3732900;2983960,0;19678400,0;29378400;39964620;2093800,0;3117600,0;9994900,0
2025-04-01;19075600;12354800,0;12749134,0;20578300,0;31317800,0;5457000;9532200;5623100,0;14219000;26700450;3579600;4688700;7913000,0;3488453,0;11998400;8861000,0;3360000;2431240,0;12950200,0;22267700;18488418;2240900,0;11250200,0;8966100,0
2025-04-02;16959200;13197700,0;12147820,0;18113400,0;35788800,0;5444800;13764300;3632000,0;9089100;39647580;2564200;4635000;11664400,0;3226273,0;13972600;14549400,0;3392700;1384600,0;3920300,0;20422100;20426010;1806000,0;4427400,0;8819500,0
2025-04-03;65896000;32351100,0;32876673,0;46295700,0;44926800,0;8146000;11703000;3749900,0;14824700;34625745;9521200;7476600;17001000,0;4142380,0;19786200;10217600,0;6459000;2656640,0;7359000,0;57239000;29103354;2698900,0;4449800,0;12327500,0
2025-04-04;87263200;45819600,0;32585286,0;48847400,0;59559600,0;10632400;10349100;11137200,0;15612700;42220815;7573200;15612000;17281200,0;4500406,0;23822500;19779900,0;5344300;2260300,0;7358600,0;38448800;37591488;2505000,0;3982800,0;13176400,0
2025-04-07;85724900;35942800,0;33261069,0;50116900,0;50069000,0;9948200;15628500;13539500,0;22342100;56328930;8045600;18873000;16808000,0;5732480,0;26951700;17178300,0;6010600;2116240,0;10317700,0;50560500;54601416;2195900,0;4363000,0;14045900,0
2025-04-08;62128500;46815300,0;37102660,0;56053800,0;39798300,0;8394700;11835700;12575400,0;21884600;56292285;10377100;9053600;14045200,0;5411726,0;17882800;15445400,0;7694000;2023140,0;14001200,0;35507800;38497350;1944000,0;3075800,0;12814700,0
2025-04-09;106391600;56491900,0;37906369,0;64688900,0;51912400,0;11604000;13152400;8976400,0;28796100;56130060;13225400;11678100;22108400,0;5932486,0;28772800;20379000,0;7801500;3112620,0;14262400,0;71372100;41153328;2437000,0;4987000,0;16919800,0
2025-04-10;71250600;38010400,0;36347258,0;29807400,0;21741000,0;5364200;10248500;5106700,0;18618400;43742055;4926000;7200400;14657400,0;4023993,0;19449300;10956300,0;4758900;1717660,0;8755800,0;37053200;33371136;1604900,0;2794600,0;11456300,0
2025-04-11;65329400;22129900,0;28350853,0;28170600,0;35635500,0;3282900;13522200;6658900,0;14793700;28795725;6029100;6674900;10450200,0;3129006,0;15532900;9047700,0;7901500;1803620,0;8776800,0;46094000;38578440;5358300,0;2515400,0;10084200,0
2025-04-14;56015200;19994800,0;27027200,0;18681300,0;23490300,0;5625800;8919600;4679100,0;13391400;28517895;4573200;10086700;11081100,0;2480000,0;13359500;9342800,0;4784300;1656620,0;6055800,0;35402500;28251348;3188400,0;3224000,0;10608700,0
2025-04-15;58276900;17471900,0;25716216,0;20639200,0;22758200,0;4444900;8923900;5195400,0;25468600;24270750;3495400;5996900;7699100,0;2037866,0;12927800;9083100,0;4243600;1590260,0;4435700,0;30452400;29114370;2843500,0;2597000,0;8837800,0
2025-04-16;73227700;23105900,0;32431301,0;29640200,0;60471500,0;7962000;11699600;5429700,0;21762700;21185430;3890300;8869600;10537200,0;4434546,0;12779500;9425400,0;3657000;2131920,0;5708900,0;48582300;38855982;3687700,0;6022600,0;11540200,0
2025-04-17;65752700;23172400,0;20502356,0;26318600,0;56058800,0;3543500;7870500;2790100,0;17336900;28199640;3815100;6538800;7768000,0;3822100,0;14522900;7347400,0;3817900;1631000,0;6110000,0;16597800;26876694;3667700,0;3996700,0;9983400,0
2025-04-22;41683900;16780900,0;21624747,0;23746500,0;28032800,0;3871500;11770600;3502700,0;14220700;27106800;4754200;7094500;11931100,0;4202160,0;8556600;6789300,0;4894400;1497300,0;5247900,0;24950100;25569156;2660900,0;3073700,0;8605300,0
2025-04-23;71566500;18377400,0;28074813,0;38980300,0;35704200,0;8449700;8109500;4283600,0;13812200;36383025;6264600;6647200;16208900,0;5533760,0;18437200;9426000,0;4603600;1674400,0;6784300,0;34484400;39112716;2299800,0;4747400,0;11342700,0
2025-04-24;61589200;19621700,0;27701953,0;28878200,0;38150200,0;13221900;7810300;7814300,0;37053800;39585210;4642600;11886700;15057000,0;11850840,0;14287700;7153300,0;4343100;2264920,0;7774800,0;57242400;37956648;3333100,0;6436100,0;14113400,0
2025-04-25;35581500;26162200,0;32716096,0;26229400,0;24152700,0;10397400;11649400;7437100,0;17884400;20091540;11836900;8327900;19383700,0;4315906,0;15879100;7620300,0;16986500;2006620,0;8555400,0;37617800;36511206;2324000,0;5128600,0;13051800,0
2025-04-28;27362000;12001900,0;15664343,0;19185700,0;28336600,0;8104100;11384400;4719500,0;14161300;24289965;7957200;7923900;8460000,0;5509920,0;15860500;6005300,0;6772000;1980440,0;7502500,0;34401500;17937720;1110900,0;3151700,0;11449700,0
2025-04-29;33041100;11816200,0;25215842,0;29771000,0;59612200,0;5513900;12355600;6614400,0;15861200;35508375;5033900;11322000;5937200,0;5788493,0;15482000;17602800,0;9866000;1254680,0;8055700,0;46192900;29658540;2179300,0;7545100,0;12761100,0
2025-04-30;52798300;18774400,0;32424606,0;55291100,0;46988000,0;34414500;10644700;7448200,0;15925000;27377700;6310300;11927700;18789200,0;5834060,0;14584400;7876900,0;4420200;2257920,0;9105400,0;60556100;40072536;7096900,0;5217100,0;15452400,0
2025-05-02;33146600;17135800,0;39184393,0;27262900,0;35468500,0;18290500;8818900;2690700,0;12319300;15879465;4444300;6970700;8533400,0;3659746,0;18985200;9431800,0;4906900;1903860,0;8443000,0;35156600;25642596;5302900,0;6626200,0;12739100,0
2025-05-05;59011700;12201600,0;28440154,0;32690500,0;29153300,0;15804300;13678700;3424100,0;19470000;20914215;3093100;9057100;18269200,0;3920946,0;13127200;6024200,0;2848500;1494360,0;5567500,0;21723000;38613222;2781600,0;5904500,0;10796300,0
2025-05-06;52751300;12065000,0;17773062,0;26635800,0;21775000,0;6818100;13864700;4087200,0;20080000;18405240;3089200;9051300;7271600,0;3200800,0;29236000;11903300,0;5278000;2062200,0;4624200,0;38505300;29329080;1861500,0;5295300,0;11139700,0
2025-05-07;35050400;11240100,0;13799837,0;45197400,0;23409200,0;9070700;7422400;4275400,0;31415700;15524355;4587600;4327200;6602600,0;2910326,0;11339700;8131400,0;4961100;3615360,0;4657900,0;32650800;26712066;3223200,0;3801600,0;9938200,0
2025-05-08;44665000;15414600,0;34181683,0;218670200,0;45418600,0;12632900;10529200;16303400,0;29500900;24839115;5293300;14497900;17083100,0;9043513,0;45366400;9039200,0;5609400;2711800,0;19387200,0;206214600;46357980;4726000,0;4830600,0;17202900,0
2025-05-09;25075600;15558800,0;59744738,0;58078200,0;23513400,0;5972700;12333500;6056900,0;19842500;51607500;10694300;6518700;10679100,0;7819720,0;38056400;26973800,0;4730600;2080540,0;14974100,0;87134400;62160942;2935500,0;2245400,0;13881800,0
2025-05-12;53493600;26482400,0;27701747,0;28273600,0;19557500,0;10286700;12763600;4121100,0;20623700;25225725;8634700;16835200;17153000,0;7054886,0;20690500;15036800,0;5769200;3177440,0;12741200,0;71564100;33139086;1584900,0;3122000,0;10915800,0
2025-05-13;56165300;21187200,0;25374256,0;41967000,0;20625000,0;11479300;7971200;9885200,0;20288300;40216260;6548800;5804100;20095900,0;13341593,0;23754800;9070000,0;8876700;2242940,0;10157700,0;58164100;49398702;1801200,0;10325500,0;13071200,0
2025-05-14;28060100;16297800,0;18405585,0;44162100,0;37228600,0;7012500;7593500;4848100,0;19723000;31186785;5922900;3992600;32169500,0;5651453,0;11987100;7614500,0;8547200;1251600,0;8310400,0;47283900;23588010;1895100,0;6942900,0;11155300,0
2025-05-15;32468300;13955400,0;27141221,0;37314300,0;19063200,0;6936800;7356500;4252800,0;40596400;33717180;4339800;12570000;24464000,0;5570380,0;21997400;9267100,0;6041500;2599240,0;7344300,0;43622900;38826504;1036400,0;6131400,0;11500800,0
2025-05-16;48111800;18163800,0;30524874,0;35982000,0;26057600,0;8772000;8018900;4575600,0;152180700;20626935;5857100;12594600;25507800,0;4946680,0;10773800;15367200,0;12992000;1753500,0;6980500,0;24313700;43248204;1270700,0;7827000,0;12106000,0
2025-05-19;30200500;14475200,0;25052690,0;34562300,0;14202200,0;3814500;9366600;3955500,0;60409800;34666380;2988200;5837200;20380600,0;7063233,0;10294100;7577800,0;5325700;2436000,0;6551900,0;20967500;31885812;1819400,0;41218200,0;9590600,0
2025-05-20;33485800;10499200,0;18517546,0;27806300,0;17554600,0;4196400;6142000;3882700,0;28138800;21422415;2585200;4995800;19456400,0;4656086,0;13130500;10620300,0;4953000;1253280,0;5509300,0;23985800;22314234;1095400,0;5736300,0;9650800,0
2025-05-21;28724100;14486300,0;20822892,0;25605500,0;16478300,0;7585500;16901900;2966300,0;34009800;21280455;9223100;8552900;32595900,0;7026680,0;19131700;6403400,0;9761400;2004100,0;6493500,0;39859700;25775604;1926900,0;4799500,0;10150400,0
2025-05-22;42207300;18476000,0;23576494,0;46122600,0;18062800,0;8321200;7317900;3550600,0;61464900;41244735;5871800;7470300;40314800,0;7683253,0;14033200;8156600,0;9593500;1469440,0;6092600,0;42796000;37259886;2351200,0;8920100,0;13223200,0
2025-05-23;25732400;14747300,0;20729677,0;35866200,0;16090900,0;5707900;7352100;3264200,0;35980700;45123015;3253300;4471500;48573700,0;5069626,0;19807900;9376700,0;4807900;1876420,0;7504500,0;32278300;40412808;2188600,0;4076600,0;10682600,0
2025-05-26;21277100;7194500,0;6695412,0;16875000,0;6439900,0;1926500;3912400;1536800,0;11584100;17258220;2931100;3626500;32295000,0;2262506,0;4292700;2656600,0;1702800;999180,0;2309500,0;12763500;10685826;1432200,0;2615300,0;5553800,0
2025-05-27;34361500;17943000,0;15157789,0;51944300,0;15568200,0;5502100;14070500;7518600,0;30416900;31090710;14854900;5736600;17869100,0;9864700,0;11183400;8557000,0;6781200;2371600,0;9944800,0;30670400;26107002;3177700,0;4266300,0;11187800,0
2025-05-28;30516200;17700600,0;14984646,0;53685300,0;12853200,0;5306500;16937200;2563800,0;31863700;42432390;4793300;3880000;11746900,0;4920700,0;8903700;15534900,0;2189800;1471540,0;5319300,0;31459400;30029208;2205200,0;5048800,0;9735000,0
2025-05-29;20778800;10246100,0;18040759,0;35789500,0;12528800,0;6974600;9041300;5839100,0;43563400;32360160;8144300;4004900;13705700,0;3314660,0;7421300;8265000,0;4139500;1754200,0;3989500,0;48897400;24115350;1407500,0;3351500,0;8826400,0
2025-05-30;45127700;28286100,0;32129614,0;55543700,0;38207300,0;13668500;13338300;5151300,0;53293100;29169210;10637600;10521400;42040900,0;3936180,0;11391300;22043800,0;4419000;6992160,0;12965900,0;82246300;50091894;3081000,0;16649400,0;15141600,0
2025-06-02;35111000;19267700,0;23768074,0;26220300,0;15049400,0;7716100;7736700;3273100,0;36268800;29642025;7892100;14681100;14103500,0;2745260,0;9131000;10306200,0;4314100;1408960,0;8711000,0;45794000;25620768;2377600,0;12721600,0;9100100,0
2025-06-03;59828700;12824900,0;24216330,0;50865800,0;18971700,0;6516500;7828000;16523000,0;20832400;41178690;7827500;5398500;10992900,0;4277126,0;10638300;8621700,0;3738200;2220260,0;5752100,0;44178300;28242270;1525800,0;16644400,0;9696700,0
2025-06-04;41952900;11714700,0;17784701,0;36692500,0;19154800,0;12869400;8773400;5419800,0;38469100;58939545;7379100;7151000;8495300,0;3917393,0;15347700;8072500,0;4890000;1715980,0;8068100,0;32415100;16280526;2036300,0;7303300,0;10199100,0
2025-06-05;23774000;12594000,0;25542146,0;36435500,0;20132900,0;12056700;14220700;5048600,0;40306500;49583520;21243900;6912500;6382800,0;5322540,0;13717400;6744400,0;5871700;1438780,0;7688900,0;44559500;15156690;2852500,0;5880800,0;9484500,0
2025-06-06;28069300;16638900,0;18733537,0;19352100,0;26987600,0;4539700;16558500;3479600,0;56659900;45597720;10829500;6358100;7461400,0;9747500,0;21498800;9011600,0;3453500;1643040,0;3675900,0;24936300;23515182;2348000,0;8717200,0;9119300,0
2025-06-09;43834800;13029200,0;24664895,0;28177300,0;17173900,0;4151900;5516600;6359100,0;47713300;27079815;3440700;5782200;15684400,0;3682100,0;10642600;6342300,0;2882400;1398600,0;7978900,0;80451800;19206498;2672900,0;5115900,0;7763800,0
2025-06-10;46241800;18890600,0;20974508,0;27623200,0;23640900,0;5988000;6403100;8000500,0;43092300;37953405;4026600;10814200;13786000,0;4154000,0;10181500;11441700,0;4877500;1621760,0;4586000,0;32255300;33896334;2133700,0;6327000,0;8186500,0
2025-06-11;52432400;13639700,0;16665400,0;48251000,0;22849900,0;5025600;6164700;8445700,0;32228100;28747215;4268000;6744300;9752400,0;5356400,0;11942000;13929300,0;5685100;1250760,0;8325800,0;61925500;51140046;6945600,0;11223200,0;8767100,0
2025-06-12;51729500;11136800,0;22525482,0;38328100,0;14788400,0;5467300;2830700;7418300,0;28710900;25304580;4865700;4777200;9780400,0;5575100,0;9016600;6170700,0;2154600;1131480,0;6015200,0;66355600;25360974;1390700,0;4999800,0;7124600,0
2025-06-13;74902600;13264900,0;14821597,0;29855200,0;28248400,0;4923100;5332900;3941800,0;33033700;50894655;10362600;10091700;10263600,0;4954100,0;13660700;11617000,0;4678000;2386720,0;6730800,0;52654600;17337450;3141200,0;6075200,0;8628300,0
2025-06-16;45972200;41210000,0;17874002,0;25238300,0;27978300,0;5928600;8857000;5005300,0;35118400;35399280;6625900;8451000;15942300,0;5934500,0;9065800;11294300,0;4740300;1689240,0;4994100,0;31235100;24089646;1761400,0;4399500,0;7620500,0
2025-06-17;57633400;43657300,0;20133513,0;33555400,0;32452200,0;8397400;4587400;3655300,0;33345300;23528925;5758300;5738700;11661200,0;2966000,0;11099100;7927700,0;5866500;2988580,0;4150000,0;29313700;24887082;1618400,0;4506500,0;8377000,0
2025-06-18;49342900;20499000,0;20285232,0;32449600,0;37567000,0;4336700;4538100;3893200,0;29776400;24045105;3637000;7325800;17882300,0;3778000,0;9156000;5901100,0;3275900;1252440,0;6693300,0;55485100;26688402;1763700,0;6122200,0;8323400,0
2025-06-20;85062700;39947200,0;21841974,0;39693200,0;39451400,0;9459600;11709200;10990000,0;32952400;28290150;5138900;21432500;37906000,0;7491000,0;11593900;10715100,0;7261500;6674500,0;6190600,0;52205800;41387418;4251400,0;7437800,0;11289300,0
2025-06-23;54592400;17288800,0;14711387,0;25046300,0;27562100,0;6081400;6813100;2939500,0;31206000;37725345;4809100;6713600;19754100,0;5001100,0;9613700;7329600,0;3117800;2590140,0;8456300,0;32994200;28650678;1718300,0;4640500,0;7727800,0
2025-06-24;48728300;18576300,0;20742037,0;32515100,0;26798300,0;4735500;7319500;5076400,0;19703100;30730560;5673000;4433500;15489800,0;6366700,0;7330200;8880500,0;3647100;6662320,0;8191600,0;23573800;29725350;2268300,0;4448500,0;8083700,0
2025-06-25;23127700;23319900,0;20384627,0;33727300,0;50901200,0;4072000;4991700;4639200,0;20659800;24805620;3992800;8467900;34194000,0;8260200,0;9344700;14945000,0;3531400;2758420,0;12470200,0;20218100;28986054;1506700,0;2790900,0;7705700,0
2025-06-26;17227000;40488400,0;23717707,0;27870800,0;36177200,0;11156400;33754000;4210800,0;34081400;28136850;7744900;5529500;15219000,0;8377800,0;15504900;7136000,0;3392700;1263500,0;5527300,0;33383200;22466418;3398800,0;5912000,0;8023300,0
2025-06-27;16482100;26016900,0;14240265,0;28697200,0;27309500,0;6984100;14095200;4337600,0;28128900;22057560;4123800;5046200;6409900,0;3964100,0;11171600;4915500,0;2128600;2351860,0;4379300,0;20422900;16576530;1880100,0;3061800,0;6244500,0
2025-06-30;23091100;19961900,0;30712643,0;30209500,0;34532500,0;10282300;8503600;9497000,0;28763500;37561860;6046600;7840200;9559800,0;6602200,0;9891600;9082800,0;3305900;2117080,0;8334500,0;34139300;30294918;2595600,0;17235200,0;7680300,0
2025-07-01;17014100;21844300,0;18712010,0;24480600,0;21493700,0;7110200;6266600;5056200,0;32448000;18460050;3815800;6227200;12160200,0;3777800,0;18127000;5064500,0;4235300;1440460,0;4238200,0;29418200;14532042;5029500,0;4623600,0;6345700,0
2025-07-02;28311600;63100200,0;20331479,0;29531300,0;47073600,0;7025100;15943300;6566500,0;22781500;26958645;7066900;10740700;18376200,0;7549000,0;16801900;15574200,0;6048600;1988140,0;10367900,0;43698400;18758922;5573200,0;5050500,0;8811900,0
2025-07-03;14322300;18256300,0;13945170,0;34023600,0;15694900,0;6963500;8454500;5065700,0;27335900;26035695;3505400;3820800;9255600,0;7227800,0;9136500;10430800,0;4359500;2394420,0;5225300,0;28673500;16600092;2177900,0;3868400,0;6082200,0
2025-07-04;9356900;5449600,0;7528785,0;11797800,0;6452500,0;3488100;3448500;1557000,0;15002500;16310595;1260600;1591800;4627200,0;1893000,0;2375000;3333600,0;2645400;1818740,0;2710000,0;7653900;5863470;5600300,0;3172200,0;2114300,0
2025-07-07;17938800;13174500,0;13885121,0;22852900,0;23165300,0;4161300;4056100;5995800,0;18607600;17286990;2836800;4115200;5768900,0;4994700,0;6696900;5960400,0;2298100;3111640,0;4649100,0;60133400;17277474;5609600,0;6368700,0;6117300,0
2025-07-08;28778300;26632000,0;21526588,0;18149600,0;32803300,0;11029800;5517100;4539200,0;19468700;22664355;2400900;4643100;14041600,0;4734800,0;11458600;7261700,0;4289600;2660420,0;13216400,0;32968400;14002662;2360400,0;9350500,0;6750100,0
2025-07-09;22338900;12209400,0;16093132,0;22687500,0;31299800,0;11678900;7198900;6002800,0;30185400;20102670;3631300;6688300;14574800,0;4843100,0;24047700;5386600,0;8922000;1497860,0;21627200,0;43324400;19933860;2631100,0;9602800,0;7584500,0
2025-07-10;23102800;46597200,0;39571879,0;24133500,0;26865400,0;12622900;15207300;4488500,0;27565700;27701730;8351700;7780400;17959800,0;7316300,0;9850900;14134500,0;4999900;1168300,0;14172500,0;54593600;42448524;2897100,0;15276900,0;9566200,0
2025-07-11;23946700;18313200,0;43139284,0;20943500,0;40755100,0;11076600;10688300;6454500,0;26044900;25093320;3331300;6130000;11548900,0;4998300,0;12820300;5409100,0;6469000;1801800,0;7406300,0;24753200;31467306;4884600,0;7258100,0;7401900,0
2025-07-14;24106300;15141300,0;26665052,0;16403700,0;36420400,0;5026100;5339100;3438800,0;28395000;19896135;3608500;5122200;7073900,0;9285800,0;25465400;3266900,0;5663900;2141160,0;4004400,0;16998500;39326610;2806400,0;5434500,0;7325600,0
2025-07-15;18688300;25029100,0;27356285,0;20723100,0;27675300,0;7131200;4385300;3462700,0;30999200;24724665;4601200;4942700;12467000,0;2952400,0;15946000;10715900,0;6016700;1850100,0;7307500,0;28427600;17985048;6081900,0;5544300,0;6904200,0
2025-07-16;27588900;26394100,0;27655294,0;18619600,0;48903600,0;11531300;3650700;2410800,0;55147900;21844725;4952100;9429400;12183100,0;3093900,0;21491000;8659100,0;6253500;966140,0;16498800,0;21195700;21712740;3400900,0;5549500,0;7833200,0
2025-07-17;27497600;20252800,0;25587775,0;19360000,0;19213600,0;17894300;4405800;2532600,0;28673400;22185345;3191600;4961500;5991400,0;2969900,0;9503700;6059800,0;3567100;1377740,0;6837400,0;19252700;26778774;3345700,0;5497100,0;6800000,0
2025-07-18;57635000;23714000,0;32227155,0;43557800,0;23902900,0;13711800;9534500;4254400,0;42591900;24625335;7229900;8113500;16503200,0;3220600,0;24638500;15277700,0;6040500;3658200,0;13833800,0;110000600;40521234;6016200,0;6079900,0;10071800,0
2025-07-21;16412000;40484000,0;12354541,0;28460200,0;21355000,0;7733200;5629200;4192000,0;42352600;21647010;3868300;3682600;11793500,0;3185000,0;13605800;10514300,0;4605500;1263220,0;7863800,0;27833400;14743896;2478200,0;3457900,0;6726700,0
2025-07-22;24557100;40945900,0;23330324,0;22020400,0;22285900,0;8965700;3073600;3367400,0;24707100;22623300;4187500;5499900;5825000,0;3123100,0;15241300;15072900,0;5227000;1730680,0;6280800,0;17304600;16776450;2535000,0;5862200,0;7052100,0
2025-07-23;27418600;17914800,0;13271962,0;23447100,0;15345700,0;31116000;6541700;2938800,0;35932600;20511330;2640500;3416700;15495800,0;2889200,0;12912300;8581700,0;8451700;892640,0;6641600,0;20683700;11223162;1880100,0;5830000,0;6527600,0
2025-07-24;17856300;21651200,0;11460089,0;40868200,0;8292700,0;30042500;3030400;2419300,0;44775000;16325925;2364100;3806200;10616000,0;2464300,0;10334500;6020400,0;5744800;1554840,0;4727100,0;20520300;14316822;1609300,0;5466200,0;5976800,0
2025-07-25;13341000;21918900,0;18518061,0;21825400,0;15436100,0;19069200;2045700;1389800,0;38899700;16280145;4313800;4159800;16723600,0;2537200,0;13200400;7507700,0;2944200;564480,0;4980000,0;20299900;9419190;2180800,0;3654600,0;5560900,0
2025-07-28;27972800;19175100,0;17849385,0;24295500,0;56671100,0;11133300;5801700;2066900,0;24985300;16992360;3433200;5195700;12773700,0;3716900,0;10686400;7244100,0;4868600;980140,0;9459000,0;22762200;16874778;3541800,0;3832300,0;6625600,0
2025-07-29;33284000;14648700,0;16655821,0;28054200,0;20942500,0;14293400;4821700;3199400,0;37210200;22201725;2336400;4672300;21838000,0;3117500,0;11016900;8621100,0;4222900;1081500,0;8888000,0;17195600;10345248;2572600,0;6494500,0;6324800,0
2025-07-30;27110400;35607800,0;19531787,0;45351600,0;25805400,0;18990800;8891300;5647200,0;79807500;29697360;8802400;7364800;31241400,0;4310900,0;12272000;9253500,0;4993300;2433340,0;17070700,0;22210300;20365830;6059800,0;10585000,0;8655300,0
2025-07-31;23544900;20790000,0;22001830,0;63011500,0;116074600,0;15042800;7016000;3547600,0;37149600;21455490;5256000;5550900;20579300,0;3872900,0;14106400;13389100,0;4105600;1580600,0;5961700,0;24010500;26448192;1806500,0;6520200,0;9196800,0
2025-08-01;24191800;40510900,0;16498643,0;30228600,0;34261300,0;16118400;9470300;3805300,0;91196200;26666745;6867800;6030200;12700000,0;3112700,0;13708700;12946700,0;5965700;1341620,0;4618300,0;22196200;16869372;2667200,0;3552000,0;8497100,0
2025-08-04;15215600;16198100,0;17430072,0;25590900,0;16396200,0;6629900;4518900;4161100,0;54775000;15100470;5618100;4230400;22125100,0;5245300,0;11429000;8123300,0;4058300;652820,0;3932900,0;29274800;15904962;1772500,0;4192300,0;6136600,0
2025-08-05;20635500;21037600,0;49690805,0;31469200,0;33909800,0;5735100;3349400;3368600,0;38162300;15683955;2033300;3268100;9207300,0;6889200,0;10826200;10184900,0;5108900;1018640,0;4681300,0;16600500;15377316;1739700,0;5442300,0;6606300,0
2025-08-06;32854600;17954300,0;41157358,0;24917500,0;43866000,0;9789400;4848000;5997600,0;34102000;14000910;3581100;9346300;20477300,0;3834400,0;18874600;7504700,0;4494300;1425620,0;13498200,0;21662300;26886282;978500,0;5783800,0;8681700,0
2025-08-07;21111400;20298800,0;26887326,0;27653400,0;34814900,0;14205400;16474000;15301300,0;30090000;18451335;10788500;6531000;27364300,0;2742300,0;27680600;6383300,0;6261300;1598800,0;5940600,0;43471800;15149652;1257400,0;8790300,0;9501000,0
2025-08-08;107235300;24205600,0;18329262,0;25120200,0;24174500,0;7471100;11062900;4464700,0;38600300;34780410;5482500;8261000;20781000,0;2812400,0;34800000;6222000,0;5526200;1595580,0;11263900,0;30494500;14164434;1104800,0;4766100,0;9890600,0
2025-08-11;28045800;22304000,0;22695226,0;13742600,0;50587800,0;9567300;6970600;6001900,0;21789700;28940520;3457600;6437900;41654000,0;2367900,0;11909800;7395900,0;5609000;1155560,0;5105400,0;21690500;14553870;1421800,0;6283400,0;6947300,0
2025-08-12;37973300;25851300,0;27812781,0;31596100,0;21327300,0;6654500;22919300;5091600,0;26665200;21292005;3852700;12028700;27539300,0;4064800,0;17012400;11963300,0;7767000;793660,0;40024200,0;34054800;19072062;2242900,0;6023600,0;8342100,0
2025-08-13;38340700;19720000,0;22618491,0;29193000,0;42653700,0;7988800;14800500;3556400,0;33738000;21171150;3160200;10019200;21864400,0;4991900,0;21746600;6151000,0;6052800;1833720,0;15450400,0;34558200;18962310;2778500,0;6529300,0;9398500,0
2025-08-14;43087500;42823200,0;26818728,0;29789000,0;21777500,0;5821900;5738300;3667400,0;70251100;19710600;1838100;9805200;105867000,0;13913300,0;11770700;17233300,0;7225800;872900,0;7705600,0;25411600;30025536;1900200,0;7072100,0;9667800,0
2025-08-15;55416100;34201900,0;19527976,0;20291000,0;22229200,0;7183300;9988400;6413200,0;131820200;13254045;5954500;5592500;36585800,0;5563800,0;18088500;12436600,0;9223200;1312920,0;7071800,0;25879800;83702322;1440600,0;4412000,0;9291000,0
2025-08-18;31498100;12733400,0;21658634,0;42207700,0;18813900,0;5425600;17314400;7032600,0;59254100;17826795;6656100;4403400;54149800,0;4109700,0;9897600;8373600,0;4243600;1017520,0;8717900,0;17580500;36341070;1665800,0;3732500,0;8089900,0
2025-08-19;39294300;17724400,0;40817973,0;44185500,0;29267000,0;5848800;7999000;6756800,0;58349400;17640105;5430200;6302100;47705300,0;4757200,0;9058800;8168100,0;5531100;2363900,0;7315500,0;37944900;24697974;3155200,0;4663800,0;8684100,0
2025-08-20;23706600;9687300,0;16894884,0;31984600,0;21759200,0;7037900;4693800;3262300,0;38402300;20240430;2604900;4844100;18503400,0;3391900,0;10297100;4650200,0;4405200;1120980,0;5873700,0;45171200;14876700;2502800,0;3114200,0;6845000,0
2025-08-21;23327000;10813800,0;16147619,0;26082100,0;17547700,0;4723200;4566000;4742400,0;34799500;15171030;1905800;6469800;22147000,0;6320200,0;14434600;5442800,0;3680000;1937600,0;7563000,0;26879900;19289322;2483300,0;4345700,0;6516300,0
2025-08-22;49813600;20706700,0;32623087,0;36922300,0;16592500,0;10637800;11314500;4171100,0;38192400;24534090;5248500;7531200;26099500,0;5494400,0;14411800;9056800,0;13060700;1141980,0;19733400,0;34681400;44465370;1411000,0;4897500,0;9315600,0
2025-08-25;21075300;10397400,0;11064054,0;24075600,0;10382300,0;8394800;4082400;3808700,0;24054000;16645755;2604200;4927000;18629500,0;4662500,0;9254800;5928700,0;6837600;843500,0;4902900,0;21521500;14635878;1488200,0;2963200,0;5991700,0
2025-08-26;21789700;18891500,0;22088247,0;37241300,0;27024300,0;13465700;5780500;3401500,0;35682300;16930935;3907200;7967200;14344000,0;3193700,0;7161100;6634500,0;3839700;3295180,0;4472800,0;18756700;16141602;1674300,0;8679600,0;8453400,0
2025-08-27;16349100;8789100,0;12612968,0;20684700,0;23328100,0;7509800;6770700;3655300,0;43263600;18623850;2707100;5638700;19708400,0;4545800,0;20184300;5972800,0;4440400;1035440,0;5632600,0;23148600;20644494;1807900,0;3703700,0;6609100,0
2025-08-28;25802500;22059500,0;25167947,0;32140300,0;25303600,0;11601700;18396800;6207800,0;29893700;45803730;3254300;6899100;55384600,0;6901100,0;20125500;11866000,0;7894600;1346800,0;8611700,0;44836800;27532758;3671200,0;6361500,0;9294800,0
2025-08-29;27713400;13885400,0;32600942,0;32575000,0;22696900,0;12724500;10719600;5644700,0;31255300;30910530;4318500;7484100;84410200,0;6301300,0;9628600;10010700,0;5174400;1397760,0;10425500,0;27571700;18724752;2904900,0;6576400,0;9333200,0
2025-09-01;9889700;7765400,0;14863209,0;13494400,0;8227400,0;4831500;6084000;4123500,0;17070500;30854040;1853600;3949300;41390000,0;2203600,0;4657000;3961200,0;2995300;1568980,0;2485800,0;13726300;14799384;1168400,0;2008900,0;3388000,0
2025-09-02;19812000;9578500,0;24358676,0;25223800,0;18419800,0;7248500;4046200;3212100,0;46246800;15819615;2160200;5110200;40283100,0;4704400,0;6055600;6330800,0;2967200;2144100,0;7235200,0;15369600;21017406;1389300,0;4279600,0;8785200,0
2025-09-03;29788800;11832100,0;20686108,0;18858600,0;57777400,0;8758100;5449400;5718400,0;27313600;16418640;4176100;6671400;49203800,0;3914100,0;6482600;5586400,0;4770500;1598380,0;7430000,0;28385800;25800492;3670900,0;4997800,0;7579800,0
2025-09-04;24816500;8442100,0;15877244,0;22151800,0;25257600,0;8614300;5951000;6469000,0;30302400;26548620;3848400;9022300;72823600,0;2260900,0;7280600;8148700,0;2518400;1443820,0;6909800,0;19819200;14854056;4119100,0;3076800,0;8032400,0
2025-09-05;46121900;14014700,0;15664343,0;31586500,0;17025900,0;6112300;11213400;3460100,0;40453000;32295480;4145500;4509400;41458800,0;5806600,0;15465400;5059700,0;5730300;990780,0;6882000,0;24940400;16796238;4593400,0;3379900,0;8379400,0
2025-09-08;18164200;9701900,0;11800195,0;21367000,0;43983300,0;6063500;6155300;2100100,0;41757900;29259930;5668300;3525000;88559200,0;3604300,0;9408200;7415800,0;2898300;1119720,0;8082400,0;16580600;18881832;2676500,0;3290300,0;7440900,0
2025-09-09;31283900;24300300,0;19497179,0;23027600,0;47583700,0;5401000;3407500;3447800,0;36226500;19192110;4768100;3873600;44453300,0;3955500,0;11298400;8214100,0;5214000;2316020,0;5057000,0;17176500;18836238;1563400,0;2648300,0;7481900,0
2025-09-10;35949600;13463700,0;14517129,0;26745800,0;40403300,0;6369400;2983600;2862200,0;69024000;32090415;5697800;4009500;17519900,0;3421400,0;17531000;4787200,0;4593700;1507800,0;15471400,0;27909700;11611272;1614100,0;3806400,0;7138700,0
2025-09-11;17607900;14107200,0;18078972,0;44461600,0;28340200,0;6560300;10071300;2437800,0;41313800;38184930;4438400;6205500;16974800,0;3199400,0;19721400;3854400,0;13645000;1290520,0;7180900,0;28319200;20631642;1829700,0;3819200,0;7570400,0
2025-09-12;19318400;12303800,0;22589754,0;26449500,0;24015800,0;4908900;3408600;2899400,0;39368300;20654025;4190400;4485900;18309900,0;2138600,0;6124800;6311800,0;6314000;544600,0;6734700,0;25530500;15768996;1475700,0;1645200,0;6388600,0
2025-09-15;21978400;12457500,0;14196181,0;28565000,0;37293700,0;6287600;4914600;2753900,0;36708800;28773570;3698800;4243100;16239100,0;3133800,0;14180200;3699500,0;3364700;1190420,0;6509400,0;29161000;18841134;972300,0;2257700,0;6614000,0
2025-09-16;19154700;15618500,0;19993536,0;27075700,0;40985200,0;6047700;6500100;5303500,0;23706000;36285480;3768300;21540900;21483500,0;9813600,0;19329800;8507700,0;7156200;2020200,0;6169000,0;19723200;14783472;1912000,0;4386500,0;8478200,0
2025-09-17;29148100;23116700,0;25226348,0;44010600,0;26865600,0;9531700;9782800;4268200,0;39196600;52012695;4711400;7088200;31306800,0;5607800,0;31079600;8515000,0;5065200;1150100,0;8736400,0;39739900;30249120;4355200,0;3930000,0;9604400,0
2025-09-18;25702900;17700400,0;15433005,0;25877600,0;59380000,0;7699800;5259300;8907500,0;35973700;20073480;3944000;8788300;16584600,0;6595700,0;8975200;7828900,0;9294400;1121960,0;5922200,0;33594400;19682328;1585400,0;2496700,0;8372000,0
2025-09-19;48871300;25374600,0;26702853,0;51887400,0;35447400,0;9696300;7182400;10999700,0;49988600;17667300;6515100;12662300;14499400,0;5796100,0;15882500;9306400,0;4360100;2574600,0;9928000,0;41804900;40920972;2597000,0;5491100,0;10279800,0
2025-09-22;22016100;21947300,0;18325039,0;31295400,0;14169100,0;17499300;6371300;2762900,0;29380400;15566775;6973500;5030200;109994000,0;3559900,0;15873500;7252900,0;3978900;980560,0;4744300,0;52882400;19108986;2695700,0;3904200,0;9428100,0
2025-09-23;39895300;17652400,0;16930110,0;31896600,0;14643300,0;6867600;7571600;1974000,0;84333800;26995920;3438200;3604100;21059700,0;2497800,0;29583700;6707100,0;5352300;1898260,0;4461500,0;41427400;15488700;2692400,0;3293100,0;8143800,0
2025-09-24;36414400;13005700,0;18713452,0;24592400,0;18134100,0;4562300;14461900;3844400,0;29027100;21153720;6218100;3211000;35950900,0;3109000,0;21931600;4854700,0;4927500;1087240,0;7463600,0;37274300;13500006;2181000,0;5158900,0;7292900,0
2025-09-25;29556300;13631100,0;15146768,0;22322600,0;25988200,0;8075800;18348800;3972500,0;28793600;37707600;7714900;4095600;55638800,0;3145500,0;17435400;7224900,0;3532300;1755600,0;5263200,0;33539200;14675148;1799800,0;3196200,0;8293800,0
2025-09-26;27819700;29037000,0;12786935,0;17781600,0;12757700,0;4491900;6380500;1717000,0;15230100;24341625;3803300;3238300;47479100,0;2797500,0;12917600;5853600,0;4423100;983080,0;3814800,0;37061500;9518130;2916600,0;3010200,0;6338200,0
2025-09-29;35720000;15580200,0;19124422,0;17152900,0;21050900,0;4873200;4435300;4054000,0;17908100;42088620;4990200;4236600;24787900,0;2840800,0;9310100;9482100,0;4355200;1256920,0;6690500,0;27585100;19948956;1146600,0;2955600,0;7074100,0
2025-09-30;48611500;18280700,0;33263438,0;31375900,0;52485900,0;7668000;8860300;5046300,0;26500000;53095350;7034700;6519500;20858300,0;3594200,0;18552300;5374700,0;4159100;1837360,0;7678700,0;31215100;41308776;3570100,0;4829500,0;9477300,0
2025-10-01;24817000;18278300,0;25519177,0;39717600,0;28764000,0;11275700;6426400;3153500,0;33351400;46123455;2888900;6579000;19965500,0;2173200,0;11004100;10169100,0;4514300;1315440,0;6326700,0;32626800;20067072;3475100,0;2655300,0;8340700,0
2025-10-02;25497100;14824500,0;17094601,0;32063000,0;25828200,0;8501800;16675500;3452200,0;29996100;22836450;5306000;7774900;27263900,0;3960600,0;9441900;6599600,0;5590600;880320,0;4768900,0;28021800;20421318;2447400,0;1829400,0;7245600,0
2025-10-03;19756800;19240200,0;17766985,0;22193300,0;21785000,0;7971200;13704700;1978800,0;16402600;34357575;5529000;4691600;16534100,0;2657000,0;6337000;4725500,0;5633900;1585220,0;4618000,0;14804900;23251614;738100,0;3003900,0;6177600,0
2025-10-06;21245400;26102900,0;14832309,0;25025200,0;14804500,0;10721600;4363100;2604600,0;16949600;21915600;4504200;5390300;26392600,0;3060900,0;10078800;12121200,0;4766100;1183140,0;4015200,0;13687600;20770056;1215800,0;2763600,0;5981500,0
2025-10-07;29068800;26072300,0;20705472,0;42904900,0;18071700,0;5190500;8408700;2953200,0;18484400;21778680;7097600;26233100;36269600,0;3543500,0;27240400;8080000,0;6404800;3135860,0;16249000,0;33534000;50542734;2922600,0;6311400,0;9272700,0
2025-10-08;17687400;24609500,0;15395204,0;25534300,0;14723700,0;6387700;5408600;3575600,0;15223100;28115955;9745300;20706800;32223200,0;3955900,0;24230000;6440100,0;6846400;1587600,0;9710500,0;43464100;24319656;1525900,0;4382900,0;7525200,0
2025-10-09;22879700;18184600,0;18067539,0;20125800,0;28928400,0;14768200;4061800;11861700,0;12039500;19640250;3182900;6721400;23073200,0;1653700,0;9930000;6902300,0;8866300;1187060,0;6340900,0;28855700;13887300;1913600,0;3393400,0;6821400,0
2025-10-10;50214400;22970400,0;23250808,0;28431400,0;21477200,0;10273600;9072400;5600800,0;31221700;20879565;5447200;24800700;42512400,0;11279600,0;12508900;14064900,0;6329700;3176040,0;8014700,0;27120300;18013404;4464100,0;4372300,0;8280800,0
2025-10-13;13890500;23294500,0;8194989,0;15538000,0;11694900,0;11420200;3613000;3362100,0;14359200;19664505;3707800;5046900;19956700,0;3726600,0;14423300;11000000,0;2535100;1587880,0;3143100,0;19134300;10401552;9732100,0;2645500,0;5531200,0
2025-10-14;28138200;19329000,0;21154861,0;38399800,0;29046500,0;10186200;3928500;13024000,0;19911800;14808465;3933100;7482400;14711900,0;3921900,0;13551500;5892100,0;3462400;2546180,0;10120900,0;21740700;29992182;4012400,0;3271600,0;7122300,0
2025-10-15;40261000;45104600,0;21972166,0;35955800,0;28407100,0;7314800;10268100;5252200,0;59520500;23188515;8159100;11827400;17242500,0;4084600,0;25355900;8456800,0;5049400;3280620,0;24915000,0;44926600;27205440;4926100,0;4698700,0;10321000,0
2025-10-16;28660900;21358500,0;15847580,0;43635200,0;26420200,0;10795000;5573300;3346400,0;25380500;40883535;3663700;5982600;20487000,0;3336500,0;10871100;7920400,0;2545400;2863840,0;13862700,0;33516100;13961352;2165400,0;3824800,0;7391900,0
2025-10-17;36238600;17325300,0;17469315,0;33720300,0;23480500,0;28853800;6161600;4254200,0;69050600;28614600;4198600;12510900;41706700,0;3275400,0;11865900;7206500,0;7215900;5787320,0;7795300,0;38344100;22448262;3888400,0;3849400,0;8875100,0
2025-10-20;31442800;17798400,0;19114019,0;19858100,0;18260900,0;12463500;4498900;2915100,0;18843700;12841500;3992100;5660000;19070300,0;2767600,0;40862100;11324400,0;3775400;2923060,0;5951900,0;19391000;30120702;3977900,0;2837900,0;6793400,0
2025-10-21;25509900;13432700,0;14013871,0;18340400,0;26607400,0;10407600;4260500;2823200,0;25719800;13804140;3010100;4577200;24465100,0;1872700,0;11470500;5290700,0;2577800;2469180,0;5120200,0;17862400;17079798;2717200,0;3021600,0;6193200,0
2025-10-22;27088800;25267300,0;13890374,0;17711400,0;29517800,0;16229100;5548500;3061300,0;13590700;13535340;3648800;7354800;19503100,0;1944800,0;8254300;6953300,0;1964100;1812020,0;6351400,0;42120000;21273528;2489900,0;1509400,0;7025000,0
2025-10-23;40060800;11217700,0;11432588,0;21199100,0;25355600,0;15783500;6749200;2706500,0;11428700;50576925;2825900;4933000;22663700,0;2709000,0;15548500;5550000,0;1698300;952420,0;6050900,0;25108500;11693688;2418200,0;2201600,0;6599600,0
2025-10-24;24370300;11127600,0;10169911,0;17723600,0;21686700,0;10015800;12743600;2231200,0;23127500;23449125;4135300;4514500;10333000,0;2689600,0;14203900;16996000,0;2357600;1712620,0;4187800,0;26019700;11467860;2547500,0;3571400,0;6491300,0
2025-10-27;24771400;12018100,0;11194349,0;25859200,0;40310400,0;11591400;7078100;2502800,0;21147500;22558830;3245700;6292200;17642000,0;1796100,0;8495100;7942700,0;3088200;2399600,0;5240600,0;15181600;15672810;1705400,0;6212300,0;6445200,0
2025-10-28;25324800;15797400,0;10478499,0;33329500,0;29170400,0;9574200;5727800;2901100,0;17489600;11424210;3496900;28331500;9034000,0;2116000,0;12051100;9375000,0;3079700;2195340,0;4268400,0;20963800;15548880;3864200,0;5645300,0;7108000,0
2025-10-29;24854900;30844900,0;27235466,0;43232000,0;38485900,0;12072900;6632900;2469500,0;17099800;13356210;4542100;20986400;9412200,0;4430700,0;10253500;9943800,0;4455600;1842680,0;11214000,0;20173700;31715166;10859900,0;2690600,0;7999500,0
2025-10-30;22657200;25586000,0;18657008,0;66549800,0;91617100,0;11980500;4210900;3235000,0;27700600;15100050;3990900;8951200;21273000,0;4478300,0;8638700;5756900,0;1952700;1443400,0;12866200,0;14072300;19981596;3539300,0;3716300,0;7300600,0
2025-10-31;29516300;38988400,0;16449821,0;35036500,0;32112500,0;12528200;3973100;3935600,0;31430300;14380065;4902400;6697300;31858600,0;7899000,0;16851400;6345400,0;4554300;1384180,0;7662800,0;17872900;29211984;5440000,0;12811500,0;8911000,0
2025-11-03;54977300;16985400,0;17968144,0;35328300,0;28265800,0;8375200;5467600;2747600,0;23059400;11489310;3806500;28416100;20180500,0;5486700,0;12206500;5144500,0;2009100;2062900,0;5588700,0;27192300;24012942;5955200,0;7852600,0;7667600,0
2025-11-04;35035200;22055700,0;20386481,0;24920700,0;27058100,0;7341200;6858500;2960300,0;18372500;7011585;4515200;12611600;16142100,0;4153600,0;20103300;8438600,0;2470500;3242260,0;6048900,0;38086200;20589312;4091500,0;6332000,0;7541200,0
2025-11-05;40375900;22505400,0;36312135,0;32489600,0;21385300,0;6623200;8955000;3217900,0;21186000;15467235;4568500;14694500;16181700,0;6532200,0;15942000;21873300,0;4792500;2010680,0;9600800,0;32733700;44162532;4294800,0;5196100,0;9803000,0
2025-11-06;43435700;15939100,0;23226500,0;23203700,0;15494600,0;11139300;6800000;13087600,0;23305100;21751275;5485600;7561100;27612100,0;2675200,0;15386600;17317400,0;4396000;4360580,0;5821100,0;33002800;29906400;3769700,0;3118300,0;9387600,0
2025-11-07;97315600;20800300,0;12706904,0;15628600,0;30240300,0;12825500;4632000;6216000,0;16303700;27718425;7965500;9811300;29792700,0;3960000,0;57823100;12546300,0;9101800;1045240,0;6100800,0;21686600;21602580;7830000,0;3377900,0;9474100,0
2025-11-10;41064200;12689400,0;16552409,0;28034500,0;25239700,0;10066300;7527600;7668400,0;18881800;16046625;10687100;7535000;12656300,0;3368600,0;41178800;7346100,0;8357100;2403520,0;10668100,0;37328100;32797998;4780700,0;4045500,0;7751600,0
2025-11-11;68221300;25496500,0;37289193,0;39993600,0;36404100,0;10291400;17859500;33220100,0;31294700;29114505;6817600;14677900;33085400,0;8045800,0;31403100;9109600,0;5983400;2712080,0;18905300,0;66621000;53623542;4087700,0;7159400,0;12876000,0
2025-11-12;67646400;26550300,0;36789128,0;30776900,0;32756700,0;10226300;6089500;11267800,0;49688100;15031275;10555800;8010000;16565300,0;9718600,0;13600600;13456000,0;4187100;1804600,0;14058900,0;73999300;42946692;3586600,0;4503600,0;11226600,0
2025-11-13;38517200;19058500,0;33686974,0;32477500,0;23794500,0;10736800;7294900;5502900,0;66538100;15416205;6230700;6939700;20580500,0;123599300,0;13292500;7011500,0;3672300;2238040,0;17188900,0;66538000;39466758;4024400,0;4660000,0;10560800,0
2025-11-14;27371300;16374400,0;17006742,0;26233700,0;15539900,0;6639800;13642300;2754300,0;36144600;25073685;5721700;8784600;17262600,0;56062300,0;16630800;4933900,0;4621000;1867880,0;10473800,0;34127600;19246278;1422900,0;3230700,0;7977300,0
2025-11-17;63708200;20150800,0;43985120,0;27809900,0;33654100,0;9531800;6671800;5693500,0;18797000;17720430;10502800;14334600;24827200,0;17960000,0;11855400;7356900,0;3734800;1090740,0;14274000,0;39319600;21341154;1813800,0;2847200,0;8419200,0
2025-11-18;26520500;22468700,0;17147337,0;31226100,0;46389400,0;7190100;7280300;3888300,0;25637700;18369015;4257100;5676000;9688600,0;13165800,0;17918800;9688800,0;3766700;3248700,0;6671900,0;56692100;26245518;1528400,0;3604200,0;8723000,0
2025-11-19;48719300;16523800,0;25766686,0;25755800,0;101108300,0;7656600;6865000;3510600,0;21302000;16938915;5621100;5599400;19980300,0;11456100,0;11168600;6040500,0;3033900;1278480,0;7483600,0;34599400;20450286;2388300,0;2360000,0;8815200,0
2025-11-21;40869300;20272600,0;16502454,0;33815400,0;35463400,0;9992100;12102200;6013600,0;32134300;25141725;7107700;6434200;24194000,0;9345400,0;11363300;6643000,0;2139400;1921080,0;7939700,0;28389800;17075106;1682800,0;4196700,0;7848000,0
2025-11-24;38665600;20462800,0;29014997,0;32487300,0;43126600,0;12391300;10748300;6122500,0;23116900;27962445;5621600;6905800;19398000,0;6051300,0;15383300;7535800,0;2545800;3293920,0;9202500,0;39046200;27442794;1798300,0;5871800,0;9277600,0
2025-11-25;28431100;18275300,0;30345963,0;28601700,0;20205700,0;4409100;9174600;2964200,0;19668500;19989270;3589100;3851200;8958700,0;6320800,0;11527100;5493800,0;2682500;2243920,0;5878200,0;21263100;24781920;1965500,0;2085900,0;6929400,0
2025-11-26;25042100;33408500,0;22251296,0;33913900,0;33961700,0;8639200;11606700;4698000,0;15757200;18614715;6595400;15332100;18240500,0;16848200,0;13225500;7654500,0;6147000;1356320,0;7409000,0;35623400;26690850;2254100,0;2945200,0;8596500,0
2025-11-27;16087400;9739100,0;9469408,0;9964400,0;8093600,0;3006400;2165800;2309900,0;8595700;9577260;2157700;5508900;32784900,0;13753500,0;11352100;5755400,0;3247100;1121500,0;2457800,0;30241300;11485200;616400,0;1352100,0;3121400,0
2025-11-28;60420500;46007200,0;45311657,0;25415300,0;23319400,0;7531800;5803800;4656100,0;19115200;15099000;4286300;6191000;15894400,0;14140000,0;11421800;4383100,0;6492800;2581500,0;6504800,0;31855300;55395996;3365900,0;2880400,0;8017000,0
2025-12-01;29489100;15657000,0;15912985,0;24721300,0;15984500,0;17188500;6446200;13866800,0;15511100;10236765;3695500;5007100;20019800,0;11754800,0;29121200;4916300,0;3245100;1926600,0;3445200,0;25552400;63765606;3790400,0;2717700,0;7504300,0
2025-12-02;25574100;22567200,0;21175667,0;23940400,0;36109000,0;5818500;15172900;3516100,0;21443700;17682945;4973900;7442900;18833600,0;13789900,0;10598000;7283700,0;5292000;1731800,0;5700500,0;56471500;43768710;3242600,0;2856500,0;8430000,0
2025-12-03;36630000;42361200,0;23159653,0;63797200,0;15674100,0;10377300;13969600;3596500,0;20882500;23710785;5420400;4379000;17504200,0;6622800,0;12529200;14863500,0;4602500;1384300,0;8799600,0;33323800;31508106;3247700,0;3134700,0;8292000,0
2025-12-04;33009700;38019900,0;23199514,0;35919800,0;37988200,0;7415000;19151100;6061200,0;26591100;57664110;6693600;10095100;18450300,0;9648300,0;33671400;9321400,0;8102700;1639500,0;10489900,0;41656800;41995644;3504000,0;2426700,0;10592300,0
2025-12-05;74495100;40196800,0;39832160,0;72531700,0;61741400,0;15748300;23510800;9393300,0;51737100;41284425;13131800;11180400;24603000,0;16383500,0;33234400;11792900,0;16837500;2035000,0;15402400,0;63305600;47963868;3577800,0;5412000,0;14529000,0
2025-12-08;30271600;20860900,0;40458400,0;34307900,0;19119600,0;10859600;15656600;8052700,0;27278400;26651520;5010700;12514600;35828500,0;8835100,0;34816300;7143100,0;13868500;1890900,0;10922400,0;42127300;40909242;1986300,0;3351100,0;9024100,0
2025-12-09;23863000;23081300,0;24725047,0;34063400,0;38541700,0;8650500;9391900;5631400,0;20754600;28289415;8909400;7562800;28440800,0;20124500,0;34870600;8034900,0;10920300;1471900,0;15113500,0;29507300;43532478;5166600,0;2958700,0;8703800,0
2025-12-10;22123700;24454800,0;25643189,0;26416600,0;91743100,0;4290600;8330700;2580400,0;14096700;18250260;6366100;4771800;16671700,0;6857600,0;37755200;20382300,0;6751800;1379900,0;10755900,0;23459000;52473594;3439800,0;2828500,0;8239900,0
2025-12-11;64927900;25687700,0;21275268,0;22571700,0;22635200,0;5154200;6279500;3220700,0;17143500;25851525;21574100;5080600;10236700,0;11219800,0;14374900;6954000,0;3466200;1206000,0;9599300,0;23197900;27567132;1684700,0;3154900,0;7018000,0
2025-12-12;39659900;36483700,0;17595593,0;29409300,0;30262800,0;9931700;6690200;5750000,0;22651600;19101705;5822700;7896400;22569100,0;11917700,0;14679100;9208400,0;4017300;1132800,0;7252300,0;30560500;29327142;2437500,0;3396300,0;7671200,0
2025-12-15;31898900;16841700,0;17767809,0;22821300,0;22268400,0;12049800;4284600;10684900,0;18133500;18610200;5696600;6487500;33775200,0;6938300,0;26299000;7176800,0;3313400;2036100,0;6660700,0;38100400;17237592;4187000,0;2273200,0;8229000,0
2025-12-16;52661900;21953000,0;20379168,0;30577300,0;43020300,0;10274800;12103800;8050300,0;22792200;15605520;5795200;10856300;22039100,0;6631800,0;34608700;6897400,0;7201900;1462600,0;10155500,0;60275300;32249544;2232700,0;4258100,0;9920300,0
2025-12-17;39337100;29375000,0;31625017,0;48096300,0;28631200,0;10202400;14494900;10485800,0;26144900;15643110;9610900;23444200;24156200,0;8674600,0;28855000;8310500,0;10984000;2311300,0;14692300,0;132381000;37780086;2804400,0;4122000,0;11344300,0
2025-12-18;34311000;18430200,0;21898830,0;22975800,0;23928400,0;5144100;6683900;6974100,0;17004900;15603315;15098200;9794500;26431500,0;4783500,0;18259400;6191000,0;6152500;1098000,0;9506600,0;38525400;19859808;1914400,0;4355200,0;7800100,0
2025-12-19;45807700;37147100,0;35446214,0;33688200,0;30380100,0;12839100;8116200;10751500,0;41700500;14208075;13244300;11808700;42387000,0;7307500,0;13532700;11424600,0;5732600;2394000,0;7955000,0;39377400;46941400;4316200,0;4251900,0;9946500,0
2025-12-22;35896900;27853000,0;15858704,0;19424900,0;26993300,0;6391700;8836400;5777600,0;17942700;15214500;9456900;5912100;13221500,0;5861900,0;15254400;10686600,0;4335000;2669700,0;4724200,0;25118500;18783200;1724400,0;4055800,0;8424000,0
2025-12-23;35703900;17140900,0;10490138,0;26477700,0;45087200,0;4886100;6524200;5277000,0;14967000;14595210;12965900;3469100;5742800,0;10791400,0;15266600;5403700,0;4242800;942800,0;3988600,0;26819000;12528200;4361500,0;1754900,0;6569800,0
2025-12-26;20178600;16368800,0;12196300,0;18043500,0;29118400,0;1829300;4077300;3467100,0;9742800;7410690;2858800;2191900;12239600,0;6007100,0;6717500;4919000,0;2016000;579200,0;2571800,0;24322100;17144900;1674700,0;1928700,0;4790000,0
2025-12-29;20588100;19963700,0;10657000,0;24923600,0;20303700,0;3845900;5738700;4262300,0;9988400;9609180;3315700;5633500;7782100,0;3901900,0;13310500;8095700,0;3501800;1201800,0;4830000,0;24699600;13165800;3051100,0;3318600,0;5605600,0
2025-12-30;16880600;17085400,0;13764900,0;18087700,0;25304800,0;4334800;7143200;3895900,0;13121900;12866200;4309500;5154100;14932000,0;5389700,0;11989300;5246500,0;5838000;1511300,0;4172300,0;24758000;16666700;2573600,0;6069800,0;5870100,0
2026-01-02;21625200;28418900,0;18846800,0;19380800,0;24557600,0;4801300;5341600;2823100,0;16077000;11298000;5570600;5026900;18894200,0;6999300,0;14265600;12462400,0;5777400;1236700,0;3901500,0;25030000;18672900;2535100,0;3586000,0;7459400,0
2026-01-05;48211400;24958100,0;24438700,0;50153200,0;17543300,0;4531300;7868600;4211400,0;10675500;12352300;4947400;4763000;27242000,0;5719700,0;33507300;6496100,0;6741700;964700,0;5441900,0;26006500;35859800;2542500,0;3527800,0;7985200,0
2026-01-06;38095000;39536600,0;21959800,0;24993300,0;28548900,0;5168600;9868600;5554400,0;28809400;14943300;5153600;4652600;10522500,0;10048900,0;19591500;10117700,0;14231800;2307500,0;4560900,0;31323200;16458400;2320300,0;3893000,0;8412600,0
2026-01-07;28132900;41501600,0;20894500,0;17154200,0;28605400,0;4904900;8703900;4652600,0;27650400;23440400;8357300;4184200;27254100,0;3737500,0;15016900;16022900,0;7967500;1353600,0;4471400,0;28359300;19658100;4936300,0;3147400,0;8846600,0
2026-01-08;34125800;31894900,0;17209400,0;30919300,0;31130800,0;9557100;6789700;4927200,0;23579700;12980200;5838000;4982900;15553000,0;9929700,0;12832200;9840400,0;6051500;2526900,0;6647300,0;74915400;40016300;3071000,0;3782500,0;8607700,0
2026-01-09;27982800;24801200,0;17023600,0;16397800,0;17408500,0;4871300;6382000;5668700,0;20280800;22469000;5611100;3916200;30348600,0;6057000,0;10977900;7617400,0;5524000;1404500,0;5274500,0;51883500;29728500;2899100,0;3103200,0;8301300,0
2026-01-12;18947400;13129800,0;10672200,0;18972100,0;14562800,0;4361500;7569800;3199500,0;15846700;13347200;3415500;5179700;53854100,0;3445600,0;7372100;6705000,0;4898300;1591300,0;4598600,0;30178100;13690000;2039300,0;2821800,0;6896600,0
2026-01-13;54097100;24539200,0;17397400,0;25752700,0;33777500,0;5294900;6544900;7013200,0;39312600;28401800;3687900;6433000;37876100,0;19831500,0;11578500;7113900,0;4358200;3360800,0;7179100,0;26056900;33777800;2624500,0;6444700,0;9668600,0
2026-01-14;82309300;44225300,0;21222100,0;31867300,0;22198700,0;6175000;8764700;4249800,0;20884400;20752400;3105400;6290100;34344300,0;8697200,0;17605300;11163200,0;6160600;1950800,0;7456700,0;43356400;25481400;1856200,0;6855800,0;9928900,0
2026-01-15;26456600;35503900,0;19093500,0;37422400,0;21374400,0;4604100;6918000;6280000,0;20166900;28392200;2979700;7115500;29148200,0;10836400,0;10535100;22666400,0;5502400;1904700,0;7038100,0;51505100;37769400;4247900,0;5019400,0;9406500,0
2026-01-16;70947300;45910100,0;19742500,0;28353400,0;31536400,0;9477300;11617700;8040600,0;55093000;17107700;9115800;10849300;33088800,0;8085100,0;8977100;23261500,0;11174900;6269400,0;5636300,0;46183300;41765300;2254400,0;6133700,0;11489200,0
2026-01-19;12852900;10678500,0;7190900,0;10581700,0;8040400,0;5052000;6306500;1735000,0;10910800;9710200;6916100;3876500;20976600,0;5526000,0;3967400;9019900,0;3480700;1098200,0;2129900,0;17187300;10094000;2342500,0;1494100,0;4804300,0
2026-01-20;26300000;31198500,0;20693900,0;25010600,0;20664800,0;5987900;9126600;2681500,0;20625300;22970000;2497900;8577800;16938800,0;4942900,0;11766900;11011600,0;5548700;2634900,0;5683800,0;126606100;18781600;3606400,0;5511900,0;8369200,0
2026-01-21;93270900;83134600,0;39510800,0;74374300,0;35138900,0;7600400;10460500;6863600,0;52298400;16727100;4956800;9504900;40606300,0;6612700,0;20969400;18339000,0;5667900;2590300,0;11414100,0;81358100;57121100;4004100,0;6241700,0;14067700,0
2026-01-22;71516300;62515300,0;42959700,0;56520800,0;47662500,0;14397700;12491300;8999200,0;47402900;24288200;7235500;13526100;17975400,0;8526200,0;17194100;18182900,0;5858800;2539400,0;16209600,0;56650300;67564600;3823500,0;8597800,0;14023500,0
2026-01-23;68642600;25432600,0;41025100,0;37158300,0;53554400,0;9064000;7720800;6743700,0;70331700;23389800;9275500;8490600;28835300,0;10984200,0;16794300;14107400,0;7385300;2401000,0;11815900,0;46608800;46213600;4339700,0;6049700,0;11778000,0
2026-01-26;39869600;35741300,0;25371700,0;34782400,0;22156500,0;14664900;8218100;4400700,0;42487400;18407500;5078400;9272400;18236800,0;7056400,0;21056700;13318700,0;4259200;1473700,0;11168400,0;41590300;36499000;2022700,0;5455200,0;9569200,0
2026-01-27;47268200;30922500,0;40280000,0;34219200,0;24248800,0;11316600;12214500;6435600,0;35277600;16735000;6546700;7037400;44813300,0;10534400,0;17144600;15581700,0;8577300;1978700,0;11595100,0;53356200;41188200;3657700,0;5519700,0;11340800,0
2026-01-28;46054700;28473800,0;36337500,0;31338800,0;23714500,0;13110700;8628000;4384000,0;37374300;20719000;5163100;7559900;122356500,0;9108400,0;16311000;16432200,0;4985200;1817600,0;7986400,0;48570900;39423000;6133400,0;5252300,0;11856200,0
2026-01-29;58722800;42013200,0;36252700,0;31208200,0;33726800,0;9387700;9137800;6027300,0;50632400;28116600;9287200;6401500;84816700,0;10765800,0;17211700;13276700,0;7517000;1497700,0;20184000,0;118557100;38939300;3462000,0;5110500,0;12945700,0
2026-01-30;45794700;41681400,0;38117000,0;26351100,0;40087800,0;7212600;11096400;7918900,0;32426800;19854300;12105400;7658600;50548800,0;10069300,0;18669900;14357700,0;5430400;1866700,0;7466500,0;55423600;36324500;2894800,0;6983600,0;11105300,0
2026-02-02;38505600;22289400,0;28095400,0;25109800,0;19323000,0;6846500;6387100;5530400,0;18511500;14726400;5900300;8254600;45261900,0;9094900,0;11195400;9347700,0;4146100;2163700,0;11794800,0;35903500;26323100;2476100,0;5136600,0;8740500,0
2026-02-03;57152800;37709700,0;48570600,0;24905100,0;32249800,0;6917500;9659700;10035900,0;35191200;22715700;7575300;7468100;26229400,0;7672400,0;12707500;10266600,0;9186000;1495400,0;11319800,0;42608900;34885200;5841900,0;4939000,0;10758800,0
2026-02-04;37955800;51744400,0;48683500,0;46217700,0;27049700,0;8893000;20373000;4810000,0;26372500;21355600;8209700;5604600;48685000,0;9454300,0;9485300;8461000,0;6569800;1639200,0;14129300,0;35678700;46662400;15939300,0;5965200,0;10728100,0
2026-02-05;35933100;57049000,0;36014400,0;61032100,0;26311400,0;7437700;9053200;4556500,0;38580000;13183300;8133900;5608000;49490000,0;7913500,0;9262400;12052200,0;3829000;1435900,0;15395500,0;53976900;29143800;4523000,0;4868800,0;9832100,0
2026-02-06;27681100;28889600,0;38175900,0;94063600,0;23511000,0;5766400;9948400;5262700,0;36083700;35563900;6225900;7328400;24772000,0;12662400,0;10041900;13482600,0;4327900;1042100,0;8950000,0;62490400;41507900;13352600,0;5672800,0;9896700,0
2026-02-09;27089800;26531100,0;41656900,0;40230200,0;22980900,0;7661100;7108100;3688000,0;17847600;23799100;5552500;12313700;41695300,0;10680500,0;16152000;16122100,0;4558500;1435500,0;19528000,0;24451100;36030600;7314900,0;4048900,0;8921800,0
2026-02-10;24585300;14177200,0;43939300,0;25521200,0;35103300,0;8866200;4231000;4466600,0;26925100;15416300;3513400;5762600;93495900,0;6477700,0;14010000;15926400,0;5008500;3387100,0;11375400,0;55278200;37803300;4879600,0;4900500,0;10298000,0
2026-02-11;55863800;28395300,0;45819200,0;50967100,0;26720300,0;6680100;8840000;7428400,0;28271000;16601200;27708000;7980900;30919300,0;9248300,0;17261600;16317200,0;3769300;2140600,0;15363700,0;46555200;32001100;3538300,0;16791500,0;11642200,0
2026-02-12;39856000;51472200,0;42023800,0;32620300,0;55037900,0;6660500;10256000;6816200,0;111154300;26023100;11352900;6128100;65263800,0;12949000,0;11079900;20952500,0;4712200;1472500,0;10400400,0;39912500;48318600;4604600,0;5966800,0;12361300,0
2026-02-13;27507000;28644800,0;32353500,0;45493100,0;23238400,0;7178500;6378600;8639500,0;61597600;19363800;12831100;6374000;163933900,0;16223300,0;10168000;22917800,0;3766400;2224300,0;13019500,0;38407300;24256800;4565000,0;3992900,0;11594000,0
2026-02-18;32276700;20898700,0;23368500,0;28450400,0;29705300,0;7766100;7426400;5066100,0;38768500;10535300;5734300;6695500;51685600,0;12216800,0;6374200;10116000,0;5900800;1946800,0;7790400,0;38351500;31791700;2171700,0;3520400,0;7790700,0
2026-02-19;48355000;28410900,0;32026400,0;42690400,0;23244500,0;11680200;3662300;4711400,0;32852600;15969100;3902400;9213500;72595700,0;16322000,0;16946300;13833600,0;3314100;1280800,0;7157700,0;33377000;20747900;2006700,0;2978800,0;9228700,0
2026-02-20;51949800;40577200,0;31655900,0;36313800,0;33875800,0;14808500;4729000;5549700,0;40353900;15490100;5820100;8309400;90473100,0;14298100,0;10920700;17145000,0;5400300;1644500,0;5465400,0;28265400;29977600;6231500,0;5004500,0;9988100,0
2026-02-23;55061500;21193900,0;34148200,0;37464600,0;29917200,0;5164300;4985700;5813800,0;72770500;17659300;4529000;7186200;42642800,0;11413300,0;7981700;17903700,0;4713600;2628200,0;6658000,0;33070600;28969500;4503100,0;5962700,0;9901300,0
2026-02-24;43263600;19760700,0;38465900,0;30613800,0;31221100,0;11974100;6249000;7200800,0;26761400;19247800;8659900;8900400;59874800,0;11031900,0;29336200;11964200,0;4675500;1731500,0;8188300,0;33547600;47083400;4711500,0;4669600,0;11037300,0
2026-02-25;26012300;28707500,0;28980200,0;34124600,0;29966400,0;10719400;5015700;7202700,0;29552800;25004500;11432400;5423000;27014700,0;7566800,0;13544800;8774800,0;6224600;1235800,0;8997900,0;29596100;31858200;3723900,0;2834000,0;9134900,0
2026-02-26;29919100;24503100,0;26516600,0;40191400,0;18040900,0;9902400;10536100;27422200,0;24720400;12048700;6986000;6877500;33892400,0;15745500,0;16987800;12533800,0;5320500;2125600,0;11718500,0;24570400;24701600;3775900,0;4042500,0;8797400,0
2026-02-27;38799000;17328300,0;44765800,0;69034600,0;34463800,0;7316400;16578500;14841100,0;20417600;11244700;5319700;7391500;19904000,0;10395400,0;9657900;10525600,0;5211500;2209800,0;10421600,0;50947300;36363000;3865000,0;10682400,0;11002300,0
2026-03-02;83817000;13952600,0;47144000,0;32108900,0;18638600,0;5402000;14027000;8714800,0;23891500;17947600;5090800;4932800;48026200,0;8312700,0;6278400;11092600,0;4713800;1586100,0;7548900,0;33357000;22398600;2964400,0;8387700,0;9090200,0
2026-03-03;93893800;36088800,0;54352300,0;57300000,0;40085300,0;13648400;16008500;16495600,0;62065500;23872900;9151000;10778000;97904400,0;15973400,0;17579900;15801000,0;8309300;3169700,0;21363700,0;70126200;36863700;5574500,0;6162600,0;14367500,0
2026-03-04;50915600;17605800,0;27146100,0;64157000,0;26249500,0;6449100;6292300;5710400,0;14597900;17524500;5629100;7393000;84800600,0;12721700,0;7217100;9134600,0;5346400;1366300,0;12691800,0;36341300;24899500;2727700,0;3873500,0;9113300,0
2026-03-05;53107600;37872100,0;37085400,0;46790000,0;26954000,0;7897500;12463000;12192200,0;24730900;20521200;4996300;6045500;31845900,0;11196000,0;11483600;16286500,0;6795700;2100000,0;12883000,0;71248600;29466600;3629100,0;5386700,0;10596200,0
2026-03-06;87228000;29504600,0;26063600,0;37187000,0;17914800,0;5517900;9698100;9537300,0;20986400;18677300;5010600;5801300;41914400,0;7678000,0;23018100;14698000,0;5419400;1343300,0;9962200,0;38256800;19375700;3223200,0;3042400,0;9918300,0
2026-03-09;107124400;30576600,0;40970400,0;38655600,0;21901300,0;5742300;16139000;11578200,0;18981100;16425800;5612500;6534600;61964800,0;7587800,0;29236300;14806000,0;8537300;2411100,0;12474600,0;37855700;45201700;2481100,0;5224700,0;11419300,0
2026-03-10;56706200;17172800,0;50383100,0;32907500,0;20894000,0;5655000;9121600;7498200,0;21786700;21417000;4071000;7598100;37986300,0;6731700,0;14866000;12211700,0;7461700;1529600,0;10675500,0;53328400;51053300;4664400,0;5817600,0;10083000,0
2026-03-11;73234300;20865000,0;18482600,0;23976900,0;19594000,0;3420400;6655400;5214900,0;16908800;13112300;2350800;7468600;117538400,0;6136800,0;15990400;12147100,0;4148600;1267600,0;4985700,0;23407700;20281600;2605600,0;7778000,0;8956100,0
2026-03-12;86124400;29136500,0;27095200,0;45693900,0;37546800,0;7215300;8608800;5516400,0;34978900;14948600;4895800;7453800;68634200,0;7553600,0;15229200;47734400,0;6609000;1784600,0;11722700,0;42337300;26730300;5057500,0;6127700,0;12075300,0
2026-03-13;42520400;14416400,0;24896600,0;33706400,0;25418200,0;4406200;10597600;5548300,0;38122400;37702000;3469600;5778200;23285100,0;16057300,0;14456200;36465200,0;4222300;1417500,0;7846700,0;19622000;17202500;3768600,0;4867600,0;9525600,0
2026-03-16;40474100;13591400,0;17777300,0;34664900,0;28906400,0;5913000;7101200;3835800,0;30930000;22733300;3456200;4077100;30257600,0;14789000,0;20028500;22389100,0;3807100;1160400,0;4283300,0;23771800;16704700;1886300,0;3329300,0;7370100,0
2026-03-17;51025600;14222300,0;22436600,0;24004200,0;27499600,0;5780200;6780500;9293200,0;22315500;22442400;6523600;4476000;80450800,0;11210100,0;8420000;24449900,0;3505000;858600,0;7097900,0;30507800;40027500;1998000,0;5727400,0;9332600,0
2026-03-18;55074700;19412200,0;23872800,0;26382300,0;20403700,0;5688200;5972200;5791700,0;15566500;23534100;8819400;6419300;80840900,0;14318200,0;11276800;25082400,0;3668100;1266200,0;10772900,0;23216900;42579900;2525700,0;4120300,0;9750200,0
2026-03-19;84865000;27262900,0;32908000,0;33436700,0;30848100,0;5299300;14042700;10312600,0;29427500;23104500;8891500;12194600;43106000,0;57746500,0;13909900;27897500,0;7111500;1480400,0;11706900,0;59021100;28526200;2353300,0;5400300,0;12560400,0
2026-03-20;78125700;44208900,0;37660900,0;53625700,0;65705300,0;10234300;17420200;12983900,0;37796900;28291600;12549400;12866800;40997600,0;24453000,0;21116200;37070700,0;18698000;7198100,0;18114700,0;46586300;65026400;5619600,0;9300900,0;15348900,0
2026-03-23;65252400;23384500,0;27535500,0;30955400,0;23231600,0;5584500;14926300;12920300,0;23714600;20111900;5039000;5632200;40682000,0;13393300,0;22781900;20968700,0;7374700;1316100,0;12812700,0;38247900;27139600;3861200,0;5873900,0;9874700,0
2026-03-24;57455300;15700300,0;18609000,0;23064400,0;13573700,0;5779900;5881300;4445400,0;14982000;19212700;3422300;7439500;10310200,0;8228800,0;22192300;13347500,0;7135000;967800,0;6165400,0;21699800;25796600;2668500,0;5200000,0;7563900,0
2026-03-25;40532900;18658300,0;35148900,0;29470000,0;25296600,0;8453500;10358900;5614100,0;20200600;17871200;5053700;5881400;26434900,0;14788000,0;29363600;12946400,0;8015300;2078800,0;10106000,0;44334400;36046200;2388400,0;4492500,0;9074000,0
2026-03-26;59986800;13518900,0;18260900,0;50872800,0;13324100,0;4612800;6105700;2883700,0;28327000;15274300;2985400;14796800;9956900,0;6536700,0;12060200;8907000,0;8081000;1717300,0;5861800,0;23557400;30956900;1309600,0;3634500,0;7806700,0
2026-03-27;54170900;11101700,0;27910700,0;20727200,0;17884700,0;3314900;9079900;3545100,0;16957900;22237700;5543500;7766200;29895400,0;9452300,0;25661200;10938800,0;8870600;1038900,0;14128200,0;42461100;25843800;2346500,0;5654300,0;8073000,0
2026-03-30;51454300;18776700,0;18528100,0;32459400,0;18158200,0;8682700;4752900;2210700,0;23669500;17213200;2994100;6219700;25690900,0;7941800,0;21413800;10759800,0;6299900;1230800,0;10362400,0;38391500;22002100;1217300,0;2252500,0;7704600,0
2026-03-31;78931700;24956400,0;33419700,0;41297600,0;36180800,0;11795500;12751300;6577000,0;25610100;27630300;6309900;8894300;48445800,0;7234600,0;19833900;12148400,0;8965900;1956000,0;12745600,0;54051300;37631400;2220000,0;5197600,0;11389100,0
2026-04-01;66488400;28514000,0;26681100,0;48850400,0;23927000,0;12831600;9991900;5786300,0;22064800;19365500;4289500;9133500;23090800,0;9931900,0;17599600;8816600,0;9801400;2007400,0;9892000,0;47320500;44742900;3015800,0;4795200,0;10556000,0
2026-04-02;38536900;14019800,0;17811800,0;29291200,0;25947900,0;7547300;10607700;3579200,0;16378700;14359700;4370400;5013700;16475700,0;12270900,0;7043600;6972300,0;4427200;1909000,0;6127500,0;27826400;20690700;1564800,0;1908200,0;7082900,0
2026-04-06;27848100;8680700,0;11004600,0;27976500,0;14919000,0;2617700;4083400;2705900,0;11198800;13342900;5941000;2505100;8756000,0;11550000,0;8254500;5826700,0;3815000;836900,0;4491900,0;21583600;18266800;1662800,0;1692600,0;5697600,0
2026-04-07;33362800;15312500,0;20302000,0;24923500,0;18339600,0;3983500;5667600;2871000,0;13760900;12038500;46567200;6182000;9690800,0;32723700,0;38131800;8722900,0;8283600;1555600,0;4506400,0;42624300;23591500;2014100,0;3029300,0;8753200,0
2026-04-08;87580500;24942400,0;35777600,0;67537800,0;34907800,0;10118800;11929600;9417100,0;40278600;18316300;11557300;13656400;26254000,0;15401400,0;16947300;15227400,0;9570100;3089300,0;18658200,0;60763700;33538800;5278600,0;4810300,0;12594000,0
2026-04-09;58206500;17973100,0;22162900,0;32822000,0;33451600,0;6218000;9819400;6529600,0;16299100;14711600;7089200;10028000;8411900,0;10325100,0;11877200;11007700,0;7140100;2572400,0;11089100,0;40108400;30831600;2052800,0;5061300,0;9382900,0
2026-04-10;42860900;24002400,0;29705900,0;33816800,0;23124300,0;6331700;16870700;7720100,0;22773400;13301800;5970000;9782200;35236800,0;21736700,0;21059600;17337000,0;7202600;4758900,0;7803800,0;37802100;51621900;1818200,0;3999100,0;9661000,0
2026-04-13;60941100;24661900,0;31011600,0;34692500,0;23073100,0;5536700;15505700;5275400,0;29435700;14389900;6951400;8365700;15604500,0;9385800,0;8927900;9895200,0;4695400;3594900,0;10530300,0;67037700;38541300;5459100,0;6978900,0;9947000,0
2026-04-14;58646800;18528400,0;23343300,0;32893100,0;22292800,0;11897600;10620900;9332100,0;28487700;13395600;11894900;12749400;23491600,0;7090200,0;15476600;12944700,0;6772200;3043800,0;8523900,0;35228400;41932800;3942800,0;5833800,0;9222400,0
2026-04-15;61852100;24527300,0;28907200,0;37389800,0;24739300,0;14915400;8813300;81869100,0;36240900;12868500;11085200;14546000;12690800,0;10972400,0;12448800;8756700,0;7090000;2776500,0;7588000,0;39081700;29788400;4085800,0;3914400,0;10709900,0
2026-04-16;54484300;13618900,0;22566300,0;35466500,0;49811600,0;10979400;6211100;9885200,0;20801800;12966700;8122800;6591000;23409300,0;8974400,0;19780600;20928300,0;2818300;2443200,0;5036900,0;35870100;26605800;5048900,0;3691000,0;9286300,0
2026-04-17;105186900;30119000,0;39165500,0;49218700,0;36665400,0;9369900;10891200;11334300,0;22413600;18950900;8265700;10841200;24325400,0;4639100,0;26067600;13922600,0;5172700;3385000,0;8357200,0;45139000;36146300;2503600,0;5692300,0;12187300,0
2026-04-20;41904500;16067700,0;19194500,0;20455500,0;14954700,0;4448400;5115200;5844600,0;13669600;14635000;4213700;6630000;13622300,0;3864500,0;10065900;8061000,0;2353700;1300300,0;4243100,0;41040100;25431600;3113100,0;2769800,0;6767400,0
2026-04-22;51063000;13222100,0;25440000,0;35201800,0;26157200,0;10210700;5929700;5257500,0;25207400;12795800;4628200;8093900;10768100,0;4273100,0;15603300;11049800,0;5372600;1729500,0;6396500,0;24812000;36104000;2368600,0;6683600,0;8398100,0
2026-04-23;38666800;12637500,0;20444200,0;19189100,0;25435000,0;10526700;5706200;7256300,0;24573300;12084000;7248700;6909500;19360000,0;12918300,0;10529500;10110900,0;4460300;2368400,0;5330800,0;18613800;33002600;3310800,0;3212600,0;7763400,0
2026-04-24;34880200;11436400,0;18234600,0;21380800,0;24151800,0;5113600;5636400;8079500,0;20235200;9917800;7909400;7616600;14729000,0;14048500,0;10703200;7715100,0;4888100;1452000,0;4296900,0;41679200;22115900;2536400,0;2984000,0;7223800,0
2026-04-27;31543600;8656600,0;13718400,0;17874000,0;18935100,0;5188300;4441300;5095700,0;15576900;8331300;3909400;5949200;26201100,0;21500100,0;9404200;6646500,0;7780000;1401300,0;2601900,0;18924800;24148100;3342000,0;4350600,0;6663800,0
2026-04-28;29389700;13687500,0;27131800,0;26064600,0;15614300,0;6446500;14600500;4261800,0;11919500;10183500;6072700;5363300;24049900,0;14379200,0;15297500;5183000,0;11858400;2732700,0;7849400,0;24781800;18728800;2616000,0;5911500,0;7511500,0
2026-04-29;47685000;43296200,0;18628100,0;33825900,0;18123700,0;18546300;9625900;3399000,0;33020900;14208700;8755800;7250400;11001100,0;5019300,0;15933700;9126900,0;8348400;4512500,0;6087700,0;43626800;24356600;7479300,0;3858200,0;9054900,0
2026-04-30;36666100;17593900,0;22735500,0;24009300,0;26546800,0;11343400;10903600;4299500,0;16978900;17525600;13209000;6754000;10879200,0;13349700,0;14816500;11200500,0;7738000;2286800,0;9514200,0;23750100;31950600;4218400,0;4700300,0;8991200,0
2026-05-04;41319600;18555600,0;25336300,0;27527900,0;21318400,0;7037600;9020200;3392100,0;12949300;14398300;7528500;9215700;5720400,0;12213500,0;13032000;6692800,0;12366000;5228900,0;6426000,0;29385800;20967300;1950300,0;5237600,0;7544200,0
2026-05-05;28066500;16295600,0;29386700,0;23567700,0;109952300,0;7527400;10860200;6686200,0;11722300;15252400;7255100;7033700;6919200,0;13193000,0;13083800;7487200,0;9682000;3976200,0;6316300,0;20019200;24056300;1956300,0;4510100,0;8631700,0
2026-05-06;62009100;17424200,0;38718400,0;31056000,0;31822900,0;6614900;7969300;14056300,0;15301600;11485200;4354400;7008900;7121600,0;5665900,0;30293700;14649900,0;11680100;3604400,0;7356200,0;34599300;36507700;2481000,0;3188600,0;8844600,0
2026-05-07;71214500;18912100,0;36335300,0;53319900,0;30952400,0;4182700;6446900;20929100,0;19233100;15526800;5074000;8576500;4450200,0;10003200,0;24896900;6886800,0;3998800;4446800,0;7742800,0;26262200;36631500;2960500,0;4567600,0;9643100,0
2026-05-08;32914200;16782600,0;35920000,0;37000000,0;41784100,0;10953200;17235800;9162600,0;22432400;35215100;3491500;5512400;6961900,0;7118100,0;27340400;6923000,0;7194700;2509300,0;9091400,0;28496100;43252600;1738900,0;3845200,0;9214400,0
2026-05-11;50622200;24868900,0;41215600,0;33701700,0;19740000,0;6362800;12194500;18126900,0;19018400;18515700;5046800;5357700;9546500,0;8669400,0;12696300;6631000,0;7593500;1518600,0;12253600,0;28393600;38945400;3495900,0;13283000,0;8780300,0
2026-05-12;81072700;16503000,0;43381700,0;29020600,0;19751300,0;7511100;9663200;6539700,0;18272200;17784300;4526600;7331700;4112800,0;25945600,0;15472100;7013700,0;5757300;1697700,0;17384700,0;19014600;46705600;1938200,0;5608000,0;9056000,0
2026-05-13;57251900;31641800,0;48564700,0;54103500,0;28456100,0;9255500;19666600;13087900,0;31119200;22615000;7129900;12449200;5303100,0;23108900,0;30918600;10192400,0;13164000;1792700,0;18127600,0;70172800;52794200;5578500,0;4419100,0;12621300,0
2026-05-14;47760000;31954300,0;34925200,0;28467200,0;22570000,0;7130800;11961000;5410100,0;69887800;20866400;5157300;9622000;19405900,0;11417000,0;44646000;13518600,0;6670600;1062300,0;13168800,0;30947500;37588200;2474000,0;5075800,0;9295700,0
2026-05-15;59380500;36318900,0;46869600,0;34994000,0;31009700,0;5283900;7525800;12945000,0;35294300;17594900;15739400;8292000;16028200,0;11781200,0;11016300;17569700,0;13209800;2328500,0;8815400,0;23708600;24344300;1891900,0;4269600,0;9772200,0
2026-05-18;57388200;22668800,0;22993100,0;17534300,0;20757200,0;6993100;6728000;7620900,0;21577400;18028200;5678900;5209900;10928300,0;12484100,0;11879400;15875200,0;5161000;2392500,0;8557600,0;31340200;23016300;2383100,0;6113200,0;7367400,0
2026-05-19;40943000;20334400,0;41150400,0;37267200,0;25814600,0;6814600;6064700;7320300,0;36742400;18272100;5073700;8716400;14271700,0;9144300,0;10397200;12762200,0;4833800;1811500,0;10589600,0;63506400;35294800;3103400,0;4236600,0;9086100,0
2026-05-20;52780200;15669300,0;38261500,0;40845900,0;24281300,0;6975500;15077300;7124800,0;38517100;21093700;5755500;9417300;9743800,0;6539700,0;17007200;12356300,0;6859100;2084500,0;16101300,0;57502900;31322700;2610600,0;4441600,0;9365700,0
2026-05-21;57725900;15156600,0;40949800,0;20334500,0;20774700,0;3527300;6411500;3752300,0;21652100;17378400;3962400;7931500;17244600,0;12758700,0;16379800;10279500,0;4208700;1313400,0;12222800,0;26356400;25349400;1636500,0;2480500,0;7354500,0
2026-05-22;39634300;11443900,0;21539700,0;20095600,0;24010300,0;4827600;5977900;6164600,0;14910500;13376800;3386900;10685700;9643900,0;10072600,0;17968500;13506800,0;6619000;1119000,0;8871900,0;31892100;21393200;1363000,0;5578200,0;6760900,0
2026-05-25;26720900;7059500,0;11436200,0;13186100,0;14643100,0;2514500;5543000;4555900,0;15414500;10045800;2687700;4852300;13108400,0;4208000,0;8605000;6152300,0;6318900;594000,0;5612600,0;16994700;8705000;679300,0;1806200,0;2377600,0
2026-05-26;36040500;10409000,0;23046600,0;26326900,0;35881800,0;3932200;4879600;8149500,0;22798700;10894700;14152400;14406400;7596400,0;5559000,0;10189900;9424400,0;5705900;962600,0;9069500,0;38370900;17545600;5448700,0;3934200,0;7402600,0
2026-05-27;53745400;10613200,0;21601400,0;23973800,0;37022600,0;3920700;5498100;6533800,0;13716500;13503200;7296600;7859000;14609400,0;6347000,0;9152000;12617300,0;8701300;2152500,0;7089600,0;22460000;17007700;3115600,0;2803500,0;7310400,0
2026-05-28;37534800;12798900,0;20196600,0;31080500,0;24813300,0;4259200;6735700;8743900,0;19444000;17829300;4893500;8927800;78926300,0;6396900,0;6376400;15221500,0;15458700;1537600,0;11597400,0;21661300;25918800;1234800,0;3148600,0;7376200,0
2026-05-29;73281800;20839400,0;80334400,0;59372500,0;86401700,0;25788200;21837500;22103800,0;60512500;19948000;13175600;17971300;36826200,0;11154200,0;8763400;11728700,0;7475700;7484500,0;14559100,0;48006500;48530700;3266200,0;14446000,0;15551600,0
2026-06-01;73925300;16605900,0;32832400,0;27399600,0;37464400,0;10985100;11096500;4193800,0;50279700;19869200;8283900;7339900;43720800,0;5171700,0;20944300;28197100,0;7428200;2480300,0;12828100,0;49561100;30563400;1810300,0;6489200,0;9892300,0
2026-06-02;27318300;18457400,0;23121000,0;21483700,0;15806800,0;9991100;11401600;6310300,0;19384600;18461700;5562100;9850000;16394200,0;4549600,0;13846900;30525000,0;6295000;2873600,0;8932700,0;38626900;31120600;4639300,0;4804400,0;7503900,0
2026-06-03;42895100;19308800,0;40844400,0;30635400,0;24645900,0;6573100;7372500;8770200,0;27323000;23074300;6506600;10919400;19427800,0;14470800,0;16921800;25347200,0;9899400;2299900,0;14867300,0;41255400;25863000;3462700,0;7626900,0;9974200,0
2026-06-05;34730900;23008500,0;34727700,0;24164700,0;22964600,0;10064100;6816800;6623200,0;51227600;27759100;7282100;13214800;34147300,0;5674200,0;15180300;34714100,0;6516800;2275800,0;9846200,0;30092100;24951100;1348900,0;5630000,0;8585100,0
2026-06-08;34043600;15671500,0;23153100,0;18139400,0;18008000,0;9657900;6846100;7664900,0;15329800;17634500;4563900;9780300;26058700,0;4300600,0;11628300;15866000,0;6969300;1479100,0;5479800,0;42510200;23615900;2234500,0;5090200,0;7438000,0
2026-06-09;56680400;17523500,0;28212000,0;26754000,0;23741600,0;9564900;6596600;7592100,0;18242900;24632800;4639400;7948100;60826600,0;5806400,0;14688100;23202800,0;7430900;2341500,0;16494900,0;48003700;24995900;3479100,0;6463000,0;8440200,0
2026-06-10;44953200;12469100,0;41470600,0;19825200,0;23080500,0;7939100;11072400;11181300,0;18849900;23198500;4552700;16091300;27907700,0;4382400,0;14819100;14973700,0;5187500;3989700,0;14645300,0;66313600;34950400;2035800,0;7771900,0;8732300,0
2026-06-11;52321500;17725500,0;57558800,0;31243100,0;33555900,0;9103200;17368900;12199500,0;32600200;28878200;5413600;8273100;11174300,0;5654500,0;22244600;14982400,0;7549700;6697200,0;11346000,0;76637700;31124300;6625800,0;3650200,0;10576900,0
2026-06-12;34082200;12112600,0;30651000,0;22078400,0;14291900,0;5024100;8442400;5526000,0;13773000;16254200;3071200;9025100;7460700,0;5237100,0;10416400;11031700,0;8763700;2463400,0;7441800,0;46559500;32010300;2993900,0;2491600,0;7013700,0
2026-06-15;54174000;22329400,0;25132500,0;18201800,0;19463100,0;6230000;11562500;7511900,0;16495300;18145200;6046700;7930000;11802300,0;8720200,0;12901000;14845000,0;7979300;2147800,0;10725400,0;38898400;37274000;2702500,0;2160300,0;8709200,0
2026-06-16;36250100;19713900,0;20052700,0;19627200,0;13495700,0;5226700;11968400;9873600,0;25391100;25995600;5531400;10982400;10474700,0;4429100,0;8831400;15586500,0;4025100;3686500,0;38493700,0;26364300;147724100;3878600,0;3439700,0;8765700,0
2026-06-17;66882000;20268200,0;28205700,0;30207900,0;32858800,0;9704200;9415300;6406800,0;14117900;28655600;6059500;9744400;10652700,0;8940000,0;10678200;29027900,0;6554200;1523800,0;12655300,0;48934200;115743100;3166700,0;3823700,0;10732100,0
2026-06-18;53332600;19651900,0;20051100,0;25189700,0;41278300,0;16176500;11791200;9530700,0;23842500;30716200;7443500;8392000;19027500,0;4530400,0;18747700;30296000,0;7573400;1548400,0;10210500,0;39787400;42589300;2605500,0;2836400,0;9236700,0
2026-06-19;44775800;26305900,0;48413400,0;20299600,0;26925200,0;10422100;6074600;15114200,0;13185600;21086800;7692900;11620000;8170100,0;5822100,0;9889600;11756200,0;8839100;2021200,0;6356200,0;70356900;119864500;2202100,0;5417500,0;4847900,0
2026-06-22;35488200;18089300,0;25404800,0;21753800,0;22020700,0;5109100;7770100;3495400,0;18434100;21375500;4954300;6860500;6539700,0;5396100,0;48817900;13340200,0;7417900;1320100,0;9634100,0;86034900;20974000;2415600,0;4307300,0;8544200,0
2026-06-23;27398600;18415100,0;21074900,0;21980600,0;27581700,0;8107300;6477500;7363900,0;18028200;24418400;6635300;7057300;3754700,0;6092200,0;13736300;14610600,0;6464000;1184200,0;11615900,0;65885100;16149400;4082500,0;5498100,0;7598800,0
2026-06-24;59191400;22558900,0;22041600,0;76122900,0;22826200,0;9621200;10404400;6021800,0;16362000;21608000;8547200;6542900;7510000,0;3968200,0;20638300;22735800,0;11741800;2069600,0;15130900,0;57903500;28421100;4202900,0;6726500,0;9571200,0
2026-06-25;25152300;13882800,0;20778400,0;51834700,0;18193000,0;7163600;7498400;5405900,0;15674300;52346600;4812000;8518300;8202300,0;4593400,0;9050900;22842500,0;8177800;1106600,0;8896800,0;47483000;15514600;3540500,0;5195000,0;7620600,0
2026-06-26;23383000;25251100,0;23047700,0;54809800,0;21690800,0;6014600;6977500;4723000,0;18097300;25874600;11649400;5435500;10579000,0;3249700,0;18120000;13198500,0;8669600;851400,0;8258000,0;58177000;13604800;3763100,0;5506200,0;6921000,0
2026-06-29;14924800;11791900,0;21151300,0;18900500,0;17657800,0;3248800;4723100;2687000,0;17442900;18574500;5001700;3543700;4998300,0;2171900,0;6262500;12128800,0;3270300;966800,0;4023600,0;27533600;17053500;1473200,0;5352900,0;4909900,0
2026-06-30;31974300;11289500,0;40172400,0;25467200,0;22299700,0;6927400;7221700;5157400,0;17204700;18658400;8105100;7208300;8223900,0;4331900,0;24372600;12366600,0;4698200;2956900,0;6276200,0;28205900;38463700;2245100,0;5750800,0;7692000,0
2026-07-01;21094300;15414700,0;26405300,0;56556800,0;17744600,0;4539000;4330400;3515700,0;16785700;22221800;6295600;9657600;53161400,0;3629500,0;6577600;10307700,0;3617200;4507800,0;5629300,0;38024600;24182600;2899900,0;7506100,0;7659700,0
2026-07-02;21888800;17199300,0;15005100,0;25735800,0;17656700,0;7406500;7608800;5541000,0;29242600;27151900;5759900;8557400;7955800,0;2336700,0;14483500;14941400,0;4750000;3605400,0;10354300,0;36634600;24597900;1760100,0;6676800,0;6513500,0
2026-07-03;10369500;7793500,0;9878400,0;11813000,0;6915200,0;2348100;2769400;2864600,0;8243200;17028600;2486300;4509600;17958900,0;2241700,0;11005600;10136000,0;2918200;1500300,0;10866000,0;14040900;16192600;839800,0;4523700,0;2949700,0
2026-07-06;20811400;12389100,0;19170500,0;35102000,0;32014900,0;3598900;4899600;5662200,0;15149200;12493700;3794000;5861200;32152000,0;3316100,0;12523300;8350300,0;5043900;2104500,0;7904300,0;15650100;11229600;1639600,0;3715600,0;5740300,0
2026-07-07;39823600;16866100,0;21184500,0;22292100,0;37381000,0;4428600;9525200;3585400,0;16218300;18384300;4913900;4955200;19608800,0;2906800,0;16885600;11105200,0;4967000;2306600,0;8742500,0;23315900;17602800;4412700,0;3963300,0;6763100,0
2026-07-08;40215300;29276700,0;18564500,0;34277500,0;24227600,0;3293300;7445900;4910500,0;22487500;17353000;5643200;3817800;5711300,0;2594600,0;10233800;11110800,0;7062300;983300,0;10184300,0;30287600;16971400;4771500,0;2776700,0;7237000,0
2026-07-09;33386500;18980500,0;18657300,0;20018900,0;23964000,0;4324900;7205600;5695800,0;30913000;27558600;4835300;7561400;9510500,0;4140000,0;8548000;8796500,0;4508200;1280600,0;6957300,0;22115500;17279800;4210000,0;2717100,0;6832100,0
2026-07-10;27316800;22142400,0;28815100,0;48063400,0;34757600,0;7150700;8334200;4261300,0;24372700;33644300;8082400;9731600;15022400,0;5384000,0;14517000;14770400,0;7147200;1624700,0;15106000,0;41457700;24938300;4310600,0;4325400,0;8425700,0
2026-07-13;43045700;16237900,0;17749900,0;24114300,0;31167700,0;10194000;4099300;1876900,0;14138400;23814700;2479300;4096700;14191800,0;3022700,0;8799700;16903300,0;3985200;2213900,0;8271000,0;24758100;13096400;4428100,0;3657900,0;6119200,0
2026-07-14;32649500;14780100,0;15398000,0;53143500,0;17907700,0;6736400;4633300;5327800,0;15228800;19650300;3274800;15613500;11798200,0;5509300,0;6866500;12410700,0;7997200;2568400,0;12486600,0;35943900;24917400;4405400,0;4816500,0;7258300,0
2026-07-15;25608800;15456000,0;18975900,0;22326000,0;31466500,0;7916900;3360900;5224800,0;14771700;22240600;4101000;5563800;12899800,0;5577500,0;10400900;10836400,0;5566600;11959800,0;7741000,0;36697700;19859000;2821100,0;3649400,0;7072400,0
2026-07-16;20551700;12989700,0;18156600,0;19600800,0;20772600,0;5658700;5996100;4686700,0;15332600;14067000;4338400;4475200;7986800,0;3366000,0;16448600;8780300,0;5830700;8712900,0;5047800,0;31046100;12755000;3496000,0;4995800,0;6135900,0
2026-07-17;32168300;13491600,0;19576400,0;55082500,0;16137900,0;8201000;5884300;2324300,0;35729100;17597900;8243300;6527200;17270300,0;5489300,0;12914500;7647600,0;8461700;14354200,0;5467200,0;48880800;9882100;3151100,0;4080000,0;7299200,0
2026-07-20;26987600;13137000,0;12612200,0;12804800,0;24319600,0;3975400;5740100;4794900,0;15081500;12211600;4465000;3214000;27285100,0;4875400,0;6517600;6909900,0;6922800;3727500,0;4782500,0;16308000;12234500;5157600,0;2240600,0;5028800,0
2026-07-21;38631400;12581400,0;9834900,0;19403200,0;19628700,0;8949800;7513800;10536300,0;25335900;14370100;2360900;7346900;5193600,0;6142600,0;8624800;9070800,0;5525900;3402300,0;5416600,0;29244400;17008500;7011800,0;2613000,0;5858100,0
2026-07-22;38292200;17992800,0;21986300,0;36477500,0;28818200,0;34084500;16103700;5829700,0;19261100;19305400;4979400;5110500;6429100,0;3224000,0;8211100;13106000,0;9136600;4830600,0;7459100,0;46053200;21811200;4487100,0;7493000,0;7435200,0
2026-07-23;25257900;15826900,0;22570600,0;19179800,0;18873800,0;13598900;13203900;3660200,0;18426000;16771800;2364400;3844900;10584300,0;6010900,0;8063700;12179400,0;4811400;3288400,0;14839600,0;41089800;11771200;2237300,0;7315000,0;6346800,0
2026-07-24;29151600;8637800,0;10443700,0;13967900,0;15224800,0;7721100;4734200;5266900,0;14443400;15888900;3640600;8200900;10640600,0;6042500,0;7804800;8159600,0;3203400;2443100,0;3987200,0;35227200;15396200;3260800,0;3737200,0;5418400,0
2026-07-27;32902600;10921700,0;14920100,0;15130368,0;30052500,0;12593500;4890700;4496400,0;11104800;14777800;4786000;3113200;11515600,0;4298600,0;10334400;11673300,0;4507400;7300700,0;3226300,0;23929400;15796100;4388700,0;2549200,0;5839400,0
2026-07-28;29946800;12270800,0;19096400,0;20158531,0;37458000,0;10923600;10080200;5221400,0;11362200;15982700;6706000;4941900;13704400,0;4244100,0;15288500;14734700,0;6405400;4113800,0;6390200,0;19864600;18269400;4900200,0;13425700,0;6741100,0
2026-07-29;31465400;12265200,0;20532400,0;22522604,0;37839300,0;6456400;7096500;3789700,0;14713900;14347200;11324800;9642300;11943400,0;3626500,0;14485700;20422900,0;8858600;1698800,0;6016600,0;51816200;15366700;14783200,0;8433700,0;7338700,0
2026-07-30;25268900;16732800,0;12531700,0;48017329,0;70813600,0;7612900;4682600;4099700,0;15920200;16683500;3591100;4032700;19675000,0;4492400,0;8220500;20635800,0;8229300;3217100,0;4774300,0;42168300;15102700;8895300,0;8122700,0;7200400,0
2026-07-31;24997300;17353300,0;10285400,0;25236379,0;38243300,0;5153000;4718300;3093900,0;28502900;11796200;3411300;3594100;4895600,0;2016600,0;14133200;10338400,0;3489100;1963400,0;5155600,0;24490400;11914600;24956700,0;4096300,0;5884100,0
2026-08-03;24400900;23582200,0;17043500,0;18993223,0;34419100,0;6927700;4634000;6432700,0;8365700;17342500;4829200;4351800;20942400,0;5267500,0;11146500;34155300,0;5759100;3720500,0;6082800,0;30632200;19025700;12330100,0;4506800,0;7355200,0
2026-08-04;27216700;19784000,0;26508600,0;31739183,0;28395700,0;6265600;7746700;8567200,0;11147700;21388800;3304700;5300100;54186900,0;3939700,0;10051100;17629800,0;3687600;5745100,0;5792900,0;38027600;22821900;7935600,0;8908800,0;7966200,0
2026-08-05;32365700;15107500,0;30166400,0;37330400,0;35610400,0;5897400;7549300;5305100,0;13598000;19168400;5867200;3846400;11252000,0;4782600,0;7742600;10302100,0;5622500;3326100,0;4633900,0;37288600;25965000;5137900,0;7219600,0;7606700,0
2026-08-06;46662600;21991700,0;22055300,0;58573100,0;27603100,0;5958300;5579300;4780300,0;22892100;17887800;4341400;4224600;6157900,0;3544600,0;13835800;6892700,0;11460200;8396400,0;23863700,0;24253700;18611400;8268200,0;5190200,0;7933600,0
2026-08-07;97926700;13038800,0;25577700,0;26547600,0;23662500,0;6880500;17240400;4913400,0;17314900;32564400;4162900;9908600;11525700,0;4205600,0;106806300;11262300,0;5740000;5610800,0;15220400,0;26676900;17638900;3606200,0;5161900,0;9159200,0
2026-08-10;74915200;15094700,0;19652700,0;31144700,0;20681500,0;3125400;11144000;4356600,0;14169300;24329500;2954300;5984300;9173000,0;7414500,0;28773900;13699900,0;6034000;5389000,0;8649700,0;21473400;16839700;5580400,0;2721700,0;7832600,0
2026-08-11;53988900;36211800,0;44710200,0;51847000,0;33997000,0;5572800;15375400;10531500,0;17787900;20936000;6370000;10469900;8982400,0;6387300,0;27025200;25893200,0;4773300;6305400,0;38429900,0;41817200;34988000;4380800,0;3572700,0;9889100,0
2026-08-12;63890300;24930300,0;49492600,0;44453700,0;26999400,0;8033500;13324200;12507400,0;28382600;16877300;7757200;12427100;13577900,0;6702400,0;23895200;15709400,0;5679400;3493300,0;22461900,0;52257500;32264800;9101200,0;8150500,0;10593900,0
2026-08-13;37063800;19535200,0;24129000,0;41325600,0;21998800,0;4982500;9926600;21519400,0;60899800;23618300;7883800;20627300;9055300,0;46181400,0;12547000;18722100,0;7369200;4986500,0;15762600,0;61419200;25674700;6541100,0;9622600,0;10721100,0
2026-08-14;34127900;22933800,0;39681400,0;41889000,0;33534300,0;7327700;12264200;10174700,0;43600700;26559900;8240000;22107700;16410000,0;23960900,0;25928100;15097100,0;11468500;4181500,0;16691200,0;47158200;24811600;4989700,0;6414300,0;10883000,0
2026-08-17;47636500;10007400,0;21823400,0;40198100,0;34531700,0;7151700;5491400;5947900,0;26523400;29857700;5871700;19369700;14455600,0;12645200,0;17044400;14312400,0;6601100;2947600,0;14447100,0;35182900;25342900;3556800,0;6853700,0;9037400,0
2026-08-18;36838100;12466800,0;14745300,0;26514900,0;19528000,0;5889600;10146100;6524400,0;25321900;30713600;9567300;19576400;25591900,0;15880500,0;18588200;10573900,0;6738700;3438300,0;8424700,0;18478700;34059600;8958300,0;7116100,0;7598900,0
2026-08-19;49580800;18624200,0;35577300,0;38268000,0;23868700,0;5763600;10627400;9762200,0;28220200;26075900;9315700;10693500;33887000,0;9460700,0;18853900;16134900,0;7823500;8141000,0;8212000,0;32229200;17004600;6725300,0;3762600,0;9254200,0
2026-08-20;44893400;24999800,0;27458900,0;36972400,0;41094500,0;5478400;9553700;11924100,0;81890700;37102900;12171300;18190700;8294900,0;16784000,0;18622600;16917300,0;9152700;3479700,0;5745900,0;23844200;20571800;3828700,0;3777800,0;10127200,0
2026-08-21;52792400;28372500,0;29492600,0;41406100,0;19912500,0;7851700;15550300;16834300,0;46529700;34903700;13545800;15802500;8305500,0;18069200,0;19170900;17103400,0;9457500;2996800,0;13327100,0;43621500;30759300;4988800,0;7046500,0;10806400,0
2026-08-24;49502500;28776400,0;18970400,0;26780200,0;34068000,0;7208200;7510300;7144000,0;22663400;19693300;12157400;14271600;7174900,0;5602900,0;16944700;22276100,0;9813400;3668300,0;8525300,0;33764600;16783900;5913200,0;2623300,0;8442500,0
2026-08-25;85920800;18033600,0;18255700,0;46776100,0;17428900,0;10726700;10985700;6422000,0;35300700;30162500;10453800;9229800;13853100,0;12631900,0;15727700;14069500,0;9255700;3023600,0;13879400,0;33217000;15524700;2766600,0;3433500,0;9449100,0
2026-08-26;74631000;13673700,0;20036200,0;34729800,0;12976600,0;6706500;13702600;5615500,0;36549300;19080700;7919000;8226300;5940700,0;8662100,0;18833600;17739100,0;12940900;1523100,0;10206800,0;26836300;21891600;2632600,0;3542800,0;8850900,0
2026-08-27;43197800;11544100,0;24225700,0;23903200,0;23629700,0;8768100;5314800;6368900,0;26323500;17263100;9329500;6392100;9354100,0;7185000,0;11718300;16668900,0;10242800;1745700,0;14009600,0;16678400;17087500;2295700,0;3020600,0;7119800,0
2026-08-28;46135600;13040900,0;20889700,0;30888800,0;16656800,0;3841400;4030800;2244000,0;21651300;23096000;6482600;11930100;4676300,0;8711500,0;11580500;13927400,0;13043900;2265600,0;7241300,0;25181700;14850800;3061100,0;3146300,0;6597600,0
2026-08-31;68431400;28004000,0;25694900,0;40273400,0;50670600,0;11278700;7975400;14332000,0;45063300;25643500;6039300;10352300;11909300,0;7624100,0;16084800;16547400,0;7995500;6589000,0;7416300,0;32513500;30454700;3858500,0;7732000,0;9998200,0
2026-09-01;49726600;15755000,0;27032600,0;45884200,0;49321300,0;7960100;12634300;7448100,0;30326100;28276800;4834800;12867100;33117200,0;9270300,0;18261300;22722300,0;8143500;3882700,0;14181700,0;55222400;23947900;3378200,0;4805800,0;9836300,0
2026-09-02;54091600;32989800,0;44023900,0;90113300,0;45834800,0;9517600;11389200;10954700,0;54300800;65931300;7750200;14969200;16896600,0;16697800,0;15952800;19114900,0;11748800;3936400,0;11058600,0;41077700;32752000;6099800,0;8481900,0;13716400,0
2026-09-03;51488400;32356700,0;42338500,0;75715700,0;33952600,0;10693400;13589800;7768000,0;40886400;41714000;4246700;10043300;18128200,0;11377700,0;25440100;44973900,0;7042800;3484100,0;14273100,0;42865600;36836400;4030200,0;7591600,0;11170900,0
2026-09-04;28838000;13868300,0;23959900,0;44532700,0;27638900,0;6753800;7730800;5461400,0;26784000;31939100;3811100;6301800;9929100,0;5379100,0;11265900;18582900,0;7432300;5786800,0;8156400,0;29092100;26704700;4684700,0;3542200,0;8300200,0
2026-09-08;34388500;17890200,0;23857400,0;43084300,0;25579200,0;7319400;8744200;7035800,0;30149100;30332900;7596500;8906700;16758100,0;6044000,0;17505000;22115300,0;6142200;3570100,0;16775900,0;35875800;36164200;3147000,0;4446300,0;9250000,0
2026-09-09;40391600;19118100,0;29329700,0;30056500,0;22611500,0;8047200;7117400;8738800,0;30236100;29970400;5344700;7564100;19647100,0;8138600,0;17256600;35630700,0;10080500;3183600,0;12264400,0;57684700;24334900;2993400,0;4409300,0;8314900,0
2026-09-10;43955800;20768000,0;35626000,0;51431900,0;21311000,0;9970000;9992100;9717700,0;32524900;33953500;7526000;10927900;16444600,0;8054600,0;17733000;34772600,0;11775200;2699200,0;11016500,0;83504800;30534000;4045400,0;6850900,0;10299400,0
2026-09-11;27610000;12231700,0;17572900,0;34171600,0;22932100,0;6431100;8690800;3567400,0;22391900;23852200;6030500;8050100;15613200,0;12952500,0;45006300;37511900,0;6869000;2737000,0;7836500,0;32548400;21507700;2184000,0;3553300,0;8480500,0
2026-09-14;32098300;18635500,0;21585700,0;21528800,0;29303600,0;8262100;4375900;4670400,0;29686100;18596800;5619000;11524100;6072700,0;7714500,0;12443900;29085900,0;7448300;1924700,0;8470300,0;38229400;17924600;1676800,0;5342100,0;7537100,0
2026-09-15;46559600;18100600,0;16895900,0;24044300,0;20798700,0;7058800;5724300;3378300,0;21989500;19232000;2688600;4767300;6483800,0;8419600,0;8457600;21324200,0;5924400;2077600,0;5207200,0;28718200;16759900;2727700,0;3890800,0;6681800,0
2026-09-16;52457100;51929300,0;24595900,0;34375100,0;32094600,0;6862600;8651600;3883800,0;32049800;29986100;4745800;7187300;11076100,0;9166800,0;16107400;25366100,0;8535600;2239200,0;10448200,0;30862100;18163100;2428800,0;4261300,0;8922800,0
2026-09-17;32429800;18802500,0;22766400,0;40269400,0;18516700,0;6504800;19470400;7629400,0;30659600;29045700;3153200;6936800;12268900,0;8663600,0;29953300;27626700,0;10026500;1758400,0;7134900,0;31853100;18992600;3162700,0;4433800,0;8622500,0
2026-09-18;52733500;30622900,0;29168400,0;53315800,0;35369900,0;11143400;11530200;7159700,0;59771100;24875900;9764900;8738200;64905500,0;9556600,0;17940300;37207400,0;11551800;8948200,0;9462600,0;67879900;33582500;3386300,0;9824300,0;11463500,0
2026-09-21;28757300;13471700,0;15632800,0;54948000,0;18020700,0;8468900;8601700;6170500,0;57775600;22162400;6307400;7566200;9702900,0;9954800,0;12993000;20716900,0;8548600;4359800,0;13763400,0;49189900;25958200;1464600,0;3631200,0;8663200,0
2026-09-22;48852400;19696900,0;24184400,0;44514900,0;24129900,0;6752500;7931800;4634300,0;51731400;20617100;7080000;9610700;15773400,0;9489800,0;19996800;21683500,0;9753400;2651900,0;11722500,0;83679000;24721000;1505300,0;3404500,0;9590000,0
2026-09-23;43570600;17696300,0;19305500,0;39576500,0;20586000,0;4820900;15701700;5462300,0;39523600;37917600;10074600;7800000;15257900,0;6746300,0;11573000;20993800,0;8107600;2881600,0;11058500,0;46402400;20872900;1732200,0;3819300,0;8997400,0
2026-09-24;34675400;14430100,0;14855800,0;34713200,0;15784900,0;6455000;34814300;3326600,0;36947000;32722700;6438500;6841800;8311500,0;5340000,0;13701100;16915800,0;7448100;3461000,0;9817700,0;43921400;18625200;2130400,0;12357300,0;8612600,0
2026-09-25;34445400;11387000,0;16444600,0;21337600,0;12323400,0;6029900;14253500;6410800,0;43246900;40065400;3054300;4289100;6197400,0;7282500,0;8712300;12704300,0;5326800;1215000,0;6186000,0;17058300;11966500;1137300,0;5493000,0;7123200,0
2026-09-28;46903600;14403900,0;18089200,0;28163100,0;17925900,0;8194700;9164800;4911800,0;44554600;46568300;6574500;6912100;7100000,0;9224000,0;11551600;13610100,0;5367900;3396900,0;9379800,0;46623800;25552300;2063200,0;3090500,0;7967700,0
2026-09-29;24110900;29094800,0;17690800,0;41812200,0;21988800,0;13012200;12867400;8950500,0;37276500;35346000;3340600;10822900;8565000,0;5997400,0;20437300;43686900,0;4634000;1653300,0;11411500,0;56307100;35884200;2784900,0;2835000,0;9365200,0
2026-09-30;31859600;;;;;8926600;22656000;;41551600;48754200;4331300;13210200;;;22662200;;6970800;;;39435800;46499700;;;11768700,0
