Fecha;GGAL;GGAL.BA;YPF;YPFD.BA;BRL=X;ARS=X;CCL_GGAL;CCL_YPF;CCL
2016-10-05;;49,150001525878906;;29,40999984741211;;;;;
2016-10-06;31,780000686645508;48,5;19,239999771118164;29,399999618530273;3,2184998989105225;15,184000015258789;15,261170217778037;1,5280665264177207;15,261170217778037
2016-10-07;31,520000457763672;47,900001525878906;19,420000076293945;29,549999237060547;3,2272000312805176;15,208999633789062;15,196700771011786;1,5216271432013186;15,196700771011786
2016-10-10;32,08000183105469;;19,459999084472656;;3,2193000316619873;15,137499809265137;;;
2016-10-11;31,600000381469727;47,95000076293945;19,399999618530273;29,450000762939453;3,202699899673462;15,185999870300293;15,174050691169416;1,518041306290013;15,174050691169416
2016-10-12;31,690000534057617;47,95000076293945;19,190000534057617;29,149999618530273;3,1958999633789062;15,178999900817871;15,130956123338345;1,5190202609320445;15,130956123338345
2016-10-13;31,389999389648438;47,70000076293945;19,010000228881836;28,649999618530273;3,200700044631958;15,062000274658203;15,1959228067617;1,5071014873004795;15,1959228067617
2016-10-14;31,6200008392334;48,0;18,860000610351562;28,649999618530273;3,177299976348877;15,121999740600586;15,180265251746187;1,5190879475796697;15,180265251746187
2016-10-17;31,790000915527344;48,25;19,299999237060547;29,350000381469727;3,2019999027252197;15,182999610900879;15,177728408442109;1,5207254684814084;15,177728408442109
2016-10-18;31,510000228881836;47,900001525878906;19,139999389648438;29,200000762939453;3,204200029373169;15,208000183105469;15,201523699759962;1,5256009244562363;15,201523699759962
2016-10-19;32,06999969482422;48,900001525878906;19,25;29,450000762939453;3,1816999912261963;15,194000244140625;15,247895850080374;1,5298701695033483;15,247895850080374
2016-10-20;31,940000534057617;48,29999923706055;18,959999084472656;28,950000762939453;3,166100025177002;15,168999671936035;15,122103453178802;1,5268988481464716;15,122103453178802
2016-10-21;31,6200008392334;47,650001525878906;18,989999771118164;28,825000762939453;3,1391000747680664;15,170999526977539;15,069576300186506;1,5179042185550373;15,069576300186506
2016-10-24;31,6200008392334;47,95000076293945;19,0;28,799999237060547;3,148900032043457;15,116000175476074;15,164452716726101;1,5157894335295026;15,164452716726101
2016-10-25;31,239999771118164;47,400001525878906;18,6299991607666;28,59000015258789;3,124500036239624;15,160499572753906;15,172855913302822;1,534621655421022;15,172855913302822
2016-10-26;31,030000686645508;47,04999923706055;18,43000030517578;27,899999618530273;3,1103999614715576;15,218999862670898;15,162745148539305;1,5138360909682127;15,162745148539305
2016-10-27;31,200000762939453;47,29999923706055;18,200000762939453;27,600000381469727;3,1387999057769775;15,194999694824219;15,160255795007956;1,5164834738727833;15,160255795007956
2016-10-28;31,290000915527344;47,45000076293945;17,770000457763672;27,149999618530273;3,165299892425537;15,166999816894531;15,164589125784548;1,5278558761470658;15,164589125784548
2016-10-31;31,139999389648438;47,099998474121094;17,760000228881836;26,834999084472656;3,2030999660491943;15,070500373840332;15,125240654236519;1,5109796587070303;15,125240654236519
2016-11-01;30,68000030517578;46,20000076293945;17,3799991607666;26,25;3,198199987411499;15,15999984741211;15,058670242302904;1,5103568048067821;15,058670242302904
2016-11-02;29,729999542236328;45,099998474121094;16,739999771118164;25,649999618530273;3,235100030899048;15,048999786376953;15,169861812493192;1,5322580626783937;15,169861812493192
2016-11-03;29,290000915527344;44,0;16,809999465942383;25,200000762939453;3,2525999546051025;15,107999801635742;15,022191404806179;1,4991077670166195;15,022191404806179
2016-11-04;29,520000457763672;44,79999923706055;16,670000076293945;25,25;3,2583999633789062;15,067999839782715;15,17615126773424;1,514697053655536;15,17615126773424
2016-11-07;30,709999084472656;46,400001525878906;16,850000381469727;25,520000457763672;3,232300043106079;15,074000358581543;15,10908593590265;1,5145400522262606;15,10908593590265
2016-11-08;30,93000030517578;46,04999923706055;16,6299991607666;25,059999465942383;3,200900077819824;15,07699966430664;14,888457414387613;1,5069152574020441;14,888457414387613
2016-11-09;29,90999984741211;45,45000076293945;15,970000267028809;24,399999618530273;3,168100118637085;14,9399995803833;15,195587092880546;1,5278646969659602;15,195587092880546
2016-11-10;28,209999084472656;43,5;16,100000381469727;24,049999237060547;3,2330000400543213;14,934000015258789;15,42006430760335;1,4937887370947431;15,42006430760335
2016-11-11;28,1200008392334;42,900001525878906;16,0;24,204999923706055;3,3956000804901123;15,032999992370605;15,256045606522264;1,5128124952316284;15,256045606522264
2016-11-14;27,399999618530273;43,0;15,8100004196167;24,75;3,390000104904175;15,342000007629395;15,693430875422218;1,5654648540863254;15,693430875422218
2016-11-15;28,59000015258789;44,70000076293945;16,8799991607666;26,299999237060547;3,4402999877929688;15,586000442504883;15,634837539129334;1,5580569043029584;15,634837539129334
2016-11-16;28,3700008392334;44,349998474121094;16,5;25,760000228881836;3,441699981689453;15,477899551391602;15,632709609507188;1,5612121350837476;15,632709609507188
2016-11-17;28,600000381469727;44,5;16,010000228881836;25,0;3,450700044631958;15,494999885559082;15,559440351907153;1,561524025146503;15,559440351907153
2016-11-18;28,34000015258789;43,900001525878906;16,31999969482422;25,399999618530273;3,4323999881744385;15,498000144958496;15,49047328493756;1,5563725547486202;15,49047328493756
2016-11-21;29,149999618530273;45,400001525878906;17,049999237060547;26,399999618530273;3,3822999000549316;15,496500015258789;15,574614792453966;1,548387143686564;15,574614792453966
2016-11-22;29,110000610351562;45,400001525878906;17,09000015258789;26,549999237060547;3,387399911880493;15,380000114440918;15,596015312254783;1,5535400234060357;15,596015312254783
2016-11-23;29,020000457763672;45,150001525878906;16,93000030517578;26,450000762939453;3,363600015640259;15,430999755859375;15,558235979903301;1,5623154333230136;15,558235979903301
2016-11-24;;44,79999923706055;;26,579999923706055;3,4310998916625977;15,53849983215332;;;
2016-11-25;28,690000534057617;44,29999923706055;16,670000076293945;25,799999237060547;3,390700101852417;15,52400016784668;15,440919627893507;1,547690409057057;15,440919627893507
2016-11-28;28,790000915527344;;16,5;;3,4210000038146973;15,517999649047852;;;
2016-11-29;28,229999542236328;44,20000076293945;16,170000076293945;25,649999618530273;3,4072000980377197;15,489999771118164;15,65710289750788;1,5862708409095494;15,65710289750788
2016-11-30;27,190000534057617;44,400001525878906;16,989999771118164;26,969999313354492;3,4537999629974365;15,68649959564209;16,329533156964967;1,5874043364733674;16,329533156964967
2016-12-01;27,540000915527344;43,650001525878906;16,459999084472656;26,420000076293945;3,4063000679016113;15,86050033569336;15,84967322977414;1,6051033745935586;15,84967322977414
2016-12-02;26,440000534057617;42,25;16,34000015258789;26,010000228881836;3,572999954223633;15,80049991607666;15,979576076625783;1,5917992647486257;15,979576076625783
2016-12-05;26,31999969482422;42,29999923706055;16,540000915527344;26,2549991607666;3,4746999740600586;16,06049919128418;16,071428467903353;1,5873638275387916;16,071428467903353
2016-12-06;26,149999618530273;42,0;16,34000015258789;26,024999618530273;3,4200000762939453;15,862000465393066;16,061185702747842;1,5927172200428954;16,061185702747842
2016-12-07;25,65999984741211;41,20000076293945;16,299999237060547;25,90999984741211;3,4063000679016113;15,908499717712402;16,05611886513499;1,5895706171876225;16,05611886513499
2016-12-08;25,75;;16,469999313354492;;3,3815999031066895;15,995499610900879;;;
2016-12-09;25,360000610351562;;16,56999969482422;;3,373699903488159;15,98900032043457;;;
2016-12-12;25,030000686645508;41,0;16,15999984741211;25,899999618530273;3,377000093460083;15,963000297546387;16,38034313833444;1,602722763804849;16,38034313833444
2016-12-13;25,899999618530273;40,95000076293945;16,18000030517578;26,15999984741211;3,3373000621795654;16,02050018310547;15,810811338252526;1,6168108377009023;15,810811338252526
2016-12-14;25,540000915527344;41,20000076293945;15,90999984741211;25,399999618530273;3,334199905395508;15,961999893188477;16,13155806031762;1,5964801924659848;16,13155806031762
2016-12-15;25,170000076293945;40,0;15,539999961853027;24,65999984741211;3,36899995803833;15,96399974822998;15,891934794896368;1,586872580948938;15,891934794896368
2016-12-16;24,56999969482422;39,5;15,09000015258789;24,5;3,3657000064849854;15,951499938964844;16,076516276197125;1,623591766219984;16,076516276197125
2016-12-19;23,610000610351562;38,0;15,09000015258789;23,75;3,390399932861328;15,881999969482422;16,09487463686862;1,5738899774581476;16,09487463686862
2016-12-20;23,719999313354492;37,54999923706055;15,199999809265137;24,100000381469727;3,3638999462127686;15,86299991607666;15,830522902215973;1,5855263607819001;15,830522902215973
2016-12-21;24,799999237060547;39,900001525878906;15,25;24,5;3,353100061416626;15,863499641418457;16,08871078764118;1,6065573770491803;16,08871078764118
2016-12-22;24,6200008392334;39,349998474121094;15,210000038146973;23,899999618530273;3,3254001140594482;15,779500007629395;15,982939534029011;1,5713346192365953;15,982939534029011
2016-12-23;25,31999969482422;39,599998474121094;15,199999809265137;24,0;3,28629994392395;15,714500427246094;15,639810012405299;1,5789473882342313;15,639810012405299
2016-12-26;;39,650001525878906;;23,299999237060547;3,2695000171661377;15,482000350952148;;;
2016-12-27;25,5;40,0;15,539999961853027;24,489999771118164;3,2695999145507812;15,484000205993652;15,686274509803921;1,5759330650730528;15,686274509803921
2016-12-28;26,40999984741211;41,349998474121094;16,0;25,219999313354492;3,269399881362915;15,540399551391602;15,65694763840483;1,5762499570846558;15,65694763840483
2016-12-29;26,84000015258789;42,70000076293945;15,989999771118164;25,899999618530273;3,2825000286102295;15,702500343322754;15,90909110290089;1,6197623507982772;15,90909110290089
2016-12-30;26,920000076293945;42,70000076293945;16,5;25,899999618530273;3,2523000240325928;15,910499572753906;15,861813017059221;1,5696969465775923;15,861813017059221
2017-01-02;;44,599998474121094;;27,299999237060547;3,253200054168701;15,892999649047852;;;
2017-01-03;28,25;44,849998474121094;17,299999237060547;27,5;3,2839999198913574;15,934499740600586;15,87610565455614;1,5895954458245711;15,87610565455614
2017-01-04;27,959999084472656;45,04999923706055;16,850000381469727;27,299999237060547;3,2634999752044678;15,9350004196167;16,1123035451309;1,6201779595852643;16,1123035451309
2017-01-05;28,559999465942383;45,5;17,0;27,0;3,214099884033203;16,08049964904785;15,931372846928257;1,588235294117647;15,931372846928257
2017-01-06;29,610000610351562;46,75;17,190000534057617;27,385000228881836;3,197700023651123;15,951000213623047;15,788584612070675;1,5930773343855003;15,788584612070675
2017-01-09;29,84000015258789;47,29999923706055;18,18000030517578;29,049999237060547;3,2221999168395996;15,810999870300293;15,851206097583892;1,597909722190165;15,851206097583892
2017-01-10;31,059999465942383;48,79999923706055;20,530000686645508;32,4900016784668;3,195499897003174;15,878499984741211;15,711526103073588;1,5825621330641801;15,711526103073588
2017-01-11;30,920000076293945;48,25;20,729999542236328;32,400001525878906;3,194499969482422;15,843000411987305;15,604786507420739;1,5629523512465853;15,604786507420739
2017-01-12;31,1200008392334;49,150001525878906;20,780000686645508;32,79999923706055;3,1963000297546387;15,831000328063965;15,793701863887756;1,5784407195972723;15,793701863887756
2017-01-13;31,549999237060547;49,599998474121094;21,329999923706055;33,29999923706055;3,186800003051758;15,808500289916992;15,721077551044097;1,5611814044148726;15,721077551044097
2017-01-16;;50,04999923706055;;33,46500015258789;3,186800003051758;15,835000038146973;;;
2017-01-17;31,780000686645508;50,099998474121094;21,290000915527344;33,5;3,240499973297119;15,871000289916992;15,764631023174886;1,57350862186049;15,764631023174886
2017-01-18;31,90999984741211;50,599998474121094;20,719999313354492;33,099998474121094;3,2098000049591064;15,892499923706055;15,8570976860173;1,5974903267871936;15,8570976860173
2017-01-19;31,90999984741211;50,29999923706055;20,780000686645508;32,599998474121094;3,229599952697754;15,963500022888184;15,763083509115047;1,568816044124187;15,763083509115047
2017-01-20;32,63999938964844;51,599998474121094;21,219999313354492;33,650001525878906;3,1949000358581543;15,897000312805176;15,80882335754139;1,5857682664816004;15,80882335754139
2017-01-23;33,93000030517578;52,79999923706055;21,649999618530273;34,599998474121094;3,1422998905181885;15,78499984741211;15,561449679387795;1,5981523826220714;15,561449679387795
2017-01-24;33,20000076293945;52,75;22,5;35,75;3,1617000102996826;15,930000305175781;15,888553851746849;1,5888888888888888;15,888553851746849
2017-01-25;32,75;51,79999923706055;22,40999984741211;35,95500183105469;3,1686999797821045;15,913999557495117;15,81679366017116;1,6044177633141192;15,81679366017116
2017-01-26;31,899999618530273;50,29999923706055;22,139999389648438;35,06999969482422;3,1684999465942383;15,947500228881836;15,768025027762686;1,584010869992219;15,768025027762686
2017-01-27;31,34000015258789;49,599998474121094;22,030000686645508;34,900001525878906;3,176100015640259;15,940999984741211;15,82641934672275;1,5842033789420233;15,82641934672275
2017-01-30;30,84000015258789;49,20000076293945;21,459999084472656;33,43000030517578;3,109600067138672;15,907500267028809;15,953307561449837;1,5577820005297203;15,953307561449837
2017-01-31;31,06999969482422;49,45000076293945;21,670000076293945;34,349998474121094;3,125499963760376;15,909000396728516;15,915674685757097;1,5851406715821161;15,915674685757097
2017-02-01;31,350000381469727;49,75;21,770000457763672;34,099998474121094;3,150099992752075;15,892999649047852;15,869218307699319;1,5663756434125506;15,869218307699319
2017-02-02;32,02000045776367;50,0;22,15999984741211;35,0;3,128000020980835;15,788999557495117;15,61524025146503;1,5794223935469645;15,61524025146503
2017-02-03;32,36000061035156;50,54999923706055;22,06999969482422;34,400001525878906;3,122499942779541;15,662500381469727;15,621136676026586;1,5586770277095328;15,621136676026586
2017-02-06;32,52000045776367;51,0;21,899999618530273;34,55500030517578;3,119499921798706;15,597000122070312;15,682656605813332;1,5778539226976842;15,682656605813332
2017-02-07;33,220001220703125;51,70000076293945;21,059999465942383;33,5;3,1136999130249023;15,770500183105469;15,562913565072165;1,5906932976980945;15,562913565072165
2017-02-08;34,41999816894531;53,45000076293945;20,989999771118164;33,13999938964844;3,1166999340057373;15,668499946594238;15,528763395218174;1,5788470581714078;15,528763395218174
2017-02-09;35,29999923706055;54,900001525878906;21,190000534057617;33,45000076293945;3,1159000396728516;15,64799976348877;15,552408700406097;1,5785747956531175;15,552408700406097
2017-02-10;35,66999816894531;54,95000076293945;21,530000686645508;34,0;3,1287999153137207;15,647000312805176;15,405103331566616;1,5791917749955904;15,405103331566616
2017-02-13;34,4900016784668;53,849998474121094;21,59000015258789;33,400001525878906;3,107100009918213;15,553000450134277;15,613220021308772;1,5470125655314275;15,613220021308772
2017-02-14;34,70000076293945;53,5;21,729999542236328;33,52000045776367;3,110100030899048;15,470000267028809;15,417867096170054;1,5425679320706505;15,417867096170054
2017-02-15;35,130001068115234;54,400001525878906;21,530000686645508;33,20000076293945;3,081199884414673;15,471500396728516;15,485340128626854;1,5420343569023915;15,485340128626854
2017-02-16;34,25;53,099998474121094;21,489999771118164;33,45000076293945;3,0560998916625977;15,362000465393066;15,503649189524406;1,5565379766962644;15,503649189524406
2017-02-17;34,619998931884766;54,20000076293945;21,290000915527344;33,25;3,0875000953674316;15,417499542236328;15,655691055790776;1,5617660202048147;15,655691055790776
2017-02-20;;54,400001525878906;;33,38999938964844;3,0954999923706055;15,444499969482422;;;
2017-02-21;34,68000030517578;54,20000076293945;21,969999313354492;35,0;3,0855000019073486;15,685999870300293;15,628604465395702;1,5930815245280963;15,628604465395702
2017-02-22;34,81999969482422;54,150001525878906;21,399999618530273;34,20000076293945;3,093899965286255;15,584500312805176;15,551407811737567;1,5981309052606547;15,551407811737567
2017-02-23;33,599998474121094;52,099998474121094;21,350000381469727;33,099998474121094;3,062299966812134;15,559499740600586;15,505952630994553;1,5503511888856698;15,505952630994553
2017-02-24;32,56999969482422;50,70000076293945;21,0;32,5;3,06030011177063;15,50100040435791;15,566472593795055;1,5476190476190477;15,566472593795055
2017-02-27;32,29999923706055;;20,889999389648438;;3,094599962234497;15,51099967956543;;;
2017-02-28;31,799999237060547;;20,75;;3,105299949645996;15,470000267028809;;;
2017-03-01;32,90999984741211;51,20000076293945;21,360000610351562;32,95000076293945;3,1080000400543213;15,470000267028809;15,557581586244092;1,5426029878936942;15,557581586244092
2017-03-02;32,56999969482422;50,0;21,0;32,29499816894531;3,088200092315674;15,444999694824219;15,351550650442784;1,5378570556640625;15,351550650442784
2017-03-03;33,619998931884766;52,29999923706055;21,190000534057617;33,0;3,154599905014038;15,400500297546387;15,55621680506953;1,5573383279042758;15,55621680506953
2017-03-06;33,20000076293945;51,04999923706055;21,860000610351562;33,38999938964844;3,119999885559082;15,283499717712402;15,376505440941651;1,5274473219290292;15,376505440941651
2017-03-07;33,0;51,20000076293945;21,6299991607666;33,599998474121094;3,137200117111206;15,464500427246094;15,515151746345289;1,5533980479789467;15,515151746345289
2017-03-08;33,02000045776367;51,54999923706055;21,25;33,4900016784668;3,1159000396728516;15,56190013885498;15,611750006787204;1,5760000789866728;15,611750006787204
2017-03-09;33,15999984741211;51,04999923706055;21,020000457763672;32,150001525878906;3,1593000888824463;15,619000434875488;15,39505412303089;1,5294957576465895;15,39505412303089
2017-03-10;33,849998474121094;52,099998474121094;20,610000610351562;32,39500045776367;3,1912999153137207;15,530500411987305;15,391433034761416;1,5718097767300883;15,391433034761416
2017-03-13;34,79999923706055;54,0;21,6299991607666;33,5;3,1475000381469727;15,433500289916992;15,51724171950333;1,5487749098374308;15,51724171950333
2017-03-14;34,79999923706055;53,650001525878906;21,799999237060547;33,724998474121094;3,152400016784668;15,510000228881836;15,416667443125657;1,547018332770753;15,416667443125657
2017-03-15;35,130001068115234;54,5;22,280000686645508;34,70000076293945;3,1637001037597656;15,538000106811523;15,51380539224219;1,557450614610547;15,51380539224219
2017-03-16;35,58000183105469;55,099998474121094;23,549999237060547;36,42499923706055;3,099900007247925;15,550999641418457;15,486226992273256;1,5467091472231838;15,486226992273256
2017-03-17;35,20000076293945;54,400001525878906;23,299999237060547;36,20000076293945;3,11929988861084;15,546500205993652;15,454545553065527;1,5536481522866492;15,454545553065527
2017-03-20;36,0099983215332;56,25;23,690000534057617;37,04999923706055;3,0866000652313232;15,535499572753906;15,620661655616827;1,5639509667294478;15,620661655616827
2017-03-21;36,099998474121094;56,099998474121094;23,350000381469727;36,29999923706055;3,071000099182129;15,623499870300293;15,540166439158535;1,5546037963180412;15,540166439158535
2017-03-22;36,72999954223633;57,349998474121094;23,360000610351562;36,5;3,0868000984191895;15,619999885559082;15,613939338107954;1,5624999591749018;15,613939338107954
2017-03-23;37,75;58,45000076293945;23,459999084472656;36,599998474121094;3,0848000049591064;15,623000144958496;15,483443910712438;1,560102297631603;15,483443910712438
2017-03-24;39,0099983215332;;23,780000686645508;;3,1380999088287354;15,60099983215332;;;
2017-03-27;38,619998931884766;59,650001525878906;23,530000686645508;36,744998931884766;3,1096999645233154;15,541999816894531;15,445365918079226;1,5616233684489202;15,445365918079226
2017-03-28;38,369998931884766;59,5;23,899999618530273;37,29999923706055;3,125200033187866;15,595499992370605;15,506906868990447;1,560669449054757;15,506906868990447
2017-03-29;38,439998626708984;59,20000076293945;23,850000381469727;36,900001525878906;3,138400077819824;15,579999923706055;15,400625098307351;1,5471698505526392;15,400625098307351
2017-03-30;38,470001220703125;59,400001525878906;24,18000030517578;37,5;3,1221001148223877;15,410499572753906;15,440602974016032;1,5508684667788464;15,440602974016032
2017-03-31;37,86000061035156;58,900001525878906;24,280000686645508;37,5;3,147700071334839;15,416999816894531;15,557316581176877;1,544481010687358;15,557316581176877
2017-04-03;39,29999923706055;60,599998474121094;24,700000762939453;38,400001525878906;3,121799945831299;15,354000091552734;15,419847239328773;1,5546558842012388;15,419847239328773
2017-04-04;39,79999923706055;61,29999923706055;25,700000762939453;39,70000076293945;3,11299991607666;15,383999824523926;15,402010153804188;1,5447470655405047;15,402010153804188
2017-04-05;39,810001373291016;61,5;24,809999465942383;38,599998474121094;3,095599889755249;15,369000434875488;15,448379271159999;1,5558242363974557;15,448379271159999
2017-04-06;39,810001373291016;61,099998474121094;25,25;39,099998474121094;3,1196000576019287;15,392000198364258;15,347901624317396;1,5485147910543007;15,347901624317396
2017-04-07;39,529998779296875;60,75;25,270000457763672;38,900001525878906;3,1414999961853027;15,406000137329102;15,368075354410767;1,5393747851685418;15,368075354410767
2017-04-10;39,150001525878906;59,5;25,489999771118164;39,18000030517578;3,144700050354004;15,404999732971191;15,197955984923615;1,5370733878769698;15,197955984923615
2017-04-11;39,150001525878906;59,650001525878906;25,59000015258789;39,380001068115234;3,1317999362945557;15,206500053405762;15,236270549427465;1,5388824084916144;15,236270549427465
2017-04-12;38,970001220703125;59,20000076293945;25,899999618530273;39,529998779296875;3,1368000507354736;15,24899959564209;15,191172416871513;1,5262548016029682;15,191172416871513
2017-04-13;38,779998779296875;;25,780000686645508;;3,123500108718872;15,187999725341797;;;
2017-04-14;;;;;3,142400026321411;15,153499603271484;;;
2017-04-17;39,349998474121094;59,54999923706055;26,15999984741211;39,5099983215332;3,143699884414673;15,162500381469727;15,133418436146618;1,5103210455653633;15,133418436146618
2017-04-18;39,220001220703125;59,400001525878906;25,65999984741211;39,20000076293945;3,1303000450134277;15,11400032043457;15,14533393092383;1,527669563368797;15,14533393092383
2017-04-19;39,060001373291016;60,099998474121094;24,989999771118164;38,459999084472656;3,1064999103546143;15,277000427246094;15,38658380980424;1,5390155837024957;15,38658380980424
2017-04-20;39,02000045776367;60,20000076293945;25,420000076293945;39,400001525878906;3,1482999324798584;15,380999565124512;15,427985662917047;1,549960716271687;15,427985662917047
2017-04-21;39,130001068115234;60,650001525878906;25,329999923706055;39,599998474121094;3,1470999717712402;15,385499954223633;15,499616629271976;1,5633635449426082;15,499616629271976
2017-04-24;39,779998779296875;61,79999923706055;25,690000534057617;40,0;3,1468000411987305;15,265000343322754;15,535445232146104;1,5570260478185434;15,535445232146104
2017-04-25;39,459999084472656;60,95000076293945;25,549999237060547;39,650001525878906;3,127000093460083;15,384599685668945;15,446021839094016;1,5518592058651084;15,446021839094016
2017-04-26;39,08000183105469;60,400001525878906;25,25;39,20000076293945;3,147200107574463;15,414999961853027;15,455475613074922;1,5524752777401765;15,455475613074922
2017-04-27;39,65999984741211;61,400001525878906;25,450000762939453;39,42499923706055;3,171099901199341;15,47700023651123;15,48159398943754;1,5491158371386624;15,48159398943754
2017-04-28;39,06999969482422;60,70000076293945;25,829999923706055;40,20000076293945;3,1810998916625977;15,400500297546387;15,53621736295551;1,5563298831466512;15,53621736295551
2017-05-01;39,900001525878906;;25,43000030517578;;3,176100015640259;15,369000434875488;;;
2017-05-02;40,290000915527344;61,599998474121094;25,610000610351562;39,415000915527344;3,175100088119507;15,378999710083008;15,289152909991893;1,5390472462384792;15,289152909991893
2017-05-03;41,439998626708984;63,599998474121094;25,610000610351562;39,20000076293945;3,1501998901367188;15,281999588012695;15,347490487880833;1,5306520823390692;15,347490487880833
2017-05-04;41,439998626708984;63,0;24,600000381469727;37,9900016784668;3,162100076675415;15,27299976348877;15,202703206509067;1,5443089873723443;15,202703206509067
2017-05-05;41,630001068115234;63,70000076293945;24,600000381469727;37,900001525878906;3,1849000453948975;15,342000007629395;15,301465080126508;1,5406504446409512;15,301465080126508
2017-05-08;41,869998931884766;65,0;24,1299991607666;37,29999923706055;3,1777000427246094;15,394000053405762;15,524242096529244;1,545793640047335;15,524242096529244
2017-05-09;41,83000183105469;65,0;23,690000534057617;37,0;3,1963999271392822;15,470999717712402;15,539086099619498;1,5618404037943114;15,539086099619498
2017-05-10;42,04999923706055;65,9000015258789;24,299999237060547;38,29999923706055;3,186800003051758;15,508500099182129;15,671819909998543;1,576131705331424;15,671819909998543
2017-05-11;42,59000015258789;65,69999694824219;24,1299991607666;37,39500045776367;3,1656999588012695;15,498499870300293;15,426155602925038;1,549730698646889;15,426155602925038
2017-05-12;42,040000915527344;64,80000305175781;24,280000686645508;37,79999923706055;3,1389999389648438;15,440999984741211;15,413891922115571;1,5568368273503101;15,413891922115571
2017-05-15;43,060001373291016;66,19999694824219;24,520000457763672;38,099998474121094;3,1777000427246094;15,368499755859375;15,373895689029007;1,553833513981752;15,373895689029007
2017-05-16;43,65999984741211;68,19999694824219;24,290000915527344;38,099998474121094;3,1082000732421875;15,523500442504883;15,620704806824376;1,5685466051080192;15,620704806824376
2017-05-17;43,369998931884766;67,75;24,059999465942383;37,875;3,0957999229431152;15,571000099182129;15,621397663948647;1,5741895611266803;15,621397663948647
2017-05-18;41,689998626708984;66,80000305175781;23,459999084472656;37,779998779296875;3,1333999633789062;15,60200023651123;16,023028364640417;1,610400692824499;16,023028364640417
2017-05-19;42,81999969482422;68,4000015258789;24,149999618530273;38,900001525878906;3,36899995803833;16,007999420166016;15,97384446832367;1,6107661341754627;15,97384446832367
2017-05-22;42,22999954223633;68,6500015258789;23,889999389648438;38,82500076293945;3,2532999515533447;15,883000373840332;16,256216497757386;1,6251570428989783;16,256216497757386
2017-05-23;42,20000076293945;68,19999694824219;24,0;38,70000076293945;3,265399932861328;16,177000045776367;16,161136425413584;1,6125000317891438;16,161136425413584
2017-05-24;42,599998474121094;68,3499984741211;24,360000610351562;39,15999984741211;3,2685999870300293;16,086000442504883;16,044601155477217;1,6075533196321605;16,044601155477217
2017-05-25;44,150001525878906;;24,209999084472656;;3,274199962615967;16,083999633789062;;;
2017-05-26;44,5;71,5999984741211;24,90999984741211;40,20000076293945;3,2734999656677246;16,077999114990234;16,0898872975553;1,6138097554872453;16,0898872975553
2017-05-29;;71,75;;41,099998474121094;3,1777000427246094;16,01300048828125;;;
2017-05-30;44,31999969482422;71,9000015258789;24,93000030517578;40,39500045776367;3,2553999423980713;15,975000381469727;16,22292464371915;1,6203369419685552;16,22292464371915
2017-05-31;44,560001373291016;71,94999694824219;24,65999984741211;39,900001525878906;3,256200075149536;16,140499114990234;16,146767219663634;1,618004938068405;16,146767219663634
2017-06-01;45,56999969482422;73,4000015258789;25,190000534057617;40,58000183105469;3,225100040435791;16,089000701904297;16,107088439198648;1,6109567673962268;16,107088439198648
2017-06-02;46,20000076293945;74,19999694824219;24,799999237060547;39,9900016784668;3,249000072479248;16,04599952697754;16,06060513483014;1,6125001172865627;16,06060513483014
2017-06-05;46,66999816894531;74,94999694824219;24,34000015258789;39,349998474121094;3,2492001056671143;16,035999298095703;16,059567149954308;1,616680288719608;16,059567149954308
2017-06-06;45,91999816894531;73,6500015258789;24,690000534057617;39,5;3,296099901199341;16,024999618530273;16,038764038036653;1,599837956484178;16,038764038036653
2017-06-07;45,70000076293945;72,94999694824219;24,309999465942383;38,900001525878906;3,2760000228881836;16,010000228881836;15,962799941001576;1,6001646392619917;15,962799941001576
2017-06-08;44,029998779296875;70,5;23,899999618530273;38,39500045776367;3,2672998905181885;15,98799991607666;16,011810573374227;1,6064854004430635;16,011810573374227
2017-06-09;43,16999816894531;68,1500015258789;23,799999237060547;37,70000076293945;3,2595999240875244;15,930999755859375;15,78642678166782;1,5840336962798847;15,78642678166782
2017-06-12;42,369998931884766;67,0;23,56999969482422;37,349998474121094;3,1777000427246094;15,90250015258789;15,813075687755182;1,5846414492030245;15,813075687755182
2017-06-13;42,18000030517578;67,0999984741211;23,65999984741211;37,595001220703125;3,316699981689453;15,913999557495117;15,908012799584418;1,5889687854252121;15,908012799584418
2017-06-14;41,79999923706055;66,5999984741211;22,90999984741211;36,5;3,3143999576568604;15,861000061035156;15,933014279835794;1,5931907570101098;15,933014279835794
2017-06-15;41,7599983215332;67,05000305175781;21,899999618530273;35,31999969482422;3,272599935531616;15,89799976348877;16,056035858886524;1,6127854022855264;16,056035858886524
2017-06-16;42,099998474121094;68,0999984741211;21,6299991607666;34,88999938964844;3,2736001014709473;15,963000297546387;16,17577219533208;1,6130374823561426;16,17577219533208
2017-06-19;43,29999923706055;70,19999694824219;21,729999542236328;35,29999923706055;3,288599967956543;16,010000228881836;16,212470712507052;1,6244822816700193;16,212470712507052
2017-06-20;42,599998474121094;;22,200000762939453;;3,281100034713745;16,134000778198242;;;
2017-06-21;40,27000045776367;65,6500015258789;21,09000015258789;34,150001525878906;3,325500011444092;16,141000747680664;16,302458599357234;1,619250890412557;16,302458599357234
2017-06-22;41,43000030517578;66,80000305175781;22,1200008392334;35,79999923706055;3,333400011062622;16,211999893188477;16,12358256328871;1,6184447503981763;16,12358256328871
2017-06-23;40,90999984741211;66,0;22,389999389648438;36,21500015258789;3,3396999835968018;16,143999099731445;16,132974882955185;1,6174632041004504;16,132974882955185
2017-06-26;41,09000015258789;66,94999694824219;22,0;36,0;3,3415000438690186;16,031999588012695;16,293501265422996;1,6363636363636365;16,293501265422996
2017-06-27;41,06999969482422;67,1500015258789;21,90999984741211;35,900001525878906;3,294800043106079;16,30299949645996;16,350134410724472;1,6385213042399551;16,350134410724472
2017-06-28;41,970001220703125;69,30000305175781;21,850000381469727;35,939998626708984;3,312000036239624;16,382999420166016;16,511794385551088;1,6448511670136412;16,511794385551088
2017-06-29;41,959999084472656;69,30000305175781;21,610000610351562;35,70000076293945;3,2795000076293945;16,405000686645508;16,515730353626807;1,6520129456099384;16,515730353626807
2017-06-30;42,63999938964844;70,94999694824219;21,899999618530273;36,5099983215332;3,3027000427246094;16,488000869750977;16,639305338608064;1,667123240068048;16,639305338608064
2017-07-03;43,61000061035156;72,0;22,440000534057617;37,400001525878906;3,1777000427246094;16,392000198364258;16,50997454535912;1,6666666949992364;16,50997454535912
2017-07-04;;72,8499984741211;;37,70000076293945;3,30049991607666;16,844999313354492;;;
2017-07-05;42,709999084472656;71,94999694824219;22,219999313354492;37,70000076293945;3,3092000484466553;16,884000778198242;16,846171503290858;1,6966697537331286;16,846171503290858
2017-07-06;41,790000915527344;71,25;22,049999237060547;37,5;3,2869999408721924;17,135499954223633;17,04953300767376;1,700680330953112;17,04953300767376
2017-07-07;41,56999969482422;70,6500015258789;21,899999618530273;37,34000015258789;3,297300100326538;17,082000732421875;16,995429888029413;1,705022867717009;16,995429888029413
2017-07-10;42,22999954223633;71,69999694824219;21,68000030517578;36,875;3,1777000427246094;17,02899932861328;16,978450799302387;1,7008763598216665;16,978450799302387
2017-07-11;42,20000076293945;71,5;22,15999984741211;37,900001525878906;;;16,943127655768233;1,7102888892982075;16,943127655768233
2017-07-12;42,68000030517578;72,19999694824219;22,389999389648438;37,79999923706055;3,2530999183654785;16,9950008392334;16,916587730081748;1,68825369662746;16,916587730081748
2017-07-13;41,689998626708984;71,1500015258789;21,729999542236328;37,20000076293945;3,2067999839782715;16,952999114990234;17,066443720220267;1,711919077155721;17,066443720220267
2017-07-14;40,90999984741211;68,55000305175781;22,020000457763672;37,0;3,2100000381469727;16,937999725341797;16,756295113038032;1,6802906099375114;16,756295113038032
2017-07-17;39,959999084472656;67,5;21,399999618530273;36,349998474121094;3,1777000427246094;16,847999572753906;16,891892278903637;1,6985980898170487;16,891892278903637
2017-07-18;37,72999954223633;64,5999984741211;21,1200008392334;36,20000076293945;3,1812000274658203;16,91200065612793;17,12165365965762;1,714015119530337;17,12165365965762
2017-07-19;38,79999923706055;66,5999984741211;21,100000381469727;36,099998474121094;3,1526999473571777;17,083099365234375;17,16494839786153;1,7109003706855164;17,16494839786153
2017-07-20;38,66999816894531;66,5;21,170000076293945;36,349998474121094;3,147700071334839;17,140499114990234;17,196794194162674;1,7170523544223144;17,196794194162674
2017-07-21;38,75;67,3499984741211;19,989999771118164;35,0099983215332;3,1184000968933105;17,195999145507812;17,380644767515122;1,7513756239315292;17,380644767515122
2017-07-24;38,060001373291016;66,69999694824219;20,149999618530273;35,099998474121094;3,1777000427246094;17,374000549316406;17,524959154376063;1,7419354411224184;17,524959154376063
2017-07-25;38,5;67,05000305175781;20,459999084472656;35,400001525878906;3,144399881362915;17,420499801635742;17,415585208248782;1,7302054305928294;17,415585208248782
2017-07-26;38,2400016784668;66,9000015258789;20,06999969482422;35,150001525878906;3,1712000370025635;17,46500015258789;17,494769505606676;1,7513703069434334;17,494769505606676
2017-07-27;38,04999923706055;66,5;20,079999923706055;35,099998474121094;3,137500047683716;17,497499465942383;17,47700429261225;1,7480078987790595;17,47700429261225
2017-07-28;37,4900016784668;67,0999984741211;20,850000381469727;37,099998474121094;3,152600049972534;17,629499435424805;17,898104953316512;1,7793763930620081;17,898104953316512
2017-07-31;36,31999969482422;64,5999984741211;20,200000762939453;35,70000076293945;3,1777000427246094;17,802499771118164;17,786343341662228;1,7673267036918903;17,786343341662228
2017-08-01;37,040000915527344;65,05000305175781;19,979999542236328;35,099998474121094;3,1257998943328857;17,640499114990234;17,562095422219212;1,7567567206356607;17,562095422219212
2017-08-02;36,79999923706055;64,80000305175781;20,649999618530273;36,20000076293945;3,12280011177063;17,56800079345703;17,608696846520317;1,7530267037126426;17,608696846520317
2017-08-03;36,7599983215332;65,19999694824219;20,079999923706055;35,349998474121094;3,1122000217437744;17,56100082397461;17,73667027347209;1,7604580980295512;17,73667027347209
2017-08-04;37,04999923706055;65,69999694824219;19,65999984741211;34,599998474121094;3,1115000247955322;17,6560001373291;17,732793063737365;1,7599185525261116;17,732793063737365
2017-08-07;37,349998474121094;65,75;19,40999984741211;34,20000076293945;3,129300117492676;17,64699935913086;17,603749045814975;1,7619784148272037;17,603749045814975
2017-08-08;37,130001068115234;65,69999694824219;18,850000381469727;33,29999923706055;3,1242001056671143;17,687999725341797;17,69458525673487;1,7665781731121726;17,69458525673487
2017-08-09;36,529998779296875;64,55000305175781;18,799999237060547;33,400001525878906;3,1259000301361084;17,70800018310547;17,670409309824855;1,7765958979422345;17,670409309824855
2017-08-10;36,7400016784668;65,1500015258789;19,559999465942383;34,650001525878906;3,1522998809814453;17,701000213623047;17,73271599061007;1,7714725190157106;17,73271599061007
2017-08-11;37,959999084472656;67,55000305175781;20,110000610351562;35,70000076293945;3,1735999584198;17,697500228881836;17,795048651460267;1,7752361849538176;17,795048651460267
2017-08-14;42,16999816894531;73,0;20,8700008392334;35,75;3,1777000427246094;17,59749984741211;17,3108852667104;1,7129850772594974;17,3108852667104
2017-08-15;42,349998474121094;72,0;20,6299991607666;35,29999923706055;3,1872000694274902;17,12350082397461;17,00118125010021;1,7111003719376212;17,00118125010021
2017-08-16;42,25;72,94999694824219;20,299999237060547;34,79999923706055;3,16759991645813;17,065000534057617;17,26627146703957;1,7142857411308754;17,26627146703957
2017-08-17;41,66999816894531;72,0;20,049999237060547;34,70000076293945;3,151400089263916;17,200000762939453;17,2786184698367;1,7306734206153858;17,2786184698367
2017-08-18;42,439998626708984;73,80000305175781;20,15999984741211;35,0;3,17330002784729;17,343000411987305;17,38925670118021;1,736111124251465;17,38925670118021
2017-08-21;42,02000045776367;;19,860000610351562;;3,1777000427246094;17,268999099731445;;;
2017-08-22;42,689998626708984;73,5;20,219999313354492;34,900001525878906;3,1630001068115234;17,31800079345703;17,2171474266609;1,7260139817526534;17,2171474266609
2017-08-23;44,689998626708984;77,19999694824219;20,389999389648438;35,34000015258789;3,1605000495910645;17,201499938964844;17,274557914643477;1,7332026096346647;17,274557914643477
2017-08-24;45,15999984741211;77,30000305175781;20,450000762939453;35,34000015258789;3,1393001079559326;17,208999633789062;17,1169183598187;1,7281173024028862;17,1169183598187
2017-08-25;45,20000076293945;77,69999694824219;20,940000534057617;36,279998779296875;3,1465001106262207;17,208499908447266;17,19026452140024;1,7325691429801875;17,19026452140024
2017-08-28;44,97999954223633;77,69999694824219;20,690000534057617;35,5;3,1586999893188477;16,95199966430664;17,27434365028877;1,7158046922987644;17,27434365028877
2017-08-29;44,68000030517578;77,5999984741211;20,31999969482422;35,5;3,165800094604492;17,22450065612793;17,367949405571473;1,7470472703325057;17,367949405571473
2017-08-30;44,959999084472656;78,3499984741211;20,260000228881836;35,54999923706055;3,1642000675201416;17,370500564575195;17,426601438962212;1,7546889849676264;17,426601438962212
2017-08-31;45,599998474121094;79,19999694824219;20,059999465942383;35,099998474121094;3,158799886703491;17,390300750732422;17,368420964573005;1,7497507182746157;17,368420964573005
2017-09-01;46,02000045776367;79,5;20,059999465942383;34,56999969482422;3,1459999084472656;17,333999633789062;17,275097611735937;1,723330040637176;17,275097611735937
2017-09-04;;78,69999694824219;;34,625;3,1777000427246094;17,379499435424805;;;
2017-09-05;46,5;78,69999694824219;20,149999618530273;34,625;3,139400005340576;17,236000061035156;16,924730526503698;1,7183623154095882;16,924730526503698
2017-09-06;47,16999816894531;78,69999694824219;20,399999618530273;34,625;3,115799903869629;17,234500885009766;16,684333263352734;1,6973039533073566;16,684333263352734
2017-09-07;47,599998474121094;78,69999694824219;20,170000076293945;34,625;3,097899913787842;17,239500045776367;16,533613334258693;1,7166583970763192;16,533613334258693
2017-09-08;46,290000915527344;78,69999694824219;20,040000915527344;34,625;3,097599983215332;17,18950080871582;17,001511210133366;1,7277943322433655;17,001511210133366
2017-09-11;45,130001068115234;78,69999694824219;20,520000457763672;34,625;3,1777000427246094;17,25950050354004;17,438509879372564;1,6873781299990054;17,438509879372564
2017-09-12;44,939998626708984;76,80000305175781;20,229999542236328;34,5;3,0996999740600586;17,128999710083008;17,089453804770173;1,705388076157425;17,089453804770173
2017-09-13;45,83000183105469;78,69999694824219;20,3700008392334;34,85499954223633;3,1219000816345215;17,058500289916992;17,172156623156535;1,7110946542085688;17,172156623156535
2017-09-14;45,7400016784668;77,6500015258789;20,639999389648438;35,189998626708984;3,1315999031066895;17,06100082397461;16,97638799222749;1,7049418443470399;16,97638799222749
2017-09-15;45,91999816894531;78,19999694824219;20,280000686645508;34,650001525878906;3,1180999279022217;16,98699951171875;17,029616739211267;1,70857989904784;17,029616739211267
2017-09-18;46,38999938964844;79,5;20,18000030517578;34,7400016784668;3,1096999645233154;16,947999954223633;17,137314301784578;1,7215064991627704;17,137314301784578
2017-09-19;47,810001373291016;82,0;20,139999389648438;34,77000045776367;3,1349000930786133;17,090999603271484;17,15122310074;1,7264151693884742;17,15122310074
2017-09-20;47,529998779296875;81,75;20,149999618530273;34,5;3,1328001022338867;17,121999740600586;17,199663812238235;1,7121588413467377;17,199663812238235
2017-09-21;47,91999816894531;82,6500015258789;20,079999923706055;34,70000076293945;3,1305999755859375;17,17099952697754;17,247496803837624;1,728087693963251;17,247496803837624
2017-09-22;49,4900016784668;85,1500015258789;20,5;35,400001525878906;3,134500026702881;17,258499145507812;17,20549578460165;1,7268293427258004;17,20549578460165
2017-09-25;49,38999938964844;86,1500015258789;20,239999771118164;35,36000061035156;3,123500108718872;17,316999435424805;17,442802711176977;1,7470356230344013;17,442802711176977
2017-09-26;50,20000076293945;87,94999694824219;21,020000457763672;37,57500076293945;3,1572999954223633;17,492000579833984;17,519919444537532;1,7875832514105034;17,519919444537532
2017-09-27;49,349998474121094;86,5;21,959999084472656;38,619998931884766;3,1638998985290527;17,562000274658203;17,527862750666586;1,758652119397945;17,527862750666586
2017-09-28;50,63999938964844;88,6500015258789;21,969999313354492;38,474998474121094;3,1919000148773193;17,56049919128418;17,505924682929653;1,7512516921534;17,505924682929653
2017-09-29;51,540000915527344;89,19999694824219;22,280000686645508;38,92499923706055;3,1809000968933105;17,523500442504883;17,3069451617664;1,7470824971918402;17,3069451617664
2017-10-02;51,779998779296875;89,9000015258789;22,959999084472656;40,04999923706055;3,1633999347686768;17,4689998626709;17,361916501593953;1,744338015420283;17,361916501593953
2017-10-03;52,25;90,8499984741211;22,770000457763672;39,959999084472656;3,152899980545044;17,358999252319336;17,3875595165782;1,754940635973851;17,3875595165782
2017-10-04;52,959999084472656;91,80000305175781;22,649999618530273;39,32500076293945;3,1407999992370605;17,40250015258789;17,333837733896914;1,7362031534326003;17,333837733896914
2017-10-05;53,83000183105469;93,44999694824219;22,850000381469727;39,83000183105469;3,13319993019104;17,344999313354492;17,360206904977403;1,743107272039914;17,360206904977403
2017-10-06;53,470001220703125;93,5;22,25;39,04499816894531;3,152400016784668;17,391000747680664;17,486440595740554;1,7548313783795646;17,486440595740554
2017-10-09;52,86000061035156;;22,229999542236328;;3,1554999351501465;17,33799934387207;;;
2017-10-10;53,04999923706055;92,55000305175781;22,68000030517578;39,494998931884766;3,186800003051758;17,450000762939453;17,445806669701646;1,7414020458752661;17,445806669701646
2017-10-11;53,0;92,1500015258789;22,790000915527344;39,459999084472656;3,177799940109253;17,399499893188477;17,38679274073187;1,731461057449439;17,38679274073187
2017-10-12;53,68000030517578;93,5;22,5;39,400001525878906;3,1696999073028564;17,402000427246094;17,418032687862112;1,7511111789279514;17,418032687862112
2017-10-13;54,65999984741211;94,8499984741211;22,799999237060547;39,68000030517578;3,1689999103546143;17,409500122070312;17,3527257114714;1,7403509488139555;17,3527257114714
2017-10-16;54,380001068115234;;22,760000228881836;;3,146199941635132;17,42799949645996;;;
2017-10-17;54,81999969482422;95,0999984741211;22,799999237060547;39,59000015258789;3,170300006866455;17,321500778198242;17,347683145481643;1,7364035735683634;17,347683145481643
2017-10-18;53,66999816894531;92,75;22,81999969482422;39,48500061035156;3,156100034713745;17,332000732421875;17,281535897958587;1,7302805056262607;17,281535897958587
2017-10-19;53,790000915527344;93,80000305175781;22,93000030517578;39,900001525878906;3,170099973678589;17,33300018310547;17,43818580688682;1,7400785431682981;17,43818580688682
2017-10-20;53,970001220703125;94,4000015258789;22,959999084472656;40,16999816894531;3,164900064468384;17,43899917602539;17,491198701264185;1,749564449944225;17,491198701264185
2017-10-23;57,150001525878906;99,30000305175781;24,209999084472656;42,224998474121094;3,1909000873565674;17,45800018310547;17,37532815406704;1,7441140054070696;17,37532815406704
2017-10-24;57,13999938964844;100,0999984741211;24,030000686645508;41,994998931884766;3,2344000339508057;17,408000946044922;17,518375838879578;1,7476070633332594;17,518375838879578
2017-10-25;56,650001525878906;99,19999694824219;24,729999542236328;43,4900016784668;3,2425999641418457;17,49799919128418;17,5110316462967;1,7585929026885054;17,5110316462967
2017-10-26;55,650001525878906;98,75;24,469999313354492;43,31999969482422;3,2311999797821045;17,48200035095215;17,744833296020364;1,770331054777854;17,744833296020364
2017-10-27;55,0;96,4000015258789;24,520000457763672;43,16999816894531;3,2864999771118164;17,64900016784668;17,527273004705254;1,7606034813623572;17,527273004705254
2017-10-30;54,77000045776367;96,75;24,469999313354492;43,150001525878906;3,234800100326538;17,606000900268555;17,664779841404155;1,7633838470248673;17,664779841404155
2017-10-31;54,900001525878906;97,3499984741211;24,559999465942383;43,540000915527344;3,2873001098632812;17,690000534057617;17,732239666374507;1,772801378758364;17,732239666374507
2017-11-01;54,099998474121094;95,55000305175781;24,5;43,04499816894531;3,2695999145507812;17,631000518798828;17,661738585346626;1,756938700773278;17,661738585346626
2017-11-02;53,060001373291016;93,4000015258789;24,65999984741211;43,33000183105469;3,266200065612793;17,600000381469727;17,60271374076782;1,7570965976953103;17,60271374076782
2017-11-03;52,630001068115234;93,19999694824219;24,610000610351562;43,345001220703125;3,2646000385284424;17,514999389648438;17,708530316695246;1,7612759100246087;17,708530316695246
2017-11-06;54,439998626708984;;25,15999984741211;;3,29259991645813;17,62299919128418;;;
2017-11-07;52,939998626708984;94,44999694824219;24,719999313354492;43,73500061035156;3,2479000091552734;17,633499145507812;17,840951907503605;1,769215284189939;17,840951907503605
2017-11-08;53,709999084472656;93,6500015258789;24,809999465942383;43,474998474121094;3,2701001167297363;17,645999908447266;17,4362321955341;1,752317590083017;17,4362321955341
2017-11-09;54,31999969482422;95,44999694824219;24,110000610351562;42,36000061035156;3,251300096511841;17,51099967956543;17,571796296850305;1,7569473055991718;17,571796296850305
2017-11-10;52,47999954223633;92,4000015258789;23,31999969482422;40,439998626708984;3,248699903488159;17,500999450683594;17,606707761404348;1,7341337545422215;17,606707761404348
2017-11-13;51,599998474121094;90,69999694824219;23,15999984741211;40,39500045776367;3,276400089263916;17,482999801635742;17,577519308209066;1,744171015712567;17,577519308209066
2017-11-14;50,27000045776367;87,0;22,3700008392334;39,20000076293945;3,275899887084961;17,492000579833984;17,306544501247117;1,7523468615248745;17,306544501247117
2017-11-15;50,849998474121094;88,94999694824219;22,260000228881836;38,83000183105469;3,3118999004364014;17,47800064086914;17,49262529349164;1,7443846105928453;17,49262529349164
2017-11-16;54,650001525878906;95,9000015258789;23,0;40,39500045776367;;;17,548032726122894;1,7563043677288552;17,548032726122894
2017-11-17;54,25;95,44999694824219;22,979999542236328;40,17499923706055;3,2706000804901123;17,472000122070312;17,59446948354695;1,7482593575870395;17,59446948354695
2017-11-20;56,220001220703125;;22,75;;3,254499912261963;17,56599998474121;;;
2017-11-21;56,970001220703125;99,94999694824219;22,959999084472656;40,279998779296875;3,253999948501587;17,460500717163086;17,544320661155254;1,754355417485071;17,544320661155254
2017-11-22;57,04999923706055;98,75;23,170000076293945;40,29499816894531;3,2572999000549316;17,479000091552734;17,309377970306876;1,7391022026871965;17,309377970306876
2017-11-23;;98,5999984741211;;40,70000076293945;3,222899913787842;17,44569969177246;;;
2017-11-24;56,900001525878906;98,55000305175781;23,010000228881836;40,23500061035156;3,2202999591827393;17,38949966430664;17,31985947433339;1,748587579753656;17,31985947433339
2017-11-27;54,880001068115234;;22,760000228881836;;3,2328999042510986;17,35099983215332;;;
2017-11-28;56,0099983215332;97,30000305175781;22,579999923706055;39,209999084472656;3,2263998985290527;17,309999465942383;17,37189894082724;1,7364924365348324;17,37189894082724
2017-11-29;56,08000183105469;97,44999694824219;22,309999465942383;39,02000045776367;3,209700107574463;17,364999771118164;17,37696037204453;1,7489915460253667;17,37696037204453
2017-11-30;57,130001068115234;99,4000015258789;22,690000534057617;39,165000915527344;3,244800090789795;17,416500091552734;17,39891469761497;1,7260907886159282;17,39891469761497
2017-12-01;58,2400016784668;100,05000305175781;22,940000534057617;39,619998931884766;3,271199941635132;17,300500869750977;17,178914864068336;1,7271141242156196;17,178914864068336
2017-12-04;58,2400016784668;101,30000305175781;22,989999771118164;39,72999954223633;3,2574000358581543;17,298999786376953;17,393543978761883;1,7281426680198693;17,393543978761883
2017-12-05;59,099998474121094;101,75;22,3700008392334;38,3650016784668;3,2425999641418457;17,336000442504883;17,216582508805754;1,715020126918401;17,216582508805754
2017-12-06;59,630001068115234;102,69999694824219;22,479999542236328;38,744998931884766;3,240299940109253;17,28499984741211;17,222873571799568;1,7235320160522736;17,222873571799568
2017-12-07;62,36000061035156;106,44999694824219;22,290000915527344;38,46500015258789;3,234299898147583;17,242000579833984;17,0702366751696;1,725661667684946;17,0702366751696
2017-12-08;64,9800033569336;;22,06999969482422;;3,2871999740600586;17,26799964904785;;;
2017-12-11;64,87999725341797;111,44999694824219;22,200000762939453;38,20000076293945;3,2878000736236572;17,16200065612793;17,17786708789832;1,7207206959519705;17,17786708789832
2017-12-12;65,26000213623047;111,94999694824219;22,030000686645508;37,84000015258789;3,303299903869629;17,22800064086914;17,154458057562763;1,717657692835495;17,154458057562763
2017-12-13;65,04000091552734;111,19999694824219;21,809999465942383;37,584999084472656;3,303100109100342;17,340999603271484;17,097170261831103;1,7232920680793173;17,097170261831103
2017-12-14;65,37000274658203;113,55000305175781;21,65999984741211;37,935001373291016;3,3085999488830566;17,29450035095215;17,37035311011899;1,7513851172913748;17,37035311011899
2017-12-15;65,33000183105469;113,1500015258789;21,0;36,880001068115234;3,340399980545044;17,426000595092773;17,319760960437158;1,7561905270531064;17,319760960437158
2017-12-18;65,08999633789062;114,1500015258789;21,100000381469727;37,165000915527344;3,2920000553131104;17,508499145507812;17,537257328040305;1,7613744191287357;17,537257328040305
2017-12-19;66,08000183105469;117,6500015258789;21,010000228881836;37,040000915527344;3,2904999256134033;17,558000564575195;17,804176493014047;1,7629700386490017;17,804176493014047
2017-12-20;65,9800033569336;117,6500015258789;21,579999923706055;38,775001525878906;3,2885000705718994;17,616500854492188;17,83116028191525;1,7968026720557957;17,83116028191525
2017-12-21;64,87000274658203;116,1500015258789;22,040000915527344;39,42499923706055;3,2964999675750732;17,740999221801758;17,90504032805807;1,7887929945268444;17,90504032805807
2017-12-22;65,47000122070312;117,1500015258789;22,06999969482422;40,099998474121094;3,30679988861084;17,928499221801758;17,893691666655013;1,8169460366383787;17,893691666655013
2017-12-25;;;;;3,3380000591278076;17,86199951171875;;;
2017-12-26;65,45999908447266;119,0999984741211;22,209999084472656;39,970001220703125;3,3355000019073486;17,895999908447266;18,194317161604122;1,7996399310365911;18,194317161604122
2017-12-27;66,0;120,94999694824219;22,209999084472656;40,5099983215332;3,3097000122070312;18,320499420166016;18,325757113370027;1,8239531738591719;18,325757113370027
2017-12-28;65,61000061035156;124,4000015258789;22,350000381469727;42,209999084472656;3,3132998943328857;18,433000564575195;18,96052436650211;1,8885905308291966;18,96052436650211
2017-12-29;65,8499984741211;;22,90999984741211;;3,3111000061035156;19,177000045776367;;;
2018-01-01;;124,4000015258789;;42,209999084472656;3,3076000213623047;19,086999893188477;;;
2018-01-02;67,20999908447266;124,44999694824219;23,639999389648438;43,415000915527344;3,311000108718872;18,590999603271484;18,51658959135346;1,8365060083097147;18,51658959135346
2018-01-03;66,91999816894531;123,55000305175781;23,600000381469727;44,01499938964844;3,2578001022338867;18,390499114990234;18,462344057428865;1,8650423168725108;18,462344057428865
2018-01-04;69,51000213623047;129,89999389648438;23,290000915527344;43,970001220703125;3,2355000972747803;18,443500518798828;18,68795711470379;1,8879347141368514;18,68795711470379
2018-01-05;68,75;129,75;23,010000228881836;43,17499923706055;3,233099937438965;18,61400032043457;18,87272727272727;1,876358053350555;18,87272727272727
2018-01-08;66,68000030517578;127,9000015258789;23,75;44,91999816894531;3,226599931716919;18,57699966430664;19,181163908295776;1,8913683439555922;19,181163908295776
2018-01-09;67,12000274658203;126,80000305175781;23,760000228881836;45,70000076293945;3,239000082015991;19,03499984741211;18,891537226317364;1,9234006869826588;18,891537226317364
2018-01-10;68,19999694824219;127,5999984741211;23,93000030517578;44,65999984741211;3,246799945831299;18,937999725341797;18,709678032824296;1,8662766100238064;18,709678032824296
2018-01-11;68,97000122070312;129,1999969482422;24,729999542236328;46,25;3,2263998985290527;18,632999420166016;18,73278159511754;1,8701981745292675;18,73278159511754
2018-01-12;70,5;133,0;25,049999237060547;47,05500030517578;3,214200019836426;18,698999404907227;18,865248226950353;1,8784431831662354;18,865248226950353
2018-01-15;;137,64999389648438;;49,19499969482422;3,200700044631958;18,591999053955078;;;
2018-01-16;71,76000213623047;136,89999389648438;25,270000457763672;48,21500015258789;3,213200092315674;18,73200035095215;19,07747907205897;1,9079936398566568;19,07747907205897
2018-01-17;72,16999816894531;136,8000030517578;25,18000030517578;48,10499954223633;3,2227001190185547;18,88050079345703;18,955245465230277;1,910444756124498;18,955245465230277
2018-01-18;72,87999725341797;138,6999969482422;25,229999542236328;48,29999923706055;3,2221999168395996;18,86549949645996;19,0312846014463;1,9143876382638787;19,0312846014463
2018-01-19;72,05999755859375;136,89999389648438;24,989999771118164;47,30500030517578;3,2051000595092773;18,875;18,99805697122979;1,8929572124225411;18,99805697122979
2018-01-22;69,79000091552734;134,0;25,280000686645508;48,28499984741211;3,194700002670288;18,92449951171875;19,20045826653468;1,9100078534776028;19,20045826653468
2018-01-23;69,47000122070312;134,5;25,559999465942383;49,9900016784668;3,200700044631958;19,133499145507812;19,36087485772448;1,9557904038721268;19,36087485772448
2018-01-24;67,91000366210938;134,5500030517578;26,270000457763672;51,79499816894531;3,2355000972747803;19,328500747680664;19,812987158890476;1,9716405506813817;19,812987158890476
2018-01-25;67,19000244140625;133,5500030517578;26,18000030517578;51,8650016784668;3,1451001167297363;19,64150047302246;19,876469444724535;1,9810924779940928;19,876469444724535
2018-01-26;65,98999786376953;130,5500030517578;25,899999618530273;51,0;3,146899938583374;19,566499710083008;19,78330160295908;1,969111998114155;19,78330160295908
2018-01-29;64,63999938964844;128,1999969482422;24,360000610351562;48,53499984741211;3,1510000228881836;19,546499252319336;19,83292050723199;1,992405526738271;19,83292050723199
2018-01-30;66,4000015258789;129,5500030517578;23,899999618530273;47,189998626708984;3,153599977493286;19,559999465942383;19,510542179922492;1,9744769615026012;19,510542179922492
2018-01-31;69,80000305175781;134,35000610351562;24,149999618530273;47,810001373291016;3,179500102996826;19,62649917602539;19,24785103575038;1,9797102330637903;19,24785103575038
2018-02-01;68,44000244140625;133,75;24,600000381469727;47,51499938964844;3,1847000122070312;19,629499435424805;19,54266441099382;1,9315040102779728;19,54266441099382
2018-02-02;63,650001525878906;124,30000305175781;23,190000534057617;45,505001068115234;3,1637001037597656;19,354000091552734;19,528672438636114;1,9622682199288894;19,528672438636114
2018-02-05;61,31999969482422;120,4000015258789;22,549999237060547;43,869998931884766;3,215399980545044;19,478500366210938;19,634703542903214;1,945454563909038;19,634703542903214
2018-02-06;64,38999938964844;126,5;22,950000762939453;44,7400016784668;3,2611000537872314;19,467500686645508;19,645907935873748;1,9494553460196253;19,645907935873748
2018-02-07;63,029998779296875;124,55000305175781;22,06999969482422;43,810001373291016;3,2334001064300537;19,550500869750977;19,76043240741234;1,9850476655677158;19,76043240741234
2018-02-08;60,290000915527344;122,69999694824219;21,43000030517578;43,400001525878906;3,26990008354187;19,67799949645996;20,35163295488382;2,025198362474914;20,35163295488382
2018-02-09;58,95000076293945;118,05000305175781;21,1200008392334;42,185001373291016;3,284600019454956;19,960500717163086;20,025445551134446;1,9973958189872034;20,025445551134446
2018-02-12;62,459999084472656;;22,139999389648438;;3,290800094604492;19,9689998626709;;;
2018-02-13;62,060001373291016;;22,790000915527344;;3,2939999103546143;19,976499557495117;;;
2018-02-14;64,41000366210938;127,30000305175781;22,889999389648438;45,73500061035156;3,2941999435424805;19,983999252319336;19,764011149504853;1,9980341559569608;19,764011149504853
2018-02-15;67,56999969482422;133,3000030517578;22,860000610351562;45,099998474121094;3,216200113296509;19,892499923706055;19,72769034390989;1,9728782707774173;19,72769034390989
2018-02-16;67,0199966430664;134,60000610351562;23,15999984741211;45,96500015258789;3,2263998985290527;19,646499633789062;20,08355906377694;1,9846718676780994;20,08355906377694
2018-02-19;;133,5500030517578;;46,709999084472656;3,2281999588012695;19,754499435424805;;;
2018-02-20;66,0;132,60000610351562;23,260000228881836;46,1349983215332;3,233099937438965;19,89349937438965;20,090910015684187;1,983447887685211;20,090910015684187
2018-02-21;66,80000305175781;133,75;23,190000534057617;46,56999969482422;3,254300117492676;19,88050079345703;20,022454175094598;2,0081931273106246;20,022454175094598
2018-02-22;67,19000244140625;134,0;23,75;47,41999816894531;3,2676000595092773;19,897499084472656;19,943443240213618;1,996631501850329;19,943443240213618
2018-02-23;64,7699966430664;130,75;23,739999771118164;46,95000076293945;3,248699903488159;19,941999435424805;20,186815929686592;1,9776748616509396;20,186815929686592
2018-02-26;64,12000274658203;129,0500030517578;24,0;48,005001068115234;3,2372000217437744;19,913999557495117;20,12632525325912;2,0002083778381348;20,12632525325912
2018-02-27;62,65999984741211;126,80000305175781;23,459999084472656;47,650001525878906;3,2225000858306885;20,166000366210938;20,236195876242842;2,0311169388500425;20,236195876242842
2018-02-28;62,939998626708984;129,10000610351562;23,110000610351562;46,98500061035156;3,248500108718872;20,216999053955078;20,51159976491185;2,0331025257223825;20,51159976491185
2018-03-01;61,189998626708984;123,69999694824219;22,850000381469727;46,1150016784668;3,244800090789795;20,111000061035156;20,21572147809267;2,0181619653653873;20,21572147809267
2018-03-02;61,20000076293945;122,94999694824219;22,520000457763672;45,20500183105469;3,25;20,14349937438965;20,089868531945566;2,007326861108942;20,089868531945566
2018-03-05;61,7599983215332;124,05000305175781;22,3700008392334;45,189998626708984;3,2495999336242676;20,267499923706055;20,085817102185157;2,020116089913281;20,085817102185157
2018-03-06;62,22999954223633;127,80000305175781;22,5;46,11000061035156;3,240999937057495;20,198999404907227;20,536719265925473;2,0493333604600696;20,536719265925473
2018-03-07;61,70000076293945;125,55000305175781;22,450000762939453;45,630001068115234;3,2079999446868896;20,30900001525879;20,34846053473152;2,0325166822907828;20,34846053473152
2018-03-08;61,40999984741211;125,1500015258789;22,360000610351562;45,41999816894531;3,2428998947143555;20,3700008392334;20,379417332168074;2,031305766061479;20,379417332168074
2018-03-09;63,619998931884766;129,6999969482422;22,479999542236328;45,4900016784668;3,2660999298095703;20,329500198364258;20,386670720806908;2,023576628326809;20,386670720806908
2018-03-12;66,80999755859375;135,5500030517578;22,030000686645508;44,650001525878906;3,2560999393463135;20,228500366210938;20,28888010853131;2,0267816674624775;20,28888010853131
2018-03-13;65,22000122070312;132,25;22,040000915527344;44,650001525878906;3,2602999210357666;20,184499740600586;20,277521852915758;2,025862054044773;20,277521852915758
2018-03-14;65,4000015258789;131,89999389648438;21,610000610351562;43,76499938964844;3,258699893951416;20,197999954223633;20,16819431484131;2,0252197202014077;20,16819431484131
2018-03-15;65,3499984741211;132,3000030517578;21,6299991607666;43,82500076293945;3,258500099182129;20,221500396728516;20,24483644083775;2,0261212419476684;20,24483644083775
2018-03-16;65,30999755859375;132,25;21,540000915527344;43,44499969482422;3,282099962234497;20,312000274658203;20,249579688216972;2,016945118303427;20,249579688216972
2018-03-19;63,04999923706055;127,5;21,209999084472656;42,63999938964844;3,280100107192993;20,194000244140625;20,22204623993968;2,0103725238189276;20,22204623993968
2018-03-20;63,97999954223633;130,60000610351562;21,329999923706055;43,150001525878906;3,28410005569458;20,19099998474121;20,412630046566377;2,022972418200631;20,412630046566377
2018-03-21;65,51000213623047;133,39999389648438;21,90999984741211;44,45000076293945;3,3087000846862793;20,2450008392334;20,363301716747646;2,0287540425606;20,363301716747646
2018-03-22;65,01000213623047;131,4499969482422;21,270000457763672;43,10499954223633;3,272700071334839;20,26300048828125;20,21996502519484;2,0265631694663533;20,21996502519484
2018-03-23;63,400001525878906;128,14999389648438;20,889999389648438;42,275001525878906;3,3141000270843506;20,21500015258789;20,212932304769033;2,023695680279786;20,212932304769033
2018-03-26;64,66000366210938;130,25;21,920000076293945;44,05500030517578;3,314500093460083;20,195499420166016;20,1438281198747;2,0098084010875716;20,1438281198747
2018-03-27;65,41000366210938;131,64999389648438;21,510000228881836;43,084999084472656;3,31030011177063;20,159500122070312;20,126889852590914;2,0030217864257254;20,126889852590914
2018-03-28;65,0999984741211;131,3000030517578;21,40999984741211;43,20000076293945;3,3229000568389893;20,151500701904297;20,168971755652638;2,0177487655685886;20,168971755652638
2018-03-29;65,76000213623047;;21,6200008392334;;3,3192999362945557;20,141000747680664;;;
2018-03-30;;;;;3,303499937057495;20,12700080871582;;;
2018-04-02;65,94000244140625;;21,290000915527344;;3,302000045776367;20,091999053955078;;;
2018-04-03;66,43000030517578;134,0;21,579999923706055;43,47999954223633;3,3094000816345215;20,128000259399414;20,171609120037836;2,014828530859849;20,171609120037836
2018-04-04;66,47000122070312;133,9499969482422;21,270000457763672;42,94499969482422;3,339400053024292;20,16900062561035;20,151947418126625;2,019040844879204;20,151947418126625
2018-04-05;66,29000091552734;134,5500030517578;21,3799991607666;43,33000183105469;3,327699899673462;20,167999267578125;20,297179241740164;2,0266605955049553;20,297179241740164
2018-04-06;66,45999908447266;134,4499969482422;21,1299991607666;42,92499923706055;3,341599941253662;20,183500289916992;20,230213481849766;2,0314718855626883;20,230213481849766
2018-04-09;65,97000122070312;133,8000030517578;21,309999465942383;43,40999984741211;3,367500066757202;20,18950080871582;20,281946426547563;2,0370718411696784;20,281946426547563
2018-04-10;66,95999908447266;135,6999969482422;21,90999984741211;44,35499954223633;3,4210000038146973;20,18600082397461;20,265830167806804;2,024418067144592;20,265830167806804
2018-04-11;65,98999786376953;132,6999969482422;22,18000030517578;44,65999984741211;3,4072999954223633;20,145000457763672;20,109107629036373;2,0135256642440416;20,109107629036373
2018-04-12;66,58999633789062;134,89999389648438;22,329999923706055;45,15999984741211;3,3731000423431396;20,152999877929688;20,25829723911915;2,02239140177825;20,25829723911915
2018-04-13;65,47000122070312;132,5500030517578;22,389999389648438;45,18000030517578;3,4110000133514404;20,195499420166016;20,24591424779788;2,0178651869934323;20,24591424779788
2018-04-16;63,810001373291016;129,10000610351562;22,030000686645508;44,209999084472656;3,424299955368042;20,203500747680664;20,23193908871362;2,0068087928509493;20,23193908871362
2018-04-17;66,52999877929688;134,4499969482422;22,65999984741211;45,564998626708984;3,416100025177002;20,213499069213867;20,20892821511384;2,010811956466661;20,20892821511384
2018-04-18;66,9000015258789;134,14999389648438;22,809999465942383;45,8849983215332;3,4058001041412354;20,16950035095215;20,05231552118742;2,0116176850439698;20,05231552118742
2018-04-19;65,68000030517578;132,85000610351562;23,020000457763672;46,31999969482422;3,3770999908447266;20,118999481201172;20,226858326163352;2,0121632829595555;20,226858326163352
2018-04-20;64,7300033569336;130,64999389648438;22,59000015258789;45,724998474121094;3,382699966430664;20,153499603271484;20,183838578851198;2,0241256381258976;20,183838578851198
2018-04-23;64,7300033569336;130,89999389648438;22,770000457763672;45,98500061035156;3,4137001037597656;20,142000198364258;20,22246054502374;2,019543244878262;20,22246054502374
2018-04-24;65,22000122070312;131,9499969482422;22,549999237060547;45,3849983215332;3,448899984359741;20,229999542236328;20,231523225785622;2,012638574592221;20,231523225785622
2018-04-25;61,810001373291016;125,30000305175781;22,389999389648438;45,18000030517578;3,4714999198913574;20,256000518798828;20,27180072283605;2,0178651869934323;20,27180072283605
2018-04-26;59,31999969482422;123,5;22,09000015258789;45,9900016784668;3,4809000492095947;20,243000030517578;20,81928533974278;2,081937589895352;20,81928533974278
2018-04-27;62,119998931884766;128,39999389648438;22,010000228881836;45,654998779296875;3,4742000102996826;20,54400062561035;20,66967097621433;2,074284339142702;20,66967097621433
2018-04-30;63,91999816894531;;21,889999389648438;;3,4581000804901123;20,538999557495117;;;
2018-05-01;61,61000061035156;;21,579999923706055;;3,5058000087738037;20,520299911499023;;;
2018-05-02;57,36000061035156;122,5;20,700000762939453;44,1349983215332;3,5060999393463135;20,639999389648438;21,356345658387745;2,1321254441956805;21,356345658387745
2018-05-03;52,34000015258789;119,3499984741211;19,649999618530273;44,63999938964844;3,5495998859405518;21,1781005859375;22,802827307255935;2,27175573823178;22,802827307255935
2018-05-04;52,29999923706055;115,05000305175781;19,799999237060547;43,334999084472656;3,526599884033203;22,249500274658203;21,998088858523673;2,1886364017307938;21,998088858523673
2018-05-07;50,099998474121094;109,69999694824219;19,989999771118164;43,779998779296875;3,5255000591278076;21,861499786376953;21,8962076425825;2,1900950115342592;21,8962076425825
2018-05-08;46,7599983215332;104,44999694824219;19,309999465942383;43,209999084472656;3,5492000579833984;21,93899917602539;22,337468070468784;2,237700687702421;22,337468070468784
2018-05-09;50,5;114,19999694824219;20,079999923706055;45,43000030517578;3,5618999004364014;22,35099983215332;22,613860781830137;2,262450222997362;22,613860781830137
2018-05-10;52,310001373291016;120,8499984741211;20,809999465942383;47,845001220703125;3,5903000831604004;22,679500579833984;23,102656337498384;2,2991351488983067;23,102656337498384
2018-05-11;47,9900016784668;116,9000015258789;20,760000228881836;50,21500015258789;3,549499988555908;22,69499969482422;24,359240974632463;2,418834277406583;24,359240974632463
2018-05-14;44,619998931884766;112,3499984741211;20,520000457763672;51,255001068115234;3,6029000282287598;22,989500045776367;25,179292058171143;2,497807013874753;25,179292058171143
2018-05-15;45,310001373291016;110,5999984741211;19,8799991607666;48,029998779296875;3,6215999126434326;25,000999450683594;24,409621523277355;2,4159960164427274;24,409621523277355
2018-05-16;45,95000076293945;112,80000305175781;19,8799991607666;48,435001373291016;3,648699998855591;24,059999465942383;24,54842245459452;2,4363683811857513;24,54842245459452
2018-05-17;47,099998474121094;115,44999694824219;20,06999969482422;49,22999954223633;3,6744000911712646;24,264999389648438;24,511677428540835;2,4529148126958904;24,511677428540835
2018-05-18;46,599998474121094;114,3499984741211;20,09000015258789;49,5;3,6951000690460205;24,305999755859375;24,53862708549752;2,4639123755120362;24,53862708549752
2018-05-21;46,689998626708984;114,44999694824219;20,079999923706055;49,025001525878906;3,7383999824523926;24,408000946044922;24,51274369555692;2,4414841490114227;24,51274369555692
2018-05-22;45,849998474121094;111,5999984741211;19,790000915527344;47,8849983215332;3,6756999492645264;24,360000610351562;24,34024038999935;2,4196561953649214;24,34024038999935
2018-05-23;44,2599983215332;108,4000015258789;19,579999923706055;47,57500076293945;3,6459999084472656;24,27199935913086;24,49164158082233;2,4297753293317976;24,49164158082233
2018-05-24;43,4900016784668;107,69999694824219;19,1299991607666;47,04999923706055;3,6256000995635986;24,468000411987305;24,764311977841952;2,4594877836458355;24,764311977841952
2018-05-25;43,65999984741211;;19,0;;3,648099899291992;24,575000762939453;;;
2018-05-28;;103,75;;44,584999084472656;3,626199960708618;24,511499404907227;;;
2018-05-29;41,20000076293945;102,9000015258789;18,799999237060547;46,51499938964844;3,7342000007629395;24,740999221801758;24,975728063199533;2,474202195601857;24,975728063199533
2018-05-30;41,97999954223633;104,5999984741211;18,200000762939453;45,189998626708984;3,724100112915039;24,85449981689453;24,91662687344301;2,4829668534261327;24,91662687344301
2018-05-31;42,290000915527344;105,80000305175781;18,15999984741211;45,375;3,722100019454956;24,920000076293945;25,017734869074435;2,4986233690120963;25,017734869074435
2018-06-01;42,22999954223633;106,19999694824219;18,100000381469727;45,57500076293945;3,7219998836517334;24,956499099731445;25,147998602753066;2,5179557901887044;25,147998602753066
2018-06-04;45,40999984741211;113,75;17,93000030517578;44,89500045776367;3,7616000175476074;24,982999801635742;25,049548641758594;2,5039040543018847;25,049548641758594
2018-06-05;47,630001068115234;119,9000015258789;18,209999084472656;45,505001068115234;3,744499921798706;24,952999114990234;25,173209917507876;2,498901886651743;25,173209917507876
2018-06-06;47,41999816894531;118,5999984741211;17,579999923706055;43,94499969482422;3,80430006980896;24,917999267578125;25,01054471819667;2,4997155793821038;25,01054471819667
2018-06-07;47,290000915527344;118,8499984741211;18,030000686645508;45,290000915527344;3,843400001525879;24,895000457763672;25,13216243882489;2,511924525275965;25,13216243882489
2018-06-08;49,97999954223633;127,4000015258789;18,09000015258789;46,154998779296875;3,900700092315674;24,978500366210938;25,490196617192378;2,5514095295733927;25,490196617192378
2018-06-11;49,25;128,10000610351562;17,989999771118164;47,18000030517578;3,704900026321411;25,257999420166016;26,010153523556472;2,6225681437150636;26,010153523556472
2018-06-12;47,0;121,05000305175781;17,719999313354492;45,630001068115234;3,7088000774383545;26,06049919128418;25,755319798246344;2,5750565934687515;25,755319798246344
2018-06-13;44,70000076293945;117,9000015258789;17,510000228881836;45,98500061035156;3,7149999141693115;25,736000061035156;26,3758388173517;2,6262135927617916;26,3758388173517
2018-06-14;40,4900016784668;114,5;16,959999084472656;47,95500183105469;3,7188000679016113;26,195999145507812;28,27858613325098;2,82753563795642;28,27858613325098
2018-06-15;40,040000915527344;114,19999694824219;16,809999465942383;48,10499954223633;3,803999900817871;27,699499130249023;28,521477107148595;2,861689534238157;28,521477107148595
2018-06-18;37,20000076293945;103,44999694824219;16,219999313354492;44,6150016784668;3,7286999225616455;28,084999084472656;27,809138394240136;2,7506167427352297;27,809138394240136
2018-06-19;38,290000915527344;108,4000015258789;16,59000015258789;46,58000183105469;3,7462000846862793;27,601999282836914;28,31026349804045;2,8077155758065877;28,31026349804045
2018-06-20;38,790000915527344;;16,8799991607666;;3,744999885559082;27,75;;;
2018-06-21;41,16999816894531;115,5999984741211;17,040000915527344;47,02000045776367;3,7690999507904053;27,724000930786133;28,078698959311254;2,7593895499687258;28,078698959311254
2018-06-22;40,470001220703125;110,55000305175781;16,739999771118164;45,79999923706055;3,7651000022888184;27,48900032043457;27,316530693654652;2,7359617600521204;27,316530693654652
2018-06-25;37,4900016784668;102,1500015258789;15,479999542236328;42,36000061035156;3,78629994392395;27,006999969482422;27,247265124704168;2,7364342288754355;27,247265124704168
2018-06-26;37,189998626708984;101,69999694824219;15,350000381469727;41,709999084472656;3,775099992752075;27,084999084472656;27,346060958228602;2,717263716476795;27,346060958228602
2018-06-27;33,130001068115234;90,5999984741211;14,300000190734863;38,939998626708984;3,795799970626831;27,07699966430664;27,346814232769756;2,7230767907219096;27,346814232769756
2018-06-28;35,20000076293945;99,9000015258789;14,09000015258789;39,685001373291016;3,860100030899048;27,43600082397461;28,380681636535435;2,8165366177091293;28,380681636535435
2018-06-29;32,97999954223633;95,05000305175781;13,579999923706055;39,0;3,859499931335449;28,05500030517578;28,820498596438913;2,8718704137780797;28,820498596438913
2018-07-02;32,84000015258789;93,9000015258789;13,170000076293945;37,56999969482422;3,8756000995635986;28,94499969482422;28,593179381724;2,852695480423753;28,593179381724
2018-07-03;35,33000183105469;99,80000305175781;14,380000114440918;40,67499923706055;3,912600040435791;28,282400131225586;28,247947319389805;2,8285812874377685;28,247947319389805
2018-07-04;;101,44999694824219;;42,20000076293945;3,8963000774383545;27,950000762939453;;;
2018-07-05;35,779998779296875;101,44999694824219;14,8100004196167;42,10499954223633;3,9110000133514404;28,065799713134766;28,3538290691456;2,843011367269499;28,3538290691456
2018-07-06;36,13999938964844;101,30000305175781;14,670000076293945;40,73500061035156;3,931299924850464;28,065500259399414;28,029885103089715;2,7767553100546656;28,029885103089715
2018-07-09;36,41999816894531;;15,25;;3,8659000396728516;27,95599937438965;;;
2018-07-10;36,540000915527344;99,0999984741211;15,109999656677246;41,29499816894531;3,871299982070923;27,916000366210938;27,120962230739693;2,732958246673201;27,120962230739693
2018-07-11;36,63999938964844;100,6500015258789;14,789999961853027;40,17499923706055;3,8150999546051025;27,429000854492188;27,469979039987273;2,7163623624531135;27,469979039987273
2018-07-12;35,34000015258789;95,94999694824219;15,130000114440918;40,994998931884766;3,8761000633239746;27,415000915527344;27,150536653638333;2,709517423780906;27,150536653638333
2018-07-13;34,720001220703125;94,80000305175781;15,0600004196167;41,099998474121094;3,88070011138916;27,192800521850586;27,304147384427424;2,7290834879782264;27,304147384427424
2018-07-16;34,27000045776367;93,75;15,050000190734863;41,0099983215332;3,849400043487549;27,267000198364258;27,356287933390288;2,724916797461566;27,356287933390288
2018-07-17;35,2400016784668;97,5999984741211;15,359999656677246;42,290000915527344;3,8559999465942383;27,336999893188477;27,69579847487891;2,7532553294780304;27,69579847487891
2018-07-18;35,11000061035156;97,0;15,539999961853027;43,185001373291016;3,835900068283081;27,51099967956543;27,62745608480601;2,7789576241505687;27,62745608480601
2018-07-19;34,349998474121094;95,5999984741211;15,539999961853027;43,0;3,8492000102996826;27,620500564575195;27,831150719306457;2,7670527738452178;27,831150719306457
2018-07-20;35,619998931884766;98,75;16,360000610351562;44,959999084472656;3,8285000324249268;27,72599983215332;27,72319005085799;2,7481661006800233;27,72319005085799
2018-07-23;35,119998931884766;97,19999694824219;16,40999984741211;45,35499954223633;3,7708001136779785;27,51099967956543;27,67653755820482;2,763863495671446;27,67653755820482
2018-07-24;35,93000030517578;99,19999694824219;17,100000381469727;46,845001220703125;3,780400037765503;27,610000610351562;27,60923910539245;2,739473694484026;27,60923910539245
2018-07-25;37,04999923706055;101,94999694824219;17,219999313354492;47,20000076293945;3,7460999488830566;27,47800064086914;27,516868838761855;2,740998992162259;27,516868838761855
2018-07-26;36,72999954223633;101,19999694824219;16,719999313354492;45,68000030517578;3,6863999366760254;27,370500564575195;27,552408987065444;2,7320575467183508;27,552408987065444
2018-07-27;36,45000076293945;100,0;16,700000762939453;45,34000015258789;3,74429988861084;27,392000198364258;27,434841675415004;2,7149699449838445;27,434841675415004
2018-07-30;35,88999938964844;97,9000015258789;16,459999084472656;44,775001525878906;3,7111001014709473;27,31049919128418;27,277794146219932;2,720231106702604;27,277794146219932
2018-07-31;35,630001068115234;97,4000015258789;16,600000381469727;45,11000061035156;3,728100061416626;27,24799919128418;27,336513782212805;2,717469853838499;27,336513782212805
2018-08-01;36,0;99,55000305175781;16,059999465942383;44,29999923706055;3,753000020980835;27,417999267578125;27,65277862548828;2,758406021806245;27,65277862548828
2018-08-02;36,5099983215332;100,1500015258789;15,989999771118164;43,880001068115234;3,746999979019165;27,496000289916992;27,43084254452335;2,744215240538853;27,43084254452335
2018-08-03;37,36000061035156;102,0;16,540000915527344;45,189998626708984;3,7483999729156494;27,4375;27,30192674882833;2,732164215558521;27,30192674882833
2018-08-06;37,20000076293945;101,5999984741211;16,270000457763672;44,47999954223633;3,7023000717163086;27,299999237060547;27,31182698666507;2,733865906009332;27,31182698666507
2018-08-07;35,040000915527344;95,5999984741211;16,010000228881836;43,560001373291016;3,734499931335449;27,298999786376953;27,283103874508658;2,7207995471923434;27,283103874508658
2018-08-08;33,70000076293945;92,8499984741211;15,529999732971191;42,779998779296875;3,750499963760376;27,385000228881836;27,551927706847426;2,754668352535266;27,551927706847426
2018-08-09;33,95000076293945;95,5999984741211;15,369999885559082;43,19499969482422;3,7701001167297363;27,611000061035156;28,159056355156284;2,810344828655996;28,159056355156284
2018-08-10;31,959999084472656;93,5999984741211;15,199999809265137;44,470001220703125;3,7995998859405518;28,06399917602539;29,28660862183673;2,925658011758428;29,28660862183673
2018-08-13;30,170000076293945;91,05000305175781;14,800000190734863;44,57500076293945;3,8654000759124756;29,270000457763672;30,178986682635205;3,011824337059429;30,178986682635205
2018-08-14;30,530000686645508;91,0999984741211;15,300000190734863;45,474998474121094;3,881999969482422;29,933000564575195;29,839500958141226;2,9722220854388706;29,839500958141226
2018-08-15;31,479999542236328;95,1500015258789;15,010000228881836;45,189998626708984;3,8643999099731445;29,750999450683594;30,22554094964878;3,0106594228929864;30,22554094964878
2018-08-16;31,040000915527344;93,0;15,229999542236328;45,41999816894531;3,900599956512451;29,8700008392334;29,961339322473407;2,9822718013211427;29,961339322473407
2018-08-17;29,290000915527344;87,69999694824219;14,890000343322754;44,81999969482422;3,903899908065796;29,71299934387207;29,94195773539573;3,0100737851845127;29,94195773539573
2018-08-20;28,34000015258789;;15,59000015258789;;3,9098000526428223;29,860000610351562;;;
2018-08-21;28,399999618530273;85,3499984741211;15,529999732971191;46,494998931884766;3,9660000801086426;29,851499557495117;30,052816767797562;2,9938827901698466;30,052816767797562
2018-08-22;29,350000381469727;88,94999694824219;16,1200008392334;48,77000045776367;4,048500061035156;29,98200035095215;30,30664251861517;3,025434114064412;30,30664251861517
2018-08-23;28,420000076293945;86,4000015258789;16,049999237060547;48,77000045776367;4,036900043487549;30,225000381469727;30,401126422919322;3,0386294564519605;30,401126422919322
2018-08-24;26,399999618530273;80,69999694824219;15,470000267028809;47,125;4,112299919128418;30,457000732421875;30,56818110391127;3,0462184348139574;30,56818110391127
2018-08-27;25,799999237060547;79,55000305175781;15,930000305175781;49,51499938964844;4,102799892425537;30,763999938964844;30,833335427966908;3,108286154493081;30,833335427966908
2018-08-28;24,020000457763672;76,0999984741211;15,630000114440918;49,26499938964844;4,077499866485596;30,950000762939453;31,68193048452848;3,151951313431621;31,68193048452848
2018-08-29;21,989999771118164;74,44999694824219;15,369999885559082;51,53499984741211;4,133900165557861;31,465499877929688;33,85629728201516;3,3529603273342854;33,85629728201516
2018-08-30;18,81999969482422;75,0999984741211;14,010000228881836;54,96500015258789;4,105500221252441;33,99700164794922;39,904356903244114;3,923269040301418;39,904356903244114
2018-08-31;22,5;86,0999984741211;15,130000114440918;56,66999816894531;4,148600101470947;38,729000091552734;38,26666598849826;3,7455385155520453;38,26666598849826
2018-09-03;;86,75;;55,26499938964844;4,053699970245361;36,907501220703125;;;
2018-09-04;20,040000915527344;78,30000305175781;14,430000305175781;56,05500030517578;4,154799938201904;38,073001861572266;39,07185602526076;3,8846153236095127;39,07185602526076
2018-09-05;21,56999969482422;82,94999694824219;14,920000076293945;57,3849983215332;4,15369987487793;38,970001220703125;38,456188280867835;3,8461794924995307;38,456188280867835
2018-09-06;24,5;92,6500015258789;15,289999961853027;57,39500045776367;4,143099784851074;38,61000061035156;37,81632715341996;3,753760667165355;37,81632715341996
2018-09-07;23,690000534057617;87,8499984741211;15,460000038146973;57,15999984741211;4,057300090789795;37,415000915527344;37,08315597031106;3,6972832927795567;37,08315597031106
2018-09-10;22,979999542236328;86,0;14,819999694824219;55,85499954223633;4,043799877166748;37,06100082397461;37,42384756881105;3,768893434035852;37,42384756881105
2018-09-11;22,219999313354492;84,9000015258789;14,670000076293945;55,9900016784668;4,08459997177124;37,452999114990234;38,2088227495367;3,8166326780695865;38,2088227495367
2018-09-12;22,40999984741211;86,55000305175781;14,84000015258789;57,54499816894531;4,151599884033203;37,94660186767578;38,621152896505954;3,8776952545320738;38,621152896505954
2018-09-13;21,299999237060547;84,0999984741211;14,880000114440918;59,880001068115234;4,159800052642822;38,326499938964844;39,48356877299452;4,0241935892192755;39,48356877299452
2018-09-14;21,399999618530273;86,0999984741211;14,899999618530273;59,900001525878906;4,204999923706055;39,47100067138672;40,233644863977965;4,020134433519361;40,233644863977965
2018-09-17;23,6299991607666;93,9000015258789;14,979999542236328;59,845001220703125;4,171999931335449;39,949501037597656;39,73762372441515;3,994993528001738;39,73762372441515
2018-09-18;23,989999771118164;96,0999984741211;15,869999885559082;63,56999969482422;4,1321001052856445;39,527000427246094;40,05835739515804;4,005671087160485;40,05835739515804
2018-09-19;24,979999542236328;98,94999694824219;16,43000030517578;65,3499984741211;4,158400058746338;39,75400161743164;39,61168885569312;3,9774800523609564;39,61168885569312
2018-09-20;28,110000610351562;108,25;17,139999389648438;65,9749984741211;4,130300045013428;39,301998138427734;38,509426413934946;3,8491832452436467;38,509426413934946
2018-09-21;29,760000228881836;110,94999694824219;17,040000915527344;63,86000061035156;4,076000213623047;38,20399856567383;37,28158470931937;3,74765241662402;37,28158470931937
2018-09-24;28,34000015258789;106,0999984741211;16,5;61,83000183105469;4,050000190734863;37,231998443603516;37,43824908357754;3,7472728382457388;37,43824908357754
2018-09-25;29,770000457763672;114,3499984741211;16,540000915527344;63,474998474121094;4,091300010681152;37,28850173950195;38,41115106341893;3,8376659589258146;38,41115106341893
2018-09-26;29,270000457763672;113,0999984741211;16,25;62,939998626708984;4,073599815368652;38,278499603271484;38,64024486003111;3,873230684720553;38,64024486003111
2018-09-27;26,989999771118164;107,4000015258789;16,049999237060547;64,13999938964844;4,030799865722656;38,52050018310547;39,79251664937286;3,9962618341778353;39,79251664937286
2018-09-28;25,43000030517578;105,6500015258789;15,449999809265137;64,40499877929688;4,01200008392334;39,8380012512207;41,54541889815704;4,168608386692286;41,54541889815704
2018-10-01;25,8799991607666;101,75;15,199999809265137;60,05500030517578;4,052700042724609;41,27799987792969;39,31607546349937;3,9509869117609693;39,31607546349937
2018-10-02;27,829999923706055;105,9000015258789;15,680000305175781;59,81999969482422;4,01639986038208;39,46500015258789;38,05246202522319;3,8150509266940733;38,05246202522319
2018-10-03;26,899999618530273;101,4000015258789;15,65999984741211;59,244998931884766;3,939500093460083;38,07099914550781;37,69516838804292;3,7832055880687183;37,69516838804292
2018-10-04;24,3799991607666;94,80000305175781;14,829999923706055;57,220001220703125;3,900399923324585;37,74800109863281;38,88433400945898;3,8583952471392666;38,88433400945898
2018-10-05;24,18000030517578;91,4000015258789;14,5600004196167;54,720001220703125;3,8738999366760254;38,5989990234375;37,79983472800641;3,758241733769377;37,79983472800641
2018-10-08;24,8700008392334;92,94999694824219;15,149999618530273;56,994998931884766;3,8357999324798584;37,827999114990234;37,37434411405806;3,762046228844324;37,37434411405806
2018-10-09;23,559999465942383;87,3499984741211;15,229999542236328;56,810001373291016;3,7771999835968018;37,48699951171875;37,07555197545381;3,730138088037605;37,07555197545381
2018-10-10;22,020000457763672;82,6500015258789;14,5600004196167;54,41999816894531;3,7147998809814453;37,346900939941406;37,53405985817711;3,737637129160052;37,53405985817711
2018-10-11;21,639999389648438;79,3499984741211;14,140000343322754;52,26499938964844;3,7548000812530518;37,17499923706055;36,668207353128864;3,6962516351231365;36,668207353128864
2018-10-12;24,610000610351562;91,4000015258789;14,739999771118164;54,665000915527344;3,7815001010894775;36,59600067138672;37,13937393704649;3,7086161305537457;37,13937393704649
2018-10-15;24,81999969482422;;14,640000343322754;;3,781599998474121;36,7130012512207;;;
2018-10-16;24,229999542236328;87,94999694824219;14,670000076293945;53,040000915527344;3,7339000701904297;36,685001373291016;36,29797713983975;3,6155419658952543;36,29797713983975
2018-10-17;23,1299991607666;83,80000305175781;14,619999885559082;53,03499984741211;3,723599910736084;35,90999984741211;36,23000695732858;3,6275649974387125;36,23000695732858
2018-10-18;22,450000762939453;82,80000305175781;14,289999961853027;52,8849983215332;3,686199903488159;36,1974983215332;36,88196001687643;3,700839640497483;36,88196001687643
2018-10-19;22,889999389648438;84,1500015258789;14,319999694824219;52,94499969482422;3,7202999591827393;36,73099899291992;36,762780152774546;3,697276593794937;36,762780152774546
2018-10-22;22,790000915527344;83,4000015258789;14,100000381469727;51,959999084472656;3,710900068283081;36,554901123046875;36,594997005487876;3,6851062183486665;36,594997005487876
2018-10-23;22,450000762939453;83,05000305175781;13,989999771118164;51,630001068115234;3,682300090789795;36,44499969482422;36,99331858770227;3,6904933461616958;36,99331858770227
2018-10-24;22,100000381469727;82,75;13,399999618530273;49,9900016784668;3,6923999786376953;36,58100128173828;37,443438267713205;3,7305972463863215;37,443438267713205
2018-10-25;23,350000381469727;86,8499984741211;14,489999771118164;53,88999938964844;3,731100082397461;37,01499938964844;37,19485955256951;3,7191166487844503;37,19485955256951
2018-10-26;22,969999313354492;84,94999694824219;15,119999885559082;55,494998931884766;3,704900026321411;36,770999908447266;36,983021109127;3,6703041899416498;36,983021109127
2018-10-29;22,309999465942383;82,69999694824219;14,75;55,02000045776367;3,6415998935699463;36,54899978637695;37,06857863196677;3,730169522560249;37,06857863196677
2018-10-30;22,799999237060547;84,19999694824219;14,869999885559082;54,79499816894531;3,7158000469207764;36,87900161743164;36,929824458668506;3,6849360182012623;36,929824458668506
2018-10-31;23,059999465942383;83,25;15,0;54,185001373291016;3,6946001052856445;36,72600173950195;36,10147525066209;3,6123334248860677;36,10147525066209
2018-11-01;26,670000076293945;95,44999694824219;15,680000305175781;56,46500015258789;3,7207000255584717;35,89500045776367;35,789275093810154;3,6010841233178716;35,789275093810154
2018-11-02;26,81999969482422;95,8499984741211;15,760000228881836;56,60499954223633;3,6949000358581543;35,66299819946289;35,738254871277434;3,5916877360510306;35,738254871277434
2018-11-05;26,56999969482422;96,0999984741211;16,06999969482422;57,79499816894531;3,700000047683716;35,44200134277344;36,16861105679319;3,596452972401721;36,16861105679319
2018-11-06;26,3700008392334;;16,020000457763672;;3,724600076675415;35,624000549316406;;;
2018-11-07;26,389999389648438;95,9000015258789;16,299999237060547;57,95500183105469;3,7599000930786133;35,60900115966797;36,33952396508808;3,5555217511473933;36,33952396508808
2018-11-08;26,010000228881836;94,05000305175781;15,729999542236328;56,16999816894531;3,7304000854492188;35,65250015258789;36,159170405282616;3,570883649304903;36,159170405282616
2018-11-09;25,260000228881836;90,25;15,4399995803833;54,55500030517578;3,759200096130371;35,46049880981445;35,728424062645;3,5333550380719276;35,728424062645
2018-11-12;24,18000030517578;87,9000015258789;15,539999961853027;56,275001525878906;3,7293999195098877;35,41299819946289;36,35235749234615;3,6212999783797;36,35235749234615
2018-11-13;23,18000030517578;85,05000305175781;14,960000038146973;53,564998626708984;3,766400098800659;35,53900146484375;36,691113861964574;3,5805480274145665;36,691113861964574
2018-11-14;25,170000076293945;88,94999694824219;15,520000457763672;55,0;3,8013999462127686;36,00899887084961;35,339688787692396;3,5438143284645967;35,339688787692396
2018-11-15;26,350000381469727;93,80000305175781;15,90999984741211;57,404998779296875;3,782399892807007;35,88999938964844;35,59772360296487;3,6081080659868308;35,59772360296487
2018-11-16;26,860000610351562;96,0999984741211;15,920000076293945;57,404998779296875;3,782399892807007;36,03900146484375;35,778107330751574;3,6058416145849868;35,778107330751574
2018-11-19;26,440000534057617;;15,720000267028809;;3,742500066757202;35,775001525878906;;;
2018-11-20;25,010000228881836;91,30000305175781;14,880000114440918;54,0;3,7544000148773193;35,9005012512207;36,505398726995416;3,629032230153913;36,505398726995416
2018-11-21;26,040000915527344;93,44999694824219;15,1899995803833;54,720001220703125;3,75570011138916;36,17599868774414;35,88709434050713;3,602370160126254;35,88709434050713
2018-11-22;;93,19999694824219;;54,90999984741211;3,796099901199341;36,26100158691406;;;
2018-11-23;26,540000915527344;97,30000305175781;14,899999618530273;56,025001525878906;3,803100109100342;36,428001403808594;36,66164268850195;3,760067312767165;36,66164268850195
2018-11-26;25,790000915527344;97,8499984741211;14,670000076293945;57,01499938964844;3,6730000972747803;37,577999114990234;37,94106048876047;3,8865030056667886;37,94106048876047
2018-11-27;24,329999923706055;97,19999694824219;14,579999923706055;56,28499984741211;3,93969988822937;39,07310104370117;39,95067704605083;3,8604252497900675;39,95067704605083
2018-11-28;26,209999084472656;99,80000305175781;14,899999618530273;57,935001373291016;3,873500108718872;38,53900146484375;38,077072315077416;3,8882552252713203;38,077072315077416
2018-11-29;27,459999084472656;101,9000015258789;15,229999542236328;56,71500015258789;3,8492000102996826;38,446998596191406;37,10852327868379;3,7239003189267352;37,10852327868379
2018-11-30;27,559999465942383;101,9000015258789;14,970000267028809;56,71500015258789;3,8510000705718994;37,724998474121094;36,97387645155912;3,788577096922422;36,97387645155912
2018-12-03;28,559999465942383;103,25;15,640000343322754;57,224998474121094;3,8652000427246094;37,763999938964844;36,1519614603372;3,6588872901497336;36,1519614603372
2018-12-04;27,350000381469727;102,80000305175781;15,75;58,57500076293945;3,8408000469207764;36,53300094604492;37,58683788589899;3,719047667488219;37,58683788589899
2018-12-05;;101,3499984741211;;59,029998779296875;3,851099967956543;37,37200164794922;;;
2018-12-06;27,969999313354492;104,5999984741211;15,229999542236328;57,22999954223633;3,8673999309539795;37,49599838256836;37,39721167035532;3,7577151190007747;37,39721167035532
2018-12-07;27,739999771118164;103,5999984741211;14,989999771118164;56,1150016784668;3,8777999877929688;37,69449996948242;37,346791394708475;3,743495832907605;37,346791394708475
2018-12-10;26,700000762939453;101,1500015258789;14,539999961853027;55,17499923706055;3,9058001041412354;37,34199905395508;37,88389462006259;3,794704221583014;37,88389462006259
2018-12-11;28,299999237060547;105,9000015258789;14,34000015258789;53,974998474121094;3,9166998863220215;37,654998779296875;37,4204962476453;3,7639468549364286;37,4204962476453
2018-12-12;27,8799991607666;105,75;14,40999984741211;54,01499938964844;3,902600049972534;37,79600143432617;37,93041721063389;3,748438581652656;37,93041721063389
2018-12-13;27,790000915527344;104,8499984741211;14,359999656677246;54,0;3,854099988937378;37,5703010559082;37,72939727236114;3,7604457723570053;37,72939727236114
2018-12-14;27,530000686645508;105,80000305175781;14,390000343322754;55,005001068115234;3,890700101852417;37,80099868774414;38,43080291061533;3,822446126183635;38,43080291061533
2018-12-17;25,420000076293945;98,0;13,65999984741211;52,375;3,9154999256134033;38,1510009765625;38,552320891372595;3,8341874513214185;38,552320891372595
2018-12-18;26,15999984741211;100,0999984741211;13,329999923706055;50,685001373291016;3,897599935531616;38,25299835205078;38,26452563378877;3,8023257061804534;38,26452563378877
2018-12-19;26,049999237060547;102,5999984741211;13,079999923706055;50,560001373291016;3,910900115966797;38,255001068115234;39,38579711286716;3,8654435526147517;39,38579711286716
2018-12-20;26,079999923706055;100,6500015258789;12,760000228881836;49,529998779296875;3,896199941635132;38,35900115966797;38,59279210901784;3,881661276712783;38,59279210901784
2018-12-21;24,969999313354492;96,44999694824219;12,630000114440918;47,65999984741211;3,838900089263916;38,01839828491211;38,62635146195565;3,773554981438085;38,62635146195565
2018-12-24;24,56999969482422;;12,3100004196167;;3,843400001525879;37,965999603271484;;;
2018-12-25;;;;;3,902600049972534;37,95800018310547;;;
2018-12-26;25,739999771118164;95,5;13,130000114440918;50,0;3,9028000831604004;37,84199905395508;37,101787431698725;3,80807308181269;37,101787431698725
2018-12-27;26,34000015258789;100,5;13,270000457763672;50,209999084472656;3,920599937438965;38,02399826049805;38,15489727327353;3,783722483226975;38,15489727327353
2018-12-28;26,920000076293945;103,30000305175781;13,069999694824219;50,21500015258789;3,871500015258789;38,310001373291016;38,372957934247914;3,8420046920485595;38,372957934247914
2018-12-31;27,56999969482422;103,30000305175781;13,390000343322754;50,21500015258789;3,8742001056671143;37,691001892089844;37,46826412593344;3,750186621737378;37,46826412593344
2019-01-01;;;;;3,880000114440918;37,564998626708984;;;
2019-01-02;28,479999542236328;106,94999694824219;13,720000267028809;51,36000061035156;3,8798999786376953;37,584999084472656;37,552668071371805;3,743440204864809;37,552668071371805
2019-01-03;28,68000030517578;107,9000015258789;13,760000228881836;51,849998474121094;3,78629994392395;37,763999938964844;37,622036393914044;3,7681684310796357;37,622036393914044
2019-01-04;30,700000762939453;113,94999694824219;14,430000305175781;53,85499954223633;3,7551000118255615;37,44599914550781;37,117261927172585;3,7321551215019384;37,117261927172585
2019-01-07;31,239999771118164;117,5;14,529999732971191;53,900001525878906;3,6612000465393066;37,30400085449219;37,61203612703943;3,709566587504477;37,61203612703943
2019-01-08;31,459999084472656;116,5;14,229999542236328;53,650001525878906;3,734100103378296;37,29800033569336;37,03115174516949;3,770204023312814;37,03115174516949
2019-01-09;32,369998931884766;120,5;14,420000076293945;53,849998474121094;3,712399959564209;37,5369987487793;37,225827610796216;3,734396545714927;37,225827610796216
2019-01-10;33,439998626708984;123,69999694824219;14,460000038146973;53,52000045776367;3,680000066757202;37,356998443603516;36,99162740079819;3,7012448351709812;36,99162740079819
2019-01-11;32,4900016784668;120,19999694824219;14,680000305175781;54,970001220703125;3,707900047302246;37,35599899291992;36,99599591830936;3,7445504140297703;36,99599591830936
2019-01-14;32,09000015258789;118,3499984741211;14,609999656677246;53,65999984741211;3,659600019454956;36,92900085449219;36,88064752613496;3,672826906801996;36,88064752613496
2019-01-15;31,799999237060547;117,5;14,510000228881836;53,23500061035156;3,697499990463257;36,97600173950195;36,949686421080926;3,6688490537986667;36,949686421080926
2019-01-16;31,540000915527344;119,5;14,699999809265137;55,435001373291016;3,716399908065796;37,117000579833984;37,888394588209856;3,771088577725788;37,888394588209856
2019-01-17;31,760000228881836;119,1500015258789;14,960000038146973;56,32500076293945;3,734299898147583;37,47200012207031;37,51574328312711;3,7650401483499043;37,51574328312711
2019-01-18;33,209999084472656;126,0;15,399999618530273;57,82500076293945;3,7488999366760254;37,68199920654297;37,94038044972766;3,754870272422649;37,94038044972766
2019-01-21;;125,44999694824219;;59,650001525878906;3,750200033187866;37,59299850463867;;;
2019-01-22;32,47999954223633;120,8499984741211;15,40999984741211;57,21500015258789;3,7513999938964844;37,805999755859375;37,20751236987249;3,712848846146896;37,20751236987249
2019-01-23;33,779998779296875;127,69999694824219;15,260000228881836;56,744998931884766;3,812000036239624;37,50299835205078;37,80343444728219;3,7185450904834427;37,80343444728219
2019-01-24;33,5099983215332;124,9000015258789;15,65999984741211;59,19499969482422;3,7623000144958496;37,518001556396484;37,272458305561706;3,7800127887361685;37,272458305561706
2019-01-25;34,34000015258789;126,9000015258789;15,630000114440918;57,54499816894531;3,7697999477386475;37,375999450683594;36,95398979674018;3,6817017112992954;36,95398979674018
2019-01-28;34,790000915527344;130,9499969482422;15,359999656677246;56,77000045776367;3,7695999145507812;37,159000396728516;37,640124605399784;3,6959636540802143;37,640124605399784
2019-01-29;34,75;130,6999969482422;15,670000076293945;58,900001525878906;3,7595999240875244;37,1150016784668;37,61150991316322;3,7587748078562315;37,61150991316322
2019-01-30;35,560001373291016;132,5;15,899999618530273;59,55500030517578;3,7184998989105225;37,625999450683594;37,26096594009702;3,7455975933338284;37,26096594009702
2019-01-31;36,5099983215332;135,35000610351562;16,350000381469727;60,630001068115234;3,6814000606536865;37,48500061035156;37,0720384349313;3,7082568595429666;37,0720384349313
2019-02-01;36,18000030517578;134,0500030517578;16,5;61,474998474121094;3,6428000926971436;37,28900146484375;37,05085735794787;3,7257574832800664;37,05085735794787
2019-02-04;37,060001373291016;137,5500030517578;16,600000381469727;61,564998626708984;3,6572999954223633;37,15700149536133;37,11548784531063;3,708734771803551;37,11548784531063
2019-02-05;37,29999923706055;139,0;16,56999969482422;61,310001373291016;3,6670000553131104;37,14500045776367;37,26541631182993;3,7000605010537035;37,26541631182993
2019-02-06;35,4900016784668;134,85000610351562;16,110000610351562;60,459999084472656;3,668299913406372;37,20370101928711;37,996618688619144;3,752948280189622;37,996618688619144
2019-02-07;35,20000076293945;131,0500030517578;15,5600004196167;58,189998626708984;3,694700002670288;37,51599884033203;37,23011369639931;3,7397170345412123;37,23011369639931
2019-02-08;35,9900016784668;136,0500030517578;15,609999656677246;59,14500045776367;3,714900016784668;37,81399917602539;37,80216635365093;3,788917473323847;37,80216635365093
2019-02-11;36,31999969482422;138,4499969482422;15,430000305175781;58,459999084472656;3,728600025177002;37,83599853515625;38,11949287212467;3,7887231320963135;38,11949287212467
2019-02-12;36,7599983215332;140,3000030517578;15,829999923706055;60,55500030517578;3,755199909210205;37,93199920654297;38,16648788299132;3,8253316864829707;38,16648788299132
2019-02-13;35,20000076293945;135,14999389648438;15,680000305175781;59,95500183105469;3,7079999446868896;37,957000732421875;38,39488379749637;3,8236607566432417;38,39488379749637
2019-02-14;35,41999816894531;136,14999389648438;15,729999542236328;60,52000045776367;3,753200054168701;38,16899871826172;38,43873544179194;3,8474254430372072;38,43873544179194
2019-02-15;34,779998779296875;134,8000030517578;15,470000267028809;60,345001220703125;3,7219998836517334;38,1870002746582;38,757909080778575;3,9007757064695303;38,757909080778575
2019-02-18;;134,0;;59,40999984741211;3,6468000411987305;38,599998474121094;;;
2019-02-19;32,61000061035156;128,5500030517578;14,989999771118164;58,09000015258789;3,7316999435424805;38,715999603271484;39,42042338108743;3,8752502361282373;39,42042338108743
2019-02-20;33,0;131,0;14,649999618530273;58,849998474121094;3,7219998836517334;39,268001556396484;39,696969696969695;4,017064846860732;39,696969696969695
2019-02-21;32,41999816894531;127,80000305175781;14,579999923706055;57,84000015258789;3,7239999771118164;39,66299819946289;39,42011421030114;3,9670782205248245;39,42011421030114
2019-02-22;33,66999816894531;131,85000610351562;14,9399995803833;59,23500061035156;3,7664999961853027;39,51750183105469;39,15949310182149;3,964859589964716;39,15949310182149
2019-02-25;33,459999084472656;131,5;14,609999656677246;57,814998626708984;3,746299982070923;39,448001861572266;39,30065857683286;3,9572210804457923;39,30065857683286
2019-02-26;33,029998779296875;129,75;14,470000267028809;56,720001220703125;3,7504000663757324;39,016998291015625;39,28247193315883;3,9198341516236686;39,28247193315883
2019-02-27;31,639999389648438;124,44999694824219;14,5;56,099998474121094;3,7471001148223877;38,875;39,33312242381336;3,868965412008351;39,33312242381336
2019-02-28;30,56999969482422;120,80000305175781;14,140000343322754;55,41999816894531;3,727299928665161;38,7599983215332;39,5158666201133;3,9193774273927766;39,5158666201133
2019-03-01;29,059999465942383;117,4000015258789;13,739999771118164;55,01499938964844;3,747499942779541;39,12200164794922;40,39917539003016;4,004002933485588;40,39917539003016
2019-03-04;28,389999389648438;;13,3100004196167;;3,721400022506714;39,81999969482422;;;
2019-03-05;28,280000686645508;;13,010000228881836;;3,7741000652313232;39,82149887084961;;;
2019-03-06;26,270000457763672;108,75;12,649999618530273;50,224998474121094;3,774399995803833;39,83000183105469;41,397030112293244;3,9703557303313524;41,397030112293244
2019-03-07;25,600000381469727;109,0999984741211;12,739999771118164;54,19499969482422;3,8368000984191895;40,718299865722656;42,61718626890799;4,253924699251987;42,61718626890799
2019-03-08;26,479999542236328;110,25;12,84000015258789;53,59000015258789;3,86929988861084;42,42900085449219;41,63519709437616;4,173675974745754;41,63519709437616
2019-03-11;27,469999313354492;113,5;13,630000114440918;56,06999969482422;3,8134000301361084;41,2130012512207;41,31780227050176;4,113719678946908;41,31780227050176
2019-03-12;27,15999984741211;111,80000305175781;13,779999732971191;56,79999923706055;3,8373000621795654;41,25;41,16347705444132;4,121915844537796;41,16347705444132
2019-03-13;27,6299991607666;113,6500015258789;14,010000228881836;57,61000061035156;3,8115999698638916;41,48699951171875;41,132828439335235;4,112062788663461;41,132828439335235
2019-03-14;27,270000457763672;111,3499984741211;14,0;57,150001525878906;3,8132998943328857;41,24399948120117;40,83241533001887;4,0821429661342075;40,83241533001887
2019-03-15;28,31999969482422;113,30000305175781;14,329999923706055;57,685001373291016;3,8405001163482666;40,73899841308594;40,00706365560611;4,025471157041877;40,00706365560611
2019-03-18;29,389999389648438;117,80000305175781;14,6899995803833;58,4900016784668;3,812999963760376;40,01599884033203;40,08166229947204;3,981620377755017;40,08166229947204
2019-03-19;28,889999389648438;116,3499984741211;14,3100004196167;57,79499816894531;3,7899999618530273;40,03300094604492;40,27345134379283;4,038783820699104;40,27345134379283
2019-03-20;28,93000030517578;117,75;14,470000267028809;59,244998931884766;3,7876999378204346;40,51499938964844;40,70169331416623;4,094332953599165;40,70169331416623
2019-03-21;28,139999389648438;115,4000015258789;14,40999984741211;59,349998474121094;3,774199962615967;40,849998474121094;41,00924094843082;4,118667529672441;41,00924094843082
2019-03-22;25,84000015258789;108,5;13,760000228881836;57,775001525878906;3,7909998893737793;41,01599884033203;41,98916383873692;4,198764575934445;41,98916383873692
2019-03-25;26,8700008392334;113,0999984741211;13,84000015258789;58,01499938964844;3,9059998989105225;40,95100021362305;42,09155003411151;4,191835169799505;42,09155003411151
2019-03-26;25,479999542236328;107,94999694824219;13,760000228881836;58,935001373291016;3,853600025177002;42,026100158691406;42,36656157285301;4,283066889024331;42,36656157285301
2019-03-27;24,25;106,5999984741211;13,380000114440918;59,11000061035156;3,875;42,62099838256836;43,95876225736952;4,417787750730634;43,95876225736952
2019-03-28;24,860000610351562;108,8499984741211;13,6899995803833;59,540000915527344;3,9881999492645264;43,869998931884766;43,78519541499793;4,349160170964761;43,78519541499793
2019-03-29;25,520000457763672;110,69999694824219;14,010000228881836;61,0;3,897700071334839;43,61800003051758;43,37774097279263;4,354032762558243;43,37774097279263
2019-04-01;25,520000457763672;108,5999984741211;14,449999809265137;61,6150016784668;3,922499895095825;43,36800003051758;42,5548575729288;4,264014013270791;42,5548575729288
2019-04-02;24,6299991607666;;14,319999694824219;;3,8485000133514404;42,70899963378906;;;
2019-04-03;24,389999389648438;104,0999984741211;14,430000305175781;61,470001220703125;3,852299928665161;42,709999084472656;42,68142725673992;4,259875254379235;42,68142725673992
2019-04-04;24,610000610351562;107,05000305175781;14,479999542236328;62,96500015258789;3,868299961090088;42,84000015258789;43,49857797513828;4,348411750216355;43,49857797513828
2019-04-05;24,969999313354492;109,55000305175781;14,569999694824219;63,875;3,8559000492095947;43,400001525878906;43,87264960522771;4,384008327926779;43,87264960522771
2019-04-08;25,469999313354492;110,5999984741211;15,069999694824219;65,21499633789062;3,874000072479248;43,941001892089844;43,423636221352794;4,327471642901803;43,423636221352794
2019-04-09;24,329999923706055;105,1500015258789;14,729999542236328;63,70500183105469;3,8482000827789307;43,7239990234375;43,21824983789888;4,324847509220147;43,21824983789888
2019-04-10;25,18000030517578;108,69999694824219;14,989999771118164;64,19499969482422;3,8480000495910645;43,395999908447266;43,16918015521182;4,282521726151812;43,16918015521182
2019-04-11;24,56999969482422;105,69999694824219;14,789999961853027;63,20000076293945;3,8239998817443848;42,983001708984375;43,01994231221271;4,27315760148394;43,01994231221271
2019-04-12;25,610000610351562;107,9000015258789;14,739999771118164;62,1150016784668;3,855799913406372;42,709999084472656;42,13197928713275;4,214043598574277;42,13197928713275
2019-04-15;26,520000457763672;111,0999984741211;14,9399995803833;62,31999969482422;3,8803000450134277;42,14400100708008;41,89290971207235;4,171352171699682;41,89290971207235
2019-04-16;25,780000686645508;110,80000305175781;14,90999984741211;63,814998626708984;3,8703999519348145;41,6150016784668;42,97905356889853;4,28001336551222;42,97905356889853
2019-04-17;26,1299991607666;110,5;14,84000015258789;63,189998626708984;3,9038000106811523;42,322898864746094;42,288558572138186;4,2580861170469415;42,288558572138186
2019-04-18;24,040000915527344;;14,390000343322754;;3,9367001056671143;41,625;;;
2019-04-19;;;;;3,9267001152038574;41,84600067138672;;;
2019-04-22;24,329999923706055;103,8499984741211;14,40999984741211;61,5;3,934499979019165;41,59600067138672;42,683928812073006;4,267869580237697;42,683928812073006
2019-04-23;24,530000686645508;104,0;14,880000114440918;62,939998626708984;3,9340999126434326;41,54100036621094;42,39706363180785;4,229838584854998;42,39706363180785
2019-04-24;21,719999313354492;96,9000015258789;14,029999732971191;62,46500015258789;3,918299913406372;42,393001556396484;44,613261781412746;4,452245284495056;44,613261781412746
2019-04-25;21,1299991607666;95,25;13,699999809265137;61,25;3,9895999431610107;43,92100143432617;45,07808981689723;4,470802981951678;45,07808981689723
2019-04-26;21,010000228881836;98,0;13,140000343322754;60,70000076293945;3,952699899673462;45,048099517822266;46,64445451327614;4,619482433559058;46,64445451327614
2019-04-29;21,290000915527344;95,19999694824219;13,220000267028809;58,6349983215332;3,9291999340057373;44,99250030517578;44,71582567138848;4,435325048197703;44,71582567138848
2019-04-30;21,780000686645508;96,94999694824219;13,529999732971191;60,0;3,9442999362945557;44,334999084472656;44,5133121633405;4,434589887964764;44,5133121633405
2019-05-01;22,170000076293945;;13,4399995803833;;3,9168999195098877;44,3489990234375;;;
2019-05-02;23,110000610351562;104,0;13,619999885559082;61,025001525878906;3,919300079345703;44,316001892089844;45,00216237701687;4,480543468328665;45,00216237701687
2019-05-03;24,489999771118164;109,19999694824219;14,420000076293945;64,27999877929688;3,966200113296509;44,76250076293945;44,58962759037067;4,457697533925211;44,58962759037067
2019-05-06;24,270000457763672;109,25;14,6899995803833;65,91999816894531;3,9365999698638916;44,542999267578125;45,01442024697296;4,487406402446289;45,01442024697296
2019-05-07;23,440000534057617;105,3499984741211;14,65999984741211;66,9000015258789;3,9681999683380127;44,685001373291016;44,944537574156925;4,563438077912981;44,944537574156925
2019-05-08;24,540000915527344;111,0999984741211;14,9399995803833;67,9000015258789;3,9686999320983887;45,26100158691406;45,27302132406365;4,544846280654103;45,27302132406365
2019-05-09;25,549999237060547;113,9000015258789;15,0;68,19999694824219;3,926300048828125;45,066001892089844;44,579258288456515;4,5466664632161455;44,579258288456515
2019-05-10;24,719999313354492;111,69999694824219;14,630000114440918;65,9800033569336;3,9453999996185303;45,22100067138672;45,18608416299529;4,509911335667478;45,18608416299529
2019-05-13;23,809999465942383;107,4000015258789;14,039999961853027;64,16500091552734;3,959700107574463;44,805999755859375;45,10709951065011;4,570156772782407;45,10709951065011
2019-05-14;24,34000015258789;108,8499984741211;14,550000190734863;65,7750015258789;3,990499973297119;45,145999908447266;44,72062357918592;4,520618602311981;44,72062357918592
2019-05-15;24,760000228881836;111,9000015258789;15,140000343322754;68,44000244140625;3,975100040435791;44,935001373291016;45,19386126473082;4,520475620173323;45,19386126473082
2019-05-16;25,329999923706055;114,94999694824219;15,510000228881836;70,43499755859375;3,9999001026153564;44,97050094604492;45,380970112306166;4,5412634764139925;45,380970112306166
2019-05-17;24,43000030517578;110,69999694824219;15,369999885559082;69,71499633789062;4,046199798583984;44,743900299072266;45,31313776725132;4,535783790303832;45,31313776725132
2019-05-20;24,690000534057617;112,5999984741211;15,350000381469727;69,91000366210938;4,097400188446045;44,96099853515625;45,60550669847075;4,554397519527336;45,60550669847075
2019-05-21;26,079999923706055;117,25;15,270000457763672;68,76499938964844;4,094900131225586;45,18600082397461;44,95782221740834;4,503274219267393;44,95782221740834
2019-05-22;26,209999084472656;117,55000305175781;15,3100004196167;68,5;;;44,849296893488585;4,474199746737496;44,849296893488585
2019-05-23;25,969999313354492;117,6500015258789;14,890000343322754;67,49500274658203;4,036799907684326;44,86199951171875;45,30227363748139;4,532908071882575;45,30227363748139
2019-05-24;26,600000381469727;119,94999694824219;15,40999984741211;69,1449966430664;4,038700103759766;45,07400131225586;45,09398316843731;4,487021241254478;45,09398316843731
2019-05-27;;119,8499984741211;;69,94000244140625;4,021200180053711;44,972999572753906;;;
2019-05-28;25,760000228881836;115,80000305175781;15,710000038146973;69,83999633789062;4,042099952697754;44,945098876953125;44,953416934338414;4,445575822298241;44,953416934338414
2019-05-29;25,59000015258789;114,1500015258789;14,9399995803833;66,9800033569336;4,023600101470947;44,665000915527344;44,60726879453927;4,483266749543988;44,60726879453927
2019-05-30;25,90999984741211;115,94999694824219;14,869999885559082;66,99500274658203;3,973400115966797;44,432899475097656;44,75106045198347;4,5053801790303885;44,75106045198347
2019-05-31;25,610000610351562;114,69999694824219;14,829999923706055;66,31500244140625;3,9800000190734863;44,55350112915039;44,78719024390825;4,471679216626319;44,78719024390825
2019-06-03;25,0;112,0999984741211;14,970000267028809;67,0250015258789;3,9242000579833984;44,442501068115234;44,83999938964844;4,477287931216703;44,83999938964844
2019-06-04;26,520000457763672;117,9000015258789;15,130000114440918;67,41999816894531;3,8840999603271484;44,85329818725586;44,457013382653976;4,45604743284806;44,457013382653976
2019-06-05;26,969999313354492;121,05000305175781;15,0600004196167;67,53500366210938;3,853600025177002;44,67499923706055;44,88320583375713;4,48439586855126;44,88320583375713
2019-06-06;27,6200008392334;123,9000015258789;15,229999542236328;68,625;3,8794000148773193;44,90599822998047;44,85879716190399;4,505909524795909;44,85879716190399
2019-06-07;27,40999984741211;123,1500015258789;15,640000343322754;70,07499694824219;3,8784000873565674;44,881099700927734;44,92885888779237;4,48049842774841;44,92885888779237
2019-06-10;28,549999237060547;127,75;16,1299991607666;71,9000015258789;3,876499891281128;44,888999938964844;44,74606074040403;4,457532874568467;44,74606074040403
2019-06-11;30,780000686645508;135,0;16,75;74,05500030517578;3,884500026702881;44,864498138427734;43,85964814437848;4,421194048070196;43,85964814437848
2019-06-12;34,619998931884766;149,4499969482422;17,219999313354492;74,78500366210938;3,85509991645813;44,680999755859375;43,168689069657894;4,342915600705741;43,168689069657894
2019-06-13;34,04999923706055;148,3000030517578;17,139999389648438;74,62999725341797;3,8659000396728516;43,67499923706055;43,55359952265309;4,354142351865551;43,55359952265309
2019-06-14;32,900001525878906;145,5500030517578;17,0;75,1050033569336;3,8482000827789307;43,505001068115234;44,24012045630734;4,41794137393727;44,24012045630734
2019-06-17;33,029998779296875;;17,280000686645508;;3,8945000171661377;43,624000549316406;;;
2019-06-18;33,59000015258789;146,4499969482422;17,700000762939453;76,93000030517578;3,88700008392334;43,98529815673828;43,5992843950491;4,346327513513619;43,5992843950491
2019-06-19;32,70000076293945;142,10000610351562;17,649999618530273;76,30500030517578;3,859499931335449;43,439998626708984;43,45565834498838;4,323229572484815;43,45565834498838
2019-06-20;33,90999984741211;;18,25;;3,835400104522705;43,33580017089844;;;
2019-06-21;34,130001068115234;146,5;18,219999313354492;78,125;3,8376998901367188;43,33100128173828;42,924112339645525;4,287870633603025;42,924112339645525
2019-06-24;34,279998779296875;145,6999969482422;18,229999542236328;77,16999816894531;3,820499897003174;42,7239990234375;42,50291777613379;4,233132205524929;42,50291777613379
2019-06-25;34,7599983215332;147,64999389648438;18,149999618530273;77,0;3,8255999088287354;42,4119987487793;42,47698533547334;4,242424331589887;42,47698533547334
2019-06-26;33,709999084472656;144,0;18,190000534057617;77,7249984741211;3,8454999923706055;42,3650016784668;42,717295731499625;4,272951962183538;42,717295731499625
2019-06-27;33,90999984741211;145,60000610351562;18,299999237060547;78,69999694824219;3,842900037765503;42,67599868774414;42,93718866372313;4,300546460617418;42,93718866372313
2019-06-28;35,5;151,60000610351562;18,209999084472656;77,99500274658203;3,815999984741211;42,6973991394043;42,70422707141285;4,283086582529649;42,70422707141285
2019-07-01;35,5099983215332;150,1999969482422;18,5;78,4000015258789;3,8494999408721924;42,5099983215332;42,29794538096645;4,237837920317778;42,29794538096645
2019-07-02;36,72999954223633;154,85000610351562;18,100000381469727;76,2750015258789;3,839600086212158;42,35599899291992;42,15900028135081;4,214088393277998;42,15900028135081
2019-07-03;36,45000076293945;150,9499969482422;18,25;77,16000366210938;3,843899965286255;42,15800094604492;41,412892671794026;4,22794540614298;41,412892671794026
2019-07-04;;151,85000610351562;;77,16000366210938;3,825000047683716;42,03200149536133;;;
2019-07-05;36,400001525878906;152,64999389648438;18,149999618530273;76,1050033569336;3,800800085067749;41,73899841308594;41,93680975204259;4,193113220742664;41,93680975204259
2019-07-08;37,4900016784668;;18,1299991607666;;3,8190999031066895;41,791900634765625;;;
2019-07-09;38,150001525878906;;18,15999984741211;;3,799099922180176;41,80099868774414;;;
2019-07-10;38,0;159,0;18,450000762939453;77,04000091552734;3,7990000247955322;41,80099868774414;41,8421052631579;4,175609633050949;41,8421052631579
2019-07-11;37,93000030517578;158,35000610351562;18,43000030517578;77,26499938964844;3,7502999305725098;41,840999603271484;41,74795803571554;4,192349327739824;41,74795803571554
2019-07-12;37,86000061035156;158,10000610351562;18,440000534057617;77,1050033569336;3,7548000812530518;41,696998596191406;41,75911345872731;4,181399193266025;41,75911345872731
2019-07-15;35,869998931884766;151,8000030517578;18,09000015258789;76,40499877929688;3,7344000339508057;41,583099365234375;42,31948914746778;4,223604098110892;42,31948914746778
2019-07-16;36,16999816894531;154,1999969482422;18,1200008392334;77,23999786376953;3,753700017929077;42,40299987792969;42,632016796902846;4,262692841411442;42,632016796902846
2019-07-17;35,90999984741211;152,89999389648438;17,959999084472656;76,58000183105469;3,767199993133545;42,676998138427734;42,57866737571241;4,26392014113531;42,57866737571241
2019-07-18;35,34000015258789;150,39999389648438;17,729999542236328;75,31500244140625;3,7618000507354736;42,49599838256836;42,558006012196024;4,247885188151933;42,558006012196024
2019-07-19;34,900001525878906;148,4499969482422;17,290000915527344;73,4800033569336;3,717400074005127;42,36029815673828;42,53581388475418;4,249855376869566;42,53581388475418
2019-07-22;33,5;142,0;16,989999771118164;71,77999877929688;3,7458999156951904;42,43949890136719;42,38805970149254;4,2248381251492395;42,38805970149254
2019-07-23;33,790000915527344;144,60000610351562;16,780000686645508;71,73999786376953;3,739799976348877;42,45100021362305;42,79372660125272;4,275327468899591;42,79372660125272
2019-07-24;33,939998626708984;146,10000610351562;16,8700008392334;72,625;3,77239990234375;42,61000061035156;43,046556280218184;4,304979038951856;43,046556280218184
2019-07-25;33,970001220703125;147,64999389648438;16,639999389648438;72,42500305175781;3,7713000774383545;42,822601318359375;43,464818543043975;4,352464285354038;43,464818543043975
2019-07-26;37,41999816894531;163,14999389648438;16,809999465942383;73,27999877929688;3,7751998901367188;43,327301025390625;43,59967981823201;4,359310000441379;43,59967981823201
2019-07-29;38,189998626708984;167,4499969482422;16,940000534057617;74,26499938964844;3,7734999656677246;43,2599983215332;43,846557467832035;4,38400218703298;43,846557467832035
2019-07-30;37,599998474121094;164,89999389648438;16,700000762939453;73,54499816894531;3,780100107192993;43,7422981262207;43,85638313522271;4,403891904733079;43,85638313522271
2019-07-31;36,7400016784668;162,0500030517578;16,450000762939453;73,1449966430664;3,789299964904785;43,86199951171875;44,10723888092112;4,446504148975864;44,10723888092112
2019-08-01;35,40999984741211;158,6999969482422;16,020000457763672;72,13500213623047;3,8117001056671143;43,81589889526367;44,817847396811146;4,502808993446198;44,817847396811146
2019-08-02;35,02000045776367;157,10000610351562;15,880000114440918;71,29499816894531;3,8373000621795654;44,29399871826172;44,86008111078929;4,489609424127852;44,86008111078929
2019-08-05;34,08000183105469;155,85000610351562;15,479999542236328;70,7699966430664;3,8838999271392822;44,57899856567383;45,73063313673316;4,571705344691669;45,73063313673316
2019-08-06;35,31999969482422;160,64999389648438;15,649999618530273;71,23999786376953;3,973099946975708;45,400001525878906;45,484143625297364;4,552076651773097;45,484143625297364
2019-08-07;34,540000915527344;157,60000610351562;15,850000381469727;72,36000061035156;3,958699941635132;45,266998291015625;45,62825765087547;4,565299613175266;45,62825765087547
2019-08-08;34,95000076293945;158,9499969482422;15,630000114440918;70,625;3,967400074005127;45,507999420166016;45,479254214148916;4,518554029615645;45,479254214148916
2019-08-09;38,16999816894531;174,5500030517578;16,68000030517578;76,0;3,91759991645813;45,164798736572266;45,729633593163165;4,556354832704487;45,729633593163165
2019-08-12;16,75;92,4000015258789;11,0;63,14500045776367;3,940200090408325;45,2130012512207;55,16418001545009;5,740454587069425;55,16418001545009
2019-08-13;17,229999542236328;100,5;11,350000381469727;66,30999755859375;3,9839000701904297;54,57899856567383;58,32849835755471;5,84229033743937;58,32849835755471
2019-08-14;16,579999923706055;102,44999694824219;10,359999656677246;63,744998931884766;3,962399959564209;55,56999969482422;61,79131328086399;6,152992378797978;61,79131328086399
2019-08-15;17,469999313354492;101,9000015258789;10,520000457763672;62,314998626708984;4,050300121307373;60,23899841308594;58,32856641727746;5,92347869915928;58,32856641727746
2019-08-16;17,739999771118164;100,6500015258789;10,5600004196167;60,02000045776367;3,9900999069213867;57,244998931884766;56,73619099462642;5,683711938710533;56,73619099462642
2019-08-19;14,949999809265137;;9,779999732971191;;4,0046000480651855;54,81629943847656;;;
2019-08-20;15,140000343322754;84,3499984741211;9,649999618530273;53,69499969482422;4,073200225830078;54,832000732421875;55,713339868794826;5,5642488929965515;55,713339868794826
2019-08-21;15,59000015258789;86,3499984741211;10,0;55,60499954223633;4,051700115203857;54,72600173950195;55,388067754308054;5,560499954223633;55,388067754308054
2019-08-22;15,550000190734863;86,75;9,75;54,724998474121094;4,02400016784668;54,99599838256836;55,78778066619455;5,612820356320112;55,78778066619455
2019-08-23;14,6899995803833;80,80000305175781;9,619999885559082;53,51499938964844;4,067999839782715;55,10210037231445;55,00340732456953;5,56288981562065;55,00340732456953
2019-08-26;13,949999809265137;77,0;9,420000076293945;52,59000015258789;4,126200199127197;54,667999267578125;55,197133371184066;5,582802518753064;55,197133371184066
2019-08-27;12,869999885559082;72,8499984741211;8,920000076293945;51,35499954223633;4,151500225067139;55,3025016784668;56,60450592222864;5,757286894954058;56,60450592222864
2019-08-28;12,739999771118164;75,69999694824219;8,779999732971191;52,564998626708984;4,122799873352051;56,274600982666016;59,41915094838196;5,986902075784091;59,41915094838196
2019-08-29;11,899999618530273;69,19999694824219;8,899999618530273;52,560001373291016;4,167699813842773;57,942501068115234;58,15125980381236;5,905618384955691;58,15125980381236
2019-08-30;10,84000015258789;69,1500015258789;8,5600004196167;55,3650016784668;4,168099880218506;57,874000549316406;63,79151342481334;6,467873710798946;63,79151342481334
2019-09-02;;71,6500015258789;;59,435001373291016;4,143899917602539;59,48160171508789;;;
2019-09-03;9,569999694824219;59,25;8,130000114440918;50,29499816894531;4,1844000816345215;58,236000061035156;61,91222767963558;6,186346551165331;61,91222767963558
2019-09-04;11,050000190734863;67,3499984741211;8,470000267028809;52,67499923706055;4,16510009765625;55,935001373291016;60,9502238113917;6,219007978324234;60,9502238113917
2019-09-05;11,449999809265137;72,25;9,25;58,915000915527344;4,093200206756592;55,92499923706055;63,100437732354;6,369189288165118;63,100437732354
2019-09-06;11,729999542236328;76,1500015258789;9,260000228881836;60,83000183105469;4,105999946594238;56,014400482177734;64,91901491699537;6,569114506209902;64,91901491699537
2019-09-09;11,800000190734863;75,80000305175781;8,90999984741211;57,59000015258789;4,061299800872803;56,00299835205078;64,23728968349894;6,463524258007118;64,23728968349894
2019-09-10;11,899999618530273;79,6500015258789;8,960000038146973;59,974998474121094;4,093400001525879;56,01300048828125;66,93277653711067;6,693638194060163;66,93277653711067
2019-09-11;12,020000457763672;79,75;8,850000381469727;59,494998931884766;4,079500198364258;55,96200180053711;66,34775121700581;6,722598459595138;66,34775121700581
2019-09-12;11,779999732971191;80,80000305175781;8,6899995803833;59,77000045776367;4,064199924468994;56,16999816894531;68,59083606394799;6,878021098261931;68,59083606394799
2019-09-13;11,130000114440918;80,5999984741211;8,619999885559082;62,834999084472656;4,058899879455566;56,11050033569336;72,41688916925028;7,289443146018935;72,41688916925028
2019-09-16;11,829999923706055;82,55000305175781;8,970000267028809;63,02000045776367;4,0854997634887695;56,02799987792969;69,78022280992279;7,025640867526774;69,78022280992279
2019-09-17;12,029999732971191;83,8499984741211;8,720000267028809;61,57500076293945;4,0792999267578125;56,262001037597656;69,70074840842217;7,0613530822654536;69,70074840842217
2019-09-18;11,84000015258789;82,3499984741211;8,800000190734863;61,64500045776367;4,076000213623047;56,48099899291992;69,55236267976036;7,005113536550488;69,55236267976036
2019-09-19;12,229999542236328;83,0999984741211;9,229999542236328;63,96500015258789;4,1072998046875;56,435001373291016;67,94767096035865;6,9301195368304285;67,94767096035865
2019-09-20;11,899999618530273;81,55000305175781;9,180000305175781;63,51499938964844;4,166600227355957;56,487998962402344;68,52941652600637;6,918845019410076;68,52941652600637
2019-09-23;11,869999885559082;80,0;8,989999771118164;60,95500183105469;4,1483001708984375;56,66999816894531;67,39679930184933;6,780311833475518;67,39679930184933
2019-09-24;11,779999732971191;76,94999694824219;8,920000076293945;58,654998779296875;4,161499977111816;56,91600036621094;65,32257953526592;6,575672452647184;65,32257953526592
2019-09-25;12,359999656677246;79,0;9,079999923706055;58,619998931884766;4,1616997718811035;56,86199951171875;63,91585938056382;6,455947073175599;63,91585938056382
2019-09-26;12,399999618530273;79,44999694824219;9,100000381469727;58,095001220703125;4,14709997177124;56,97999954223633;64,07258015517512;6,384065800590691;64,07258015517512
2019-09-27;13,069999694824219;82,25;9,460000038146973;60,209999084472656;4,1691999435424805;57,16529846191406;62,93037637374344;6,364693323644701;62,93037637374344
2019-09-30;13,0;81,55000305175781;9,25;59,244998931884766;4,157100200653076;57,07899856567383;62,73077157827524;6,404864749392948;62,73077157827524
2019-10-01;12,760000228881836;84,25;9,289999961853027;62,064998626708984;4,154799938201904;57,59000015258789;66,02664458367558;6,680839492095026;66,02664458367558
2019-10-02;13,130000114440918;87,3499984741211;9,449999809265137;63,68000030517578;4,154600143432617;57,340999603271484;66,52703557713602;6,738624506927662;66,52703557713602
2019-10-03;13,109999656677246;85,55000305175781;9,40999984741211;62,09000015258789;4,1244001388549805;57,82099914550781;65,25553416638351;6,598299804400482;65,25553416638351
2019-10-04;13,510000228881836;89,80000305175781;9,630000114440918;65,0;4,082900047302246;57,65399932861328;66,46928314611152;6,749740314387697;66,46928314611152
2019-10-07;13,359999656677246;87,75;9,5;62,57500076293945;4,054599761962891;57,69850158691406;65,6811394124124;6,586842185572574;65,6811394124124
2019-10-08;12,710000038146973;84,9000015258789;9,279999732971191;62,33000183105469;4,105100154876709;57,82899856567383;66,79779801027972;6,716595218165852;66,79779801027972
2019-10-09;12,75;86,19999694824219;9,239999771118164;62,084999084472656;4,09089994430542;57,8380012512207;67,60784074371936;6,719155911511407;67,60784074371936
2019-10-10;13,390000343322754;90,44999694824219;9,5;64,99500274658203;4,10830020904541;57,762001037597656;67,55040674315386;6,841579236482319;67,55040674315386
2019-10-11;13,0600004196167;90,30000305175781;9,289999961853027;64,58499908447266;4,108399868011475;57,90950012207031;69,1424197170187;6,952098961213583;69,1424197170187
2019-10-14;12,850000381469727;;9,130000114440918;;4,108500003814697;57,887393951416016;;;
2019-10-15;13,239999771118164;90,5;9,239999771118164;63,994998931884766;4,123700141906738;58,03900146484375;68,35347550187832;6,925865856827885;68,35347550187832
2019-10-16;12,850000381469727;88,5;9,100000381469727;62,7400016784668;4,178599834442139;58,27035140991211;68,87159328619238;6,894505389936452;68,87159328619238
2019-10-17;12,510000228881836;91,80000305175781;9,239999771118164;67,24500274658203;4,148600101470947;57,745994567871094;73,38129606090587;7,277597880118181;73,38129606090587
2019-10-18;12,510000228881836;93,05000305175781;9,119999885559082;67,23999786376953;4,161099910736084;58,227806091308594;74,38049668211299;7,372806875824597;74,38049668211299
2019-10-21;12,84000015258789;95,94999694824219;9,25;68,98999786376953;4,111100196838379;58,34669876098633;74,72741106541463;7,458378147434544;74,72741106541463
2019-10-22;12,380000114440918;97,5999984741211;9,069999694824219;70,98500061035156;4,1247639656066895;58,400230407714844;78,83683164128041;7,82635093701922;78,83683164128041
2019-10-23;12,6899995803833;97,19999694824219;9,149999618530273;70,20500183105469;4,078400135040283;58,67118835449219;76,59574480876876;7,672678115622854;76,59574480876876
2019-10-24;12,420000076293945;97,44999694824219;9,3100004196167;73,49500274658203;4,033100128173828;58,91849899291992;78,46215487087234;7,894199724387111;78,46215487087234
2019-10-25;12,729999542236328;101,25;9,470000267028809;76,03500366210938;4,039299964904785;59,55350112915039;79,5365307469705;8,029039231058563;79,5365307469705
2019-10-28;11,279999732971191;92,0;9,020000457763672;72,99500274658203;4,002900123596191;59,89970016479492;81,56028561870087;8,09257195588654;81,56028561870087
2019-10-29;11,390000343322754;86,0;9,40999984741211;72,16999816894531;3,988800048828125;59,40862274169922;75,50482652128841;7,669500461128396;75,50482652128841
2019-10-30;11,399999618530273;89,6500015258789;9,479999542236328;74,55999755859375;3,9967000484466553;59,39995574951172;78,64035484716699;7,86497902519994;78,64035484716699
2019-10-31;11,5600004196167;92,0999984741211;9,359999656677246;75,40499877929688;3,9862000942230225;59,62680435180664;79,67127606486272;8,05608990866836;79,67127606486272
2019-11-01;11,789999961853027;94,0;9,479999542236328;76,4000015258789;4,015999794006348;59,56437301635742;79,72858380334216;8,059072280066395;79,72858380334216
2019-11-04;12,539999961853027;101,44999694824219;9,75;78,17500305175781;3,9893999099731445;59,63886260986328;80,90111423991662;8,01794903094952;80,90111423991662
2019-11-05;12,680000305175781;100,55000305175781;9,84000015258789;77,94499969482422;4,010799884796143;59,64270782470703;79,2981077537631;7,9212396835507075;79,2981077537631
2019-11-06;12,199999809265137;96,6500015258789;9,34000015258789;73,94499969482422;3,992000102996826;59,65290069580078;79,22131396467668;7,917023392589114;79,22131396467668
2019-11-07;12,59000015258789;100,4000015258789;9,5;75,28500366210938;4,082300186157227;59,64783477783203;79,74583026930429;7,924737227590461;79,74583026930429
2019-11-08;12,40999984741211;97,4000015258789;9,420000076293945;74,25;4,0995001792907715;59,5975456237793;78,48509486177794;7,88216554125674;78,48509486177794
2019-11-11;12,720000267028809;96,80000305175781;9,319999694824219;71,59500122070312;4,133399963378906;59,4817008972168;76,10062973243063;7,681867335302896;76,10062973243063
2019-11-12;12,069999694824219;93,0999984741211;9,100000381469727;70,88999938964844;4,151299953460693;59,59050369262695;77,13338925273018;7,790109496478846;77,13338925273018
2019-11-13;11,600000381469727;88,94999694824219;8,960000038146973;68,80000305175781;4,167900085449219;59,613399505615234;76,68102933025264;7,678571736478075;76,68102933025264
2019-11-14;11,069999694824219;84,5999984741211;9,0;69,66999816894531;4,168600082397461;59,66400146484375;76,42276495606033;7,74111090766059;76,42276495606033
2019-11-15;11,579999923706055;88,75;9,239999771118164;70,87999725341797;4,194300174713135;59,60089874267578;76,64076043585716;7,670995563762935;76,64076043585716
2019-11-18;11,380000114440918;;8,90999984741211;;4,194799900054932;59,41316223144531;;;
2019-11-19;11,84000015258789;90,30000305175781;8,979999542236328;68,78500366210938;4,216400146484375;59,43388366699219;76,26689348650116;7,659800352838275;76,26689348650116
2019-11-20;12,539999961853027;93,69999694824219;9,199999809265137;70,3550033569336;4,191699981689453;59,632301330566406;74,7208909356298;7,647283132123597;74,7208909356298
2019-11-21;12,6899995803833;93,4000015258789;9,1899995803833;69,2750015258789;4,195000171661377;59,660701751708984;73,60126447148217;7,538085385090905;73,60126447148217
2019-11-22;12,739999771118164;94,75;9,4399995803833;70,91999816894531;4,191699981689453;59,7435302734375;74,37205785105284;7,512712004386094;74,37205785105284
2019-11-25;12,8100004196167;94,44999694824219;9,520000457763672;71,29000091552734;4,195000171661377;59,773101806640625;73,73145499949041;7,488445114242564;73,73145499949041
2019-11-26;12,899999618530273;91,0999984741211;9,40999984741211;67,95500183105469;4,225399971008301;59,64360046386719;70,62015594423741;7,221573106586535;70,62015594423741
2019-11-27;13,779999732971191;99,75;9,680000305175781;70,94499969482422;4,231800079345703;59,82462692260742;72,38751954496031;7,3290286630353485;72,38751954496031
2019-11-28;;99,75;;71,57499694824219;4,262700080871582;59,91590118408203;;;
2019-11-29;13,359999656677246;99,75;9,609999656677246;72,17500305175781;4,188000202178955;59,77360153198242;74,66317557137478;7,510406413137485;74,66317557137478
2019-12-02;12,850000381469727;96,1500015258789;9,34000015258789;70,5199966430664;4,236100196838379;59,58008575439453;74,82490168991085;7,550320716378897;74,82490168991085
2019-12-03;12,869999885559082;95,19999694824219;9,09000015258789;68,26000213623047;4,222300052642822;59,87990188598633;73,97047225700626;7,509351044047793;73,97047225700626
2019-12-04;13,420000076293945;102,44999694824219;9,449999809265137;72,2249984741211;4,203999996185303;59,83380126953125;76,34127896110616;7,64285713564872;76,34127896110616
2019-12-05;13,229999542236328;104,5;9,329999923706055;73,50499725341797;4,206099987030029;59,81399917602539;78,9871531487112;7,878349180545371;78,9871531487112
2019-12-06;13,800000190734863;109,6500015258789;9,65999984741211;75,97000122070312;4,184599876403809;59,9546012878418;79,45652174664205;7,864389484545934;79,45652174664205
2019-12-09;14,050000190734863;106,9000015258789;10,15999984741211;78,73500061035156;4,118899822235107;59,89022445678711;76,08540930581131;7,749508050475654;76,08540930581131
2019-12-10;13,25;99,5999984741211;9,850000381469727;74,48500061035156;4,14109992980957;59,908897399902344;75,169810169148;7,5619287031172275;75,169810169148
2019-12-11;13,199999809265137;101,19999694824219;9,770000457763672;75,05999755859375;4,144599914550781;59,738800048828125;76,6666654625324;7,682701539583632;76,6666654625324
2019-12-12;13,960000038146973;103,3499984741211;10,1899995803833;76,79499816894531;4,123700141906738;59,74020004272461;74,03294999406003;7,536310238597344;74,03294999406003
2019-12-13;14,75;108,5999984741211;10,369999885559082;76,41999816894531;4,087247848510742;59,750099182128906;73,62711760957362;7,369334523847514;73,62711760957362
2019-12-16;14,470000267028809;109,25;10,270000457763672;78,11499786376953;4,0858001708984375;59,740657806396484;75,50103523421205;7,606133824922861;75,50103523421205
2019-12-17;14,539999961853027;107,5;10,289999961853027;76,5;4,0619001388549805;59,736000061035156;73,93397543468757;7,434402359922249;73,93397543468757
2019-12-18;14,789999961853027;108,9000015258789;10,699999809265137;78,44000244140625;4,070199966430664;59,735103607177734;73,63083286461004;7,330841480341429;73,63083286461004
2019-12-19;14,800000190734863;108,80000305175781;10,65999984741211;79,01000213623047;4,059662818908691;59,76620101928711;73,51351462810729;7,411820193919745;73,51351462810729
2019-12-20;15,0;109,8499984741211;11,010000228881836;81,69000244140625;4,06879997253418;59,740299224853516;73,23333231608073;7,4196185961117465;73,23333231608073
2019-12-23;16,34000015258789;117,44999694824219;11,319999694824219;82,9000015258789;4,079899787902832;59,72056579589844;71,8788224305131;7,323321886994646;71,8788224305131
2019-12-24;16,479999542236328;;11,609999656677246;;4,081999778747559;59,92279815673828;;;
2019-12-25;;;;;4,082799911499023;59,68230056762695;;;
2019-12-26;17,049999237060547;125,5;11,850000381469727;86,54499816894531;4,083000183105469;59,74599838256836;73,60704141687484;7,3033751377998986;73,60704141687484
2019-12-27;16,420000076293945;120,94999694824219;11,819999694824219;87,375;4,054699897766113;59,712093353271484;73,66016832293526;7,392132170549891;73,66016832293526
2019-12-30;16,290000915527344;121,5999984741211;11,5600004196167;85,72000122070312;4,022299766540527;59,78251266479492;74,64701758132752;7,415224749926557;74,64701758132752
2019-12-31;16,229999542236328;;11,579999923706055;;4,015710830688477;59,88560104370117;;;
2020-01-01;;;;;4,016786098480225;59,826629638671875;;;
2020-01-02;16,40999984741211;123,0;11,260000228881836;83,78500366210938;4,016300201416016;59,85862731933594;74,95429685783779;7,44094155941501;74,95429685783779
2020-01-03;15,800000190734863;120,80000305175781;11,15999984741211;84,16000366210938;4,023399829864502;59,79890060424805;76,45569721106399;7,5412190692480365;76,45569721106399
2020-01-06;15,970000267028809;124,9000015258789;11,140000343322754;86,08000183105469;4,057000160217285;59,71159744262695;78,20914178927333;7,727109441486732;78,20914178927333
2020-01-07;15,869999885559082;124,0;10,90999984741211;83,79000091552734;4,060400009155273;59,727386474609375;78,13484618410986;7,680110182164909;78,13484618410986
2020-01-08;16,040000915527344;125,9000015258789;10,979999542236328;84,33000183105469;4,066199779510498;59,74829864501953;78,49126829163882;7,680328355813296;78,49126829163882
2020-01-09;16,649999618530273;130,35000610351562;10,989999771118164;85,3949966430664;4,06279993057251;59,81370162963867;78,28829374773395;7,770245534261553;78,28829374773395
2020-01-10;16,3700008392334;133,9499969482422;10,65999984741211;85,80500030517578;4,092100143432617;59,71711349487305;81,82650585283355;8,049249674802422;81,82650585283355
2020-01-13;15,619999885559082;127,25;10,649999618530273;85,26499938964844;4,070499897003174;59,54230499267578;81,46606973899179;8,00610351584362;81,46606973899179
2020-01-14;15,470000267028809;125,6500015258789;10,640000343322754;85,28500366210938;4,1458001136779785;59,936100006103516;81,22171904138656;8,015507604342408;81,22171904138656
2020-01-15;14,829999923706055;122,1500015258789;10,380000114440918;85,58000183105469;4,13129997253418;59,9805908203125;82,36682545804985;8,244701434250818;82,36682545804985
2020-01-16;15,260000228881836;125,9000015258789;10,350000381469727;86,0199966430664;4,174200057983398;59,86949920654297;82,5032763024435;8,311110480447281;82,5032763024435
2020-01-17;15,600000381469727;126,4000015258789;10,319999694824219;82,9800033569336;4,183599948883057;59,88740158081055;81,02564002243335;8,04069823747674;81,02564002243335
2020-01-20;;128,10000610351562;;85,32499694824219;4,161600112915039;59,9779167175293;;;
2020-01-21;15,079999923706055;123,69999694824219;9,819999694824219;81,0199966430664;4,188499927520752;59,9901008605957;82,0291761101294;8,25050907952362;82,0291761101294
2020-01-22;14,970000267028809;124,5999984741211;9,949999809265137;82,54499816894531;4,210899829864502;60,092098236083984;83,23313042856161;8,295979874500292;83,23313042856161
2020-01-23;14,550000190734863;121,4000015258789;9,760000228881836;81,0199966430664;4,181300163269043;59,984798431396484;83,43642607179063;8,301228969576423;83,43642607179063
2020-01-24;13,989999771118164;117,25;9,65999984741211;79,63999938964844;4,169099807739258;59,99290084838867;83,80986555986819;8,244306485261882;83,80986555986819
2020-01-27;13,75;114,69999694824219;9,369999885559082;79,42500305175781;4,1595001220703125;60,00943374633789;83,4181795987216;8,476521240322166;83,4181795987216
2020-01-28;14,449999809265137;121,9000015258789;9,420000076293945;79,55500030517578;4,206099987030029;60,07979965209961;84,35986376118727;8,445329051045467;84,35986376118727
2020-01-29;14,40999984741211;122,4000015258789;9,579999923706055;79,83999633789062;4,193399906158447;60,092098236083984;84,94101514363355;8,33402891166248;84,94101514363355
2020-01-30;14,84000015258789;124,19999694824219;9,609999656677246;80,61000061035156;4,228899955749512;60,1593017578125;83,69271945498156;8,388137720103028;83,69271945498156
2020-01-31;14,350000381469727;122,19999694824219;9,390000343322754;78,72000122070312;4,242199897766113;60,16569900512695;85,15679003468185;8,383386404951631;85,15679003468185
2020-02-03;15,1899995803833;127,55000305175781;9,680000305175781;81,56500244140625;4,282599925994873;60,291996002197266;83,9697212477074;8,426136350201809;83,9697212477074
2020-02-04;14,800000190734863;126,30000305175781;9,699999809265137;81,29499816894531;4,246799945831299;60,410301208496094;85,33783880004574;8,380927811080458;85,33783880004574
2020-02-05;14,729999542236328;124,75;9,850000381469727;82,59500122070312;4,253699779510498;60,51138687133789;84,69110921714278;8,385278987002339;84,69110921714278
2020-02-06;14,800000190734863;124,80000305175781;9,850000381469727;82,88999938964844;4,23360013961792;60,532798767089844;84,32432529959388;8,415228038527278;84,32432529959388
2020-02-07;14,979999542236328;126,75;9,859999656677246;81,8499984741211;4,280799865722656;60,59600067138672;84,61281967507844;8,301217172831423;84,61281967507844
2020-02-10;14,989999771118164;126,4000015258789;9,899999618530273;82,62000274658203;4,320400238037109;60,670989990234375;84,32288422673552;8,345455144456619;84,32288422673552
2020-02-11;14,65999984741211;122,80000305175781;9,5600004196167;79,5199966430664;4,320974826812744;60,892601013183594;83,76535083896019;8,317990915554239;83,76535083896019
2020-02-12;14,8100004196167;122,25;9,430000305175781;78,94000244140625;4,327530860900879;61,06060028076172;82,54557497383513;8,371155873460468;82,54557497383513
2020-02-13;13,579999923706055;115,69999694824219;9,210000038146973;76,66000366210938;4,354499816894531;61,12919998168945;85,19882002817202;8,32356170951039;85,19882002817202
2020-02-14;13,789999961853027;116,69999694824219;9,479999542236328;77,65499877929688;4,346766948699951;61,30350112915039;84,62653899279682;8,19145596297973;84,62653899279682
2020-02-17;;118,0;;78,5199966430664;4,296999931335449;61,31208801269531;;;
2020-02-18;13,699999809265137;112,6500015258789;9,479999542236328;76,96499633789062;4,326499938964844;61,54349899291992;82,22627963081806;8,118670891806246;82,22627963081806
2020-02-19;14,09000015258789;114,44999694824219;9,649999618530273;77,375;4,354800224304199;61,57500076293945;81,22781810419023;8,018135031987127;81,22781810419023
2020-02-20;14,3100004196167;115,44999694824219;9,699999809265137;78,41500091552734;4,363999843597412;61,651100158691406;80,67784316063253;8,084020871900202;80,67784316063253
2020-02-21;14,489999771118164;115,5999984741211;9,59000015258789;76,75;4,392300128936768;61,75281524658203;79,77915824715053;8,00312813126377;79,77915824715053
2020-02-24;13,949999809265137;;9,119999885559082;;4,389800071716309;61,80750274658203;;;
2020-02-25;13,25;;8,5;;4,386600017547607;61,739498138427734;;;
2020-02-26;13,300000190734863;108,0999984741211;8,569999694824219;70,15499877929688;4,3867998123168945;61,77069854736328;81,27819317583653;8,186114501458665;81,27819317583653
2020-02-27;13,029999732971191;107,25;8,199999809265137;67,91999816894531;4,449100017547607;62,011600494384766;82,31005540899125;8,28292679863271;82,31005540899125
2020-02-28;12,640000343322754;102,69999694824219;7,989999771118164;65,92500305175781;4,484799861907959;62,06930160522461;81,24999537875394;8,25093929164555;81,24999537875394
2020-03-02;13,079999923706055;106,3499984741211;8,039999961853027;66,48999786376953;4,441299915313721;61,99207305908203;81,30733875722237;8,269900271049899;81,30733875722237
2020-03-03;12,960000038146973;105,0;8,100000381469727;66,61499786376953;4,472400188446045;62,1776008605957;81,01851828004543;8,22407342302895;81,01851828004543
2020-03-04;13,569999694824219;109,4000015258789;8,239999771118164;66,91000366210938;4,513199806213379;62,21419906616211;80,61901546512603;8,12014630105138;80,61901546512603
2020-03-05;13,1899995803833;108,55000305175781;7,75;63,78499984741211;4,583399772644043;62,35594177246094;82,29719977641072;8,2303225609564;82,29719977641072
2020-03-06;12,220000267028809;102,1500015258789;7,300000190734863;60,404998779296875;4,606200218200684;62,32929992675781;83,59247078045755;8,274657150826203;83,59247078045755
2020-03-09;9,960000038146973;85,9000015258789;5,260000228881836;45,994998931884766;4,589799880981445;61,87407302856445;86,24498112136588;8,74429599438674;86,24498112136588
2020-03-10;11,0600004196167;93,19999694824219;6,079999923706055;51,709999084472656;4,722899913787842;62,4359016418457;84,26762514668347;8,50493416666902;84,26762514668347
2020-03-11;10,15999984741211;89,0;5,409999847412109;47,900001525878906;4,642099857330322;62,541500091552734;87,59842651244676;8,853974653768617;87,59842651244676
2020-03-12;8,729999542236328;78,9000015258789;4,650000095367432;41,970001220703125;4,813799858093262;62,570701599121094;90,37801335974345;9,02580652901831;90,37801335974345
2020-03-13;9,210000038146973;80,5;4,5;40,435001373291016;4,790200233459473;62,70140075683594;87,40499420909491;8,985555860731337;87,40499420909491
2020-03-16;7,139999866485596;66,1500015258789;3,819999933242798;35,29999923706055;4,85260009765625;62,62446594238281;92,64706269306814;9,240837658102883;92,64706269306814
2020-03-17;7,639999866485596;66,5;3,509999990463257;31,829999923706055;4,999000072479248;62,94410705566406;87,04188633787246;9,068376071278868;87,04188633787246
2020-03-18;6,079999923706055;55,150001525878906;2,569999933242798;23,559999465942383;5,009699821472168;63,08840560913086;90,70724049000037;9,167315205418948;90,70724049000037
2020-03-19;6,099999904632568;56,04999923706055;3,049999952316284;28,280000686645508;5,103961944580078;63,25143814086914;91,88524608745334;9,27213151763121;91,88524608745334
2020-03-20;6,809999942779541;61,04999923706055;3,5;31,90999984741211;5,094200134277344;63,48012924194336;89,64757672544508;9,117142813546318;89,64757672544508
2020-03-23;6,449999809265137;;3,4000000953674316;;5,045499801635742;63,77561950683594;;;
2020-03-24;7,269999980926514;;3,930000066757202;;5,14169979095459;63,66740036010742;;;
2020-03-25;7,619999885559082;66,5;4,230000019073486;37,790000915527344;5,098100185394287;63,68334197998047;87,27034251801813;8,933806322725417;87,27034251801813
2020-03-26;7,849999904632568;65,5;4,130000114440918;35,6150016784668;5,033699989318848;63,96070098876953;83,43949145954268;8,623486850263207;83,43949145954268
2020-03-27;6,739999771118164;59,5;3,8499999046325684;34,08000183105469;5,022600173950195;64,12498474121094;88,27893474858229;8,851948746816182;88,27893474858229
2020-03-30;6,730000019073486;57,95000076293945;4,039999961853027;34,54999923706055;5,104629039764404;64,33830261230469;86,10698454487877;8,551980089923935;86,10698454487877
2020-03-31;7,050000190734863;;4,170000076293945;;5,192699909210205;64,37570190429688;;;
2020-04-01;6,789999961853027;60,150001525878906;4,070000171661377;36,599998474121094;5,203499794006348;64,31159973144531;88,58615885686051;8,992628238435909;88,58615885686051
2020-04-02;7,199999809265137;64,25;4,360000133514404;38,29999923706055;5,248199939727783;64,42829895019531;89,23611347506082;8,784403225737657;89,23611347506082
2020-04-03;7,340000152587891;65,05000305175781;4,360000133514404;38,834999084472656;5,255300045013428;64,58940124511719;88,62398051697981;8,907109609001198;88,62398051697981
2020-04-06;7,010000228881836;63,95000076293945;4,260000228881836;39,20000076293945;5,348499774932861;64,9260025024414;91,2268169399762;9,201877618966387;91,2268169399762
2020-04-07;6,929999828338623;62,900001525878906;4,130000114440918;37,845001220703125;5,285299777984619;64,92000579833984;90,76479521494932;9,16343829831255;90,76479521494932
2020-04-08;7,199999809265137;67,5999984741211;4,230000019073486;40,40999984741211;5,221700191497803;64,98529815673828;93,8888892568188;9,553191410212634;93,8888892568188
2020-04-09;7,090000152587891;;4,199999809265137;;5,123499870300293;65,0713119506836;;;
2020-04-10;;;;;5,105800151824951;65,07679748535156;;;
2020-04-13;6,829999923706055;70,05000305175781;4,0;40,61000061035156;5,105500221252441;64,63770294189453;102,56223108967136;10,15250015258789;102,56223108967136
2020-04-14;7,119999885559082;77,0999984741211;4,0;43,255001068115234;5,198500156402588;64,63094329833984;108,28651645135102;10,813750267028809;108,28651645135102
2020-04-15;7,579999923706055;82,8499984741211;3,9600000381469727;43,70500183105469;5,1620001792907715;65,41680145263672;109,30079064382579;11,036616517687166;109,30079064382579
2020-04-16;7,480000019073486;79,5999984741211;3,9000000953674316;40,060001373291016;5,236999988555908;65,56439971923828;106,41710998816386;10,271794972742644;106,41710998816386
2020-04-17;7,329999923706055;75,8499984741211;3,880000114440918;40,185001373291016;5,230899810791016;65,68379974365234;103,47885301992099;10,356958811348232;103,47885301992099
2020-04-20;7,320000171661377;78,1500015258789;3,7699999809265137;39,75;5,232699871063232;65,49669647216797;106,76229466281784;10,543766631593206;106,76229466281784
2020-04-21;6,849999904632568;75,5999984741211;3,450000047683716;38,11000061035156;5,315400123596191;65,93319702148438;110,3649628126181;11,046376835831673;110,3649628126181
2020-04-22;6,670000076293945;74,6500015258789;3,509999990463257;39,349998474121094;5,315000057220459;66,03459930419922;111,91904148726294;11,210825806562923;111,91904148726294
2020-04-23;6,300000190734863;71,5999984741211;3,509999990463257;39,67499923706055;5,456900119781494;66,20860290527344;113,6507877879434;11,30341861676876;113,6507877879434
2020-04-24;6,099999904632568;68,30000305175781;3,299999952316284;37,029998779296875;5,533100128173828;66,256103515625;111,96721986813185;11,221211913444229;111,96721986813185
2020-04-27;5,929999828338623;69,75;3,299999952316284;37,70000076293945;5,5725998878479;66,36009979248047;117,62226310138274;11,424242820512061;117,62226310138274
2020-04-28;6,980000019073486;81,5;3,759999990463257;43,79999923706055;5,652599811553955;66,47039794921875;116,7621773313665;11,648935996849325;116,7621773313665
2020-04-29;7,480000019073486;82,55000305175781;4,059999942779541;45,165000915527344;5,497399806976318;66,5848159790039;110,36096636532216;11,12438461873639;110,36096636532216
2020-04-30;7,119999885559082;80,6500015258789;3,8399999141693115;43,349998474121094;5,334799766540527;66,67582702636719;113,27247587384764;11,289062354965909;113,27247587384764
2020-05-01;6,630000114440918;;3,5399999618530273;;5,486000061035156;66,82772064208984;;;
2020-05-04;7,059999942779541;81,44999694824219;3,7100000381469727;41,959999084472656;5,4770002365112305;66,73686218261719;115,36826856711716;11,3099726827578;115,36826856711716
2020-05-05;6,900000095367432;83,55000305175781;3,6600000858306885;44,03499984741211;5,540599822998047;66,86009979248047;121,08695927098925;12,031420441187707;121,08695927098925
2020-05-06;7,25;86,55000305175781;3,609999895095825;43,97999954223633;5,578100204467773;66,94499969482422;119,3793145541487;12,182825711984933;119,3793145541487
2020-05-07;7,840000152587891;94,0;3,8499999046325684;46,43000030517578;5,715199947357178;67,09439849853516;119,89795685013057;12,059740637735656;119,89795685013057
2020-05-08;8,100000381469727;94,3499984741211;4,050000190734863;47,744998931884766;5,828719139099121;67,03113555908203;116,48147411198208;11,78888806995872;116,48147411198208
2020-05-11;8,8100004196167;104,75;4,110000133514404;49,0;5,4770002365112305;67,27449798583984;118,89897277048871;11,92214073192761;118,89897277048871
2020-05-12;8,729999542236328;105,9000015258789;4,269999980926514;51,96500015258789;5,8171000480651855;67,3812026977539;121,30585003301265;12,169789317261873;121,30585003301265
2020-05-13;7,929999828338623;99,75;3,819999933242798;48,685001373291016;5,884799957275391;67,39810180664062;125,7881490028962;12,744764980129808;125,7881490028962
2020-05-14;8,460000038146973;104,5;4,070000171661377;51,02000045776367;5,88640022277832;67,48400115966797;123,52245807186668;12,535626119381039;123,52245807186668
2020-05-15;8,399999618530273;102,8499984741211;4,139999866485596;51,095001220703125;5,8094000816345215;67,57869720458984;122,44047993435088;12,341788132490246;122,44047993435088
2020-05-18;8,890000343322754;106,6500015258789;4,340000152587891;52,724998474121094;5,855199813842773;67,657958984375;119,96625130164739;12,148616732808593;119,96625130164739
2020-05-19;8,489999771118164;101,94999694824219;4,389999866485596;52,220001220703125;5,718999862670898;67,81929779052734;120,08244958387672;11,895217040748506;120,08244958387672
2020-05-20;8,760000228881836;104,80000305175781;4,389999866485596;53,33000183105469;5,755199909210205;67,91130065917969;119,6347035542657;12,148064567880704;119,6347035542657
2020-05-21;9,380000114440918;111,0;4,619999885559082;55,150001525878906;5,690499782562256;67,9154281616211;118,33688554983136;11,937230063200536;118,33688554983136
2020-05-22;9,510000228881836;109,3499984741211;4,71999979019165;54,86000061035156;5,5524001121521;68,01991271972656;114,98422275745646;11,62288200189179;114,98422275745646
2020-05-25;;;;;5,52869987487793;68,1353988647461;;;
2020-05-26;9,529999732971191;108,69999694824219;4,929999828338623;57,15999984741211;5,443399906158447;68,16364288330078;114,06086043441317;11,594320859575902;114,06086043441317
2020-05-27;9,65999984741211;107,6500015258789;5,289999961853027;58,9900016784668;5,343999862670898;68,20780181884766;111,43892673530226;11,15122913116303;111,43892673530226
2020-05-28;8,829999923706055;100,30000305175781;4,909999847412109;56,775001525878906;5,27269983291626;68,29756164550781;113,59003841266255;11,563137126328638;113,59003841266255
2020-05-29;8,010000228881836;93,1500015258789;5,039999961853027;56,13999938964844;5,403600215911865;67,98636627197266;116,29213341343721;11,138888852095898;116,29213341343721
2020-06-01;8,529999732971191;99,55000305175781;5,090000152587891;59,02000045776367;5,334799766540527;68,34639739990234;116,70575166252942;11,595284614629401;116,70575166252942
2020-06-02;9,390000343322754;107,94999694824219;5,429999828338623;62,65999984741211;5,366499900817871;68,57762908935547;114,96271885123585;11,539595180168492;114,96271885123585
2020-06-03;10,15999984741211;117,3499984741211;5,71999979019165;66,45999908447266;5,1992998123168945;68,63523864746094;115,50196873675321;11,61888138500192;115,50196873675321
2020-06-04;10,180000305175781;117,44999694824219;5,78000020980835;66,875;5,061600208282471;68,74359893798828;115,37327448657099;11,570068784170063;115,37327448657099
2020-06-05;10,369999885559082;121,25;5,739999771118164;67,55999755859375;5,117199897766113;68,83055114746094;116,92381999815518;11,770034887202256;116,92381999815518
2020-06-08;11,5;133,5;6,570000171661377;75,30500030517578;4,959499835968018;68,74317169189453;116,08695652173913;11,461947996590869;116,08695652173913
2020-06-09;10,770000457763672;126,0999984741211;6,440000057220459;73,95999908447266;4,821599960327148;69,01780700683594;117,08448757141932;11,48447180548539;117,08448757141932
2020-06-10;10,859999656677246;127,80000305175781;6,269999980926514;72,5199966430664;4,898399829864502;69,0955810546875;117,67956454140426;11,56618769755565;117,67956454140426
2020-06-11;9,979999542236328;116,5999984741211;5,699999809265137;66,7750015258789;4,9721999168396;69,23609924316406;116,83367116467147;11,714912940407233;116,83367116467147
2020-06-12;10,75;119,5999984741211;6,059999942779541;66,97000122070312;4,974999904632568;69,30455780029297;111,25581253406614;11,051155421296256;111,25581253406614
2020-06-15;10,430000305175781;;5,789999961853027;;5,047800064086914;69,40897369384766;;;
2020-06-16;10,390000343322754;116,8499984741211;5,800000190734863;65,58499908447266;5,153206825256348;69,33267211914062;112,463902418652;11,307758090980856;112,463902418652
2020-06-17;10,0600004196167;109,94999694824219;5,739999771118164;62,310001373291016;5,243599891662598;69,61489868164062;109,29422700007346;10,855401368971291;109,29422700007346
2020-06-18;9,329999923706055;102,5999984741211;5,349999904632568;58,27000045776367;5,22790002822876;69,61799621582031;109,9678449229466;10,891589064760103;109,9678449229466
2020-06-19;10,220000267028809;113,94999694824219;5,570000171661377;62,185001373291016;5,377200126647949;69,67487335205078;111,49705867998973;11,164272792965274;111,49705867998973
2020-06-22;9,850000381469727;110,1500015258789;5,380000114440918;60,8650016784668;5,309999942779541;69,73162841796875;111,82740838578864;11,313197097355788;111,82740838578864
2020-06-23;10,239999771118164;111,8499984741211;5,559999942779541;61,11000061035156;5,2519001960754395;69,92220306396484;109,22851657633147;10,991007417133462;109,22851657633147
2020-06-24;10,039999961853027;110,5;5,460000038146973;59,790000915527344;5,151000022888184;70,04341125488281;110,05976137434727;10,950549541721069;110,05976137434727
2020-06-25;10,670000076293945;116,25;5,769999980926514;61,845001220703125;5,34660005569458;70,08065795898438;108,95032724346295;10,718371130873454;108,95032724346295
2020-06-26;10,210000038146973;110,4000015258789;5,699999809265137;60,8849983215332;5,359499931335449;70,16348266601562;108,12928610518944;10,681579010330301;108,12928610518944
2020-06-29;10,329999923706055;109,80000305175781;5,849999904632568;61,529998779296875;5,480899810791016;70,12287139892578;106,29235611103982;10,517948680746432;106,29235611103982
2020-06-30;9,699999809265137;103,19999694824219;5,75;60,209999084472656;5,402100086212158;70,34770202636719;106,3917515231998;10,47130418860394;106,3917515231998
2020-07-01;9,770000457763672;105,94999694824219;5,809999942779541;62,30500030517578;5,461699962615967;70,39279174804688;108,44420878614152;10,723752309603066;108,44420878614152
2020-07-02;9,220000267028809;102,44999694824219;5,800000190734863;63,31999969482422;5,316199779510498;70,5011978149414;111,11713013133915;10,917240967676854;111,11713013133915
2020-07-03;;104,0;;62,790000915527344;5,35890007019043;70,57469940185547;;;
2020-07-06;11,319999694824219;122,55000305175781;6,239999771118164;67,17500305175781;5,311399936676025;70,63939666748047;108,25972292895969;10,76522524290422;108,25972292895969
2020-07-07;10,890000343322754;119,9000015258789;6,019999980926514;66,4000015258789;5,354300022125244;70,74736022949219;110,10100803109346;11,029900620640792;110,10100803109346
2020-07-08;11,029999732971191;120,94999694824219;6,199999809265137;66,98999786376953;5,377799987792969;70,87190246582031;109,65548492870312;10,8048386975208;109,65548492870312
2020-07-09;10,520000457763672;;6,190000057220459;;5,342599868774414;70,8746337890625;;;
2020-07-10;11,369999885559082;;6,300000190734863;;5,337800025939941;70,87200164794922;;;
2020-07-13;11,34000015258789;126,1500015258789;6,199999809265137;68,08999633789062;5,326900005340576;70,7655029296875;111,24338609209836;10,982257811708076;111,24338609209836
2020-07-14;11,270000457763672;127,9000015258789;6,329999923706055;70,88500213623047;5,401500225067139;71,17169952392578;113,4871307283499;11,198262715733035;113,4871307283499
2020-07-15;11,680000305175781;131,89999389648438;6,510000228881836;72,69999694824219;5,366799831390381;71,2125015258789;112,92807401557624;11,167433854411586;112,92807401557624
2020-07-16;11,510000228881836;132,0500030517578;6,519999980926514;73,92500305175781;5,366948127746582;71,28028869628906;114,72632530484849;11,338190685278626;114,72632530484849
2020-07-17;11,229999542236328;131,60000610351562;6,409999847412109;74,56500244140625;5,330699920654297;71,34346008300781;117,18611884939486;11,632605961997045;117,18611884939486
2020-07-20;10,890000343322754;129,5;6,409999847412109;75,4000015258789;5,385300159454346;71,38099670410156;118,91643334924542;11,762871032878406;118,91643334924542
2020-07-21;11,359999656677246;134,6999969482422;6,489999771118164;75,8949966430664;5,327700138092041;71,595703125;118,57394455911576;11,69414473338116;118,57394455911576
2020-07-22;12,300000190734863;143,14999389648438;6,639999866485596;76,91000366210938;5,1697998046875;71,72019958496094;116,38210705420475;11,582832109726551;116,38210705420475
2020-07-23;12,470000267028809;143,0500030517578;6,809999942779541;77,31500244140625;5,118100166320801;71,7146987915039;114,71531675102516;11,353157575776672;114,71531675102516
2020-07-24;12,470000267028809;144,9499969482422;6,659999847412109;76,69000244140625;5,210599899291992;71,76940155029297;116,23896860010173;11,515015645414143;116,23896860010173
2020-07-27;12,770000457763672;150,89999389648438;6,639999866485596;77,28500366210938;5,229100227355957;71,8551025390625;118,1675712507457;11,639308014476605;118,1675712507457
2020-07-28;12,220000267028809;146,10000610351562;6,480000019073486;76,7699966430664;5,141421794891357;72,00810241699219;119,55810385513078;11,847221669305338;119,55810385513078
2020-07-29;12,319999694824219;145,9499969482422;6,46999979019165;75,49500274658203;5,152299880981445;72,05580139160156;118,46590954832374;11,66847066379051;118,46590954832374
2020-07-30;12,119999885559082;147,10000610351562;6,329999923706055;77,19999694824219;5,168799877166748;72,189697265625;121,36964314561135;12,195892239923369;121,36964314561135
2020-07-31;12,0;149,35000610351562;6,230000019073486;76,0250015258789;5,153900146484375;72,25749969482422;124,45833841959636;12,203049966793612;124,45833841959636
2020-08-03;13,270000457763672;164,6999969482422;6,659999847412109;81,54000091552734;5,221199989318848;72,36122131347656;124,1145375031873;12,243243661215926;124,1145375031873
2020-08-04;13,050000190734863;159,6999969482422;6,809999942779541;82,68000030517578;5,318699836730957;72,44300079345703;122,37547480008831;12,14096930982197;122,37547480008831
2020-08-05;12,649999618530273;154,5500030517578;6,71999979019165;81,6050033569336;5,290200233459473;72,55229949951172;122,17391914017625;12,143602069161117;122,17391914017625
2020-08-06;12,6899995803833;156,60000610351562;6,5;79,7300033569336;5,290900230407715;72,56790161132812;123,40426420942839;12,266154362605167;123,40426420942839
2020-08-07;12,850000381469727;162,14999389648438;6,440000057220459;80,87000274658203;5,331299781799316;72,68389892578125;126,1867619321723;12,55745373106192;126,1867619321723
2020-08-10;12,4399995803833;158,9499969482422;6,239999771118164;79,78500366210938;5,43720006942749;72,94450378417969;127,77331375387766;12,786058748174035;127,77331375387766
2020-08-11;11,859999656677246;154,75;5,900000095367432;75,70999908447266;5,480500221252441;72,88839721679688;130,4806108597776;12,83220302723702;130,4806108597776
2020-08-12;11,460000038146973;149,35000610351562;5,570000171661377;71,65499877929688;5,38040018081665;72,93360137939453;130,3228670212682;12,864451808073134;130,3228670212682
2020-08-13;11,529999732971191;149,9499969482422;5,659999847412109;72,69000244140625;5,434999942779541;73,04350280761719;130,05203852645818;12,842756961317216;130,05203852645818
2020-08-14;11,369999885559082;145,0500030517578;5,71999979019165;72,38500213623047;5,367000102996826;73,04019927978516;127,57256333483724;12,65472111735955;127,57256333483724
2020-08-17;10,789999961853027;;5,440000057220459;;5,42080020904541;73,08699798583984;;;
2020-08-18;10,65999984741211;137,3000030517578;5,440000057220459;70,48500061035156;5,508299827575684;73,10269927978516;128,79925423740943;12,95680144649953;128,79925423740943
2020-08-19;10,369999885559082;138,1999969482422;5,46999979019165;72,12000274658203;5,465400218963623;73,38390350341797;133,269043850902;13,184644517884925;133,269043850902
2020-08-20;10,25;137,8000030517578;5,46999979019165;72,81500244140625;5,556399822235107;73,39964294433594;134,4390273675686;13,311701139728026;134,4390273675686
2020-08-21;10,109999656677246;135,8000030517578;5,349999904632568;71,5199966430664;5,5559000968933105;73,46228790283203;134,32246059678883;13,368223909898989;134,32246059678883
2020-08-24;10,0600004196167;135,1999969482422;5,400000095367432;71,56999969482422;5,618599891662598;73,56340026855469;134,39362953167105;13,253703413120846;134,39362953167105
2020-08-25;10,170000076293945;133,9499969482422;5,550000190734863;71,7300033569336;5,610599994659424;73,66349792480469;131,71091046545496;12,92432448501159;131,71091046545496
2020-08-26;10,039999961853027;130,25;5,559999942779541;69,92500305175781;5,507400035858154;73,75129699707031;129,7310761901243;12,57643952722796;129,7310761901243
2020-08-27;9,899999618530273;124,80000305175781;5,380000114440918;67,48999786376953;5,6072001457214355;73,7876968383789;126,06061400059455;12,54460900151542;126,06061400059455
2020-08-28;10,600000381469727;133,0500030517578;5,710000038146973;71,11499786376953;5,568699836730957;73,87249755859375;125,51886628640854;12,454465392061188;125,51886628640854
2020-08-31;10,329999923706055;133,35000610351562;5,579999923706055;72,36000061035156;5,389999866485596;73,8302001953125;129,09003590357642;12,96774222217057;129,09003590357642
2020-09-01;10,399999618530273;131,9499969482422;5,639999866485596;72,0199966430664;5,490900039672852;74,11351013183594;126,87500171936482;12,769503253187771;126,87500171936482
2020-09-02;10,109999656677246;125,8499984741211;5,539999961853027;69,2300033569336;5,397299766540527;74,24433135986328;124,48071488410216;12,496390583688278;124,48071488410216
2020-09-03;10,279999732971191;125,69999694824219;5,519999980926514;67,69000244140625;5,338699817657471;74,31629943847656;122,27626479899875;12,262681644075787;122,27626479899875
2020-09-04;10,180000305175781;126,0999984741211;5,420000076293945;67,2249984741211;5,289899826049805;74,32779693603516;123,87032877593188;12,403136075246662;123,87032877593188
2020-09-07;;129,9499969482422;;67,71499633789062;5,301000118255615;74,46019744873047;;;
2020-09-08;10,260000228881836;128,10000610351562;5,440000057220459;66,41999816894531;5,298299789428711;74,64969635009766;124,85380433317624;12,209558358512643;124,85380433317624
2020-09-09;10,279999732971191;131,4499969482422;5,409999847412109;68,19000244140625;5,360599994659424;74,63939666748047;127,86965015829789;12,604437035987193;127,86965015829789
2020-09-10;10,25;133,1999969482422;5,159999847412109;66,91999816894531;5,308499813079834;74,69920349121094;129,95121653487044;12,968992276716374;129,95121653487044
2020-09-11;9,739999771118164;127,5999984741211;5,170000076293945;66,81500244140625;5,320499897003174;74,77850341796875;131,00616167619526;12,923597960428236;131,00616167619526
2020-09-14;9,210000038146973;121,0999984741211;5,059999942779541;64,94000244140625;5,316199779510498;74,87760162353516;131,48751137083175;12,833992722484822;131,48751137083175
2020-09-15;9,170000076293945;118,55000305175781;5,119999885559082;65,44000244140625;5,2683000564575195;75,04810333251953;129,2802639753846;12,781250762520376;129,2802639753846
2020-09-16;8,359999656677246;107,8499984741211;4,849999904632568;61,3849983215332;5,2743000984191895;75,12870025634766;129,00718050625736;12,656700933725828;129,00718050625736
2020-09-17;7,880000114440918;102,05000305175781;4,550000190734863;58,025001525878906;5,236000061035156;75,1781997680664;129,50507813412412;12,752747053513284;129,50507813412412
2020-09-18;7,860000133514404;107,44999694824219;4,460000038146973;59,67499923706055;5,237800121307373;75,31099700927734;136,70482840080894;13,380044557545371;136,70482840080894
2020-09-21;7,599999904632568;105,69999694824219;4,130000114440918;57,26499938964844;5,389800071716309;75,25150299072266;139,078945098161;13,865616901417557;139,078945098161
2020-09-22;7,25;104,44999694824219;3,880000114440918;55,94499969482422;5,412600040435791;75,50859832763672;144,06896130792026;14,41881392905204;144,06896130792026
2020-09-23;6,860000133514404;103,19999694824219;3,6600000858306885;54,90999984741211;5,469900131225586;75,58429718017578;150,43731040770757;15,002731846917296;150,43731040770757
2020-09-24;7,630000114440918;110,6500015258789;3,8399999141693115;55,10499954223633;5,592400074005127;75,64656066894531;145,01965906456175;14,350260618210697;145,01965906456175
2020-09-25;7,400000095367432;107,5;3,680000066757202;54,11000061035156;5,508399963378906;75,74960327148438;145,27026839810102;14,703804246947481;145,27026839810102
2020-09-28;7,230000019073486;106,0;3,7200000286102295;54,560001373291016;5,561100006103516;75,76229858398438;146,61134124531267;14,666666923030728;146,61134124531267
2020-09-29;7,159999847412109;107,19999694824219;3,609999895095825;53,970001220703125;5,660200119018555;76,04940032958984;149,7206693195507;14,950139276741039;149,7206693195507
2020-09-30;7,239999771118164;105,9000015258789;3,569999933242798;51,66999816894531;5,630499839782715;76,10359954833984;146,27072496374325;14,473389113486911;146,27072496374325
2020-10-01;7,420000076293945;108,94999694824219;3,6500000953674316;54,959999084472656;5,608399868011475;76,17070007324219;146,83287847438845;15,05753360232174;146,83287847438845
2020-10-02;7,289999961853027;109,44999694824219;3,630000114440918;56,0;5,642000198364258;76,18199920654297;150,1371708106585;15,426996758821028;150,1371708106585
2020-10-05;7,119999885559082;107,80000305175781;3,7300000190734863;57,900001525878906;5,681600093841553;76,84110260009766;151,40450110174834;15,522788533459842;151,40450110174834
2020-10-06;6,909999847412109;105,19999694824219;3,569999933242798;56,099998474121094;5,573400020599365;76,94000244140625;152,24312484991015;15,714285580717881;152,24312484991015
2020-10-07;7,059999942779541;106,5;3,6600000858306885;56,7599983215332;5,593800067901611;77,07129669189453;150,84985957956064;15,508195899031167;150,84985957956064
2020-10-08;7,25;109,94999694824219;3,809999942779541;58,64500045776367;5,611299991607666;77,10359954833984;151,65516820447198;15,392388802762001;151,65516820447198
2020-10-09;7,059999942779541;107,80000305175781;3,869999885559082;61,060001373291016;5,598599910736084;77,10749816894531;152,69122369045894;15,777778599202708;152,69122369045894
2020-10-12;7,0;;3,7899999618530273;;5,5289998054504395;77,20977020263672;;;
2020-10-13;6,789999961853027;107,80000305175781;3,75;59,45500183105469;5,529699802398682;77,13700103759766;158,76289198437433;15,854667154947917;158,76289198437433
2020-10-14;6,610000133514404;107,75;3,75;61,14500045776367;5,56850004196167;77,35209655761719;163,01058672250207;16,305333455403645;163,01058672250207
2020-10-15;6,559999942779541;109,69999694824219;3,569999933242798;61,70500183105469;5,5904998779296875;77,4052963256836;167,22560656267498;17,284314561598645;167,22560656267498
2020-10-16;6,760000228881836;114,30000305175781;3,559999942779541;60,70000076293945;5,611199855804443;77,47200012207031;169,08283902627034;17,050562286118105;169,08283902627034
2020-10-19;6,889999866485596;115,3499984741211;3,5899999141693115;58,994998931884766;5,644800186157227;77,47360229492188;167,41654674800165;16,43314772767497;167,41654674800165
2020-10-20;6,610000133514404;113,75;3,4600000381469727;59,744998931884766;5,605599880218506;77,58390045166016;172,08774236366227;17,267340541383813;172,08774236366227
2020-10-21;6,489999771118164;115,0;3,3399999141693115;58,654998779296875;5,6041998863220215;77,62650299072266;177,19569191939527;17,56137733131796;177,19569191939527
2020-10-22;6,599999904632568;119,9000015258789;3,450000047683716;62,26499938964844;5,607800006866455;77,66110229492188;181,66667160361712;18,047825660597404;181,66667160361712
2020-10-23;6,650000095367432;118,80000305175781;3,609999895095825;64,05000305175781;5,591300010681152;77,9979019165039;178,6466185684976;17,742383632412167;178,6466185684976
2020-10-26;6,71999979019165;112,19999694824219;3,609999895095825;59,494998931884766;5,616199970245361;78,21490478515625;166,96428638585166;16,480609601321195;166,96428638585166
2020-10-27;6,360000133514404;106,05000305175781;3,319999933242798;56,20500183105469;5,622700214385986;78,1802978515625;166,7452843167737;16,929217759398163;166,7452843167737
2020-10-28;6,119999885559082;97,94999694824219;3,0999999046325684;51,099998474121094;5,7052001953125;78,29840087890625;160,0490176141468;16,48387098262759;160,0490176141468
2020-10-29;6,309999942779541;100,55000305175781;3,259999990463257;51,505001068115234;5,744900226593018;78,30329895019531;159,35024399931413;15,799080128462272;159,35024399931413
2020-10-30;6,260000228881836;96,4000015258789;3,2200000286102295;51,040000915527344;5,7778000831604;78,28359985351562;153,99360703074274;15,85093182050576;153,99360703074274
2020-11-02;6,940000057220459;107,8499984741211;3,319999933242798;52,14500045776367;5,741399765014648;78,37692260742188;155,40345473327866;15,706325754901817;155,40345473327866
2020-11-03;7,050000190734863;108,8499984741211;3,5199999809265137;54,529998779296875;5,741099834442139;78,67870330810547;154,3971567790483;15,491477009878793;154,3971567790483
2020-11-04;7,019999980926514;107,3499984741211;3,5;53,44499969482422;5,754899978637695;78,92240142822266;152,9202261620987;15,26999991280692;152,9202261620987
2020-11-05;7,519999980926514;115,0;3,740000009536743;57,06999969482422;5,663000106811523;78,95459747314453;152,92553230276903;15,259358168261935;152,92553230276903
2020-11-06;7,610000133514404;115,25;3,7300000190734863;55,540000915527344;5,523399829864502;79,07769775390625;151,44546383440854;14,890080598263163;151,44546383440854
2020-11-09;8,09000015258789;122,30000305175781;4,139999866485596;60,875;5,36269998550415;78,91293334960938;151,17429016689888;14,704106754398564;151,17429016689888
2020-11-10;8,800000190734863;128,75;4,75;70,33999633789062;5,384699821472168;79,26470184326172;146,30681501070336;14,808420281661185;146,30681501070336
2020-11-11;8,300000190734863;125,69999694824219;4,579999923706055;67,01499938964844;5,413899898529053;79,35479736328125;151,4457759754738;14,632096180346895;151,4457759754738
2020-11-12;7,909999847412109;119,0999984741211;4,320000171661377;64,88500213623047;5,389999866485596;79,42269897460938;150,56890110192185;15,019675823595424;150,56890110192185
2020-11-13;8,260000228881836;120,55000305175781;4,570000171661377;67,38500213623047;5,456699848175049;79,50090026855469;145,94430957791485;14,74507650001539;145,94430957791485
2020-11-16;8,369999885559082;123,8499984741211;4,690000057220459;70,1050033569336;5,456999778747559;79,66071319580078;147,96893687872304;14,947761727423414;147,96893687872304
2020-11-17;8,609999656677246;127,0999984741211;4,920000076293945;71,80999755859375;5,414899826049805;79,95169830322266;147,61905173312314;14,59552773273239;147,61905173312314
2020-11-18;8,1899995803833;124,0;4,739999771118164;72,56999969482422;5,327199935913086;80,02770233154297;151,4041591613814;15,310127257180222;151,4041591613814
2020-11-19;8,329999923706055;124,94999694824219;4,78000020980835;70,8949966430664;5,361700057983398;80,09359741210938;149,99999771026572;14,831588604869305;149,99999771026572
2020-11-20;8,119999885559082;124,1500015258789;4,760000228881836;72,74500274658203;5,304500102996826;80,2874984741211;152,89409270395683;15,282562867369954;152,89409270395683
2020-11-23;8,3100004196167;;5,0;;5,3780999183654785;80,28081512451172;;;
2020-11-24;8,819999694824219;131,8000030517578;5,329999923706055;80,3550033569336;5,4405999183654785;80,29962921142578;149,43311520645645;15,075985836236404;149,43311520645645
2020-11-25;8,760000228881836;131,14999389648438;5,190000057220459;77,1500015258789;5,372600078582764;80,67949676513672;149,71460099290994;14,865125370961389;149,71460099290994
2020-11-26;;131,4499969482422;;77,98500061035156;5,3225998878479;80,7833023071289;;;
2020-11-27;9,069999694824219;136,10000610351562;5,400000095367432;81,26499938964844;5,335299968719482;80,87359619140625;150,05513856982915;15,049073695269803;150,05513856982915
2020-11-30;8,609999656677246;130,60000610351562;5,03000020980835;76,54000091552734;5,34250020980835;80,94117736816406;151,68410140670844;15,216699348496375;151,68410140670844
2020-12-01;8,859999656677246;132,14999389648438;5,269999980926514;78,83999633789062;5,331099987030029;81,2994384765625;149,15349776214825;14,960151161903768;149,15349776214825
2020-12-02;9,119999885559082;132,9499969482422;5,340000152587891;78,0999984741211;5,204899787902832;81,43509674072266;145,77850725498334;14,625467461133308;145,77850725498334
2020-12-03;8,970000267028809;133,0;5,130000114440918;76,00499725341797;5,216300010681152;81,48500061035156;148,27201342331114;14,815788607774955;148,27201342331114
2020-12-04;9,079999923706055;130,1999969482422;5,289999961853027;78,1449966430664;5,151000022888184;81,50070190429688;143,39206832845468;14,772211192170424;143,39206832845468
2020-12-07;8,949999809265137;;5,25;;5,154399871826172;81,66498565673828;;;
2020-12-08;8,720000267028809;;5,159999847412109;;5,098299980163574;81,48970031738281;;;
2020-12-09;8,789999961853027;124,75;5,139999866485596;73,30999755859375;5,119699954986572;81,57759857177734;141,92263997883038;14,26264580989541;141,92263997883038
2020-12-10;9,380000114440918;129,75;5,539999961853027;77,69499969482422;5,1697001457214355;81,97029876708984;138,3262243251407;14,024368272529136;138,3262243251407
2020-12-11;8,989999771118164;128,6999969482422;5,449999809265137;77,48500061035156;5,024199962615967;82,0589599609375;143,15906587863535;14,217431802222288;143,15906587863535
2020-12-14;8,8100004196167;127,05000305175781;5,389999866485596;77,95999908447266;5,064199924468994;82,0055160522461;144,21112031829554;14,463822080816557;144,21112031829554
2020-12-15;9,0600004196167;128,25;5,510000228881836;77,16500091552734;5,117700099945068;82,37000274658203;141,55628483450542;14,004536789499683;141,55628483450542
2020-12-16;9,039999961853027;127,25;5,480000019073486;77,87999725341797;5,078884124755859;82,46929931640625;140,76327493027574;14,211678281451043;140,76327493027574
2020-12-17;8,899999618530273;126,55000305175781;5,480000019073486;77,16000366210938;5,083199977874756;82,54759979248047;142,19102075945483;14,080292590063706;142,19102075945483
2020-12-18;8,729999542236328;121,9000015258789;5,389999866485596;76,25499725341797;5,0569000244140625;82,72003936767578;139,6334569505055;14,147495202655355;139,6334569505055
2020-12-21;8,470000267028809;119,6500015258789;5,190000057220459;72,05500030517578;5,100599765777588;83,04048156738281;141,263279520357;13,883429578181035;141,263279520357
2020-12-22;8,449999809265137;120,6500015258789;5,010000228881836;70,63500213623047;5,118937969207764;83,07489776611328;142,78107011741028;14,09880217749915;142,78107011741028
2020-12-23;8,6899995803833;125,5999984741211;5,039999961853027;73,88500213623047;5,1566548347473145;83,2358169555664;144,5339522888459;14,659722757034626;144,5339522888459
2020-12-24;8,680000305175781;;4,940000057220459;;5,2153000831604;83,3505859375;;;
2020-12-25;;;;;5,2153000831604;83,25572204589844;;;
2020-12-28;8,670000076293945;125,30000305175781;4,909999847412109;70,53500366210938;5,2153000831604;83,22660064697266;144,52134019509515;14,365581640350952;144,52134019509515
2020-12-29;9,130000114440918;128,39999389648438;4,929999828338623;70,6500015258789;5,2459001541137695;83,83159637451172;140,6352598981835;14,33062961174331;140,6352598981835
2020-12-30;8,880000114440918;125,75;4,900000095367432;69,38500213623047;5,208600044250488;84,02159881591797;141,61035853535816;14,160204242001665;141,61035853535816
2020-12-31;8,739999771118164;;4,699999809265137;;5,190838813781738;84,13993835449219;;;
2021-01-01;;;;;5,1921000480651855;84,07097625732422;;;
2021-01-04;8,279999732971191;123,25;4,519999980926514;67,625;5,19189977645874;84,25556945800781;148,85266180530783;14,961283248974299;148,85266180530783
2021-01-05;8,1899995803833;123,6500015258789;4,619999885559082;69,02999877929688;5,295300006866455;84,62409973144531;150,97681057523565;14,941558547450768;150,97681057523565
2021-01-06;8,3100004196167;123,05000305175781;4,650000095367432;69,43000030517578;5,28410005569458;84,78759765625;148,0746051002408;14,931182555102634;148,0746051002408
2021-01-07;8,319999694824219;123,9000015258789;4,78000020980835;72,31999969482422;5,312900066375732;84,89820098876953;148,91827652704814;15,129706385038807;148,91827652704814
2021-01-08;8,220000267028809;122,6500015258789;4,690000057220459;68,97000122070312;5,40880012512207;84,9352035522461;149,2092427512923;14,705757010497432;149,2092427512923
2021-01-11;7,940000057220459;120,25;4,420000076293945;66,75499725341797;5,4121880531311035;85,33381652832031;151,4483616289742;15,102940294378975;151,4483616289742
2021-01-12;8,109999656677246;121,44999694824219;4,179999828338623;64,03500366210938;5,48769998550415;85,3019027709961;149,7533934520554;15,319379495659128;149,7533934520554
2021-01-13;8,100000381469727;121,19999694824219;4,090000152587891;62,88999938964844;5,321400165557861;85,45719909667969;149,6296188152163;15,376527394468596;149,6296188152163
2021-01-14;8,270000457763672;121,19999694824219;4,150000095367432;63,97999954223633;5,297500133514404;85,55729675292969;146,55379714575787;15,416867005293811;146,55379714575787
2021-01-15;8,0;120,05000305175781;3,9600000381469727;61,540000915527344;5,195799827575684;85,64219665527344;150,06250381469727;15,540404121895953;150,06250381469727
2021-01-18;;118,5999984741211;;61,94499969482422;5,291299819946289;85,97402954101562;;;
2021-01-19;7,78000020980835;116,94999694824219;3,940000057220459;60,869998931884766;5,2947998046875;86,06819915771484;150,32132878454397;15,449238083216313;150,32132878454397
2021-01-20;7,880000114440918;118,0;3,680000066757202;56,90999984741211;5,3566999435424805;86,2020034790039;149,74619071864322;15,464673591041786;149,74619071864322
2021-01-21;7,610000133514404;114,80000305175781;3,25;52,005001068115234;5,290500164031982;86,3550033569336;150,85414065392607;16,001538790189304;150,85414065392607
2021-01-22;7,480000019073486;113,0999984741211;3,490000009536743;56,040000915527344;5,3495001792907715;86,43499755859375;151,2032061306469;16,057306808708578;151,2032061306469
2021-01-25;7,380000114440918;112,30000305175781;3,450000047683716;53,26499938964844;5,4654998779296875;86,48467254638672;152,16802345573575;15,439130044479231;152,16802345573575
2021-01-26;7,78000020980835;117,80000305175781;3,740000009536743;58,744998931884766;5,4654998779296875;86,83999633789062;151,41388158736265;15,70721892569226;151,41388158736265
2021-01-27;7,710000038146973;118,80000305175781;4,050000190734863;62,65999984741211;5,353799819946289;86,9281997680664;154,08560630864835;15,471604171959951;154,08560630864835
2021-01-28;7,75;119,5;3,9800000190734863;61,25;5,412600040435791;87,10970306396484;154,19354838709677;15,389447162429546;154,19354838709677
2021-01-29;7,460000038146973;115,69999694824219;3,6500000953674316;58,82500076293945;5,437989234924316;87,13404846191406;155,09382889625493;16,11643814409757;155,09382889625493
2021-02-01;7,860000133514404;119,1500015258789;4,010000228881836;62,6150016784668;5,4608001708984375;87,1077651977539;151,59033015512676;15,614712744274982;151,59033015512676
2021-02-02;7,78000020980835;119,19999694824219;3,9100000858306885;61,875;5,430500030517578;87,60220336914062;153,21335955488172;15,824807836763645;153,21335955488172
2021-02-03;7,78000020980835;118,3499984741211;4,300000190734863;64,69000244140625;5,3668999671936035;87,69770050048828;152,12081655848246;15,044185946966396;152,12081655848246
2021-02-04;8,020000457763672;123,44999694824219;4,300000190734863;65,50499725341797;5,3520002365112305;87,80195617675781;153,92766820697346;15,233719615771289;153,92766820697346
2021-02-05;8,270000457763672;126,19999694824219;4,210000038146973;64,1500015258789;5,4257001876831055;87,90640258789062;152,5997460251272;15,2375299155851;152,5997460251272
2021-02-08;8,3100004196167;126,94999694824219;4,510000228881836;68,87999725341797;5,369200229644775;87,88616180419922;152,7677383126989;15,27272588864045;152,7677383126989
2021-02-09;8,270000457763672;126,94999694824219;4,679999828338623;70,08000183105469;5,364299774169922;88,15630340576172;153,50663835703259;14,974359914866223;153,50663835703259
2021-02-10;8,130000114440918;125,94999694824219;4,519999980926514;68,9000015258789;5,376699924468994;88,26499938964844;154,92004326607994;15,243363233766148;154,92004326607994
2021-02-11;8,300000190734863;125,4000015258789;4,599999904632568;67,68499755859375;5,384900093078613;88,35559844970703;151,08433571587216;14,714130209096208;151,08433571587216
2021-02-12;8,279999732971191;123,8499984741211;4,639999866485596;68,49500274658203;5,3653998374938965;88,42949676513672;149,57729766698773;14,76185446497893;149,57729766698773
2021-02-15;;;;;5,368599891662598;88,4330825805664;;;
2021-02-16;8,59000015258789;;4,739999771118164;;5,368000030517578;88,44329833984375;;;
2021-02-17;8,630000114440918;126,05000305175781;4,800000190734863;70,86499786376953;5,3694000244140625;88,46179962158203;146,0602565240218;14,763540634968255;146,0602565240218
2021-02-18;8,720000267028809;128,64999389648438;4,630000114440918;67,23999786376953;5,409800052642822;88,92749786376953;147,53439215239803;14,522677365395465;147,53439215239803
2021-02-19;8,630000114440918;126,5;4,400000095367432;64,06999969482422;5,42579984664917;89,05149841308594;146,58168982909118;14,561363251396456;146,58168982909118
2021-02-22;8,029999732971191;120,05000305175781;4,110000133514404;61,32500076293945;5,38070011138916;89,07679748535156;149,50187676698457;14,92092427512923;149,50187676698457
2021-02-23;7,949999809265137;113,9000015258789;4,099999904632568;59,255001068115234;5,463399887084961;89,41899871826172;143,2704456082337;14,452439621074946;143,2704456082337
2021-02-24;8,15999984741211;118,19999694824219;4,460000038146973;63,52000045776367;5,439599990844727;89,45069885253906;144,85294014524834;14,242152447190286;144,85294014524834
2021-02-25;7,650000095367432;115,4000015258789;4,28000020980835;64,63999938964844;5,402964115142822;89,66374969482422;150,84967331668537;15,102802855363153;150,84967331668537
2021-02-26;7,449999809265137;112,6500015258789;4,329999923706055;63,904998779296875;5,528025150299072;89,68489074707031;151,20805961066276;14,758660486210927;151,20805961066276
2021-03-01;7,590000152587891;115,30000305175781;4,159999847412109;64,20500183105469;5,597599983215332;89,72693634033203;151,9104093989314;15,433895237038511;151,9104093989314
2021-03-02;7,670000076293945;114,8499984741211;3,9600000381469727;61,154998779296875;5,640699863433838;90,08126068115234;149,73924032816342;15,443181361158146;149,73924032816342
2021-03-03;7,28000020980835;112,3499984741211;3,990000009536743;61,06999969482422;5,675099849700928;90,15498352050781;154,32691653326034;15,305764297959167;154,32691653326034
2021-03-04;7,389999866485596;113,44999694824219;4,190000057220459;64,61499786376953;5,617499828338623;90,22123718261719;153,51826657365655;15,421240329679971;153,51826657365655
2021-03-05;7,119999885559082;109,9000015258789;4,25;63,72999954223633;5,668300151824951;90,27691650390625;154,35393720831394;14,99529400993796;154,35393720831394
2021-03-08;7,130000114440918;109,5999984741211;3,950000047683716;60,92499923706055;5,689499855041504;90,2240982055664;153,71668543474507;15,424050253565701;153,71668543474507
2021-03-09;7,190000057220459;111,05000305175781;4,079999923706055;60,994998931884766;5,874599933624268;90,50299835205078;154,45062888453995;14,949754919720723;154,45062888453995
2021-03-10;7,75;114,94999694824219;4,309999942779541;64,4800033569336;5,801499843597412;90,55940246582031;148,32257670740927;14,960557822037954;148,32257670740927
2021-03-11;7,860000133514404;116,44999694824219;4,400000095367432;65,29000091552734;5,67110013961792;90,72329711914062;148,15520988569557;14,83863625009198;148,15520988569557
2021-03-12;7,940000057220459;119,30000305175781;4,409999847412109;65,6449966430664;5,534800052642822;90,78575134277344;150,25189192948312;14,885487282179481;150,25189192948312
2021-03-15;8,220000267028809;123,19999694824219;4,510000228881836;67,33999633789062;5,4951558113098145;90,47457885742188;149,8783369173465;14,93126228833612;149,8783369173465
2021-03-16;8,0;120,19999694824219;4,389999866485596;65,19000244140625;5,614500045776367;91,06009674072266;150,24999618530273;14,849659322106985;150,24999618530273
2021-03-17;8,069999694824219;120,44999694824219;4,559999942779541;67,57499694824219;5,6234002113342285;91,1261978149414;149,2565074388963;14,819078464078215;149,2565074388963
2021-03-18;7,800000190734863;117,8499984741211;4,349999904632568;65,09500122070312;5,583099842071533;91,1897964477539;151,08973793886287;14,964368424785404;151,08973793886287
2021-03-19;7,920000076293945;118,69999694824219;4,400000095367432;65,61000061035156;5,558700084686279;91,268798828125;149,87373207676308;14,911363451884801;149,87373207676308
2021-03-22;7,900000095367432;117,25;4,389999866485596;64,7699966430664;5,493563175201416;91,27861785888672;148,41771972731433;14,753986016614137;148,41771972731433
2021-03-23;7,880000114440918;116,55000305175781;4,199999809265137;61,83000183105469;5,505499839782715;91,55282592773438;147,90609309531334;14,721429675939183;147,90609309531334
2021-03-24;7,650000095367432;;4,099999904632568;;5,520400047302246;91,54326629638672;;;
2021-03-25;7,599999904632568;111,6500015258789;4,099999904632568;60,10499954223633;5,61959981918335;91,45360565185547;146,9078985880287;14,65975632690235;146,9078985880287
2021-03-26;7,650000095367432;110,1500015258789;4,119999885559082;59,61000061035156;5,648399829864502;91,69523620605469;143,9869283041994;14,468447151974257;143,9869283041994
2021-03-29;7,590000152587891;109,19999694824219;4,090000152587891;59,1349983215332;5,752399921417236;91,93160247802734;143,87351087339476;14,458434258032083;143,87351087339476
2021-03-30;7,699999809265137;112,75;4,119999885559082;59,7400016784668;5,780799865722656;91,89830017089844;146,42857505571874;14,500000810160243;146,42857505571874
2021-03-31;7,610000133514404;111,4000015258789;4,110000133514404;59,810001373291016;5,771599769592285;91,94349670410156;146,38633320816098;14,552311296921616;146,38633320816098
2021-04-01;7,590000152587891;;4,239999771118164;;5,63129997253418;91,98280334472656;;;
2021-04-02;;;;;5,707399845123291;91,65340423583984;;;
2021-04-05;7,670000076293945;112,8499984741211;4,150000095367432;60,619998931884766;5,710599899291992;91,67550659179688;147,13167842450517;14,60722832260986;147,13167842450517
2021-04-06;7,800000190734863;116,3499984741211;4,380000114440918;64,66000366210938;5,662700176239014;91,29419708251953;149,1666610628113;14,762557528006562;149,1666610628113
2021-04-07;7,769999980926514;116,6500015258789;4,289999961853027;63,994998931884766;5,593200206756592;92,281982421875;150,1287024610382;14,917249300916705;150,1287024610382
2021-04-08;7,699999809265137;115,80000305175781;4,179999828338623;62,54999923706055;5,612100124359131;92,24649810791016;150,38961807819757;14,964115264550522;150,38961807819757
2021-04-09;7,510000228881836;113,5;4,019999980926514;60,42499923706055;5,5665998458862305;92,30039978027344;151,13181962831845;15,031094408894507;151,13181962831845
2021-04-12;7,320000171661377;110,19999694824219;3,9200000762939453;59,314998626708984;5,679299831390381;92,1686019897461;150,5464403878979;15,131376906192996;150,5464403878979
2021-04-13;7,289999961853027;110,30000305175781;3,930000066757202;58,84000015258789;5,7322001457214355;92,57779693603516;151,3031599848197;14,972009962620456;151,3031599848197
2021-04-14;7,340000152587891;110,19999694824219;3,940000057220459;58,81999969482422;5,716300010681152;92,6144027709961;150,13623250319495;14,928933715884208;150,13623250319495
2021-04-15;7,199999809265137;109,69999694824219;3,8399999141693115;58,599998474121094;5,652900218963623;92,66625213623047;152,36111090874965;15,26041661039926;152,36111090874965
2021-04-16;7,369999885559082;111,0;3,9600000381469727;59,130001068115234;5,614999771118164;92,72000122070312;150,6105857850765;14,931818307704942;150,6105857850765
2021-04-19;7,420000076293945;112,55000305175781;3,9200000762939453;59,029998779296875;5,5858001708984375;92,86959838867188;151,68463867182732;15,058672864900844;151,68463867182732
2021-04-20;7,190000057220459;109,3499984741211;3,799999952316284;57,349998474121094;5,545300006866455;92,93360137939453;152,08622754363938;15,092105050991774;152,08622754363938
2021-04-21;7,230000019073486;110,6500015258789;3,859999895095825;58,439998626708984;5,56790018081665;92,97699737548828;153,04287860853773;15,13989642874283;153,04287860853773
2021-04-22;7,190000057220459;109,0;3,759999990463257;57,35499954223633;5,56790018081665;92,94650268554688;151,59944246528656;15,253989278646198;151,59944246528656
2021-04-23;7,199999809265137;109,5;3,75;57,16999816894531;5,44320011138916;93,07516479492188;152,0833373621659;15,245332845052083;152,0833373621659
2021-04-26;7,409999847412109;114,25;3,7799999713897705;57,95000076293945;5,477200031280518;93,19349670410156;154,18353893745493;15,330688148559249;154,18353893745493
2021-04-27;7,71999979019165;119,44999694824219;3,880000114440918;59,41999816894531;5,435299873352051;93,2843017578125;154,72797952663782;15,314432066068981;154,72797952663782
2021-04-28;7,789999961853027;121,44999694824219;4,0;61,630001068115234;5,451000213623047;93,33769989013672;155,9050032644064;15,407500267028809;155,9050032644064
2021-04-29;7,630000114440918;119,19999694824219;3,990000009536743;62,02000045776367;5,341400146484375;93,42620086669922;156,22541960731866;15,543859726698214;156,22541960731866
2021-04-30;7,489999771118164;116,75;3,7799999713897705;59,0099983215332;5,336400032043457;93,47959899902344;155,87450409570664;15,611110785230334;155,87450409570664
2021-05-03;7,320000171661377;115,55000305175781;3,759999990463257;58,775001525878906;5,439700126647949;93,90560150146484;157,8551917240353;15,631649381636684;157,8551917240353
2021-05-04;7,239999771118164;114,30000305175781;3,680000066757202;58,17499923706055;5,4380998611450195;93,66609954833984;157,87293738284887;15,808423418949573;157,87293738284887
2021-05-05;7,28000020980835;115,8499984741211;3,7899999618530273;60,29999923706055;5,442599773406982;93,69049835205078;159,13460870239578;15,910290196303418;159,13460870239578
2021-05-06;7,460000038146973;117,44999694824219;3,7699999809265137;59,52000045776367;5,352700233459473;93,66899871826172;157,43967338828082;15,787798609785685;157,43967338828082
2021-05-07;7,889999866485596;123,69999694824219;3,990000009536743;61,91999816894531;5,273430824279785;93,7842025756836;156,78073389289077;15,518796496477828;156,78073389289077
2021-05-10;7,940000057220459;124,55000305175781;4,070000171661377;63,30500030517578;5,235499858856201;92,962890625;156,86398256193314;15,554053473008734;156,86398256193314
2021-05-11;7,849999904632568;122,75;3,9000000953674316;61,1349983215332;5,2221999168396;93,84406280517578;156,36942865128034;15,675640211945552;156,36942865128034
2021-05-12;7,690000057220459;120,1500015258789;4,150000095367432;64,43499755859375;5,221199989318848;93,89995574951172;156,24187338342747;15,526505079005021;156,24187338342747
2021-05-13;7,960000038146973;125,4000015258789;4,199999809265137;66,45500183105469;5,303100109100342;93,98390197753906;157,53768960417125;15,822620202138092;157,53768960417125
2021-05-14;8,329999923706055;130,89999389648438;4,46999979019165;70,27999877929688;5,307700157165527;94,00379943847656;157,142851254969;15,722595543183154;157,142851254969
2021-05-17;8,5600004196167;136,25;4,690000057220459;74,1449966430664;5,269499778747559;93,895751953125;159,1705529450208;15,809167534852577;159,1705529450208
2021-05-18;8,420000076293945;135,0;4,690000057220459;75,25;5,271500110626221;94,04730224609375;160,3325401149166;16,044775923648306;160,3325401149166
2021-05-19;8,34000015258789;134,9499969482422;4,550000190734863;73,58999633789062;5,259500026702881;94,07011413574219;161,81054493909977;16,173624890772857;161,81054493909977
2021-05-20;8,550000190734863;139,35000610351562;4,579999923706055;74,41000366210938;5,308000087738037;94,20770263671875;162,98245964312505;16,246725961055937;162,98245964312505
2021-05-21;8,229999542236328;135,14999389648438;4,5;73,42500305175781;5,281300067901611;94,24459838867188;164,21628361325548;16,316667344835068;164,21628361325548
2021-05-24;8,130000114440918;;4,630000114440918;;5,361800193786621;94,20122528076172;;;
2021-05-25;8,100000381469727;;4,510000228881836;;5,31850004196167;94,1934585571289;;;
2021-05-26;8,3100004196167;136,89999389648438;4,519999980926514;74,0199966430664;5,330699920654297;94,2042007446289;164,741259908142;16,376105521109697;164,741259908142
2021-05-27;8,569999694824219;139,3000030517578;4,559999942779541;74,65499877929688;5,310500144958496;94,4760971069336;162,5437666420069;16,371710464055628;162,5437666420069
2021-05-28;8,880000114440918;145,39999389648438;4,699999809265137;76,26000213623047;5,2382001876831055;94,43990325927734;163,73872975522897;16,225533027873468;163,73872975522897
2021-05-31;;145,14999389648438;;74,99500274658203;5,23799991607666;94,57170104980469;;;
2021-06-01;9,109999656677246;150,5;4,880000114440918;80,02999877929688;5,216599941253662;94,60330200195312;165,20307977145734;16,399589529203443;165,20307977145734
2021-06-02;9,069999694824219;150,89999389648438;4,949999809265137;81,6500015258789;5,149700164794922;94,63690185546875;166,37265597990617;16,494950438796167;166,37265597990617
2021-06-03;9,369999885559082;157,0;5,150000095367432;85,09500122070312;5,07450008392334;94,783203125;167,5560319290572;16,523300901925893;167,5560319290572
2021-06-04;9,930000305175781;164,85000610351562;5,400000095367432;88,82499694824219;5,076300144195557;94,71508026123047;166,01208563668564;16,449073218432652;166,01208563668564
2021-06-07;10,210000038146973;169,10000610351562;5,659999847412109;95,00499725341797;5,044600009918213;94,77729797363281;165,62194463439573;16,78533565629981;165,62194463439573
2021-06-08;9,770000457763672;161,60000610351562;5,510000228881836;90,91000366210938;5,045199871063232;94,9124984741211;165,40429737145115;16,499092538251684;165,40429737145115
2021-06-09;10,210000038146973;168,9499969482422;5,550000190734863;91,01000213623047;5,034900188446045;94,92569732666016;165,47502087855543;16,398198019553586;165,47502087855543
2021-06-10;10,390000343322754;170,60000610351562;5,71999979019165;93,21499633789062;5,061500072479248;95,04920196533203;164,19634308593027;16,296328628845533;164,19634308593027
2021-06-11;9,90999984741211;162,8000030517578;5,380000114440918;87,8949966430664;5,054500102996826;95,08180236816406;164,27851216796063;16,33735962330929;164,27851216796063
2021-06-14;10,100000381469727;164,64999389648438;5,460000038146973;89,11499786376953;5,117000102996826;95,11540222167969;163,01978977997317;16,321428066145874;163,01978977997317
2021-06-15;10,069999694824219;165,0;5,429999828338623;89,48500061035156;5,058599948883057;95,26570129394531;163,8530337640494;16,47974280649851;163,8530337640494
2021-06-16;10,220000267028809;168,8000030517578;5,5;89,98500061035156;5,043799877166748;95,19409942626953;165,16633917939407;16,3609092018821;165,16633917939407
2021-06-17;9,90999984741211;165,85000610351562;5,139999866485596;86,13500213623047;5,054299831390381;95,30999755859375;167,35621458846498;16,75778295206924;167,35621458846498
2021-06-18;9,670000076293945;161,64999389648438;5,050000190734863;84,79499816894531;5,007400035858154;95,3646011352539;167,16648668159803;16,7910881121385;167,16648668159803
2021-06-21;9,449999809265137;;5,039999961853027;;5,0960001945495605;95,31211853027344;;;
2021-06-22;9,739999771118164;165,14999389648438;5,210000038146973;87,43000030517578;5,0131001472473145;95,2982406616211;169,55851927861488;16,781189954899077;169,55851927861488
2021-06-23;9,579999923706055;163,0500030517578;5,050000190734863;85,76499938964844;4,957099914550781;95,42469787597656;170,19833439485183;16,98316755452798;170,19833439485183
2021-06-24;9,539999961853027;162,5;5,21999979019165;87,13999938964844;4,965199947357178;95,45459747314453;170,33543045050115;16,6934871440769;170,33543045050115
2021-06-25;9,199999809265137;155,5;4,889999866485596;83,16500091552734;4,912700176239014;95,4847183227539;169,02174263460205;17,007158115793032;169,02174263460205
2021-06-28;9,15999984741211;153,9499969482422;4,690000057220459;80,69999694824219;4,91540002822876;95,50579833984375;168,06768505758902;17,20682216709167;168,06768505758902
2021-06-29;8,800000190734863;148,5500030517578;4,550000190734863;78,31500244140625;4,924799919128418;95,52200317382812;168,80681799093554;17,212087727134296;168,80681799093554
2021-06-30;8,619999885559082;146,60000610351562;4,679999828338623;79,02999877929688;4,955100059509277;95,60649871826172;170,06961490696975;16,886752495320525;170,06961490696975
2021-07-01;8,5;145,0;4,590000152587891;80,0;4,969200134277344;95,70218658447266;170,58823529411765;17,42919332037389;170,58823529411765
2021-07-02;8,529999732971191;146,6999969482422;4,53000020980835;79,40499877929688;5,045102119445801;95,75875854492188;171,98124447905846;17,528696490426046;171,98124447905846
2021-07-05;;150,5;;79,73500061035156;5,059199810028076;95,46652221679688;;;
2021-07-06;8,3100004196167;144,89999389648438;4,340000152587891;76,79000091552734;5,088459014892578;95,87889862060547;174,36821489735607;17,693547975969167;174,36821489735607
2021-07-07;8,300000190734863;145,8000030517578;4,329999923706055;76,79000091552734;5,195300102233887;95,91570281982422;175,6626502424803;17,734411609366184;175,6626502424803
2021-07-08;8,130000114440918;142,35000610351562;4,21999979019165;74,4800033569336;5,231200218200684;95,93319702148438;175,0922559652445;17,649290772488666;175,0922559652445
2021-07-09;8,199999809265137;;4,320000171661377;;5,257999897003174;95,9900894165039;;;
2021-07-12;8,579999923706055;148,14999389648438;4,53000020980835;78,87999725341797;5,257900238037109;95,84619903564453;172,66899209072756;17,41280211922002;172,66899209072756
2021-07-13;8,5;147,89999389648438;4,550000190734863;79,36000061035156;5,172699928283691;96,09410095214844;173,99999281939338;17,44175764474732;173,99999281939338
2021-07-14;8,539999961853027;147,85000610351562;4,5;77,94999694824219;5,162399768829346;96,11599731445312;173,12647162053946;17,322221544053818;173,12647162053946
2021-07-15;8,350000381469727;144,85000610351562;4,340000152587891;76,44499969482422;5,069900035858154;96,15080261230469;173,47305327669918;17,614054609938428;173,47305327669918
2021-07-16;8,180000305175781;142,85000610351562;4,21999979019165;74,4000015258789;5,110000133514404;96,18932342529297;174,6332527801121;17,63033299167535;174,6332527801121
2021-07-19;7,940000057220459;140,39999389648438;4,099999904632568;73,66999816894531;5,1153998374938965;96,08879852294922;176,82618751218743;17,968292654276887;176,82618751218743
2021-07-20;8,029999732971191;142,6999969482422;4,150000095367432;74,73500061035156;5,250899791717529;96,30447387695312;177,708594886144;18,00843346817675;177,708594886144
2021-07-21;8,380000114440918;148,9499969482422;4,389999866485596;78,55500030517578;5,219900131225586;96,32640075683594;177,74462400252554;17,89407806248131;177,74462400252554
2021-07-22;8,119999885559082;147,5;4,320000171661377;78,36000061035156;5,187300205230713;96,35759735107422;181,65024886554448;18,13888830939931;181,65024886554448
2021-07-23;7,96999979019165;144,6999969482422;4,239999771118164;76,54499816894531;5,1996002197265625;96,40119171142578;181,5558353292788;18,053066580416118;181,5558353292788
2021-07-26;8,149999618530273;148,14999389648438;4,360000133514404;78,23999786376953;5,19789981842041;96,2478256225586;181,7791421236912;17,944953088958673;181,7791421236912
2021-07-27;8,09000015258789;147,1999969482422;4,21999979019165;77,16999816894531;5,1753997802734375;96,50800323486328;181,9530212260314;18,28673033309337;181,9530212260314
2021-07-28;8,260000228881836;149,0500030517578;4,329999923706055;77,58999633789062;5,169099807739258;96,56999969482422;180,44794058308986;17,919168061204306;180,44794058308986
2021-07-29;8,079999923706055;147,60000610351562;4,380000114440918;80,24500274658203;5,114799976348877;96,60600280761719;182,67327660544817;18,32077640409488;182,67327660544817
2021-07-30;7,809999942779541;142,5500030517578;4,360000133514404;78,875;5,080399990081787;96,55840301513672;182,5224124150569;18,0905957762947;182,5224124150569
2021-08-02;7,789999961853027;142,35000610351562;4,269999980926514;77,84500122070312;5,208700180053711;96,7217025756836;182,7342834410675;18,230679524221486;182,7342834410675
2021-08-03;8,020000457763672;145,60000610351562;4,289999961853027;77,75499725341797;5,174600124359131;96,78302001953125;181,54613191146288;18,124708145645855;181,54613191146288
2021-08-04;7,960000038146973;143,5500030517578;4,190000057220459;75,69000244140625;5,196800231933594;96,79306030273438;180,33919894952055;18,064439476790152;180,33919894952055
2021-08-05;8,100000381469727;145,75;4,389999866485596;78,95999908447266;5,1682000160217285;96,8323974609375;179,93826313074072;17,98633291250733;179,93826313074072
2021-08-06;8,210000038146973;145,39999389648438;4,429999828338623;78,67500305175781;5,245200157165527;96,79650115966797;177,10108796698825;17,75959505652243;177,10108796698825
2021-08-09;8,199999809265137;144,5;4,480000019073486;80,26499938964844;5,23199987411499;97,26119995117188;176,21951629404944;17,916294430339786;176,21951629404944
2021-08-10;8,550000190734863;151,4499969482422;4,739999771118164;84,42500305175781;5,231800079345703;96,99749755859375;177,1344954031226;17,81118293848398;177,1344954031226
2021-08-11;8,710000038146973;155,60000610351562;5,099999904632568;89,4000015258789;5,188300132751465;97,01920318603516;178,64524158672572;17,529412391689007;178,64524158672572
2021-08-12;8,710000038146973;153,35000610351562;5,039999961853027;87,30999755859375;5,218200206756592;96,9727554321289;176,06200394017495;17,323412345124897;176,06200394017495
2021-08-13;8,479999542236328;150,60000610351562;4,869999885559082;86,28500366210938;5,252200126647949;96,99321746826172;177,59435640700482;17,717660305900345;177,59435640700482
2021-08-16;8,359999656677246;;4,800000190734863;;5,247499942779541;97,091796875;;;
2021-08-17;8,319999694824219;148,3000030517578;4,769999980926514;83,875;5,259699821472168;97,02210235595703;178,2452025136655;17,583857512659428;178,2452025136655
2021-08-18;8,1899995803833;146,5;4,599999904632568;80,99500274658203;5,294300079345703;97,1498031616211;178,87668804147074;17,607609657777076;178,87668804147074
2021-08-19;8,300000190734863;149,25;4,400000095367432;78,49500274658203;5,378600120544434;97,26750183105469;179,81927297616815;17,83977296482925;179,81927297616815
2021-08-20;8,550000190734863;153,5500030517578;4,409999847412109;80,23500061035156;5,414100170135498;97,27629852294922;179,5906428378224;18,19387831893811;179,5906428378224
2021-08-23;8,960000038146973;158,9499969482422;4,570000171661377;82,27999877929688;5,379000186920166;97,07604217529297;177,39954941017479;18,004375424210284;177,39954941017479
2021-08-24;9,739999771118164;170,0;4,840000152587891;86,15499877929688;5,379899978637695;97,40129852294922;174,53799178116796;17,800619021309497;174,53799178116796
2021-08-25;10,119999885559082;176,64999389648438;5,0;87,125;5,245800018310547;97,36009979248047;174,5553319111775;17,425;174,5553319111775
2021-08-26;10,050000190734863;177,85000610351562;4,909999847412109;86,12000274658203;5,210999965667725;97,4052963256836;176,96517684395297;17,539715972083563;176,96517684395297
2021-08-27;10,229999542236328;180,4499969482422;5,070000171661377;89,57499694824219;5,2515997886657715;97,43669891357422;176,39296678677556;17,667651659839994;176,39296678677556
2021-08-30;10,979999542236328;191,5500030517578;5,199999809265137;90,76499938964844;5,2027997970581055;97,4563217163086;174,4535619650347;17,454808215170942;174,4535619650347
2021-08-31;10,779999732971191;188,8000030517578;5,210000038146973;91,75;5,1828999519348145;97,61699676513672;175,13915373699237;17,61036455436044;175,13915373699237
2021-09-01;10,550000190734863;185,6999969482422;5,039999961853027;88,58499908447266;5,1493000984191895;97,74738311767578;176,01895127103992;17,57638884026958;176,01895127103992
2021-09-02;10,359999656677246;183,39999389648438;5,050000190734863;89,13500213623047;5,184599876403809;97,7133560180664;177,0270270021477;17,650494805874406;177,0270270021477
2021-09-03;10,279999732971191;182,8000030517578;4,940000057220459;87,24500274658203;5,18179988861084;97,82833862304688;177,8210192607892;17,660931525509195;177,8210192607892
2021-09-06;;186,39999389648438;;87,22000122070312;5,189799785614014;97,84396362304688;;;
2021-09-07;11,15999984741211;198,6999969482422;5,320000171661377;93,86499786376953;5,169300079345703;97,94869995117188;178,04659468191542;17,64379602161865;178,04659468191542
2021-09-08;11,079999923706055;197,35000610351562;5,199999809265137;91,7699966430664;5,169600009918213;97,88469696044922;178,1137251465844;17,648076924840375;178,1137251465844
2021-09-09;10,819999694824219;194,39999389648438;5,260000228881836;94,11499786376953;5,3206000328063965;97,9884033203125;179,66728223613188;17,892584366631553;179,66728223613188
2021-09-10;10,5600004196167;191,1999969482422;5,150000095367432;92,76000213623047;5,196499824523926;97,95369720458984;181,0605959759822;18,01165056670012;181,0605959759822
2021-09-13;11,539999961853027;206,0;5,420000076293945;97,1050033569336;5,247000217437744;98,04521179199219;178,50953265247819;17,916052027684003;178,50953265247819
2021-09-14;11,239999771118164;200,6999969482422;5,349999904632568;94,69999694824219;5,213200092315674;98,1759033203125;178,55871978214142;17,700934324548566;178,55871978214142
2021-09-15;11,020000457763672;196,75;5,349999904632568;95,2300033569336;5,238900184631348;98,1190414428711;178,53901254730727;17,80000094476149;178,53901254730727
2021-09-16;11,069999694824219;199,14999389648438;5,349999904632568;96,1050033569336;5,221700191497803;98,1615982055664;179,90063178556093;17,963552349546063;179,90063178556093
2021-09-17;10,979999542236328;198,0500030517578;5,179999828338623;93,21499633789062;5,256800174713135;98,27275848388672;180,3734164923475;17,995173634549598;180,3734164923475
2021-09-20;9,829999923706055;180,6999969482422;4,860000133514404;88,12000274658203;5,289700031280518;98,25060272216797;183,82502375454305;18,131687309823167;183,82502375454305
2021-09-21;9,609999656677246;178,9499969482422;4,699999809265137;87,32499694824219;5,323200225830078;98,37249755859375;186,21228235310463;18,579787338735187;186,21228235310463
2021-09-22;9,699999809265137;184,6999969482422;4,659999847412109;86,99500274658203;5,268899917602539;98,38469696044922;190,4123717320309;18,66845613630094;190,4123717320309
2021-09-23;9,59000015258789;183,6999969482422;4,630000114440918;86,50499725341797;5,287700176239014;98,4833984375;191,55369554261185;18,683584258153658;191,55369554261185
2021-09-24;9,380000114440918;181,25;4,53000020980835;86,41000366210938;5,3018999099731445;98,44779968261719;193,2302748279904;19,075055112583563;193,2302748279904
2021-09-27;9,6899995803833;188,3000030517578;4,550000190734863;89,80500030517578;5,336999893188477;98,50779724121094;194,3240569720534;19,737361877048958;194,3240569720534
2021-09-28;9,600000381469727;188,10000610351562;4,579999923706055;90,62000274658203;5,390399932861328;98,55204010009766;195,9374985719721;19,786027130160722;195,9374985719721
2021-09-29;9,760000228881836;191,0;4,53000020980835;89,44499969482422;5,427599906921387;98,5624008178711;195,6967167221902;19,745032130717796;195,6967167221902
2021-09-30;10,069999694824219;193,85000610351562;4,659999847412109;91,36000061035156;5,414299964904785;98,61750030517578;192,5024945166093;19,605150987523647;192,5024945166093
2021-10-01;10,239999771118164;197,6999969482422;4,670000076293945;91,26499938964844;5,441699981689453;98,74009704589844;193,06640758513825;19,54282610249446;193,06640758513825
2021-10-04;10,149999618530273;196,64999389648438;4,71999979019165;92,20500183105469;5,3678998947143555;98,60880279541016;193,74384363273447;19,534958883400883;193,74384363273447
2021-10-05;10,3100004196167;195,6999969482422;4,900000095367432;94,74500274658203;5,453199863433838;98,8949966430664;189,81570221460558;19,335714469915224;189,81570221460558
2021-10-06;10,229999542236328;196,75;4,809999942779541;92,875;5,475500106811523;98,8864974975586;192,32649931965636;19,30873203843129;192,32649931965636
2021-10-07;10,229999542236328;196,39999389648438;4,800000190734863;93,6449966430664;5,4918999671936035;98,90149688720703;191,9843623507635;19,509373525405984;191,9843623507635
2021-10-08;10,25;;4,820000171661377;;5,517000198364258;98,85613250732422;;;
2021-10-11;10,3100004196167;;4,769999980926514;;5,506899833679199;98,76688385009766;;;
2021-10-12;10,350000381469727;197,0500030517578;4,590000152587891;89,84500122070312;5,535999774932861;98,84330749511719;190,38646936143996;19,574073689310787;190,38646936143996
2021-10-13;10,289999961853027;196,85000610351562;4,610000133514404;89,51000213623047;5,531499862670898;98,99435424804688;191,30224182048178;19,416485801268966;191,30224182048178
2021-10-14;10,319999694824219;199,10000610351562;4,539999961853027;89,04499816894531;5,512499809265137;99,0287094116211;192,92636820848946;19,61343588483227;192,92636820848946
2021-10-15;10,739999771118164;209,1999969482422;4,579999923706055;90,37999725341797;5,512199878692627;99,05650329589844;194,78584860943803;19,733624183182098;194,78584860943803
2021-10-18;10,770000457763672;211,6999969482422;4,53000020980835;89,47000122070312;5,458399772644043;99,1780014038086;196,56451991665045;19,750551231097695;196,56451991665045
2021-10-19;10,920000076293945;214,85000610351562;4,519999980926514;90,33999633789062;5,511300086975098;99,22509765625;196,74908846377215;19,986724937855563;196,74908846377215
2021-10-20;11,710000038146973;227,60000610351562;4,739999771118164;94,02999877929688;5,5833001136779785;99,30680084228516;194,36379621014225;19,837553442985765;194,36379621014225
2021-10-21;11,399999618530273;226,3000030517578;4,590000152587891;92,13500213623047;5,59630012512207;99,31990051269531;198,5087812493569;20,072984547567778;198,5087812493569
2021-10-22;11,40999984741211;228,89999389648438;4,46999979019165;90,51000213623047;5,657800197601318;99,32119750976562;200,61349426608533;20,248323575950295;200,61349426608533
2021-10-25;11,899999618530273;237,35000610351562;4,659999847412109;94,26000213623047;5,649199962615967;99,30449676513672;199,4537930353563;20,22746893190929;199,4537930353563
2021-10-26;11,6899995803833;234,89999389648438;4,639999866485596;94,44999694824219;5,5543999671936035;99,43450164794922;200,94097718417737;20,355603376294923;200,94097718417737
2021-10-27;11,010000228881836;223,6999969482422;4,489999771118164;92,24500274658203;5,564799785614014;99,5376968383789;203,17892125144934;20,5445450888319;203,17892125144934
2021-10-28;11,149999618530273;228,8000030517578;4,389999866485596;90,61000061035156;5,534999847412109;99,63809967041016;205,20180347944878;20,640091882938755;205,20180347944878
2021-10-29;10,630000114440918;220,0500030517578;4,199999809265137;88,21499633789062;5,644899845123291;99,64869689941406;207,00846724622193;21,003571510477133;207,00846724622193
2021-11-01;10,829999923706055;230,85000610351562;4,349999904632568;93,6050033569336;5,633699893951416;99,73693084716797;213,157901874221;21,518392048066065;213,157901874221
2021-11-02;11,140000343322754;240,5500030517578;4,170000076293945;91,76000213623047;5,678899765014648;99,77140045166016;215,93356879557186;22,004796272757254;215,93356879557186
2021-11-03;11,75;251,39999389648438;4,28000020980835;93,25499725341797;5,678599834442139;99,8124008178711;213,95744161402925;21,788549692055682;213,95744161402925
2021-11-04;11,34000015258789;244,9499969482422;4,110000133514404;90,7249984741211;5,5524001121521;99,85324096679688;216,0052854076394;22,074208157395702;216,0052854076394
2021-11-05;11,40999984741211;245,85000610351562;4,190000057220459;91,9000015258789;5,6016998291015625;99,89700317382812;215,46889517205088;21,9331742889863;215,46889517205088
2021-11-08;11,890000343322754;257,0;4,340000152587891;94,99500274658203;5,541100025177002;99,89289855957031;216,1480173079451;21,888248711221273;216,1480173079451
2021-11-09;12,079999923706055;254,39999389648438;4,559999942779541;96,2750015258789;5,543099880218506;100,01119995117188;210,59602276755342;21,112939196046266;210,59602276755342
2021-11-10;12,140000343322754;257,6000061035156;4,400000095367432;95,28500366210938;5,479100227355957;100,07046508789062;212,19110281590795;21,65568218110513;212,19110281590795
2021-11-11;11,880000114440918;255,6999969482422;4,300000190734863;93,46499633789062;5,4899001121521;100,12629699707031;215,23568559348925;21,736044695830024;215,23568559348925
2021-11-12;11,520000457763672;248,85000610351562;4,300000190734863;94,80000305175781;5,3979997634887695;100,18667602539062;216,01562171450104;22,046511359702205;216,01562171450104
2021-11-15;11,390000343322754;239,85000610351562;4,25;90,9749984741211;5,457600116729736;100,26473999023438;210,57945467413853;21,405881993910846;210,57945467413853
2021-11-16;10,5;222,3000030517578;4,019999980926514;87,125;5,456299781799316;100,27239990234375;211,71428862072173;21,672885674969525;211,71428862072173
2021-11-17;10,0600004196167;213,0500030517578;3,9700000286102295;84,93499755859375;5,502200126647949;100,29409790039062;211,7793182556103;21,394205779974964;211,7793182556103
2021-11-18;10,1899995803833;220,0500030517578;4,099999904632568;88,75;5,52869987487793;100,38030242919922;215,9470187568747;21,646341966916108;215,9470187568747
2021-11-19;9,579999923706055;209,60000610351562;3,869999885559082;84,2249984741211;5,556399822235107;100,35379791259766;218,78915216361628;21,763566140765782;218,78915216361628
2021-11-22;9,149999618530273;;3,759999990463257;;5,611599922180176;100,55839538574219;;;
2021-11-23;9,260000228881836;200,1999969482422;3,7799999713897705;82,81999969482422;5,585599899291992;100,40229797363281;216,19869546419736;21,910052995152345;216,19869546419736
2021-11-24;9,140000343322754;201,0;3,6500000953674316;81,06999969482422;5,570400238037109;100,56549835205078;219,91246438720427;22,21095824017046;219,91246438720427
2021-11-25;;204,6999969482422;;82,30999755859375;5,605199813842773;100,58309936523438;;;
2021-11-26;9,149999618530273;194,4499969482422;3,430000066757202;75,87000274658203;5,565100193023682;100,68820190429688;212,51366672677074;22,11953389794281;212,51366672677074
2021-11-29;8,789999961853027;187,39999389648438;3,390000104904175;73,75499725341797;5,607800006866455;100,98612976074219;213,19680854353317;21,756635684677303;213,19680854353317
2021-11-30;8,680000305175781;189,35000610351562;3,5799999237060547;76,0250015258789;5,6006999015808105;100,8750991821289;218,14516065236594;21,236034398340713;218,14516065236594
2021-12-01;9,430000305175781;209,0500030517578;3,6700000762939453;82,4749984741211;5,620871067047119;100,94925689697266;221,6861042273964;22,472751160650205;221,6861042273964
2021-12-02;9,529999732971191;207,64999389648438;3,9600000381469727;88,48500061035156;5,6915669441223145;100,97441864013672;217,89087063462574;22,344696908578037;217,89087063462574
2021-12-03;9,170000076293945;204,85000610351562;3,819999933242798;86,19999694824219;5,643321990966797;101,02816772460938;223,39149879953516;22,56544462163564;223,39149879953516
2021-12-06;9,390000343322754;208,75;3,990000009536743;90,11000061035156;5,65009880065918;101,021240234375;222,3109609878156;22,583959998740387;222,3109609878156
2021-12-07;9,630000114440918;213,0;4,190000057220459;91,81500244140625;5,688000202178955;101,23975372314453;221,18379799455067;21,912888111584902;221,18379799455067
2021-12-08;9,710000038146973;;4,170000076293945;;5,611800193786621;101,37229919433594;;;
2021-12-09;9,760000228881836;205,0500030517578;4,070000171661377;87,12000274658203;5,531599998474121;101,37770080566406;210,09221131468107;21,40540517742032;210,09221131468107
2021-12-10;9,569999694824219;199,39999389648438;3,990000009536743;84,9749984741211;5,571100234985352;101,52950286865234;208,35945690189172;21,29699204787397;208,35945690189172
2021-12-13;9,100000381469727;187,89999389648438;3,880000114440918;80,4749984741211;5,60866117477417;101,0675048828125;206,48350112061968;20,74097837641868;206,48350112061968
2021-12-14;9,329999923706055;194,5500030517578;3,809999942779541;80,09500122070312;5,679699897766113;101,65460205078125;208,52090529758422;21,022310347404034;208,52090529758422
2021-12-15;9,5;190,9499969482422;3,819999933242798;77,59500122070312;5,680600166320801;101,72769927978516;200,99999678762336;20,312827899667717;200,99999678762336
2021-12-16;9,75;199,10000610351562;3,9100000858306885;80,3949966430664;5,6793999671936035;101,82098388671875;204,20513446514423;20,56137976426318;204,20513446514423
2021-12-17;9,399999618530273;196,5500030517578;3,809999942779541;80,23500061035156;5,687399864196777;101,86060333251953;209,09575641290203;21,05905559458278;209,09575641290203
2021-12-20;9,449999809265137;195,8000030517578;3,75;78,81999969482422;5,693059921264648;102,47428131103516;207,19577460709374;21,018666585286457;207,19577460709374
2021-12-21;9,489999771118164;199,5;3,8399999141693115;81,83999633789062;5,741300106048584;102,12770080566406;210,22129063391307;21,31249952269717;210,22129063391307
2021-12-22;9,539999961853027;198,5;3,890000104904175;81,5199966430664;5,74399995803833;102,1781997680664;208,0712796579968;20,95629677240704;208,0712796579968
2021-12-23;9,6899995803833;199,25;3,9200000762939453;81,7249984741211;5,6529998779296875;102,24980163574219;205,62436390953735;20,84821349069608;205,62436390953735
2021-12-24;;;;;5,671795845031738;102,26969909667969;;;
2021-12-27;10,149999618530273;200,10000610351562;4,070000171661377;81,91000366210938;5,67110013961792;102,2149429321289;197,14287056543776;20,12530717625834;197,14287056543776
2021-12-28;9,609999656677246;193,14999389648438;4,070000171661377;80,16000366210938;5,624100208282471;102,55011749267578;200,9885544192287;19,695331764418086;200,9885544192287
2021-12-29;9,850000381469727;197,0;3,990000009536743;80,62000274658203;5,627500057220459;102,610595703125;199,9999922544221;20,205514424533142;199,9999922544221
2021-12-30;9,739999771118164;195,35000610351562;3,9100000858306885;77,84500122070312;5,702700138092041;102,62516021728516;200,56469270439132;19,909207036287;200,56469270439132
2021-12-31;9,489999771118164;;3,819999933242798;;5,570199966430664;102,68229675292969;;;
2022-01-03;9,699999809265137;201,25;4,039999961853027;83,08000183105469;5,569300174713135;102,65982818603516;207,47423088377002;20,56435708305016;207,47423088377002
2022-01-04;9,630000114440918;197,25;4,159999847412109;84,38999938964844;5,68120002746582;102,9529037475586;204,82865800199588;20,28605828967675;204,82865800199588
2022-01-05;9,180000305175781;193,14999389648438;3,990000009536743;82,83999633789062;5,676199913024902;103,10870361328125;210,40303646567895;20,761903794458565;210,40303646567895
2022-01-06;9,270000457763672;195,10000610351562;3,950000047683716;82,9000015258789;5,705635070800781;103,09500122070312;210,46385811137517;20,987341905094798;210,46385811137517
2022-01-07;9,380000114440918;198,0;4,03000020980835;83,44000244140625;5,682400226593018;103,23370361328125;211,08741746726676;20,704714168085445;211,08741746726676
2022-01-10;9,270000457763672;196,8000030517578;3,9100000858306885;82,16000366210938;5,632199764251709;102,70946502685547;212,297727436396;21,01278819912207;212,297727436396
2022-01-11;9,510000228881836;200,10000610351562;4,090000152587891;84,91500091552734;5,662199974060059;103,4541015625;210,41009599117845;20,76161314121188;210,41009599117845
2022-01-12;9,569999694824219;199,6999969482422;4,150000095367432;85,33000183105469;5,567299842834473;103,51820373535156;208,6729397245924;20,561445751846364;208,6729397245924
2022-01-13;9,520000457763672;198,64999389648438;4,199999809265137;87,93499755859375;5,533199787139893;103,65550231933594;208,66594994171768;20,936905131426546;208,66594994171768
2022-01-14;9,489999771118164;197,6999969482422;4,360000133514404;89,73999786376953;5,526700019836426;103,75869750976562;208,32455396882278;20,582567687087217;208,32455396882278
2022-01-17;;195,9499969482422;;88,61000061035156;5,533299922943115;103,90480041503906;;;
2022-01-18;8,90999984741211;188,9499969482422;4,170000076293945;88,02999877929688;5,5157999992370605;104,04198455810547;212,0650956050491;21,110311071632605;212,0650956050491
2022-01-19;9,0;191,0500030517578;4,090000152587891;86,62999725341797;5,565700054168701;104,12237548828125;212,27778116861978;21,18092763361;212,27778116861978
2022-01-20;8,850000381469727;195,6999969482422;3,9800000190734863;87,73500061035156;5,43720006942749;104,20108032226562;221,12993052294325;22,043969896958846;221,12993052294325
2022-01-21;8,430000305175781;189,39999389648438;3,8299999237060547;85,16500091552734;5,418099880218506;104,2618408203125;224,67376873070592;22,23629311018848;224,67376873070592
2022-01-24;8,260000228881836;181,5500030517578;3,7699999809265137;82,62000274658203;5,457099914550781;104,35023498535156;219,79418646618416;21,915120202806307;219,79418646618416
2022-01-25;8,5600004196167;197,89999389648438;3,930000066757202;88,95999908447266;5,486100196838379;104,48527526855469;231,19157032161218;22,636131698052885;231,19157032161218
2022-01-26;8,6899995803833;198,9499969482422;3,950000047683716;90,11000061035156;5,440703868865967;104,61475372314453;228,94131939585992;22,812658106977025;228,94131939585992
2022-01-27;8,680000305175781;199,75;3,9700000286102295;91,0;5,429166793823242;104,7000503540039;230,12672001968875;22,921914192493393;230,12672001968875
2022-01-28;9,529999732971191;210,1999969482422;4,25;94,58499908447266;5,40348482131958;104,7559585571289;220,5666346673733;22,25529390222886;220,5666346673733
2022-01-31;9,680000305175781;216,10000610351562;4,320000171661377;96,17500305175781;5,362599849700928;104,52197265625;223,24380092009864;22,26273130326544;223,24380092009864
2022-02-01;9,680000305175781;215,5;4,369999885559082;97,0999984741211;5,303100109100342;105,15125274658203;222,62395992361147;22,219679866581615;222,62395992361147
2022-02-02;9,59000015258789;210,5;4,309999942779541;94,70500183105469;5,264500141143799;105,10496520996094;219,49947513107801;21,97331858199027;219,49947513107801
2022-02-03;9,300000190734863;204,8000030517578;4,159999847412109;90,51000213623047;5,260900020599365;105,15834045410156;220,21505252848283;21,75721285002829;220,21505252848283
2022-02-04;9,300000190734863;204,0;4,099999904632568;89,79499816894531;5,282899856567383;105,28123474121094;219,35483421090169;21,90121957502643;219,35483421090169
2022-02-07;9,369999885559082;207,39999389648438;4,130000114440918;90,23500061035156;5,326900005340576;105,3167953491211;221,34471337201023;21,848667823237278;221,34471337201023
2022-02-08;9,34000015258789;202,85000610351562;4,050000190734863;88,125;5,262599945068359;105,62967681884766;217,18415716225738;21,759258234506383;217,18415716225738
2022-02-09;9,279999732971191;199,0500030517578;4,070000171661377;88,5199966430664;5,258399963378906;105,79676818847656;214,49354394326872;21,749384007257298;214,49354394326872
2022-02-10;9,229999542236328;200,14999389648438;4,110000133514404;88,05000305175781;5,234499931335449;105,88017272949219;216,84724141166123;21,423357710810453;216,84724141166123
2022-02-11;9,029999732971191;197,14999389648438;4,190000057220459;89,2300033569336;5,248700141906738;106,02497100830078;218,3277959318555;21,295943231114546;218,3277959318555
2022-02-14;9,0;194,35000610351562;4,090000152587891;88,91999816894531;5,249956130981445;106,20626068115234;215,94445122612848;21,740830037055726;215,94445122612848
2022-02-15;9,170000076293945;196,6999969482422;4,139999866485596;88,12000274658203;5,214000225067139;106,30634307861328;214,50381168125188;21,285025504453994;214,50381168125188
2022-02-16;9,720000267028809;204,14999389648438;4,389999866485596;93,44499969482422;5,157899856567383;106,49856567382812;210,0308521482053;21,285877571024027;210,0308521482053
2022-02-17;9,430000305175781;200,10000610351562;4,320000171661377;92,07499694824219;5,135799884796143;106,52103424072266;212,19512155655823;21,313655854053398;212,19512155655823
2022-02-18;9,680000305175781;202,1999969482422;4,289999961853027;89,95999908447266;5,170599937438965;106,65731048583984;208,88428778264424;20,96969694275131;208,88428778264424
2022-02-21;;203,64999389648438;;92,03500366210938;5,137499809265137;106,8414535522461;;;
2022-02-22;10,1899995803833;208,75;4,460000038146973;91,1500015258789;5,102700233459473;107,07037353515625;204,85771206690058;20,43721989826476;204,85771206690058
2022-02-23;10,119999885559082;211,25;4,440000057220459;92,11000061035156;5,05709981918335;107,19104766845703;208,74506164910835;20,745495365604683;208,74506164910835
2022-02-24;9,970000267028809;204,6999969482422;4,309999942779541;88,73500061035156;5,008699893951416;107,27156829833984;205,31593928356583;20,588167468309965;205,31593928356583
2022-02-25;9,890000343322754;199,60000610351562;4,380000114440918;87,9000015258789;5,122200012207031;107,37628936767578;201,8200193878414;20,068492974708253;201,8200193878414
2022-02-28;9,470000267028809;;4,199999809265137;;5,15939998626709;107,3457260131836;;;
2022-03-01;9,649999618530273;;4,349999904632568;;5,158400058746338;107,37205505371094;;;
2022-03-02;9,890000343322754;202,85000610351562;4,679999828338623;95,74500274658203;5,158999919891357;107,39142608642578;205,10616689762813;20,45833467061708;205,10616689762813
2022-03-03;9,989999771118164;205,64999389648438;4,550000190734863;93,2300033569336;5,096502780914307;107,8770523071289;205,8558544626136;20,49010976895721;205,8558544626136
2022-03-04;9,59000015258789;194,8000030517578;4,340000152587891;88,12999725341797;5,030900001525879;108,04328155517578;203,12825855293698;20,306450266105887;203,12825855293698
2022-03-07;9,109999656677246;185,5;4,079999923706055;85,23999786376953;5,06056022644043;108,99640655517578;203,62240064854043;20,89215672983201;203,62240064854043
2022-03-08;9,380000114440918;188,5500030517578;4,380000114440918;88,7699966430664;5,110499858856201;108,43986511230469;201,01279397798396;20,267121991707388;201,01279397798396
2022-03-09;9,949999809265137;192,6999969482422;4,650000095367432;89,9749984741211;5,058800220489502;108,54842376708984;193,6683423539424;19,34946164060487;193,6683423539424
2022-03-10;10,300000190734863;199,60000610351562;4,820000171661377;93,51000213623047;5,011499881744385;108,67623901367188;193,78641010420696;19,400414690026675;193,78641010420696
2022-03-11;10,140000343322754;196,10000610351562;4,659999847412109;91,08000183105469;5,009699821472168;108,7699203491211;193,392504402279;19,545065410599783;193,392504402279
2022-03-14;9,920000076293945;187,0500030517578;4,5;85,55999755859375;5,073500156402588;108,62728118896484;188,5584693681158;19,01333279079861;188,5584693681158
2022-03-15;9,930000305175781;187,5;4,340000152587891;83,36499786376953;5,121399879455566;109,20036315917969;188,8217464628576;19,208524178060216;188,8217464628576
2022-03-16;10,149999618530273;198,0500030517578;4,309999942779541;85,0;5,1631999015808105;109,26742553710938;195,12316304937514;19,72157798804588;195,12316304937514
2022-03-17;10,460000038146973;203,25;4,480000019073486;87,88500213623047;5,0738749504089355;109,4113998413086;194,3116627712809;19,617187893317478;194,3116627712809
2022-03-18;10,260000228881836;199,89999389648438;4,380000114440918;84,9800033569336;5,039400100708008;109,51045227050781;194,83429769696022;19,4018267435093;194,83429769696022
2022-03-21;10,4399995803833;203,89999389648438;4,570000171661377;88,98999786376953;5,0177998542785645;109,81250762939453;195,3065154136704;19,47264650351602;195,3065154136704
2022-03-22;10,420000076293945;207,4499969482422;4,53000020980835;89,98500061035156;4,935200214385986;109,95988464355469;199,08828736019106;19,86423762531317;199,08828736019106
2022-03-23;10,270000457763672;205,6999969482422;4,650000095367432;92,47000122070312;4,909999847412109;110,06841278076172;200,29210105121464;19,886021360048247;200,29210105121464
2022-03-24;10,850000381469727;;4,789999961853027;;4,82420015335083;110,20796966552734;;;
2022-03-25;10,699999809265137;213,6999969482422;4,789999961853027;94,75499725341797;4,826300144195557;110,62555694580078;199,71962687625398;19,781836744892516;199,71962687625398
2022-03-28;10,6899995803833;208,0;4,760000228881836;93,16999816894531;4,7368998527526855;110,90870666503906;194,57437620642258;19,57352808590762;194,57437620642258
2022-03-29;10,6899995803833;204,6999969482422;4,809999942779541;91,58499908447266;4,764100074768066;110,69051361083984;191,4873760368309;19,040540576711255;191,4873760368309
2022-03-30;10,829999923706055;207,75;4,880000114440918;93,75499725341797;4,756199836730957;110,8044662475586;191,8282561990152;19,212089150567387;191,8282561990152
2022-03-31;10,800000190734863;205,85000610351562;4,829999923706055;92,2750015258789;4,769700050354004;110,88589477539062;190,60185413710533;19,10455548311404;190,60185413710533
2022-04-01;11,100000381469727;209,5500030517578;5,050000190734863;94,87000274658203;4,737800121307373;110,99588775634766;188,78378004525055;18,786138448200095;188,78378004525055
2022-04-04;11,010000228881836;208,25;5,309999942779541;100,18000030517578;4,657199859619141;111,17182159423828;189,14622676729013;18,866290279607075;189,14622676729013
2022-04-05;10,619999885559082;200,85000610351562;5,190000057220459;97,6500015258789;4,593800067901611;111,56476593017578;189,12430157050048;18,81502898829948;189,12430157050048
2022-04-06;10,510000228881836;199,1999969482422;5,070000171661377;95,31500244140625;4,650700092315674;111,70663452148438;189,5337703236522;18,799802606352316;189,5337703236522
2022-04-07;10,3100004196167;196,64999389648438;5,130000114440918;97,46499633789062;4,715199947357178;111,83191680908203;190,73713471662046;18,999024203435646;190,73713471662046
2022-04-08;10,300000190734863;196,3000030517578;5,139999866485596;98,31999969482422;4,752099990844727;111,97073364257812;190,5825237055191;19,12840510675911;190,5825237055191
2022-04-11;9,979999542236328;191,39999389648438;5,03000020980835;95,79000091552734;4,6981000900268555;112,06483459472656;191,78356981527003;19,043736962225115;191,78356981527003
2022-04-12;9,930000305175781;192,0;5,070000171661377;96,73500061035156;4,693600177764893;112,53124237060547;193,35346837796618;19,079881131178087;193,35346837796618
2022-04-13;9,970000267028809;190,5;5,139999866485596;97,31500244140625;4,673099994659424;112,72331237792969;191,07321454141896;18,93288034420593;191,07321454141896
2022-04-14;10,0;;5,179999828338623;;4,690199851989746;112,94600677490234;;;
2022-04-15;;;;;4,701000213623047;112,93353271484375;;;
2022-04-18;10,130000114440918;192,6999969482422;5,230000019073486;98,12000274658203;4,7006001472473145;113,8333511352539;190,2270432095424;18,760994720601236;190,2270432095424
2022-04-19;10,119999885559082;194,0;5,139999866485596;97,79000091552734;4,6519999504089355;114,17593383789062;191,69960691089713;19,02529250110466;191,69960691089713
2022-04-20;10,039999961853027;195,3000030517578;5,070000171661377;98,26000213623047;4,664999961853027;113,78609466552734;194,5219161292829;19,380670376591304;194,5219161292829
2022-04-21;9,510000228881836;192,5;4,769999980926514;96,7750015258789;4,620800018310547;113,95790100097656;202,41850196320522;20,28826035908737;202,41850196320522
2022-04-22;9,260000228881836;193,10000610351562;4,639999866485596;96,25499725341797;4,620800018310547;114,08329772949219;208,531318931547;20,74461207394881;208,531318931547
2022-04-25;9,300000190734863;193,89999389648438;4,46999979019165;94,03500366210938;4,795199871063232;114,15959930419922;208,49461281695187;21,036914558351164;208,49461281695187
2022-04-26;8,869999885559082;190,60000610351562;4,150000095367432;89,94999694824219;4,876200199127197;114,68119812011719;214,8816331033154;21,67469756173059;214,8816331033154
2022-04-27;9,140000343322754;190,75;4,190000057220459;89,3499984741211;4,997799873352051;114,83911895751953;208,69802279531947;21,324581683512825;208,69802279531947
2022-04-28;9,279999732971191;190,39999389648438;4,329999923706055;90,88500213623047;4,963600158691406;115,03309631347656;205,17241311980482;20,98960825348972;205,17241311980482
2022-04-29;9,09000015258789;186,10000610351562;4,239999771118164;88,13500213623047;4,93779993057251;115,16922760009766;204,73047632516665;20,78655822969247;204,73047632516665
2022-05-02;8,789999961853027;184,85000610351562;4,139999866485596;87,80000305175781;4,97130012512207;115,38519287109375;210,29579852756592;21,20773088968487;210,29579852756592
2022-05-03;9,15999984741211;189,64999389648438;4,260000228881836;89,36499786376953;5,084700107574463;115,73059844970703;207,04148150184133;20,977697901961392;207,04148150184133
2022-05-04;9,289999961853027;189,5500030517578;4,400000095367432;90,3949966430664;4,958099842071533;115,87259674072266;204,03660261581882;20,54431697359265;204,03660261581882
2022-05-05;8,920000076293945;180,39999389648438;4,139999866485596;86,24500274658203;4,918799877166748;116,00800323486328;202,24214389405748;20,83212693912344;202,24214389405748
2022-05-06;8,920000076293945;182,10000610351562;4,119999885559082;87,03500366210938;5,0279998779296875;116,14581298828125;204,14798715918172;21,125001475649015;204,14798715918172
2022-05-09;8,680000305175781;177,1999969482422;3,880000114440918;81,43000030517578;5,080399990081787;116,48136901855469;204,1474547444197;20,987112861698794;204,1474547444197
2022-05-10;8,859999656677246;176,35000610351562;3,9200000762939453;82,82499694824219;5,160900115966797;116,75457763671875;199,0406466557945;21,12882534087774;199,0406466557945
2022-05-11;9,069999694824219;179,8000030517578;4,059999942779541;85,46499633789062;5,13129997253418;116,93567657470703;198,23595270279932;21,050492005519565;198,23595270279932
2022-05-12;9,079999923706055;182,39999389648438;4,039999961853027;85,08499908447266;5,134252071380615;117,0823745727539;200,8810522346753;21,06064353660209;200,8810522346753
2022-05-13;9,069999694824219;192,5;4,25;90,68000030517578;5,133399963378906;117,25126647949219;212,23815488092004;21,33647066004136;212,23815488092004
2022-05-16;9,279999732971191;196,9499969482422;4,420000076293945;92,8949966430664;5,058300018310547;117,54998016357422;212,23060626660646;21,016967203529198;212,23060626660646
2022-05-17;9,489999771118164;199,1999969482422;4,489999771118164;93,6500015258789;5,059700012207031;117,81804656982422;209,90516517659657;20,857462427566414;209,90516517659657
2022-05-18;9,25;;4,260000228881836;;4,9380998611450195;118,08191680908203;;;
2022-05-19;9,260000228881836;194,10000610351562;4,369999885559082;91,26499938964844;4,96750020980835;118,01192474365234;209,61123251176593;20,884439766517826;209,61123251176593
2022-05-20;9,069999694824219;191,1999969482422;4,340000152587891;90,88999938964844;4,929999828338623;118,3458023071289;210,80485488588292;20,942395436426843;210,80485488588292
2022-05-23;9,350000381469727;195,9499969482422;4,5;93,99500274658203;4,880199909210205;118,39727020263672;209,5721806991422;20,88777838812934;209,5721806991422
2022-05-24;9,350000381469727;198,1999969482422;4,429999828338623;93,20999908447266;4,813499927520752;118,89632415771484;211,97859771326247;21,04063266282994;211,97859771326247
2022-05-25;9,369999885559082;;4,5;;4,817800045013428;119,0652847290039;;;
2022-05-26;9,390000343322754;200,60000610351562;4,539999961853027;96,19499969482422;4,822800159454346;119,05020141601562;213,63152158579274;21,18832610200324;213,63152158579274
2022-05-27;9,380000114440918;198,35000610351562;4,659999847412109;97,75499725341797;4,768199920654297;119,38916778564453;211,46055829801875;20,97746790865355;211,46055829801875
2022-05-30;;197,9499969482422;;97,25;4,729599952697754;119,51185607910156;;;
2022-05-31;9,210000038146973;195,0;4,5;94,58499908447266;4,752399921417236;119,99861145019531;211,72638348786964;21,01888868543837;211,72638348786964
2022-06-01;9,0;190,64999389648438;4,400000095367432;91,88999938964844;4,730400085449219;120,18238067626953;211,8333265516493;20,884090317724176;211,8333265516493
2022-06-02;9,1899995803833;191,64999389648438;4,369999885559082;90,26000213623047;4,815499782562256;120,28751373291016;208,54189624292775;20,6544632722989;208,54189624292775
2022-06-03;9,109999656677246;190,85000610351562;4,440000057220459;92,125;4,7957000732421875;120,43277740478516;209,495074968121;20,74887360647296;209,495074968121
2022-06-06;8,920000076293945;187,0;4,360000133514404;90,79499816894531;4,775000095367432;120,6151351928711;209,64125381229167;20,82454022673606;209,64125381229167
2022-06-07;8,859999656677246;186,89999389648438;4,380000114440918;91,25;4,7941999435424805;121,05191802978516;210,94808254944925;20,833332788998693;210,94808254944925
2022-06-08;8,609999656677246;181,10000610351562;4,389999866485596;91,29000091552734;4,867526054382324;121,28141784667969;210,33683312991604;20,794989451471064;210,33683312991604
2022-06-09;7,909999847412109;175,60000610351562;4,139999866485596;90,46499633789062;4,898099899291992;121,45252990722656;221,99748355363894;21,851449095500925;221,99748355363894
2022-06-10;7,840000152587891;179,89999389648438;4,050000190734863;91,56999969482422;4,903299808502197;121,57881927490234;229,4642734631855;22,609875403045116;229,4642734631855
2022-06-13;7,21999979019165;175,39999389648438;3,880000114440918;92,08999633789062;4,984000205993652;122,68778228759766;242,9362866945852;23,734534438579566;242,9362866945852
2022-06-14;7,300000190734863;176,5;3,7200000286102295;89,94999694824219;5,113399982452393;122,30391693115234;241,78081560054372;24,180106520549405;241,78081560054372
2022-06-15;7,510000228881836;179,35000610351562;3,75;89,44000244140625;5,116099834442139;122,51387023925781;238,81491429757128;23,850667317708332;238,81491429757128
2022-06-16;7,360000133514404;177,14999389648438;3,5199999809265137;87,05500030517578;5,052000045776367;122,6730728149414;240,692922123488;24,73153431161715;240,692922123488
2022-06-17;7,449999809265137;;3,4200000762939453;;5,052199840545654;122,91719055175781;;;
2022-06-20;;;;;5,152100086212158;123,15271759033203;;;
2022-06-21;7,380000114440918;176,5500030517578;3,5399999618530273;86,07499694824219;5,18720006942749;122,86739349365234;239,22764270191695;24,314971151351617;239,22764270191695
2022-06-22;7,449999809265137;175,8000030517578;3,4700000286102295;84,20500183105469;5,122799873352051;123,67601776123047;235,9731645001191;24,26657093279035;235,9731645001191
2022-06-23;7,300000190734863;172,85000610351562;3,2300000190734863;78,23999786376953;5,193600177764893;123,86453247070312;236,78082409216412;24,222909412307803;236,78082409216412
2022-06-24;7,150000095367432;169,89999389648438;3,2200000286102295;78,40499877929688;5,23799991607666;124,08692169189453;237,6223659165607;24,349378286538997;237,6223659165607
2022-06-27;7,139999866485596;173,75;3,380000114440918;83,6500015258789;5,241399765014648;124,11992645263672;243,347343486047;24,748520323560804;243,347343486047
2022-06-28;7,099999904632568;177,25;3,430000066757202;87,1050033569336;5,236800193786621;124,654296875;249,64789067722228;25,395044216219095;249,64789067722228
2022-06-29;7,170000076293945;179,0500030517578;3,3399999141693115;85,0199966430664;5,266600131988525;124,85591125488281;249,72106157118174;25,45508946942942;249,72106157118174
2022-06-30;6,909999847412109;176,1999969482422;3,259999990463257;83,66000366210938;5,1809000968933105;125,03469848632812;254,9927653243459;25,662577885535825;254,9927653243459
2022-07-01;7,159999847412109;181,89999389648438;3,319999933242798;84,5999984741211;5,251999855041504;125,2115249633789;254,05027621925132;25,481927763621474;254,05027621925132
2022-07-04;;175,35000610351562;;83,29499816894531;5,330999851226807;125,4054183959961;;;
2022-07-05;6,840000152587891;187,0500030517578;3,130000114440918;86,71499633789062;5,3282999992370605;125,96432495117188;273,46491064183397;27,70447066050018;273,46491064183397
2022-07-06;6,690000057220459;186,75;3,0899999141693115;87,69999694824219;5,385200023651123;126,18316650390625;279,1479796751905;28,381876823391007;279,1479796751905
2022-07-07;6,690000057220459;193,0;3,119999885559082;92,6500015258789;5,427999973297119;126,36627197265625;288,4902815384834;29,69551439880155;288,4902815384834
2022-07-08;6,679999828338623;199,39999389648438;3,1700000762939453;94,56999969482422;5,338200092315674;126,51055145263672;298,5029925458501;29,832806756707157;298,5029925458501
2022-07-11;6,559999942779541;195,6999969482422;3,049999952316284;92,80500030517578;5,254000186920166;126,0865707397461;298,3231686818004;30,427869428226117;298,3231686818004
2022-07-12;6,489999771118164;190,39999389648438;3,0;89,1449966430664;5,377200126647949;127,34417724609375;293,37442312987986;29,714998881022137;293,37442312987986
2022-07-13;6,320000171661377;185,35000610351562;3,009999990463257;89,63500213623047;5,436500072479248;127,59962463378906;293,27531814732777;29,779070571503592;293,27531814732777
2022-07-14;6,139999866485596;182,64999389648438;2,930000066757202;88,51000213623047;5,390900135040283;127,82814025878906;297,47556656060533;30,208191167104488;297,47556656060533
2022-07-15;6,289999961853027;190,64999389648438;2,9700000286102295;90,5999984741211;5,422800064086914;128,00942993164062;303,1001511172014;30,505049697429165;303,1001511172014
2022-07-18;6,409999847412109;193,89999389648438;2,990000009536743;92,98999786376953;5,410099983215332;127,45982360839844;302,49609752294623;31,10033363450623;302,49609752294623
2022-07-19;6,329999923706055;194,0500030517578;3,059999942779541;94,49500274658203;5,436800003051758;128,82928466796875;306,55609066444737;30,880720429278114;306,55609066444737
2022-07-20;5,989999771118164;189,14999389648438;2,990000009536743;94,11499786376953;5,413099765777588;129,1501007080078;315,77629569954956;31,47658781390816;315,77629569954956
2022-07-21;5,929999828338623;199,35000610351562;2,9100000858306885;99,66500091552734;5,470200061798096;129,38999938964844;336,1720267694619;34,2491401979038;336,1720267694619
2022-07-22;6,159999847412109;201,5500030517578;2,9100000858306885;96,99500274658203;5,497799873352051;129,5963592529297;327,1915715004951;33,331615080998816;327,1915715004951
2022-07-25;6,460000038146973;214,35000610351562;3,140000104904175;104,83499908447266;5,496699810028076;129,16143798828125;331,8111529996231;33,3869412681666;331,8111529996231
2022-07-26;6,489999771118164;214,5;3,200000047683716;107,90499877929688;5,356299877166748;130,3944091796875;330,50848623226335;33,720311616058474;330,50848623226335
2022-07-27;6,820000171661377;225,64999389648438;3,3499999046325684;112,74500274658203;5,350100040435791;130,6201171875;330,86508536188967;33,65522565856551;330,86508536188967
2022-07-28;7,389999866485596;230,39999389648438;3,4800000190734863;111,04499816894531;5,243000030517578;130,90704345703125;311,77266313815767;31,909482057563288;311,77266313815767
2022-07-29;7,800000190734863;225,85000610351562;3,7100000381469727;109,26499938964844;5,182700157165527;131,12123107910156;289,5512827958502;29,45148201244301;289,5512827958502
2022-08-01;7,78000020980835;218,5;3,6500000953674316;104,5199966430664;5,171199798583984;131,43917846679688;280,8483214750228;28,63561477045517;280,8483214750228
2022-08-02;7,829999923706055;225,85000610351562;3,6600000858306885;107,41500091552734;5,184000015258789;131,8950653076172;288,4419007715871;29,348360217633164;288,4419007715871
2022-08-03;7,820000171661377;225,60000610351562;3,7200000286102295;109,44499969482422;5,277699947357178;132,14227294921875;288,4910500655224;29,42069861642239;288,4910500655224
2022-08-04;7,639999866485596;223,35000610351562;3,6600000858306885;108,65499877929688;5,282700061798096;132,4040985107422;292,34294503496733;29,68715744022615;292,34294503496733
2022-08-05;7,809999942779541;222,1999969482422;3,75;108,88999938964844;5,211100101470947;132,6417694091797;284,50704043047955;29,037333170572918;284,50704043047955
2022-08-08;8,069999694824219;228,35000610351562;4,0;115,1050033569336;5,164599895477295;133,40074157714844;282,961604385153;28,7762508392334;282,961604385153
2022-08-09;7,789999961853027;223,0;3,9100000858306885;114,16999816894531;5,110099792480469;133,56149291992188;286,2644429935972;29,1994873817732;286,2644429935972
2022-08-10;7,650000095367432;219,5500030517578;3,9100000858306885;114,37999725341797;5,123700141906738;133,8394012451172;286,99346446375796;29,2531955863417;286,99346446375796
2022-08-11;7,849999904632568;222,89999389648438;4,090000152587891;118,33499908447266;5,093699932098389;134,00198364257812;283,9490402604248;28,932761532929977;283,9490402604248
2022-08-12;8,069999694824219;230,0;4,409999847412109;125,30500030517578;5,1570000648498535;134,25372314453125;285,006206564683;28,413833251878156;285,006206564683
2022-08-15;8,3100004196167;;4,639999866485596;;5,074900150299072;134,60879516601562;;;
2022-08-16;8,220000267028809;232,39999389648438;4,610000133514404;129,39999389648438;5,095600128173828;134,529296875;282,72504421765353;28,069412179786013;282,72504421765353
2022-08-17;8,109999656677246;231,5;4,639999866485596;132,77999877929688;5,1417388916015625;135,2819061279297;285,45007373631387;28,616379870688746;285,45007373631387
2022-08-18;8,15999984741211;239,3000030517578;4,849999904632568;141,77999877929688;5,164999961853027;135,52340698242188;293,2598131452787;29,232990013849907;293,2598131452787
2022-08-19;7,820000171661377;236,14999389648438;4,650000095367432;140,15499877929688;5,166999816894531;135,79750061035156;301,9820827527089;30,14085933437431;301,9820827527089
2022-08-22;8,079999923706055;240,64999389648438;4,769999980926514;142,8300018310547;5,168399810791016;136,14219665527344;297,834153674231;29,943396730016698;297,834153674231
2022-08-23;8,460000038146973;252,5;5,170000076293945;153,9149932861328;5,156099796295166;136,6385955810547;298,4633556281946;29,7707912988011;298,4633556281946
2022-08-24;8,550000190734863;254,25;5,300000190734863;158,05499267578125;5,103499889373779;136,9405059814453;297,3684144188861;29,821695658064943;297,3684144188861
2022-08-25;8,720000267028809;256,8999938964844;5,579999923706055;165,5;5,110099792480469;137,13360595703125;294,6100757219571;29,659498613412214;294,6100757219571
2022-08-26;8,739999771118164;256,1000061035156;5,510000228881836;163,07000732421875;5,108699798583984;137,38780212402344;293,0206096226832;29,59528140660552;293,0206096226832
2022-08-29;8,680000305175781;253,60000610351562;5,880000114440918;171,7949981689453;5,0625;137,95849609375;292,1658953770969;29,216835854650306;292,1658953770969
2022-08-30;8,489999771118164;250,39999389648438;5,510000228881836;163,59500122070312;5,027200222015381;138,29539489746094;294,9352186655074;29,69056160164662;294,9352186655074
2022-08-31;8,109999656677246;239,9499969482422;5,489999771118164;160,48500061035156;5,1219000816345215;138,59364318847656;295,86930592615124;29,232241767045668;295,86930592615124
2022-09-01;8,289999961853027;240,35000610351562;5,619999885559082;164,06500244140625;5,181700229644775;138,72210693359375;289,9276323395679;29,19306152709733;289,9276323395679
2022-09-02;8,539999961853027;;5,820000171661377;;5,2403998374938965;139,1533966064453;;;
2022-09-05;;243,75;;171,5800018310547;5,171000003814697;139,35650634765625;;;
2022-09-06;8,680000305175781;246,4499969482422;6,019999980926514;173,84500122070312;5,153900146484375;140,16209411621094;283,92855793021914;28,8779072710142;283,92855793021914
2022-09-07;9,029999732971191;254,5500030517578;6,599999904632568;187,5850067138672;5,247200012207031;140,5733642578125;281,8936994231802;28,421971124908723;281,8936994231802
2022-09-08;8,920000076293945;252,5;6,769999980926514;193,83999633789062;5,246699810028076;140,74964904785156;283,0717464577735;28,632200425998008;283,0717464577735
2022-09-09;9,520000457763672;264,8500061035156;6,96999979019165;197,16000366210938;5,2133002281188965;141,11988830566406;278,203774546594;28,286945422804408;278,203774546594
2022-09-12;9,369999885559082;259,3999938964844;7,019999980926514;198,36000061035156;5,146299839019775;141,09963989257812;276,8409787243094;28,25641042012818;276,8409787243094
2022-09-13;9,010000228881836;251,25;7,110000133514404;201,01499938964844;5,0920000076293945;142,26629638671875;278,85681866534287;28,27215128198439;278,85681866534287
2022-09-14;9,229999542236328;257,25;7,300000190734863;207,89500427246094;5,189799785614014;142,59478759765625;278,7107397165386;28,47876696446126;278,7107397165386
2022-09-15;8,869999885559082;257,95001220703125;6,670000076293945;198,97999572753906;5,162700176239014;142,87338256835938;290,811742429659;29,832082976241644;290,811742429659
2022-09-16;8,84000015258789;259,3500061035156;6,96999979019165;210,71499633789062;5,246099948883057;143,18695068359375;293,3823547815115;30,23170770168656;293,3823547815115
2022-09-19;9,279999732971191;270,75;7,210000038146973;220,0500030517578;5,250699996948242;140,55445861816406;291,7564739124336;30,520111218794447;291,7564739124336
2022-09-20;9,119999885559082;268,79998779296875;7,159999847412109;218,5850067138672;5,170899868011475;144,35765075683594;294,7368324188203;30,528632873207666;294,7368324188203
2022-09-21;8,84000015258789;268,95001220703125;6,820000171661377;211,69000244140625;5,141499996185303;144,6225128173828;304,2420900052776;31,03958901951725;304,2420900052776
2022-09-22;8,75;269,8999938964844;6,920000076293945;218,02999877929688;5,170400142669678;144,8683319091797;308,45713588169644;31,507224909752367;308,45713588169644
2022-09-23;8,359999656677246;257,6000061035156;6,230000019073486;196,1750030517578;5,115499973297119;145,1600799560547;308,13399124695775;31,48876443838801;308,13399124695775
2022-09-26;7,869999885559082;242,5500030517578;6,25;195,38999938964844;5,258800029754639;146,04861450195312;308,19568815600707;31,26239990234375;308,19568815600707
2022-09-27;7,510000228881836;229,0500030517578;6,210000038146973;191,93499755859375;5,389400005340576;145,65634155273438;304,9933369787141;30,907406824407367;304,9933369787141
2022-09-28;7,610000133514404;233,25;6,389999866485596;197,60499572753906;5,3780999183654785;146,5511016845703;306,5045938340633;30,924100134014378;306,5045938340633
2022-09-29;7,519999980926514;231,14999389648438;6,21999979019165;192,83999633789062;5,374199867248535;146,876220703125;307,38031181218855;31,003215891097135;307,38031181218855
2022-09-30;7,460000038146973;234,10000610351562;6,210000038146973;194,0449981689453;5,396200180053711;147,05589294433594;313,80697708637666;31,247181477771328;313,80697708637666
2022-10-03;8,029999732971191;249,9499969482422;6,820000171661377;211,33999633789062;5,414299964904785;147,36439514160156;311,270243163206;30,988268477771523;311,270243163206
2022-10-04;8,069999694824219;250,1999969482422;6,929999828338623;213,97000122070312;5,16349983215332;148,25306701660156;310,0371826639729;30,875902816869136;310,0371826639729
2022-10-05;7,940000057220459;247,5500030517578;7,400000095367432;230,76499938964844;5,17579984664917;148,57904052734375;311,7758202364764;31,18445897509009;311,7758202364764
2022-10-06;7,769999980926514;241,25;7,210000038146973;223,3000030517578;5,195199966430664;148,88397216796875;310,48906125123665;30,970874045813137;310,48906125123665
2022-10-07;7,699999809265137;;7,190000057220459;;5,220099925994873;149,18162536621094;;;
2022-10-10;7,619999885559082;;6,880000114440918;;5,198400020599365;150,06414794921875;;;
2022-10-11;7,480000019073486;231,4499969482422;6,730000019073486;205,57000732421875;5,186800003051758;149,18417358398438;309,4251288209366;30,54532046680728;309,4251288209366
2022-10-12;7,260000228881836;225,4499969482422;6,599999904632568;203,6999969482422;5,292099952697754;150,6748504638672;310,5371760889949;30,86363634721635;310,5371760889949
2022-10-13;7,349999904632568;231,5;6,869999885559082;217,25999450683594;5,291500091552734;151,00975036621094;314,9659904812922;31,624453875686676;314,9659904812922
2022-10-14;7,159999847412109;225,75;6,659999847412109;210,5;5,259799957275391;151,2895050048828;315,2933028086508;31,60660733074858;315,2933028086508
2022-10-17;7,449999809265137;229,14999389648438;7,070000171661377;218,14500427246094;5,327400207519531;151,38929748535156;307,58389229957254;30,855021071548165;307,58389229957254
2022-10-18;7,449999809265137;227,4499969482422;6,940000057220459;213,77499389648438;5,2773590087890625;152,48883056640625;305,3020171428403;30,80331298759433;305,3020171428403
2022-10-19;7,46999979019165;228,39999389648438;7,039999961853027;214,0500030517578;5,239799976348877;152,82029724121094;305,7563591854191;30,404830143694607;305,7563591854191
2022-10-20;7,639999866485596;233,10000610351562;7,050000190734863;213,2899932861328;5,269199848175049;153,1674041748047;305,1047253627005;30,253898938391423;305,1047253627005
2022-10-21;7,840000152587891;238,8000030517578;7,170000076293945;219,0800018310547;5,216599941253662;153,4908905029297;304,5918346990501;30,555090585758197;304,5918346990501
2022-10-24;7,75;237,75;7,389999866485596;225,53500366210938;5,163400173187256;153,8220977783203;306,7741935483871;30,51894556655321;306,7741935483871
2022-10-25;7,880000114440918;242,75;7,630000114440918;235,2449951171875;5,30620002746582;154,6703643798828;308,05837116059865;30,831584742961027;308,05837116059865
2022-10-26;7,769999980926514;238,8000030517578;7,78000020980835;239,22999572753906;5,315199851989746;155,08367919921875;307,3359120179595;30,749355948080648;307,3359120179595
2022-10-27;7,849999904632568;240,3000030517578;7,869999885559082;242,9600067138672;5,383900165557861;155,382080078125;306,1146572880187;30,871665850933795;306,1146572880187
2022-10-28;7,610000133514404;235,64999389648438;7,639999866485596;235,4550018310547;5,339200019836426;155,7022247314453;309,6583308306171;30,818718055732653;309,6583308306171
2022-10-31;7,760000228881836;238,89999389648438;7,639999866485596;236,11000061035156;5,28849983215332;156,16929626464844;307,8608077965331;30,904450881746193;307,8608077965331
2022-11-01;8,1899995803833;248,39999389648438;8,260000228881836;250,9499969482422;5,178800106048584;156,9095001220703;303,29671138378615;30,381354720884012;303,29671138378615
2022-11-02;7,840000152587891;239,0500030517578;7,929999828338623;243,27499389648438;5,142399787902832;157,2847900390625;304,9107122438642;30,67780569516756;304,9107122438642
2022-11-03;7,860000133514404;241,35000610351562;8,119999885559082;249,97999572753906;5,142600059509277;157,59201049804688;307,06107125166415;30,785714193434046;307,06107125166415
2022-11-04;7,989999771118164;242,8000030517578;8,039999961853027;246,96499633789062;5,1149001121521;157,8608856201172;303,87986233669073;30,717039491250336;303,87986233669073
2022-11-07;7,769999980926514;237,75;7,929999828338623;243,10499572753906;5,078132152557373;158,83123779296875;305,9845567356747;30,656368346791105;305,9845567356747
2022-11-08;7,71999979019165;236,0;7,75;237,6999969482422;5,153326988220215;159,34840393066406;305,6994901733556;30,670967348160282;305,6994901733556
2022-11-09;7,420000076293945;227,5;7,119999885559082;220,0;5,14300012588501;159,71710205078125;306,6037704323435;30,898876901137054;306,6037704323435
2022-11-10;7,409999847412109;231,25;7,190000057220459;223,58999633789062;5,185200214385986;160,01950073242188;312,07827903095364;31,0973566840731;312,07827903095364
2022-11-11;7,670000076293945;239,0;7,650000095367432;239,27999877929688;5,341579914093018;160,32899475097656;311,6036474871615;31,278430823052712;311,6036474871615
2022-11-14;7,679999828338623;236,5;8,039999961853027;249,2550048828125;5,279058933258057;159,6626739501953;307,9427152163894;31,001866426049734;307,9427152163894
2022-11-15;7,539999961853027;239,9499969482422;8,079999923706055;260,54998779296875;5,331200122833252;161,76370239257812;318,23607183317836;32,24628592242143;318,23607183317836
2022-11-16;7,400000095367432;238,8000030517578;7,639999866485596;249,5;5,331699848175049;162,10960388183594;322,7027026678716;32,6570686335326;322,7027026678716
2022-11-17;7,210000038146973;241,1999969482422;7,389999866485596;248,0;5,39900016784668;162,4593963623047;334,53536154242863;33,558863935127434;334,53536154242863
2022-11-18;7,289999961853027;241,60000610351562;7,360000133514404;248,49000549316406;5,422100067138672;162,78109741210938;331,4129044825179;33,76222839475819;331,4129044825179
2022-11-21;7,28000020980835;;7,269999980926514;;5,38129997253418;163,07662963867188;;;
2022-11-22;7,329999923706055;241,39999389648438;7,480000019073486;250,47500610351562;5,318600177764893;163,13082885742188;329,33150942576316;33,48596329743604;329,33150942576316
2022-11-23;7,539999961853027;244,1999969482422;7,659999847412109;250,9949951171875;5,357699871063232;164,49639892578125;323,8726766362313;32,766971294651505;323,8726766362313
2022-11-24;;246,6999969482422;;257,70001220703125;5,35830020904541;164,75961303710938;;;
2022-11-25;7,75;252,3000030517578;8,220000267028809;268,0;5,320000171661377;165,21420288085938;325,5483910345262;32,60340526690408;325,5483910345262
2022-11-28;7,849999904632568;251,0;8,279999732971191;271,8999938964844;5,4085001945495605;166,06381225585938;319,7452268144307;32,83816457309425;319,7452268144307
2022-11-29;7,920000076293945;255,0;8,600000381469727;278,4599914550781;5,364699840545654;166,61451721191406;321,96969386813913;32,37906733760978;321,96969386813913
2022-11-30;8,100000381469727;260,5;8,390000343322754;276,1000061035156;5,268199920654297;166,9564971923828;321,60492312561206;32,90822345713632;321,60492312561206
2022-12-01;8,130000114440918;263,0;8,380000114440918;275,635009765625;5,181589126586914;167,29168701171875;323,49323037873774;32,89200548943123;323,49323037873774
2022-12-02;8,220000267028809;267,8500061035156;8,260000228881836;273,0;5,183599948883057;167,64370727539062;325,8515783483452;33,050846541799224;325,8515783483452
2022-12-05;7,639999866485596;253,75;7,78000020980835;261,1000061035156;5,2179999351501465;167,90679931640625;332,13351365767124;33,560411190522;332,13351365767124
2022-12-06;7,630000114440918;259,0;7,650000095367432;262,20001220703125;5,28000020980835;169,14549255371094;339,44953619306466;34,27451097233453;339,44953619306466
2022-12-07;7,949999809265137;267,8999938964844;7,78000020980835;265,0;5,234000205993652;169,49154663085938;336,98113248287973;34,061695739533654;336,98113248287973
2022-12-08;7,510000228881836;;7,400000095367432;;5,203999996185303;169,80230712890625;;;
2022-12-09;7,440000057220459;;7,380000114440918;;5,224299907684326;169,7996063232422;;;
2022-12-12;7,760000228881836;257,0;7,489999771118164;252,3000030517578;5,235000133514404;170,2754669189453;331,18555724196415;33,684914654422286;331,18555724196415
2022-12-13;7,619999885559082;255,39999389648438;7,510000228881836;253,8699951171875;5,321300029754639;171,2834014892578;335,170600698435;33,80425930492764;335,170600698435
2022-12-14;7,670000076293945;252,8000030517578;7,389999866485596;248,5;5,292799949645996;171,7823944091797;329,59582860122714;33,62652293499664;329,59582860122714
2022-12-15;7,690000057220459;256,8999938964844;7,46999979019165;247,9499969482422;5,277200222015381;172,05340576171875;334,07021064358815;33,1927716080807;334,07021064358815
2022-12-16;7,679999828338623;256,3500061035156;7,46999979019165;247,5;5,311800003051758;172,32479858398438;333,78907790805323;33,1325310510685;333,78907790805323
2022-12-19;7,960000038146973;263,5;7,940000057220459;261,6000061035156;5,306509017944336;172,6744384765625;331,030149167362;32,947103805827105;331,030149167362
2022-12-20;8,569999694824219;270,0;8,470000267028809;275,135009765625;5,291600227355957;173,6051025390625;315,0525199704083;32,483471203258844;315,0525199704083
2022-12-21;8,90999984741211;298,0;8,680000305175781;288,20001220703125;5,198400020599365;173,91610717773438;334,45567351670996;33,2027652159391;334,45567351670996
2022-12-22;8,949999809265137;294,0;8,859999656677246;291,989990234375;5,199900150299072;174,2675018310547;328,49162711226876;32,955982116130194;328,49162711226876
2022-12-23;9,279999732971191;308,5;9,09000015258789;303,8999938964844;5,165599822998047;174,5513916015625;332,4353543932992;33,43234200166269;332,4353543932992
2022-12-26;;312,0;;308,4949951171875;5,164299964904785;174,75489807128906;;;
2022-12-27;9,359999656677246;315,5;8,84000015258789;300,3800048828125;5,21750020980835;174,03912353515625;337,0726619364011;33,9796379748791;337,0726619364011
2022-12-28;9,630000114440918;333,04998779296875;9,09000015258789;313,0;5,292300224304199;176,0689697265625;345,8462968173125;34,43344276632273;345,8462968173125
2022-12-29;9,609999656677246;328,3500061035156;9,050000190734863;311,1499938964844;5,2667999267578125;176,13604736328125;341,6753567471468;34,381214070584335;341,6753567471468
2022-12-30;9,729999542236328;332,0;9,1899995803833;316,8450012207031;5,284599781036377;176,84884643554688;341,2127601433511;34,477150782142694;341,2127601433511
2023-01-02;;337,20001220703125;;329,5;5,2855000495910645;176,7242431640625;;;
2023-01-03;9,550000190734863;328,5;8,710000038146973;299,79998779296875;5,360130786895752;178,1483154296875;343,97905072159193;34,42020510676718;343,97905072159193
2023-01-04;9,890000343322754;336,8500061035156;8,710000038146973;300,0;5,478499889373779;178,37583923339844;340,59655653191186;34,443168620677085;340,59655653191186
2023-01-05;10,5600004196167;359,0;9,350000381469727;318,04998779296875;5,430099964141846;178,58416748046875;339,96210770324075;34,01604008736676;339,96210770324075
2023-01-06;11,100000381469727;372,5;9,449999809265137;323,70001220703125;5,349800109863281;178,9051971435547;335,5855740526363;34,25397023708546;335,5855740526363
2023-01-09;11,399999618530273;376,3999938964844;9,75;327,29998779296875;5,224400043487549;179,07168579101562;330,1754442909456;33,56922951722756;330,1754442909456
2023-01-10;11,579999923706055;380,70001220703125;9,720000267028809;324,3999938964844;5,253699779510498;180,09242248535156;328,7564893914026;33,37448405190696;328,7564893914026
2023-01-11;12,390000343322754;411,1000061035156;9,869999885559082;331,5;5,198299884796143;180,3656768798828;331,79983431159997;33,58662652924867;331,79983431159997
2023-01-12;12,850000381469727;441,79998779296875;10,350000381469727;360,5;5,1585001945495605;180,658203125;343,81320986578646;34,83091659063379;343,81320986578646
2023-01-13;13,039999961853027;457,0;11,079999923706055;387,0;5,107699871063232;180,96585083007812;350,460123724616;34,927798074438584;350,460123724616
2023-01-16;;465,5;;402,79998779296875;5,080699920654297;181,34210205078125;;;
2023-01-17;13,760000228881836;494,5;12,220000267028809;435,0050048828125;5,145999908447266;182,17416381835938;359,3749940222087;35,597790129065224;359,3749940222087
2023-01-18;12,399999618530273;439,0;11,210000038146973;401,6000061035156;5,099599838256836;182,48326110839844;354,03226895585425;35,82515653317523;354,03226895585425
2023-01-19;12,890000343322754;455,45001220703125;11,220000267028809;401,0;5,185299873352051;182,79409790039062;353,33591937641984;35,739749595049666;353,33591937641984
2023-01-20;13,75;496,1000061035156;11,920000076293945;428,5;5,172999858856201;183,08309936523438;360,80000443892044;35,94798634709617;360,80000443892044
2023-01-23;13,579999923706055;492,20001220703125;11,979999542236328;436,6000061035156;5,206299781799316;183,31166076660156;362,44478274835456;36,44407535778709;362,44478274835456
2023-01-24;13,529999732971191;484,0;12,0;437,3999938964844;5,205900192260742;184,36090087890625;357,72358429582425;36,449999491373696;357,72358429582425
2023-01-25;14,050000190734863;506,8999938964844;12,079999923706055;440,8999938964844;5,138400077819824;184,61288452148438;360,782908907542;36,498344096116476;360,782908907542
2023-01-26;13,899999618530273;510,0;12,020000457763672;441,6000061035156;5,072199821472168;184,96241760253906;366,906484889476;36,73876782744113;366,906484889476
2023-01-27;13,239999771118164;493,45001220703125;11,539999961853027;428,29998779296875;5,062745094299316;185,298828125;372,69639028502615;37,114383813584936;372,69639028502615
2023-01-30;12,630000114440918;467,8999938964844;11,149999618530273;414,69500732421875;5,1072001457214355;185,5740509033203;370,46713353667815;37,19237861094038;370,46713353667815
2023-01-31;13,399999618530273;490,0;11,949999809265137;439,3999938964844;5,1149001121521;186,57444763183594;365,6716522009452;36,76987455311978;365,6716522009452
2023-02-01;13,170000076293945;480,0;11,75;428,70001220703125;5,072199821472168;186,9944305419922;364,464690371568;36,485107421875;364,464690371568
2023-02-02;13,130000114440918;480,0;11,470000267028809;413,0;5,053500175476074;187,25149536132812;365,57501585401826;36,00697387838716;365,57501585401826
2023-02-03;12,329999923706055;455,0;11,180000305175781;411,8999938964844;5,049200057983398;187,57948303222656;369,0186559735514;36,84257447701457;369,0186559735514
2023-02-06;12,720000267028809;456,5;11,479999542236328;416,5;5,149799823760986;188,09906005859375;358,8836402647586;36,28048925155836;358,8836402647586
2023-02-07;12,779999732971191;465,0;11,539999961853027;423,5;5,145699977874756;189,11459350585938;363,84977286059245;36,69844032928374;363,84977286059245
2023-02-08;12,970000267028809;473,0;11,550000190734863;425,0;5,2093000411987305;189,5117950439453;364,68773343237234;36,79653618888465;364,68773343237234
2023-02-09;12,699999809265137;470,0;11,279999732971191;418,25;5,19950008392334;189,8134002685547;370,0787457155054;37,078901586980045;370,0787457155054
2023-02-10;12,760000228881836;472,5;11,579999923706055;428,29998779296875;5,2895002365112305;190,1862030029297;370,2977990004357;36,98618226379884;370,2977990004357
2023-02-13;13,550000190734863;498,5;12,029999732971191;450,30499267578125;5,213482856750488;190,5104217529297;367,8966737881386;37,43183729602329;367,8966737881386
2023-02-14;13,920000076293945;519,0;12,09000015258789;449,69500732421875;5,158400058746338;191,64370727539062;372,8448255426866;37,19561634810737;372,8448255426866
2023-02-15;13,829999923706055;507,25;11,880000114440918;442,0;5,191500186920166;191,98269653320312;366,7751285598497;37,205386846984965;366,7751285598497
2023-02-16;13,949999809265137;515,0;11,890000343322754;441,5;5,2179999351501465;192,36729431152344;369,17563228778954;37,132042662045826;369,17563228778954
2023-02-17;13,300000190734863;496,5;11,40999984741211;420,5;5,216800212860107;192,81178283691406;373,30826532309015;36,85363765323566;373,30826532309015
2023-02-20;;;;;5,165168762207031;191,69918823242188;;;
2023-02-21;13,15999984741211;;11,399999618530273;;5,1666998863220215;193,09689331054688;;;
2023-02-22;13,239999771118164;485,1000061035156;11,369999885559082;417,0199890136719;5,166500091552734;193,10910034179688;366,3897390404163;36,6772201592829;366,3897390404163
2023-02-23;13,539999961853027;497,0;11,710000038146973;432,3999938964844;5,151199817657471;194,9564971923828;367,0605623339918;36,92570388453293;367,0605623339918
2023-02-24;13,449999809265137;493,0;11,880000114440918;435,1000061035156;5,136199951171875;195,30393981933594;366,5427561273221;36,62457928553579;366,5427561273221
2023-02-27;13,710000038146973;501,0;12,109999656677246;446,5;5,207799911499023;195,6977996826172;365,4266948256804;36,870356123735114;365,4266948256804
2023-02-28;13,319999694824219;490,3999938964844;11,770000457763672;435,8500061035156;5,199699878692627;196,7895050048828;368,16817202108507;37,03058531455046;368,16817202108507
2023-03-01;13,420000076293945;490,1000061035156;12,100000381469727;443,79998779296875;5,235899925231934;197,1407012939453;365,2011947222441;36,67768378525147;365,2011947222441
2023-03-02;12,479999542236328;470,0;11,550000190734863;434,5;5,178299903869629;197,55780029296875;376,60257791626435;37,61904699781266;376,60257791626435
2023-03-03;12,84000015258789;476,0;11,930000305175781;443,0050048828125;5,1996002197265625;197,8488006591797;370,7165064979089;37,133696022674584;370,7165064979089
2023-03-06;13,039999961853027;488,75;12,710000038146973;474,0;5,194399833679199;198,4232177734375;374,80828330504613;37,29346959696043;374,80828330504613
2023-03-07;12,670000076293945;476,20001220703125;11,800000190734863;445,79998779296875;5,152200222015381;199,36239624023438;375,8484683027111;37,77965937178564;375,8484683027111
2023-03-08;13,180000305175781;494,79998779296875;12,050000190734863;454,5;5,190000057220459;199,6811065673828;375,4172809834162;37,71784172663009;375,4172809834162
2023-03-09;12,5600004196167;488,0;11,5600004196167;453,489990234375;5,144400119781494;199,97760009765625;388,53501886657784;39,229236485565075;388,53501886657784
2023-03-10;11,710000038146973;464,70001220703125;10,649999618530273;421,0;5,163700103759766;200,34339904785156;396,8403165612345;39,53051784785876;396,8403165612345
2023-03-13;11,270000457763672;445,04998779296875;9,90999984741211;392,3299865722656;5,21560001373291;198,51910400390625;394,8979323123123;39,58930298820523;394,8979323123123
2023-03-14;10,989999771118164;431,8500061035156;9,779999732971191;387,4200134277344;5,245699882507324;200,64089965820312;392,94814840526385;39,613499387083834;392,94814840526385
2023-03-15;10,3100004196167;408,29998779296875;9,270000457763672;368,625;5,251699924468994;202,09190368652344;396,0232504123878;39,765370204623316;396,0232504123878
2023-03-16;10,880000114440918;435,29998779296875;9,520000457763672;384,2950134277344;5,287099838256836;202,56210327148438;400,09189633665477;40,36712131818621;400,09189633665477
2023-03-17;10,4399995803833;421,95001220703125;9,050000190734863;368,2449951171875;5,229599952697754;202,94549560546875;404,16669460396616;40,690053851511124;404,16669460396616
2023-03-20;10,279999732971191;414,0;9,130000114440918;369,04998779296875;5,2778000831604;201,93951416015625;402,72374586953714;40,42168490329398;402,72374586953714
2023-03-21;11,050000190734863;440,70001220703125;9,819999694824219;394,6700134277344;5,2357001304626465;204,52459716796875;398,8235335747294;40,19043031495727;398,8235335747294
2023-03-22;10,739999771118164;426,54998779296875;9,770000457763672;388,79998779296875;5,240900039672852;204,99099731445312;397,16014607378315;39,79528859530515;397,16014607378315
2023-03-23;10,579999923706055;413,79998779296875;9,65999984741211;375,70001220703125;5,236100196838379;205,36790466308594;391,11530319181634;38,8923414225188;391,11530319181634
2023-03-24;10,649999618530273;;9,619999885559082;;5,2967000007629395;205,75059509277344;;;
2023-03-27;11,1899995803833;438,6000061035156;10,3100004196167;404,8800048828125;5,245100021362305;205,3491973876953;391,95712471017976;39,270609932512976;391,95712471017976
2023-03-28;11,399999618530273;448,79998779296875;10,829999923706055;425,6449890136719;5,1971001625061035;207,41909790039062;393,68421299195586;39,30240000112715;393,68421299195586
2023-03-29;11,630000114440918;460,20001220703125;11,229999542236328;444,2900085449219;5,164400100708008;207,83839416503906;395,7007804631085;39,56278064606639;395,7007804631085
2023-03-30;11,399999618530273;458,8500061035156;11,430000305175781;459,29998779296875;5,134200096130371;208,29010009765625;402,50001882252;40,18372489325189;402,50001882252
2023-03-31;10,979999542236328;442,8500061035156;10,979999542236328;444,43499755859375;5,092700004577637;208,56430053710938;403,3242482388292;40,47677742143825;403,3242482388292
2023-04-03;11,359999656677246;461,04998779296875;11,649999618530273;472,44000244140625;5,062300205230713;209,7241973876953;405,8538747595561;40,552791237001586;405,8538747595561
2023-04-04;11,09000015258789;451,5;11,399999618530273;463,5799865722656;5,0630998611450195;210,32110595703125;407,12352911432635;40,66491246357006;407,12352911432635
2023-04-05;11,09000015258789;451,8500061035156;11,470000267028809;467,6050109863281;5,070700168609619;210,77969360351562;407,4391342529196;40,76765476026067;407,4391342529196
2023-04-06;10,9399995803833;;11,15999984741211;;5,033199787139893;211,21029663085938;;;
2023-04-07;;;;;5,058300018310547;211,2793731689453;;;
2023-04-10;11,130000114440918;447,8500061035156;12,300000190734863;494,32501220703125;5,0543999671936035;210,9987030029297;402,3809537274313;40,1890247594783;402,3809537274313
2023-04-11;11,649999618530273;463,95001220703125;12,40999984741211;496,4949951171875;5,065299987792969;212,26510620117188;398,24036686583315;40,007655215299856;398,24036686583315
2023-04-12;12,359999656677246;493,1000061035156;12,539999961853027;499,95001220703125;5,004000186920166;213,75619506835938;398,94823608439833;39,868422147359716;398,94823608439833
2023-04-13;12,4399995803833;500,04998779296875;12,350000381469727;496,2699890136719;4,916900157928467;214,2270965576172;401,9694571224103;40,18380353722812;401,9694571224103
2023-04-14;12,729999542236328;511,6499938964844;12,449999809265137;502,2149963378906;4,926700115203857;214,67489624023438;401,92459724676536;40,33855454071159;401,92459724676536
2023-04-17;12,930000305175781;529,25;12,279999732971191;504,6400146484375;4,908699989318848;215,43389892578125;409,3194025588269;41,09446462718595;409,3194025588269
2023-04-18;12,380000114440918;525,0499877929688;12,220000267028809;519,469970703125;4,939799785614014;216,36709594726562;424,1114563323088;42,50981664089847;424,1114563323088
2023-04-19;11,640000343322754;502,1000061035156;11,5600004196167;505,42498779296875;4,984300136566162;216,93099975585938;431,3573808368;43,72188317011561;431,3573808368
2023-04-20;11,869999885559082;517,75;11,479999542236328;507,82000732421875;5,0742998123168945;217,46890258789062;436,18366048165615;44,235194039502055;436,18366048165615
2023-04-21;11,65999984741211;530,0499877929688;11,300000190734863;518,5650024414062;5,047699928283691;217,960205078125;454,5883316719007;45,89070740605739;454,5883316719007
2023-04-24;11,699999809265137;539,8499755859375;11,430000305175781;537,6799926757812;5,047900199890137;218,43930053710938;461,41024306550383;47,041117963252084;461,41024306550383
2023-04-25;11,630000114440918;540,9500122070312;11,119999885559082;540,1799926757812;5,033400058746338;220,21510314941406;465,1332819294955;48,577337970774856;465,1332819294955
2023-04-26;11,489999771118164;537,75;11,020000457763672;522,780029296875;5,053100109100342;220,8679962158203;468,0156751192591;47,439202139830456;468,0156751192591
2023-04-27;11,479999542236328;528,0999755859375;11,079999923706055;511,364990234375;5,043000221252441;221,53509521484375;460,01741867932384;46,15207524869124;460,01741867932384
2023-04-28;11,520000457763672;522,6500244140625;11,119999885559082;510,17498779296875;4,976200103759766;222,01100158691406;453,68923927588304;45,879046136997204;453,68923927588304
2023-05-01;11,199999809265137;;10,970000267028809;;4,986000061035156;221,47169494628906;;;
2023-05-02;11,390000343322754;520,8499755859375;10,8100004196167;500,6499938964844;4,9878997802734375;222,32080078125;457,28705872364554;46,31359615749547;457,28705872364554
2023-05-03;11,300000190734863;506,1000061035156;10,619999885559082;479,5400085449219;5,038400173187256;224,5699005126953;447,876104036245;45,15442690324256;447,876104036245
2023-05-04;10,930000305175781;493,8999938964844;10,539999961853027;476,875;4,9944000244140625;225,1658935546875;451,87555361970436;45,2443075641303;451,87555361970436
2023-05-05;11,65999984741211;509,25;11,390000343322754;520,2550048828125;4,982600212097168;225,6811981201172;436,7495768990306;45,67646964012653;436,7495768990306
2023-05-08;11,930000305175781;521,7000122070312;11,520000457763672;531,2550048828125;4,951700210571289;226,23330688476562;437,30092109108654;46,11588400804133;437,30092109108654
2023-05-09;12,140000343322754;523,6500244140625;11,739999771118164;534,0499877929688;5,007999897003174;227,62010192871094;431,3426767751952;45,48977838200619;431,3426767751952
2023-05-10;12,350000381469727;531,1500244140625;11,649999618530273;528,0700073242188;4,985899925231934;228,0886993408203;430,0809781439475;45,32789910862146;430,0809781439475
2023-05-11;12,75;552,4500122070312;11,75;537,5;4,94290018081665;228,52520751953125;433,294127221201;45,744680851063826;433,294127221201
2023-05-12;12,390000343322754;554,7999877929688;11,359999656677246;531,1199951171875;4,929500102996826;228,93850708007812;447,7804458592794;46,7535221099239;447,7804458592794
2023-05-15;12,25;543,0499877929688;11,130000114440918;528,39501953125;4,920199871063232;230,01953125;443,30611248405614;47,47484403397891;443,30611248405614
2023-05-16;11,350000381469727;525,0;10,800000190734863;521,2849731445312;4,887899875640869;230,63650512695312;462,55505053297367;48,26712629058403;462,55505053297367
2023-05-17;11,84000015258789;546,5;11,0600004196167;535,885009765625;4,9394001960754395;231,1136016845703;461,57093999745473;48,452530690247194;461,57093999745473
2023-05-18;11,529999732971191;549,6500244140625;10,880000114440918;538,9450073242188;4,937699794769287;231,61790466308594;476,7129550248671;49,53538618155732;476,7129550248671
2023-05-19;11,600000381469727;550,0999755859375;10,8100004196167;533,4299926757812;4,964399814605713;232,12969970703125;474,224101289417;49,34597335516992;474,224101289417
2023-05-22;11,369999885559082;535,7000122070312;10,800000190734863;530,635009765625;4,996799945831299;231,539794921875;471,15217027171497;49,132870406877196;471,15217027171497
2023-05-23;11,460000038146973;545,2000122070312;11,170000076293945;550,8350219726562;4,966100215911865;234,3227996826172;475,74171936493946;49,31378855956247;475,74171936493946
2023-05-24;11,760000228881836;554,7999877929688;11,380000114440918;557,135009765625;4,971199989318848;234,91299438476562;471,76868792095274;48,95738173663421;471,76868792095274
2023-05-25;11,65999984741211;;11,0600004196167;;4,958600044250488;235,73678588867188;;;
2023-05-26;11,680000305175781;;11,119999885559082;;5,035200119018555;235,73049926757812;;;
2023-05-29;;567,6500244140625;;562,7249755859375;4,992800235748291;236,1245880126953;;;
2023-05-30;12,109999656677246;570,1500244140625;11,279999732971191;551,4500122070312;5,018099784851074;238,2346954345703;470,8092820627716;48,88741358700169;470,8092820627716
2023-05-31;11,869999885559082;582,5499877929688;10,989999771118164;539,0;5,034800052642822;238,83465576171875;490,77505763221865;49,044587008681994;490,77505763221865
2023-06-01;12,09000015258789;597,2999877929688;11,300000190734863;560,9299926757812;5,054800033569336;239,46742248535156;494,04464868026935;49,63982152280855;494,04464868026935
2023-06-02;11,819999694824219;584,2999877929688;11,479999542236328;569,0900268554688;5,0131001472473145;240,1835479736328;494,33164372146643;49,572303967584375;494,33164372146643
2023-06-05;12,329999923706055;607,5999755859375;11,729999542236328;581,2750244140625;4,956600189208984;241,6879425048828;492,78181617645123;49,55456497002064;492,78181617645123
2023-06-06;13,930000305175781;681,9000244140625;12,460000038146973;613,9149780273438;4,925600051879883;242,4651641845703;489,5190304918358;49,270864859374754;489,5190304918358
2023-06-07;14,5;709,4000244140625;12,529999732971191;617,77001953125;4,9120001792907715;243,19578552246094;489,2413961476293;49,30327475631642;489,2413961476293
2023-06-08;14,680000305175781;717,2000122070312;12,619999885559082;627,6099853515625;4,922399997711182;243,55035400390625;488,55585646967967;49,73137805410991;488,55585646967967
2023-06-09;14,8100004196167;723,7999877929688;12,550000190734863;626,2449951171875;4,922100067138672;244,4082794189453;488,7238131568544;49,899998852551235;488,7238131568544
2023-06-12;14,600000381469727;721,3499755859375;12,390000343322754;619,9550170898438;4,877900123596191;244,5017852783203;494,07531283456166;50,03672315666652;494,07531283456166
2023-06-13;15,180000305175781;751,1500244140625;12,399999618530273;618,5999755859375;4,860599994659424;246,7292022705078;494,82872813773923;49,88709634002859;494,82872813773923
2023-06-14;15,529999732971191;760,2000122070312;12,5;623,72998046875;4,861000061035156;247,125;489,5042017245355;49,8983984375;489,5042017245355
2023-06-15;15,960000038146973;798,5999755859375;13,449999809265137;677,02001953125;4,815000057220459;247,9324951171875;500,3759233566133;50,336061645508686;500,3759233566133
2023-06-16;16,8700008392334;857,5;14,550000190734863;737,385009765625;4,809199810028076;248,46890258789062;508,29872990033965;50,67938145012372;508,29872990033965
2023-06-19;;;;;4,807000160217285;248,5179901123047;;;
2023-06-20;17,149999618530273;;14,539999961853027;;4,776899814605713;249,30459594726562;;;
2023-06-21;17,799999237060547;905,9500122070312;15,449999809265137;780,760009765625;4,789299964904785;249,30929565429688;508,96070283014114;50,53462908765958;508,96070283014114
2023-06-22;16,5;843,1500244140625;14,729999542236328;754,4650268554688;4,76230001449585;251,87620544433594;511,0000147964015;51,2196232384217;511,0000147964015
2023-06-23;16,780000686645508;865,9000244140625;14,789999961853027;764,4099731445312;4,7697367668151855;252,57437133789062;516,0309827062139;51,684244429758536;516,0309827062139
2023-06-26;17,56999969482422;900,7000122070312;15,399999618530273;788,9199829101562;4,7855000495910645;252,660400390625;512,6351894430368;51,22857158781204;512,6351894430368
2023-06-27;16,770000457763672;854,9500122070312;14,989999771118164;765,5850219726562;4,767300128936768;254,40518188476562;509,8091764280377;51,073050944786516;509,8091764280377
2023-06-28;16,8700008392334;854,7999877929688;14,770000457763672;743,0;4,810500144958496;255,2187957763672;506,6982485294365;50,304670072603216;506,6982485294365
2023-06-29;17,239999771118164;863,4500122070312;15,1899995803833;767,7999877929688;4,850500106811523;255,88180541992188;500,8410810152981;50,54641270593072;500,8410810152981
2023-06-30;17,200000762939453;885,7999877929688;14,890000343322754;764,7249755859375;4,855599880218506;256,1846923828125;514,9999700590635;51,35829133334234;514,9999700590635
2023-07-03;17,309999465942383;919,0499877929688;14,890000343322754;770,280029296875;4,784200191497803;254,8597869873047;530,9358845453519;51,73136410586438;530,9358845453519
2023-07-04;;927,2000122070312;;786,9099731445312;4,80649995803833;257,9541320800781;;;
2023-07-05;17,440000534057617;920,2000122070312;15,149999618530273;772,9949951171875;4,839900016784668;259,1807861328125;527,6376055207242;51,022773239658804;527,6376055207242
2023-07-06;16,110000610351562;852,9000244140625;14,050000190734863;727,8200073242188;4,8471999168396;259,56671142578125;529,4227139048196;51,802135049376915;529,4227139048196
2023-07-07;16,59000015258789;859,5499877929688;14,369999885559082;742,7150268554688;4,918700218200684;260,36370849609375;518,1133091544226;51,68511014407517;518,1133091544226
2023-07-10;16,1299991607666;834,7999877929688;14,510000228881836;751,39501953125;4,8709001541137695;258,5085754394531;517,5449666627842;51,78463181796612;517,5449666627842
2023-07-11;16,329999923706055;843,0999755859375;14,420000076293945;745,4450073242188;4,898200035095215;262,5506896972656;516,2890260409738;51,69521521360519;516,2890260409738
2023-07-12;16,700000762939453;864,9000244140625;14,9399995803833;767,364990234375;4,851500034332275;263,2101135253906;517,9041825755145;51,36311993220869;517,9041825755145
2023-07-13;17,3700008392334;917,75;15,170000076293945;797,5050048828125;4,81689977645874;263,9736022949219;528,3534574892419;52,57119320184237;528,3534574892419
2023-07-14;16,280000686645508;885,7999877929688;14,479999542236328;783,75;4,7947998046875;264,36419677734375;544,1031636562466;54,12638292659474;544,1031636562466
2023-07-17;17,170000076293945;920,1500244140625;15,239999771118164;813,5700073242188;4,788099765777588;265,0589904785156;535,9056612262241;53,383859550053444;535,9056612262241
2023-07-18;17,43000030517578;919,4000244140625;15,479999542236328;821,0850219726562;4,805799961090088;266,7355041503906;527,4813587588118;53,04166965459985;527,4813587588118
2023-07-19;17,100000381469727;905,7999877929688;15,350000381469727;814,4199829101562;4,809299945831299;267,5119934082031;529,7075833837591;53,056675092549895;529,7075833837591
2023-07-20;17,399999618530273;925,4000244140625;15,25;812,0349731445312;4,789899826049805;268,1177062988281;531,8391061506404;53,248194960297134;531,8391061506404
2023-07-21;17,850000381469727;956,9500122070312;15,460000038146973;828,02001953125;4,796899795532227;268,6185607910156;536,1064379586519;53,55886270945288;536,1064379586519
2023-07-24;17,3799991607666;935,0999755859375;15,630000114440918;837,9000244140625;4,777400016784668;268,63330078125;538,0322328765244;53,60844646699057;538,0322328765244
2023-07-25;17,68000030517578;958,6500244140625;15,630000114440918;846,5349731445312;4,725500106811523;271,02587890625;542,2228551282433;54,160906394517426;542,2228551282433
2023-07-26;17,760000228881836;965,2000122070312;15,399999618530273;838,7999877929688;4,748899936676025;271,6151123046875;543,468468337852;54,46753302407037;543,468468337852
2023-07-27;16,520000457763672;901,8499755859375;14,350000381469727;785,9199829101562;4,736199855804443;272,4700012207031;545,9140136779523;54,76794160403098;545,9140136779523
2023-07-28;16,719999313354492;918,2999877929688;14,59000015258789;803,3300170898438;4,741600036621094;273,0325012207031;549,2225032925151;55,06031587993875;549,2225032925151
2023-07-31;16,950000762939453;932,5499877929688;14,890000343322754;822,030029296875;4,723299980163574;272,1883850097656;550,1769591845415;55,206850929691534;550,1769591845415
2023-08-01;16,389999389648438;917,6500244140625;14,680000305175781;820,72998046875;4,724699974060059;275,28228759765625;559,8841114012671;55,90803565442585;559,8841114012671
2023-08-02;15,8100004196167;898,7999877929688;14,260000228881836;808,1849975585938;4,791999816894531;276,1822204589844;568,5009259568125;56,6749638560115;568,5009259568125
2023-08-03;15,680000305175781;906,4500122070312;14,0;805,8350219726562;4,810400009155273;277,38519287109375;578,0931087787179;57,559644426618306;578,0931087787179
2023-08-04;16,350000381469727;943,4500122070312;14,069999694824219;825,1900024414062;4,916399955749512;278,0585021972656;577,0336331467554;58,648899810918984;577,0336331467554
2023-08-07;16,100000381469727;950,0;13,949999809265137;831,5399780273438;4,88539981842041;276,4861755371094;590,0620978204455;59,60860139045034;590,0620978204455
2023-08-08;16,729999542236328;986,4000244140625;14,329999923706055;851,39501953125;4,89900016784668;283,1828918457031;589,5995525426109;59,41346992771375;589,5995525426109
2023-08-09;16,610000610351562;968,1500244140625;14,329999923706055;849,14501953125;4,898600101470947;284,1156921386719;582,8717572777807;59,25645666798038;582,8717572777807
2023-08-10;17,209999084472656;1006,5499877929688;14,390000343322754;861,1300048828125;4,901700019836426;285,16351318359375;584,8634755019286;59,842250475163745;584,8634755019286
2023-08-11;16,770000457763672;997,0499877929688;14,510000228881836;867,114990234375;4,891499996185303;286,1673889160156;594,5438047566566;59,75981919754913;594,5438047566566
2023-08-14;15,800000190734863;971,0;14,229999542236328;929,4000244140625;4,910999774932861;287,3923645019531;614,5569546064913;65,31272342318023;614,5569546064913
2023-08-15;15,649999618530273;1002,1500244140625;14,069999694824219;986,4299926757812;4,962100028991699;349,93609619140625;640,3514689083274;70,10874300435478;640,3514689083274
2023-08-16;15,949999809265137;1139,5;14,630000114440918;1057,3499755859375;4,9832000732421875;349,97479248046875;714,4200712391734;72,27272503861795;714,4200712391734
2023-08-17;15,319999694824219;1108,050048828125;14,739999771118164;1103,22998046875;4,9868998527526855;349,9700012207031;723,2702812666986;74,84599712344907;723,2702812666986
2023-08-18;15,170000076293945;1100,699951171875;14,59000015258789;1095,1600341796875;4,975500106811523;349,897705078125;725,576760472092;75,06237304496767;725,576760472092
2023-08-21;15,029999732971191;;14,399999618530273;;4,966899871826172;349,5517883300781;;;
2023-08-22;15,539999961853027;1130,1500244140625;14,619999885559082;1097,6300048828125;4,978700160980225;349,8616943359375;727,252269747947;75,07729230333288;727,252269747947
2023-08-23;16,530000686645508;1209,050048828125;15,029999732971191;1128,1650390625;4,937099933624268;349,93780517578125;731,4277063550938;75,06088217604244;731,4277063550938
2023-08-24;15,859999656677246;1189,550048828125;14,6899995803833;1120,60498046875;4,855100154876709;349,9708251953125;750,0315728741585;76,28352705776663;750,0315728741585
2023-08-25;16,540000915527344;1258,0;14,75;1144,1650390625;4,880300045013428;349,97979736328125;760,58036902466;77,57051112288136;760,58036902466
2023-08-28;17,809999465942383;1396,449951171875;14,899999618530273;1173,6199951171875;4,8703999519348145;350,16290283203125;784,0819725134025;78,76644464189272;784,0819725134025
2023-08-29;18,25;1464,449951171875;14,84000015258789;1190,9000244140625;4,872600078582764;349,9732971191406;802,4383294092465;80,24932696556516;802,4383294092465
2023-08-30;18,139999389648438;1450,5999755859375;14,609999656677246;1170,0699462890625;4,85129976272583;349,9812927246094;799,6692526978364;80,08692496815374;799,6692526978364
2023-08-31;18,079999923706055;1412,550048828125;14,4399995803833;1135,635009765625;4,888400077819824;349,860107421875;781,2776851707969;78,64508606415626;781,2776851707969
2023-09-01;17,579999923706055;1353,300048828125;14,210000038146973;1088,6650390625;4,953800201416016;349,9717102050781;769,7952529585874;76,61259930611972;769,7952529585874
2023-09-04;;1354,0999755859375;;1078,699951171875;4,97629976272583;352,2033996582031;;;
2023-09-05;16,809999465942383;1279,949951171875;13,649999618530273;1036,300048828125;4,936200141906738;350,01580810546875;761,4217678977897;75,919419618248;761,4217678977897
2023-09-06;16,56999969482422;1262,550048828125;13,470000267028809;1024,594970703125;4,966700077056885;349,9750061035156;761,9493494755425;76,06495548564146;761,9493494755425
2023-09-07;16,329999923706055;1169,1500244140625;13,09000015258789;961,530029296875;4,9770002365112305;349,9708251953125;715,952253445404;73,45531077834103;715,952253445404
2023-09-08;15,859999656677246;1133,949951171875;12,65999984741211;929,1849975585938;4,976099967956543;349,9950866699219;714,9747640091964;73,39534034422068;714,9747640091964
2023-09-11;15,739999771118164;1101,5;12,069999694824219;885,4749755859375;4,982999801635742;349,4252014160156;699,8094129716432;73,36164026297708;699,8094129716432
2023-09-12;15,970000267028809;1166,800048828125;12,449999809265137;920,4550170898438;4,9293999671936035;349,97491455078125;730,6199306940939;73,93213101937981;730,6199306940939
2023-09-13;16,049999237060547;1173,050048828125;12,84000015258789;954,4349975585938;4,946599960327148;349,9739990234375;730,8723393079497;74,33294285173574;730,8723393079497
2023-09-14;16,229999542236328;1194,949951171875;12,930000305175781;964,8350219726562;4,91540002822876;349,9930114746094;736,2600030038097;74,6198761949325;736,2600030038097
2023-09-15;15,869999885559082;1167,050048828125;12,710000038146973;941,5499877929688;4,868199825286865;349,9848937988281;735,3812585027698;74,07946380543363;735,3812585027698
2023-09-18;16,309999465942383;1191,550048828125;13,079999923706055;964,0549926757812;4,867000102996826;349,6108093261719;730,5641249812744;73,70451057331721;730,5641249812744
2023-09-19;15,789999961853027;1166,550048828125;12,9399995803833;957,8099975585938;4,853700160980225;349,91778564453125;738,7904063624995;74,01932214979423;738,7904063624995
2023-09-20;15,3100004196167;1124,300048828125;12,789999961853027;950,9450073242188;4,865799903869629;349,965087890625;734,3566414195258;74,35066537611193;734,3566414195258
2023-09-21;14,949999809265137;1096,5;13,119999885559082;983,9149780273438;4,878799915313721;349,9569091796875;733,4448254109363;74,99352032085908;733,4448254109363
2023-09-22;14,640000343322754;1099,4000244140625;12,869999885559082;964,0349731445312;4,934899806976318;349,9773864746094;750,956283218596;74,90559298498803;750,956283218596
2023-09-25;14,289999961853027;1082,800048828125;12,579999923706055;954,0700073242188;4,933899879455566;349,60089111328125;757,7327163881357;75,84022361767636;757,7327163881357
2023-09-26;13,84000015258789;1067,5;12,210000038146973;938,9199829101562;4,968299865722656;350,0085144042969;771,3150203978806;76,89762325771865;771,3150203978806
2023-09-27;13,760000228881836;1086,0;12,6899995803833;1000,0999755859375;4,986199855804443;350,0199890136719;789,244172918339;78,81008736453634;789,244172918339
2023-09-28;13,869999885559082;1128,050048828125;12,619999885559082;1026,43994140625;5,042200088500977;349,9833984375;813,3021327582043;81,33438595199935;813,3021327582043
2023-09-29;13,050000190734863;1069,5999755859375;12,25;1002,1799926757812;5,032800197601318;350,03900146484375;819,6168275501817;81,81061164700255;819,6168275501817
2023-10-02;12,649999618530273;1043,25;12,119999885559082;1001,0700073242188;5,042799949645996;351,4693908691406;824,7035821817747;82,59653603767674;824,7035821817747
2023-10-03;12,119999885559082;1040,550048828125;11,640000343322754;996,385009765625;5,061500072479248;349,9949951171875;858,539652354234;85,60008422484265;858,539652354234
2023-10-04;12,270000457763672;1102,699951171875;11,460000038146973;1030,6300048828125;5,166299819946289;350,0199890136719;898,6959331970986;89,9328098998384;898,6959331970986
2023-10-05;12,680000305175781;1126,0;11,489999771118164;1029,47998046875;5,154600143432617;350,0299987792969;888,012596924295;89,59791131210483;888,012596924295
2023-10-06;12,770000457763672;1104,800048828125;11,399999618530273;995,5150146484375;5,164999961853027;350,03564453125;865,1527088681104;87,32588140005417;865,1527088681104
2023-10-09;12,380000114440918;1083,4000244140625;11,970000267028809;1054,344970703125;5,145699977874756;349,6242980957031;875,1211747973307;88,08228464349352;875,1211747973307
2023-10-10;12,029999732971191;1147,0999755859375;12,079999923706055;1156,885009765625;5,135200023651123;350,0168151855469;953,5328354513808;95,76862724107545;953,5328354513808
2023-10-11;12,399999618530273;1140,449951171875;12,5;1184,989990234375;5,051000118255615;350,0592346191406;919,7177308518727;94,79919921875;919,7177308518727
2023-10-12;12,100000381469727;1151,6500244140625;12,859999656677246;1229,425048828125;5,049600124359131;350,069091796875;951,7768496749231;95,60070619362541;951,7768496749231
2023-10-13;11,930000305175781;;12,739999771118164;;5,045899868011475;350,07501220703125;;;
2023-10-16;12,600000381469727;;12,979999542236328;;5,0482001304626465;349,9858093261719;;;
2023-10-17;12,489999771118164;1214,199951171875;13,720000267028809;1361,81005859375;5,037600040435791;350,07000732421875;972,1376888889839;99,25729096860013;972,1376888889839
2023-10-18;12,289999961853027;1178,25;13,5;1304,6500244140625;5,037399768829346;349,9190368652344;958,7062682320376;96,64074254918981;958,7062682320376
2023-10-19;11,670000076293945;1127,300048828125;12,609999656677246;1215,64501953125;5,056099891662598;350,07330322265625;965,9811837688718;96,40325556135457;965,9811837688718
2023-10-20;11,329999923706055;1156,25;12,289999961853027;1292,5550537109375;5,062900066375732;349,935302734375;1020,5207482665096;105,17128215808816;1020,5207482665096
2023-10-23;11,479999542236328;1129,550048828125;11,489999771118164;1126,56494140625;5,031300067901611;349,96380615234375;983,9286531958226;98,04742940361407;983,9286531958226
2023-10-24;11,069999694824219;1011,1500244140625;11,239999771118164;1028,4300537109375;5,01230001449585;350,00518798828125;913,4146813814511;91,49733760258151;913,4146813814511
2023-10-25;11,84000015258789;1083,699951171875;11,270000457763672;1029,719970703125;4,991000175476074;349,9674987792969;915,2871091264376;91,36822793949152;915,2871091264376
2023-10-26;11,930000305175781;1068,300048828125;11,300000190734863;1003,030029296875;4,994699954986572;350,0249938964844;895,4736139986916;88,76371790854331;895,4736139986916
2023-10-27;11,75;1024,449951171875;11,039999961853027;962,5800170898438;4,985300064086914;349,8273010253906;871,8722988696809;87,19021924056945;871,8722988696809
2023-10-30;11,130000114440918;951,2000122070312;10,449999809265137;888,0599975585938;4,952030181884766;349,5355529785156;854,6271360526504;84,98181949929086;854,6271360526504
2023-10-31;11,210000038146973;982,4500122070312;9,930000305175781;861,1400146484375;5,04610013961792;349,9740905761719;876,4050034467542;86,72104614131666;876,4050034467542
2023-11-01;11,949999809265137;1065,050048828125;10,350000381469727;927,4949951171875;5,03410005569458;349,9717102050781;891,2552852112724;89,61303970362567;891,2552852112724
2023-11-02;12,3100004196167;1097,1500244140625;10,699999809265137;958,655029296875;4,953700065612793;349,9658203125;891,2672518399677;89,59392956874402;891,2672518399677
2023-11-03;12,4399995803833;1080,0;10,720000267028809;940,0;4,952899932861328;350,04339599609375;868,1672318567097;87,68656497995904;868,1672318567097
2023-11-06;12,039999961853027;;10,239999771118164;;4,899199962615967;347,2341613769531;;;
2023-11-07;12,069999694824219;1035,0999755859375;10,140000343322754;873,5599975585938;4,884099960327148;350,0191345214844;857,5807802462518;86,14989822301513;857,5807802462518
2023-11-08;11,720000267028809;1003,5499877929688;10,029999732971191;851,1199951171875;4,871500015258789;349,8904113769531;856,2713011331555;84,85742948918902;856,2713011331555
2023-11-09;11,770000457763672;1033,8499755859375;9,960000038146973;874,010009765625;4,909299850463867;349,9700012207031;878,3771753415645;87,75200867652124;878,3771753415645
2023-11-10;11,779999732971191;1068,5;10,319999694824219;939,9400024414062;4,933899879455566;349,9715881347656;907,0458609683681;91,0794602942492;907,0458609683681
2023-11-13;11,65999984741211;1039,75;10,15999984741211;895,6950073242188;4,893379211425781;349,4859924316406;891,7238538650311;88,15895873781578;891,7238538650311
2023-11-14;11,960000038146973;1034,25;10,470000267028809;917,7449951171875;4,906199932098389;349,9830017089844;864,757522325428;87,6547250917718;864,757522325428
2023-11-15;11,989999771118164;1053,0999755859375;10,25;911,4450073242188;4,864500045776367;350,09014892578125;878,3152591234182;88,92146412919207;878,3152591234182
2023-11-16;11,869999885559082;1019,7000122070312;10,210000038146973;876,1950073242188;4,860899925231934;352,8387145996094;859,0564633851325;85,81733634187533;859,0564633851325
2023-11-17;12,5;1112,9000244140625;10,729999542236328;965,2449951171875;4,862199783325195;353,47735595703125;890,32001953125;89,95759890927384;890,32001953125
2023-11-20;14,649999618530273;;15,010000228881836;;4,819177150726318;352,10601806640625;;;
2023-11-21;14,5600004196167;1322,3499755859375;14,829999923706055;1337,9749755859375;4,851799964904785;353,8486328125;908,207374640137;90,2208349608389;908,207374640137
2023-11-22;13,5;1312,3499755859375;15,0;1492,02001953125;4,8993000984191895;355,9732971191406;972,1110930266203;99,46800130208334;972,1110930266203
2023-11-23;;1365,199951171875;;1578,0250244140625;4,9054999351501465;356,43011474609375;;;
2023-11-24;15,319999694824219;1520,699951171875;16,84000015258789;1739,635009765625;4,902500152587891;357,0199890136719;992,6240087887439;103,30374073650387;992,6240087887439
2023-11-27;16,81999969482422;1600,550048828125;17,260000228881836;1572,8199462890625;4,900899887084961;356,12530517578125;951,5755516456042;91,12514052330087;951,5755516456042
2023-11-28;16,8799991607666;1438,8499755859375;16,790000915527344;1440,780029296875;4,895500183105469;358,96923828125;852,3993170154829;85,8117897995137;852,3993170154829
2023-11-29;17,31999969482422;1480,199951171875;16,979999542236328;1430,14501953125;4,869800090789795;359,53570556640625;854,61892451084;84,22526843854642;854,61892451084
2023-11-30;17,18000030517578;1505,0;16,610000610351562;1445,0;4,904099941253662;359,960205078125;876,0186107485644;86,9957824745327;876,0186107485644
2023-12-01;16,93000030517578;1600,3499755859375;16,149999618530273;1529,68994140625;4,923099994659424;360,465087890625;945,2746289063468;94,7176456679978;945,2746289063468
2023-12-04;16,8799991607666;1521,449951171875;16,040000915527344;1466,4549560546875;4,902159214019775;360,8061828613281;901,3329542741391;91,42486735366094;901,3329542741391
2023-12-05;17,31999969482422;1641,3499755859375;17,09000015258789;1614,925048828125;4,9430999755859375;362,5024719238281;947,6616654193282;94,49532091335772;947,6616654193282
2023-12-06;16,93000030517578;1631,3499755859375;16,40999984741211;1580,030029296875;4,927700042724609;363,0617980957031;963,5853196572045;96,28458525220822;963,5853196572045
2023-12-07;17,0;1657,0;16,5;1648,9100341796875;4,901199817657471;363,5768127441406;974,7058823529412;99,93394146543561;974,7058823529412
2023-12-08;17,5;;17,139999389648438;;4,910099983215332;363,91082763671875;;;
2023-12-11;17,469999313354492;1756,3499755859375;17,079999923706055;1749,5350341796875;4,893286228179932;364,4322204589844;1005,3520575947252;102,43179402778766;1005,3520575947252
2023-12-12;17,280000686645508;1780,8499755859375;17,260000228881836;1821,7149658203125;4,936699867248535;365,8271179199219;1030,5844356604862;105,54547750074565;1030,5844356604862
2023-12-13;17,860000610351562;1827,300048828125;17,600000381469727;1819,1650390625;4,9644999504089355;366,47198486328125;1023,1242924868835;103,36164770642958;1023,1242924868835
2023-12-14;17,329999923706055;1788,8499755859375;17,43000030517578;1799,5450439453125;4,918399810791016;799,9635009765625;1032,2273418702869;103,24412004806125;1032,2273418702869
2023-12-15;16,450000762939453;1652,5;17,040000915527344;1701,5899658203125;4,914599895477295;785,2970581054688;1004,5592239259656;99,85856070405339;1004,5592239259656
2023-12-18;17,010000228881836;1646,699951171875;17,520000457763672;1689,969970703125;4,919657230377197;792,3823852539062;968,077559679211;96,45947069334952;968,077559679211
2023-12-19;16,729999542236328;1601,1500244140625;17,31999969482422;1671,4449462890625;4,895899772644043;802,6209106445312;957,0532386279037;96,50375148612414;957,0532386279037
2023-12-20;17,510000228881836;1674,949951171875;17,700000762939453;1678,875;4,866499900817871;803,167236328125;956,5676352243172;94,85169082677417;956,5676352243172
2023-12-21;17,770000457763672;1723,0999755859375;17,649999618530273;1712,989990234375;4,914599895477295;803,7171630859375;969,6679410231073;97,05325933468869;969,6679410231073
2023-12-22;18,200000762939453;1756,1500244140625;17,5;1686,6600341796875;4,881800174713135;804,2391967773438;964,9175553827996;96,38057338169642;964,9175553827996
2023-12-25;;;;;4,86984395980835;805,2099609375;;;
2023-12-26;17,81999969482422;1664,1500244140625;17,469999313354492;1642,5150146484375;4,869743824005127;803,9196166992188;933,8664718930446;94,0191802636683;933,8664718930446
2023-12-27;17,729999542236328;1600,3499755859375;17,239999771118164;1569,68505859375;4,813499927520752;802,2271118164062;902,6226829693879;91,04901852860884;902,6226829693879
2023-12-28;17,360000610351562;1664,6500244140625;17,010000228881836;1596,8499755859375;4,826099872589111;807,4172973632812;958,8997499351765;93,8771284008917;958,8997499351765
2023-12-29;17,270000457763672;1677,0;17,190000534057617;1668,8199462890625;4,850200176239014;807,9782104492188;971,0480344811515;97,08085482503157;971,0480344811515
2024-01-01;;;;;4,850500106811523;810,7463989257812;;;
2024-01-02;16,959999084472656;1685,949951171875;16,520000457763672;1653,06494140625;4,852399826049805;810,808837890625;994,0743173243496;100,06446099275877;994,0743173243496
2024-01-03;16,780000686645508;1771,699951171875;16,770000457763672;1776,0;4,922500133514404;810,5570678710938;1055,8402137503463;105,90339603585406;1055,8402137503463
2024-01-04;16,239999771118164;1800,550048828125;16,229999542236328;1808,5;4,9191999435424805;810,622314453125;1108,7130998796515;111,4294547756227;1108,7130998796515
2024-01-05;16,489999771118164;1889,199951171875;16,700000762939453;1901,405029296875;4,895599842071533;811,619873046875;1145,6640251025128;113,8565833791135;1145,6640251025128
2024-01-08;16,600000381469727;1997,199951171875;16,709999084472656;1995,574951171875;4,8606672286987305;809,6477661132812;1203,1324730578394;119,4240012272779;1203,1324730578394
2024-01-09;15,489999771118164;1892,25;16,040000915527344;1920,4549560546875;4,86899995803833;813,8570556640625;1221,5945951969538;119,72910513961459;1221,5945951969538
2024-01-10;16,09000015258789;1918,449951171875;15,899999618530273;1904,824951171875;4,905099868774414;814,3309936523438;1192,3243834545983;119,80031426868354;1192,3243834545983
2024-01-11;15,779999732971191;1844,449951171875;15,989999771118164;1878,449951171875;4,89139986038208;814,953369140625;1168,8529672899979;117,4765464703016;1168,8529672899979
2024-01-12;15,979999542236328;1851,25;15,890000343322754;1820,5849609375;4,869699954986572;815,4496459960938;1158,4793823723264;114,5742556073978;1158,4793823723264
2024-01-15;;1846,800048828125;;1836,0999755859375;4,85290002822876;816,3963012695312;;;
2024-01-16;15,680000305175781;1882,0999755859375;14,90999984741211;1808,68505859375;4,862199783325195;817,7183227539062;1200,3188386193326;121,30684621755236;1200,3188386193326
2024-01-17;16,260000228881836;2052,5;15,0;1910,625;4,924900054931641;818,1458740234375;1262,300105232622;127,375;1262,300105232622
2024-01-18;16,670000076293945;2108,25;15,199999809265137;1962,2449951171875;4,934000015258789;818,6646728515625;1264,6970547997164;129,09506708816562;1264,6970547997164
2024-01-19;17,190000534057617;2248,800048828125;15,630000114440918;2017,52001953125;4,92609977722168;819,2421264648438;1308,2024310428026;129,07997471268197;1308,2024310428026
2024-01-22;18,18000030517578;2402,699951171875;15,640000343322754;2053,18994140625;4,904642105102539;818,8342895507812;1321,617112672894;131,27812636416127;1321,617112672894
2024-01-23;18,389999389648438;2373,0;15,789999961853027;2057,5;4,98829984664917;821,4609985351562;1290,375246741846;130,30399018180512;1290,375246741846
2024-01-24;19,0;2475,199951171875;16,440000534057617;2145,195068359375;4,952199935913086;821,9420166015625;1302,73681640625;130,4863137878446;1302,73681640625
2024-01-25;20,31999969482422;2602,550048828125;17,3700008392334;2218,840087890625;4,932499885559082;822,4420776367188;1280,7825235799733;127,73978012015746;1280,7825235799733
2024-01-26;21,280000686645508;2616,949951171875;17,690000534057617;2198,175048828125;4,915800094604492;823,019287109375;1229,7696742153632;124,26088086295393;1229,7696742153632
2024-01-29;21,280000686645508;2669,800048828125;17,540000915527344;2196,0400390625;4,913599967956543;825,3900756835938;1254,6052456208738;125,20182009331872;1254,6052456208738
2024-01-30;21,5;2744,10009765625;17,290000915527344;2210,294921875;4,950200080871582;825,2381591796875;1276,3256268168604;127,83659947004614;1276,3256268168604
2024-01-31;21,610000610351562;2751,60009765625;17,280000686645508;2179,93505859375;4,950300216674805;825,7496948242188;1273,2994076539665;126,15364421127991;1273,2994076539665
2024-02-01;21,829999923706055;2806,25;17,489999771118164;2255,889892578125;4,951900005340576;826,3496704101562;1285,5016077909295;128,9816993767692;1285,5016077909295
2024-02-02;21,899999618530273;2830,89990234375;17,18000030517578;2253,760009765625;4,914999961853027;826,8382568359375;1292,648379750855;131,18509719040225;1292,648379750855
2024-02-05;20,770000457763672;2692,699951171875;16,40999984741211;2127,820068359375;4,932938098907471;834,7530517578125;1296,4371169117446;129,6660626535555;1296,4371169117446
2024-02-06;20,65999984741211;2569,300048828125;16,530000686645508;2069,320068359375;4,9499430656433105;829,0419921875;1243,610875026196;125,18572186334914;1243,610875026196
2024-02-07;19,31999969482422;2413,550048828125;16,040000915527344;2002,2550048828125;4,962299823760986;829,4802856445312;1249,2495274079683;124,8288585161209;1249,2495274079683
2024-02-08;18,149999618530273;2303,949951171875;15,8100004196167;1989,8599853515625;4,969299793243408;830,19970703125;1269,3939391710253;125,86084329780208;1269,3939391710253
2024-02-09;19,0;2324,85009765625;16,639999389648438;2053,35009765625;4,9918999671936035;830,653564453125;1223,605314555921;123,39844789499311;1223,605314555921
2024-02-12;19,25;;16,739999771118164;;4,953100204467773;828,5751342773438;;;
2024-02-13;19,3700008392334;;16,65999984741211;;4,952199935913086;831,2803344726562;;;
2024-02-14;19,850000381469727;2355,949951171875;17,020000457763672;2006,1800537109375;4,952000141143799;831,2802734375;1186,876526899813;117,87191537916902;1186,876526899813
2024-02-15;20,149999618530273;2348,050048828125;17,0;1963,06005859375;4,968299865722656;833,9419555664062;1165,2854060944096;115,47412109375;1165,2854060944096
2024-02-16;20,559999465942383;2309,199951171875;16,850000381469727;1892,43994140625;4,972400188446045;834,5380859375;1123,151756398176;112,31097320848747;1123,151756398176
2024-02-19;;2311,550048828125;;1889,1099853515625;4,965099811553955;833,9705200195312;;;
2024-02-20;20,770000457763672;2329,699951171875;16,709999084472656;1881,614990234375;4,956399917602539;836,745849609375;1121,665815997154;112,60413484898501;1121,665815997154
2024-02-21;20,780000686645508;2303,0;16,959999084472656;1881,989990234375;4,926400184631348;837,2420043945312;1108,2771529839495;110,96639692377038;1108,2771529839495
2024-02-22;21,510000228881836;2436,050048828125;18,049999237060547;2001,5250244140625;4,934899806976318;837,8497314453125;1132,5197689013503;110,88781767394757;1132,5197689013503
2024-02-23;21,959999084472656;2472,800048828125;18,040000915527344;2021,010009765625;4,962399959564209;838,3419799804688;1126,0474280149572;112,02937401328546;1126,0474280149572
2024-02-26;22,68000030517578;2475,949951171875;17,90999984741211;1963,1400146484375;4,993500232696533;838,798583984375;1091,6886763034306;109,61139203650522;1091,6886763034306
2024-02-27;21,610000610351562;2368,85009765625;17,40999984741211;1899,5450439453125;4,978899955749512;840,6381225585938;1096,182337228408;109,1065514413355;1096,182337228408
2024-02-28;21,739999771118164;2318,800048828125;17,06999969482422;1825,8399658203125;4,932400226593018;841,1070556640625;1066,605369475982;106,96192140963682;1066,605369475982
2024-02-29;22,010000228881836;2358,449951171875;17,299999237060547;1831,050048828125;4,967299938201904;841,745849609375;1071,5356322791326;105,84104795251076;1071,5356322791326
2024-03-01;22,290000915527344;2380,300048828125;17,829999923706055;1934,635009765625;4,969799995422363;842,3497924804688;1067,8779502292412;108,50448783196076;1067,8779502292412
2024-03-04;21,709999084472656;2346,64990234375;18,709999084472656;1986,9749755859375;4,952700138092041;842,8960571289062;1080,9074165378995;106,19856081312794;1080,9074165378995
2024-03-05;21,139999389648438;2226,949951171875;18,200000762939453;1900,9000244140625;4,944900035858154;844,2614135742188;1053,4295248193523;104,44505190817647;1053,4295248193523
2024-03-06;22,860000610351562;2320,550048828125;18,670000076293945;1897,875;4,957099914550781;845,4365844726562;1015,1137300395887;101,65372213414228;1015,1137300395887
2024-03-07;22,920000076293945;2324,75;18,31999969482422;1869,8199462890625;4,943600177764893;845,6256103515625;1014,2888273392629;102,06440924872534;1014,2888273392629
2024-03-08;22,59000015258789;2340,199951171875;17,649999618530273;1849,9300537109375;4,933800220489502;846,2382202148438;1035,9450798426772;104,81190332541108;1035,9450798426772
2024-03-11;21,780000686645508;2221,75;17,34000015258789;1772,7550048828125;4,977540016174316;845,52734375;1020,0872038366256;102,23500514896129;1020,0872038366256
2024-03-12;22,790000915527344;2437,14990234375;17,639999389648438;1883,85498046875;4,977399826049805;848,2342529296875;1069,3943854487802;106,79450372170874;1069,3943854487802
2024-03-13;24,299999237060547;2552,199951171875;18,110000610351562;1895,6199951171875;4,968699932098389;847,0014038085938;1050,288078725307;104,67255280122205;1050,288078725307
2024-03-14;23,360000610351562;2479,699951171875;18,0;1907,18505859375;4,969200134277344;849,7381591796875;1061,5153623211127;105,95472547743056;1061,5153623211127
2024-03-15;23,84000015258789;2564,800048828125;18,059999465942383;1930,02001953125;4,992700099945068;850,296630859375;1075,838939770187;106,86711387621519;1075,838939770187
2024-03-18;24,780000686645508;2669,10009765625;19,260000228881836;2078,669921875;4,968047142028809;851,0789184570312;1077,118653630501;107,92678593834471;1077,118653630501
2024-03-19;24,3700008392334;2621,550048828125;18,969999313354492;2051,764892578125;5,029399871826172;852,245849609375;1075,7283375254042;108,15840626487132;1075,7283375254042
2024-03-20;25,34000015258789;2780,39990234375;19,360000610351562;2123,389892578125;5,03000020980835;853,2537231445312;1097,2375239152464;109,67922653074575;1097,2375239152464
2024-03-21;25,959999084472656;2843,39990234375;20,190000534057617;2222,85009765625;4,96619987487793;853,2380981445312;1095,3004632594384;110,09658439120012;1095,3004632594384
2024-03-22;26,079999923706055;2851,0;20,260000228881836;2217,43505859375;4,9745001792907715;854,245849609375;1093,1748498237203;109,44891577210667;1093,1748498237203
2024-03-25;26,149999618530273;2832,89990234375;20,3700008392334;2199,675048828125;5,000899791717529;854,8953247070312;1083,3269383056952;107,98600678461766;1083,3269383056952
2024-03-26;25,65999984741211;2823,64990234375;19,799999237060547;2176,905029296875;4,9721999168396;856,2576904296875;1100,4091656799148;109,94470268575891;1100,4091656799148
2024-03-27;26,149999618530273;2829,75;20,1200008392334;2184,300048828125;4,9756999015808105;856,7814331054688;1082,122386722636;108,56361618876305;1082,122386722636
2024-03-28;25,420000076293945;;19,799999237060547;;4,990300178527832;857,7379150390625;;;
2024-03-29;;;;;5,014100074768066;857,2862548828125;;;
2024-04-01;25,790000915527344;;19,6299991607666;;5,013199806213379;857,0509033203125;;;
2024-04-02;24,920000076293945;;19,90999984741211;;5,053599834442139;861,7256469726562;;;
2024-04-03;26,100000381469727;2802,5;20,639999389648438;2223,2099609375;5,0644001960754395;857,496826171875;1073,7547735783548;107,7136640833674;1073,7547735783548
2024-04-04;25,799999237060547;2733,199951171875;20,229999542236328;2151,280029296875;5,038599967956543;857,5040283203125;1059,3798573628465;106,34108146198511;1059,3798573628465
2024-04-05;27,3700008392334;2872,39990234375;21,040000915527344;2210,719970703125;5,057400226593018;861,7537841796875;1049,4701550123161;105,07223738149328;1049,4701550123161
2024-04-08;27,729999542236328;2887,5;21,709999084472656;2259,31005859375;5,054900169372559;862,0182495117188;1041,2910377448686;104,0677178199259;1041,2910377448686
2024-04-09;28,65999984741211;2985,89990234375;21,75;2269,969970703125;5,023900032043457;864,2451171875;1041,835282010082;104,36643543462644;1041,835282010082
2024-04-10;28,850000381469727;3024,89990234375;21,459999084472656;2249,179931640625;5,007599830627441;864,6535034179688;1048,4921533264985;104,8080161973546;1048,4921533264985
2024-04-11;29,770000457763672;3119,050048828125;21,610000610351562;2271,89501953125;5,066199779510498;865,3054809570312;1047,7158215880083;105,13164994743097;1047,7158215880083
2024-04-12;29,610000610351562;3097,300048828125;21,170000076293945;2219,31005859375;5,090400218963623;865,7601928710938;1046,0317409602885;104,83278462898646;1046,0317409602885
2024-04-15;27,600000381469727;2972,0;20,209999084472656;2172,4150390625;5,117099761962891;865,5996704101562;1076,8115793198906;107,49208992946302;1076,8115793198906
2024-04-16;27,770000457763672;2988,699951171875;20,25;2171,72509765625;5,183700084686279;868,2449951171875;1076,2333100129001;107,24568383487654;1076,2333100129001
2024-04-17;27,68000030517578;2954,39990234375;19,469999313354492;2100,885009765625;5,2855000495910645;868,7327270507812;1067,3409934144104;107,90370230391461;1067,3409934144104
2024-04-18;28,030000686645508;2999,0;19,06999969482422;2076,6298828125;5,232600212097168;869,2501220703125;1069,9250540613903;108,8951188277217;1069,9250540613903
2024-04-19;28,459999084472656;3032,75;19,34000015258789;2046,8050537109375;5,241700172424316;869,8757934570312;1065,6184460858337;105,83273203527115;1065,6184460858337
2024-04-22;31,020000457763672;3275,75;20,790000915527344;2224,47509765625;5,206200122833252;868,7936401367188;1056,0122345775617;106,99735448279203;1056,0122345775617
2024-04-23;30,530000686645508;3210,89990234375;20,8700008392334;2207,25;5,1656999588012695;872,2409057617188;1051,7195644048145;105,76185487499373;1051,7195644048145
2024-04-24;29,06999969482422;3075,85009765625;20,15999984741211;2145,614990234375;5,130499839782715;872,7376098632812;1058,083980029725;106,42931579733134;1058,083980029725
2024-04-25;29,489999771118164;3193,699951171875;20,239999771118164;2199,81494140625;5,145500183105469;873,2498779296875;1082,9772722818777;108,68651019182896;1082,9772722818777
2024-04-26;30,700000762939453;3312,5;21,170000076293945;2295,6650390625;5,158599853515625;873,753173828125;1078,9902011985605;108,43953853515445;1078,9902011985605
2024-04-29;31,260000228881836;3406,550048828125;21,479999542236328;2342,090087890625;5,115499973297119;875,3379516601562;1089,747288511129;109,0358537152364;1089,747288511129
2024-04-30;32,43000030517578;3553,550048828125;21,959999084472656;2406,844970703125;5,117000102996826;876,7409057617188;1095,760103419112;109,60132381812996;1095,760103419112
2024-05-01;32,369998931884766;;22,079999923706055;;5,193900108337402;877,0737915039062;;;
2024-05-02;31,889999389648438;3565,699951171875;22,360000610351562;2512,02490234375;5,194399833679199;872,7755126953125;1118,1248101024764;112,34458111690785;1118,1248101024764
2024-05-03;34,31999969482422;3848,949951171875;23,3799991607666;2609,320068359375;5,110300064086914;878,2000122070312;1121,4889234839745;111,6047973490953;1121,4889234839745
2024-05-06;36,79999923706055;4078,75;23,8799991607666;2658,56494140625;5,070899963378906;876,9979858398438;1108,356001239362;111,33019408870466;1108,356001239362
2024-05-07;35,650001525878906;3901,89990234375;24,030000686645508;2646,364990234375;5,074900150299072;880,1182861328125;1094,5020295472634;110,12754534397797;1094,5020295472634
2024-05-08;36,04999923706055;3840,85009765625;24,459999084472656;2639,360107421875;5,073299884796143;880,651611328125;1065,4230732154174;107,90515969795581;1065,4230732154174
2024-05-09;35,5099983215332;3774,39990234375;24,3799991607666;2641,260009765625;5,087900161743164;881,74169921875;1062,9118785553308;108,33716573772735;1062,9118785553308
2024-05-10;34,970001220703125;3734,800048828125;22,780000686645508;2464,989990234375;5,1407999992370605;882,5155029296875;1068,001120519558;108,20851255195285;1068,001120519558
2024-05-13;34,650001525878906;3705,39990234375;22,780000686645508;2459,094970703125;5,123260021209717;883,173095703125;1069,3794341037224;107,94973207111178;1069,3794341037224
2024-05-14;35,470001220703125;3810,050048828125;23,020000457763672;2507,135009765625;5,154200077056885;884,0526123046875;1074,1612398378704;108,91116246351223;1074,1612398378704
2024-05-15;36,84000015258789;3978,35009765625;23,90999984741211;2628,074951171875;5,127799987792969;885,2655029296875;1079,8995877248344;109,91530606205018;1079,8995877248344
2024-05-16;36,61000061035156;3997,699951171875;23,639999389648438;2610,094970703125;5,133600234985352;885,7490844726562;1091,9693757233963;110,41011159442085;1091,9693757233963
2024-05-17;36,66999816894531;3900,300048828125;23,440000534057617;2592,2548828125;5,128600120544434;886,2410278320312;1063,6215553812513;110,59107609857054;1063,6215553812513
2024-05-20;37,279998779296875;4088,25;23,770000457763672;2713,1298828125;5,1020002365112305;883,430908203125;1096,6336195993586;114,14092682216787;1096,6336195993586
2024-05-21;36,18000030517578;4203,10009765625;23,530000686645508;2821,844970703125;5,103099822998047;888,7294311523438;1161,7191990611923;119,92540961992695;1161,7191990611923
2024-05-22;33,58000183105469;4105,14990234375;21,770000457763672;2740,820068359375;5,1219000816345215;889,2286987304688;1222,4984152762372;125,89894399299091;1222,4984152762372
2024-05-23;30,989999771118164;3899,75;21,350000381469727;2700,7451171875;5,151100158691406;889,9910278320312;1258,389812456359;126,49859807644563;1258,389812456359
2024-05-24;32,470001220703125;4056,85009765625;21,010000228881836;2648,695068359375;5,143099784851074;890,2451171875;1249,41482757616;126,06830268941602;1249,41482757616
2024-05-27;;4116,75;;2736,47998046875;5,1697998046875;889,7153930664062;;;
2024-05-28;33,06999969482422;4095,300048828125;22,25;2758,485107421875;5,1717000007629395;893,4547729492188;1238,3731740611656;123,9768587605337;1238,3731740611656
2024-05-29;34,16999816894531;4157,5;22,459999084472656;2729,469970703125;5,161300182342529;893,4827270507812;1216,7106300223502;121,52582733585676;1216,7106300223502
2024-05-30;36,880001068115234;4318,10009765625;23,90999984741211;2927,324951171875;5,202099800109863;893,7532958984375;1170,8514025476757;122,43098995622591;1170,8514025476757
2024-05-31;35,849998474121094;4374,39990234375;23,209999084472656;2899,97998046875;5,202099800109863;894,2490844726562;1220,1952827143025;124,9452862929589;1220,1952827143025
2024-06-03;35,599998474121094;4443,4501953125;22,100000381469727;2876,18994140625;5,2444000244140625;894,2227783203125;1248,1602207209648;130,1443389936708;1248,1602207209648
2024-06-04;33,2400016784668;4307,7998046875;20,280000686645508;2673,925048828125;5,249000072479248;896,545166015625;1295,9685881959915;131,85034311112815;1295,9685881959915
2024-06-05;33,25;4268,85009765625;20,809999465942383;2717,030029296875;5,287700176239014;897,011474609375;1283,864691024436;130,5636760704181;1283,864691024436
2024-06-06;31,510000228881836;4048,14990234375;20,100000381469727;2619,114990234375;5,3003997802734375;898,504150390625;1284,7190964579065;130,30422589687848;1284,7190964579065
2024-06-07;31,670000076293945;4085,85009765625;20,020000457763672;2630,7900390625;5,2571001052856445;898,5032958984375;1290,1326453468012;131,40809085457792;1290,1326453468012
2024-06-10;33,060001373291016;4291,7001953125;20,829999923706055;2736,030029296875;5,270441055297852;907,6162719726562;1298,1548750871316;131,35045796054342;1298,1548750871316
2024-06-11;32,13999938964844;4203,60009765625;20,270000457763672;2663,360107421875;5,352799892425537;901,7324829101562;1307,9029799266686;131,3941809212823;1307,9029799266686
2024-06-12;33,939998626708984;4374,75;20,670000076293945;2699,5;5,3649001121521;902,0;1288,965874193437;130,59990275936227;1288,965874193437
2024-06-13;35,20000076293945;4448,9501953125;21,170000076293945;2712,35009765625;5,401000022888184;901,7366943359375;1263,906278092075;128,12234708933823;1263,906278092075
2024-06-14;34,790000915527344;4334,0498046875;20,8799991607666;2658,18505859375;5,361599922180176;902,25;1245,774558963332;127,30771865108426;1245,774558963332
2024-06-17;34,06999969482422;;20,440000534057617;;5,3572001457214355;902,1074829101562;;;
2024-06-18;34,83000183105469;4310,75;21,010000228881836;2667,534912109375;5,423999786376953;902,4916381835938;1237,6542559226923;126,96501109230796;1237,6542559226923
2024-06-19;;4346,5498046875;;2741,614990234375;5,439899921417236;905,7451171875;;;
2024-06-20;33,0;;20,760000228881836;;5,422399997711182;905,733154296875;;;
2024-06-21;32,060001373291016;;20,299999237060547;;5,452400207519531;905,5462036132812;;;
2024-06-24;32,20000076293945;4318,75;20,770000457763672;2728,7099609375;5,426126003265381;905,1624755859375;1341,2266762958154;131,37746272497208;1341,2266762958154
2024-06-25;32,63999938964844;4237,2998046875;20,81999969482422;2739,699951171875;5,3892998695373535;908,7415771484375;1298,1923663979394;131,58981706675794;1298,1923663979394
2024-06-26;30,8700008392334;4159,75;20,280000686645508;2735,364990234375;5,450699806213379;909,2587280273438;1347,5056323008832;134,87992591813017;1347,5056323008832
2024-06-27;31,639999389648438;4254,85009765625;20,719999313354492;2791,35009765625;5,522500038146973;911,0036010742188;1344,7693361992594;134,71767327024784;1344,7693361992594
2024-06-28;30,559999465942383;4135,0498046875;20,1200008392334;2723,85498046875;5,500500202178955;910,9915771484375;1353,0922372219966;135,38046057917228;1353,0922372219966
2024-07-01;27,670000076293945;3951,89990234375;19,34000015258789;2739,0400390625;5,591899871826172;908,7191772460938;1428,2254757669875;141,6256472312379;1428,2254757669875
2024-07-02;28,110000610351562;4038,60009765625;20,010000228881836;2856,18505859375;5,65500020980835;913,4227294921875;1436,7129170993428;142,73788235500456;1436,7129170993428
2024-07-03;28,5;4000,10009765625;20,149999618530273;2796,580078125;5,67549991607666;914,2415771484375;1403,5438939144738;138,78809583466287;1403,5438939144738
2024-07-04;;3996,35009765625;;2803,570068359375;5,5553998947143555;913,732421875;;;
2024-07-05;28,459999084472656;3980,39990234375;20,079999923706055;2800,580078125;5,486400127410889;913,7500610351562;1398,5945293003876;139,47111995845628;1398,5945293003876
2024-07-08;28,530000686645508;3976,39990234375;20,549999237060547;2857,72998046875;5,471290111541748;913,7277221679688;1393,7608856087575;139,06229131702474;1393,7608856087575
2024-07-09;28,829999923706055;;20,729999542236328;;5,470399856567383;917,173095703125;;;
2024-07-10;29,510000228881836;4100,0;21,049999237060547;2932,5;5,417099952697754;917,2415771484375;1389,359528363295;139,31116894470247;1389,359528363295
2024-07-11;29,0;4110,0;21,1299991607666;3005,0;5,414700031280518;918,7501220703125;1417,2413793103449;142,21486603651041;1417,2413793103449
2024-07-12;28,65999984741211;4110,0;21,290000915527344;3047,5;5,438000202178955;919,2416381835938;1434,054438898093;143,14231418268187;1434,054438898093
2024-07-15;27,420000076293945;3585,0;20,989999771118164;2735,0;5,422800064086914;919,5870971679688;1307,4398213074492;130,30014434603794;1307,4398213074492
2024-07-16;28,610000610351562;3690,0;20,639999389648438;2667,5;5,446800231933594;922,2407836914062;1289,7587980703845;129,23934490704633;1289,7587980703845
2024-07-17;27,459999084472656;3575,0;19,8700008392334;2610,0;5,424300193786621;922,7534790039062;1301,893706916216;131,35379415015143;1301,893706916216
2024-07-18;27,5;3605,0;19,90999984741211;2640,0;5,48769998550415;922,9578857421875;1310,909090909091;132,59668609907828;1310,909090909091
2024-07-19;28,209999084472656;3680,0;20,190000534057617;2712,5;5,5432000160217285;924,7246704101562;1304,5019919995477;134,34868391530767;1304,5019919995477
2024-07-22;28,280000686645508;3755,0;20,15999984741211;2692,5;5,520872116088867;923,3663940429688;1327,793461395919;133,55654862991628;1327,793461395919
2024-07-23;29,5;3945,0;20,469999313354492;2732,5;5,570700168609619;925,7407836914062;1337,2881355932204;133,4880357429878;1337,2881355932204
2024-07-24;28,68000030517578;3835,0;19,690000534057617;2640,0;5,585299968719482;925,9907836914062;1337,1687444884408;134,0782086538604;1337,1687444884408
2024-07-25;28,3700008392334;3705,0;19,68000030517578;2625,0;5,653600215911865;927,9786987304688;1305,9569581951816;133,3841442730889;1305,9569581951816
2024-07-26;28,329999923706055;3730,0;19,979999542236328;2637,5;5,643099784851074;929,4608154296875;1316,6254888969486;132,00701003143212;1316,6254888969486
2024-07-29;27,59000015258789;3580,0;19,299999237060547;2497,5;5,622840881347656;929,6746826171875;1297,5715767309275;129,40415019313636;1297,5715767309275
2024-07-30;27,020000457763672;3425,0;18,950000762939453;2402,5;5,614500045776367;931,7449951171875;1267,5795492134764;126,78099753423615;1267,5795492134764
2024-07-31;28,969999313354492;3710,0;19,940000534057617;2577,5;5,611100196838379;932,2105102539062;1280,6351701533445;129,2627849030203;1280,6351701533445
2024-08-01;28,3700008392334;3710,0;19,3700008392334;2540,0;5,656599998474121;930,7493286132812;1307,7193832399794;131,13060867066667;1307,7193832399794
2024-08-02;26,649999618530273;3540,0;18,139999389648438;2417,5;5,7505998611450195;931,7501220703125;1328,3302253927868;133,26902322717513;1328,3302253927868
2024-08-05;26,610000610351562;3525,0;18,059999465942383;2430,0;5,7266998291015625;924,2064819335938;1324,6899357938155;134,5514989954736;1324,6899357938155
2024-08-06;28,049999237060547;3660,0;18,450000762939453;2482,5;5,720900058746338;934,7374877929688;1304,8128697145532;134,55283996446232;1304,8128697145532
2024-08-07;28,670000076293945;3705,0;19,030000686645508;2535,0;5,6554999351501465;935,4865112304688;1292,291590561771;133,21071510937787;1292,291590561771
2024-08-08;32,77000045776367;4020,0;19,780000686645508;2602,5;5,635799884796143;935,7695922851562;1226,7317497237343;131,57229068030728;1226,7317497237343
2024-08-09;34,2400016784668;4150,0;20,579999923706055;2697,5;5,54610013961792;936,2501831054688;1212,0326508657547;131,07385860058997;1212,0326508657547
2024-08-12;34,2400016784668;4170,0;21,440000534057617;2747,5;5,50629997253418;936,7986450195312;1217,8737720747463;128,1483177034242;1217,8737720747463
2024-08-13;34,40999984741211;4185,0;21,59000015258789;2745,0;5,4918999671936035;938,7630615234375;1216,216221609412;127,14219456228072;1216,216221609412
2024-08-14;35,439998626708984;4315,0;21,600000381469727;2740,0;5,455699920654297;939,7365112304688;1217,5508372475065;126,85184961156757;1217,5508372475065
2024-08-15;35,4900016784668;4380,0;21,780000686645508;2785,0;5,468900203704834;940,2449951171875;1234,1504065516913;127,8696011110612;1234,1504065516913
2024-08-16;35,16999816894531;4390,0;21,670000076293945;2805,0;5,484899997711182;943,3582153320312;1248,2229822452243;129,44162390975487;1248,2229822452243
2024-08-19;34,63999938964844;4435,0;21,790000915527344;2810,0;5,47130012512207;938,0748291015625;1280,3118008498934;128,95823230542507;1280,3118008498934
2024-08-20;34,7599983215332;4500,0;21,639999389648438;2805,0;5,405600070953369;943,2407836914062;1294,591546977242;129,62107574465924;1294,591546977242
2024-08-21;33,869998931884766;4385,0;21,1200008392334;2735,0;5,478099822998047;943,7459716796875;1294,6560786194827;129,49810091481385;1294,6560786194827
2024-08-22;33,119998931884766;4275,0;20,68000030517578;2685,0;5,482500076293945;943,9993286132812;1290,760911192071;129,83558802598273;1290,760911192071
2024-08-23;34,68000030517578;4460,0;21,06999969482422;2725,0;5,59089994430542;945,2534790039062;1286,0438179795435;129,33080396149165;1286,0438179795435
2024-08-26;33,790000915527344;4370,0;21,31999969482422;2757,5;5,485400199890137;939,4436645507812;1293,282001064367;129,33865100708368;1293,282001064367
2024-08-27;34,939998626708984;4525,0;21,59000015258789;2812,5;5,495699882507324;949,4832153320312;1295,077326231198;130,26864196954992;1295,077326231198
2024-08-28;35,189998626708984;4545,0;21,729999542236328;2822,5;5,507900238037109;948,74169921875;1291,5601527049716;129,88955634876763;1291,5601527049716
2024-08-29;37,68000030517578;4855,0;22,440000534057617;2897,5;5,56220006942749;948,483154296875;1288,4819428552685;129,12210031378604;1288,4819428552685
2024-08-30;39,16999816894531;5060,0;23,700000762939453;3062,5;5,627699851989746;950,2416381835938;1291,8050131571515;129,219405122929;1291,8050131571515
2024-09-02;;5130,0;;3177,5;5,6092000007629395;953,2374267578125;;;
2024-09-03;40,290000915527344;5260,0;23,25;3042,5;5,615099906921387;952,7451171875;1305,5348425104778;130,86021505376345;1305,5348425104778
2024-09-04;42,2400016784668;5460,0;24,040000915527344;3117,5;5,647500038146973;953,4907836914062;1292,6135849997872;129,67969556051133;1292,6135849997872
2024-09-05;41,9900016784668;5350,0;23,920000076293945;3047,5;5,642000198364258;953,2537231445312;1274,1128330898764;127,4038457474857;1274,1128330898764
2024-09-06;41,08000183105469;5190,0;23,350000381469727;2955,0;5,567500114440918;953,7794189453125;1263,3884539110675;126,55246045927484;1263,3884539110675
2024-09-09;42,290000915527344;5250,0;23,270000457763672;2907,5;5,59660005569458;955,4653930664062;1241,4282067495515;124,94628030958883;1241,4282067495515
2024-09-10;41,54999923706055;5170,0;22,719999313354492;2855,0;5,5843000411987305;957,754638671875;1244,284018034016;125,66021506531787;1244,284018034016
2024-09-11;43,15999984741211;5380,0;22,81999969482422;2867,5;5,662899971008301;957,49072265625;1246,5245641845356;125,65731982241765;1246,5245641845356
2024-09-12;43,47999954223633;5450,0;23,110000610351562;2902,5;5,667399883270264;957,7371826171875;1253,4498752020197;125,59497721085718;1253,4498752020197
2024-09-13;45,060001373291016;5640,0;23,309999465942383;2920,0;5,625699996948242;959,9915771484375;1251,6644092565582;125,26812813815522;1251,6644092565582
2024-09-16;44,33000183105469;5520,0;23,8700008392334;2977,5;5,612370014190674;959,2454833984375;1245,2063550633673;124,73816067513907;1245,2063550633673
2024-09-17;45,13999938964844;5600,0;23,649999618530273;2942,5;5,503900051116943;960,4951171875;1240,5848639165465;124,41860665800981;1240,5848639165465
2024-09-18;46,130001068115234;5690,0;23,559999465942383;2907,5;5,4816999435424805;961,2363891601562;1233,470597930008;123,40832198247683;1233,470597930008
2024-09-19;47,099998474121094;5730,0;24,260000228881836;2955,0;5,460999965667725;962,2449951171875;1216,5605489665409;121,80543990605719;1216,5605489665409
2024-09-20;46,630001068115234;5700,0;23,649999618530273;2900,0;5,423900127410889;962,7493896484375;1222,388991943978;122,62156645989072;1222,388991943978
2024-09-23;45,630001068115234;5590,0;22,8799991607666;2825,0;5,513599872589111;962,63720703125;1225,0711963945384;123,47028424914275;1225,0711963945384
2024-09-24;44,36000061035156;5430,0;22,75;2795,0;5,536099910736084;965,2277221679688;1224,0757270713136;122,85714285714286;1224,0757270713136
2024-09-25;43,130001068115234;5310,0;22,350000381469727;2752,5;5,449699878692627;965,2578735351562;1231,161573961919;123,15436031410917;1231,161573961919
2024-09-26;43,209999084472656;5300,0;22,059999465942383;2720,0;5,473800182342529;968,4951171875;1226,567950079993;123,3000936468429;1226,567950079993
2024-09-27;43,779998779296875;5360,0;21,68000030517578;2675,0;5,436699867248535;967,2286987304688;1224,3033689929407;123,38560711926665;1224,3033689929407
2024-09-30;42,09000015258789;5230,0;21,209999084472656;2640,0;5,433199882507324;965,6124877929688;1242,5754290899986;124,46959518884101;1242,5754290899986
2024-10-01;42,40999984741211;5280,0;21,670000076293945;2705,0;5,448500156402588;968,763427734375;1244,989393774353;124,82694926056574;1244,989393774353
2024-10-02;41,939998626708984;5190,0;21,690000534057617;2690,0;5,423999786376953;969,5872802734375;1237,4821578307851;124,02028279234777;1237,4821578307851
2024-10-03;43,40999984741211;5340,0;22,360000610351562;2760,0;5,440299987792969;970,24072265625;1230,1313104746175;123,43470146070828;1230,1313104746175
2024-10-04;43,4900016784668;5330,0;22,239999771118164;2735,0;5,47629976272583;971,7459716796875;1225,5690490439881;122,97661997064364;1225,5690490439881
2024-10-07;42,52000045776367;5190,0;21,979999542236328;2680,0;5,4542999267578125;976,6614990234375;1220,6020564734883;121,9290289269645;1220,6020564734883
2024-10-08;44,18000030517578;5330,0;22,100000381469727;2680,0;5,494200229644775;974,8248901367188;1206,428239742583;121,26696623259383;1206,428239742583
2024-10-09;46,58000183105469;5540,0;23,59000015258789;2830,0;5,5346999168396;974,2493896484375;1189,351606316706;119,96608654915761;1189,351606316706
2024-10-10;47,939998626708984;5660,0;24,25;2860,0;5,596099853515625;974,736083984375;1180,6425035745879;117,9381443298969;1180,6425035745879
2024-10-11;49,77000045776367;;24,8799991607666;;5,581699848175049;974,7271728515625;;;
2024-10-14;49,439998626708984;5840,0;25,25;2982,5;5,610599994659424;975,8427124023438;1181,2298062737111;118,11881188118812;1181,2298062737111
2024-10-15;49,650001525878906;5860,0;25,739999771118164;3037,5;5,594699859619141;979,982421875;1180,2617965571685;118,00699405631924;1180,2617965571685
2024-10-16;48,84000015258789;5790,0;24,8799991607666;2962,5;5,6519999504089355;979,4823608398438;1185,5036817998873;119,07154742479177;1185,5036817998873
2024-10-17;48,81999969482422;5810,0;25,020000457763672;3005,0;5,668000221252441;980,1729125976562;1190,08603775472;120,10391466909637;1190,08603775472
2024-10-18;50,619998931884766;6040,0;25,0;2995,0;5,651800155639648;980,7315063476562;1193,2042922655014;119,8;1193,2042922655014
2024-10-21;50,630001068115234;6050,0;24,8700008392334;2977,5;5,635900020599365;978,6605224609375;1194,9436840541664;119,72255325793465;1194,9436840541664
2024-10-22;50,540000915527344;6040,0;24,81999969482422;2965,0;5,6880998611450195;983,240478515625;1195,0929739980156;119,4601142810771;1195,0929739980156
2024-10-23;49,77000045776367;5900,0;24,299999237060547;2880,0;5,689300060272217;983,745849609375;1185,4530732839592;118,51852223960726;1185,4530732839592
2024-10-24;52,93000030517578;6230,0;25,110000610351562;2977,5;5,686500072479248;984,2927856445312;1177,0262543132458;118,57825279273509;1177,0262543132458
2024-10-25;53,88999938964844;6290,0;25,649999618530273;2995,0;5,664000034332275;985,2412719726562;1167,1924422415611;116,76413429013577;1167,1924422415611
2024-10-28;54,11000061035156;6250,0;25,510000228881836;2960,0;5,685812950134277;987,740234375;1155,054505544459;116,03292722235086;1155,054505544459
2024-10-29;53,529998779296875;6150,0;24,84000015258789;2870,0;5,71019983291626;987,4813842773438;1148,8884999523964;115,53945178623505;1148,8884999523964
2024-10-30;52,2599983215332;6040,0;24,549999237060547;2845,0;5,760000228881836;987,8043823242188;1155,7597003426001;115,88595064822663;1155,7597003426001
2024-10-31;52,720001220703125;6100,0;24,510000228881836;2835,0;5,76230001449585;988,7359008789062;1157,056118884256;115,66707358326838;1157,056118884256
2024-11-01;51,93000030517578;6090,0;25,3700008392334;2977,5;5,789400100708008;990,2495727539062;1172,732517660513;117,36302331513721;1172,732517660513
2024-11-04;51,75;6160,0;26,59000015258789;3147,5;5,677525997161865;989,6345825195312;1190,3381642512077;118,37156757946342;1190,3381642512077
2024-11-05;51,790000915527344;6060,0;27,489999771118164;3232,5;5,790599822998047;992,7360229492188;1170,1100391722778;117,58821487500205;1170,1100391722778
2024-11-06;54,939998626708984;6410,0;28,25;3282,5;5,739799976348877;992,794921875;1166,7273680789262;116,19469026548673;1166,7273680789262
2024-11-07;54,7599983215332;6420,0;29,31999969482422;3397,5;5,674799919128418;992,7404174804688;1172,3886407563077;115,87653599463549;1172,3886407563077
2024-11-08;53,81999969482422;6250,0;29,239999771118164;3367,5;5,690999984741211;993,76708984375;1161,2783417761802;115,16757956086755;1161,2783417761802
2024-11-11;53,810001373291016;6300,0;29,84000015258789;3467,5;5,736400127410889;1000,0746459960938;1170,786069358298;116,20308251571102;1170,786069358298
2024-11-12;54,75;6360,0;29,790000915527344;3485,0;5,75540018081665;998,5090942382812;1161,6438356164383;116,985562030766;1161,6438356164383
2024-11-13;55,029998779296875;6350,0;30,90999984741211;3555,0;5,748199939727783;997,6605224609375;1153,91607138995;115,01132376413248;1153,91607138995
2024-11-14;54,709999084472656;6340,0;32,2599983215332;3697,5;5,8059000968933105;998,2362670898438;1158,837526246526;114,6156290259928;1158,837526246526
2024-11-15;56,290000915527344;6340,0;32,38999938964844;3652,5;5,788300037384033;1003,2369995117188;1126,3101611091179;112,76628801565545;1126,3101611091179
2024-11-18;59,15999984741211;;34,939998626708984;;5,794600009918213;998,3346557617188;;;
2024-11-19;57,029998779296875;6310,0;35,54999923706055;3935,0;5,746399879455566;998,2672729492188;1106,4352332216192;110,68917255834421;1106,4352332216192
2024-11-20;57,65999984741211;6320,0;37,16999816894531;4087,5;5,7718000411987305;1001,7646484375;1096,0804746314361;109,9677213171082;1096,0804746314361
2024-11-21;55,93000030517578;6270,0;37,470001220703125;4167,5;5,770699977874756;1002,7402954101562;1121,0441562289375;111,2223075588626;1121,0441562289375
2024-11-22;55,47999954223633;6170,0;40,029998779296875;4502,5;5,8140997886657715;1004,0340576171875;1112,1124821392339;112,47814482394261;1112,1124821392339
2024-11-25;55,5099983215332;6200,0;39,2599983215332;4370,0;5,799300193786621;997,8641967773438;1116,9159047866378;111,30922533950175;1116,9159047866378
2024-11-26;56,72999954223633;6350,0;40,029998779296875;4470,0;5,7972002029418945;1006,4901733398438;1119,3372203841338;111,6662537174955;1119,3372203841338
2024-11-27;56,11000061035156;6170,0;39,709999084472656;4385,0;5,809599876403809;1007,236083984375;1099,625723201599;110,42558804073647;1099,625723201599
2024-11-28;;6200,0;;4467,5;5,937399864196777;1008,0093994140625;;;
2024-11-29;56,439998626708984;6290,0;40,29999923706055;4517,5;6,013899803161621;1009,4758911132812;1114,4578584421504;112,09677631570851;1114,4578584421504
2024-12-02;59,22999954223633;6570,0;40,220001220703125;4470,0;5,973199844360352;1011,33203125;1109,2351934453416;111,13873357365989;1109,2351934453416
2024-12-03;58,11000061035156;6510,0;40,150001525878906;4442,5;6,05679988861084;1011,4805297851562;1120,289095099463;110,64756740137511;1120,289095099463
2024-12-04;56,119998931884766;6230,0;38,380001068115234;4247,5;6,043099880218506;1011,7119750976562;1110,1211900523406;110,66961651360334;1110,1211900523406
2024-12-05;58,22999954223633;6340,0;38,459999084472656;4195,0;6,03879976272583;1012,1968994140625;1088,7858577778914;109,07436557099751;1088,7858577778914
2024-12-06;58,91999816894531;6320,0;38,869998931884766;4215,0;6,010300159454346;1012,2258911132812;1072,6409023093033;108,4383873379134;1072,6409023093033
2024-12-09;58,279998779296875;6310,0;40,5099983215332;4352,5;6,0883002281188965;1014,3109130859375;1082,7042093627388;107,44261121547409;1082,7042093627388
2024-12-10;57,95000076293945;6190,0;40,650001525878906;4377,5;6,076600074768066;1015,7498779296875;1068,1621947378244;107,68757283350072;1068,1621947378244
2024-12-11;61,77000045776367;6530,0;43,119998931884766;4610,0;6,045300006866455;1016,2216186523438;1057,147474762446;106,9109488449261;1057,147474762446
2024-12-12;61,58000183105469;6610,0;43,959999084472656;4735,0;5,952700138092041;1016,9618530273438;1073,4004227759845;107,71155820320466;1073,4004227759845
2024-12-13;62,31999969482422;6760,0;44,560001373291016;4852,5;5,996099948883057;1018,2546997070312;1084,7240104465902;108,8981115451347;1084,7240104465902
2024-12-16;67,76000213623047;7590,0;44,58000183105469;4977,5;6,040900230407715;1016,1852416992188;1120,1298348161824;111,65320313048181;1120,1298348161824
2024-12-17;68,72000122070312;7900,0;44,880001068115234;5120,0;6,147299766540527;1021,2457275390625;1149,592529055425;114,08199371985928;1149,592529055425
2024-12-18;63,33000183105469;7600,0;41,689998626708984;5025,0;6,1031999588012695;1020,31591796875;1200,0631265216925;120,53250576939811;1200,0631265216925
2024-12-19;61,29999923706055;7240,0;41,41999816894531;4785,0;6,288899898529053;1022,260498046875;1181,0766868040782;115,52390660382885;1181,0766868040782
2024-12-20;63,59000015258789;7410,0;42,02000045776367;4940,0;6,151599884033203;1021,9852294921875;1165,277556568529;117,56306392631842;1165,277556568529
2024-12-23;63,11000061035156;7410,0;42,439998626708984;4982,5;6,084199905395508;1017,8800659179688;1174,140378440209;117,40104055668695;1174,140378440209
2024-12-24;64,87000274658203;7600,0;42,790000915527344;5040,0;6,193900108337402;1025,7352294921875;1171,57386746071;117,78452657548598;1171,57386746071
2024-12-25;;;;;6,175600051879883;1025,154296875;;;
2024-12-26;64,72000122070312;7710,0;43,060001373291016;5095,0;6,182799816131592;1025,4500732421875;1191,2855152316756;118,32326608239019;1191,2855152316756
2024-12-27;64,30000305175781;7610,0;42,63999938964844;5045,0;6,148499965667725;1023,3339233398438;1183,5147183234792;118,31613677801217;1183,5147183234792
2024-12-30;62,81999969482422;7450,0;42,369998931884766;5030,0;6,193699836730957;1029,8970947265625;1185,928054153399;118,71607568568443;1185,928054153399
2024-12-31;62,31999969482422;;42,5099983215332;;6,1778998374938965;1030,975341796875;;;
2025-01-02;68,80000305175781;8070,0;44,599998474121094;5240,0;6,300000190734863;1030,781005859375;1172,965064249923;117,4887932572572;1172,965064249923
2025-01-03;70,12000274658203;8230,0;44,060001373291016;5250,0;6,151000022888184;1031,549072265625;1173,7021787839517;119,15569306319921;1173,7021787839517
2025-01-06;71,11000061035156;8510,0;45,0099983215332;5385,0;6,180699825286865;1032,4954833984375;1196,7374387508007;119,6400844437216;1196,7374387508007
2025-01-07;72,22000122070312;8600,0;46,029998779296875;5535,0;6,115499973297119;1034,735107421875;1190,805850822204;120,24766775552257;1190,805850822204
2025-01-08;71,0;8480,0;45,31999969482422;5430,0;6,100900173187256;1035,2401123046875;1194,3661971830986;119,81465217485724;1194,3661971830986
2025-01-09;;8640,0;;5510,0;6,105800151824951;1035,739990234375;;;
2025-01-10;72,05999755859375;8630,0;45,849998474121094;5490,0;6,034599781036377;1036,7601318359375;1197,6131407696394;119,73828097505162;1197,6131407696394
2025-01-13;68,05999755859375;8110,0;44,5099983215332;5345,0;6,105899810791016;1036,9075927734375;1191,595693640452;120,08537860164729;1191,595693640452
2025-01-14;70,43000030517578;8430,0;45,0;5395,0;6,093400001525879;1039,5152587890625;1196,9331199023854;119,88888888888889;1196,9331199023854
2025-01-15;71,62999725341797;8480,0;45,0;5350,0;6,054800033569336;1040,1195068359375;1183,8615559342857;118,88888888888889;1183,8615559342857
2025-01-16;69,9000015258789;8370,0;43,81999969482422;5215,0;6,012199878692627;1040,73486328125;1197,4248665647303;119,00958549335562;1197,4248665647303
2025-01-17;67,06999969482422;7840,0;42,709999084472656;5050,0;6,049900054931641;1041,2449951171875;1168,9279910053453;118,23929075746439;1168,9279910053453
2025-01-20;;7972,06640625;;5095,0;6,066163063049316;1044,084716796875;;;
2025-01-21;70,16000366210938;8221,193359375;43,349998474121094;5155,0;6,029799938201904;1045,739990234375;1171,7777836740536;118,91580580048719;1171,7777836740536
2025-01-22;70,86000061035156;8480,2861328125;43,02000045776367;5180,0;6,020500183105469;1046,2457275390625;1196,766308180593;120,40911075967186;1196,766308180593
2025-01-23;68,9000015258789;8320,8447265625;41,959999084472656;5005,0;5,940299987792969;1047,2449951171875;1207,6697448892194;119,28026952345921;1207,6697448892194
2025-01-24;68,2300033569336;8211,228515625;40,959999084472656;4810,0;5,923999786376953;1046,9949951171875;1203,463009179314;117,43164324980177;1203,463009179314
2025-01-27;64,7699966430664;7610,0;39,619998931884766;4597,5;5,90910005569458;1048,8140869140625;1174,926724473537;116,0398819773843;1174,926724473537
2025-01-28;65,9000015258789;7770,0;38,86000061035156;4565,0;5,892600059509277;1049,739990234375;1179,0591532761534;117,47297808286629;1179,0591532761534
2025-01-29;68,37999725341797;8090,0;40,0;4745,0;5,856100082397461;1050,2449951171875;1183,094519588566;118,625;1183,094519588566
2025-01-30;69,30000305175781;8210,0;40,47999954223633;4777,5;5,8566999435424805;1051,2449951171875;1184,7041325334762;118,02124639391894;1184,7041325334762
2025-01-31;67,4800033569336;8080,0;39,470001220703125;4717,5;5,874499797821045;1051,239990234375;1197,3917602317038;119,52115161135437;1197,3917602317038
2025-02-03;65,18000030517578;7760,0;38,47999954223633;4620,0;5,84060001373291;1064,481689453125;1190,5492426614483;120,06237149064948;1190,5492426614483
2025-02-04;65,41999816894531;7880,0;39,31999969482422;4707,5;5,80620002746582;1053,37060546875;1204,5246439246484;119,72278831476336;1204,5246439246484
2025-02-05;63,70000076293945;7740,0;38,560001373291016;4660,0;5,7571001052856445;1053,6156005859375;1215,0706290890844;120,85061810261753;1215,0706290890844
2025-02-06;66,6500015258789;7900,0;39,33000183105469;4667,5;5,8028998374938965;1053,864990234375;1185,296296944957;118,67530594200419;1185,296296944957
2025-02-07;63,59000015258789;7600,0;37,790000915527344;4542,5;5,760499954223633;1053,87060546875;1195,1564682754142;120,20375469569134;1195,1564682754142
2025-02-10;63,040000915527344;7500,0;38,0;4497,5;5,803199768066406;1060,9869384765625;1189,7207949044746;118,35526315789474;1189,7207949044746
2025-02-11;58,61000061035156;7000,0;36,099998474121094;4300,0;5,786900043487549;1055,9951171875;1194,3354252010836;119,1135784419085;1194,3354252010836
2025-02-12;58,09000015258789;6950,0;36,2599983215332;4322,5;5,764500141143799;1055,3253173828125;1196,4193461428972;119,20849972662738;1196,4193461428972
2025-02-13;59,040000915527344;7090,0;37,13999938964844;4442,5;5,764400005340576;1056,35888671875;1200,8807401856511;119,61497234806637;1200,8807401856511
2025-02-14;58,79999923706055;7110,0;37,220001220703125;4505,0;5,766900062561035;1056,8804931640625;1209,1836891587404;121,03707287075946;1209,1836891587404
2025-02-17;;6650,0;;4300,0;5,701200008392334;1054,6903076171875;;;
2025-02-18;59,2400016784668;7260,0;37,15999984741211;4515,0;5,712100028991699;1059,380859375;1225,5232603477364;121,50161513831203;1225,5232603477364
2025-02-19;59,54999923706055;7310,0;37,11000061035156;4545,0;5,688600063323975;1058,10888671875;1227,5398981786502;122,47372474394963;1227,5398981786502
2025-02-20;61,04999923706055;7280,0;38,38999938964844;4690,0;5,720300197601318;1058,5946044921875;1192,4652073673833;122,16723299205422;1192,4652073673833
2025-02-21;58,91999816894531;7150,0;37,060001373291016;4530,0;5,701300144195557;1058,880126953125;1213,5098815682784;122,2342102573356;1213,5098815682784
2025-02-24;58,13999938964844;7070,0;36,380001068115234;4465,0;5,730999946594238;1058,2578125;1216,0302845236668;122,7322668748707;1216,0302845236668
2025-02-25;57,650001525878906;6990,0;35,41999816894531;4315,0;5,7778000831604;1060,1302490234375;1212,489126624257;121,82383464331178;1212,489126624257
2025-02-26;59,099998474121094;7140,0;35,68000030517578;4300,0;5,740300178527832;1060,625;1208,1218586031753;120,51569403647783;1208,1218586031753
2025-02-27;55,5;6820,0;34,45000076293945;4237,5;5,801700115203857;1061,1251220703125;1228,8288288288288;123,00435141234041;1228,8288288288288
2025-02-28;57,220001220703125;6930,0;35,04999923706055;4215,0;5,839000225067139;1061,9737548828125;1211,1149689197514;120,25677865188705;1211,1149689197514
2025-03-03;56,560001373291016;;34,290000915527344;;5,88040018081665;1060,554443359375;;;
2025-03-04;55,79999923706055;;33,5;;6,020500183105469;1063,7254638671875;;;
2025-03-05;58,349998474121094;7180,0;34,13999938964844;4260,0;5,885700225830078;1063,7449951171875;1230,5056020154677;124,78031857527424;1230,5056020154677
2025-03-06;56,81999969482422;7070,0;33,40999984741211;4172,5;5,740099906921387;1063,625;1244,2801897170746;124,88775872661957;1244,2801897170746
2025-03-07;57,630001068115234;7040,0;33,38999938964844;4085,0;5,763000011444092;1063,6060791015625;1221,5859568836618;122,34202080478119;1221,5859568836618
2025-03-10;54,11000061035156;6620,0;31,559999465942383;3867,5;5,782899856567383;1062,7041015625;1223,433732272691;122,54436202299588;1223,433732272691
2025-03-11;54,38999938964844;6690,0;31,889999389648438;3915,0;5,85290002822876;1065,0704345703125;1230,005529522629;122,7657596403347;1230,005529522629
2025-03-12;57,779998779296875;7110,0;33,88999938964844;4177,5;5,808599948883057;1065,5467529296875;1230,5296210126576;123,2664525003208;1230,5296210126576
2025-03-13;57,13999938964844;7070,0;33,709999084472656;4167,5;5,797800064086914;1065,8651123046875;1237,3118788098573;123,62800691737824;1237,3118788098573
2025-03-14;59,41999816894531;7380,0;35,779998779296875;4430,0;5,798500061035156;1066,3701171875;1242,0060968391297;123,81218980262513;1242,0060968391297
2025-03-17;58,29999923706055;7320,0;36,18000030517578;4545,0;5,740600109100342;1067,7911376953125;1255,5746304961822;125,62188948765179;1255,5746304961822
2025-03-18;54,810001373291016;7120,0;33,790000915527344;4355,0;5,678069114685059;1067,6199951171875;1299,0329906230554;128,8842817994352;1299,0329906230554
2025-03-19;57,720001220703125;7470,0;35,47999954223633;4575,0;5,672100067138672;1068,1346435546875;1294,1787668085922;128,9458866692994;1294,1787668085922
2025-03-20;56,36000061035156;7270,0;35,529998779296875;4587,5;5,648099899291992;1068,7623291015625;1289,9219164778947;129,1162442333972;1289,9219164778947
2025-03-21;58,560001373291016;7540,0;36,529998779296875;4717,5;5,673900127410889;1068,740966796875;1287,5682758161554;129,14043683663112;1287,5682758161554
2025-03-24;57,7400016784668;;36,16999816894531;;5,729599952697754;1066,4261474609375;;;
2025-03-25;58,95000076293945;7650,0;37,66999816894531;4882,5;5,760799884796143;1068,5450439453125;1297,7099068689722;129,61242997949157;1297,7099068689722
2025-03-26;57,779998779296875;7480,0;37,25;4830,0;5,698400020599365;1070,625;1294,5656209809674;129,66442953020135;1294,5656209809674
2025-03-27;56,41999816894531;7310,0;37,369998931884766;4842,5;5,733500003814697;1071,10009765625;1295,6398860756378;129,58255655362865;1295,6398860756378
2025-03-28;55,779998779296875;7310,0;36,0;4687,5;5,739299774169922;1071,620849609375;1310,5055862269319;130,20833333333334;1310,5055862269319
2025-03-31;54,470001220703125;7160,0;35,040000915527344;4615,0;5,7581000328063965;1066,0369873046875;1314,4850081770524;131,70661756332734;1314,4850081770524
2025-04-01;55,209999084472656;7250,0;35,5;4637,5;5,698400020599365;1073,1002197265625;1313,1679261409372;130,6338028169014;1313,1679261409372
2025-04-02;55,189998626708984;;35,5;;5,681300163269043;1072,8360595703125;;;
2025-04-03;53,619998931884766;7070,0;33,54999923706055;4425,0;5,663700103759766;1072,836181640625;1318,5378852732265;131,89270046575692;1318,5378852732265
2025-04-04;48,2400016784668;6440,0;30,0;4015,0;5,6305999755859375;1074,3709716796875;1334,9916616762193;133,83333333333334;1334,9916616762193
2025-04-07;45,310001373291016;6160,0;28,489999771118164;3860,0;5,840030193328857;1078,56982421875;1359,5232428377608;135,48613657459865;1359,5232428377608
2025-04-08;45,66999816894531;6240,0;27,15999984741211;3712,5;5,913599967956543;1075,08740234375;1366,3236807929359;136,689986040399;1366,3236807929359
2025-04-09;52,16999816894531;6980,0;29,59000015258789;3915,0;6,013299942016602;1075,711669921875;1337,9337253178037;132,30821155158395;1337,9337253178037
2025-04-10;48,91999816894531;6670,0;27,579999923706055;3772,5;5,8180999755859375;1076,2127685546875;1363,4505825133397;136,7839017561923;1363,4505825133397
2025-04-11;53,869998931884766;7220,0;30,030000686645508;4017,5;5,884300231933594;1076,39013671875;1340,263624123928;133,78288072389563;1340,263624123928
2025-04-14;61,43000030517578;7720,0;33,130001068115234;4240,0;5,864200115203857;1075,76513671875;1256,7149538740198;127,98067803507057;1256,7149538740198
2025-04-15;59,529998779296875;7410,0;31,84000015258789;4062,5;5,8541998863220215;1196,1458740234375;1244,7505714676786;127,59107979055108;1244,7505714676786
2025-04-16;60,040000915527344;7070,0;32,4900016784668;3882,5;5,8846001625061035;1198,2567138671875;1177,548283176588;119,4983009980323;1177,548283176588
2025-04-17;61,95000076293945;;33,08000183105469;;5,8653998374938965;1138,05615234375;;;
2025-04-21;60,47999954223633;6840,0;31,81999969482422;3622,5;;;1130,952389512383;113,8434957492859;1130,952389512383
2025-04-22;62,91999816894531;7280,0;33,0;3830,0;5,80709981918335;1124,0528564453125;1157,0248270593727;116,06060606060606;1157,0248270593727
2025-04-23;64,38999938964844;7580,0;32,650001525878906;3865,0;5,719900131225586;1103,0059814453125;1177,2014399519605;118,37671728549661;1177,2014399519605
2025-04-24;63,2400016784668;7580,0;32,2400016784668;3880,0;5,703400135040283;1163,4913330078125;1198,6084438357925;120,34738827546231;1198,6084438357925
2025-04-25;63,40999984741211;7610,0;32,0;3837,5;5,678699970245361;1174,2420654296875;1200,1261659537095;119,921875;1200,1261659537095
2025-04-28;62,2599983215332;7430,0;31,450000762939453;3762,5;5,684700012207031;1170,5020751953125;1193,382621314698;119,63433732038932;1193,382621314698
2025-04-29;61,47999954223633;7290,0;31,1299991607666;3702,5;5,652900218963623;1177,98583984375;1185,7514727194853;118,9367201996681;1185,7514727194853
2025-04-30;60,400001525878906;7190,0;29,799999237060547;3560,0;5,619999885559082;1165,001220703125;1190,397320920494;119,4630903068156;1190,397320920494
2025-05-01;58,689998626708984;;29,239999771118164;;5,672900199890137;1173,0775146484375;;;
2025-05-02;58,15999984741211;;29,09000015258789;;5,67710018157959;1176,068359375;;;
2025-05-05;57,349998474121094;6980,0;28,100000381469727;3432,5;5,666900157928467;1173,687744140625;1217,0880881801054;122,1530232527516;1217,0880881801054
2025-05-06;58,290000915527344;7100,0;30,18000030517578;3660,0;5,686299800872803;1202,0057373046875;1218,0476734404538;121,27236457888043;1218,0476734404538
2025-05-07;58,349998474121094;6800,0;30,270000457763672;3542,5;5,712800025939941;1194,98974609375;1165,3813500982146;117,03006099860885;1165,3813500982146
2025-05-08;58,43000030517578;6840,0;30,84000015258789;3565,0;5,74459981918335;1144,99609375;1170,6315187874654;115,59662718422031;1170,6315187874654
2025-05-09;58,810001373291016;6780,0;32,70000076293945;3777,5;5,661600112915039;1112,5009765625;1152,8651320656465;115,51987498059113;1152,8651320656465
2025-05-12;61,65999984741211;7290,0;35,529998779296875;4120,0;5,648200035095215;1129,2677001953125;1182,2899802206152;115,9583490444897;1182,2899802206152
2025-05-13;62,470001220703125;7310,0;35,90999984741211;4175,0;5,6697998046875;1130,500244140625;1170,1616547395552;116,26287991479553;1170,1616547395552
2025-05-14;62,709999084472656;7240,0;36,2400016784668;4190,0;5,60046911239624;1124,989990234375;1154,5208269334298;115,61809619036602;1154,5208269334298
2025-05-15;61,790000915527344;7180,0;35,77000045776367;4177,5;5,636499881744385;1131,4898681640625;1162,0003064598955;116,78780952023438;1162,0003064598955
2025-05-16;62,02000045776367;7300,0;35,880001068115234;4212,5;5,681300163269043;1138,0001220703125;1177,039655936698;117,4052361928004;1177,039655936698
2025-05-19;63,70000076293945;7400,0;36,90999984741211;4300,0;5,6586737632751465;1139,352783203125;1161,695433496024;116,4995940876843;1161,695433496024
2025-05-20;63,619998931884766;7410,0;36,5;4280,0;5,644499778747559;1138,424072265625;1164,7280924876425;117,26027397260275;1164,7280924876425
2025-05-21;61,88999938964844;7240,0;35,93000030517578;4192,5;5,667300224304199;1142,989990234375;1169,8174295362724;116,68522027248808;1169,8174295362724
2025-05-22;62,33000183105469;7200,0;36,119998931884766;4200,0;5,644700050354004;1147,496826171875;1155,14195226812;116,27907320596482;1155,14195226812
2025-05-23;62,86000061035156;7330,0;36,52000045776367;4255,0;5,71619987487793;1136,2298583984375;1166,0833485249634;116,51149908721983;1166,0833485249634
2025-05-26;;7330,0;;4315,0;5,645199775695801;1133,8521728515625;;;
2025-05-27;61,36000061035156;7220,0;36,56999969482422;4310,0;5,666600227355957;1143,489990234375;1176,6623090257874;117,85616724000131;1176,6623090257874
2025-05-28;60,59000015258789;7130,0;36,959999084472656;4360,0;5,637400150299072;1156,49609375;1176,7618389245815;117,96537088746003;1176,7618389245815
2025-05-29;58,16999816894531;6960,0;36,2599983215332;4350,0;5,688700199127197;1160,25537109375;1196,4930753110582;119,96691123443125;1196,4930753110582
2025-05-30;58,04999923706055;6960,0;35,380001068115234;4270,0;5,66510009765625;1183,9898681640625;1198,9664240265079;120,68965152881698;1198,9664240265079
2025-06-02;56,63999938964844;6780,0;34,619998931884766;4145,0;5,720799922943115;1181,4444580078125;1197,0339112042993;119,72848434095373;1197,0339112042993
2025-06-03;56,599998474121094;6800,0;35,31999969482422;4235,0;5,672399997711182;1180,750244140625;1201,4134599507324;119,90373829534873;1201,4134599507324
2025-06-04;53,869998931884766;6480,0;33,61000061035156;4052,5;5,637800216674805;1184,2451171875;1202,8958842552704;120,57423166936415;1202,8958842552704
2025-06-05;54,380001068115234;6510,0;33,880001068115234;4060,0;5,6321001052856445;1185,27099609375;1197,131274757739;119,8347069658419;1197,131274757739
2025-06-06;55,31999969482422;6630,0;34,27000045776367;4117,5;5,58459997177124;1187,500244140625;1198,4815684336145;120,14881660345014;1198,4815684336145
2025-06-09;54,02000045776367;6490,0;33,709999084472656;4055,0;5,562699794769287;1188,978271484375;1201,4068761577116;120,29071818835484;1201,4068761577116
2025-06-10;57,33000183105469;6840,0;36,290000915527344;4325,0;5,557000160217285;1185,2657470703125;1193,0925835580365;119,17883413856485;1193,0925835580365
2025-06-11;56,20000076293945;6690,0;35,91999816894531;4302,5;5,5721001625061035;1187,7607421875;1190,3914429146514;119,78007292104299;1190,3914429146514
2025-06-12;56,13999938964844;6690,0;36,209999084472656;4302,5;5,535799980163574;1182,011474609375;1191,6637108538264;118,8207707479609;1191,6637108538264
2025-06-13;54,66999816894531;6530,0;36,290000915527344;4325,0;5,537300109863281;1184,500244140625;1194,4394034586403;119,17883413856485;1194,4394034586403
2025-06-16;54,5;;35,47999954223633;;5,538899898529053;1179,307373046875;;;
2025-06-17;54,349998474121094;6420,0;35,43000030517578;4192,5;5,490799903869629;1182,2449951171875;1181,2327838531405;118,33192108066507;1181,2327838531405
2025-06-18;54,150001525878906;6340,0;35,279998779296875;4147,5;5,493000030517578;1162,515380859375;1170,8217583281214;117,55952787713387;1170,8217583281214
2025-06-19;;6370,0;;4157,5;5,485199928283691;1142,25;;;
2025-06-20;52,0;;34,68000030517578;;5,489999771118164;1164,4898681640625;;;
2025-06-23;50,369998931884766;6010,0;33,790000915527344;4025,0;5,518400192260742;1166,8619384765625;1193,1705633203028;119,11807904540224;1193,1705633203028
2025-06-24;52,68000030517578;6290,0;34,349998474121094;4100,0;5,493800163269043;1171,400146484375;1194,0015116860222;119,35953950882688;1194,0015116860222
2025-06-25;51,66999816894531;6220,0;33,060001373291016;3977,5;5,510300159454346;1174,0062255859375;1203,7933463172335;120,31154975127737;1203,7933463172335
2025-06-26;51,95000076293945;6240,0;33,380001068115234;4020,0;5,5578999519348145;1189,989990234375;1201,1549390489222;120,43139219189321;1201,1549390489222
2025-06-27;51,66999816894531;6210,0;33,33000183105469;4010,0;5,477099895477295;1188,5001220703125;1201,857987239553;120,31202459352245;1201,857987239553
2025-06-30;50,38999938964844;6080,0;31,450000762939453;3807,5;5,478400230407715;1187,233154296875;1206,5886234658315;121,06517989299198;1206,5886234658315
2025-07-01;49,9900016784668;6190,0;31,450000762939453;3895,0;5,430200099945068;1204,474609375;1238,247607954441;123,84737378416382;1238,247607954441
2025-07-02;50,380001068115234;6230,0;32,040000915527344;3962,5;5,458799839019775;1220,9951171875;1236,6017999040646;123,67352954973477;1236,6017999040646
2025-07-03;51,0099983215332;6260,0;32,279998779296875;3997,5;5,426400184631348;1229,0992431640625;1227,2103912925288;123,83829464590437;1227,2103912925288
2025-07-04;;6250,0;;3997,5;5,409299850463867;1231,5107421875;;;
2025-07-07;48,349998474121094;6170,0;30,899999618530273;3947,5;5,419400215148926;1231,162841796875;1276,1117258984893;127,75081063861057;1276,1117258984893
2025-07-08;50,689998626708984;6370,0;33,04999923706055;4167,5;5,48769998550415;1261,97900390625;1256,658152017308;126,09682590633112;1256,658152017308
2025-07-09;49,97999954223633;;31,90999984741211;;5,446100234985352;1254,4908447265625;;;
2025-07-10;48,709999084472656;6190,0;31,799999237060547;4047,5;5,5817999839782715;1252,5504150390625;1270,786310068561;127,27987726751068;1270,786310068561
2025-07-11;47,099998474121094;6000,0;30,969999313354492;3945,0;5,531099796295166;1255,73974609375;1273,885391588001;127,38133960173796;1273,885391588001
2025-07-14;46,790000915527344;6080,0;31,079999923706055;4035,0;5,571899890899658;1256,93017578125;1299,42292819711;129,82625514494714;1299,42292819711
2025-07-15;47,459999084472656;6080,0;31,610000610351562;4047,5;5,586999893188477;1279,02685546875;1281,078827915354;128,04492002048664;1281,078827915354
2025-07-16;46,380001068115234;5920,0;30,809999465942383;3930,0;5,5510029792785645;1260,0233154296875;1276,4122172627137;127,55599052652542;1276,4122172627137
2025-07-17;47,709999084472656;6120,0;30,90999984741211;3970,0;5,5665998458862305;1261,4951171875;1282,749972215315;128,43739953406637;1282,749972215315
2025-07-18;47,220001220703125;6100,0;30,729999542236328;3992,5;5,546599864959717;1273,8875732421875;1291,8254642749814;129,92190235839658;1291,8254642749814
2025-07-21;47,08000183105469;6040,0;30,59000015258789;3940,0;5,578100204467773;1274,7052001953125;1282,9226348958898;128,800260880897;1282,9226348958898
2025-07-22;47,810001373291016;6030,0;30,530000686645508;3852,5;5,565499782562256;1273,9896240234375;1261,2423816763683;126,18735386026925;1261,2423816763683
2025-07-23;49,25;6230,0;32,290000915527344;4097,5;5,563899993896484;1255,50146484375;1264,9746192893401;126,89686849868217;1264,9746192893401
2025-07-24;51,060001373291016;6500,0;32,400001525878906;4142,5;5,51639986038208;1258,4041748046875;1273,0121083388935;127,85493225027332;1273,0121083388935
2025-07-25;51,77000045776367;6640,0;33,15999984741211;4285,0;5,519999980926514;1272,9962158203125;1282,5960867852832;129,22195475626373;1282,5960867852832
2025-07-28;51,0;6620,0;33,22999954223633;4317,5;5,565199851989746;1269,8056640625;1298,0392156862745;129,92777789576337;1298,0392156862745
2025-07-29;52,75;6830,0;34,810001373291016;4500,0;5,5868000984191895;1293,8455810546875;1294,7867298578199;129,27319225711827;1294,7867298578199
2025-07-30;52,040000915527344;6850,0;33,88999938964844;4482,5;5,573200225830078;1291,5062255859375;1316,2951344138319;132,26615759011082;1316,2951344138319
2025-07-31;50,470001220703125;6870,0;33,540000915527344;4557,5;5,575399875640869;1320,0069580078125;1361,204643122117;135,8825246152604;1361,204643122117
2025-08-01;48,90999984741211;6690,0;33,11000061035156;4517,5;5,598800182342529;1371,4771728515625;1367,8184463036707;136,43913973796913;1367,8184463036707
2025-08-04;49,29999923706055;6690,0;33,47999954223633;4557,5;5,537899971008301;1350,8834228515625;1356,9979926025824;136,12604726145636;1356,9979926025824
2025-08-05;50,95000076293945;6860,0;35,099998474121094;4712,5;5,496099948883057;1357,4715576171875;1346,41803675691;134,2592650958228;1346,41803675691
2025-08-06;53,130001068115234;7070,0;36,20000076293945;4835,0;5,502999782562256;1339,2392578125;1330,698260467926;133,56353309666054;1330,698260467926
2025-08-07;51,599998474121094;6840,0;35,77000045776367;4755,0;5,458899974822998;1331,55224609375;1325,581434547999;132,932623403642;1325,581434547999
2025-08-08;51,02000045776367;6780,0;34,290000915527344;4572,5;5,414299964904785;1326,171142578125;1328,8906192019238;133,3479112836495;1328,8906192019238
2025-08-11;51,31999969482422;6780,0;34,29999923706055;4550,0;5,432300090789795;1324,82177734375;1321,1223773026998;132,6530641751095;1321,1223773026998
2025-08-12;52,20000076293945;6870,0;33,95000076293945;4510,0;5,442299842834473;1321,233642578125;1316,0919347873858;132,84241233134853;1316,0919347873858
2025-08-13;52,13999938964844;6830,0;33,75;4480,0;5,401199817657471;1316,750732421875;1309,934806281564;132,74074074074073;1309,934806281564
2025-08-14;49,439998626708984;6450,0;32,689998626708984;4292,5;5,391200065612793;1313,72265625;1304,6116867235337;131,30927440580749;1304,6116867235337
2025-08-15;48,2599983215332;;32,970001220703125;;5,40910005569458;1298,489501953125;;;
2025-08-18;49,22999954223633;6380,0;33,7400016784668;4397,5;5,400400161743164;1296,1851806640625;1295,9577613902577;130,3349075648247;1295,9577613902577
2025-08-19;46,720001220703125;6070,0;31,969999313354492;4177,5;5,435699939727783;1292,7174072265625;1299,2294181084458;130,6693803479369;1299,2294181084458
2025-08-20;46,27000045776367;6040,0;31,40999984741211;4112,5;5,497600078582764;1291,49072265625;1305,3814437528376;130,92964087800948;1305,3814437528376
2025-08-21;46,11000061035156;6090,0;31,670000076293945;4175,0;5,469161033630371;1300,5174560546875;1320,7546994984884;131,828228289937;1320,7546994984884
2025-08-22;45,27000045776367;6040,0;31,75;4250,0;5,464799880981445;1314,4949951171875;1334,2169072066263;133,85826771653544;1334,2169072066263
2025-08-25;42,0;5750,0;30,100000381469727;4102,5;5,421299934387207;1301,7095947265625;1369,047619047619;136,2956793357915;1369,047619047619
2025-08-26;41,54999923706055;5650,0;30,709999084472656;4182,5;5,4096999168396;1358,9892578125;1359,8074858592245;136,19342639820275;1359,8074858592245
2025-08-27;39,81999969482422;5420,0;30,31999969482422;4120,0;5,43120002746582;1356,06494140625;1361,1250732140234;135,88390638088646;1361,1250732140234
2025-08-28;39,790000915527344;5370,0;30,84000015258789;4157,5;5,417699813842773;1351,012451171875;1349,5852918928817;134,80868934597362;1349,5852918928817
2025-08-29;39,279998779296875;5300,0;30,469999313354492;4130,0;5,413000106811523;1333,989501953125;1349,2872109745192;135,5431602582902;1349,2872109745192
2025-09-01;;5200,0;;4045,0;5,432400226593018;1331,4405517578125;;;
2025-09-02;39,47999954223633;5420,0;30,3799991607666;4155,0;5,438399791717529;1376,7344970703125;1372,8470270628038;136,76761404805626;1372,8470270628038
2025-09-03;38,439998626708984;5290,0;29,549999237060547;4065,0;5,4670000076293945;1359,4951171875;1376,1707047316042;137,56345532834476;1376,1707047316042
2025-09-04;39,9900016784668;5540,0;30,81999969482422;4252,5;5,4481000900268555;1361,263671875;1385,3462784381663;137,97858670044525;1385,3462784381663
2025-09-05;40,099998474121094;5560,0;30,829999923706055;4287,5;5,443999767303467;1362,4949951171875;1386,533718595575;139,06908889426305;1386,533718595575
2025-09-08;30,649999618530273;4440,0;26,100000381469727;3786,0;5,412199974060059;1364,958740234375;1448,6133948646707;145,0574691442516;1448,6133948646707
2025-09-09;30,1200008392334;4325,0;26,829999923706055;3860,0;5,420300006866455;1423,000244140625;1435,9229347584833;143,8688039871904;1435,9229347584833
2025-09-10;32,06999969482422;4615,0;28,639999389648438;4112,0;5,433599948883057;1415,989013671875;1439,039614566886;143,5754220541719;1439,039614566886
2025-09-11;31,270000457763672;4522,5;28,200000762939453;4088,0;5,4019999504089355;1423,94140625;1446,2743632218783;144,96453508513605;1446,2743632218783
2025-09-12;29,950000762939453;4410,0;27,079999923706055;4020,0;5,388199806213379;1432,751220703125;1472,4540526412925;148,4490403000651;1472,4540526412925
2025-09-15;29,18000030517578;4305,0;26,690000534057617;4004,0;5,35099983215332;1451,1441650390625;1475,3255500262637;150,0187306062703;1475,3255500262637
2025-09-16;30,25;4440,0;27,709999084472656;4098,0;5,315199851989746;1465,989990234375;1467,7685950413222;147,88885367723887;1467,7685950413222
2025-09-17;29,559999465942383;4407,5;27,239999771118164;4084,0;5,29580020904541;1469,5074462890625;1491,035209617683;149,92657982068542;1491,035209617683
2025-09-18;27,299999237060547;4195,0;24,40999984741211;3806,0;5,310100078582764;1473,739990234375;1536,6300795734694;155,91970601357883;1536,6300795734694
2025-09-19;26,450000762939453;4087,5;23,8700008392334;3708,0;5,304299831390381;1474,0198974609375;1545,3685754622813;155,341427299216;1545,3685754622813
2025-09-22;32,029998779296875;4607,5;26,920000076293945;3888,0;5,320499897003174;1477,3140869140625;1438,4952156096037;144,4279342117765;1438,4952156096037
2025-09-23;31,510000228881836;4475,0;27,450000762939453;3904,0;5,3343000411987305;1410,2391357421875;1420,1840582337563;142,22221826932818;1420,1840582337563
2025-09-24;32,939998626708984;4572,5;27,729999542236328;3870,0;5,281599998474121;1367,4788818359375;1388,1299910839844;139,5600455782733;1388,1299910839844
2025-09-25;30,530000686645508;4282,5;26,770000457763672;3760,0;5,329899787902832;1337,51220703125;1402,7186058575032;140,45573162885574;1402,7186058575032
2025-09-26;29,579999923706055;4340,0;26,049999237060547;3838,0;5,363699913024902;1339,490478515625;1467,2075764685278;147,3320580577904;1467,2075764685278
2025-09-29;29,469999313354492;4397,5;25,350000381469727;3778,0;5,3422532081604;1334,5177001953125;1492,1954877709306;149,03352832931836;1492,1954877709306
2025-09-30;27,559999465942383;4250,0;24,290000915527344;3738,0;5,321700096130371;1358,012451171875;1542,0900153688287;153,89048411317637;1542,0900153688287
2025-10-01;26,6299991607666;4190,0;23,56999969482422;3700,0;5,319499969482422;1379,692138671875;1573,4134930702648;156,97921289377402;1573,4134930702648
2025-10-02;27,950000762939453;4337,5;23,809999465942383;3716,0;5,328800201416016;1423,5010986328125;1551,8783118429628;156,0688821230481;1551,8783118429628
2025-10-03;28,690000534057617;4375,0;24,149999618530273;3682,0;5,336599826812744;1424,5133056640625;1524,9215470757767;152,46377052423657;1524,9215470757767
2025-10-06;28,790000915527344;4370,0;24,6200008392334;3756,0;5,33459997177124;1427,435302734375;1517,8881073404632;152,55889000680278;1517,8881073404632
2025-10-07;27,799999237060547;4340,0;23,989999771118164;3752,0;5,311200141906738;1429,7327880859375;1561,1511219807117;156,39850086689353;1561,1511219807117
2025-10-08;28,360000610351562;4395,0;24,399999618530273;3772,0;5,353799819946289;1429,696044921875;1549,7178792005384;154,5901663512897;1549,7178792005384
2025-10-09;34,5;4770,0;26,59000015258789;3912,0;5,33519983291626;1429,69580078125;1382,608695652174;147,12297771909797;1382,608695652174
2025-10-10;33,130001068115234;;26,420000076293945;;5,377200126647949;1421,501220703125;;;
2025-10-13;34,2599983215332;4932,5;27,649999618530273;3976,0;5,5229997634887695;1417,95068359375;1439,725698089077;143,79747033831399;1439,725698089077
2025-10-14;32,209999084472656;4692,5;26,049999237060547;3846,0;5,464099884033203;1348,4193115234375;1456,8457415020837;147,63915979423186;1456,8457415020837
2025-10-15;33,2599983215332;4797,5;26,530000686645508;3870,0;5,481500148773193;1357,5068359375;1442,4234041208597;145,87259328447942;1442,4234041208597
2025-10-16;33,209999084472656;4852,5;26,3799991607666;3912,0;5,4492998123168945;1361,4833984375;1461,1563185103453;148,294166961843;1461,1563185103453
2025-10-17;32,4900016784668;4960,0;26,059999465942383;4026,0;5,440814971923828;1405,4952392578125;1526,6234976181331;154,48964245995282;1526,6234976181331
2025-10-20;32,09000015258789;5010,0;25,1200008392334;3952,0;5,406099796295166;1455,139892578125;1561,2340218689496;157,32483550827004;1561,2340218689496
2025-10-21;32,119998931884766;5115,0;24,709999084472656;3980,0;5,36870002746582;1477,4962158203125;1592,4658063803545;161,06839933073752;1592,4658063803545
2025-10-22;33,02000045776367;5305,0;24,75;3982,0;5,38670015335083;1490,2386474609375;1606,6020370852802;160,88888888888889;1606,6020370852802
2025-10-23;34,84000015258789;5420,0;26,889999389648438;4174,0;5,399400234222412;1488,4949951171875;1555,683116033915;155,22499422617395;1555,683116033915
2025-10-24;35,43000030517578;5550,0;26,950000762939453;4228,0;5,382900238037109;1482,98876953125;1566,4690804953873;156,88311244184356;1566,4690804953873
2025-10-27;49,13999938964844;7090,0;33,36000061035156;4870,0;5,388299942016602;1480,652099609375;1442,8164607371853;145,98321075836088;1442,8164607371853
2025-10-28;52,400001525878906;7660,0;33,849998474121094;5062,5;5,373300075531006;1432,4705810546875;1461,8320185004077;149,55687527934066;1461,8320185004077
2025-10-29;55,04999923706055;7890,0;34,970001220703125;5197,5;5,357399940490723;1473,47607421875;1433,2425266753364;148,62738972176382;1433,2425266753364
2025-10-30;53,779998779296875;8005,0;34,59000015258789;5165,0;5,357800006866455;1437,4951171875;1488,4715845478229;149,32061223519753;1488,4715845478229
2025-10-31;59,130001068115234;8845,0;36,43000030517578;5460,0;5,381999969482422;1439,4951171875;1495,856560159865;149,8764741768139;1495,856560159865
2025-11-03;60,790000915527344;9185,0;37,060001373291016;5605,0;5,374599933624268;1447,9395751953125;1510,9392764713568;151,24122483275187;1510,9392764713568
2025-11-04;59,2599983215332;9065,0;36,22999954223633;5537,5;5,354899883270264;1480,2579345703125;1529,699672081507;152,84294976444798;1529,699672081507
2025-11-05;59,16999816894531;8805,0;37,02000045776367;5560,0;5,395899772644043;1457,73876953125;1488,085224349593;150,18908512287663;1488,085224349593
2025-11-06;57,54999923706055;8675,0;36,52000045776367;5462,5;5,35860013961792;1450,7576904296875;1507,3849026940645;149,57557315251194;1507,3849026940645
2025-11-07;55,4900016784668;8075,0;36,2599983215332;5430,0;5,3495001792907715;1450,7398681640625;1455,2171122268228;149,75179954091072;1455,2171122268228
2025-11-10;55,900001525878906;8220,0;37,209999084472656;5587,5;5,330900192260742;1408,5162353515625;1470,4829652275682;150,16125067123707;1470,4829652275682
2025-11-11;55,189998626708984;8145,0;37,52000045776367;5605,0;5,289700031280518;1419,9849853515625;1475,8108720188043;149,38699178081188;1475,8108720188043
2025-11-12;55,38999938964844;8205,0;37,90999984741211;5587,5;5,270699977874756;1409,904052734375;1481,3143329865052;147,38855242652883;1481,3143329865052
2025-11-13;53,599998474121094;7815,0;37,2400016784668;5497,5;5,291299819946289;1408,5072021484375;1458,0224295665237;147,6235164398182;1458,0224295665237
2025-11-14;52,810001373291016;7905,0;38,66999816894531;5815,0;5,296500205993652;1407,989013671875;1496,8755528186755;150,37497479557285;1496,8755528186755
2025-11-17;51,459999084472656;7640,0;38,47999954223633;5685,0;5,295599937438965;1407,2044677734375;1484,6482969148099;147,7390869966109;1484,6482969148099
2025-11-18;50,88999938964844;7560,0;38,65999984741211;5777,5;5,329500198364258;1387,0010986328125;1485,5571017235625;149,44387022253815;1485,5571017235625
2025-11-19;49,709999084472656;7305,0;38,66999816894531;5655,0;5,321499824523926;1400,501220703125;1469,5232618263674;146,23740025261642;1469,5232618263674
2025-11-20;48,43000030517578;7295,0;37,0099983215332;5580,0;5,32859992980957;1406,964599609375;1506,2977398371754;150,7700689830466;1506,2977398371754
2025-11-21;46,13999938964844;6985,0;35,70000076293945;5397,5;5,332300186157227;1424,2357177734375;1513,8708479409067;151,1904729594068;1513,8708479409067
2025-11-24;46,79999923706055;;35,290000915527344;;5,402100086212158;1424,4954833984375;;;
2025-11-25;48,88999938964844;7460,0;35,34000015258789;5457,5;5,3867998123168945;1424,4073486328125;1525,874430994474;154,4284090672353;1525,874430994474
2025-11-26;51,08000183105469;7830,0;36,060001373291016;5572,5;5,37939977645874;1447,45751953125;1532,8895300155725;154,53410393177214;1532,8895300155725
2025-11-27;;7855,0;;5617,5;5,3308000564575195;1452,6512451171875;;;
2025-11-28;53,56999969482422;7920,0;36,81999969482422;5610,0;5,355400085449219;1450,1387939453125;1478,439433473659;152,36284754202745;1478,439433473659
2025-12-01;52,5099983215332;8005,0;36,43000030517578;5570,0;5,335400104522705;1450,2454833984375;1524,4715779618155;152,89596358330647;1524,4715779618155
2025-12-02;51,099998474121094;7925,0;36,11000061035156;5557,5;5,355800151824951;1451,2701416015625;1550,8806725333875;153,90473292893952;1550,8806725333875
2025-12-03;52,95000076293945;8105,0;37,25;5670,0;5,326300144195557;1456,48876953125;1530,689307500977;152,21476510067114;1530,689307500977
2025-12-04;51,779998779296875;7880,0;36,63999938964844;5595,0;5,306099891662598;1452,9949951171875;1521,8231335978032;152,70196760922173;1521,8231335978032
2025-12-05;50,06999969482422;7680,0;35,790000915527344;5497,5;5,309299945831299;1446,0074462890625;1533,8526156999135;153,60435483014845;1533,8526156999135
2025-12-08;49,9900016784668;;35,939998626708984;;5,4380998611450195;1433,9954833984375;;;
2025-12-09;49,099998474121094;7530,0;35,72999954223633;5395,0;5,429999828338623;1434,500244140625;1533,6049356434912;150,9935647668449;1533,6049356434912
2025-12-10;50,18000030517578;7500,0;36,06999969482422;5440,0;5,43149995803833;1440,013671875;1494,619361177329;150,81785544846014;1494,619361177329
2025-12-11;48,93000030517578;7350,0;35,54999923706055;5335,0;5,469799995422363;1437,7451171875;1502,1459133779163;150,0703267087081;1502,1459133779163
2025-12-12;48,40999984741211;7360,0;35,029998779296875;5285,0;5,4054999351501465;1436,4827880859375;1520,3470405285384;150,8706875297836;1520,3470405285384
2025-12-15;49,869998931884766;7500,0;35,11000061035156;5355,0;5,4182000160217285;1440,7454833984375;1503,910198643461;152,52064673622286;1503,910198643461
2025-12-16;50,02000045776367;7715,0;34,13999938964844;5320,0;5,413400173187256;1438,2449951171875;1542,3830326659952;155,8289424461171;1542,3830326659952
2025-12-17;49,83000183105469;7810,0;34,060001373291016;5320,0;5,507500171661377;1450,2574462890625;1567,328860729182;156,19494379033725;1567,328860729182
2025-12-18;53,900001525878906;8320,0;35,61000061035156;5475,0;5,518499851226807;1450,732666015625;1543,5992141865402;153,74894428978072;1543,5992141865402
2025-12-19;54,16999816894531;8370,0;35,540000915527344;5467,5;5,521299839019775;1450,1141357421875;1545,1357361865983;153,84073886197515;1545,1357361865983
2025-12-22;53,720001220703125;8290,0;35,5099983215332;5512,5;5,53980016708374;1449,2454833984375;1543,186859944657;155,23796847540905;1543,186859944657
2025-12-23;54,040000915527344;8260,0;35,90999984741211;5510,0;5,590000152587891;1451,7193603515625;1528,4973834311409;153,43915409114334;1528,4973834311409
2025-12-24;54,279998779296875;8270,0;36,02000045776367;5490,0;5,518499851226807;1450,1568603515625;1523,5814638880004;152,41532288255974;1523,5814638880004
2025-12-26;55,59000015258789;8380,0;35,959999084472656;5460,0;5,519499778747559;1449,5780029296875;1507,465367331877;151,835376501931;1507,465367331877
2025-12-29;54,72999954223633;8370,0;36,459999084472656;5585,0;5,542500019073486;1450,4954833984375;1529,3257938985894;153,18157268902684;1529,3257938985894
2025-12-30;54,060001373291016;8200,0;36,08000183105469;5460,0;5,5690999031066895;1457,0074462890625;1516,833109821434;151,3303692601391;1516,833109821434
2025-12-31;53,939998626708984;;36,15999984741211;;5,476200103759766;1451,4888916015625;;;
2026-01-02;53,349998474121094;8350,0;36,290000915527344;5645,0;5,517000198364258;1449,7840576171875;1565,1359397977117;155,55248987565287;1565,1359397977117
2026-01-05;56,0;8515,0;36,380001068115234;5527,5;5,421599864959717;1474,7454833984375;1520,5357142857142;151,93787349403087;1520,5357142857142
2026-01-06;53,68000030517578;8470,0;34,38999938964844;5437,5;5,40749979019165;1469,73876953125;1577,8688434886856;158,11282630137862;1577,8688434886856
2026-01-07;53,56999969482422;8340,0;32,779998779296875;5110,0;5,372000217437744;1467,2261962890625;1556,8415246427166;155,8877422297942;1556,8415246427166
2026-01-08;56,31999969482422;8530,0;33,79999923706055;5192,5;5,383900165557861;1460,4949951171875;1514,5596672977083;153,62426382266307;1514,5596672977083
2026-01-09;56,459999084472656;8545,0;34,08000183105469;5187,5;5,386600017547607;1463,4951171875;1513,4608817855972;152,21536740860734;1513,4608817855972
2026-01-12;55,060001373291016;8420,0;33,81999969482422;5175,0;5,370299816131592;1464,7454833984375;1529,2407900455387;153,01596826424506;1529,2407900455387
2026-01-13;53,540000915527344;8145,0;34,83000183105469;5282,5;5,373700141906738;1467,3880615234375;1521,292465581157;151,6652231493736;1521,292465581157
2026-01-14;50,97999954223633;7765,0;34,54999923706055;5282,5;5,371300220489502;1458,476318359375;1523,1463455716175;152,89435938203007;1523,1463455716175
2026-01-15;51,16999816894531;7850,0;33,720001220703125;5182,5;5,396100044250488;1453,4637451171875;1534,1020677941133;153,69216525467064;1534,1020677941133
2026-01-16;51,38999938964844;7765,0;34,310001373291016;5215,0;5,3678998947143555;1442,00634765625;1510,9943748246308;151,9964963936047;1510,9943748246308
2026-01-19;;7755,0;;5162,5;5,367700099945068;1429,4954833984375;;;
2026-01-20;50,38999938964844;7715,0;34,52000045776367;5267,5;5,36870002746582;1435,6866455078125;1531,0577680985018;152,59269786062012;1531,0577680985018
2026-01-21;54,06999969482422;8120,0;36,09000015258789;5400,0;5,374300003051758;1434,2449951171875;1501,7569901664483;149,6259345294789;1501,7569901664483
2026-01-22;53,77000045776367;8100,0;35,689998626708984;5382,5;5,31879997253418;1430,001220703125;1506,416204396827;150,81255833873723;1506,416204396827
2026-01-23;53,7400016784668;8125,0;36,41999816894531;5515,0;5,283699989318848;1429,2451171875;1511,9091451862803;151,42779454345342;1511,9091451862803
2026-01-26;54,38999938964844;8195,0;36,529998779296875;5527,5;5,288899898529053;1434,4954833984375;1506,7108093330262;151,31399355897796;1506,7108093330262
2026-01-27;55,7599983215332;8410,0;38,279998779296875;5772,5;5,279099941253662;1437,575439453125;1508,2496867207142;150,79676551928117;1508,2496867207142
2026-01-28;55,880001068115234;8460,0;38,599998474121094;5805,0;5,183599948883057;1442,8111572265625;1513,9584535239426;150,38860698121252;1513,9584535239426
2026-01-29;55,88999938964844;8310,0;39,77000045776367;5907,5;5,1971001625061035;1444,5010986328125;1486,849184245853;148,54161257236726;1486,849184245853
2026-01-30;55,11000061035156;8310,0;39,790000915527344;5970,0;5,189199924468994;1444,0712890625;1507,8932876003444;150,03769446183432;1507,8932876003444
2026-02-02;53,91999816894531;8075,0;38,86000061035156;5797,5;5,255000114440918;1446,9954833984375;1497,5890716277354;149,18939549516261;1497,5890716277354
2026-02-03;53,400001525878906;7805,0;38,970001220703125;5712,5;5,259399890899658;1451,9765625;1461,6104451265815;146,58711370440471;1461,6104451265815
2026-02-04;52,47999954223633;7780,0;39,4900016784668;5837,5;5,237500190734863;1445,0072021484375;1482,4695251261564;147,82222719385413;1482,4695251261564
2026-02-05;48,16999816894531;7505,0;37,5;5642,5;5,23799991607666;1447,75634765625;1558,0237254064075;150,46666666666667;1558,0237254064075
2026-02-06;49,369998931884766;7470,0;38,13999938964844;5690,0;5,270500183105469;1442,1353759765625;1513,0646468731497;149,18720742151666;1513,0646468731497
2026-02-09;50,0;7435,0;38,290000915527344;5667,5;5,21589994430542;1431,7855224609375;1487,0;148,0151440190151;1487,0
2026-02-10;51,5;7745,0;39,099998474121094;5812,5;5,1915998458862305;1416,4891357421875;1503,883495145631;148,65729480391383;1503,883495145631
2026-02-11;50,86000061035156;7570,0;38,9900016784668;5772,5;5,196199893951416;1403,9891357421875;1488,39951025468;148,05077587847367;1488,39951025468
2026-02-12;45,439998626708984;6950,0;37,31999969482422;5525,0;5,198699951171875;1404,3768310546875;1529,4894828440617;148,0439454764048;1529,4894828440617
2026-02-13;45,97999954223633;6695,0;37,369998931884766;5465,0;5,213900089263916;1397,1126708984375;1456,0678700855801;146,24030388550966;1456,0678700855801
2026-02-16;;;;;5,217899799346924;1399,2454833984375;;;
2026-02-17;45,15999984741211;;37,0099983215332;;5,243899822235107;1399,2626953125;;;
2026-02-18;44,77000045776367;6435,0;37,380001068115234;5405,0;5,2204999923706055;1393,4774169921875;1437,3464226498777;144,59603653169532;1437,3464226498777
2026-02-19;47,63999938964844;6850,0;38,5;5595,0;5,234399795532227;1396,983154296875;1437,8673567927076;145,32467532467533;1437,8673567927076
2026-02-20;49,63999938964844;7170,0;38,5099983215332;5562,5;5,208799839019775;1390,470458984375;1444,399695438993;144,44300811328986;1444,399695438993
2026-02-23;48,40999984741211;6945,0;37,52000045776367;5432,5;5,176499843597412;1375,7454833984375;1434,620950607432;144,78944386249074;1434,620950607432
2026-02-24;48,97999954223633;7055,0;38,0099983215332;5490,0;5,170899868011475;1369,2459716796875;1440,383843596476;144,43568120048658;1440,383843596476
2026-02-25;48,58000183105469;7055,0;37,310001373291016;5465,0;5,1519999504089355;1379,7451171875;1452,2436669588808;146,47547035236002;1452,2436669588808
2026-02-26;47,0;6910,0;36,279998779296875;5340,0;5,124199867248535;1397,5128173828125;1470,212765957447;147,18853857975495;1470,212765957447
2026-02-27;44,849998474121094;6545,0;35,38999938964844;5077,5;5,136600017547607;1408,4820556640625;1459,3088567832465;143,4727348846795;1459,3088567832465
2026-03-02;44,31999969482422;6360,0;35,349998474121094;5125,0;5,1296000480651855;1396,9954833984375;1435,0180604226705;144,9787898506387;1435,0180604226705
2026-03-03;43,63999938964844;6490,0;34,66999816894531;5150,0;5,170300006866455;1394,012939453125;1487,1677568216123;148,54341713271185;1487,1677568216123
2026-03-04;44,029998779296875;6415,0;35,20000076293945;5062,5;5,277299880981445;1415,0010986328125;1456,961203236818;143,82101961003607;1456,961203236818
2026-03-05;43,189998626708984;6280,0;35,97999954223633;5210,0;5,230100154876709;1401,5191650390625;1454,0403333368956;144,8026699912563;1454,0403333368956
2026-03-06;41,7400016784668;6160,0;36,88999938964844;5510,0;5,263400077819824;1407,4405517578125;1475,8025281004902;149,36297346608632;1475,8025281004902
2026-03-09;42,470001220703125;6260,0;36,779998779296875;5385,0;5,243500232696533;1415,4954833984375;1473,9815917284216;146,41109784460264;1473,9815917284216
2026-03-10;44,189998626708984;6475,0;36,68000030517578;5360,0;5,2052998542785645;1415,7451171875;1465,26367984235;146,12867926404215;1465,26367984235
2026-03-11;45,43000030517578;6575,0;39,279998779296875;5695,0;5,162399768829346;1399,4830322265625;1447,281522305189;144,98472955660165;1447,281522305189
2026-03-12;43,11000061035156;6295,0;38,2599983215332;5595,0;5,151400089263916;1395,489013671875;1460,2180261831047;146,23628451261757;1460,2180261831047
2026-03-13;41,119998931884766;6070,0;38,25;5622,5;5,243899822235107;1395,489013671875;1476,1673535193784;146,99346405228758;1476,1673535193784
2026-03-16;40,86000061035156;6030,0;37,45000076293945;5500,0;5,329100131988525;1398,2454833984375;1475,7709030656124;146,86248031916742;1475,7709030656124
2026-03-17;41,54999923706055;6100,0;38,11000061035156;5587,5;5,233399868011475;1396,476806640625;1468,1107369453575;146,61505931548857;1468,1107369453575
2026-03-18;42,02000045776367;6160,0;39,47999954223633;5815,0;5,19290018081665;1396,2208251953125;1465,96857041725;147,28976867841706;1465,96857041725
2026-03-19;43,849998474121094;6400,0;41,59000015258789;6097,5;5,2621002197265625;1394,4647216796875;1459,521145428792;146,6097614241194;1459,521145428792
2026-03-20;42,95000076293945;6310,0;41,91999816894531;6155,0;5,219900131225586;1394,970947265625;1469,1501485245026;146,82729648971397;1469,1501485245026
2026-03-23;45,45000076293945;6650,0;41,209999084472656;6010,0;5,3119001388549805;1391,4954833984375;1463,1462900705824;145,83839198056384;1463,1462900705824
2026-03-24;45,040000915527344;;42,560001373291016;;5,232900142669678;1397,05712890625;;;
2026-03-25;45,36000061035156;6590,0;43,18000030517578;6245,0;5,232600212097168;1397,2646484375;1452,8218499397688;144,62714117330475;1452,8218499397688
2026-03-26;44,529998779296875;6450,0;43,68000030517578;6310,0;5,236800193786621;1376,72607421875;1448,4617509126833;144,45970595042115;1448,4617509126833
2026-03-27;42,70000076293945;6290,0;45,16999816894531;6650,0;5,235099792480469;1367,9891357421875;1473,0678893709226;147,22161322937404;1473,0678893709226
2026-03-30;43,0099983215332;6375,0;46,119998931884766;6845,0;5,23799991607666;1390,5496826171875;1482,2134965786129;148,41717603049972;1482,2134965786129
2026-03-31;46,709999084472656;6890,0;46,220001220703125;6750,0;5,263999938964844;1398,2451171875;1475,0589028143172;146,04067117541533;1475,0589028143172
2026-04-01;46,47999954223633;6890,0;44,310001373291016;6545,0;5,192800045013428;1382,4949951171875;1482,3580180415156;147,70931611717722;1482,3580180415156
2026-04-02;46,20000076293945;;45,220001220703125;;5,1545000076293945;1391,733154296875;;;
2026-04-03;;;;;5,156400203704834;1386,175048828125;;;
2026-04-06;46,209999084472656;6855,0;43,880001068115234;6487,5;5,157899856567383;1390,02294921875;1483,4451711347028;147,84639567190092;1483,4451711347028
2026-04-07;45,310001373291016;6720,0;44,16999816894531;6545,0;5,138299942016602;1386,2349853515625;1483,116264913921;148,17750218069074;1483,116264913921
2026-04-08;47,56999969482422;6995,0;43,47999954223633;6410,0;5,150599956512451;1392,8758544921875;1470,4645879493416;147,42410458798068;1470,4645879493416
2026-04-09;47,93000030517578;7070,0;42,689998626708984;6295,0;5,100200176239014;1387,0020751953125;1475,0677978269357;147,4584259194971;1475,0677978269357
2026-04-10;48,119998931884766;7075,0;42,95000076293945;6327,5;5,095799922943115;1381,977294921875;1470,282659402147;147,3224653690775;1470,282659402147
2026-04-13;48,849998474121094;7135,0;43,5099983215332;6367,5;5,005000114440918;1386,5438232421875;1460,5936996661028;146,3456733081212;1460,5936996661028
2026-04-14;49,13999938964844;7170,0;42,11000061035156;6192,5;4,9944000244140625;1354,7276611328125;1459,0964772194102;147,0553291437794;1459,0964772194102
2026-04-15;49,380001068115234;7175,0;41,540000915527344;6037,5;4,984799861907959;1366,0008544921875;1453,0173845283514;145,34183598785688;1453,0173845283514
2026-04-16;49,0099983215332;7130,0;41,869998931884766;6080,0;4,992400169372559;1358,4962158203125;1454,8051916311408;145,21137222599663;1454,8051916311408
2026-04-17;47,900001525878906;7005,0;40,59000015258789;5920,0;4,987090110778809;1356,240478515625;1462,4216653136039;145,84873066630328;1462,4216653136039
2026-04-20;47,9900016784668;7055,0;40,97999954223633;6037,5;5,00629997253418;1362,6397705078125;1470,0978856530426;147,32796650662252;1470,0978856530426
2026-04-21;47,79999923706055;7025,0;43,119998931884766;6337,5;4,952400207519531;1376,7392578125;1469,6652954239673;146,97356579278073;1469,6652954239673
2026-04-22;46,20000076293945;6810,0;43,150001525878906;6357,5;5,007999897003174;1374,7286376953125;1474,0259496841438;147,33487312131692;1474,0259496841438
2026-04-23;43,470001220703125;6415,0;43,310001373291016;6395,0;4,984899997711182;1378,4774169921875;1475,7303473331344;147,6564257036425;1475,7303473331344
2026-04-24;43,16999816894531;6465,0;42,939998626708984;6425,0;5,030799865722656;1392,733154296875;1497,5678189049936;149,62739183702732;1497,5678189049936
2026-04-27;43,06999969482422;6520,0;43,0;6510,0;4,979100227355957;1392,4178466796875;1513,814730949143;151,3953488372093;1513,814730949143
2026-04-28;43,59000015258789;6520,0;43,38999938964844;6532,5;4,999599933624268;1416,4901123046875;1495,7559020822612;150,5531249571407;1495,7559020822612
2026-04-29;42,720001220703125;6380,0;44,810001373291016;6702,5;4,99429988861084;1404,7342529296875;1493,4456502094154;149,57598291873794;1493,4456502094154
2026-04-30;41,34000015258789;6220,0;45,15999984741211;6765,0;5,017499923706055;1390,9951171875;1504,5960273443848;149,80070909782495;1504,5960273443848
2026-05-01;40,150001525878906;6220,0;43,380001068115234;6765,0;4,9695000648498535;1392,787353515625;1549,190476615764;155,94743737736667;1549,190476615764
2026-05-04;40,40999984741211;6075,0;44,43000030517578;6647,5;4,951929092407227;1392,7923583984375;1503,3407629149121;149,61737461941033;1503,3407629149121
2026-05-05;40,66999816894531;6015,0;43,970001220703125;6522,5;4,984799861907959;1402,0009765625;1478,9771996087566;148,33977300252843;1478,9771996087566
2026-05-06;43,439998626708984;6380,0;43,2599983215332;6420,0;4,927299976348877;1392,4598388671875;1468,6924957859624;148,40499882322845;1468,6924957859624
2026-05-07;43,2400016784668;6340,0;42,79999923706055;6357,5;4,932271957397461;1387,7449951171875;1466,2349107070627;148,539722273991;1466,2349107070627
2026-05-08;41,959999084472656;6185,0;42,369998931884766;6282,5;4,944900035858154;1395,4891357421875;1474,0229110940963;148,27708657958496;1474,0229110940963
2026-05-11;43,540000915527344;6430,0;44,93000030517578;6642,5;4,913300037384033;1402,0323486328125;1476,8029087723141;147,84108512981263;1476,8029087723141
2026-05-12;42,189998626708984;6235,0;44,95000076293945;6647,5;4,906400203704834;1393,2569580078125;1477,8383984238492;147,886538090579;1477,8383984238492
2026-05-13;41,790000915527344;6195,0;43,529998779296875;6452,5;4,9096999168396;1384,9891357421875;1482,4120278251078;148,23110914188325;1482,4120278251078
2026-05-14;41,849998474121094;6185,0;44,16999816894531;6530,0;5,024899959564209;1392,0069580078125;1477,8973059759217;147,83790515506655;1477,8973059759217
2026-05-15;40,790000915527344;6060,0;43,65999984741211;6500,0;5,0040998458862305;1391,7640380859375;1485,658216225528;148,87769177088714;1485,658216225528
2026-05-18;42,29999923706055;6285,0;47,47999954223633;7040,0;5,060400009155273;1394,9329833984375;1485,815629635635;148,27295846406852;1485,815629635635
2026-05-19;39,95000076293945;5965,0;47,959999084472656;7127,5;5,005624771118164;1395,991455078125;1493,1163669797902;148,6134306934875;1493,1163669797902
2026-05-20;42,02000045776367;6235,0;47,06999969482422;6980,0;5,058199882507324;1398,4964599609375;1483,8172137259016;148,2897821383992;1483,8172137259016
2026-05-21;44,0099983215332;6490,0;47,939998626708984;7085,0;5,01170015335083;1397,1634521484375;1474,6649051391973;147,78890702872712;1474,6649051391973
2026-05-22;43,54999923706055;6455,0;47,9900016784668;7102,5;5,017099857330322;1389,6744384765625;1482,2043887676741;147,9995780701734;1482,2043887676741
2026-05-25;;6455,0;;7102,5;5,025700092315674;1401,691650390625;;;
2026-05-26;45,90999984741211;6795,0;48,599998474121094;7210,0;5,01039981842041;1401,0115966796875;1480,069706509273;148,35391412284173;1480,069706509273
2026-05-27;48,18000030517578;7145,0;51,59000015258789;7662,5;5,04449987411499;1410,50048828125;1482,9804804364937;148,52684584874203;1482,9804804364937
2026-05-28;48,83000183105469;7235,0;52,0;7707,5;5,07289981842041;1412,2506103515625;1481,6710482690821;148,22115384615384;1481,6710482690821
2026-05-29;50,689998626708984;7495,0;53,0099983215332;7835,0;5,051700115203857;1409,489501953125;1478,595423762908;147,80230613245166;1478,595423762908
2026-06-01;51,15999984741211;7640,0;54,7400016784668;8155,0;5,0391998291015625;1413,52880859375;1493,354187409456;148,9769775291759;1493,354187409456
2026-06-02;50,33000183105469;7585,0;55,310001373291016;8327,5;5,038599967956543;1427,239990234375;1507,0533924200838;150,56047357144556;1507,0533924200838
2026-06-03;48,33000183105469;7350,0;54,900001525878906;8305,0;5,020699977874756;1426,7274169921875;1520,7944799367294;151,27504133283435;1520,7944799367294
2026-06-04;48,619998931884766;7340,0;55,119998931884766;8385,0;5,077400207519531;1438,994384765625;1509,6668369497768;152,12264445726623;1509,6668369497768
2026-06-05;47,810001373291016;7205,0;53,5;8107,5;5,060699939727783;1436,976318359375;1507,006859034533;151,54205607476635;1507,006859034533
2026-06-08;48,040000915527344;7340,0;53,540000915527344;8195,0;5,177000045776367;1450,4970703125;1527,893393030221;153,0631277524565;1527,893393030221
2026-06-09;49,9900016784668;7545,0;53,61000061035156;8132,5;5,203100204467773;1446,4893798828125;1509,3018096956796;151,69744277954166;1509,3018096956796
2026-06-10;49,619998931884766;7485,0;54,27000045776367;8212,5;5,190100193023682;1441,97998046875;1508,4643613706926;151,32669855773236;1508,4643613706926
2026-06-11;55,40999984741211;8270,0;56,349998474121094;8370,0;5,1921000480651855;1433,2506103515625;1492,5103812983039;148,53594013572064;1492,5103812983039
2026-06-12;55,15999984741211;8210,0;55,88999938964844;8340,0;5,113800048828125;1432,5074462890625;1488,3973935299387;149,2216870831578;1488,3973935299387
2026-06-15;55,959999084472656;8210,0;52,59000015258789;8340,0;5,0609002113342285;1424,865234375;1467,1193949819142;158,58528191294556;1467,1193949819142
2026-06-16;54,439998626708984;8160,0;51,2400016784668;7675,0;5,075099945068359;1429,4814453125;1498,8979070246698;149,78531905913965;1498,8979070246698
2026-06-17;55,54999923706055;8365,0;50,849998474121094;7667,5;5,101900100708008;1436,7281494140625;1505,8506057402851;150,78663186002242;1505,8506057402851
2026-06-18;56,369998931884766;8500,0;50,45000076293945;7612,5;5,122099876403809;1441,467529296875;1507,8942985737958;150,89196996786052;1507,8942985737958
2026-06-19;;8260,0;;7642,5;5,18149995803833;1450,87353515625;;;
2026-06-22;53,33000183105469;8165,0;49,470001220703125;7550,0;5,151400089263916;1451,37255859375;1531,0331370072117;152,61774436424182;1531,0331370072117
2026-06-23;51,349998474121094;7960,0;48,040000915527344;7470,0;5,156499862670898;1461,4896240234375;1550,146102538174;155,49541751956065;1550,146102538174
2026-06-24;49,099998474121094;7625,0;45,619998931884766;7080,0;5,197700023651123;1470,98095703125;1552,9532050838807;155,19509350649372;1552,9532050838807
2026-06-25;49,41999816894531;7605,0;45,7599983215332;7075,0;5,207499980926514;1479,2359619140625;1538,8507247616317;154,6110196571124;1538,8507247616317
2026-06-26;49,970001220703125;7715,0;45,33000183105469;7005,0;5,1940999031066895;1477,2525634765625;1543,9263180973448;154,5334153329112;1543,9263180973448
2026-06-29;50,900001525878906;7885,0;45,25;7057,5;5,1707000732421875;1479,1910400390625;1549,115867116636;155,9668508287293;1549,115867116636
2026-06-30;50,029998779296875;7790,0;45,470001220703125;7112,5;5,181787014007568;1481,2030029296875;1557,0657985351806;156,42181238300867;1557,0657985351806
2026-07-01;49,04999923706055;7685,0;44,959999084472656;7030,0;5,174699783325195;1484,00927734375;1566,7686278358735;156,36121314842006;1566,7686278358735
2026-07-02;50,369998931884766;7910,0;44,400001525878906;7007,5;5,220600128173828;1489,5450439453125;1570,3792272651574;157,8265711526073;1570,3792272651574
2026-07-03;;7970,0;;7157,5;5,2221999168396;1488,9903564453125;;;
2026-07-06;53,02000045776367;8320,0;46,119998931884766;7265,0;5,1844000816345215;1493,7060546875;1569,2191490318462;157,52385447210816;1569,2191490318462
2026-07-07;51,099998474121094;8045,0;47,130001068115234;7442,5;5,143599987030029;1485,7542724609375;1574,3640391837355;157,91427607318812;1574,3640391837355
2026-07-08;50,25;7880,0;47,900001525878906;7577,5;5,170899868011475;1492,017333984375;1568,1592039800994;158,19414944916252;1568,1592039800994
2026-07-09;49,38999938964844;7880,0;47,040000915527344;7577,5;5,16349983215332;1487,4859619140625;1595,464688677756;161,08630638862843;1595,464688677756
2026-07-10;53,72999954223633;8335,0;47,58000183105469;7440,0;5,133900165557861;1487,50244140625;1551,274906199838;156,36821592436414;1551,274906199838
2026-07-13;51,40999984741211;8080,0;49,5;7717,5;5,107800006866455;1491,7099609375;1571,6786664037957;155,9090909090909;1571,6786664037957
2026-07-14;50,79999923706055;7910,0;49,79999923706055;7777,5;5,147900104522705;1482,99267578125;1557,0866375583234;156,17470118778797;1557,0866375583234
2026-07-15;52,66999816894531;8205,0;50,2599983215332;7855,0;5,087900161743164;1470,4779052734375;1557,8128508152747;156,28731122807525;1557,8128508152747
2026-07-16;50,18000030517578;7865,0;48,45000076293945;7607,5;5,09089994430542;1476,013916015625;1567,3575034212922;157,01754138710263;1567,3575034212922
2026-07-17;49,939998626708984;7860,0;49,68000030517578;7790,0;5,11359977722168;1475,4990234375;1573,8887096797603;156,80354170989042;1573,8887096797603
2026-07-20;49,95000076293945;7845,0;50,439998626708984;7920,0;5,126999855041504;1431,5400390625;1570,570546581577;157,01824376748104;1570,570546581577
2026-07-21;50,939998626708984;7965,0;51,33000183105469;8062,5;5,104400157928467;1481,523681640625;1563,6042824358797;157,0718821818195;1563,6042824358797
2026-07-22;53,2400016784668;8275,0;52,5099983215332;8250,0;5,087500095367432;1477,74609375;1554,2824453641722;157,11293589237948;1554,2824453641722
2026-07-23;50,150001525878906;7945,0;51,91999816894531;8247,5;5,062488079071045;1482,3612060546875;1584,2472100225443;158,85015968534918;1584,2472100225443
2026-07-24;49,29999923706055;7890,0;51,400001525878906;8200,0;5,09689998626709;1488,9989013671875;1600,4057042801755;159,53306919400495;1600,4057042801755
2026-07-27;50,0;7960,0;50,900001525878906;8122,5;5,082499980926514;1495,093505859375;1592,0;159,57759835960528;1592,0
2026-07-28;49,189998626708984;7855,0;49,84000015258789;7952,5;5,123025894165039;1497,056884765625;1596,8693269560133;159,56059341197803;1596,8693269560133
2026-07-29;49,150001525878906;7795,0;50,31999969482422;7977,5;5,1371002197265625;1499,7508544921875;1585,9612935913553;158,53537457037274;1585,9612935913553
2026-07-30;51,61000061035156;8015,0;52,150001525878906;8132,5;5,127099990844727;1495,46435546875;1552,993587524277;155,94438661644776;1552,993587524277
2026-07-31;49,77000045776367;7890,0;52,540000915527344;8290,0;5,078100204467773;1488,99755859375;1585,292330205159;157,78454235903953;1585,292330205159
2026-08-03;50,5099983215332;7970,0;51,060001373291016;8105,0;5,072700023651123;1483,5242919921875;1577,9054177086093;158,73481750902667;1577,9054177086093
2026-08-04;48,91999816894531;7740,0;49,63999938964844;7840,0;5,10290002822876;1494,2359619140625;1582,175038778598;157,93714940365;1582,175038778598
2026-08-05;48,36000061035156;7640,0;48,66999816894531;7685,0;5,143700122833252;1496,5123291015625;1579,8180114920515;157,90014976625866;1579,8180114920515
2026-08-06;46,72999954223633;7375,0;49,61000061035156;7835,0;5,138500213623047;1496,273681640625;1578,215294723938;157,9318666318492;1578,215294723938
2026-08-07;46,18000030517578;7315,0;49,15999984741211;7775,0;5,121799945831299;1499,75244140625;1584,0190454005142;158,15703873337773;1584,0190454005142
2026-08-10;46,41999816894531;7360,0;50,939998626708984;8065,0;5,082600116729736;1492,6414794921875;1585,523543799662;158,32352213239636;1585,523543799662
2026-08-11;44,529998779296875;7035,0;49,150001525878906;7790,0;5,105999946594238;1498,362548828125;1579,833863204764;158,49439996249723;1579,833863204764
2026-08-12;44,220001220703125;7020,0;48,900001525878906;7770,0;5,173500061035156;1490,9908447265625;1587,5169168275247;158,8957005632802;1587,5169168275247
2026-08-13;44,9900016784668;7095,0;49,45000076293945;7815,0;5,195400238037109;1492,49609375;1577,0170560797785;158,03842021084438;1577,0170560797785
2026-08-14;43,369998931884766;6850,0;50,04999923706055;7860,0;5,19980001449585;1491,74072265625;1579,4328265394572;157,04295943684855;1579,4328265394572
2026-08-17;43,41999816894531;6850,0;52,70000076293945;7860,0;5,221700191497803;1489,5999755859375;1577,6140692928982;149,1461078977334;1577,6140692928982
2026-08-18;42,119998931884766;6650,0;50,68000030517578;7990,0;5,202499866485596;1487,8714599609375;1578,8224521928848;157,6558790822266;1578,8224521928848
2026-08-19;41,470001220703125;6550,0;50,060001373291016;7905,0;5,214300155639648;1494,9962158203125;1579,4549812383498;157,91050305918748;1579,4549812383498
2026-08-20;41,0;6515,0;50,91999816894531;8045,0;5,176700115203857;1497,25390625;1589,0243902439024;157,99293576774755;1589,0243902439024
2026-08-21;41,45000076293945;6620,0;51,18000030517578;8150,0;5,1930999755859375;1497,259033203125;1597,1049163210048;159,24189041428744;1597,1049163210048
2026-08-24;43,45000076293945;6950,0;51,279998779296875;8175,0;5,13730001449585;1500,016845703125;1599,5396727191733;159,41888054998296;1599,5396727191733
2026-08-25;44,20000076293945;7075,0;50,0099983215332;8010,0;5,154300212860107;1509,3470458984375;1600,6787054022413;160,167971782376;1600,6787054022413
2026-08-26;43,90999984741211;7045,0;50,27000045776367;8065,0;5,146399974822998;1511,7392578125;1604,418133564445;160,43365678454944;1604,418133564445
2026-08-27;42,90999984741211;6880,0;50,47999954223633;8120,0;5,14739990234375;1514,2396240234375;1603,3558668061685;160,8557859277721;1603,3558668061685
2026-08-28;42,2400016784668;6810,0;50,20000076293945;8070,0;5,161099910736084;1512,1798095703125;1612,2158450272073;160,75696966836983;1612,2158450272073
2026-08-31;43,75;7015,0;51,58000183105469;8255,0;5,191199779510498;1498,7255859375;1603,4285714285713;160,04264650936724;1603,4285714285713
2026-09-01;44,290000915527344;7060,0;52,459999084472656;8355,0;5,181700229644775;1508,752685546875;1594,0392535699589;159,26420407569069;1594,0392535699589
2026-09-02;45,0099983215332;7170,0;53,90999984741211;8590,0;5,152200222015381;1512,74609375;1592,979397328661;159,33964059197365;1592,979397328661
2026-09-03;44,630001068115234;7075,0;52,40999984741211;8325,0;5,092700004577637;1510,680908203125;1585,2565159480923;158,84373257465427;1585,2565159480923
2026-09-04;44,36000061035156;7005,0;52,619998931884766;8355,0;5,10099983215332;1508,3990478515625;1579,1253164152029;158,77993480796783;1579,1253164152029
2026-09-07;;6935,0;;8375,0;5,126200199127197;1508,685546875;;;
2026-09-08;44,119998931884766;7015,0;53,09000015258789;8465,0;5,126699924468994;1511,7425537109375;1589,9819061261082;159,44622293596603;1589,9819061261082
2026-09-09;44,4900016784668;7085,0;54,61000061035156;8770,0;5,084799766540527;1511,5849609375;1592,4926349079342;160,59329613590242;1592,4926349079342
2026-09-10;44,720001220703125;7145,0;56,060001373291016;9000,0;5,103400230407715;1513,7449951171875;1597,7190977115229;160,54227219994183;1597,7190977115229
2026-09-11;43,86000061035156;7000,0;55,54999923706055;8835,0;5,102799892425537;1512,759033203125;1595,987209892538;159,04590677484063;1595,987209892538
2026-09-14;42,959999084472656;6840,0;56,33000183105469;8965,0;5,111207962036133;1508,4200439453125;1592,1788048808946;159,15142390529095;1592,1788048808946
2026-09-15;42,13999938964844;6725,0;57,61000061035156;9180,0;5,138000011444092;1507,9090576171875;1595,8709296165714;159,3473338438137;1595,8709296165714
2026-09-16;42,27000045776367;6760,0;54,650001525878906;8730,0;5,142899990081787;1506,9425048828125;1599,242944592493;159,74381987649176;1599,242944592493
2026-09-17;42,619998931884766;6800,0;54,47999954223633;8690,0;5,150899887084961;1512,6431884765625;1595,4951127210848;159,50807769854998;1595,4951127210848
2026-09-18;41,7599983215332;6685,0;54,959999084472656;8760,0;5,124100208282471;1509,9383544921875;1600,8142405870103;159,38864894331635;1600,8142405870103
2026-09-21;41,7599983215332;6665,0;53,18000030517578;8495,0;5,140699863433838;1509,3499755859375;1596,0249683638629;159,740503032175;1596,0249683638629
2026-09-22;41,25;6640,0;53,349998474121094;8530,0;5,110400199890137;1514,229248046875;1609,6969696969697;159,88753971825724;1609,6969696969697
2026-09-23;39,9900016784668;6445,0;53,93000030517578;8670,0;5,099899768829346;1514,23583984375;1611,6528455837513;160,76395236303978;1611,6528455837513
2026-09-24;39,59000015258789;6395,0;53,61000061035156;8635,0;5,164299964904785;1515,9659423828125;1615,306889455007;161,07069393192035;1615,306889455007
2026-09-25;38,7400016784668;6290,0;52,099998474121094;8440,0;5,190499782562256;1519,8616943359375;1623,6447412175069;161,9961659728701;1623,6447412175069
2026-09-28;36,97999954223633;6020,0;51,369998931884766;8315,0;5,1875;1531,1348876953125;1627,9069968955296;161,86490505918573;1627,9069968955296
2026-09-29;37,02000045776367;6000,0;50,310001373291016;8110,0;5,222899913787842;1525,0008544921875;1620,7455229087407;161,20055214916974;1620,7455229087407
2026-09-30;37,2400016784668;6050,0;50,130001068115234;8095,0;5,202899932861328;1524,8974609375;1624,597134080764;161,4801481651824;1624,597134080764
2026-10-01;36,06999969482422;5865,0;49,27000045776367;8005,0;5,179100036621094;1524,9908447265625;1626,0050040537108;162,47209104173288;1626,0050040537108
2026-10-02;35,88999938964844;5835,0;49,66999816894531;8050,0;5,222599983215332;1524,8768310546875;1625,8010864394046;162,0696657289797;1625,8010864394046
2026-10-05;38,25;;51,2400016784668;8225,0;5,223100185394287;1522,3299560546875;;160,51912042494118;
2026-10-06;;;;;4,998799800872803;1520,0;;;
