Fecha;GGAL.BA;BMA.BA;PAMP.BA;TXAR.BA;ALUA.BA;CRES.BA;SUPV.BA;CEPU.BA;LOMA.BA;MIRG.BA;TECO2.BA;TGSU2.BA;VALO.BA;COME.BA;EDN.BA;HARG.BA;TRAN.BA;MOLI.BA;BYMA.BA;IRSA.BA;YPFD.BA;BBAR.BA;INDICE
2016-10-06;296489,0;139006,0;820010,0;2067933,0;545308,0;513846,0;8343;214624,0;;3639;254060,0;266119,0;0,0;13199841,0;1049329,0;502037,0;708441,0;21687,0;;77285;1318400,0;117964,0;0,0
2016-10-07;460628,0;41904,0;765905,0;1403421,0;891919,0;418742,0;463;193728,0;;5457;89582,0;490090,0;0,0;8849748,0;401545,0;786148,0;722679,0;8324,0;;49802;1756750,0;62147,0;0,0
2016-10-11;396269,0;105454,0;969960,0;867928,0;773115,0;349560,0;36517;228368,0;;5091;81472,0;495906,0;0,0;8155762,0;447353,0;574413,0;616688,0;12691,0;;54007;1024630,0;65038,0;0,0
2016-10-12;262223,0;104758,0;614918,0;1085984,0;385358,0;454691,0;7969;111552,0;;7854;133111,0;227424,0;0,0;21718897,0;421062,0;457578,0;568595,0;11377,0;;15584;391710,0;136730,0;0,0
2016-10-13;293349,0;81850,0;702640,0;732681,0;342899,0;678920,0;6000;376784,0;;5037;105939,0;226069,0;0,0;9840280,0;241451,0;532937,0;370980,0;18836,0;;59492;966800,0;69687,0;0,0
2016-10-14;213603,0;69381,0;846678,0;893041,0;467863,0;770870,0;211;306368,0;;16086;118261,0;221505,0;0,0;16293602,0;523578,0;353526,0;277564,0;6674,0;;56711;467170,0;68483,0;0,0
2016-10-17;195300,0;53102,0;1614233,0;1700733,0;549519,0;430207,0;3900;204296,0;;14943;99667,0;336208,0;0,0;9646428,0;689234,0;612475,0;446475,0;10413,0;;34832;1020370,0;315980,0;0,0
2016-10-18;354865,0;104715,0;886893,0;2759937,0;718854,0;620817,0;5049;300040,0;;15129;237488,0;390658,0;0,0;30635340,0;402345,0;613228,0;996123,0;16531,0;;36866;800380,0;117472,0;0,0
2016-10-19;1184824,0;270464,0;8544680,0;4742560,0;1783916,0;1192826,0;0;1231872,0;;35082;4466464,0;730752,0;0,0;65571383,0;1252766,0;694854,0;3117982,0;33084,0;;86802;1588480,0;527435,0;0,0
2016-10-20;397206,0;34684,0;2218311,0;986011,0;737314,0;567777,0;4719;200096,0;;9405;2792425,0;248826,0;0,0;18448846,0;591467,0;371764,0;1034945,0;9471,0;;66386;961140,0;278404,0;0,0
2016-10-21;558058,0;82013,0;2043537,0;3516300,0;1337459,0;1157616,0;2246;346312,0;;17559;492144,0;285043,0;0,0;28055258,0;590690,0;473069,0;1406774,0;10006,0;;132937;827270,0;96147,0;0,0
2016-10-24;377797,0;68568,0;1407277,0;2149923,0;1333768,0;491595,0;0;103608,0;;8712;207635,0;613584,0;0,0;20090000,0;1036393,0;485100,0;1094329,0;20092,0;;201860;995080,0;96366,0;0,0
2016-10-25;826283,0;37700,0;1575239,0;3471862,0;782018,0;770632,0;332;233240,0;;24070;169744,0;200988,0;0,0;40160687,0;573385,0;301460,0;699274,0;6929,0;;93454;632510,0;138621,0;0,0
2016-10-26;321863,0;62984,0;1544242,0;2052532,0;864614,0;1066744,0;5618;284360,0;;53272;250325,0;176042,0;0,0;25032724,0;562594,0;257809,0;777628,0;13874,0;;110353;1282730,0;74329,0;0,0
2016-10-27;320412,0;51850,0;1063434,0;1812924,0;689559,0;1093338,0;5665;481368,0;;9698;89721,0;232214,0;0,0;11565794,0;655172,0;331430,0;662798,0;4907,0;;64337;486980,0;45630,0;0,0
2016-10-28;228997,0;24948,0;2394660,0;713745,0;534321,0;594923,0;13608;148368,0;;9000;69709,0;120912,0;0,0;11861569,0;638231,0;210907,0;371337,0;4288,0;;20422;1167670,0;126170,0;0,0
2016-10-31;233248,0;153583,0;2075477,0;722701,0;427532,0;544317,0;26106;132000,0;;14531;72608,0;208021,0;0,0;13210657,0;840988,0;326518,0;241933,0;10492,0;;101036;511250,0;64617,0;0,0
2016-11-01;574624,0;82631,0;2536059,0;2257529,0;1022875,0;930756,0;18447;164040,0;;25305;92163,0;61357,0;0,0;23844940,0;1780309,0;459151,0;830170,0;14739,0;;82962;945250,0;158410,0;0,0
2016-11-02;823080,0;80029,0;2333987,0;1944854,0;809025,0;1398951,0;42522;204696,0;;27524;92890,0;92798,0;0,0;20221278,0;569657,0;393444,0;859893,0;20742,0;;175303;2031930,0;148559,0;0,0
2016-11-03;641737,0;80491,0;1283117,0;1792209,0;427760,0;539096,0;15774;149056,0;;7727;104198,0;68711,0;0,0;12112794,0;727608,0;529992,0;544017,0;8479,0;;88105;1803380,0;155041,0;0,0
2016-11-04;396375,0;75632,0;1733704,0;1231711,0;573109,0;495757,0;1299;52248,0;;10581;24391,0;178964,0;0,0;10806092,0;311891,0;116297,0;542717,0;10015,0;;125000;1043550,0;110722,0;0,0
2016-11-07;359272,0;55722,0;1976267,0;2094852,0;627714,0;942625,0;3988;180264,0;;12739;28558,0;87376,0;0,0;14994573,0;252093,0;190439,0;353017,0;10861,0;;100520;2079740,0;91345,0;0,0
2016-11-08;346427,0;87065,0;3264143,0;935106,0;506635,0;504775,0;14272;312320,0;;22819;22374,0;257970,0;0,0;10777663,0;256624,0;297761,0;451046,0;9391,0;;149710;1673430,0;41719,0;0,0
2016-11-09;679400,0;125206,0;4835813,0;2475018,0;1475764,0;697361,0;35428;160464,0;;16858;47694,0;418426,0;0,0;16065706,0;754153,0;346013,0;1062453,0;10485,0;;108715;2370680,0;213813,0;0,0
2016-11-10;811152,0;97211,0;5958100,0;1709093,0;1221482,0;989096,0;95375;91816,0;;19232;26497,0;1028317,0;0,0;9136870,0;558733,0;165965,0;725677,0;11575,0;;46839;1151530,0;78244,0;0,0
2016-11-11;1208330,0;127501,0;8177959,0;2676543,0;1035920,0;1678689,0;2468;215480,0;;13276;107608,0;403577,0;0,0;22634649,0;1853341,0;304011,0;1077834,0;28039,0;;66497;2139440,0;256331,0;0,0
2016-11-14;765053,0;160062,0;5231201,0;2177759,0;864590,0;2236439,0;52798;335520,0;;35742;78131,0;374757,0;0,0;30598876,0;973075,0;478214,0;1360936,0;29526,0;;44845;1411230,0;151798,0;0,0
2016-11-15;409801,0;45400,0;1619478,0;1440000,0;1159385,0;956881,0;99325;246128,0;;24179;58734,0;265059,0;0,0;21848578,0;376529,0;328056,0;751506,0;16917,0;;49195;1723480,0;111672,0;0,0
2016-11-16;201003,0;38504,0;616324,0;709361,0;787189,0;420918,0;29678;316344,0;;6903;6541,0;218790,0;0,0;8702350,0;458679,0;135035,0;329590,0;13228,0;;25767;745050,0;53632,0;0,0
2016-11-17;202058,0;32512,0;846602,0;593368,0;1032985,0;754061,0;4545;138584,0;;4949;27174,0;195190,0;0,0;9366310,0;173539,0;181505,0;801670,0;10436,0;;22156;828760,0;76899,0;0,0
2016-11-18;188649,0;47162,0;880726,0;428991,0;312359,0;233966,0;6449;100928,0;;5220;40236,0;91503,0;0,0;4963479,0;196933,0;50611,0;500355,0;5177,0;;45850;425790,0;64834,0;0,0
2016-11-21;621949,0;113299,0;1841987,0;1067616,0;720417,0;572364,0;503;269920,0;;11863;84717,0;50582,0;0,0;12815484,0;419979,0;44141,0;285238,0;8437,0;;89838;1985490,0;56813,0;0,0
2016-11-22;450711,0;69982,0;2329957,0;2554493,0;1292941,0;518963,0;4762;754312,0;;18383;149997,0;470732,0;0,0;34292271,0;772042,0;158765,0;1091532,0;18663,0;;196370;1254000,0;158537,0;0,0
2016-11-23;267545,0;28389,0;2374143,0;988960,0;640723,0;1065550,0;42623;412648,0;;9122;64503,0;507771,0;0,0;6676220,0;669619,0;153057,0;599268,0;19150,0;;107789;248380,0;67198,0;0,0
2016-11-24;114347,0;10362,0;563165,0;1318296,0;330702,0;1133227,0;5030;149768,0;;5128;4797,0;151641,0;0,0;6551998,0;233673,0;136628,0;246703,0;12987,0;;315339;192260,0;14799,0;0,0
2016-11-25;246688,0;19127,0;1839904,0;1652747,0;379935,0;697913,0;0;71640,0;;6329;6625,0;76084,0;0,0;2624682,0;130735,0;29696,0;133940,0;6712,0;;134858;336940,0;31041,0;0,0
2016-11-29;404155,0;107069,0;2793704,0;2232386,0;391447,0;468768,0;20330;73256,0;;11164;66743,0;1150363,0;0,0;4572375,0;381710,0;56796,0;663692,0;7272,0;;71752;312620,0;89938,0;0,0
2016-11-30;414975,0;143054,0;1997861,0;893522,0;367798,0;471152,0;26732;93320,0;;11493;28452,0;190258,0;4691000,0;21938037,0;183560,0;88227,0;314463,0;6709,0;;94296;1651680,0;48890,0;0,0
2016-12-01;274658,0;38774,0;687114,0;1137247,0;381315,0;488878,0;26377;58272,0;;12921;18424,0;202006,0;0,0;6267193,0;210871,0;171468,0;919478,0;10288,0;;52967;876600,0;83776,0;0,0
2016-12-02;679022,0;33889,0;1624160,0;869005,0;492173,0;837180,0;11402;212360,0;;12181;71459,0;173057,0;0,0;4094593,0;339644,0;120887,0;698538,0;9612,0;;103010;313590,0;200542,0;0,0
2016-12-05;337521,0;43386,0;916745,0;576607,0;306702,0;978571,0;2266;91552,0;;6379;17462,0;131959,0;0,0;4944320,0;426209,0;63294,0;268391,0;9014,0;;116266;465720,0;97892,0;0,0
2016-12-06;524897,0;76729,0;742805,0;1538119,0;372564,0;814953,0;642;109144,0;;22685;74672,0;180707,0;0,0;4023727,0;302621,0;64977,0;872288,0;5781,0;;90192;292300,0;83107,0;0,0
2016-12-07;937722,0;222861,0;538086,0;738360,0;570364,0;347236,0;14086;100496,0;;10676;16889,0;91814,0;0,0;8363005,0;248686,0;97600,0;932929,0;10615,0;;99762;532830,0;105102,0;0,0
2016-12-12;410783,0;82834,0;1741558,0;841920,0;493060,0;321125,0;6572;106120,0;;6621;42355,0;181633,0;0,0;8153187,0;216397,0;258409,0;952193,0;7646,0;;13453;2257120,0;42662,0;0,0
2016-12-13;904663,0;84157,0;1194856,0;1185740,0;626667,0;377042,0;38660;175272,0;;7920;78893,0;342670,0;0,0;14746438,0;306356,0;235209,0;947155,0;11885,0;;52796;887080,0;76068,0;0,0
2016-12-14;906820,0;149168,0;898279,0;435772,0;471029,0;1036379,0;29419;498880,0;;15627;983906,0;200399,0;0,0;8762658,0;185988,0;132722,0;1227127,0;10130,0;;131239;662000,0;126495,0;0,0
2016-12-15;525119,0;134547,0;1136813,0;735399,0;622786,0;616359,0;14726;291456,0;;7152;28776,0;68500,0;4691000,0;13322467,0;275265,0;145504,0;680767,0;44628,0;;119896;761020,0;99919,0;0,0
2016-12-16;633378,0;33094,0;689695,0;623324,0;413365,0;827892,0;8781;35336,0;;14347;13147,0;201293,0;0,0;11227737,0;80623,0;63304,0;1047904,0;19662,0;;98159;919190,0;72898,0;0,0
2016-12-19;803600,0;82845,0;998809,0;1188719,0;494210,0;602305,0;34763;519720,0;;25228;45920,0;217020,0;0,0;10254457,0;127057,0;68049,0;1010975,0;9332,0;;80249;962340,0;91759,0;0,0
2016-12-20;825416,0;92511,0;1258226,0;985732,0;469872,0;443145,0;36778;42048,0;;10734;39457,0;85764,0;0,0;9892864,0;208855,0;42202,0;601359,0;18631,0;;110565;514630,0;150984,0;0,0
2016-12-21;1054763,0;201076,0;797046,0;1010618,0;749948,0;427374,0;6742;163344,0;;30608;66822,0;164533,0;0,0;9048956,0;116907,0;79334,0;589104,0;26589,0;;31177;740390,0;109842,0;0,0
2016-12-22;545607,0;149408,0;703222,0;426247,0;421783,0;243345,0;54522;217144,0;;12366;47312,0;146620,0;0,0;10347572,0;65745,0;77151,0;456710,0;17158,0;;81534;736570,0;109974,0;0,0
2016-12-23;516982,0;96005,0;1154355,0;669315,0;274068,0;377176,0;10996;55760,0;;4347;43437,0;148241,0;0,0;2767187,0;101711,0;56770,0;601516,0;7050,0;;184558;370890,0;33164,0;0,0
2016-12-26;240474,0;58957,0;752899,0;992895,0;377423,0;144051,0;4864;23616,0;;12169;6273,0;42240,0;0,0;5091151,0;125551,0;49709,0;228391,0;5309,0;;20293;789060,0;36122,0;0,0
2016-12-27;760797,0;97234,0;991027,0;612675,0;442010,0;512146,0;124;116760,0;;21058;75506,0;115970,0;0,0;9968468,0;295559,0;168567,0;528717,0;5635,0;;14765;705830,0;57293,0;0,0
2016-12-28;534962,0;174875,0;513653,0;476852,0;361584,0;232355,0;3908;175864,0;;12498;12788,0;374030,0;0,0;6150903,0;151445,0;449178,0;567301,0;13544,0;;21068;624870,0;32984,0;0,0
2016-12-29;931475,0;164357,0;1201440,0;1076530,0;728379,0;362086,0;5440;231352,0;;28277;70415,0;530307,0;0,0;14423265,0;352559,0;358947,0;801696,0;21449,0;;108607;647300,0;152860,0;0,0
2016-12-30;0,0;0,0;0,0;0,0;0,0;0,0;0;0,0;;0;0,0;0,0;0,0;0,0;0,0;0,0;0,0;0,0;;0;0,0;0,0;
2017-01-02;567643,0;145393,0;836122,0;1431306,0;825600,0;367530,0;15641;124200,0;;17068;29214,0;124092,0;0,0;18947949,0;153357,0;222431,0;458286,0;10015,0;;38134;680810,0;103898,0;0,0
2017-01-03;916666,0;246431,0;1827728,0;1741743,0;885915,0;446526,0;14420;189152,0;;32868;126018,0;761168,0;0,0;14386802,0;362733,0;491639,0;730317,0;9325,0;;50794;1993340,0;101675,0;0,0
2017-01-04;1175316,0;81964,0;1006260,0;1635433,0;459994,0;522504,0;22773;545512,0;;25812;26365,0;300387,0;0,0;9900692,0;372074,0;330110,0;268150,0;12426,0;;33636;992050,0;123699,0;0,0
2017-01-05;968948,0;147638,0;4986129,0;1551081,0;1349173,0;493548,0;14748;686584,0;;48992;31729,0;330707,0;0,0;17681058,0;358627,0;593024,0;463835,0;19531,0;;61892;662880,0;191671,0;0,0
2017-01-06;832567,0;94963,0;979443,0;6789999,0;732357,0;513570,0;71519;304344,0;;34026;31599,0;436268,0;0,0;19117235,0;286265,0;210072,0;627950,0;9958,0;;62542;614940,0;211968,0;0,0
2017-01-09;676031,0;86898,0;1452959,0;6392792,0;1474363,0;410619,0;102222;189488,0;;40794;78009,0;77616,0;0,0;10164072,0;241386,0;213451,0;312659,0;9686,0;;58383;2599800,0;129182,0;0,0
2017-01-10;1689062,0;71971,0;1530142,0;4026913,0;936585,0;366502,0;233658;239792,0;;33495;220893,0;344033,0;0,0;28609313,0;418853,0;227874,0;404413,0;22836,0;;207039;5971840,0;133567,0;0,0
2017-01-11;1717602,0;159293,0;2299229,0;1642054,0;653079,0;659438,0;410907;175384,0;;39040;215903,0;717341,0;0,0;24626375,0;504513,0;272896,0;1065948,0;16469,0;;152195;7997280,0;226123,0;0,0
2017-01-12;1006444,0;54268,0;694727,0;2920410,0;779773,0;393841,0;28599;53800,0;;27572;84512,0;588628,0;0,0;15223396,0;135921,0;121418,0;314829,0;15066,0;;37804;4932240,0;100346,0;0,0
2017-01-13;637242,0;52567,0;943670,0;1031219,0;579225,0;298487,0;26428;317720,0;;15550;51493,0;186911,0;0,0;10249462,0;270127,0;120439,0;519750,0;110679,0;;59832;2414030,0;154600,0;0,0
2017-01-16;273504,0;35173,0;786527,0;991057,0;562253,0;129160,0;98;99448,0;;11748;42087,0;25356,0;0,0;6682606,0;41616,0;108184,0;253231,0;176488,0;;28793;649710,0;40005,0;0,0
2017-01-17;694060,0;83519,0;1565572,0;1226807,0;782609,0;316198,0;287;151032,0;;6292;141999,0;105307,0;0,0;11197093,0;226069,0;96360,0;436214,0;90211,0;;107180;2484750,0;51944,0;0,0
2017-01-18;1060017,0;47941,0;2157606,0;2279925,0;629673,0;575304,0;13657;182968,0;;18157;40971,0;295498,0;18764000,0;6372514,0;269474,0;80888,0;293015,0;46332,0;;22960;1732570,0;82122,0;0,0
2017-01-19;854481,0;74734,0;2343045,0;1374874,0;361930,0;262416,0;328;63384,0;;26101;55559,0;130852,0;0,0;5021830,0;101964,0;101080,0;276940,0;37277,0;;84727;1857010,0;84330,0;0,0
2017-01-20;1002467,0;86240,0;1194918,0;3479039,0;1036447,0;253620,0;8187;174664,0;;20809;63893,0;90249,0;0,0;7259117,0;109363,0;49141,0;164556,0;33713,0;;55998;1537310,0;48122,0;0,0
2017-01-23;691187,0;169230,0;1448062,0;3643141,0;7886376,0;315221,0;12529;148944,0;;11221;95603,0;90731,0;0,0;13457298,0;171934,0;156114,0;280057,0;31631,0;;56503;1432430,0;171258,0;0,0
2017-01-24;1278757,0;207401,0;1839542,0;2916790,0;5006690,0;384681,0;29822;198160,0;;19412;139111,0;95467,0;0,0;7786649,0;355741,0;183538,0;347622,0;16416,0;;160624;2067130,0;165577,0;0,0
2017-01-25;865158,0;171688,0;832653,0;1832898,0;1804135,0;613180,0;7604;66992,0;;9891;85328,0;115314,0;0,0;8233117,0;161946,0;116208,0;166459,0;8163,0;;218058;2161300,0;168755,0;0,0
2017-01-26;816223,0;117997,0;1760421,0;1774430,0;1114754,0;678040,0;297943;155400,0;;8769;73363,0;148187,0;0,0;7291717,0;164907,0;83196,0;242221,0;29088,0;;143873;1470740,0;243070,0;0,0
2017-01-27;652132,0;64035,0;716134,0;809411,0;808530,0;294304,0;147053;0,0;;5945;47524,0;128355,0;0,0;10360293,0;191989,0;36383,0;131234,0;12716,0;;62877;603520,0;117876,0;0,0
2017-01-30;642186,0;148617,0;2689234,0;1333695,0;754615,0;487910,0;11311;357000,0;;15772;32301,0;41588,0;4691000,0;9380679,0;467664,0;79778,0;194115,0;10398,0;;27390;1575730,0;62904,0;0,0
2017-01-31;434058,0;44637,0;1380621,0;1171121,0;490441,0;458619,0;45822;321688,0;;9736;42768,0;653028,0;0,0;5563062,0;676577,0;128164,0;723901,0;16705,0;;79807;2344380,0;81887,0;0,0
2017-02-01;384969,0;45256,0;1743179,0;1249056,0;706197,0;823511,0;1030;688368,0;;16710;70367,0;279096,0;0,0;8528583,0;650163,0;76727,0;656251,0;12617,0;;39949;1621760,0;60632,0;0,0
2017-02-02;305862,0;98399,0;2014026,0;1364312,0;1199379,0;628523,0;27759;672328,0;;12125;264960,0;267422,0;0,0;11076837,0;514552,0;76792,0;454144,0;9454,0;;51549;1476480,0;103777,0;0,0
2017-02-03;461770,0;96944,0;2059033,0;1017306,0;1205019,0;630432,0;2309;577364,0;;11323;178023,0;151385,0;9382000,0;8027059,0;471476,0;51001,0;226234,0;13223,0;;21114;608730,0;72227,0;0,0
2017-02-06;312523,0;144716,0;2236082,0;932083,0;573453,0;322280,0;32215;485679,0;;40934;108200,0;150944,0;0,0;8531570,0;211148,0;64324,0;246667,0;12262,0;;29575;455460,0;68447,0;0,0
2017-02-07;948933,0;58226,0;1148888,0;858149,0;596208,0;274483,0;6948;136104,0;;15326;70355,0;218245,0;0,0;9550068,0;820221,0;44783,0;201998,0;17792,0;;41302;1262260,0;197235,0;0,0
2017-02-08;1264995,0;76421,0;1647358,0;1548459,0;836824,0;212286,0;1128;139663,0;;81500;215220,0;290552,0;0,0;5770974,0;519754,0;67498,0;496482,0;8416,0;;56368;1176340,0;82358,0;0,0
2017-02-09;1164039,0;208358,0;1201004,0;967969,0;1079410,0;761480,0;14005;291099,0;;51269;198389,0;114314,0;0,0;7035342,0;374298,0;70611,0;446707,0;17642,0;;56022;420250,0;280159,0;0,0
2017-02-10;647472,0;143923,0;645815,0;1780091,0;495461,0;3478039,0;46108;205590,0;;28428;225506,0;150883,0;0,0;11652008,0;310320,0;139711,0;551568,0;9897,0;;71997;1341090,0;107845,0;0,0
2017-02-13;1118545,0;103102,0;1075962,0;1259019,0;637015,0;2364270,0;5243;118600,0;;19562;68590,0;214762,0;0,0;8110492,0;201182,0;51348,0;440248,0;12321,0;;219073;923640,0;130483,0;0,0
2017-02-14;571947,0;90813,0;578317,0;785518,0;557931,0;561107,0;4045;233322,0;;14225;33189,0;121825,0;0,0;8712187,0;197481,0;47199,0;310780,0;8411,0;;77376;505790,0;146864,0;0,0
2017-02-15;488401,0;107332,0;621490,0;1261529,0;584449,0;1039886,0;2544;181778,0;;24598;130858,0;95920,0;0,0;9095050,0;179261,0;42534,0;130398,0;15374,0;;96159;619380,0;82251,0;0,0
2017-02-16;480013,0;88413,0;854528,0;2143695,0;934848,0;539376,0;4674;339819,0;;6679;141342,0;238971,0;4691000,0;11033730,0;203435,0;90431,0;426191,0;8668,0;;38669;498640,0;118573,0;0,0
2017-02-17;755617,0;175579,0;1845243,0;1568870,0;823557,0;595133,0;7494;115107,0;;12420;143280,0;320847,0;0,0;10931396,0;339824,0;76367,0;538881,0;11291,0;;49258;339250,0;74022,0;0,0
2017-02-20;245928,0;23191,0;940318,0;2980315,0;801992,0;560841,0;2106;268346,0;;11365;74583,0;188940,0;0,0;7868743,0;212117,0;58940,0;844688,0;21562,0;;14704;471960,0;43017,0;0,0
2017-02-21;449913,0;60605,0;1168070,0;1651593,0;555324,0;534935,0;15240;195219,0;;13289;93834,0;546715,0;0,0;9640351,0;688640,0;46275,0;763208,0;10588,0;;60401;1257880,0;64078,0;0,0
2017-02-22;258237,0;30826,0;1011377,0;1759165,0;570736,0;372434,0;10407;277946,0;;37611;30680,0;323021,0;0,0;16729203,0;146514,0;49964,0;503458,0;5692,0;;45456;1314480,0;72098,0;0,0
2017-02-23;303239,0;74714,0;1112441,0;1231915,0;873399,0;697560,0;7930;344411,0;;11076;51558,0;228852,0;0,0;27569905,0;287972,0;57369,0;601313,0;17004,0;;48610;929960,0;63275,0;0,0
2017-02-24;505647,0;53901,0;897460,0;958647,0;669367,0;471368,0;7389;229203,0;;19027;45628,0;176458,0;0,0;15566037,0;93584,0;55001,0;290052,0;16754,0;;61816;482410,0;135970,0;0,0
2017-03-01;446518,0;77817,0;647428,0;2228011,0;534186,0;595592,0;6677;593349,0;;25025;217499,0;166516,0;0,0;12117841,0;32617,0;50053,0;514588,0;16548,0;;76186;258150,0;725025,0;0,0
2017-03-02;288411,0;51309,0;588688,0;1066040,0;283956,0;470243,0;8104;369801,0;;17372;79212,0;148165,0;0,0;6764597,0;76506,0;278334,0;706260,0;5780,0;;26876;517060,0;179422,0;0,0
2017-03-03;376776,0;57571,0;551323,0;593318,0;380933,0;416093,0;10890;302477,0;;14221;28054,0;164155,0;0,0;6576513,0;122912,0;61518,0;469620,0;18933,0;;32529;392120,0;180638,0;0,0
2017-03-06;263580,0;51655,0;488716,0;758165,0;442332,0;430363,0;23619;396913,0;;8520;84591,0;133388,0;0,0;5158413,0;186305,0;76207,0;241600,0;14169,0;;10587;563460,0;61850,0;0,0
2017-03-07;425089,0;283702,0;615838,0;901057,0;466394,0;336402,0;1214;973369,0;;7927;104849,0;165210,0;0,0;8999515,0;258244,0;65154,0;270183,0;15194,0;;22424;550080,0;68685,0;0,0
2017-03-08;189938,0;77764,0;749907,0;1121025,0;601451,0;459880,0;803;144972,0;;23899;37859,0;255389,0;0,0;13663408,0;333150,0;27749,0;427787,0;24495,0;;36042;819850,0;75797,0;0,0
2017-03-09;390037,0;98849,0;735804,0;1220485,0;412580,0;638193,0;3288;302175,0;;6635;103481,0;493097,0;0,0;8134080,0;422108,0;69257,0;277892,0;18599,0;;35443;707760,0;111546,0;0,0
2017-03-10;392554,0;80270,0;581674,0;774472,0;613851,0;346780,0;50668;127759,0;;17832;88549,0;234539,0;0,0;8175951,0;222985,0;51221,0;155320,0;5776,0;;4060;919530,0;76032,0;0,0
2017-03-13;404643,0;36804,0;575014,0;583381,0;582825,0;220574,0;10051;181472,0;;27153;44305,0;239492,0;0,0;9773174,0;125399,0;23872,0;232159,0;16580,0;;26249;635240,0;117465,0;0,0
2017-03-14;470500,0;28668,0;717092,0;986201,0;468485,0;245273,0;7950;143260,0;;8579;27209,0;239957,0;0,0;9754530,0;83333,0;26622,0;192671,0;8717,0;;8873;777120,0;82228,0;0,0
2017-03-15;421910,0;33342,0;803529,0;2564890,0;494967,0;224015,0;1344;790534,0;;26741;33463,0;338269,0;0,0;7587646,0;288646,0;52670,0;296912,0;10071,0;;47318;1077980,0;91172,0;0,0
2017-03-16;385736,0;55777,0;856763,0;1088161,0;555994,0;603548,0;31750;298826,0;;53472;61922,0;257859,0;0,0;9036853,0;215742,0;99405,0;195755,0;6328,0;;62114;2357910,0;74189,0;0,0
2017-03-17;359283,0;25698,0;689679,0;849390,0;1260812,0;532015,0;7481;337656,0;;23847;40974,0;168445,0;0,0;7677002,0;314680,0;35254,0;236709,0;4377,0;;51937;1106410,0;133599,0;0,0
2017-03-20;411285,0;26029,0;853395,0;1451127,0;696960,0;276357,0;3648;329895,0;;8901;62583,0;184195,0;0,0;13132683,0;57156,0;53133,0;249056,0;14734,0;;54299;1077910,0;50955,0;0,0
2017-03-21;1015153,0;66833,0;895245,0;1354602,0;818093,0;163425,0;302;403089,0;;12674;21077,0;199319,0;0,0;10525820,0;277793,0;30370,0;220341,0;17057,0;;69289;1741270,0;97396,0;0,0
2017-03-22;603210,0;53450,0;630071,0;1161415,0;392074,0;284114,0;2708;382157,0;;7386;58591,0;213878,0;0,0;3391852,0;159005,0;31766,0;221792,0;9254,0;;18214;884040,0;81591,0;0,0
2017-03-23;1136717,0;74355,0;305335,0;891007,0;211720,0;507654,0;1940;350591,0;;4992;60990,0;94924,0;0,0;12661082,0;139719,0;49725,0;160459,0;12311,0;;55887;1111960,0;163671,0;0,0
2017-03-27;2548052,0;101105,0;1348887,0;2324645,0;309822,0;263903,0;28437;109536,0;;13534;39606,0;166751,0;0,0;4068224,0;244546,0;50249,0;144441,0;5589,0;;27387;727130,0;76104,0;0,0
2017-03-28;449417,0;64667,0;1009649,0;1186750,0;726170,0;607926,0;57394;219955,0;;23716;42280,0;295843,0;0,0;10331298,0;673686,0;104007,0;716186,0;13951,0;;12141;1715820,0;37587,0;0,0
2017-03-29;590018,0;141772,0;1315309,0;1073819,0;425422,0;410550,0;40996;460061,0;;18400;103262,0;226494,0;0,0;8757302,0;876392,0;102288,0;1124843,0;12564,0;;16270;1868580,0;88853,0;0,0
2017-03-30;268491,0;175128,0;892601,0;630452,0;262999,0;407534,0;220987;442438,0;;41490;61272,0;135929,0;4691000,0;5441003,0;488640,0;161499,0;628595,0;7196,0;;94150;1013060,0;97004,0;0,0
2017-03-31;367762,0;269389,0;1275239,0;1492835,0;1144683,0;650655,0;51710;651874,0;;27100;229666,0;217559,0;0,0;11189317,0;514776,0;153391,0;884760,0;24491,0;;36979;1178840,0;130335,0;0,0
2017-04-03;612072,0;244041,0;1016731,0;2998091,0;704062,0;621178,0;151843;475169,0;;13445;90823,0;306372,0;0,0;4341235,0;325561,0;292529,0;684846,0;43212,0;;24112;1006930,0;136111,0;0,0
2017-04-04;497679,0;97887,0;1038779,0;851187,0;946715,0;619084,0;11818;166297,0;;11117;97325,0;202745,0;0,0;13170588,0;635474,0;437174,0;355846,0;17799,0;;73991;1438140,0;131141,0;0,0
2017-04-05;413558,0;101198,0;994835,0;2156550,0;1429562,0;471114,0;53280;93546,0;;18501;136141,0;253255,0;0,0;8384945,0;349254,0;347595,0;310674,0;14983,0;;52629;1959000,0;162102,0;0,0
2017-04-06;232829,0;27576,0;1097431,0;2122367,0;1682236,0;301856,0;34302;169590,0;;11229;77820,0;394632,0;0,0;4252755,0;414019,0;108496,0;216334,0;28169,0;;83486;674540,0;85427,0;0,0
2017-04-07;270972,0;100751,0;1043158,0;908253,0;795989,0;273642,0;48135;288721,0;;8480;63685,0;320219,0;0,0;23812133,0;454605,0;88345,0;278482,0;20534,0;;61927;833440,0;149762,0;0,0
2017-04-10;650725,0;40489,0;1337508,0;1828420,0;1460189,0;368214,0;33400;254854,0;;10995;62107,0;275387,0;0,0;12080245,0;484764,0;127339,0;260518,0;11769,0;;46653;1148550,0;143523,0;0,0
2017-04-11;375932,0;107218,0;1280744,0;1808852,0;2337459,0;308658,0;17399;251489,0;;11493;38488,0;298869,0;0,0;8874314,0;476375,0;164054,0;298253,0;16098,0;;22939;835040,0;96245,0;0,0
2017-04-12;347804,0;60504,0;968302,0;1497001,0;1390864,0;192491,0;24250;252292,0;;5473;52693,0;602022,0;0,0;2160343,0;398377,0;114631,0;501126,0;22816,0;;24811;1240310,0;149225,0;0,0
2017-04-17;654078,0;43573,0;667310,0;1055519,0;406208,0;372032,0;5885;252419,0;;9907;33081,0;360981,0;0,0;3605430,0;354962,0;91476,0;175445,0;9580,0;;16503;933310,0;79422,0;0,0
2017-04-18;611055,0;34313,0;706879,0;768402,0;687513,0;227039,0;9335;462824,0;;9017;42626,0;797348,0;0,0;3667901,0;216757,0;69562,0;175641,0;11885,0;;40456;617440,0;68318,0;0,0
2017-04-19;626825,0;57172,0;781383,0;747353,0;347172,0;833226,0;1350;234154,0;;4405;57324,0;276807,0;0,0;12080915,0;278481,0;42104,0;261784,0;11219,0;;43402;747120,0;44670,0;0,0
2017-04-20;415029,0;58289,0;839599,0;1138093,0;611773,0;478656,0;7611;106625,0;;11483;38865,0;348408,0;0,0;11214759,0;176158,0;47739,0;196624,0;3699,0;;79536;1153200,0;68517,0;0,0
2017-04-21;555463,0;26049,0;1358904,0;917431,0;569899,0;574026,0;6323;261546,0;;27250;90951,0;284030,0;0,0;12733699,0;327026,0;51329,0;143832,0;28262,0;;36832;1187730,0;63281,0;0,0
2017-04-24;693654,0;89508,0;945987,0;2537827,0;530297,0;273402,0;30620;382553,0;;53919;89859,0;407150,0;0,0;38292359,0;293224,0;80851,0;703072,0;17061,0;;48222;1250100,0;125146,0;0,0
2017-04-25;315747,0;82045,0;696637,0;1407588,0;739198,0;317237,0;9753;221495,0;;24687;24266,0;556942,0;0,0;67443729,0;247644,0;84237,0;306192,0;11844,0;;47583;1004620,0;121926,0;0,0
2017-04-26;284813,0;90791,0;845599,0;3605105,0;1101168,0;249192,0;2086;124461,0;;30392;67937,0;340683,0;0,0;31454011,0;232669,0;54691,0;174223,0;16096,0;;49576;591810,0;122901,0;0,0
2017-04-27;278914,0;60361,0;2528421,0;3286040,0;736091,0;298968,0;4636;125479,0;;15268;161459,0;221055,0;4691000,0;15523136,0;598382,0;57314,0;368689,0;17578,0;;42366;1020050,0;134551,0;0,0
2017-04-28;271274,0;19622,0;1041038,0;2157543,0;960911,0;231302,0;56866;75196,0;;17569;80961,0;181177,0;0,0;33580672,0;397851,0;69458,0;107322,0;8456,0;;41834;1578630,0;123558,0;0,0
2017-05-02;267983,0;116129,0;1405839,0;1388040,0;415697,0;415917,0;14461;162723,0;;27652;110915,0;253619,0;0,0;30176408,0;281409,0;171397,0;179421,0;15018,0;;20662;1045220,0;157508,0;0,0
2017-05-03;600980,0;72837,0;1048359,0;1922068,0;375932,0;525969,0;12802;156541,0;;73861;68359,0;145717,0;0,0;20540125,0;131073,0;46935,0;353632,0;17508,0;;21901;392560,0;38188,0;0,0
2017-05-04;552611,0;187811,0;793681,0;1067120,0;625763,0;213984,0;4937;286123,0;;19890;116516,0;269998,0;0,0;16297516,0;203901,0;95661,0;211160,0;52761,0;;37537;914750,0;66421,0;0,0
2017-05-05;479458,0;124510,0;633996,0;626772,0;283601,0;240203,0;9975;224821,0;;20151;77147,0;319405,0;0,0;15901364,0;125509,0;42204,0;358342,0;15083,0;;40314;1235200,0;99118,0;0,0
2017-05-08;383671,0;44748,0;854025,0;574342,0;218420,0;390290,0;6924;905312,0;;23501;28799,0;181017,0;0,0;7725259,0;211909,0;48778,0;226066,0;10837,0;;27571;654250,0;78966,0;0,0
2017-05-09;286947,0;59624,0;747286,0;517272,0;280478,0;410512,0;6882;373677,0;;8937;67835,0;127543,0;0,0;8997146,0;164049,0;69746,0;262633,0;3204,0;;41858;826170,0;83656,0;0,0
2017-05-10;272812,0;57088,0;746283,0;721624,0;519853,0;602237,0;479;467097,0;;40527;49860,0;231787,0;0,0;18714492,0;145126,0;72274,0;445478,0;18016,0;;15989;1631400,0;135862,0;0,0
2017-05-11;379459,0;59823,0;931987,0;424636,0;406196,0;530755,0;2276;101004,0;;21065;73549,0;345307,0;4691000,0;14433411,0;110964,0;48591,0;511992,0;7470,0;;36141;1057080,0;36303,0;0,0
2017-05-12;560903,0;83794,0;985958,0;976468,0;573544,0;376581,0;20350;173862,0;;18487;223726,0;292420,0;0,0;19318762,0;103667,0;55463,0;456256,0;7943,0;;69556;665120,0;234621,0;0,0
2017-05-15;640879,0;69998,0;647592,0;462517,0;392602,0;320197,0;30428;138972,0;;14247;117076,0;164758,0;4691000,0;11285316,0;236352,0;65145,0;670557,0;10154,0;;49524;636070,0;158564,0;0,0
2017-05-16;1018122,0;100363,0;593131,0;1094303,0;789367,0;258650,0;1794;525310,0;;9561;136848,0;308334,0;4691000,0;14930763,0;191505,0;49984,0;384679,0;14745,0;;155476;774390,0;161120,0;0,0
2017-05-17;616201,0;58857,0;463091,0;1591657,0;778754,0;261775,0;7899;475260,0;;5633;120760,0;480208,0;0,0;6259314,0;107358,0;104867,0;486373,0;8530,0;;18680;668940,0;165862,0;0,0
2017-05-18;541396,0;78932,0;1473285,0;1666788,0;924297,0;930681,0;24354;424576,0;;14854;65005,0;238966,0;0,0;14873544,0;304667,0;105950,0;923303,0;13017,0;;38018;1018510,0;138881,0;0,0
2017-05-19;549365,0;157470,0;1622181,0;868691,0;607713,0;549918,0;12349;290350,0;;11437;72577,0;105062,0;0,0;14721872,0;246201,0;47318,0;368792,0;9892,0;;35578;740850,0;78926,0;0,0
2017-05-22;171185,0;32416,0;934187,0;866399,0;635594,0;225555,0;11253;219433,0;;7026;66043,0;238055,0;0,0;11587528,0;201812,0;28167,0;193172,0;8917,0;;58539;553860,0;61975,0;0,0
2017-05-23;270753,0;41670,0;592161,0;913730,0;332062,0;161558,0;10189;193552,0;;13941;163037,0;88544,0;0,0;13867098,0;102439,0;130127,0;346569,0;7772,0;;71939;449200,0;60889,0;0,0
2017-05-24;360749,0;114231,0;426648,0;512083,0;344846,0;217505,0;3028;236362,0;;5974;75503,0;99544,0;0,0;12645734,0;216388,0;238426,0;346138,0;5680,0;;39095;712190,0;98808,0;0,0
2017-05-26;871656,0;127616,0;1409597,0;1032033,0;876892,0;384286,0;8575;621474,0;;28868;270566,0;412803,0;0,0;14378613,0;1656068,0;185850,0;530991,0;31435,0;;57087;1392190,0;399387,0;0,0
2017-05-29;447137,0;83434,0;1044926,0;1354275,0;1098526,0;485293,0;674;752355,0;;17335;54858,0;416581,0;0,0;16463712,0;604096,0;384027,0;516075,0;42751,0;;36710;834500,0;462049,0;0,0
2017-05-30;403404,0;189947,0;996626,0;1108745,0;729275,0;290676,0;3137;797829,0;;7812;155813,0;611833,0;0,0;12426491,0;1968970,0;682852,0;422842,0;29634,0;;20667;1039290,0;672447,0;0,0
2017-05-31;437411,0;91423,0;1017258,0;901335,0;1459675,0;152064,0;19;490019,0;;23928;150133,0;443472,0;4691000,0;14611143,0;498443,0;126649,0;1611373,0;30253,0;;31593;763590,0;328940,0;0,0
2017-06-01;598057,0;63229,0;960719,0;1214279,0;734527,0;480994,0;130122;1072015,0;;17972;150740,0;287033,0;0,0;6898090,0;574136,0;104478,0;521945,0;37573,0;;79231;705790,0;535563,0;0,0
2017-06-02;499216,0;169357,0;1179406,0;846315,0;383046,0;240849,0;531054;451601,0;;5759;116796,0;319711,0;0,0;7649706,0;390076,0;63240,0;540045,0;26250,0;;23072;706050,0;362849,0;0,0
2017-06-05;426712,0;200047,0;889089,0;839335,0;889650,0;387938,0;144258;238570,0;;14016;58355,0;273965,0;0,0;12471967,0;233499,0;88545,0;273285,0;25255,0;;17774;781230,0;188154,0;0,0
2017-06-06;579422,0;181174,0;742915,0;1075886,0;921365,0;259207,0;220479;84779,0;;36605;169342,0;298247,0;4691000,0;9097780,0;414369,0;82766,0;378647,0;21563,0;;101741;874200,0;139857,0;0,0
2017-06-07;345179,0;122128,0;1005831,0;744780,0;955395,0;195278,0;134953;274376,0;;47155;194397,0;384683,0;0,0;8734899,0;428108,0;53308,0;245336,0;7173,0;;116870;450590,0;129161,0;0,0
2017-06-08;651487,0;109368,0;751951,0;325757,0;221018,0;270103,0;3692;99596,0;;37626;199486,0;373977,0;9382000,0;7306086,0;377709,0;84601,0;212412,0;22030,0;;68518;704250,0;193946,0;0,0
2017-06-09;511344,0;121083,0;896428,0;548988,0;302088,0;473917,0;915;236277,0;;8347;64021,0;170920,0;0,0;8080621,0;177192,0;69240,0;298537,0;34433,0;;67565;734140,0;166458,0;0,0
2017-06-12;529415,0;155023,0;1360731,0;965482,0;449295,0;806023,0;9146;329753,0;;11175;89251,0;262537,0;0,0;11418499,0;325778,0;215192,0;443620,0;10752,0;;30679;714900,0;112680,0;0,0
2017-06-13;398367,0;63579,0;486122,0;666889,0;260971,0;265990,0;769;206123,0;;10433;52189,0;155730,0;0,0;5595920,0;170772,0;23887,0;493920,0;17320,0;;9471;660410,0;101448,0;0,0
2017-06-14;580916,0;226773,0;606529,0;599144,0;357535,0;439275,0;35718;271000,0;;17425;60676,0;261474,0;0,0;3911659,0;279569,0;396482,0;211375,0;7381,0;;21718;661600,0;97148,0;0,0
2017-06-15;791239,0;79503,0;1197029,0;885097,0;463712,0;312921,0;2571;174239,0;;20413;148432,0;52945,0;0,0;7145864,0;137185,0;122725,0;212176,0;8893,0;;16290;2326190,0;266882,0;0,0
2017-06-16;706171,0;70224,0;796966,0;981903,0;266185,0;304531,0;2591;434432,0;;10180;49387,0;141901,0;0,0;6526762,0;119141,0;42056,0;235810,0;13534,0;;7756;1469940,0;256860,0;0,0
2017-06-19;769322,0;683022,0;1116428,0;1018544,0;362813,0;448430,0;4154;200872,0;;7666;101894,0;286161,0;0,0;4628048,0;190340,0;95634,0;527431,0;16756,0;;40841;1457870,0;125177,0;0,0
2017-06-21;2994564,0;903721,0;4599472,0;1707766,0;676187,0;1603341,0;9473;418612,0;;25385;188967,0;578294,0;0,0;19319843,0;1008538,0;328399,0;878706,0;24392,0;;66088;3508850,0;378281,0;0,0
2017-06-22;682443,0;182888,0;1657228,0;556111,0;853750,0;500296,0;19559;95820,0;;28567;149424,0;235653,0;0,0;6727876,0;247231,0;161658,0;412122,0;28082,0;;24445;1365550,0;84757,0;0,0
2017-06-23;363214,0;33376,0;852288,0;439165,0;366930,0;680318,0;866;175051,0;;18949;104335,0;144199,0;0,0;10600806,0;141532,0;103683,0;301346,0;49190,0;;232399;639570,0;71714,0;0,0
2017-06-26;424260,0;104745,0;860032,0;495105,0;352525,0;536287,0;1723;160488,0;;55679;129802,0;213713,0;0,0;12279093,0;130917,0;44556,0;221348,0;28177,0;9401324,0;5580;682630,0;48212,0;0,0
2017-06-27;702522,0;92520,0;497874,0;899256,0;411652,0;272149,0;25082;215843,0;;29838;67339,0;131617,0;0,0;6275934,0;165302,0;64153,0;281772,0;25501,0;10462272,0;84603;500220,0;104198,0;0,0
2017-06-28;1128566,0;85438,0;355346,0;3698444,0;341777,0;183009,0;3127;121071,0;;9091;107020,0;83038,0;0,0;7214778,0;414277,0;27544,0;241375,0;23705,0;9236113,0;14680;352670,0;174988,0;0,0
2017-06-29;477762,0;51196,0;665153,0;444803,0;371873,0;131920,0;101735;555375,0;;12232;96881,0;150328,0;0,0;3203832,0;421062,0;92112,0;255713,0;14626,0;5678904,0;11942;557760,0;87795,0;0,0
2017-06-30;601496,0;93644,0;794969,0;1745758,0;334862,0;439184,0;47069;638924,0;;15161;847058,0;301247,0;0,0;11250198,0;394803,0;234223,0;808299,0;24346,0;5712489,0;54346;941820,0;119808,0;0,0
2017-07-03;465077,0;59940,0;1165406,0;1809861,0;396488,0;190112,0;75552;452419,0;;17260;1031558,0;221830,0;0,0;5079015,0;438269,0;82485,0;236338,0;35775,0;8300958,0;32258;588670,0;122465,0;0,0
2017-07-04;190477,0;47636,0;457840,0;714270,0;1360922,0;90019,0;1712;495650,0;;6835;170183,0;197957,0;0,0;8447228,0;175332,0;35494,0;321950,0;11755,0;3271936,0;17106;417600,0;52965,0;0,0
2017-07-05;499531,0;295392,0;1003726,0;1701425,0;1208480,0;203951,0;55521;189524,0;;12711;734132,0;317287,0;0,0;7940574,0;656068,0;63256,0;373604,0;21010,0;8302768,0;75660;1365660,0;87556,0;0,0
2017-07-06;1024376,0;144620,0;1365655,0;1179738,0;1105274,0;198746,0;362696;232520,0;;4320;568269,0;249643,0;0,0;6042995,0;450247,0;102788,0;273250,0;20530,0;3027790,0;83658;496880,0;66714,0;0,0
2017-07-07;341734,0;125766,0;505927,0;402329,0;903634,0;109764,0;303966;111020,0;;5946;155795,0;205010,0;0,0;7896727,0;130063,0;178897,0;155739,0;10933,0;5929184,0;27418;599740,0;35106,0;0,0
2017-07-10;614008,0;56900,0;987761,0;610426,0;550586,0;168197,0;5136;115334,0;;8986;90854,0;201461,0;0,0;7501628,0;151561,0;126141,0;157280,0;10517,0;2558403,0;26404;408020,0;63117,0;0,0
2017-07-11;381394,0;31948,0;1220684,0;727155,0;647441,0;258589,0;21293;118414,0;;19631;178019,0;145298,0;0,0;15844672,0;230816,0;46884,0;344278,0;13533,0;3892054,0;25603;967720,0;43776,0;0,0
2017-07-12;344525,0;25830,0;458847,0;1154014,0;637354,0;557869,0;13012;133852,0;;13330;76597,0;113536,0;0,0;11168835,0;231011,0;99309,0;134856,0;6309,0;5741248,0;33962;779010,0;80129,0;0,0
2017-07-13;435162,0;24906,0;3066717,0;399408,0;245234,0;230759,0;587656;0,0;;14640;165927,0;174631,0;0,0;5121398,0;402525,0;21057,0;556805,0;6058,0;10493746,0;4741;525060,0;92924,0;0,0
2017-07-14;673120,0;80340,0;1739088,0;495812,0;219114,0;194448,0;8137;0,0;;53119;212298,0;306020,0;0,0;13476632,0;265443,0;51281,0;372383,0;23006,0;14213853,0;182576;1245850,0;49148,0;0,0
2017-07-17;625003,0;178123,0;2067357,0;535171,0;258002,0;499527,0;110523;0,0;;16127;185731,0;241679,0;0,0;7652495,0;366548,0;142640,0;593391,0;17949,0;13183171,0;18279;513630,0;232838,0;0,0
2017-07-18;640997,0;196041,0;3130306,0;637082,0;383549,0;498911,0;131397;0,0;;10812;239648,0;540216,0;0,0;8424832,0;485342,0;103682,0;790625,0;16370,0;8664361,0;43947;1138670,0;232055,0;0,0
2017-07-19;620259,0;87214,0;859188,0;577674,0;939390,0;238744,0;30364;0,0;;9530;107518,0;248821,0;0,0;4927581,0;166349,0;59619,0;392750,0;9611,0;9326109,0;31852;5882380,0;768936,0;0,0
2017-07-20;253386,0;61339,0;976506,0;809465,0;584517,0;190141,0;34413;0,0;;5922;58753,0;109150,0;0,0;3580267,0;164810,0;28611,0;205426,0;6376,0;5134302,0;7262;307410,0;381453,0;0,0
2017-07-21;565145,0;187860,0;1977167,0;484677,0;425508,0;118932,0;35995;0,0;;9898;51446,0;127629,0;0,0;3920084,0;302468,0;65150,0;369163,0;11797,0;4991414,0;64127;811840,0;232159,0;0,0
2017-07-24;387613,0;91745,0;1045530,0;863689,0;635393,0;271871,0;3047;0,0;;3742;80875,0;163059,0;0,0;2657819,0;326997,0;39785,0;515682,0;2615,0;7322665,0;12505;1204950,0;92748,0;0,0
2017-07-25;286295,0;57830,0;1054511,0;1055847,0;414604,0;285415,0;5634;0,0;;7948;37649,0;226163,0;0,0;7681412,0;330766,0;77507,0;571952,0;8519,0;4488542,0;59313;537940,0;102703,0;0,0
2017-07-26;298512,0;49484,0;704911,0;416813,0;259417,0;209241,0;14410;0,0;;5706;49235,0;337314,0;0,0;2733324,0;160761,0;84857,0;596741,0;8048,0;4623788,0;14210;207170,0;136600,0;0,0
2017-07-27;250577,0;143715,0;546092,0;1191253,0;298633,0;338371,0;46166;0,0;;6506;62214,0;93768,0;0,0;2583496,0;279422,0;47397,0;670493,0;10726,0;1654218,0;35343;233380,0;188516,0;0,0
2017-07-28;282237,0;131277,0;904094,0;1030769,0;435079,0;192234,0;103720;0,0;;8923;55868,0;163103,0;0,0;5688578,0;685705,0;51344,0;445001,0;6389,0;4279389,0;11626;630400,0;210215,0;0,0
2017-07-31;458774,0;57982,0;643104,0;1051030,0;468607,0;140391,0;2313;0,0;;9335;62547,0;90280,0;0,0;7487359,0;216376,0;46468,0;255185,0;6857,0;2797320,0;19950;929690,0;179421,0;0,0
2017-08-01;295218,0;69878,0;543721,0;2265257,0;248313,0;165031,0;10048;0,0;;2478;72615,0;128425,0;0,0;4306678,0;192000,0;43318,0;164956,0;4261,0;3170275,0;19392;513160,0;70885,0;0,0
2017-08-02;226674,0;50516,0;422877,0;3912024,0;1340594,0;182698,0;68247;0,0;;7109;161060,0;51010,0;0,0;5730110,0;119862,0;78964,0;178451,0;8573,0;1414396,0;26568;436540,0;136895,0;0,0
2017-08-03;313802,0;141970,0;564490,0;1881801,0;1071514,0;127793,0;88669;0,0;;5090;203002,0;202715,0;0,0;5354526,0;270100,0;26116,0;329013,0;3788,0;8848677,0;26640;459340,0;95229,0;0,0
2017-08-04;331521,0;51804,0;1095809,0;1555157,0;792931,0;140263,0;57327;0,0;;2740;98089,0;164722,0;0,0;6321908,0;151230,0;27584,0;222199,0;5458,0;8920071,0;10278;330000,0;36385,0;0,0
2017-08-07;235164,0;49444,0;687441,0;794615,0;547249,0;232249,0;9088;0,0;;10354;127595,0;366172,0;0,0;7007117,0;259180,0;46352,0;261264,0;4490,0;4872760,0;32921;646010,0;136025,0;0,0
2017-08-08;348999,0;65966,0;1083565,0;664642,0;567911,0;287266,0;946;0,0;;6049;95299,0;675774,0;12805420,0;10888646,0;142261,0;65528,0;338150,0;4496,0;5320529,0;45760;712910,0;99745,0;0,0
2017-08-09;470371,0;111251,0;1134765,0;948262,0;1205439,0;445996,0;91845;0,0;;5193;63315,0;528888,0;7151269,0;9599827,0;343202,0;127181,0;317133,0;3607,0;14566798,0;55244;994670,0;91437,0;0,0
2017-08-10;437497,0;88925,0;373934,0;946544,0;590084,0;235144,0;25883;0,0;;8912;65446,0;181493,0;2172447,0;12092889,0;120806,0;26976,0;350586,0;13218,0;5933105,0;15690;554290,0;122298,0;0,0
2017-08-11;740802,0;36034,0;1421258,0;2117831,0;844362,0;325059,0;152270;0,0;;16826;153323,0;356433,0;8327257,0;12214887,0;266374,0;61208,0;720741,0;16052,0;12652848,0;23400;1793860,0;129315,0;0,0
2017-08-14;2029543,0;194093,0;3245487,0;3883717,0;1208227,0;551908,0;324695;0,0;;23049;302837,0;1031634,0;3561028,0;24316517,0;1235394,0;200556,0;1879697,0;9571,0;7898841,0;128337;2058210,0;562932,0;0,0
2017-08-15;1505344,0;202682,0;2832224,0;3702015,0;1221844,0;431400,0;242339;0,0;;12668;249411,0;656608,0;2007410,0;17711113,0;857415,0;134767,0;1401243,0;7108,0;8988448,0;30965;1296530,0;399710,0;0,0
2017-08-16;446843,0;157396,0;1544915,0;2678818,0;796702,0;567200,0;517947;0,0;;24943;98160,0;325679,0;721895,0;11327734,0;970040,0;42153,0;678092,0;8296,0;4288640,0;62632;1070780,0;164507,0;0,0
2017-08-17;372333,0;84414,0;772457,0;2499351,0;1036262,0;641128,0;308316;0,0;;21571;54085,0;241519,0;710906,0;9990201,0;690090,0;43542,0;628882,0;13389,0;11385059,0;78944;645820,0;151243,0;0,0
2017-08-18;464107,0;38204,0;976082,0;1299718,0;1034784,0;631987,0;28847;0,0;;12116;61203,0;256455,0;1308494,0;24068459,0;743815,0;142065,0;453530,0;12463,0;3813019,0;14505;473860,0;105422,0;0,0
2017-08-22;139145,0;51216,0;1632397,0;952746,0;735482,0;270160,0;39414;0,0;;8561;99882,0;220892,0;1625351,0;3503487,0;235113,0;47050,0;386070,0;12298,0;2812000,0;53662;324550,0;60858,0;0,0
2017-08-23;679961,0;116055,0;803412,0;1327261,0;1080983,0;280763,0;29270;0,0;;15364;237580,0;263835,0;5995852,0;8155700,0;606918,0;68873,0;647492,0;14399,0;11643282,0;16093;682810,0;180542,0;0,0
2017-08-24;490211,0;98143,0;927539,0;956765,0;793772,0;630852,0;53859;0,0;;17745;127228,0;292893,0;6281861,0;11541301,0;467145,0;35639,0;517355,0;9223,0;4212119,0;23039;526710,0;123121,0;0,0
2017-08-25;374789,0;84083,0;719452,0;740324,0;825279,0;528520,0;91470;0,0;;17447;88160,0;266518,0;555768,0;12920082,0;525961,0;95389,0;535167,0;11569,0;6263929,0;45028;576610,0;565063,0;0,0
2017-08-28;352653,0;134197,0;655730,0;636547,0;262723,0;719359,0;166708;0,0;;33179;100996,0;481432,0;1005858,0;7965616,0;307283,0;65287,0;725290,0;5993,0;4996844,0;36370;588240,0;177001,0;0,0
2017-08-29;272728,0;55132,0;471676,0;389054,0;308515,0;464819,0;65407;0,0;;28079;61145,0;115090,0;533001,0;10428391,0;190391,0;38768,0;551341,0;5801,0;1200517,0;25941;547750,0;81114,0;0,0
2017-08-30;382342,0;34390,0;505614,0;844161,0;447298,0;171038,0;67906;0,0;;103218;84465,0;440924,0;367963,0;7556768,0;374356,0;73199,0;415926,0;3870,0;3003355,0;36245;596690,0;58023,0;0,0
2017-08-31;577602,0;29175,0;447899,0;889302,0;556961,0;176372,0;147993;0,0;;23793;58741,0;391163,0;486845,0;15745685,0;119077,0;59460,0;259653,0;25555,0;9844064,0;25842;1876280,0;53941,0;0,0
2017-09-01;244311,0;37955,0;505250,0;1487876,0;689299,0;303413,0;51999;0,0;;22923;37555,0;231632,0;565149,0;23127064,0;137102,0;137818,0;205703,0;7871,0;10792493,0;19776;805350,0;69165,0;0,0
2017-09-04;69026,0;30810,0;195713,0;325756,0;282693,0;137273,0;42888;0,0;;26617;12572,0;107776,0;738330,0;13433918,0;55462,0;72832,0;175248,0;4595,0;16637815,0;15916;175410,0;30861,0;0,0
2017-09-05;0,0;0,0;0,0;0,0;0,0;0,0;0;504043,0;;0;0,0;0,0;0,0;0,0;0,0;0,0;0,0;0,0;5587903,0;0;0,0;0,0;0,0
2017-09-06;0,0;0,0;0,0;0,0;0,0;0,0;0;688846,0;;0;0,0;0,0;0,0;0,0;0,0;0,0;0,0;0,0;32897344,0;0;0,0;0,0;0,0
2017-09-07;0,0;0,0;0,0;0,0;0,0;0,0;0;197358,0;;0;0,0;0,0;0,0;0,0;0,0;0,0;0,0;0,0;22060306,0;0;0,0;0,0;0,0
2017-09-08;0,0;0,0;0,0;0,0;0,0;0,0;0;114147,0;;0;0,0;0,0;0,0;0,0;0,0;0,0;0,0;0,0;10337685,0;0;0,0;0,0;0,0
2017-09-11;0,0;0,0;0,0;0,0;0,0;0,0;0;72794,0;;0;0,0;0,0;0,0;0,0;0,0;0,0;0,0;0,0;3939818,0;0;0,0;0,0;0,0
2017-09-12;305026,0;77868,0;646127,0;542814,0;629960,0;624297,0;58682;260858,0;;84842;59147,0;328176,0;646582,0;14576170,0;147674,0;52368,0;402378,0;29197,0;24317146,0;167045;549280,0;121578,0;0,0
2017-09-13;611740,0;178033,0;822912,0;1765367,0;607224,0;599541,0;0;352150,0;;32336;147533,0;156457,0;187266,0;7578077,0;185868,0;74837,0;571494,0;6251,0;13608516,0;118156;388120,0;0,0;0,0
2017-09-14;316030,0;70934,0;528258,0;672364,0;388937,0;248233,0;0;83553,0;;33972;34739,0;84658,0;2312757,0;5757468,0;97607,0;37474,0;476035,0;8032,0;4340526,0;93667;751150,0;0,0;0,0
2017-09-15;253282,0;149697,0;448429,0;568763,0;301222,0;444618,0;0;143530,0;;7621;141772,0;83610,0;874116,0;4088953,0;106628,0;34859,0;502575,0;6495,0;4662200,0;108490;509030,0;0,0;0,0
2017-09-18;390091,0;117874,0;725035,0;1127585,0;732528,0;781338,0;0;197549,0;;5589;95704,0;131710,0;430484,0;26141002,0;164613,0;50584,0;801080,0;11322,0;3210799,0;122656;316390,0;0,0;0,0
2017-09-19;599237,0;91126,0;963880,0;763981,0;389829,0;318683,0;95760;303918,0;;21670;87238,0;416450,0;1291103,0;11741969,0;639399,0;61061,0;983665,0;24596,0;8175265,0;131879;343900,0;586879,0;0,0
2017-09-20;385906,0;58632,0;818323,0;1946772,0;559331,0;624384,0;123558;243254,0;;22877;33249,0;396750,0;2231059,0;8742867,0;503636,0;61060,0;578818,0;21251,0;5300016,0;240844;652880,0;237588,0;0,0
2017-09-21;406309,0;98089,0;1075352,0;1884998,0;992231,0;543016,0;96749;623042,0;;16961;71286,0;482218,0;1846722,0;6160410,0;453929,0;248678,0;679379,0;27946,0;14589121,0;104409;478900,0;456194,0;0,0
2017-09-22;564011,0;175577,0;683684,0;3724265,0;1238850,0;538737,0;76186;390731,0;;174541;56067,0;243009,0;1294616,0;25063434,0;389949,0;264200,0;414523,0;14341,0;7683756,0;82074;1008800,0;179813,0;0,0
2017-09-25;885767,0;119873,0;686441,0;605963,0;445685,0;606013,0;67038;1301393,0;;111807;39800,0;400036,0;929206,0;69803364,0;228722,0;23441,0;568763,0;7116,0;11408388,0;163451;1139240,0;294661,0;0,0
2017-09-26;1250032,0;107355,0;1162041,0;1866269,0;459242,0;509700,0;433436;4386392,0;;44967;84953,0;556133,0;1323985,0;22135112,0;376085,0;70104,0;527586,0;23344,0;9010972,0;64221;2850350,0;287780,0;0,0
2017-09-27;814802,0;32119,0;1134360,0;936672,0;585110,0;406258,0;110190;2408049,0;;57403;89720,0;178567,0;1135702,0;77611641,0;246754,0;94512,0;343077,0;16238,0;10567553,0;54353;2088330,0;112884,0;0,0
2017-09-28;1092339,0;129923,0;789135,0;701646,0;1179085,0;674074,0;77188;2021190,0;;63264;185037,0;127637,0;1494937,0;71094924,0;407124,0;135575,0;509609,0;10726,0;13521737,0;266491;1059300,0;90857,0;0,0
2017-09-29;1168742,0;97118,0;1730319,0;1845928,0;1151137,0;596238,0;144197;2920468,0;;26100;142058,0;126256,0;1947431,0;36118209,0;903647,0;362605,0;443481,0;24187,0;24082252,0;201416;1832870,0;212592,0;0,0
2017-10-02;1236866,0;108897,0;1206762,0;776305,0;612306,0;572360,0;163485;1682385,0;;30372;67996,0;263730,0;2238989,0;12266766,0;359041,0;205248,0;434234,0;15155,0;4603677,0;38675;2818730,0;251889,0;0,0
2017-10-03;1481706,0;76297,0;861920,0;1048824,0;473301,0;476794,0;144542;938999,0;;23797;273541,0;286362,0;2985788,0;46868085,0;389772,0;85489,0;321900,0;27734,0;4267826,0;38576;1014470,0;234965,0;0,0
2017-10-04;1325876,0;149696,0;1088889,0;719495,0;779594,0;280909,0;44100;673849,0;;21556;86608,0;222534,0;1856406,0;30633039,0;275661,0;87415,0;329833,0;24971,0;13189104,0;71439;1138490,0;179643,0;0,0
2017-10-05;1181852,0;116244,0;972513,0;1874358,0;753462,0;420951,0;74716;1379768,0;;28999;93364,0;278984,0;7872353,0;47110049,0;640146,0;141355,0;682627,0;55693,0;8188337,0;60441;1551420,0;224148,0;0,0
2017-10-06;503532,0;117616,0;1198437,0;1849787,0;320650,0;637213,0;42400;1532391,0;;16454;35553,0;153066,0;9389099,0;30471730,0;268250,0;57728,0;282850,0;11942,0;4366771,0;46642;1138720,0;148915,0;0,0
2017-10-10;457173,0;89066,0;823102,0;1529001,0;795223,0;672871,0;100331;1857314,0;;45141;69155,0;183726,0;4619798,0;23751085,0;438356,0;100093,0;599562,0;51280,0;5965886,0;74599;974080,0;143711,0;0,0
2017-10-11;557141,0;90256,0;824430,0;3878799,0;979445,0;1145882,0;431216;1116393,0;;62696;116564,0;322878,0;4157274,0;23646333,0;390037,0;117939,0;262609,0;63413,0;11860983,0;59203;573570,0;200917,0;0,0
2017-10-12;639225,0;128269,0;1070565,0;1427373,0;714082,0;442671,0;137158;625022,0;;37294;101937,0;197122,0;2466947,0;21639136,0;282018,0;138234,0;394748,0;24768,0;6539548,0;63818;348790,0;147629,0;0,0
2017-10-13;384614,0;89092,0;467121,0;585101,0;342739,0;1233298,0;80021;617708,0;;23464;166298,0;178169,0;1496498,0;11261396,0;260213,0;46054,0;647090,0;26435,0;11975916,0;552048;811270,0;214568,0;0,0
2017-10-17;638338,0;240875,0;1848486,0;1073474,0;482090,0;300827,0;204525;458347,0;;33482;26415,0;171365,0;1861494,0;18239124,0;336235,0;96915,0;565504,0;15375,0;20336906,0;158105;699940,0;145270,0;0,0
2017-10-18;590381,0;283455,0;1467184,0;1846675,0;699666,0;451096,0;131094;864955,0;;18017;138260,0;211431,0;1464261,0;13315559,0;239935,0;156711,0;652644,0;9237,0;36234641,0;112143;855490,0;218711,0;0,0
2017-10-19;536877,0;119610,0;1041373,0;1881629,0;947895,0;285180,0;72025;1386364,0;;32701;142391,0;284023,0;11973860,0;32778488,0;389532,0;179498,0;559457,0;12691,0;41795394,0;46397;1265630,0;216747,0;0,0
2017-10-20;778506,0;258013,0;2410759,0;2374097,0;1325887,0;597630,0;212299;1149557,0;;30113;154468,0;383637,0;9814533,0;35785574,0;514354,0;125520,0;575384,0;11018,0;16256714,0;153477;2197050,0;260387,0;0,0
2017-10-23;1458186,0;183210,0;2056030,0;3783253,0;2069256,0;904978,0;272753;2241738,0;;28091;191321,0;240593,0;9865094,0;58259039,0;324047,0;190977,0;1062791,0;28493,0;21386994,0;383589;2553950,0;268741,0;0,0
2017-10-24;575622,0;194645,0;1480985,0;1370802,0;1270044,0;985098,0;108287;779668,0;;26716;145850,0;222573,0;6057859,0;65851103,0;539715,0;144590,0;563342,0;9057,0;11660779,0;523707;1245720,0;290267,0;0,0
2017-10-25;386962,0;101954,0;1338309,0;1323209,0;1490883,0;432025,0;44782;1208214,0;;15317;123302,0;247013,0;3552549,0;84549821,0;423661,0;155306,0;629159,0;11688,0;12309354,0;196760;1984930,0;108805,0;0,0
2017-10-26;293515,0;64261,0;847048,0;1379777,0;895706,0;419804,0;63223;763529,0;;9683;128465,0;176806,0;4677148,0;62255668,0;215423,0;112703,0;255025,0;7756,0;16888999,0;195956;1284910,0;114676,0;0,0
2017-10-27;261098,0;152714,0;826332,0;1714240,0;672322,0;545392,0;71447;494697,0;;9560;114476,0;135797,0;8202483,0;26244619,0;212192,0;170876,0;191680,0;16497,0;7850575,0;81504;617570,0;59308,0;0,0
2017-10-30;238180,0;119919,0;1012678,0;1878637,0;628044,0;582631,0;45403;248719,0;;6712;65232,0;186964,0;4769813,0;21378651,0;265533,0;63770,0;244252,0;14602,0;7777271,0;63647;704990,0;69622,0;0,0
2017-10-31;198471,0;109234,0;610191,0;1808300,0;1344600,0;776115,0;49107;959611,0;;20005;110764,0;127847,0;1393263,0;21449147,0;263873,0;159504,0;275235,0;9936,0;6751014,0;302454;487780,0;98185,0;0,0
2017-11-01;292501,0;87380,0;994069,0;1395952,0;922123,0;819077,0;34487;1484218,0;3498760,0;17660;126084,0;162939,0;4498817,0;15232274,0;401320,0;337009,0;542125,0;26514,0;16777585,0;166260;915590,0;131142,0;0,0
2017-11-02;544249,0;178653,0;657558,0;814857,0;823602,0;1030802,0;77641;1335069,0;0,0;35614;48784,0;163465,0;4050636,0;27219561,0;152176,0;192267,0;347960,0;11927,0;7086765,0;89497;592960,0;145069,0;0,0
2017-11-03;438045,0;148060,0;1208904,0;998943,0;861516,0;1081782,0;133786;1152687,0;814176,0;9602;63800,0;103339,0;3825002,0;11931863,0;621108,0;128913,0;500446,0;12217,0;2896768,0;207131;532670,0;46863,0;0,0
2017-11-07;622425,0;183263,0;777774,0;3231670,0;1196745,0;1100776,0;58382;1531134,0;534263,0;11181;53145,0;252459,0;2420693,0;11975569,0;287306,0;124470,0;256842,0;10765,0;6460714,0;196522;1077640,0;136145,0;0,0
2017-11-08;365514,0;158131,0;1469665,0;2839567,0;1272146,0;414465,0;131213;818132,0;389262,0;5300;109004,0;199426,0;3771640,0;17195576,0;162189,0;456456,0;698718,0;13268,0;6888874,0;162299;960790,0;119800,0;0,0
2017-11-09;1731211,0;116410,0;777321,0;1024364,0;803428,0;618785,0;183066;3776465,0;373747,0;19953;38506,0;165597,0;5532062,0;9563304,0;109841,0;199611,0;908361,0;13508,0;9395089,0;196294;666260,0;93499,0;0,0
2017-11-10;318643,0;57286,0;597267,0;1741820,0;806714,0;664589,0;25807;1748928,0;384201,0;28727;71094,0;138398,0;3284458,0;34317775,0;100366,0;59694,0;259201,0;9109,0;4859990,0;148463;995380,0;131155,0;0,0
2017-11-13;264580,0;74073,0;832430,0;662996,0;838887,0;386810,0;91180;350733,0;206096,0;19973;59038,0;82772,0;1867306,0;13084746,0;171361,0;76332,0;224962,0;6133,0;2695559,0;55390;758440,0;63794,0;0,0
2017-11-14;666230,0;976490,0;2054017,0;1132890,0;1449491,0;671769,0;85318;743197,0;222649,0;57824;136401,0;184839,0;3943917,0;14458567,0;316650,0;106166,0;422853,0;7761,0;5621287,0;84920;700970,0;131568,0;0,0
2017-11-15;1137340,0;1684532,0;1530867,0;2355757,0;981241,0;463441,0;315888;1195987,0;403619,0;17641;215875,0;578499,0;3411362,0;23985631,0;437356,0;118400,0;622816,0;26606,0;4035545,0;186720;1494980,0;125080,0;0,0
2017-11-16;897448,0;807228,0;1283446,0;1412376,0;1034157,0;374389,0;97888;817055,0;244688,0;22350;191850,0;365365,0;2237773,0;10976246,0;782105,0;118961,0;553215,0;13819,0;5146469,0;117847;810760,0;142840,0;0,0
2017-11-17;405191,0;524596,0;443954,0;684290,0;447652,0;202809,0;28658;523417,0;162035,0;10350;58185,0;313562,0;1984709,0;7879764,0;225104,0;49017,0;245199,0;6182,0;2361517,0;40747;301720,0;261903,0;0,0
2017-11-21;858177,0;668928,0;700574,0;436263,0;317060,0;261452,0;48218;1244585,0;304979,0;16949;101399,0;84513,0;1475132,0;11048585,0;373065,0;78161,0;388394,0;11252,0;3318493,0;60309;474860,0;150169,0;0,0
2017-11-22;393610,0;579892,0;976899,0;760577,0;861607,0;404889,0;87826;904595,0;311960,0;8794;63163,0;145472,0;2023817,0;9338066,0;477648,0;100300,0;346068,0;17679,0;3395115,0;146655;626610,0;110294,0;0,0
2017-11-23;112827,0;131416,0;287547,0;540280,0;417967,0;142537,0;24662;305245,0;185417,0;6869;22248,0;31790,0;5990414,0;26173887,0;61852,0;32650,0;153729,0;11952,0;2734171,0;14411;215630,0;29595,0;0,0
2017-11-24;166593,0;388461,0;395495,0;381963,0;263213,0;257671,0;43700;463654,0;143256,0;21112;39051,0;83034,0;6215996,0;15666778,0;483740,0;41497,0;236325,0;4268,0;4097889,0;62587;738520,0;215248,0;0,0
2017-11-28;438225,0;147980,0;606130,0;884935,0;767217,0;424399,0;45744;644827,0;248938,0;14484;53530,0;76374,0;2455605,0;29755005,0;120052,0;156692,0;360583,0;4333,0;8948226,0;33731;682260,0;104339,0;0,0
2017-11-29;524318,0;77729,0;419140,0;937515,0;407346,0;252787,0;19234;482891,0;87243,0;22034;27793,0;230655,0;2212298,0;10184301,0;226709,0;35560,0;100146,0;6295,0;30925676,0;23052;485380,0;62684,0;0,0
2017-11-30;526658,0;81781,0;459435,0;894167,0;559810,0;193442,0;53190;247763,0;117097,0;9780;20499,0;75169,0;1329876,0;6589055,0;229810,0;104088,0;151265,0;12826,0;16306086,0;116260;299650,0;67124,0;0,0
2017-12-01;643499,0;52410,0;445341,0;570326,0;303442,0;247472,0;53826;647641,0;62301,0;6254;95034,0;61853,0;606998,0;11156125,0;127251,0;11137,0;375411,0;3762,0;3103709,0;63888;322380,0;34151,0;0,0
2017-12-04;561409,0;118750,0;910676,0;815484,0;563872,0;350329,0;93901;459686,0;83813,0;14140;76598,0;129345,0;2838339,0;24735335,0;349005,0;66577,0;195356,0;3594,0;8804635,0;36309;581650,0;75330,0;0,0
2017-12-05;566201,0;189983,0;727249,0;925398,0;465281,0;386639,0;26994;308228,0;128116,0;21279;172756,0;197053,0;2095097,0;21432137,0;398836,0;68066,0;223290,0;7383,0;20525747,0;35312;1089180,0;94482,0;0,0
2017-12-06;683353,0;390422,0;782471,0;1992491,0;300109,0;255744,0;204854;339949,0;49281,0;28557;132242,0;196781,0;4766201,0;14876061,0;431553,0;111867,0;408838,0;9976,0;15515729,0;125646;671830,0;76876,0;0,0
2017-12-07;923499,0;215650,0;689664,0;1275647,0;599658,0;232383,0;47359;203075,0;67960,0;5631;133961,0;172017,0;5029460,0;26237485,0;445902,0;80228,0;161846,0;5323,0;12042282,0;43211;317210,0;39184,0;0,0
2017-12-11;1172298,0;199770,0;720395,0;1575343,0;456162,0;290628,0;61743;319598,0;101912,0;8196;110180,0;379703,0;6498147,0;11940794,0;374310,0;87168,0;167937,0;13937,0;20556516,0;252563;584080,0;197068,0;0,0
2017-12-12;1202295,0;206669,0;691214,0;835684,0;533393,0;261871,0;61136;297644,0;61388,0;16779;93122,0;128437,0;2519642,0;16112056,0;258671,0;57113,0;171215,0;15067,0;10498371,0;42268;937670,0;224657,0;0,0
2017-12-13;1098520,0;200636,0;524845,0;1865372,0;733157,0;357656,0;174445;250272,0;67342,0;23529;73190,0;170174,0;2834552,0;10555444,0;344231,0;65431,0;191126,0;19583,0;8517954,0;105627;1145840,0;278891,0;0,0
2017-12-14;3196688,0;162278,0;1758898,0;2328544,0;1053136,0;949898,0;575232;1769999,0;170034,0;25208;134364,0;332809,0;7316396,0;28812618,0;1045336,0;181636,0;683804,0;13086,0;47365298,0;178651;1705340,0;283443,0;0,0
2017-12-15;754908,0;76753,0;1033437,0;1161997,0;785579,0;514184,0;194563;1333535,0;79522,0;21491;183497,0;120323,0;2451135,0;20047685,0;286223,0;108277,0;230204,0;5240,0;16636407,0;48617;1636790,0;248065,0;0,0
2017-12-18;596486,0;145960,0;839634,0;1454727,0;810756,0;351724,0;142146;213458,0;45344,0;22528;180646,0;172415,0;2272742,0;8675537,0;277438,0;48110,0;149574,0;8752,0;4541736,0;55056;613570,0;121055,0;0,0
2017-12-19;786650,0;182242,0;1269508,0;884078,0;698955,0;517676,0;194887;546527,0;256595,0;8247;150798,0;160554,0;4099208,0;33263171,0;394397,0;140115,0;250669,0;16811,0;21644614,0;65438;1200680,0;115434,0;0,0
2017-12-20;504075,0;108663,0;766416,0;792217,0;372865,0;351736,0;354246;361085,0;67990,0;6324;152660,0;134288,0;5377180,0;23004404,0;287232,0;60020,0;243964,0;5759,0;19622769,0;68923;1331860,0;140825,0;0,0
2017-12-21;446219,0;62021,0;1255587,0;745210,0;599746,0;481284,0;171309;385098,0;103080,0;12568;134835,0;130092,0;4604509,0;16536685,0;145904,0;74198,0;399012,0;16463,0;15671488,0;135422;702630,0;196493,0;0,0
2017-12-22;394559,0;93410,0;1025816,0;967662,0;738129,0;268169,0;72400;664875,0;81036,0;20340;116917,0;127344,0;2853725,0;17995176,0;257329,0;136509,0;656250,0;12732,0;12891664,0;86027;718800,0;117895,0;0,0
2017-12-26;514736,0;171556,0;1114653,0;1106562,0;1031149,0;338608,0;49824;1434922,0;122303,0;20604;54599,0;130179,0;3198444,0;40966743,0;258512,0;71277,0;382391,0;24447,0;9503286,0;35704;1767200,0;271026,0;0,0
2017-12-27;734136,0;88923,0;917369,0;1275943,0;849890,0;437121,0;99578;610644,0;90396,0;13985;124137,0;117324,0;4172084,0;34003804,0;269543,0;240303,0;638090,0;14202,0;12028405,0;113113;671830,0;199041,0;0,0
2017-12-28;290876,0;85342,0;1837926,0;954929,0;1073894,0;1173775,0;30690;786432,0;69613,0;16582;252117,0;127405,0;2851165,0;10973459,0;329642,0;67012,0;570617,0;26703,0;10936989,0;196250;1323460,0;154594,0;0,0
2018-01-01;0,0;0,0;0,0;0,0;0,0;0,0;0;0,0;0,0;0;0,0;0,0;0,0;0,0;0,0;0,0;0,0;0,0;0,0;0;0,0;0,0;
2018-01-02;393713,0;124658,0;838708,0;2222923,0;1617899,0;498537,0;158725;2156682,0;119780,0;54999;122012,0;149070,0;6554009,0;22956446,0;276139,0;125278,0;455554,0;16296,0;27855049,0;208512;1204990,0;147297,0;0,0
2018-01-03;453943,0;109522,0;851223,0;1873708,0;1572324,0;454199,0;104332;3469253,0;195267,0;45452;60171,0;115021,0;5019863,0;10703665,0;311270,0;118534,0;539298,0;12708,0;23812766,0;39847;1263750,0;98677,0;0,0
2018-01-04;636362,0;178105,0;1071040,0;2607688,0;1346372,0;847483,0;155708;3729130,0;336986,0;42568;112756,0;97078,0;5597606,0;11393883,0;251900,0;102061,0;515171,0;14416,0;36698900,0;100827;1091610,0;94223,0;0,0
2018-01-05;657700,0;244769,0;942406,0;1600132,0;1177073,0;541846,0;166092;2399549,0;281532,0;19324;124028,0;139876,0;3127119,0;7732063,0;300661,0;85750,0;496137,0;28571,0;22910191,0;75429;1046450,0;100872,0;0,0
2018-01-08;539063,0;144300,0;1099310,0;1702001,0;875677,0;655382,0;144970;1367111,0;160114,0;36687;94317,0;458739,0;3300169,0;8001573,0;526546,0;170866,0;673835,0;16046,0;12119608,0;72998;1372710,0;209483,0;0,0
2018-01-09;434950,0;42765,0;560636,0;1027532,0;613214,0;419416,0;60690;2635514,0;158872,0;15865;48069,0;261419,0;6020912,0;8227991,0;354731,0;133512,0;1620742,0;20248,0;8895837,0;55665;2476660,0;57144,0;0,0
2018-01-10;383350,0;134145,0;977486,0;858241,0;424104,0;337770,0;130779;715461,0;66571,0;12710;85034,0;199952,0;2778987,0;9838295,0;483335,0;92411,0;631289,0;18680,0;18869316,0;52762;887760,0;80222,0;0,0
2018-01-11;268929,0;78290,0;1677564,0;1337823,0;446604,0;1196372,0;72082;1050804,0;130032,0;25518;73946,0;125897,0;5081478,0;11796825,0;1631300,0;75464,0;358952,0;13473,0;17230884,0;390262;1525220,0;79098,0;0,0
2018-01-12;584711,0;101195,0;1440483,0;2574047,0;1299041,0;1254187,0;106771;2145903,0;245328,0;28892;59707,0;243740,0;9503005,0;8592236,0;489441,0;81931,0;573676,0;14982,0;38216767,0;267298;1365970,0;84590,0;0,0
2018-01-15;270073,0;138390,0;1043318,0;3423973,0;1950275,0;1016154,0;99081;2301854,0;165651,0;24943;60875,0;205324,0;11418343,0;15185166,0;316500,0;152960,0;954572,0;25515,0;17399212,0;76224;809660,0;68810,0;0,0
2018-01-16;694905,0;158320,0;2541715,0;3913692,0;881811,0;747930,0;166533;2297367,0;371557,0;12312;151295,0;1256711,0;9322272,0;8661126,0;622193,0;115457,0;528054,0;10944,0;12178835,0;289527;1754180,0;89073,0;0,0
2018-01-17;561308,0;166562,0;1747183,0;7726747,0;911443,0;760689,0;73149;2613281,0;246932,0;17365;74586,0;268824,0;11458580,0;10316883,0;311427,0;80853,0;1563296,0;17655,0;11200341,0;118210;1010380,0;93813,0;0,0
2018-01-18;457287,0;269677,0;1542109,0;3322254,0;1578847,0;630396,0;76929;1681873,0;119042,0;38063;79539,0;316191,0;8284911,0;49355571,0;440170,0;66103,0;1701891,0;21028,0;20869944,0;85547;1080110,0;52283,0;0,0
2018-01-19;428086,0;200557,0;841500,0;1899528,0;1421975,0;365626,0;68347;2647869,0;198963,0;51235;135059,0;183478,0;10953453,0;42815513,0;382549,0;54750,0;418895,0;11133,0;13973025,0;55411;1271480,0;45705,0;0,0
2018-01-22;200546,0;71663,0;827278,0;746998,0;280790,0;613107,0;48736;1279517,0;89336,0;17664;79316,0;183012,0;6390297,0;12951834,0;290978,0;47753,0;356405,0;4937,0;9307306,0;70621;809590,0;50307,0;0,0
2018-01-23;419421,0;303600,0;985083,0;2658605,0;792780,0;207733,0;210112;1303842,0;255046,0;13187;141645,0;295594,0;4787422,0;21873871,0;264100,0;1532431,0;341158,0;10758,0;23473999,0;185180;1689220,0;39246,0;0,0
2018-01-24;515621,0;232502,0;729928,0;2208538,0;1517237,0;376227,0;145654;1571462,0;144860,0;15707;70244,0;162327,0;5230156,0;24799594,0;226751,0;179693,0;513098,0;20723,0;40456413,0;121043;1669110,0;68319,0;0,0
2018-01-25;445176,0;163745,0;744848,0;2922233,0;994163,0;621484,0;144822;1796434,0;118586,0;9121;57055,0;225087,0;4425495,0;37899319,0;304960,0;61606,0;940638,0;45664,0;34019631,0;127611;1504540,0;118424,0;0,0
2018-01-26;490731,0;112663,0;461069,0;2049408,0;673117,0;1004154,0;51543;1502933,0;125906,0;30020;116168,0;161009,0;4228014,0;14222178,0;217395,0;69165,0;300609,0;20248,0;16728213,0;137029;900620,0;62160,0;0,0
2018-01-29;305099,0;150561,0;867154,0;1154534,0;1336498,0;366040,0;138830;946827,0;98898,0;68577;170086,0;307800,0;5433577,0;15051971,0;354312,0;69892,0;227792,0;26745,0;7025728,0;58343;2207630,0;286722,0;0,0
2018-01-30;586905,0;73294,0;583388,0;815459,0;1037866,0;923504,0;184512;1624363,0;108099,0;24053;108968,0;520199,0;4748082,0;13166865,0;292034,0;119033,0;491428,0;5135,0;17471510,0;34328;1699480,0;75200,0;0,0
2018-01-31;581965,0;179354,0;931797,0;1571805,0;1005092,0;1356012,0;219798;2547887,0;141208,0;33361;158693,0;858279,0;5689053,0;10051767,0;387547,0;341246,0;1559350,0;6218,0;27695771,0;51148;1115980,0;50862,0;0,0
2018-02-01;566254,0;82311,0;577223,0;730184,0;528656,0;807353,0;90679;2813361,0;177898,0;22233;99391,0;271927,0;3334098,0;8853100,0;282355,0;125261,0;310275,0;12202,0;13962065,0;33626;568920,0;33922,0;0,0
2018-02-02;835781,0;210034,0;1606641,0;1587956,0;660032,0;960010,0;199929;24167082,0;211362,0;32586;111319,0;262529,0;5347081,0;18175716,0;630211,0;119952,0;681495,0;8277,0;14805011,0;180899;1238590,0;126961,0;0,0
2018-02-05;611014,0;119016,0;1815108,0;1816664,0;600114,0;312222,0;88599;2864629,0;170821,0;22026;111308,0;322243,0;10691613,0;31203905,0;564928,0;265654,0;1253328,0;9714,0;16155456,0;122794;1439260,0;129200,0;0,0
2018-02-06;1195339,0;239354,0;2446990,0;1595498,0;641293,0;496922,0;158274;3352091,0;270147,0;31733;115133,0;735442,0;8093146,0;21970921,0;659958,0;185918,0;1507413,0;9113,0;16089894,0;68671;2288090,0;118244,0;0,0
2018-02-07;678115,0;167637,0;1261510,0;1183528,0;1071253,0;562948,0;84311;2448663,0;104906,0;11930;77660,0;240160,0;6443751,0;10196586,0;470093,0;123792,0;961213,0;9164,0;10969066,0;56935;1383370,0;78716,0;0,0
2018-02-08;816788,0;198767,0;945449,0;909035,0;583842,0;152998,0;80078;1919789,0;93706,0;29356;103636,0;503035,0;3450505,0;12733306,0;252712,0;118653,0;715268,0;8844,0;14982590,0;89863;1703720,0;95366,0;0,0
2018-02-09;1081772,0;200302,0;1566407,0;1314189,0;467465,0;331461,0;141616;2269183,0;114412,0;20830;258724,0;374009,0;6458513,0;28907589,0;474095,0;186433,0;1279542,0;11013,0;12933092,0;165181;1650430,0;173243,0;0,0
2018-02-14;768305,0;226449,0;831282,0;794381,0;276771,0;288729,0;86130;1161445,0;111947,0;7450;41775,0;277203,0;4082756,0;17112276,0;240046,0;87352,0;552608,0;5956,0;16461845,0;78148;1526920,0;193007,0;0,0
2018-02-15;660676,0;260014,0;1464858,0;1259570,0;624388,0;283244,0;90459;3658416,0;135103,0;9994;89941,0;332499,0;7252913,0;24062789,0;299488,0;126946,0;616365,0;5654,0;11659874,0;29927;929460,0;110508,0;0,0
2018-02-16;928789,0;379525,0;2270822,0;963008,0;480472,0;249734,0;321197;1894308,0;204085,0;19117;92716,0;454827,0;6275287,0;20802304,0;325454,0;259317,0;547228,0;9720,0;29527669,0;51012;1094690,0;140947,0;0,0
2018-02-19;186016,0;127034,0;460783,0;1549288,0;620188,0;350976,0;50167;1001265,0;46627,0;8364;46183,0;141340,0;3311504,0;10537679,0;73300,0;90132,0;344622,0;9556,0;12093162,0;55232;304310,0;37007,0;0,0
2018-02-20;369579,0;551369,0;1098417,0;1221998,0;951147,0;695288,0;266995;1009780,0;118959,0;7820;328431,0;203625,0;3227028,0;7890301,0;197310,0;157853,0;374612,0;5164,0;4749280,0;53896;742540,0;217206,0;0,0
2018-02-21;237427,0;210173,0;780624,0;874337,0;621090,0;1179987,0;103973;969777,0;21326,0;8627;103688,0;235502,0;2267703,0;7764145,0;183711,0;48076,0;179976,0;4732,0;4763056,0;68311;1255510,0;125055,0;0,0
2018-02-22;533858,0;215216,0;569632,0;738692,0;457804,0;2187701,0;164616;980519,0;51985,0;7477;114481,0;95536,0;1754558,0;16525770,0;131977,0;76702,0;380421,0;6108,0;10262270,0;62052;827020,0;80694,0;0,0
2018-02-23;574586,0;139216,0;750709,0;607133,0;494859,0;1277133,0;222405;669777,0;38255,0;9369;313209,0;116458,0;2925816,0;14698877,0;287396,0;69610,0;342447,0;15600,0;10880779,0;96905;934580,0;81068,0;0,0
2018-02-26;515418,0;121062,0;951809,0;1104456,0;306146,0;501890,0;68479;923267,0;43922,0;6430;184656,0;198015,0;5636435,0;5596348,0;260073,0;78080,0;351482,0;847,0;35064289,0;43086;921240,0;132394,0;0,0
2018-02-27;388173,0;150130,0;644324,0;1254601,0;1167460,0;547280,0;97642;2017300,0;52027,0;15700;31580,0;184068,0;3135080,0;17263096,0;388734,0;74607,0;518458,0;6967,0;11902813,0;118085;1380950,0;118208,0;0,0
2018-02-28;520832,0;157346,0;716344,0;786266,0;834115,0;872645,0;262267;1306614,0;0,0;10522;51308,0;577580,0;2913694,0;6175718,0;612160,0;295982,0;586942,0;5120,0;0,0;19072;651100,0;49575,0;0,0
2018-03-01;346472,0;225614,0;689563,0;1128971,0;779164,0;527025,0;306952;1188347,0;94066,0;20633;119766,0;372082,0;3901230,0;9706185,0;1191296,0;121843,0;419286,0;5677,0;40275516,0;63867;1614110,0;25816,0;0,0
2018-03-02;680681,0;478948,0;957927,0;2939237,0;962425,0;400912,0;201143;564044,0;128291,0;24002;77746,0;302917,0;2753182,0;15843065,0;398632,0;71703,0;1204956,0;2700,0;15444738,0;79304;1284610,0;92946,0;0,0
2018-03-05;334602,0;101306,0;863111,0;1914088,0;737894,0;242691,0;43762;836738,0;134019,0;10608;31674,0;426947,0;1648404,0;6664938,0;275802,0;25865,0;1032843,0;2959,0;9448182,0;36249;1153700,0;135294,0;0,0
2018-03-06;357811,0;176538,0;978626,0;1930594,0;1130070,0;389948,0;102654;1299073,0;59393,0;34581;195545,0;69765,0;2074187,0;11343562,0;313211,0;59869,0;389930,0;2141,0;7667265,0;23345;825510,0;133789,0;0,0
2018-03-07;213088,0;87125,0;325217,0;1627539,0;928171,0;320068,0;27609;664474,0;61182,0;12877;69857,0;136131,0;2847192,0;13289761,0;154753,0;28855,0;291138,0;2110,0;9772771,0;13786;166170,0;51777,0;0,0
2018-03-08;213602,0;170937,0;633610,0;1120411,0;543721,0;278709,0;138028;623871,0;111301,0;10682;190585,0;190993,0;4195194,0;8328160,0;162029,0;69436,0;277454,0;9661,0;9104990,0;13010;455760,0;54055,0;0,0
2018-03-09;365783,0;192582,0;1643366,0;988651,0;486071,0;384307,0;93990;1533624,0;241203,0;29898;79719,0;346307,0;4280022,0;7664024,0;246876,0;60524,0;860694,0;15256,0;13198857,0;48190;1392290,0;50154,0;0,0
2018-03-12;838448,0;94274,0;921170,0;907971,0;371446,0;260682,0;71847;0,0;0,0;13062;78438,0;75388,0;3061789,0;12689175,0;329933,0;94244,0;388199,0;18732,0;13351801,0;110482;1392470,0;50876,0;0,0
2018-03-13;433849,0;81659,0;1227387,0;744478,0;325772,0;204927,0;29486;956354,0;98526,0;18534;44646,0;204667,0;2293813,0;16275633,0;163281,0;642,0;438280,0;19824,0;16411065,0;72931;542870,0;28817,0;0,0
2018-03-14;256169,0;44483,0;527043,0;980976,0;771413,0;315475,0;33400;567413,0;61794,0;21575;55714,0;53171,0;2952741,0;7139935,0;168048,0;505,0;262406,0;3455,0;45703337,0;18240;957720,0;41821,0;0,0
2018-03-15;342668,0;70991,0;691744,0;1071857,0;700082,0;258230,0;103157;455355,0;27918,0;11004;68107,0;76282,0;2937260,0;10261648,0;405785,0;300,0;191137,0;12233,0;33804646,0;66168;1161380,0;52088,0;0,0
2018-03-16;394650,0;47830,0;688888,0;1013264,0;361975,0;176967,0;32059;883617,0;64911,0;16827;132914,0;133765,0;6531459,0;14823426,0;95153,0;500,0;282834,0;8163,0;50378508,0;101058;548990,0;26871,0;0,0
2018-03-19;339342,0;74393,0;994096,0;1231183,0;311303,0;433419,0;76432;1446468,0;140512,0;18140;55060,0;150932,0;3884876,0;9986988,0;180297,0;100,0;393863,0;8549,0;15566408,0;102557;951150,0;65083,0;0,0
2018-03-20;194204,0;113336,0;1080501,0;954457,0;506974,0;152446,0;57189;1520033,0;52011,0;19975;77115,0;144586,0;2830803,0;6431998,0;70915,0;2622,0;274382,0;1013,0;10132655,0;43244;802150,0;75551,0;0,0
2018-03-21;303225,0;162353,0;492709,0;1897409,0;1425105,0;111423,0;68185;1190516,0;52233,0;22696;214124,0;154743,0;3608748,0;5650731,0;112676,0;4963,0;285290,0;8242,0;8136753,0;86207;655000,0;75208,0;0,0
2018-03-22;237935,0;144266,0;718845,0;1123991,0;899603,0;439862,0;82865;2776143,0;71573,0;6206;98749,0;200639,0;1671585,0;6146377,0;279934,0;803,0;149877,0;5446,0;7271885,0;504193;542430,0;75408,0;0,0
2018-03-23;296037,0;99105,0;281511,0;867524,0;427385,0;209256,0;19641;1505508,0;53350,0;10045;81965,0;238540,0;1530496,0;5829428,0;98831,0;542,0;213976,0;3143,0;8407345,0;260709;1969230,0;177914,0;0,0
2018-03-26;365584,0;77952,0;665364,0;1812759,0;1286042,0;236256,0;51753;1114374,0;188362,0;9751;109628,0;206577,0;5978595,0;5006582,0;170103,0;84,0;190562,0;6887,0;13724958,0;116179;1182130,0;283393,0;0,0
2018-03-27;485064,0;56998,0;551069,0;1185382,0;762862,0;199882,0;80559;1166933,0;107037,0;11943;60936,0;427535,0;7473207,0;4466853,0;196305,0;200,0;230445,0;9971,0;5386794,0;120011;628360,0;55082,0;0,0
2018-03-28;252791,0;179992,0;898383,0;1349493,0;741231,0;253329,0;33006;1989225,0;74930,0;14354;200485,0;535858,0;7087528,0;15471119,0;170062,0;240,0;149491,0;9560,0;7542879,0;220509;675820,0;169571,0;0,0
2018-04-03;226990,0;160494,0;547763,0;445520,0;282925,0;377189,0;80007;476544,0;32175,0;8154;191315,0;273758,0;3136234,0;12199767,0;288027,0;310,0;135235,0;1290,0;14214355,0;200587;376860,0;99253,0;0,0
2018-04-04;170595,0;110979,0;624502,0;1128976,0;232446,0;371935,0;64164;974714,0;80543,0;14215;130676,0;262040,0;1963120,0;7133698,0;93689,0;0,0;244437,0;1454,0;17380509,0;54454;385280,0;23943,0;0,0
2018-04-05;246133,0;196454,0;609070,0;1219945,0;681008,0;125364,0;90911;389636,0;23237,0;7146;50850,0;190205,0;4633264,0;39973374,0;128507,0;835,0;215371,0;1823,0;17124397,0;71663;531630,0;41931,0;0,0
2018-04-06;153641,0;75436,0;634046,0;552549,0;318607,0;79488,0;17460;273320,0;37566,0;5826;49368,0;189167,0;1895409,0;9877417,0;119273,0;100,0;99261,0;2649,0;12229212,0;26286;325020,0;41982,0;0,0
2018-04-09;144672,0;85935,0;422829,0;1107146,0;855706,0;141169,0;19457;422912,0;119467,0;6573;12549,0;75290,0;3164453,0;18955613,0;134115,0;600,0;235686,0;13332,0;17007553,0;21741;736940,0;19823,0;0,0
2018-04-10;178743,0;98793,0;1253607,0;1147562,0;1009205,0;114924,0;75412;351913,0;185983,0;3954;63843,0;116433,0;2903684,0;13199987,0;183856,0;76,0;519948,0;4527,0;26314557,0;13908;738040,0;30333,0;0,0
2018-04-11;228597,0;95220,0;702312,0;526670,0;292958,0;139531,0;56995;552339,0;71088,0;16931;95952,0;170696,0;4040556,0;11534544,0;180599,0;410,0;285518,0;5594,0;11539309,0;21023;733760,0;12324,0;0,0
2018-04-12;300372,0;93320,0;738087,0;780408,0;163374,0;187080,0;66974;456062,0;56313,0;8759;41731,0;84804,0;6772459,0;20895338,0;269299,0;100,0;181291,0;6104,0;19329050,0;21087;746030,0;43884,0;0,0
2018-04-13;81772,0;80911,0;439403,0;531353,0;194148,0;113497,0;32463;608401,0;53694,0;2381;93529,0;91749,0;12968889,0;6744931,0;219915,0;125,0;282855,0;6001,0;7577168,0;45948;364260,0;26039,0;0,0
2018-04-16;202623,0;78830,0;823599,0;748414,0;941844,0;86798,0;16749;503077,0;44049,0;4683;17252,0;92033,0;2807147,0;17091911,0;243940,0;0,0;294116,0;4831,0;9347226,0;10938;727950,0;13671,0;0,0
2018-04-17;466348,0;63236,0;727828,0;1794108,0;1891427,0;73349,0;116105;1310746,0;26412,0;3944;49551,0;103912,0;3094821,0;29048251,0;261836,0;1426,0;232910,0;6443,0;14330395,0;50355;833240,0;88399,0;0,0
2018-04-18;210947,0;59358,0;670185,0;1138233,0;1269112,0;174986,0;42930;731732,0;36229,0;3141;61812,0;117290,0;1686982,0;23741115,0;376048,0;0,0;195729,0;4699,0;5857589,0;10213;1060260,0;63003,0;0,0
2018-04-19;308019,0;104447,0;3006948,0;1063697,0;1699554,0;211373,0;242479;1693485,0;34308,0;5949;58806,0;217937,0;2032436,0;10958386,0;481035,0;197,0;780753,0;7267,0;5924558,0;46926;1969550,0;43122,0;0,0
2018-04-20;263789,0;106003,0;861279,0;784173,0;885941,0;150163,0;79200;308584,0;33308,0;9329;62614,0;177569,0;1695379,0;8321781,0;217761,0;0,0;311195,0;4836,0;6936738,0;25091;548470,0;62619,0;0,0
2018-04-23;197893,0;103294,0;409458,0;1743172,0;738820,0;70541,0;21816;681289,0;44326,0;3618;48556,0;76851,0;5256439,0;4047185,0;248829,0;0,0;306000,0;9572,0;5281715,0;17070;999230,0;53442,0;0,0
2018-04-24;397184,0;61829,0;1096235,0;1739231,0;1014680,0;544740,0;67359;800751,0;50630,0;14689;59271,0;126561,0;5262019,0;14025149,0;336574,0;0,0;397732,0;13182,0;7664650,0;81054;928350,0;58595,0;0,0
2018-04-25;658486,0;307757,0;736180,0;735876,0;668770,0;209633,0;237588;537471,0;44629,0;6625;46536,0;182545,0;4921894,0;8223172,0;202849,0;0,0;648161,0;870,0;27968173,0;48960;1212720,0;45077,0;0,0
2018-04-26;536347,0;185205,0;1910015,0;1378937,0;831322,0;496030,0;176033;1628118,0;96611,0;15372;126660,0;214656,0;4605680,0;16042457,0;322227,0;194,0;1035549,0;9610,0;23502053,0;171710;1033590,0;109324,0;0,0
2018-04-27;414709,0;347793,0;1327991,0;2177129,0;655046,0;304759,0;121218;919890,0;162937,0;13252;141362,0;480969,0;2370735,0;13994957,0;111116,0;966,0;610470,0;26275,0;31077412,0;73879;757530,0;145620,0;0,0
2018-05-02;478809,0;151956,0;2257047,0;2438428,0;1366162,0;287431,0;104373;641999,0;84824,0;8586;115578,0;176812,0;2261309,0;15901088,0;336634,0;1644,0;352425,0;7186,0;11469324,0;125045;1065540,0;54402,0;0,0
2018-05-03;714505,0;361169,0;1969669,0;1493647,0;1496895,0;536495,0;178160;1708668,0;602225,0;15277;293991,0;349883,0;6603499,0;21854687,0;330189,0;795,0;567801,0;3554,0;29207806,0;103997;1517410,0;248209,0;0,0
2018-05-04;913015,0;749632,0;1874763,0;2820209,0;898656,0;448567,0;181006;923265,0;438445,0;14590;180122,0;293446,0;6534112,0;23972448,0;339605,0;8642,0;712080,0;17336,0;42138083,0;101124;1381080,0;64437,0;0,0
2018-05-07;650892,0;229631,0;1222122,0;1758132,0;863632,0;520721,0;94626;1267141,0;341384,0;17364;128304,0;244019,0;5303308,0;11713902,0;357645,0;150,0;470726,0;6158,0;21151999,0;258609;1835480,0;118726,0;0,0
2018-05-08;2207435,0;1281474,0;4535174,0;3262930,0;1859420,0;1055348,0;383261;3503014,0;862061,0;55396;200871,0;762161,0;9764112,0;37511827,0;1059800,0;350,0;1881319,0;23289,0;74669813,0;563842;3541730,0;297488,0;0,0
2018-05-09;906292,0;891000,0;2213520,0;2602161,0;1523763,0;471356,0;105327;1799301,0;309705,0;17553;142037,0;418248,0;7798027,0;16094479,0;611636,0;8393,0;1092682,0;11930,0;50420942,0;60103;1743230,0;111029,0;0,0
2018-05-10;825953,0;569999,0;3009992,0;1841495,0;2151099,0;323112,0;172253;1701188,0;80864,0;18639;128481,0;366123,0;8484538,0;14701333,0;201897,0;0,0;760030,0;9900,0;21109766,0;34167;1973110,0;72158,0;0,0
2018-05-11;890115,0;531766,0;3115374,0;1372972,0;1035772,0;426679,0;108382;1648919,0;142661,0;16779;152699,0;318571,0;10040469,0;26143081,0;576404,0;1884,0;753195,0;11767,0;36255858,0;102986;2571730,0;145049,0;0,0
2018-05-14;2715400,0;452126,0;1688945,0;3021627,0;2182307,0;543018,0;176930;3514688,0;494905,0;15508;142076,0;397191,0;5911307,0;27385737,0;756413,0;1450,0;803319,0;15141,0;31199083,0;52497;2068490,0;192500,0;0,0
2018-05-15;2946940,0;734379,0;2167345,0;2260555,0;1915880,0;230390,0;399338;2574442,0;863277,0;12611;334035,0;338131,0;7879154,0;29861458,0;776139,0;1163,0;924968,0;8476,0;17860052,0;71359;1679130,0;189224,0;0,0
2018-05-16;2206886,0;571717,0;1243478,0;1904684,0;1539530,0;517255,0;453088;1927313,0;343928,0;17335;211907,0;320897,0;5387595,0;21665974,0;451368,0;52,0;790561,0;7187,0;14059502,0;107387;2318140,0;152414,0;0,0
2018-05-17;1633192,0;481058,0;1032473,0;1404892,0;557419,0;118300,0;380969;1168472,0;152993,0;16249;231183,0;311493,0;5920326,0;23015272,0;597228,0;2100,0;472166,0;8250,0;27455245,0;26861;595620,0;189331,0;0,0
2018-05-18;941734,0;275798,0;1124503,0;1192045,0;297390,0;56251,0;453245;1184087,0;143635,0;13881;706496,0;325418,0;1626451,0;10646210,0;688139,0;564,0;445063,0;3066,0;3203056,0;19068;524010,0;236926,0;0,0
2018-05-21;655710,0;138577,0;875155,0;936783,0;361241,0;80176,0;243016;691760,0;148356,0;7724;172624,0;84784,0;1287592,0;5593465,0;352163,0;708,0;173877,0;12276,0;4170992,0;54815;711910,0;30176,0;0,0
2018-05-22;697742,0;153972,0;865864,0;732536,0;637046,0;184265,0;1035526;484756,0;72750,0;5862;125459,0;196777,0;1879483,0;7143667,0;500131,0;110,0;261631,0;8942,0;3373797,0;33647;747840,0;33887,0;0,0
2018-05-23;781355,0;159282,0;736522,0;873078,0;681809,0;204241,0;318149;532753,0;858638,0;12039;62745,0;182640,0;1838641,0;17455731,0;210534,0;944,0;820490,0;10756,0;5268944,0;58652;693270,0;37812,0;0,0
2018-05-24;477271,0;144503,0;686717,0;835089,0;272766,0;254288,0;195087;662147,0;1880067,0;10858;107051,0;135863,0;1727912,0;14265270,0;221496,0;171,0;257869,0;6177,0;8686785,0;131838;1309800,0;26452,0;0,0
2018-05-28;498876,0;62155,0;482189,0;632267,0;610335,0;163332,0;84191;324744,0;344336,0;9987;51766,0;63537,0;1938887,0;5133966,0;71047,0;0,0;468389,0;4579,0;6971731,0;11980;612530,0;16157,0;0,0
2018-05-29;963397,0;131150,0;1300836,0;1083730,0;498322,0;448486,0;123712;1404366,0;869215,0;22291;212515,0;160163,0;2547633,0;7466758,0;500758,0;1200,0;435772,0;3449,0;8048466,0;64960;2073300,0;121619,0;0,0
2018-05-30;476260,0;335244,0;1327361,0;1398653,0;1481449,0;392402,0;103737;869690,0;210527,0;13321;205035,0;223583,0;1120821,0;12731321,0;1258438,0;0,0;873858,0;3202,0;19189782,0;36743;1040010,0;124231,0;0,0
2018-05-31;373753,0;227903,0;1056754,0;723415,0;881286,0;851832,0;108261;1529612,0;200265,0;33459;95847,0;197714,0;1896123,0;7597024,0;882121,0;0,0;1354658,0;5764,0;21307657,0;12717;964140,0;85724,0;0,0
2018-06-01;518031,0;83623,0;768968,0;792389,0;700549,0;440739,0;172972;1088222,0;221839,0;12648;56857,0;127785,0;2233792,0;7294015,0;642313,0;750,0;188332,0;2716,0;13185082,0;97628;1269620,0;45439,0;0,0
2018-06-04;1135757,0;141146,0;1243993,0;1050570,0;715056,0;387763,0;205400;951073,0;100892,0;16351;155567,0;73171,0;9096660,0;13100905,0;467761,0;0,0;493032,0;11421,0;29567086,0;50985;748900,0;183783,0;0,0
2018-06-05;1714290,0;404195,0;1702825,0;910099,0;830322,0;477304,0;569195;1519031,0;334820,0;14541;109518,0;308081,0;4263930,0;19098400,0;219634,0;608,0;587103,0;12916,0;46720946,0;36110;1418700,0;159123,0;0,0
2018-06-06;1051455,0;353084,0;1057799,0;1515768,0;746764,0;109018,0;434284;1323046,0;213780,0;14761;198816,0;756765,0;2231557,0;9564343,0;324738,0;1045,0;383362,0;3142,0;20369385,0;48548;1591430,0;219996,0;0,0
2018-06-07;1033644,0;77711,0;700947,0;956263,0;328651,0;137846,0;339450;1216522,0;95583,0;11616;59675,0;175822,0;1935926,0;7576613,0;68648,0;60,0;276289,0;4970,0;22001180,0;11744;1760280,0;235129,0;0,0
2018-06-08;1294571,0;383285,0;1191302,0;2613399,0;1065868,0;272521,0;391536;3113470,0;144810,0;25012;40569,0;222016,0;5105675,0;15127144,0;510335,0;145,0;624781,0;4131,0;35447904,0;34602;1580170,0;162976,0;0,0
2018-06-11;1139243,0;229500,0;888890,0;1317577,0;693040,0;198709,0;226965;1016030,0;182854,0;17980;59337,0;71438,0;2269045,0;6422407,0;236599,0;0,0;516477,0;9963,0;18545028,0;15608;1759600,0;92804,0;0,0
2018-06-12;651394,0;224620,0;613302,0;882199,0;619401,0;339015,0;188636;753202,0;45293,0;9487;100236,0;65458,0;1766158,0;9730188,0;171424,0;1470,0;330152,0;12007,0;30420390,0;39377;983430,0;105626,0;0,0
2018-06-13;966112,0;166740,0;775016,0;1312933,0;849855,0;372375,0;548318;985866,0;95513,0;6278;35281,0;88456,0;2374830,0;6036569,0;148422,0;3044,0;264494,0;9185,0;15216681,0;66403;1018910,0;61352,0;0,0
2018-06-14;965257,0;337648,0;1090560,0;1468811,0;1525997,0;448922,0;498802;1358418,0;262719,0;7749;150006,0;230998,0;2338460,0;13037875,0;321473,0;697,0;480171,0;13280,0;32751742,0;51973;1428340,0;94203,0;0,0
2018-06-15;1237785,0;561553,0;756570,0;1363319,0;625656,0;276072,0;464911;1009602,0;91117,0;6775;184607,0;120951,0;1673189,0;9537175,0;192592,0;0,0;292069,0;10075,0;27512762,0;148839;1184860,0;223861,0;0,0
2018-06-18;2245107,0;880126,0;2006178,0;1116187,0;1288442,0;210674,0;680160;1319243,0;191474,0;21466;137388,0;231481,0;2553240,0;7899609,0;354444,0;350,0;965772,0;8457,0;31785515,0;29900;1250260,0;280159,0;0,0
2018-06-19;3363220,0;518092,0;1283193,0;2543160,0;1974413,0;208509,0;909579;1785392,0;441817,0;40780;284455,0;262225,0;3335014,0;9760522,0;477746,0;200,0;1349893,0;5434,0;39124169,0;52237;1332620,0;231982,0;0,0
2018-06-21;6932217,0;1390923,0;4755977,0;3087715,0;1769728,0;663339,0;3079514;3215971,0;734369,0;26786;398740,0;864335,0;6898292,0;12772995,0;612808,0;0,0;1265525,0;13680,0;65356976,0;173629;2873930,0;574908,0;0,0
2018-06-22;2104910,0;354279,0;966455,0;1078982,0;1208495,0;219569,0;1373216;869799,0;260481,0;15524;283734,0;190496,0;3999252,0;7459671,0;262049,0;80,0;197621,0;5661,0;14051960,0;132132;1479020,0;205164,0;0,0
2018-06-25;1042369,0;137033,0;816308,0;987801,0;892473,0;142724,0;1646933;831891,0;57425,0;5986;88851,0;78903,0;1522176,0;1894129,0;284324,0;117,0;199467,0;200,0;10828893,0;205659;1777340,0;87274,0;0,0
2018-06-26;428261,0;86965,0;576781,0;1423657,0;782602,0;140008,0;1789221;398125,0;33917,0;6779;75654,0;44363,0;1457633,0;2963192,0;102530,0;139,0;236211,0;3445,0;7022310,0;20775;2003290,0;45716,0;0,0
2018-06-27;2001117,0;355458,0;2580781,0;2048827,0;935621,0;426675,0;1787118;1594990,0;102478,0;38108;521734,0;535252,0;3403075,0;25218223,0;411525,0;0,0;765132,0;7627,0;20352994,0;94340;2868080,0;109978,0;0,0
2018-06-28;1981570,0;338192,0;2222281,0;2734352,0;1773945,0;199840,0;1654530;1811085,0;157588,0;24423;57215,0;253211,0;3483565,0;16723698,0;247730,0;0,0;1098163,0;6559,0;30747594,0;46664;2502150,0;120069,0;0,0
2018-06-29;1311357,0;219481,0;1971125,0;2701958,0;1954978,0;741527,0;1118911;2428570,0;186821,0;71546;107904,0;616211,0;3117002,0;12751261,0;592644,0;100,0;867518,0;11193,0;31101545,0;76915;2328380,0;148325,0;0,0
2018-07-02;1833042,0;172630,0;2598033,0;1714929,0;660446,0;370181,0;895506;2140395,0;239607,0;48616;147608,0;619034,0;6434945,0;22484332,0;2458659,0;1000,0;1300883,0;19661,0;32414684,0;72955;3617670,0;169451,0;0,0
2018-07-03;2274126,0;211193,0;1375767,0;1998387,0;1208114,0;245781,0;1573229;1831701,0;90346,0;18640;59478,0;168514,0;9677560,0;15736896,0;415818,0;100,0;1121623,0;2601,0;12436857,0;22596;2628910,0;258504,0;0,0
2018-07-04;396928,0;52091,0;369096,0;686456,0;812392,0;130888,0;209984;244141,0;42474,0;19366;71551,0;70379,0;2530963,0;9324128,0;129167,0;1217,0;361627,0;4898,0;6238589,0;6099;1215820,0;61696,0;0,0
2018-07-05;1076045,0;272453,0;940148,0;1628354,0;1254382,0;664767,0;993689;1007295,0;164996,0;29070;102250,0;461557,0;3576020,0;8629799,0;377935,0;100,0;315284,0;7504,0;9075930,0;7551;2365410,0;35256,0;0,0
2018-07-06;559153,0;231942,0;415382,0;1477545,0;1336388,0;408706,0;431878;1387661,0;95455,0;11508;32610,0;271647,0;951096,0;5302126,0;515927,0;200,0;435053,0;4347,0;8983018,0;42414;1266910,0;32602,0;0,0
2018-07-10;559282,0;56764,0;726862,0;1298522,0;1137714,0;105105,0;164316;361919,0;340805,0;8055;41338,0;68426,0;1288277,0;4757058,0;347768,0;250,0;401110,0;5870,0;3349363,0;13348;1192290,0;41097,0;0,0
2018-07-11;893262,0;94180,0;451320,0;1056538,0;804731,0;253146,0;141627;111488,0;24442,0;3130;81897,0;98240,0;1158910,0;3076826,0;166203,0;1013,0;214289,0;13063,0;2639047,0;7363;2448660,0;74503,0;0,0
2018-07-12;545001,0;145480,0;642595,0;893509,0;598242,0;155311,0;481681;697355,0;79863,0;10417;26889,0;144781,0;1650496,0;2866992,0;100331,0;0,0;266491,0;1376,0;4879699,0;6488;1953550,0;67244,0;0,0
2018-07-13;483975,0;149970,0;745400,0;1164714,0;933478,0;271722,0;228797;805572,0;84007,0;13694;38641,0;98679,0;2484806,0;5106420,0;88526,0;1080,0;342594,0;3430,0;7328196,0;24218;863140,0;53444,0;0,0
2018-07-16;794024,0;155394,0;747642,0;737182,0;700701,0;164103,0;192460;616308,0;43898,0;5981;131091,0;120381,0;1628691,0;5016977,0;159990,0;0,0;215404,0;3553,0;5731192,0;36579;1637040,0;52384,0;0,0
2018-07-17;610447,0;87034,0;397089,0;880871,0;622272,0;214146,0;485342;340896,0;44913,0;7557;121553,0;139979,0;3712386,0;5897231,0;138371,0;272,0;253208,0;3952,0;4238765,0;10160;1520930,0;47019,0;0,0
2018-07-18;476331,0;131290,0;378660,0;622738,0;448684,0;314443,0;637397;552269,0;134411,0;11660;118187,0;59415,0;1783017,0;5219771,0;398581,0;350,0;148535,0;275,0;6417073,0;38767;1397840,0;45924,0;0,0
2018-07-19;300097,0;50384,0;380782,0;1545286,0;784468,0;194893,0;462027;466850,0;40078,0;7509;24371,0;78243,0;1681053,0;4983524,0;118214,0;1109,0;68670,0;1051,0;2078055,0;28733;986370,0;49916,0;0,0
2018-07-20;395873,0;150491,0;301406,0;860530,0;772847,0;181406,0;581815;603173,0;72274,0;7869;41137,0;191230,0;939509,0;9586598,0;360316,0;0,0;234566,0;6464,0;3934689,0;158613;2992330,0;66727,0;0,0
2018-07-23;549603,0;96770,0;447847,0;883453,0;777386,0;129146,0;394279;445078,0;139198,0;8431;74474,0;122537,0;1047160,0;6160693,0;441299,0;205,0;494062,0;3534,0;3923628,0;22651;1108610,0;15875,0;0,0
2018-07-24;691628,0;60153,0;444321,0;1620622,0;926454,0;125206,0;565810;289588,0;74956,0;11206;94408,0;49859,0;2018985,0;7700406,0;299621,0;0,0;870530,0;1278,0;5028519,0;43954;1957330,0;53372,0;0,0
2018-07-25;1376999,0;85307,0;816351,0;1310267,0;546271,0;486179,0;1220077;551943,0;180358,0;36086;144264,0;272334,0;3828305,0;10476443,0;477443,0;235,0;206345,0;6965,0;10038034,0;22083;1441680,0;92391,0;0,0
2018-07-26;768183,0;128573,0;1077563,0;717574,0;826831,0;269693,0;724118;356680,0;108627,0;15672;172666,0;455988,0;3371802,0;9070352,0;214633,0;0,0;143449,0;4119,0;5287949,0;86170;2011790,0;59115,0;0,0
2018-07-27;739443,0;144993,0;1098808,0;1459590,0;416214,0;181868,0;531749;390512,0;95550,0;8574;57933,0;230492,0;2008224,0;5524765,0;490711,0;0,0;346630,0;10232,0;2557095,0;75758;1993500,0;54698,0;0,0
2018-07-30;637383,0;92624,0;1311495,0;1872911,0;684616,0;458056,0;348780;561437,0;222943,0;4861;75151,0;272647,0;1227674,0;2744427,0;230536,0;1199,0;348324,0;5125,0;12839476,0;32593;1538040,0;50394,0;0,0
2018-07-31;414758,0;142696,0;913219,0;743788,0;609419,0;731329,0;624747;261915,0;155495,0;1956;40919,0;716288,0;1557963,0;3638857,0;609261,0;0,0;860601,0;4133,0;36081698,0;73364;1023530,0;71789,0;0,0
2018-08-01;671301,0;107019,0;430153,0;1747351,0;674848,0;144572,0;169006;459218,0;40050,0;4653;67585,0;311931,0;810559,0;3530041,0;534310,0;800,0;102804,0;2105,0;10837440,0;106565;2070180,0;13447,0;0,0
2018-08-02;708217,0;370236,0;387200,0;1825013,0;361972,0;76121,0;365555;283053,0;75366,0;11562;56215,0;118553,0;1332460,0;20997585,0;113209,0;62,0;120903,0;19095,0;10966954,0;22422;1604590,0;15341,0;0,0
2018-08-03;447533,0;276278,0;336431,0;1060214,0;785680,0;160781,0;153429;216467,0;180048,0;1829;37802,0;67760,0;459409,0;10327325,0;73037,0;0,0;185586,0;2432,0;4391306,0;29504;1048440,0;55635,0;0,0
2018-08-06;626778,0;122946,0;691278,0;1930947,0;618893,0;177383,0;145850;471085,0;89570,0;7450;26629,0;81421,0;374431,0;5401633,0;126411,0;850,0;256159,0;2303,0;7311202,0;23635;923860,0;28619,0;0,0
2018-08-07;1100634,0;379932,0;1096187,0;2237729,0;726990,0;179843,0;170399;798108,0;30468,0;5018;83798,0;89957,0;1232606,0;10063390,0;153910,0;2500,0;279545,0;197,0;3840570,0;13959;1167770,0;56275,0;0,0
2018-08-08;775682,0;727387,0;742669,0;1420985,0;823447,0;192978,0;181586;954501,0;170790,0;6045;98163,0;120687,0;2254042,0;8353863,0;288284,0;1765,0;368199,0;1544,0;14392739,0;17443;1427290,0;79924,0;0,0
2018-08-09;1023319,0;329324,0;456659,0;1022830,0;516863,0;102620,0;207868;774528,0;134069,0;4195;29862,0;131793,0;1705527,0;5809914,0;137959,0;150,0;356688,0;10052,0;21814249,0;14088;1130880,0;27427,0;0,0
2018-08-10;1130107,0;1378200,0;997298,0;1222790,0;782107,0;247691,0;360803;1066935,0;196274,0;21996;47395,0;186913,0;2108250,0;9039640,0;284783,0;3100,0;431157,0;8903,0;7877222,0;71259;1439560,0;245025,0;0,0
2018-08-13;1812428,0;1422403,0;1985696,0;2024180,0;609529,0;422630,0;608919;1315014,0;135473,0;16528;250105,0;148347,0;3436434,0;9223061,0;566283,0;0,0;434113,0;3541,0;6000276,0;173189;1546170,0;155141,0;0,0
2018-08-14;1450163,0;1516848,0;689802,0;2142755,0;529468,0;120915,0;718158;415647,0;47282,0;12700;108445,0;509855,0;1897735,0;6497675,0;170339,0;0,0;297752,0;3915,0;7390338,0;11717;1110860,0;166986,0;0,0
2018-08-15;1151457,0;1556931,0;1125010,0;1274032,0;779756,0;130489,0;592571;485494,0;49169,0;16833;128719,0;359885,0;2183359,0;8640714,0;61675,0;703,0;187038,0;904,0;4600861,0;16968;1256340,0;251893,0;0,0
2018-08-16;1793266,0;1469562,0;1176490,0;985223,0;687773,0;53270,0;679401;738562,0;40870,0;4251;215974,0;143473,0;2076805,0;14272499,0;171418,0;0,0;295647,0;2006,0;8387033,0;11249;1406660,0;317562,0;0,0
2018-08-17;2224712,0;1324566,0;493981,0;497501,0;498225,0;273521,0;531251;398946,0;417558,0;5997;116550,0;130516,0;1366161,0;4227299,0;116830,0;0,0;195428,0;3400,0;6161866,0;16945;1640940,0;173861,0;0,0
2018-08-21;740066,0;1239560,0;721362,0;1888187,0;1872620,0;140625,0;622259;1214220,0;80021,0;31425;23262,0;635495,0;1584041,0;6843493,0;356159,0;0,0;528106,0;2300,0;10046078,0;8832;1631250,0;340299,0;0,0
2018-08-22;874687,0;938085,0;549063,0;1373006,0;1162941,0;163060,0;643426;829794,0;73778,0;5416;44536,0;132768,0;2311020,0;30542273,0;77039,0;0,0;320753,0;1185,0;13011525,0;16291;1322580,0;295975,0;0,0
2018-08-23;614136,0;1379326,0;866296,0;2076325,0;937257,0;207020,0;348900;582922,0;179597,0;4092;155355,0;272237,0;3096007,0;10573683,0;205871,0;0,0;654971,0;3206,0;1888811,0;29895;1351570,0;109993,0;0,0
2018-08-24;1808627,0;1252891,0;2330465,0;1610850,0;929163,0;560796,0;12622518;1154172,0;180003,0;15744;140727,0;551298,0;2940100,0;10629437,0;1326306,0;1000,0;630776,0;14348,0;42218125,0;76136;1480050,0;170381,0;0,0
2018-08-27;692340,0;1197037,0;1053958,0;719025,0;386554,0;381270,0;5853797;1804035,0;112133,0;7540;82186,0;508047,0;2781858,0;6324884,0;276856,0;0,0;464999,0;11548,0;10393694,0;30225;782480,0;462081,0;0,0
2018-08-28;1215514,0;1199170,0;1279217,0;1606556,0;1102797,0;308590,0;2144648;1347935,0;67162,0;20368;93008,0;323185,0;3227064,0;10916476,0;331073,0;260,0;622736,0;1896,0;20927059,0;86024;738370,0;163072,0;0,0
2018-08-29;1572824,0;1448061,0;1997555,0;1208619,0;1139973,0;281230,0;1877608;1664271,0;136869,0;12896;164367,0;281022,0;2654202,0;7690672,0;541787,0;100,0;367822,0;2560,0;34565037,0;36961;1253670,0;325128,0;0,0
2018-08-30;2997801,0;1514488,0;2931465,0;3023927,0;1589817,0;554671,0;2604397;2150269,0;168358,0;27548;250933,0;826006,0;3283379,0;13855855,0;383749,0;1920,0;1001068,0;6098,0;32634194,0;158738;2010630,0;294458,0;0,0
2018-08-31;4145447,0;1079296,0;2598187,0;2806135,0;1536835,0;226639,0;4571054;1097638,0;253665,0;29144;81053,0;376560,0;4090170,0;14781374,0;724885,0;10803,0;2048470,0;8213,0;14661923,0;28732;2669880,0;377744,0;0,0
2018-09-03;1472390,0;131861,0;502538,0;1131642,0;1551716,0;161931,0;944950;267581,0;46948,0;13359;25661,0;180395,0;2219071,0;9077959,0;73529,0;250,0;692935,0;18125,0;11238551,0;31639;494830,0;76165,0;0,0
2018-09-04;3586762,0;1790864,0;774951,0;846478,0;575062,0;150093,0;1682512;559227,0;131481,0;8387;109023,0;221074,0;1510126,0;7745245,0;328404,0;0,0;681713,0;3826,0;8616095,0;27359;871590,0;383142,0;0,0
2018-09-05;5250056,0;1105334,0;1214902,0;1396203,0;819987,0;207036,0;1987442;802943,0;89102,0;5499;43602,0;194198,0;2354087,0;7457828,0;469091,0;0,0;392954,0;5347,0;33013887,0;84699;994510,0;109837,0;0,0
2018-09-06;4478472,0;458442,0;2701552,0;2011821,0;1356331,0;420125,0;4299361;1644004,0;595104,0;12134;115133,0;262881,0;5181161,0;8806937,0;922496,0;0,0;859790,0;16955,0;15690392,0;90821;1049430,0;435733,0;0,0
2018-09-07;2347349,0;325752,0;1156062,0;754934,0;1229851,0;136184,0;1365791;580429,0;62800,0;17029;63392,0;477944,0;3209150,0;5833066,0;105812,0;500,0;1081823,0;8093,0;9230884,0;3681;918450,0;195923,0;0,0
2018-09-10;690883,0;968586,0;441271,0;510557,0;554201,0;125598,0;929482;316919,0;24024,0;5013;33495,0;83990,0;1092816,0;4070337,0;93212,0;0,0;402354,0;3315,0;13530284,0;8418;318660,0;114418,0;0,0
2018-09-11;2220432,0;1539405,0;685546,0;459299,0;449878,0;73421,0;730364;589120,0;113889,0;5431;104433,0;159875,0;1484616,0;3075787,0;35905,0;0,0;315377,0;551,0;43964250,0;27852;811030,0;196996,0;0,0
2018-09-12;1823143,0;1579089,0;1174229,0;849021,0;565440,0;50445,0;1222828;719797,0;45850,0;7806;18530,0;196300,0;1355555,0;2863023,0;140559,0;0,0;476569,0;3061,0;8555260,0;30622;277580,0;69965,0;0,0
2018-09-13;2691759,0;322237,0;1300095,0;1060422,0;474616,0;115543,0;987268;957315,0;126034,0;14671;35273,0;194765,0;1337275,0;3486808,0;122885,0;0,0;641655,0;7622,0;21755023,0;89660;1050500,0;85726,0;0,0
2018-09-14;1805264,0;687196,0;743721,0;1246454,0;360313,0;91619,0;936103;666534,0;71197,0;16434;148695,0;183135,0;1039212,0;3315246,0;104136,0;0,0;159208,0;5778,0;25935668,0;52970;403710,0;86350,0;0,0
2018-09-17;3052619,0;1013408,0;1486416,0;2598886,0;963669,0;121101,0;1101192;1012914,0;101407,0;41952;143901,0;352811,0;3026520,0;6550878,0;85744,0;0,0;422401,0;4111,0;14933117,0;28269;859470,0;331897,0;0,0
2018-09-18;2018394,0;305247,0;1269390,0;2576622,0;1301407,0;178864,0;1061491;1335166,0;87163,0;24485;37788,0;416840,0;3055206,0;14081187,0;971851,0;0,0;562478,0;4883,0;9273218,0;60057;1111320,0;169825,0;0,0
2018-09-19;3038169,0;652825,0;2384335,0;2659576,0;1480731,0;161625,0;1200483;1596946,0;127101,0;24601;50766,0;681447,0;4270113,0;13386858,0;1021743,0;0,0;942133,0;6029,0;21533301,0;29526;1560770,0;524105,0;0,0
2018-09-20;5876622,0;1238506,0;2670349,0;1993549,0;1430185,0;435089,0;2293839;2637665,0;365500,0;23987;155861,0;450420,0;3972325,0;21046488,0;831835,0;50,0;1098366,0;16239,0;24519059,0;47977;1511820,0;458873,0;0,0
2018-09-21;3180443,0;463706,0;1971422,0;1330229,0;1075057,0;335794,0;2544044;1156018,0;211771,0;16816;59154,0;436259,0;3079718,0;21200190,0;839304,0;62,0;562284,0;29481,0;8688796,0;56419;1015100,0;570986,0;0,0
2018-09-24;1689232,0;290670,0;858348,0;567335,0;711736,0;91342,0;1443948;1750007,0;256685,0;5511;25980,0;359958,0;2797766,0;5294377,0;284695,0;150,0;578857,0;4950,0;5147374,0;41626;712440,0;113716,0;0,0
2018-09-25;3059619,0;400793,0;1796928,0;1066140,0;671664,0;219100,0;1789552;1552210,0;107777,0;9186;51512,0;534950,0;2384752,0;12040773,0;635405,0;108,0;852052,0;5383,0;4413428,0;15592;612680,0;214111,0;0,0
2018-09-26;2012539,0;314456,0;1797840,0;639765,0;837439,0;269072,0;1306434;1483708,0;106778,0;7408;283370,0;355794,0;2989961,0;7891671,0;331790,0;1,0;509060,0;9031,0;6434570,0;134334;577760,0;448680,0;0,0
2018-09-27;2427484,0;403203,0;1881768,0;852706,0;1293176,0;202792,0;1419184;1437343,0;190694,0;19673;156874,0;337317,0;2377739,0;12788399,0;144455,0;989,0;460068,0;16627,0;9110420,0;34786;1093420,0;303026,0;0,0
2018-09-28;1745582,0;233403,0;1238859,0;1342940,0;1605001,0;392756,0;1409289;2695072,0;121038,0;19507;155393,0;361644,0;2935923,0;6531647,0;252867,0;600,0;237694,0;3569,0;11491747,0;33115;825090,0;602582,0;0,0
2018-10-01;1725854,0;538652,0;435649,0;962466,0;670569,0;390444,0;1299154;788412,0;44509,0;4543;128272,0;264550,0;1556279,0;3042807,0;63366,0;606,0;380623,0;4383,0;2623160,0;30195;1043520,0;132158,0;0,0
2018-10-02;1223291,0;168990,0;871957,0;462640,0;630425,0;613996,0;1107947;529373,0;91235,0;8916;86008,0;275097,0;1028828,0;5870819,0;188666,0;1024,0;389973,0;13891,0;8907502,0;18784;987830,0;112564,0;0,0
2018-10-03;2432218,0;217643,0;656799,0;457043,0;857202,0;70436,0;919541;884051,0;79907,0;10054;152360,0;187950,0;2069741,0;9021024,0;101807,0;0,0;251442,0;7091,0;8806143,0;78384;1019150,0;93440,0;0,0
2018-10-04;1853794,0;129418,0;1118014,0;496283,0;708669,0;183244,0;690451;2082818,0;137025,0;9651;126659,0;569826,0;1906505,0;6744127,0;122853,0;250,0;275017,0;7539,0;11304314,0;18226;1021300,0;87308,0;0,0
2018-10-05;1419576,0;394942,0;1232881,0;521715,0;306049,0;270481,0;741961;1418357,0;126681,0;16718;132525,0;381420,0;1750057,0;7983476,0;115864,0;0,0;284152,0;1343,0;17156876,0;41472;806890,0;137607,0;0,0
2018-10-08;1104846,0;113792,0;397643,0;340035,0;335673,0;410031,0;605639;782407,0;200429,0;4743;72995,0;215844,0;2607594,0;6707840,0;541912,0;50,0;179446,0;5416,0;7459620,0;58663;686010,0;35552,0;0,0
2018-10-09;1828147,0;534502,0;711649,0;418155,0;647224,0;320901,0;1330679;974446,0;65446,0;12467;197575,0;124180,0;1925682,0;6532923,0;164279,0;308,0;252894,0;4240,0;10779119,0;88424;667000,0;116062,0;0,0
2018-10-10;1826690,0;190568,0;915239,0;426730,0;509222,0;282398,0;752665;607301,0;27582,0;6394;59883,0;328501,0;2067211,0;7069722,0;89156,0;200,0;364897,0;5677,0;5650447,0;12827;589760,0;271933,0;0,0
2018-10-11;2174781,0;497628,0;1008824,0;416466,0;596888,0;129785,0;1200255;582879,0;35278,0;10424;69897,0;370673,0;2507234,0;7130957,0;105205,0;0,0;456090,0;233,0;27885517,0;47026;856280,0;280353,0;0,0
2018-10-12;2405307,0;360983,0;580851,0;602950,0;462859,0;110289,0;1315300;693234,0;93915,0;11199;76330,0;194831,0;2856182,0;6492997,0;129205,0;0,0;327288,0;7000,0;6955944,0;119926;456750,0;228118,0;0,0
2018-10-16;1249966,0;123222,0;502886,0;272811,0;168605,0;91000,0;291099;486386,0;54842,0;4113;63475,0;260165,0;1102758,0;3218858,0;73286,0;0,0;145620,0;774,0;1486996,0;23894;735120,0;39535,0;0,0
2018-10-17;1361058,0;118798,0;458182,0;331433,0;644136,0;39307,0;226519;250479,0;13826,0;6997;112312,0;61296,0;732552,0;2589403,0;40910,0;0,0;119668,0;3774,0;2128231,0;6893;482460,0;37193,0;0,0
2018-10-18;1281580,0;113818,0;441594,0;347322,0;859560,0;94679,0;253055;722753,0;12487,0;3667;23029,0;348631,0;1526043,0;2516969,0;27358,0;0,0;144706,0;588,0;6492187,0;7129;908470,0;30392,0;0,0
2018-10-19;1145562,0;175854,0;651637,0;1096773,0;766672,0;47249,0;176351;870608,0;87749,0;5555;58489,0;178174,0;865564,0;4312726,0;152218,0;0,0;102300,0;901,0;6805917,0;22713;471790,0;49373,0;0,0
2018-10-22;939385,0;1373770,0;306058,0;734463,0;330471,0;124514,0;197161;264327,0;37722,0;4008;89255,0;49322,0;1348895,0;6006471,0;65436,0;0,0;92848,0;5890,0;2857451,0;4675;867140,0;34920,0;0,0
2018-10-23;706801,0;1613842,0;467562,0;672460,0;150335,0;117569,0;863018;361628,0;35258,0;5442;33772,0;196224,0;1097054,0;7927580,0;69748,0;7000,0;245057,0;2204,0;8433790,0;19327;859230,0;52358,0;0,0
2018-10-24;1034602,0;1149715,0;331914,0;895293,0;389009,0;84406,0;532080;383066,0;34690,0;8356;31873,0;71717,0;1536437,0;3768036,0;99758,0;300,0;158395,0;1340,0;1223544,0;21184;1180010,0;239755,0;0,0
2018-10-25;1832270,0;1877150,0;673861,0;262607,0;586791,0;148061,0;970656;889760,0;30853,0;2316;94093,0;297385,0;3365560,0;6995116,0;169226,0;0,0;145211,0;10309,0;3274550,0;27646;1293880,0;130744,0;0,0
2018-10-26;1311919,0;663063,0;1311186,0;1294217,0;224400,0;107762,0;756707;486657,0;26679,0;4642;379087,0;207609,0;1304544,0;7815033,0;103303,0;0,0;67143,0;10606,0;1458439,0;4753;1277960,0;80176,0;0,0
2018-10-29;1203088,0;581887,0;1749917,0;827039,0;315877,0;177717,0;622718;382067,0;27466,0;1868;207543,0;99270,0;1181822,0;4694028,0;49877,0;0,0;134492,0;1270,0;2142812,0;3096;982220,0;123877,0;0,0
2018-10-30;568420,0;135538,0;1195099,0;130878,0;317631,0;131783,0;520802;585618,0;105416,0;2741;24634,0;170281,0;697560,0;3335989,0;113542,0;0,0;110952,0;747,0;1272715,0;25876;783960,0;15635,0;0,0
2018-10-31;963082,0;1089679,0;763693,0;1880611,0;352036,0;132549,0;604260;807536,0;65386,0;3105;57906,0;472290,0;2160885,0;6221456,0;135400,0;0,0;185993,0;2022,0;15397377,0;13611;2041100,0;43433,0;0,0
2018-11-01;2457759,0;342409,0;899184,0;897353,0;554162,0;158637,0;988675;626628,0;112027,0;13971;23555,0;209874,0;3864758,0;7826467,0;193155,0;0,0;377457,0;10189,0;6230042,0;41802;897820,0;122169,0;0,0
2018-11-02;1094069,0;147362,0;944221,0;840362,0;385273,0;219433,0;817559;956566,0;131650,0;11227;23669,0;243227,0;3132331,0;5352116,0;84055,0;97,0;294252,0;7281,0;5693384,0;16684;568070,0;257987,0;0,0
2018-11-05;1176614,0;163226,0;859991,0;1131624,0;476417,0;121608,0;644579;715479,0;227739,0;4956;131846,0;237940,0;1611881,0;5588268,0;133978,0;0,0;134520,0;853,0;20814740,0;29104;421970,0;144443,0;0,0
2018-11-07;976113,0;155847,0;689643,0;508441,0;943673,0;141383,0;468606;716450,0;75834,0;7049;143038,0;120916,0;5142814,0;9617499,0;67880,0;0,0;579640,0;2376,0;34069707,0;13531;513880,0;77757,0;0,0
2018-11-08;1303384,0;440413,0;844107,0;1358563,0;397139,0;108711,0;379733;812150,0;51660,0;8680;63343,0;267948,0;1725148,0;6492667,0;149465,0;0,0;324926,0;1563,0;7267662,0;69280;286320,0;37660,0;0,0
2018-11-09;1706690,0;219197,0;519031,0;647214,0;162223,0;221327,0;303562;506937,0;134740,0;19722;78578,0;167216,0;1890641,0;7537632,0;89521,0;0,0;175721,0;2814,0;9876543,0;3853;446810,0;46216,0;0,0
2018-11-12;790320,0;83653,0;458385,0;862335,0;118880,0;25892,0;253739;543488,0;51250,0;11757;18453,0;138049,0;1210641,0;3824877,0;79743,0;0,0;138269,0;5319,0;4211515,0;3694;599950,0;43665,0;0,0
2018-11-13;560441,0;92104,0;859833,0;850743,0;152169,0;88114,0;443845;555259,0;164143,0;10882;48021,0;247805,0;3003938,0;5327405,0;120501,0;0,0;259913,0;3213,0;7509093,0;9285;998400,0;74816,0;0,0
2018-11-14;907493,0;101548,0;525853,0;677295,0;371138,0;110050,0;194137;700091,0;31720,0;14282;31022,0;582879,0;1866136,0;5756428,0;173179,0;0,0;129467,0;2340,0;4945562,0;13770;434650,0;23176,0;0,0
2018-11-15;1213744,0;140504,0;848357,0;1603449,0;418862,0;284996,0;478079;579388,0;125870,0;14406;26286,0;258623,0;2178207,0;7526292,0;210337,0;0,0;200689,0;363,0;19824481,0;19991;601320,0;114829,0;0,0
2018-11-16;1532235,0;168427,0;509791,0;587485,0;234746,0;52632,0;1789238;576875,0;254753,0;14405;25530,0;243944,0;4420666,0;11952748,0;154571,0;0,0;321474,0;214,0;5999270,0;14923;819430,0;133720,0;0,0
2018-11-20;1113210,0;112275,0;378149,0;664804,0;347590,0;32759,0;1083639;412931,0;90232,0;6345;19093,0;159688,0;1098635,0;6812403,0;263749,0;100,0;325877,0;1835,0;2783544,0;7507;642800,0;82826,0;0,0
2018-11-21;928112,0;124448,0;1300676,0;1373724,0;371694,0;63019,0;792046;551179,0;54545,0;9018;33263,0;107051,0;711643,0;5475153,0;268266,0;0,0;106420,0;5459,0;5481617,0;4333;505310,0;166254,0;0,0
2018-11-22;118877,0;16981,0;113675,0;697191,0;157669,0;30616,0;250764;98805,0;12707,0;3356;5200,0;28869,0;457098,0;2581370,0;192208,0;0,0;35032,0;1879,0;364308,0;2476;63500,0;8682,0;0,0
2018-11-23;1380623,0;136641,0;1381329,0;412828,0;409476,0;61018,0;1574768;399342,0;39847,0;8030;70132,0;85289,0;3011238,0;8197846,0;88956,0;0,0;234905,0;4054,0;3655852,0;3365;589290,0;115915,0;0,0
2018-11-26;2041116,0;432103,0;2224371,0;1095388,0;564638,0;110019,0;987130;927080,0;323370,0;9383;168712,0;914411,0;1349407,0;6052634,0;1432359,0;0,0;589757,0;3472,0;11158410,0;25634;855530,0;75948,0;0,0
2018-11-27;1034336,0;141321,0;974750,0;1783571,0;252240,0;91474,0;496267;754398,0;14650,0;6485;61012,0;121217,0;1666797,0;4403539,0;333057,0;100,0;308673,0;11529,0;5434859,0;34932;824530,0;102994,0;0,0
2018-11-28;1220335,0;269372,0;369415,0;535178,0;265008,0;43993,0;515503;2455703,0;11843,0;17733;8087,0;87625,0;986409,0;1131195,0;972835,0;0,0;152973,0;5775,0;14724568,0;34033;639780,0;49676,0;0,0
2018-11-29;571702,0;66348,0;687584,0;238249,0;323633,0;66118,0;461499;201578,0;8972,0;3990;3215,0;97835,0;604293,0;5235174,0;63949,0;0,0;301316,0;2378,0;4482409,0;19210;289970,0;22365,0;0,0
2018-11-30;0,0;0,0;0,0;0,0;0,0;0,0;0;0,0;0,0;0;0,0;0,0;0,0;0,0;0,0;0,0;0,0;0,0;0,0;0;0,0;0,0;
2018-12-03;1850890,0;93534,0;1513976,0;411015,0;692037,0;66441,0;1045524;765016,0;110976,0;18322;6923,0;193269,0;961137,0;6369535,0;95221,0;0,0;272369,0;1266,0;15294007,0;17806;941560,0;263462,0;0,0
2018-12-04;1142861,0;74252,0;1218809,0;394887,0;381688,0;125076,0;509481;357899,0;45980,0;8658;15594,0;503449,0;902743,0;3878874,0;72668,0;280,0;350122,0;4857,0;10280671,0;7303;803010,0;49777,0;0,0
2018-12-05;328397,0;25241,0;228601,0;765728,0;171768,0;180546,0;188162;185287,0;5254,0;30251;3635,0;105886,0;547616,0;2259697,0;506099,0;0,0;853000,0;2412,0;2480171,0;7147;252060,0;9976,0;0,0
2018-12-06;784856,0;165989,0;868313,0;1114465,0;388013,0;311884,0;462272;966651,0;53962,0;16688;45109,0;165103,0;824112,0;14918066,0;231099,0;0,0;896512,0;4918,0;5790017,0;18433;456640,0;95205,0;0,0
2018-12-07;592093,0;142241,0;450314,0;476534,0;442335,0;39671,0;374037;599558,0;160222,0;12863;4090,0;321070,0;1040544,0;4883582,0;153704,0;0,0;203129,0;5387,0;5698814,0;51877;585360,0;54742,0;0,0
2018-12-10;1052391,0;183258,0;1015851,0;589544,0;361027,0;47774,0;353435;460037,0;33081,0;2996;10285,0;113216,0;684567,0;3300632,0;48921,0;0,0;550157,0;5561,0;4553400,0;21922;329650,0;65703,0;0,0
2018-12-11;1807003,0;65552,0;550515,0;383837,0;341559,0;125499,0;838562;300808,0;77348,0;8275;14960,0;118927,0;1037807,0;7036596,0;262218,0;31,0;184010,0;5130,0;7264444,0;7948;429030,0;56839,0;0,0
2018-12-12;979867,0;141969,0;433452,0;891352,0;487452,0;67098,0;672149;551790,0;127292,0;4910;23094,0;202768,0;581971,0;7677943,0;58568,0;0,0;236317,0;3897,0;3180633,0;2586;321240,0;65452,0;0,0
2018-12-13;635377,0;51172,0;612932,0;379840,0;327062,0;68302,0;294362;569319,0;39082,0;16931;23841,0;73751,0;1189597,0;3391998,0;28428,0;0,0;183293,0;5827,0;10864188,0;6375;310960,0;13434,0;0,0
2018-12-14;949993,0;68017,0;630666,0;367816,0;320237,0;340403,0;222799;475818,0;31542,0;4112;65966,0;93851,0;727991,0;9426304,0;667761,0;0,0;263503,0;6029,0;17118364,0;1887;214400,0;45560,0;0,0
2018-12-17;1531032,0;352205,0;841950,0;396023,0;1246316,0;125038,0;656996;484244,0;72722,0;9336;15607,0;115263,0;1752675,0;4026764,0;237352,0;0,0;314574,0;4643,0;3545343,0;10377;721750,0;29785,0;0,0
2018-12-18;1024197,0;136131,0;674917,0;616063,0;537227,0;247538,0;160128;703178,0;36350,0;7940;14219,0;194747,0;1559649,0;3235863,0;81196,0;0,0;393791,0;3899,0;12806595,0;9423;744020,0;47637,0;0,0
2018-12-19;1387743,0;60672,0;365202,0;1122478,0;799991,0;335317,0;455861;805077,0;84324,0;4927;29585,0;130307,0;1569156,0;5115780,0;240389,0;114,0;400009,0;7745,0;8444851,0;12022;1065000,0;127698,0;0,0
2018-12-20;559943,0;195174,0;831676,0;2214982,0;426595,0;129752,0;326484;715378,0;67554,0;8642;13020,0;164374,0;1764140,0;4201558,0;26857,0;0,0;171371,0;2068,0;34813909,0;9405;510040,0;36960,0;0,0
2018-12-21;1379006,0;202966,0;761161,0;855804,0;380981,0;111070,0;904449;803260,0;71907,0;6348;19914,0;201463,0;2742839,0;7049556,0;70157,0;0,0;323422,0;5208,0;4203571,0;70451;586950,0;57487,0;0,0
2018-12-26;1330837,0;1050812,0;1261826,0;1290424,0;259613,0;616569,0;785831;947240,0;77497,0;7825;11451,0;154683,0;2938856,0;6871856,0;264961,0;0,0;630959,0;1966,0;7251473,0;6064;1228590,0;268263,0;0,0
2018-12-27;1457708,0;1763714,0;499436,0;305833,0;152757,0;299960,0;416022;490458,0;10846,0;6466;25407,0;76132,0;2009799,0;29454382,0;176709,0;0,0;159942,0;6574,0;5660402,0;13307;739210,0;99761,0;0,0
2018-12-28;854723,0;374680,0;966602,0;435482,0;324992,0;140500,0;280858;511265,0;74406,0;22356;31589,0;128741,0;2932611,0;5715161,0;111595,0;150,0;151816,0;3449,0;13457181,0;4650;506520,0;17614,0;0,0
2018-12-31;0,0;0,0;0,0;0,0;0,0;0,0;0;0,0;0,0;0;0,0;0,0;0,0;0,0;0,0;0,0;0,0;0,0;0,0;0;0,0;0,0;
2019-01-02;905540,0;87918,0;708803,0;352199,0;262627,0;203882,0;366014;417253,0;33128,0;5126;14634,0;65428,0;2353326,0;5974725,0;249011,0;0,0;316108,0;2600,0;15607334,0;12911;238920,0;76604,0;0,0
2019-01-03;830389,0;135188,0;925905,0;590299,0;100135,0;161497,0;252022;304199,0;20260,0;9155;12909,0;39380,0;1417443,0;7862735,0;139985,0;0,0;380861,0;4549,0;6815570,0;13020;301990,0;121904,0;0,0
2019-01-04;1896364,0;158136,0;1175402,0;594450,0;508497,0;300971,0;533908;826174,0;26662,0;5193;75751,0;207976,0;3479659,0;15541634,0;95045,0;114,0;492933,0;2391,0;10761321,0;10129;673010,0;196149,0;0,0
2019-01-07;1835032,0;369658,0;792204,0;1019029,0;551835,0;311816,0;1007060;570238,0;71267,0;6625;38393,0;161534,0;4428437,0;8357360,0;51827,0;0,0;376154,0;1868,0;5335210,0;63518;429560,0;154222,0;0,0
2019-01-08;1077928,0;182837,0;979999,0;651509,0;882366,0;73209,0;423981;1154984,0;171975,0;2820;45129,0;91726,0;5149863,0;7519663,0;266646,0;0,0;536994,0;2600,0;6174436,0;53881;1416990,0;80567,0;0,0
2019-01-09;2717409,0;191717,0;1160824,0;1129004,0;517594,0;279191,0;880374;1075422,0;96928,0;11506;56471,0;188645,0;4386486,0;5858038,0;214708,0;0,0;539446,0;1051,0;10587161,0;48046;869210,0;160171,0;0,0
2019-01-10;1582934,0;303971,0;1794286,0;781411,0;664644,0;145097,0;1027211;659058,0;73822,0;10727;105557,0;255611,0;3346018,0;6258159,0;103346,0;85,0;656190,0;3403,0;9931044,0;6430;955890,0;108515,0;0,0
2019-01-11;704157,0;202592,0;677240,0;406532,0;420167,0;97659,0;619420;622363,0;40322,0;10668;70538,0;155029,0;1784068,0;3366393,0;139946,0;0,0;517623,0;3845,0;6382784,0;71001;713470,0;52213,0;0,0
2019-01-14;886494,0;83634,0;432186,0;565689,0;545477,0;87089,0;199606;277755,0;33222,0;6446;65089,0;105302,0;2690961,0;6323467,0;113340,0;0,0;342706,0;2048,0;5469550,0;5403;413430,0;77626,0;0,0
2019-01-15;499493,0;100501,0;463237,0;844211,0;696587,0;82894,0;402813;520237,0;9852,0;6033;63870,0;207638,0;3827299,0;5743964,0;71763,0;0,0;404195,0;3090,0;7902964,0;14655;405860,0;111123,0;0,0
2019-01-16;750071,0;121823,0;748002,0;821218,0;257411,0;76519,0;464044;377061,0;188884,0;3366;46204,0;103197,0;2910006,0;5520342,0;58614,0;0,0;409220,0;3071,0;15931219,0;71528;657500,0;156244,0;0,0
2019-01-17;513673,0;93215,0;542533,0;439435,0;343421,0;83179,0;451153;250383,0;62332,0;7484;54828,0;119159,0;1916656,0;11364579,0;44513,0;0,0;281948,0;8559,0;5080908,0;3042;731510,0;100743,0;0,0
2019-01-18;1573055,0;204393,0;803856,0;831658,0;372020,0;55386,0;557992;300545,0;54812,0;9418;44333,0;146432,0;4982141,0;19251629,0;90267,0;0,0;277903,0;3155,0;10913560,0;12494;834960,0;61343,0;0,0
2019-01-21;203408,0;37761,0;219099,0;423214,0;501202,0;274251,0;118251;118394,0;10223,0;10039;9244,0;37475,0;1336055,0;7872511,0;73798,0;56,0;259520,0;14531,0;4348872,0;9690;499390,0;30718,0;0,0
2019-01-22;777827,0;112648,0;414906,0;381449,0;396738,0;596242,0;949644;456493,0;70520,0;17975;74380,0;120171,0;1413502,0;5331841,0;175070,0;45,0;460871,0;7068,0;2694453,0;20822;1422650,0;98250,0;0,0
2019-01-23;1973250,0;162110,0;326239,0;646323,0;348686,0;134736,0;448845;628856,0;35471,0;9977;144882,0;72946,0;1456206,0;9775699,0;65416,0;0,0;485258,0;25844,0;2912052,0;15466;628940,0;111311,0;0,0
2019-01-24;1377778,0;186561,0;687664,0;782229,0;263213,0;217205,0;617945;630484,0;138653,0;8532;42643,0;61252,0;4187917,0;7424002,0;109363,0;0,0;270630,0;10336,0;4618961,0;32116;1492520,0;145651,0;0,0
2019-01-25;808018,0;112384,0;518747,0;881087,0;195660,0;52704,0;421373;292944,0;58209,0;11297;28708,0;150651,0;1354661,0;9457002,0;136624,0;0,0;170926,0;3262,0;17781117,0;9996;570300,0;57288,0;0,0
2019-01-28;1053135,0;52314,0;411001,0;255755,0;226076,0;644281,0;733418;466971,0;20980,0;4854;105651,0;149488,0;1145580,0;9890793,0;176359,0;0,0;247816,0;8677,0;6024911,0;18180;535460,0;61927,0;0,0
2019-01-29;790742,0;134131,0;725792,0;476094,0;788606,0;134667,0;497876;931603,0;47632,0;5176;131027,0;92859,0;1141093,0;8289916,0;137826,0;0,0;79376,0;1723,0;18083886,0;55709;960630,0;66895,0;0,0
2019-01-30;603976,0;141286,0;623660,0;700683,0;1230109,0;166983,0;1038913;639692,0;119901,0;9393;80112,0;223501,0;654543,0;19389054,0;209417,0;0,0;351878,0;2395,0;2944933,0;66990;638380,0;81656,0;0,0
2019-01-31;1288760,0;106404,0;328454,0;558761,0;457226,0;101821,0;1574652;841723,0;76097,0;6882;27885,0;215821,0;1846057,0;97537485,0;111387,0;0,0;161877,0;3620,0;11323520,0;85462;933390,0;124181,0;0,0
2019-02-01;973319,0;222766,0;911598,0;1121282,0;411504,0;56804,0;935005;1192492,0;145211,0;5863;20095,0;95515,0;1891435,0;16558519,0;231162,0;0,0;290991,0;4853,0;32013975,0;18749;1639740,0;145672,0;0,0
2019-02-04;1071601,0;139344,0;889466,0;1204270,0;584272,0;75423,0;1549955;1018927,0;31058,0;13334;19173,0;166251,0;2183583,0;13970042,0;355796,0;0,0;265853,0;5670,0;14516823,0;10093;872610,0;149787,0;0,0
2019-02-05;1314427,0;120307,0;1378755,0;740474,0;502782,0;129806,0;1260920;1221024,0;54012,0;12383;19913,0;163843,0;2204232,0;9280691,0;258842,0;0,0;226785,0;6627,0;5989315,0;22900;1120790,0;133374,0;0,0
2019-02-06;1639186,0;165389,0;1111067,0;936159,0;329655,0;57363,0;1021503;1295923,0;84657,0;8302;10377,0;147962,0;1045721,0;11737792,0;163236,0;0,0;203522,0;3204,0;5184177,0;4708;1158500,0;67649,0;0,0
2019-02-07;1283360,0;365332,0;474293,0;716248,0;181337,0;237060,0;1345634;1155676,0;29032,0;8903;39471,0;160783,0;1238450,0;10635348,0;169617,0;0,0;363852,0;6541,0;3595520,0;26249;1088900,0;125641,0;0,0
2019-02-08;812657,0;169278,0;954275,0;615529,0;232147,0;41886,0;757615;719741,0;58120,0;5520;39198,0;89572,0;821164,0;13333830,0;107314,0;0,0;152782,0;750,0;14436178,0;16604;716150,0;63165,0;0,0
2019-02-11;717230,0;68115,0;1108535,0;400315,0;213554,0;34190,0;394442;674954,0;33351,0;6099;21165,0;212198,0;461141,0;4881924,0;115585,0;0,0;61274,0;8338,0;4340426,0;37386;630240,0;31123,0;0,0
2019-02-12;1006936,0;151866,0;1485155,0;571942,0;296449,0;59451,0;469778;554486,0;44141,0;7489;39376,0;103085,0;1236825,0;11500076,0;129779,0;203,0;178230,0;3304,0;17854220,0;14743;759670,0;111868,0;0,0
2019-02-13;1292930,0;77899,0;2067083,0;918578,0;426896,0;120709,0;337067;659392,0;39154,0;5373;44722,0;78336,0;1245306,0;7817801,0;133136,0;1000,0;139128,0;3367,0;2254829,0;20447;1013630,0;46749,0;0,0
2019-02-14;1001130,0;85926,0;1019744,0;352426,0;177397,0;221602,0;423303;464898,0;26358,0;7288;28505,0;81051,0;2094688,0;19674841,0;28808,0;0,0;124690,0;4224,0;15501450,0;73502;592410,0;27999,0;0,0
2019-02-15;1221734,0;31291,0;598339,0;1182664,0;731889,0;107328,0;213375;378184,0;32411,0;13910;29175,0;106239,0;6816074,0;12873651,0;57224,0;0,0;420815,0;727,0;12405786,0;9693;520080,0;52890,0;0,0
2019-02-18;247993,0;19559,0;144335,0;2188092,0;1411032,0;52342,0;198426;178756,0;15305,0;4909;5363,0;32172,0;5303312,0;15249553,0;42795,0;0,0;58726,0;10291,0;2403750,0;3895;223750,0;30513,0;0,0
2019-02-19;1694674,0;188028,0;1330181,0;1242852,0;930963,0;69345,0;995884;768452,0;53621,0;3120;8475,0;282079,0;2840350,0;15792839,0;140509,0;0,0;202743,0;3277,0;19858971,0;18580;550830,0;126692,0;0,0
2019-02-20;2301592,0;595967,0;2112583,0;1420709,0;937187,0;86647,0;2628951;833940,0;64270,0;3887;44002,0;382868,0;3343460,0;10388229,0;306465,0;0,0;365703,0;3958,0;21925664,0;21508;1695900,0;358917,0;0,0
2019-02-21;665184,0;121126,0;737095,0;902983,0;587935,0;162588,0;1253669;517902,0;24871,0;2285;60830,0;138366,0;3445989,0;6499324,0;76859,0;0,0;417911,0;2178,0;31755952,0;2130;546820,0;51144,0;0,0
2019-02-22;819507,0;86881,0;806236,0;813470,0;356399,0;234896,0;1451480;646325,0;43311,0;5000;17954,0;261502,0;3008815,0;5509088,0;486766,0;0,0;505598,0;11328,0;1654621,0;21363;1095510,0;173239,0;0,0
2019-02-25;656155,0;117748,0;468241,0;907930,0;455180,0;205315,0;1086882;598509,0;48765,0;6508;18329,0;166829,0;2454677,0;2964137,0;133275,0;0,0;163980,0;7174,0;3798036,0;25395;663420,0;92619,0;0,0
2019-02-26;665177,0;87435,0;503347,0;817649,0;317883,0;157019,0;484137;404395,0;21061,0;2153;21771,0;165824,0;1692228,0;4665910,0;77069,0;0,0;95175,0;5207,0;1731645,0;700;422560,0;29379,0;0,0
2019-02-27;1526969,0;44578,0;521225,0;719552,0;412147,0;126234,0;860092;387398,0;24840,0;3634;31697,0;125598,0;1202619,0;5660739,0;100590,0;333,0;124809,0;3493,0;6508879,0;15996;396930,0;79550,0;0,0
2019-02-28;2008021,0;158256,0;1223330,0;371328,0;571305,0;146172,0;1078107;1239898,0;70804,0;3182;207619,0;135274,0;1384465,0;5905845,0;237252,0;0,0;325996,0;4054,0;23251874,0;17003;511560,0;141748,0;0,0
2019-03-01;2010651,0;927856,0;1302593,0;1607289,0;476224,0;116461,0;2613903;547467,0;11252,0;4669;50185,0;89265,0;756771,0;4529870,0;218724,0;0,0;164684,0;1092,0;25004234,0;64468;328580,0;758048,0;0,0
2019-03-06;2384980,0;176285,0;977130,0;630210,0;337969,0;184192,0;1363306;1358568,0;37718,0;3482;113231,0;379854,0;1623527,0;9966472,0;393210,0;0,0;412987,0;8048,0;35376108,0;19306;2222490,0;252963,0;0,0
2019-03-07;3387297,0;356337,0;1040969,0;1103895,0;971646,0;271029,0;1219754;808050,0;36701,0;11076;82868,0;281762,0;1944239,0;6145753,0;284559,0;0,0;245170,0;6205,0;13485035,0;51411;997470,0;133312,0;0,0
2019-03-08;1984602,0;111585,0;534020,0;722897,0;509512,0;109219,0;886597;1149440,0;82212,0;2875;19087,0;150727,0;1332102,0;5850412,0;56523,0;0,0;65848,0;5120,0;31699441,0;8587;671970,0;57028,0;0,0
2019-03-11;1468674,0;235226,0;718749,0;764293,0;324621,0;58636,0;935876;462312,0;92222,0;7942;24530,0;129311,0;601751,0;3635072,0;93275,0;0,0;211987,0;2106,0;4844706,0;9815;797870,0;52790,0;0,0
2019-03-12;1870584,0;171881,0;638020,0;803481,0;439643,0;96812,0;794753;767209,0;64282,0;14477;26678,0;89303,0;2105349,0;7086515,0;103942,0;0,0;131570,0;3558,0;2833620,0;42077;575200,0;57755,0;0,0
2019-03-13;964472,0;179523,0;783200,0;951701,0;846551,0;299506,0;848407;548067,0;19004,0;14840;38866,0;121821,0;1549004,0;6486004,0;141579,0;0,0;166894,0;10236,0;5658089,0;11154;834210,0;59488,0;0,0
2019-03-14;973961,0;95676,0;625919,0;1496781,0;482123,0;112752,0;362858;537319,0;16298,0;7537;5951,0;87641,0;395568,0;2874358,0;233836,0;0,0;131783,0;5155,0;18260962,0;15128;303850,0;92845,0;0,0
2019-03-15;1538351,0;228562,0;1531238,0;671992,0;509757,0;92702,0;1329821;524089,0;42376,0;10306;31451,0;131618,0;1186968,0;7289918,0;297934,0;40,0;276865,0;1268,0;13173618,0;39601;1118120,0;113387,0;0,0
2019-03-18;940143,0;220148,0;2329064,0;1443605,0;1227764,0;262623,0;636809;1546502,0;15402,0;25252;46313,0;473613,0;3175841,0;12168838,0;313473,0;0,0;401296,0;2039,0;6658202,0;14391;548810,0;111834,0;0,0
2019-03-19;1622851,0;277773,0;2097325,0;820813,0;810183,0;184225,0;1702654;1089057,0;48906,0;11014;48432,0;503410,0;1320065,0;38468248,0;154450,0;400,0;175126,0;5944,0;3972699,0;8637;1115380,0;118567,0;0,0
2019-03-20;1551934,0;409155,0;999706,0;1468565,0;978033,0;93643,0;1090962;1086452,0;45365,0;26187;77791,0;219842,0;988607,0;10792801,0;217400,0;0,0;228527,0;17318,0;7966213,0;10300;1834300,0;176309,0;0,0
2019-03-21;859389,0;114390,0;1115977,0;371836,0;989861,0;301912,0;678364;758387,0;10579,0;8673;22194,0;51534,0;1462125,0;6063019,0;104055,0;3000,0;218800,0;5645,0;4730275,0;6051;424170,0;93436,0;0,0
2019-03-22;1628625,0;385768,0;1415392,0;412399,0;289814,0;119029,0;1364658;1096877,0;29128,0;14527;38268,0;201007,0;2169700,0;11051642,0;61188,0;0,0;375115,0;903,0;4949785,0;28901;637880,0;64336,0;0,0
2019-03-25;1858449,0;192210,0;961287,0;491851,0;355440,0;231715,0;1445227;944757,0;31068,0;8235;180817,0;174718,0;1178363,0;3471542,0;266736,0;2000,0;343315,0;2165,0;1864075,0;55424;1395600,0;116726,0;0,0
2019-03-26;1645818,0;169641,0;1453797,0;725644,0;347573,0;192297,0;1359190;1595407,0;21964,0;7633;75955,0;372417,0;1299682,0;8126850,0;429900,0;652,0;622260,0;8976,0;7174348,0;51553;1177860,0;45247,0;0,0
2019-03-27;1496518,0;220659,0;1376770,0;1027738,0;269898,0;89851,0;953826;963309,0;24403,0;18826;66251,0;325314,0;3644835,0;5772238,0;360441,0;0,0;747443,0;4571,0;6626427,0;22542;700410,0;65525,0;0,0
2019-03-28;605485,0;73042,0;887087,0;827952,0;413138,0;128878,0;550308;782529,0;9412,0;14226;10032,0;304507,0;721245,0;6238739,0;619015,0;0,0;1005643,0;280,0;2871629,0;12872;377130,0;31955,0;0,0
2019-03-29;669363,0;162377,0;1187807,0;1396030,0;603414,0;361024,0;1061945;884071,0;80817,0;4794;37795,0;152507,0;1753658,0;9139865,0;346089,0;0,0;404797,0;4472,0;4311366,0;29768;793390,0;58444,0;0,0
2019-04-01;359642,0;104219,0;614060,0;1007169,0;999059,0;120080,0;547151;362459,0;72533,0;11475;16700,0;120036,0;605097,0;3395981,0;33176,0;0,0;143997,0;7574,0;2893852,0;56814;836350,0;70012,0;0,0
2019-04-03;755025,0;161578,0;611841,0;535395,0;657369,0;192909,0;697276;1936355,0;72323,0;6478;14226,0;257174,0;1317799,0;7216479,0;351635,0;5340,0;754427,0;5526,0;4595130,0;29462;774770,0;64536,0;0,0
2019-04-04;459772,0;275357,0;950745,0;1705435,0;526032,0;137940,0;585942;594181,0;17154,0;7914;23171,0;148622,0;1253923,0;7551471,0;235548,0;120,0;189643,0;2239,0;1775788,0;11645;653470,0;128767,0;0,0
2019-04-05;775118,0;209215,0;633763,0;677753,0;868408,0;77645,0;855580;838917,0;168770,0;6445;19601,0;156752,0;1231992,0;7293037,0;130862,0;0,0;135482,0;857,0;2141907,0;10533;519260,0;30246,0;0,0
2019-04-08;707202,0;148399,0;551552,0;417453,0;311241,0;71722,0;983498;818918,0;2644,0;5131;28073,0;119391,0;1627599,0;7167476,0;263064,0;0,0;145978,0;2542,0;2376098,0;28348;1106820,0;47702,0;0,0
2019-04-09;1139425,0;133671,0;884241,0;1168932,0;378468,0;77338,0;1606617;822007,0;196842,0;6939;69968,0;185615,0;3112226,0;22662395,0;198410,0;35,0;516428,0;7246,0;3216430,0;36118;1298010,0;72151,0;0,0
2019-04-10;1270720,0;78811,0;1580832,0;750474,0;260313,0;56350,0;1278399;334497,0;80686,0;10710;29244,0;117188,0;879776,0;3070618,0;292198,0;0,0;551574,0;7735,0;6001382,0;27357;664090,0;133921,0;0,0
2019-04-11;1119689,0;88428,0;1905990,0;668008,0;715413,0;109973,0;1264782;1579967,0;18996,0;5782;14317,0;152052,0;1300435,0;5912790,0;185236,0;0,0;1127097,0;556,0;20704834,0;23720;567190,0;123035,0;0,0
2019-04-12;1121439,0;180359,0;1064334,0;1088729,0;840337,0;173675,0;1036088;472673,0;19244,0;3849;34896,0;253507,0;1398744,0;3479088,0;398892,0;0,0;181967,0;3328,0;3171683,0;6057;712920,0;110378,0;0,0
2019-04-15;1231923,0;140984,0;521393,0;1639226,0;995478,0;157590,0;556919;504886,0;62878,0;8029;137364,0;168467,0;1245568,0;3782438,0;255780,0;0,0;406807,0;3358,0;4545959,0;8738;1083220,0;133325,0;0,0
2019-04-16;2043145,0;340090,0;1167427,0;1854337,0;569601,0;121113,0;388884;770659,0;107026,0;1051;42098,0;107784,0;1683748,0;6084333,0;253975,0;0,0;414605,0;4205,0;13606605,0;24076;1126850,0;148282,0;0,0
2019-04-17;2447459,0;312618,0;808546,0;2054250,0;559896,0;193055,0;876619;784836,0;76313,0;3006;25112,0;500698,0;768168,0;4863383,0;357757,0;17,0;577923,0;6100,0;4514686,0;352941;1327370,0;134555,0;0,0
2019-04-22;1563992,0;168166,0;440935,0;1375422,0;381712,0;126443,0;771233;583402,0;143137,0;4673;7547,0;194548,0;1018208,0;12950001,0;356128,0;0,0;482176,0;1554,0;3043979,0;16098;930780,0;287879,0;0,0
2019-04-23;1594929,0;110280,0;1060909,0;1553028,0;1086738,0;130403,0;696092;427904,0;46287,0;3481;49987,0;232921,0;874676,0;3211180,0;479450,0;0,0;442468,0;975,0;1798916,0;21870;506910,0;33686,0;0,0
2019-04-24;2785347,0;238057,0;1012061,0;1716197,0;643553,0;165639,0;1054907;1041316,0;101766,0;13590;133091,0;255339,0;2234921,0;10113092,0;100265,0;0,0;284090,0;3608,0;17228873,0;75325;1020880,0;226398,0;0,0
2019-04-25;3658058,0;294907,0;1413647,0;2876708,0;1008112,0;183071,0;1770605;1504125,0;186916,0;16472;143322,0;519609,0;1759366,0;10246547,0;664609,0;1575,0;1170845,0;536,0;26054021,0;36463;1263490,0;181277,0;0,0
2019-04-26;1364837,0;128406,0;1094968,0;2803587,0;1343963,0;95229,0;895149;694572,0;286584,0;26731;19360,0;371028,0;1707907,0;5660087,0;358107,0;0,0;447247,0;2854,0;10134063,0;225549;649240,0;107337,0;0,0
2019-04-29;906851,0;217839,0;538331,0;1048472,0;410900,0;579265,0;591839;453367,0;157798,0;12591;239205,0;239169,0;1153054,0;5642146,0;408480,0;0,0;349752,0;1225,0;6420492,0;34687;636610,0;154742,0;0,0
2019-04-30;754762,0;96082,0;726308,0;485972,0;146586,0;49076,0;633691;934379,0;207666,0;6101;127871,0;186252,0;616252,0;2801703,0;31049,0;0,0;489491,0;2022,0;8634698,0;11371;336820,0;76834,0;0,0
2019-05-02;963515,0;168824,0;911841,0;725798,0;320256,0;93030,0;1408446;985057,0;71207,0;3527;182129,0;75040,0;1091770,0;3946629,0;184943,0;0,0;1407867,0;4182,0;4694779,0;6142;513120,0;60595,0;0,0
2019-05-03;1992149,0;254129,0;1351513,0;1560564,0;482216,0;515440,0;1105428;916949,0;49306,0;5805;63321,0;386061,0;2178304,0;10712851,0;146133,0;0,0;1496103,0;13721,0;8131424,0;40961;1347150,0;163015,0;0,0
2019-05-06;1243251,0;200656,0;1646546,0;1863579,0;327559,0;81200,0;847865;870909,0;76248,0;9094;46440,0;181602,0;2478611,0;8685317,0;147866,0;0,0;414994,0;7199,0;12422377,0;41430;1152530,0;91342,0;0,0
2019-05-07;749464,0;117674,0;665159,0;1131227,0;582019,0;41003,0;1302580;602925,0;59187,0;4107;76286,0;275106,0;1545273,0;4438726,0;173971,0;0,0;453930,0;1111,0;11021656,0;16310;719440,0;43575,0;0,0
2019-05-08;1000886,0;117778,0;1646426,0;1726759,0;707478,0;152552,0;1188783;620444,0;21077,0;4811;151561,0;333251,0;2097897,0;11535291,0;338914,0;1000,0;863425,0;8668,0;7622015,0;39291;1089670,0;10798,0;0,0
2019-05-09;812506,0;151845,0;1572044,0;1273467,0;641886,0;276108,0;796255;889488,0;31017,0;4102;67267,0;309631,0;1197807,0;4694911,0;94479,0;160,0;484457,0;5649,0;3719805,0;17899;1225280,0;52653,0;0,0
2019-05-10;1593092,0;196182,0;752154,0;580871,0;1171071,0;75145,0;862354;411085,0;12033,0;9551;66892,0;176986,0;973814,0;2322246,0;46570,0;0,0;532133,0;5327,0;7648361,0;9533;1495490,0;176544,0;0,0
2019-05-13;731424,0;611329,0;635913,0;403589,0;507536,0;62489,0;417524;243592,0;16868,0;1754;50524,0;172654,0;684020,0;5653217,0;204789,0;0,0;563073,0;2453,0;3678879,0;17524;1316770,0;75560,0;0,0
2019-05-14;689540,0;146198,0;671588,0;601231,0;663402,0;425529,0;577498;1117091,0;23929,0;4360;55591,0;286224,0;1184784,0;4637414,0;267318,0;0,0;408451,0;2476,0;5732600,0;40342;865540,0;72065,0;0,0
2019-05-15;673577,0;129364,0;452310,0;939214,0;334970,0;1051861,0;328708;504896,0;79586,0;6168;164589,0;58376,0;1293949,0;10293943,0;267953,0;0,0;401840,0;5250,0;23253584,0;57189;511960,0;57147,0;0,0
2019-05-16;1290807,0;136622,0;996660,0;461156,0;253147,0;128968,0;609068;514401,0;12417,0;6693;86595,0;92371,0;1354678,0;11988813,0;258928,0;0,0;233914,0;1664,0;3621764,0;41180;1041820,0;73363,0;0,0
2019-05-17;802565,0;65512,0;1630342,0;942234,0;286392,0;285947,0;425555;641472,0;49658,0;5680;93526,0;128037,0;1129202,0;8876209,0;69441,0;0,0;215127,0;4030,0;1807664,0;28464;659220,0;178708,0;0,0
2019-05-20;1002446,0;249176,0;510926,0;220958,0;235499,0;482197,0;335194;883855,0;78282,0;5047;59621,0;205906,0;1453181,0;5566812,0;203694,0;0,0;399638,0;12417,0;3231614,0;40934;581520,0;93068,0;0,0
2019-05-21;1658957,0;470634,0;1371850,0;738096,0;371575,0;361031,0;1142246;1710382,0;84725,0;12589;94981,0;222102,0;2455805,0;12188144,0;543558,0;0,0;625713,0;57288,0;6754634,0;32723;837220,0;128509,0;0,0
2019-05-22;720056,0;206959,0;1001601,0;564913,0;296929,0;152590,0;442418;1283708,0;65423,0;3710;99098,0;355079,0;1058489,0;8296772,0;144917,0;5,0;742405,0;11432,0;4810517,0;25097;1347500,0;77474,0;0,0
2019-05-23;543722,0;178361,0;814854,0;491442,0;238463,0;323002,0;256193;493995,0;76877,0;2498;39751,0;97768,0;1462320,0;2682503,0;533957,0;0,0;781633,0;7441,0;2974295,0;11417;425040,0;88940,0;0,0
2019-05-24;865831,0;216701,0;657373,0;791413,0;542020,0;682690,0;389650;927464,0;38661,0;7366;155881,0;127404,0;1414856,0;9160140,0;595005,0;0,0;4276522,0;5623,0;3364245,0;233733;784270,0;62192,0;0,0
2019-05-27;170618,0;27770,0;286145,0;327549,0;222352,0;340089,0;228020;156978,0;7638,0;3097;17669,0;43412,0;1128032,0;7561375,0;70816,0;0,0;391530,0;33618,0;3422164,0;6709;208800,0;26349,0;0,0
2019-05-28;1677514,0;259188,0;1218677,0;845718,0;262142,0;597676,0;1423440;960168,0;40087,0;5468;107232,0;85993,0;1597265,0;7705783,0;153851,0;0,0;272325,0;6880,0;1060445,0;25664;806060,0;384719,0;0,0
2019-05-29;1045094,0;210315,0;426014,0;349649,0;362344,0;490953,0;809686;395325,0;17114,0;3890;52958,0;100137,0;864621,0;3887435,0;222220,0;0,0;180537,0;33520,0;6606417,0;13298;1639130,0;201549,0;0,0
2019-05-30;1027861,0;231308,0;373570,0;470434,0;562752,0;537971,0;1035076;388088,0;27657,0;4238;52814,0;254547,0;1396750,0;2457676,0;631680,0;0,0;461277,0;4221,0;8320264,0;8598;653600,0;90752,0;0,0
2019-05-31;1435997,0;135367,0;388377,0;1518279,0;449582,0;156475,0;712600;406787,0;88783,0;7703;56955,0;105195,0;2431195,0;3602201,0;256386,0;575,0;386520,0;1363,0;7944895,0;2615;568150,0;118600,0;0,0
2019-06-03;1034153,0;122020,0;1002771,0;1140788,0;519057,0;329170,0;517712;344071,0;38948,0;5150;255105,0;242295,0;3366223,0;6830504,0;31445,0;0,0;175983,0;6671,0;30442009,0;39894;693520,0;159289,0;0,0
2019-06-04;1617915,0;220415,0;822649,0;978571,0;462505,0;321990,0;646563;326241,0;20488,0;4172;149631,0;231150,0;3793944,0;2975859,0;175994,0;0,0;1033491,0;1690,0;38049244,0;22699;343210,0;172523,0;0,0
2019-06-05;1459247,0;173948,0;831249,0;626033,0;925223,0;275710,0;874641;597627,0;153457,0;3802;98182,0;453530,0;2579516,0;15908567,0;348388,0;0,0;1665851,0;4707,0;23259617,0;53297;521030,0;211056,0;0,0
2019-06-06;1532730,0;550937,0;409405,0;1025467,0;932579,0;176117,0;696747;432036,0;161392,0;3967;54258,0;137030,0;2780103,0;9318132,0;173394,0;0,0;143255,0;3810,0;16892016,0;32565;726390,0;129076,0;0,0
2019-06-07;1025774,0;279976,0;1194339,0;845660,0;477039,0;114067,0;888693;324219,0;6378,0;6385;153151,0;172707,0;1898611,0;3994365,0;251649,0;0,0;128632,0;8416,0;42069003,0;20278;604830,0;133062,0;0,0
2019-06-10;1634270,0;773074,0;999605,0;800463,0;1155277,0;230689,0;905355;289554,0;52760,0;6336;23111,0;404375,0;736602,0;2674725,0;767719,0;0,0;302582,0;459,0;14371019,0;36682;1177610,0;122793,0;0,0
2019-06-11;4847141,0;409240,0;2241519,0;1619535,0;1017771,0;564141,0;2017946;1221231,0;23074,0;11264;63150,0;409832,0;3658700,0;17342465,0;941521,0;0,0;1574505,0;4924,0;24874821,0;58293;1417600,0;482916,0;0,0
2019-06-12;6658799,0;588016,0;4937142,0;2718379,0;941326,0;589828,0;3176849;1625774,0;121905,0;26867;168786,0;736959,0;3504742,0;22865747,0;859678,0;40,0;3311426,0;16674,0;33597604,0;87122;1908880,0;487453,0;0,0
2019-06-13;3019018,0;394684,0;3226401,0;1238075,0;613704,0;118574,0;1195056;428905,0;23737,0;13916;222124,0;225251,0;1391176,0;37272146,0;2075492,0;0,0;5547056,0;2011,0;8882162,0;187657;1378460,0;299860,0;0,0
2019-06-14;1921503,0;293709,0;907191,0;1701643,0;565653,0;82747,0;1479208;735946,0;17269,0;11932;116708,0;210214,0;1481755,0;21373548,0;319205,0;0,0;1406297,0;2533,0;6429441,0;12624;799430,0;218246,0;0,0
2019-06-18;1176975,0;331263,0;1196324,0;1043798,0;885726,0;205898,0;623950;546508,0;8929,0;5376;123579,0;215665,0;725659,0;16686229,0;144142,0;0,0;1976624,0;16543,0;4014831,0;34633;1236610,0;271235,0;0,0
2019-06-19;2816717,0;121041,0;1313076,0;967413,0;829554,0;631530,0;745722;421654,0;9903,0;3551;124040,0;127098,0;1178986,0;10987194,0;110976,0;0,0;889910,0;10507,0;2512248,0;21600;663620,0;70116,0;0,0
2019-06-21;2363917,0;165757,0;1001530,0;754688,0;888086,0;831135,0;789560;389815,0;17627,0;12345;72228,0;228350,0;1636958,0;9677307,0;318490,0;0,0;599739,0;1594,0;3735089,0;29143;1367600,0;157606,0;0,0
2019-06-24;1562502,0;178050,0;751624,0;1952683,0;497216,0;318301,0;1327307;645830,0;23077,0;4603;126837,0;101863,0;990002,0;5671427,0;164563,0;0,0;318562,0;5850,0;4749581,0;3688;1411510,0;127685,0;0,0
2019-06-25;2095792,0;127704,0;723863,0;1129926,0;1015013,0;472960,0;1753169;505094,0;9916,0;5231;116764,0;152324,0;819189,0;15374248,0;65428,0;0,0;177725,0;2594,0;5737226,0;28158;1562430,0;157775,0;0,0
2019-06-26;1723804,0;191874,0;1976906,0;1889109,0;1448630,0;1123938,0;1036755;1066517,0;75455,0;3590;172737,0;107350,0;5118603,0;12446115,0;545499,0;0,0;270275,0;5907,0;3935494,0;53794;1889590,0;157310,0;0,0
2019-06-27;1440370,0;318797,0;1585203,0;1724848,0;915032,0;799668,0;881645;1313748,0;55492,0;5202;38814,0;179834,0;6880702,0;10155781,0;445075,0;0,0;388249,0;10097,0;2765142,0;20079;1304880,0;148178,0;0,0
2019-06-28;1164137,0;277773,0;1278636,0;2282634,0;681659,0;659644,0;972798;1155993,0;66696,0;1415;225582,0;123553,0;3865335,0;12315788,0;1077869,0;0,0;354173,0;11222,0;20606894,0;16927;981220,0;180123,0;0,0
2019-07-01;1509580,0;134151,0;663054,0;1288058,0;960919,0;734200,0;1013815;408820,0;16739,0;4629;16009,0;127770,0;10167987,0;10337483,0;1887166,0;0,0;296741,0;24575,0;1915659,0;27965;487550,0;94330,0;0,0
2019-07-02;1251169,0;211049,0;792171,0;600014,0;820259,0;99683,0;1758599;812741,0;24044,0;5657;18758,0;108757,0;5029066,0;4024855,0;582520,0;0,0;572070,0;7009,0;7146695,0;53722;748510,0;360861,0;0,0
2019-07-03;562948,0;85188,0;470328,0;1175772,0;1053286,0;43328,0;910230;795204,0;33849,0;3929;12250,0;176880,0;7599476,0;7080490,0;475016,0;0,0;484208,0;3363,0;2716273,0;5964;296050,0;150870,0;0,0
2019-07-04;172169,0;17658,0;192854,0;449550,0;353768,0;79939,0;293574;300986,0;967,0;3835;8231,0;31503,0;1673164,0;2449464,0;468027,0;0,0;327833,0;3196,0;2273331,0;10250;93730,0;36601,0;0,0
2019-07-05;770497,0;174500,0;720222,0;1090214,0;490327,0;206796,0;742428;1538900,0;23144,0;6275;82697,0;130348,0;4811533,0;3253298,0;504923,0;0,0;1151995,0;10259,0;5879912,0;69426;559300,0;60667,0;0,0
2019-07-10;1915471,0;293926,0;1607168,0;1636646,0;565451,0;88647,0;1948343;1235062,0;120487,0;19149;96119,0;223697,0;3688073,0;2853904,0;1333897,0;0,0;927109,0;6322,0;6514108,0;81424;1286990,0;237873,0;0,0
2019-07-11;1897692,0;200450,0;1530491,0;1563916,0;703115,0;112273,0;1445548;864319,0;106336,0;10182;83943,0;415545,0;2048967,0;11406272,0;765392,0;17,0;1151799,0;9622,0;8532233,0;36013;1001010,0;222760,0;0,0
2019-07-12;1429869,0;79977,0;1335967,0;953141,0;505790,0;47700,0;1047233;648522,0;44582,0;5622;38606,0;425443,0;2066021,0;10940200,0;309920,0;0,0;357052,0;9670,0;4410914,0;18535;1014670,0;80367,0;0,0
2019-07-15;998632,0;240664,0;742522,0;947457,0;612772,0;108002,0;981386;1077500,0;43008,0;9592;175536,0;210258,0;1514197,0;12243392,0;468650,0;0,0;764740,0;19069,0;2536683,0;10951;1245110,0;266276,0;0,0
2019-07-16;1009066,0;161500,0;859778,0;506463,0;515008,0;55500,0;924906;900888,0;41841,0;4453;129884,0;177443,0;974804,0;15811399,0;266181,0;0,0;393769,0;3792,0;5511883,0;17834;516500,0;91442,0;0,0
2019-07-17;991925,0;71864,0;1151733,0;766107,0;656194,0;54115,0;954178;771607,0;50058,0;4764;98245,0;211808,0;1633953,0;7491129,0;192407,0;0,0;264646,0;1581,0;6928392,0;33849;361320,0;48931,0;0,0
2019-07-18;1471453,0;103719,0;654859,0;502639,0;482932,0;130345,0;1507097;589149,0;8099,0;4270;71052,0;209509,0;1611962,0;10532576,0;220340,0;0,0;490053,0;6859,0;2705815,0;9568;254280,0;71711,0;0,0
2019-07-19;637025,0;132507,0;461015,0;532477,0;345527,0;33639,0;1372023;393113,0;22868,0;2753;16901,0;97856,0;777276,0;4911771,0;90208,0;0,0;171976,0;7941,0;3899495,0;60763;636320,0;73420,0;0,0
2019-07-22;817660,0;116551,0;1142749,0;1214613,0;324653,0;201643,0;1175529;880331,0;28314,0;6265;116668,0;195668,0;2294556,0;13770116,0;260309,0;0,0;454755,0;9686,0;3925639,0;49695;790230,0;211584,0;0,0
2019-07-23;706281,0;75530,0;675994,0;941399,0;160315,0;128087,0;2027245;928655,0;186358,0;8751;112530,0;197029,0;1219305,0;28416839,0;105264,0;0,0;294846,0;5052,0;3790595,0;15926;700810,0;72828,0;0,0
2019-07-24;421037,0;126327,0;518572,0;746228,0;481436,0;73991,0;618350;580169,0;169881,0;6260;38461,0;218866,0;1078132,0;3835985,0;167426,0;0,0;298986,0;9119,0;9754370,0;82293;520410,0;50209,0;0,0
2019-07-25;955835,0;125046,0;1006162,0;651306,0;479077,0;203904,0;566081;1354680,0;5773,0;5248;9448,0;137366,0;537750,0;5825974,0;433290,0;0,0;263989,0;3164,0;6719339,0;48680;541290,0;77671,0;0,0
2019-07-26;1911415,0;136246,0;1221198,0;866276,0;303776,0;73975,0;1576084;990991,0;32179,0;15451;44990,0;221094,0;2171646,0;12095001,0;518844,0;0,0;510476,0;11245,0;18499678,0;50423;563590,0;136661,0;0,0
2019-07-29;1390725,0;86367,0;863040,0;790733,0;523947,0;469677,0;1049790;598572,0;23871,0;5310;43656,0;142215,0;1583617,0;11083885,0;323441,0;0,0;359151,0;7886,0;5581065,0;32010;788920,0;118891,0;0,0
2019-07-30;693082,0;51829,0;500938,0;963437,0;434914,0;39148,0;397130;841440,0;38697,0;3291;37200,0;418416,0;597561,0;9372799,0;72964,0;0,0;848903,0;5783,0;3833029,0;73532;444900,0;144589,0;0,0
2019-07-31;794717,0;126042,0;550575,0;1426604,0;539344,0;288997,0;950674;500307,0;38338,0;4066;35115,0;229813,0;570300,0;28067521,0;200790,0;0,0;304345,0;9729,0;2794806,0;25897;646890,0;69774,0;0,0
2019-08-01;699952,0;95423,0;852911,0;734735,0;375660,0;140743,0;885095;398434,0;29432,0;4076;35902,0;165443,0;865826,0;18934681,0;177800,0;0,0;468589,0;10140,0;3609296,0;31249;946420,0;197402,0;0,0
2019-08-02;1058821,0;74484,0;651183,0;853949,0;739719,0;57250,0;875659;205927,0;13244,0;3864;36367,0;182036,0;803303,0;8393643,0;138057,0;0,0;148856,0;3395,0;4192309,0;65772;532870,0;46813,0;0,0
2019-08-05;651960,0;106958,0;716722,0;1323282,0;403905,0;65679,0;542127;536950,0;44942,0;3843;7271,0;224711,0;610821,0;17060299,0;361309,0;0,0;139753,0;9371,0;1171759,0;33694;642220,0;107571,0;0,0
2019-08-06;811583,0;105785,0;668277,0;1073154,0;165453,0;39147,0;924333;295057,0;10109,0;4590;47580,0;111518,0;529470,0;6480418,0;196836,0;0,0;235411,0;6298,0;522982,0;14233;388730,0;243088,0;0,0
2019-08-07;1007344,0;42728,0;784740,0;1123631,0;220230,0;85226,0;671416;486011,0;13063,0;6216;91034,0;175009,0;512108,0;10951213,0;199443,0;0,0;334627,0;13745,0;35377315,0;10153;1224610,0;115584,0;0,0
2019-08-08;1103698,0;206611,0;996810,0;383701,0;370531,0;405925,0;1090779;839666,0;27444,0;3918;122503,0;175646,0;1092022,0;8791762,0;163860,0;0,0;584425,0;5148,0;16677634,0;27337;838220,0;86783,0;0,0
2019-08-09;3595842,0;650088,0;3412315,0;1155008,0;607274,0;320014,0;1791281;2190356,0;107327,0;17968;64670,0;272056,0;2894285,0;11250017,0;738877,0;0,0;860811,0;13788,0;22677206,0;75049;1055350,0;253713,0;0,0
2019-08-12;16590258,0;1158961,0;8269714,0;2477630,0;1637768,0;337200,0;4425991;3247040,0;485403,0;29581;220200,0;795200,0;3807093,0;38805235,0;1050100,0;0,0;2576859,0;44020,0;73205038,0;58677;3506810,0;743653,0;0,0
2019-08-13;5471874,0;661421,0;4679165,0;4672442,0;3947318,0;1936279,0;2737841;3514644,0;660545,0;23463;325187,0;491876,0;3908617,0;24801548,0;751213,0;0,0;1360319,0;19915,0;64026844,0;102057;4396290,0;1139058,0;0,0
2019-08-14;3983217,0;325757,0;1572444,0;6113407,0;1977679,0;287018,0;1524626;1950400,0;634465,0;26513;291216,0;393817,0;2818282,0;28668044,0;739156,0;0,0;1837773,0;8131,0;82224156,0;40548;3238320,0;211785,0;0,0
2019-08-15;6355414,0;793678,0;2648375,0;5329667,0;1939177,0;675156,0;2345880;1282839,0;744192,0;35962;215021,0;535055,0;3330791,0;28380059,0;1229559,0;0,0;1196110,0;5492,0;16639926,0;65553;4486250,0;374722,0;0,0
2019-08-16;2755205,0;531877,0;1083051,0;3357717,0;1021933,0;248891,0;1607118;1029560,0;326303,0;40098;130344,0;145988,0;3281565,0;24924777,0;348901,0;0,0;1837237,0;16121,0;13219371,0;24802;1873230,0;228829,0;0,0
2019-08-20;5113577,0;928463,0;1621368,0;2560114,0;1062408,0;377201,0;2990818;937197,0;103473,0;21969;184546,0;274040,0;2342651,0;12939166,0;292692,0;0,0;799633,0;2932,0;19467010,0;41132;2595350,0;429739,0;0,0
2019-08-21;2676855,0;492107,0;1575128,0;3295261,0;1649157,0;70071,0;615046;889055,0;48801,0;10101;99264,0;112787,0;1159155,0;11758400,0;521515,0;0,0;1192520,0;4414,0;10734473,0;25253;2553930,0;304151,0;0,0
2019-08-22;1716816,0;208045,0;630279,0;2403690,0;995985,0;102470,0;983721;299626,0;64536,0;37525;27247,0;112087,0;1880774,0;9390366,0;307613,0;0,0;416178,0;15144,0;13082013,0;18136;1659010,0;182422,0;0,0
2019-08-23;2033583,0;301369,0;868325,0;926202,0;465899,0;90370,0;1125187;346898,0;670360,0;55869;30165,0;137442,0;3341161,0;7869692,0;303680,0;0,0;419909,0;12521,0;20152087,0;37296;1328540,0;252422,0;0,0
2019-08-26;1142956,0;212608,0;655533,0;980010,0;601388,0;70337,0;572097;139239,0;74278,0;13353;80846,0;65668,0;419100,0;4198427,0;60540,0;0,0;169465,0;5495,0;1773576,0;13012;1021430,0;158348,0;0,0
2019-08-27;2619722,0;543893,0;2271152,0;2347779,0;844438,0;307681,0;3272850;881839,0;195390,0;24032;37058,0;241537,0;2535574,0;11070828,0;413041,0;0,0;741416,0;8181,0;35806481,0;313969;1679650,0;277752,0;0,0
2019-08-28;2455643,0;259280,0;965426,0;1786894,0;387000,0;363897,0;1574004;738803,0;72925,0;9375;75875,0;162887,0;2346993,0;13006549,0;288779,0;0,0;727637,0;18296,0;17542099,0;63826;1632830,0;576614,0;0,0
2019-08-29;2775811,0;505370,0;1382951,0;1246214,0;347859,0;119825,0;1442268;471210,0;113952,0;9541;85661,0;191767,0;1719914,0;10484392,0;558792,0;0,0;1103144,0;3215,0;19638154,0;29667;2199400,0;352294,0;0,0
2019-08-30;2330258,0;253289,0;1056648,0;5037445,0;1162543,0;191832,0;1224922;1079285,0;188453,0;22406;45330,0;199153,0;1887913,0;20465347,0;246259,0;0,0;787619,0;19274,0;61291465,0;40278;2344540,0;490141,0;0,0
2019-09-02;776628,0;118226,0;363783,0;1931022,0;503345,0;157859,0;315942;279724,0;31412,0;14440;14262,0;76768,0;798248,0;18618583,0;128684,0;0,0;370163,0;10289,0;3122412,0;15586;916310,0;80915,0;0,0
2019-09-03;3071269,0;290496,0;2760909,0;2908931,0;762782,0;431898,0;646187;892736,0;150181,0;18924;50768,0;191448,0;2945789,0;14167105,0;652556,0;0,0;1001489,0;2713,0;22491684,0;11427;4728990,0;208058,0;0,0
2019-09-04;3549604,0;423760,0;2036871,0;2289202,0;581679,0;268365,0;1292601;696436,0;206599,0;26678;174847,0;322615,0;1040577,0;38572944,0;370661,0;0,0;1096579,0;21881,0;105502878,0;45638;5744500,0;404025,0;0,0
2019-09-05;2980665,0;252407,0;1775965,0;2264764,0;646704,0;195934,0;1365075;694449,0;169493,0;22410;63122,0;267513,0;1894696,0;15606997,0;286256,0;0,0;954675,0;19531,0;17953668,0;39749;3799720,0;250038,0;0,0
2019-09-06;2507071,0;309943,0;1521173,0;781259,0;956290,0;200136,0;1136785;974608,0;58377,0;29719;18522,0;136796,0;1680471,0;30956366,0;554163,0;0,0;865535,0;27104,0;12793724,0;11630;4699920,0;297195,0;0,0
2019-09-09;1869235,0;115263,0;657338,0;1041286,0;579825,0;80155,0;643005;524174,0;102401,0;10727;11187,0;79554,0;505984,0;9291470,0;454627,0;0,0;513363,0;42328,0;7620407,0;16835;3102030,0;135532,0;0,0
2019-09-10;1382914,0;195765,0;1150232,0;1251081,0;650180,0;145313,0;525517;405994,0;26899,0;8137;67804,0;136554,0;1213765,0;6184801,0;309923,0;0,0;790802,0;22008,0;5490968,0;14529;1667950,0;105624,0;0,0
2019-09-11;1057078,0;246988,0;932515,0;638275,0;442864,0;72275,0;502011;284880,0;94271,0;5377;19469,0;133078,0;365970,0;7625991,0;211679,0;0,0;659704,0;10892,0;3820661,0;30317;1750610,0;69065,0;0,0
2019-09-12;833154,0;118578,0;484301,0;1111957,0;479138,0;86690,0;931707;476395,0;86265,0;6746;27037,0;82174,0;1039280,0;9186101,0;409394,0;0,0;522472,0;9962,0;8208951,0;31353;1114620,0;65954,0;0,0
2019-09-13;2181737,0;190450,0;782561,0;2491915,0;679615,0;117449,0;1208672;346148,0;107436,0;6515;45655,0;126817,0;2652991,0;49110278,0;969881,0;0,0;957808,0;12468,0;16587135,0;22774;1987970,0;167294,0;0,0
2019-09-16;1623374,0;234339,0;778406,0;1184239,0;949520,0;110541,0;517597;442960,0;47450,0;7817;24705,0;105834,0;1113985,0;28039550,0;608228,0;0,0;359880,0;3430,0;12960745,0;33827;1997680,0;99403,0;0,0
2019-09-17;759208,0;124281,0;460543,0;956958,0;403274,0;216815,0;659237;215981,0;105567,0;8839;21776,0;119715,0;2894257,0;14846417,0;405259,0;0,0;719687,0;6355,0;3941125,0;21915;3449080,0;124159,0;0,0
2019-09-18;812932,0;136113,0;386646,0;607117,0;178910,0;110299,0;428429;112609,0;8873,0;6760;9878,0;109894,0;1802024,0;12491081,0;245546,0;0,0;397740,0;7541,0;13720332,0;21189;1243760,0;47584,0;0,0
2019-09-19;990828,0;217931,0;462782,0;906540,0;279722,0;62912,0;386126;453668,0;26863,0;22447;7666,0;193262,0;671723,0;20729098,0;339123,0;0,0;284976,0;1809,0;16954862,0;18626;1303240,0;63785,0;0,0
2019-09-20;801418,0;197111,0;274534,0;1010468,0;242052,0;42314,0;168792;225995,0;10789,0;10877;3441,0;177820,0;1359757,0;10507609,0;207419,0;0,0;148500,0;203,0;3262987,0;16639;751380,0;49108,0;0,0
2019-09-23;1249755,0;212894,0;615214,0;670273,0;349757,0;210552,0;464731;798926,0;24835,0;12947;58677,0;117939,0;608777,0;8342151,0;240561,0;0,0;481427,0;1458,0;3883507,0;37522;1053580,0;60732,0;0,0
2019-09-24;1590040,0;68734,0;502816,0;708366,0;324759,0;38916,0;569126;554152,0;62600,0;26475;68430,0;115497,0;1238394,0;11921380,0;278307,0;0,0;281752,0;2525,0;6697318,0;39284;1607960,0;121925,0;0,0
2019-09-25;1135529,0;59253,0;360878,0;1007898,0;1211966,0;128731,0;903657;1164505,0;38425,0;20594;68854,0;118219,0;719239,0;9262403,0;184561,0;0,0;302681,0;6708,0;14937140,0;18844;1214810,0;66575,0;0,0
2019-09-26;1645993,0;195293,0;388808,0;1629993,0;377347,0;93830,0;1044267;990931,0;18152,0;17726;85083,0;199462,0;768494,0;16466170,0;108887,0;0,0;208904,0;5142,0;3363340,0;12583;1051310,0;45843,0;0,0
2019-09-27;1499275,0;260968,0;768367,0;688768,0;342924,0;205953,0;1509549;589818,0;32160,0;21572;24839,0;76642,0;662318,0;7722035,0;357157,0;0,0;138366,0;5034,0;6803604,0;22698;968930,0;87003,0;0,0
2019-09-30;1135741,0;107207,0;615866,0;1135674,0;429704,0;176492,0;420606;805798,0;84558,0;18610;21565,0;118439,0;2882226,0;2605665,0;98863,0;0,0;215389,0;4561,0;6993149,0;19160;1541100,0;101179,0;0,0
2019-10-01;1606322,0;174171,0;882603,0;744053,0;449660,0;58263,0;824986;337251,0;72751,0;21527;27496,0;55025,0;2044022,0;4999706,0;284588,0;0,0;210503,0;8490,0;7290186,0;16387;956550,0;51534,0;0,0
2019-10-02;1562272,0;102373,0;850248,0;1115126,0;500430,0;171690,0;343915;478160,0;18744,0;127987;38858,0;82623,0;1518126,0;7303995,0;447454,0;0,0;258126,0;4040,0;3929662,0;10381;1314490,0;26872,0;0,0
2019-10-03;896941,0;82339,0;464138,0;3255500,0;364997,0;79141,0;192197;397050,0;82284,0;37490;39441,0;114861,0;713939,0;3667370,0;341962,0;0,0;368964,0;7519,0;8843449,0;12907;1850730,0;40838,0;0,0
2019-10-04;1660435,0;188826,0;1369996,0;2251267,0;634756,0;132023,0;582032;611885,0;75748,0;25352;13968,0;380020,0;437469,0;4397352,0;418775,0;0,0;277948,0;14923,0;6676101,0;29236;1502790,0;74310,0;0,0
2019-10-07;1138203,0;228335,0;783583,0;674696,0;494700,0;125377,0;1262249;622631,0;28927,0;12842;16205,0;79264,0;1114155,0;10059580,0;239890,0;0,0;433079,0;7113,0;10023453,0;27884;1198490,0;118279,0;0,0
2019-10-08;1261686,0;128040,0;1211125,0;1048998,0;753786,0;41383,0;276437;259488,0;34052,0;27537;27519,0;100934,0;505974,0;11259598,0;116182,0;0,0;255537,0;7852,0;3943035,0;17635;1205560,0;37775,0;0,0
2019-10-09;1073172,0;88224,0;1279174,0;618543,0;651143,0;71463,0;166360;337060,0;13582,0;5391;29210,0;96574,0;1247720,0;3633990,0;269443,0;0,0;180172,0;1972,0;5293882,0;4903;1637500,0;28300,0;0,0
2019-10-10;1504055,0;172271,0;869171,0;1140626,0;1022506,0;123141,0;682352;333511,0;54518,0;5395;51214,0;156593,0;4810682,0;11516375,0;347912,0;0,0;369388,0;17625,0;13367688,0;10428;1097100,0;33010,0;0,0
2019-10-11;1140111,0;168150,0;1285713,0;914080,0;671601,0;44430,0;877103;576772,0;66703,0;8440;74203,0;165195,0;3245073,0;7943036,0;182735,0;0,0;330980,0;14969,0;9080254,0;5844;1622350,0;68450,0;0,0
2019-10-15;794126,0;97186,0;1027413,0;629843,0;314734,0;199031,0;248794;227477,0;23387,0;7368;12696,0;78647,0;1446573,0;4360698,0;413988,0;0,0;236220,0;8537,0;4435550,0;19750;2077000,0;128130,0;0,0
2019-10-16;1519847,0;103463,0;717820,0;787111,0;464297,0;66579,0;229769;356742,0;6947,0;5687;79149,0;66056,0;1548346,0;35590343,0;147210,0;0,0;332231,0;10351,0;5372917,0;22590;2265580,0;88643,0;0,0
2019-10-17;2740824,0;195391,0;479050,0;1731645,0;576608,0;43867,0;317408;643475,0;33034,0;7062;25505,0;201476,0;4691900,0;13057797,0;192576,0;0,0;685219,0;8707,0;2475646,0;36298;2253110,0;91942,0;0,0
2019-10-18;3442176,0;138851,0;991143,0;1586096,0;666473,0;73100,0;644940;445976,0;73949,0;16567;85006,0;183580,0;2207848,0;10727718,0;218670,0;0,0;699572,0;4520,0;4156713,0;27520;2182310,0;109516,0;0,0
2019-10-21;2077619,0;188256,0;1850284,0;1326362,0;688599,0;175254,0;1004103;289649,0;43964,0;9592;37109,0;379961,0;1024195,0;18430387,0;273002,0;0,0;855775,0;9868,0;3222262,0;27674;943260,0;220915,0;0,0
2019-10-22;2844525,0;211557,0;1357113,0;1884184,0;1438610,0;237504,0;758372;894880,0;148284,0;29026;69368,0;287464,0;2903966,0;16044459,0;286877,0;0,0;641537,0;14249,0;10395202,0;53353;3032660,0;303721,0;0,0
2019-10-23;3038583,0;302278,0;1631707,0;1182569,0;949847,0;150454,0;849097;1501253,0;514102,0;22977;35767,0;224916,0;2590406,0;12644652,0;133990,0;0,0;443629,0;5593,0;5007403,0;43966;3190010,0;465540,0;0,0
2019-10-24;2325514,0;215834,0;827147,0;1761030,0;1325048,0;40298,0;458708;607067,0;143163,0;18103;70282,0;280709,0;2739213,0;15125285,0;268569,0;0,0;438046,0;10829,0;4644904,0;84712;1315610,0;77817,0;0,0
2019-10-25;4820712,0;566775,0;2776598,0;2453751,0;1395106,0;243714,0;1137810;1262549,0;75289,0;22454;112696,0;280250,0;5279096,0;19690450,0;405366,0;0,0;1026030,0;23353,0;6333714,0;111871;3423750,0;315006,0;0,0
2019-10-28;3236609,0;172912,0;1269264,0;1814436,0;850083,0;178325,0;832733;464083,0;105371,0;15425;68485,0;115836,0;5097487,0;14854877,0;276744,0;0,0;618456,0;13871,0;15438805,0;31088;1716880,0;389464,0;0,0
2019-10-29;3117338,0;139473,0;909543,0;2039951,0;989940,0;133778,0;231065;699749,0;76415,0;31827;38984,0;82167,0;5000806,0;9080710,0;1200447,0;0,0;329156,0;15309,0;16878843,0;19053;2015640,0;230031,0;0,0
2019-10-30;1898370,0;245496,0;537392,0;2229017,0;876843,0;155305,0;315129;340896,0;117477,0;26074;31088,0;132420,0;6162462,0;16925227,0;366340,0;0,0;408749,0;3755,0;5505448,0;32848;1766940,0;325109,0;0,0
2019-10-31;1693328,0;190435,0;504797,0;1921504,0;1023096,0;92810,0;360215;1156349,0;95698,0;53574;31326,0;114293,0;7904178,0;19130496,0;606115,0;0,0;1248039,0;11224,0;10765946,0;42615;2005660,0;177834,0;0,0
2019-11-01;902950,0;220345,0;484817,0;2315379,0;1429180,0;124368,0;248454;811112,0;144691,0;31152;59706,0;146899,0;8484694,0;21610709,0;567227,0;0,0;1545794,0;20608,0;11045387,0;62103;1893980,0;495206,0;0,0
2019-11-04;1662378,0;199641,0;971049,0;1393146,0;1135444,0;193426,0;1148234;1404150,0;125597,0;53986;21939,0;171662,0;14241900,0;11558664,0;507139,0;0,0;966511,0;21593,0;5929888,0;55825;1602770,0;456416,0;0,0
2019-11-05;1342429,0;185212,0;588258,0;1108798,0;1190325,0;179192,0;1253835;1006327,0;59601,0;47463;29964,0;173771,0;8687214,0;9418665,0;534113,0;0,0;774844,0;24602,0;8170439,0;70638;1645230,0;385281,0;0,0
2019-11-06;906548,0;34489,0;271284,0;356698,0;248734,0;28655,0;323463;234819,0;13332,0;11765;7402,0;26978,0;2095119,0;3870912,0;124694,0;323,0;294023,0;1492,0;1701378,0;19550;906230,0;250900,0;0,0
2019-11-07;1095473,0;124777,0;649024,0;1009192,0;768858,0;141679,0;258475;419191,0;36472,0;13717;25849,0;185335,0;1976140,0;6035902,0;343233,0;0,0;2433063,0;11611,0;4530373,0;21453;1203580,0;314020,0;0,0
2019-11-08;809563,0;53284,0;2303383,0;709283,0;1573859,0;126454,0;307082;350477,0;21907,0;15863;67023,0;1031301,0;965813,0;6697687,0;369038,0;0,0;811685,0;5717,0;4779044,0;16142;1217240,0;273885,0;0,0
2019-11-11;770922,0;345321,0;1202762,0;809400,0;1049309,0;185702,0;372971;458196,0;34937,0;14738;38387,0;134201,0;808296,0;6914319,0;283538,0;0,0;398041,0;8576,0;1312836,0;34867;686250,0;332997,0;0,0
2019-11-12;821623,0;204855,0;1858121,0;348860,0;484743,0;171805,0;437797;832542,0;80896,0;14218;29862,0;205481,0;1385782,0;6840591,0;244369,0;0,0;733483,0;21658,0;2535677,0;8523;764160,0;689409,0;0,0
2019-11-13;968170,0;103742,0;1694309,0;663981,0;647875,0;194402,0;492105;998281,0;43732,0;8457;46057,0;112546,0;562284,0;6085508,0;224486,0;0,0;256687,0;3443,0;2095149,0;1985;712450,0;261010,0;0,0
2019-11-14;959713,0;169502,0;1331148,0;597287,0;548669,0;158926,0;505821;1112099,0;73665,0;4962;54483,0;247324,0;733914,0;5318527,0;340525,0;0,0;351971,0;1795,0;7110295,0;41689;973560,0;407275,0;0,0
2019-11-15;630122,0;185521,0;595177,0;293739,0;334378,0;318567,0;746027;649755,0;54690,0;9101;114204,0;178549,0;1040905,0;5347305,0;266915,0;0,0;301265,0;2393,0;1177591,0;3097;685190,0;404095,0;0,0
2019-11-19;1024432,0;275657,0;642652,0;642454,0;529195,0;118863,0;393738;572999,0;15332,0;4750;13642,0;377160,0;2350162,0;5366432,0;435263,0;0,0;205118,0;5151,0;40062039,0;12686;1914930,0;517910,0;0,0
2019-11-20;1133608,0;233512,0;1951392,0;1222261,0;990312,0;139260,0;415004;1555626,0;49351,0;5992;16365,0;403490,0;1586343,0;7648026,0;474911,0;0,0;1023230,0;3941,0;2565240,0;9420;1137650,0;794399,0;0,0
2019-11-21;800369,0;128264,0;1175198,0;784212,0;497346,0;235927,0;100792;1089666,0;50598,0;6900;11588,0;277932,0;2187614,0;3563255,0;360728,0;0,0;452528,0;4985,0;3405573,0;38457;818630,0;424021,0;0,0
2019-11-22;1649701,0;169734,0;1740259,0;1389826,0;915734,0;108068,0;340487;1161497,0;32732,0;10627;32376,0;576890,0;2110675,0;7238883,0;306741,0;0,0;685712,0;15009,0;3180331,0;7883;1422460,0;483317,0;0,0
2019-11-25;730951,0;80242,0;706950,0;829599,0;536884,0;967276,0;102101;528650,0;41545,0;5200;4588,0;368705,0;1041266,0;6081862,0;203238,0;0,0;758865,0;23954,0;1408262,0;34179;682440,0;120019,0;0,0
2019-11-26;897677,0;88161,0;1377809,0;632576,0;464929,0;383742,0;251678;362670,0;37461,0;9718;18132,0;1346511,0;398199,0;4396416,0;112305,0;0,0;931203,0;10926,0;5394134,0;9756;874770,0;622521,0;0,0
2019-11-27;2060429,0;111440,0;727828,0;883397,0;1195903,0;122641,0;281711;858138,0;40861,0;4851;24463,0;1402991,0;746618,0;4472059,0;161916,0;0,0;1565562,0;9828,0;23592150,0;190923;608220,0;411549,0;0,0
2019-11-28;307725,0;28681,0;268633,0;528918,0;459831,0;71494,0;151265;232044,0;8460,0;24652;5505,0;261770,0;1339417,0;1959656,0;118770,0;0,0;281931,0;4695,0;28597039,0;3875;251600,0;70424,0;0,0
2019-11-29;645306,0;110106,0;428753,0;675488,0;494771,0;158284,0;146171;379704,0;25691,0;34377;73340,0;267675,0;384916,0;3509121,0;84216,0;0,0;214794,0;19420,0;803026,0;2616;677470,0;53628,0;0,0
2019-12-02;843412,0;79961,0;598644,0;1167209,0;2034668,0;40661,0;209641;613202,0;31849,0;38974;31842,0;319513,0;436561,0;6534349,0;76667,0;0,0;168496,0;17969,0;795082,0;8146;576120,0;183964,0;0,0
2019-12-03;777078,0;146756,0;1393626,0;942862,0;1836364,0;37127,0;318254;460845,0;35530,0;9285;42953,0;319018,0;1247619,0;5222689,0;96856,0;0,0;154132,0;4847,0;1792179,0;27564;1266710,0;184878,0;0,0
2019-12-04;1765244,0;244625,0;1135384,0;1403897,0;1587060,0;259811,0;362608;719986,0;52719,0;16586;36941,0;345360,0;2160776,0;16670314,0;498482,0;0,0;207045,0;37768,0;5539033,0;16482;923920,0;247203,0;0,0
2019-12-05;1478899,0;232520,0;1491593,0;1168335,0;1073691,0;198170,0;689057;420516,0;21871,0;19199;41243,0;298487,0;1219442,0;7426199,0;311225,0;0,0;413193,0;6874,0;5176133,0;10218;918920,0;319310,0;0,0
2019-12-06;1934880,0;300813,0;1553258,0;1010036,0;837567,0;213628,0;615211;781031,0;132418,0;27961;54953,0;592285,0;2660330,0;14202567,0;324176,0;0,0;424816,0;19439,0;7526087,0;40764;1107640,0;372209,0;0,0
2019-12-09;1592429,0;251243,0;1834425,0;1046329,0;666366,0;261557,0;660261;784995,0;83404,0;22823;43328,0;434702,0;765281,0;10784598,0;338398,0;0,0;545361,0;6491,0;3745848,0;65088;2416220,0;182955,0;0,0
2019-12-10;1050200,0;147458,0;1113961,0;583171,0;566378,0;223315,0;442320;774396,0;67588,0;21926;14351,0;255982,0;631309,0;5230707,0;288685,0;0,0;298550,0;7248,0;2082580,0;12380;1558640,0;204956,0;0,0
2019-12-11;1110019,0;135013,0;1069702,0;696069,0;595416,0;65840,0;302780;908834,0;173150,0;19055;23101,0;247092,0;557590,0;3995853,0;285356,0;0,0;557883,0;4661,0;1634409,0;28077;1297630,0;154932,0;0,0
2019-12-12;1012796,0;236006,0;1945251,0;697514,0;366972,0;102584,0;232694;397076,0;79565,0;17516;9147,0;328501,0;5928283,0;1981465,0;186223,0;0,0;565308,0;3043,0;2838949,0;7570;1366620,0;220812,0;0,0
2019-12-13;1902419,0;292834,0;2053127,0;1475742,0;647127,0;157578,0;696347;628428,0;149568,0;53176;62803,0;320344,0;4276902,0;9613488,0;573953,0;0,0;680005,0;4457,0;2995512,0;93052;1098790,0;448974,0;0,0
2019-12-16;1260258,0;171873,0;1224947,0;1016610,0;698023,0;134588,0;738011;789546,0;80782,0;23940;92959,0;327667,0;1103044,0;10661466,0;1235951,0;0,0;507158,0;5774,0;5367085,0;24487;1272770,0;292570,0;0,0
2019-12-17;1876901,0;149767,0;1474632,0;964352,0;275619,0;174434,0;644297;760471,0;29345,0;41033;46811,0;356026,0;1925492,0;16350451,0;710193,0;0,0;395316,0;14037,0;1641850,0;21502;1000900,0;419994,0;0,0
2019-12-18;2510683,0;207991,0;1837478,0;1565659,0;1029933,0;231907,0;605246;1063261,0;113122,0;36980;132347,0;236296,0;1201139,0;25772229,0;405394,0;0,0;364511,0;5507,0;3982050,0;9492;2114950,0;358765,0;0,0
2019-12-19;4106998,0;217847,0;2536753,0;1970071,0;1053172,0;565879,0;691404;1105791,0;80750,0;30523;160860,0;320863,0;3035041,0;27316581,0;648331,0;0,0;258528,0;30362,0;7955353,0;52165;2338400,0;777049,0;0,0
2019-12-20;2316389,0;95394,0;997711,0;2039882,0;757612,0;481600,0;314466;813023,0;122512,0;19804;71504,0;157549,0;799383,0;16095224,0;400735,0;0,0;344053,0;11416,0;3712062,0;111715;1296790,0;209666,0;0,0
2019-12-23;3063612,0;239240,0;1150526,0;1075278,0;535434,0;260174,0;1404554;522676,0;51243,0;25241;151274,0;297418,0;1641219,0;28664709,0;523960,0;0,0;414914,0;8458,0;2552772,0;40399;2457850,0;215298,0;0,0
2019-12-26;2222622,0;267883,0;1324320,0;1850351,0;932763,0;180974,0;1268117;1495948,0;184704,0;30475;60281,0;383669,0;1476846,0;22724252,0;1358610,0;0,0;1254092,0;15776,0;7280432,0;125478;2337230,0;522923,0;0,0
2019-12-27;1419035,0;177124,0;1030892,0;646782,0;484922,0;122314,0;714344;983686,0;134812,0;13728;42128,0;230683,0;1320399,0;31217635,0;971270,0;0,0;692027,0;17384,0;3853944,0;82161;1432770,0;225470,0;0,0
2019-12-30;1880958,0;143805,0;773098,0;521493,0;331556,0;59142,0;463169;590789,0;32720,0;10898;70107,0;308393,0;731259,0;30789404,0;670663,0;0,0;577916,0;8551,0;4993425,0;44412;1394060,0;277813,0;0,0
2020-01-02;891064,0;90551,0;878499,0;376473,0;568728,0;79697,0;487049;349268,0;109998,0;18175;150558,0;201199,0;372749,0;32878306,0;1006808,0;0,0;236666,0;24802,0;4198845,0;43160;1401220,0;90936,0;0,0
2020-01-03;946340,0;126537,0;595355,0;778958,0;867327,0;86617,0;397657;1066073,0;63629,0;14012;99514,0;246351,0;737873,0;23521854,0;734126,0;100,0;229283,0;9252,0;1938988,0;63435;1167880,0;99484,0;0,0
2020-01-06;1169975,0;97117,0;719237,0;401045,0;378650,0;67646,0;277159;550827,0;40719,0;33760;36840,0;145622,0;1322680,0;16335145,0;544651,0;0,0;359995,0;6126,0;6769516,0;34216;734990,0;233956,0;0,0
2020-01-07;1360042,0;74668,0;901950,0;452761,0;429916,0;90588,0;547975;297852,0;55341,0;44166;13912,0;214825,0;2026068,0;12784260,0;552196,0;0,0;365285,0;10616,0;2683593,0;41430;993620,0;75418,0;0,0
2020-01-08;1189726,0;115252,0;1176557,0;526091,0;772508,0;70223,0;372848;817319,0;24966,0;17582;38575,0;105939,0;1827975,0;14517406,0;170309,0;0,0;208091,0;10193,0;6988423,0;21680;894680,0;121592,0;0,0
2020-01-09;1567298,0;224403,0;1768352,0;530625,0;1197580,0;116303,0;730883;1460416,0;32605,0;14513;54635,0;174516,0;1485795,0;13222136,0;188245,0;0,0;454862,0;6401,0;9486594,0;18501;1411890,0;164772,0;0,0
2020-01-10;1423105,0;109126,0;541756,0;613571,0;714611,0;243938,0;757455;635148,0;33361,0;23774;9914,0;210083,0;2266665,0;21057814,0;182780,0;0,0;440261,0;26779,0;4980957,0;10389;956090,0;204851,0;0,0
2020-01-13;1436506,0;122729,0;502599,0;815069,0;645083,0;225274,0;743612;337555,0;77656,0;25246;31813,0;421138,0;1709859,0;33377395,0;403713,0;0,0;179580,0;46743,0;5398157,0;49857;1528610,0;173042,0;0,0
2020-01-14;2648201,0;137849,0;934911,0;799866,0;1204552,0;101359,0;585597;609890,0;64245,0;30797;48418,0;178606,0;686220,0;18253538,0;222208,0;0,0;356769,0;60217,0;5396347,0;12722;905020,0;160556,0;0,0
2020-01-15;2580137,0;156330,0;777580,0;773487,0;1641862,0;221576,0;698936;541911,0;36294,0;26509;15981,0;210966,0;1004358,0;21833459,0;208392,0;0,0;215389,0;82735,0;10438843,0;10658;1418100,0;279783,0;0,0
2020-01-16;1373567,0;137090,0;818536,0;1176557,0;2338070,0;111257,0;846110;454324,0;106226,0;42046;39178,0;162519,0;1041551,0;16428326,0;465205,0;0,0;873684,0;28949,0;7418594,0;20974;675360,0;201422,0;0,0
2020-01-17;1245042,0;120226,0;1260205,0;829066,0;1227859,0;200846,0;554035;412150,0;92169,0;21940;43360,0;173084,0;530121,0;21154200,0;788504,0;0,0;1340917,0;22214,0;5268743,0;56323;1147960,0;131633,0;0,0
2020-01-20;436292,0;71678,0;266683,0;491767,0;461985,0;75086,0;247695;177281,0;53307,0;15884;21338,0;148883,0;378613,0;7275451,0;232370,0;0,0;666977,0;11584,0;1700875,0;15118;394580,0;97619,0;0,0
2020-01-21;971084,0;139978,0;972761,0;555664,0;549664,0;224387,0;520940;604683,0;77660,0;26029;73234,0;162538,0;695013,0;10578838,0;300846,0;0,0;1034109,0;12521,0;9907715,0;48795;1834980,0;87543,0;0,0
2020-01-22;882070,0;95533,0;514138,0;633982,0;966764,0;221104,0;845971;740511,0;36592,0;39807;25639,0;143633,0;334356,0;9085905,0;203825,0;0,0;417034,0;12472,0;5414949,0;77811;1377610,0;125085,0;0,0
2020-01-23;899455,0;102339,0;903039,0;498986,0;559511,0;101678,0;430075;543044,0;40782,0;8200;41593,0;154556,0;1155442,0;5827716,0;188566,0;0,0;405761,0;3968,0;2484596,0;30638;982240,0;269073,0;0,0
2020-01-24;784474,0;147349,0;736876,0;1016191,0;696778,0;155594,0;1248722;546127,0;134260,0;22781;31677,0;221414,0;647434,0;14262171,0;276827,0;0,0;266405,0;7863,0;4108950,0;73907;1173470,0;439327,0;0,0
2020-01-27;1209188,0;102892,0;587317,0;1112558,0;2130178,0;71191,0;751400;800461,0;52813,0;31179;31564,0;187300,0;879742,0;13241253,0;241025,0;0,0;746512,0;12385,0;4613330,0;44545;990530,0;357844,0;0,0
2020-01-28;1332811,0;155533,0;696488,0;975293,0;1010527,0;186786,0;546468;624748,0;64571,0;16295;57884,0;168720,0;406167,0;7739400,0;137796,0;0,0;479683,0;2934,0;2451413,0;70437;892290,0;268713,0;0,0
2020-01-29;1836148,0;129198,0;433443,0;1097002,0;722093,0;166460,0;653715;320816,0;61667,0;12698;61933,0;232589,0;489393,0;11777911,0;238243,0;0,0;275144,0;13592,0;7355446,0;70006;601430,0;262102,0;0,0
2020-01-30;1510306,0;118091,0;975496,0;810420,0;1156096,0;250230,0;801867;681399,0;331839,0;11610;203384,0;263695,0;743585,0;10056275,0;138436,0;0,0;536771,0;10207,0;42175288,0;105277;1070380,0;130366,0;0,0
2020-01-31;693620,0;71175,0;222828,0;411393,0;242553,0;82036,0;245003;228723,0;21640,0;5780;5977,0;256027,0;429230,0;5304892,0;88859,0;0,0;101466,0;3130,0;15040308,0;34504;717470,0;112695,0;0,0
2020-02-03;918525,0;104517,0;903360,0;395075,0;270755,0;93594,0;529104;390780,0;34205,0;7817;24823,0;101416,0;439119,0;7227521,0;166503,0;0,0;306310,0;4094,0;9954574,0;89065;572240,0;131787,0;0,0
2020-02-04;1715524,0;183386,0;939972,0;764225,0;317108,0;137577,0;663130;466141,0;82585,0;4564;35841,0;232279,0;438956,0;7758553,0;115286,0;0,0;157423,0;5774,0;8306287,0;38270;1486560,0;549899,0;0,0
2020-02-05;521025,0;61159,0;391954,0;459202,0;302576,0;282998,0;122594;388853,0;20746,0;4611;6432,0;56185,0;399854,0;5488641,0;84553,0;0,0;388304,0;2176,0;5505649,0;7827;988690,0;294249,0;0,0
2020-02-06;459689,0;62871,0;409269,0;535243,0;205756,0;312519,0;86552;492814,0;12504,0;2906;22171,0;83588,0;599326,0;4088809,0;48419,0;0,0;43082,0;4753,0;8995286,0;35553;854720,0;272859,0;0,0
2020-02-07;1025451,0;78385,0;631757,0;374847,0;198467,0;303347,0;154808;511927,0;121775,0;4731;20533,0;152189,0;559786,0;3714908,0;87949,0;0,0;171824,0;4644,0;95803712,0;23207;994350,0;203198,0;0,0
2020-02-10;314035,0;63516,0;216098,0;422039,0;576168,0;119248,0;49751;221431,0;23828,0;4601;42878,0;56754,0;210631,0;5812346,0;122148,0;0,0;148323,0;9341,0;9796100,0;9719;353960,0;36834,0;0,0
2020-02-11;715467,0;65065,0;595373,0;299117,0;520767,0;232850,0;334911;248095,0;41355,0;8169;12460,0;135732,0;682199,0;5812952,0;139503,0;0,0;377433,0;5498,0;16624441,0;21402;937760,0;104603,0;0,0
2020-02-12;766242,0;108790,0;349512,0;423937,0;327659,0;202667,0;138720;206225,0;10133,0;4675;14212,0;78113,0;490372,0;4326617,0;72840,0;0,0;248805,0;4252,0;31027235,0;22518;551310,0;95132,0;0,0
2020-02-13;2294138,0;84779,0;452622,0;511413,0;738030,0;184386,0;549693;326972,0;45304,0;20323;18155,0;302099,0;432880,0;6334298,0;154033,0;0,0;365019,0;4916,0;15743887,0;12414;919590,0;626587,0;0,0
2020-02-14;2080215,0;89249,0;1250470,0;809204,0;551645,0;142510,0;375564;446725,0;66207,0;3284;66385,0;223975,0;359849,0;7639513,0;135701,0;0,0;348889,0;2580,0;21334002,0;13173;1258080,0;268281,0;0,0
2020-02-17;573764,0;25063,0;226822,0;474907,0;456228,0;73706,0;84260;181469,0;12360,0;2643;12575,0;36092,0;291954,0;6964540,0;35051,0;0,0;135497,0;3760,0;15654293,0;7425;103900,0;75182,0;0,0
2020-02-18;1843406,0;95881,0;1042132,0;303914,0;714895,0;155656,0;230850;342813,0;457552,0;8171;13591,0;297574,0;775937,0;4717436,0;81284,0;0,0;358332,0;4948,0;11087519,0;15373;404200,0;648572,0;0,0
2020-02-19;1528229,0;70719,0;451857,0;646533,0;374829,0;113025,0;144351;146284,0;32994,0;4212;16919,0;168048,0;482126,0;7907805,0;96720,0;0,0;178298,0;7965,0;4776530,0;27921;633520,0;166697,0;0,0
2020-02-20;1695555,0;160553,0;1006451,0;373168,0;383328,0;75758,0;429961;343849,0;188343,0;6658;30744,0;187604,0;1181306,0;6762088,0;229531,0;0,0;71161,0;2953,0;8218001,0;3240;844380,0;140484,0;0,0
2020-02-21;2223291,0;61439,0;705013,0;572376,0;213709,0;149823,0;237107;273114,0;32788,0;2113;5231,0;58971,0;271956,0;11297191,0;80552,0;0,0;111270,0;3103,0;11874356,0;4724;823040,0;68646,0;0,0
2020-02-26;2202472,0;184394,0;890709,0;506733,0;334871,0;110203,0;660262;515627,0;23910,0;2644;12520,0;163388,0;536635,0;16272309,0;269054,0;0,0;560465,0;6761,0;5570306,0;61495;2610700,0;240765,0;0,0
2020-02-27;2902579,0;309266,0;1030559,0;707710,0;463366,0;94424,0;595023;501748,0;64777,0;5381;24591,0;162049,0;344178,0;6972505,0;286599,0;0,0;288816,0;9342,0;5401374,0;23216;1550210,0;352135,0;0,0
2020-02-28;2616478,0;144551,0;795172,0;1165725,0;1524699,0;214175,0;209750;690806,0;181492,0;8572;73570,0;167192,0;658964,0;7249014,0;155064,0;0,0;268739,0;5329,0;3783355,0;63358;3113010,0;303866,0;0,0
2020-03-02;1682571,0;160858,0;1216320,0;374917,0;426781,0;165631,0;290643;430323,0;38980,0;7929;60687,0;169974,0;1420523,0;5881347,0;249370,0;0,0;304329,0;11069,0;3251523,0;18803;2869960,0;209027,0;0,0
2020-03-03;1552413,0;179358,0;1835450,0;788774,0;590383,0;183762,0;676898;466808,0;50132,0;9462;69068,0;165879,0;754981,0;8697296,0;382367,0;0,0;456505,0;12280,0;6372628,0;13732;2293350,0;254787,0;0,0
2020-03-04;787115,0;65140,0;1088832,0;398978,0;303303,0;283876,0;264991;573713,0;132863,0;6530;88694,0;164433,0;364895,0;3944529,0;123608,0;0,0;132902,0;2482,0;2422453,0;9771;1288650,0;279104,0;0,0
2020-03-05;786219,0;101426,0;444234,0;356216,0;307346,0;109348,0;193514;470709,0;44886,0;9194;20007,0;64645,0;211258,0;5357911,0;131913,0;0,0;411101,0;3554,0;3672645,0;14858;3580550,0;93037,0;0,0
2020-03-06;2120492,0;305385,0;711674,0;427369,0;312052,0;51461,0;258728;358975,0;147029,0;4311;12693,0;71415,0;598162,0;9506149,0;131240,0;0,0;206314,0;8371,0;4752296,0;28031;3011690,0;207600,0;0,0
2020-03-09;3365786,0;407641,0;1698454,0;1438103,0;518378,0;471788,0;769572;494564,0;99103,0;10798;45617,0;133551,0;1074833,0;33027303,0;550247,0;0,0;310143,0;23272,0;13983282,0;98588;9143050,0;912124,0;0,0
2020-03-10;2787363,0;172016,0;1810999,0;1498582,0;709136,0;366836,0;945485;591051,0;112128,0;10445;53073,0;169234,0;935557,0;31030414,0;423118,0;0,0;424646,0;2754,0;5437976,0;15959;6833400,0;349033,0;0,0
2020-03-11;1887796,0;140965,0;647255,0;809712,0;732923,0;65126,0;336121;565044,0;27169,0;10480;44539,0;105165,0;1455322,0;17227392,0;233544,0;0,0;156956,0;2017,0;7576464,0;104980;3234560,0;445346,0;0,0
2020-03-12;3747430,0;354837,0;2206921,0;2090701,0;806011,0;148208,0;2412726;691793,0;60219,0;15295;60154,0;282396,0;1149104,0;15522165,0;464152,0;0,0;172845,0;12137,0;12434946,0;37195;4180630,0;1966124,0;0,0
2020-03-13;3168658,0;212408,0;940151,0;1203829,0;894367,0;131168,0;1613975;883797,0;77990,0;6765;50775,0;129375,0;379128,0;11423408,0;170457,0;0,0;153113,0;22749,0;8256111,0;63050;6312490,0;617255,0;0,0
2020-03-16;4767017,0;252958,0;1233901,0;1996331,0;565783,0;319460,0;1050299;1514798,0;26997,0;12001;43174,0;103970,0;561087,0;11404773,0;563118,0;0,0;298946,0;24994,0;9353460,0;28015;5623330,0;352192,0;0,0
2020-03-17;3298808,0;175305,0;916456,0;2096365,0;647145,0;502382,0;1054378;383463,0;17237,0;24320;59656,0;92367,0;579441,0;13142226,0;753010,0;0,0;195578,0;4587,0;5176937,0;17804;7068470,0;411993,0;0,0
2020-03-18;4187359,0;265737,0;1278286,0;1869278,0;1040237,0;228760,0;728954;557009,0;139630,0;25050;44543,0;81601,0;732956,0;22925265,0;1013821,0;0,0;146904,0;7811,0;6518935,0;50171;10368430,0;452140,0;0,0
2020-03-19;3582742,0;172798,0;1388049,0;1589454,0;1695872,0;435851,0;599782;581633,0;283033,0;14075;47211,0;202847,0;876360,0;13381108,0;323665,0;0,0;182056,0;11658,0;5566786,0;89072;8490220,0;387932,0;0,0
2020-03-20;4074773,0;236598,0;706843,0;563672,0;944793,0;194144,0;655092;423864,0;94037,0;21193;54617,0;84506,0;553572,0;11685747,0;393048,0;0,0;190252,0;10482,0;9842556,0;36416;7151530,0;305699,0;0,0
2020-03-25;2239668,0;430886,0;2258266,0;1058199,0;696289,0;531015,0;879177;708898,0;86379,0;11860;29221,0;143001,0;789396,0;32291025,0;854703,0;0,0;190594,0;14888,0;8050276,0;98322;5732860,0;532832,0;0,0
2020-03-26;1596241,0;132979,0;655605,0;820413,0;521836,0;208178,0;469169;425203,0;550136,0;13051;47511,0;189750,0;561766,0;16305333,0;296669,0;0,0;179987,0;11318,0;5982478,0;37955;5218950,0;360112,0;0,0
2020-03-27;1297459,0;158757,0;1162303,0;1090417,0;642456,0;267946,0;250151;245036,0;125597,0;4201;47614,0;32573,0;774371,0;8610927,0;119529,0;0,0;152901,0;12694,0;12476475,0;28558;2431290,0;693462,0;0,0
2020-03-30;2138584,0;144912,0;316544,0;339119,0;384026,0;69521,0;156977;522052,0;100992,0;7218;24946,0;65126,0;1188475,0;5330415,0;272500,0;0,0;147023,0;5092,0;9757387,0;18253;2066780,0;265645,0;0,0
2020-04-01;668231,0;84950,0;387979,0;433285,0;312533,0;113458,0;360620;140412,0;89002,0;5632;59597,0;87986,0;308414,0;3663654,0;80346,0;60,0;67574,0;44257,0;4784474,0;9231;1391960,0;221477,0;0,0
2020-04-02;2168156,0;119062,0;2132956,0;690822,0;587790,0;212288,0;407157;307966,0;77554,0;14239;54748,0;116981,0;456578,0;11367579,0;183269,0;0,0;134105,0;66019,0;14148191,0;187081;5629020,0;243476,0;0,0
2020-04-03;1552567,0;123567,0;628368,0;548996,0;409314,0;575126,0;446815;452238,0;147028,0;15749;67755,0;102131,0;307902,0;6278555,0;101384,0;0,0;192399,0;37733,0;21126156,0;59429;4079030,0;171021,0;0,0
2020-04-06;1224565,0;116113,0;314671,0;234312,0;440211,0;121680,0;354313;153518,0;65030,0;6637;156286,0;107286,0;679406,0;5690715,0;60960,0;0,0;137505,0;28403,0;12899608,0;29037;1116680,0;185053,0;0,0
2020-04-07;2257214,0;274200,0;707175,0;350869,0;718084,0;237679,0;737925;378856,0;112812,0;19043;92636,0;127727,0;776192,0;9892417,0;315464,0;0,0;257352,0;32134,0;15028845,0;85678;4491240,0;365478,0;0,0
2020-04-08;1905218,0;265139,0;698936,0;959021,0;535875,0;142137,0;445076;641557,0;248783,0;14314;151785,0;109525,0;466865,0;17244502,0;444435,0;0,0;99523,0;17921,0;16414182,0;32784;3095950,0;155928,0;0,0
2020-04-13;1882253,0;166354,0;1770827,0;654452,0;1100149,0;219606,0;298167;760599,0;142570,0;13693;51135,0;179150,0;895567,0;9974414,0;212951,0;754,0;195908,0;54727,0;23256500,0;40190;3536220,0;244074,0;0,0
2020-04-14;3524963,0;500078,0;1150113,0;1084998,0;1053656,0;223734,0;1086013;764765,0;372982,0;17810;45690,0;162456,0;1304504,0;16991404,0;287365,0;0,0;215376,0;62456,0;22770320,0;33588;4549250,0;709548,0;0,0
2020-04-15;2434314,0;284093,0;898235,0;509562,0;821179,0;260042,0;1172298;1130170,0;239410,0;22126;40805,0;85602,0;1408630,0;10883496,0;362752,0;0,0;305944,0;17711,0;15830162,0;41913;3245750,0;425387,0;0,0
2020-04-16;3340091,0;546726,0;831674,0;1478558,0;747390,0;263646,0;765004;359606,0;110702,0;17657;123835,0;80860,0;783276,0;11964868,0;284215,0;0,0;184094,0;23678,0;6062619,0;43414;3190040,0;440665,0;0,0
2020-04-17;4386698,0;385092,0;721440,0;513772,0;525014,0;120799,0;320751;541748,0;77472,0;6671;53553,0;78928,0;304856,0;14460326,0;160650,0;0,0;128426,0;16198,0;3634032,0;31308;1747410,0;246105,0;0,0
2020-04-20;2318444,0;157492,0;688567,0;688560,0;469255,0;135906,0;475167;529299,0;96622,0;12193;88245,0;93447,0;2245727,0;10005454,0;192309,0;0,0;125121,0;22761,0;6969820,0;20858;2834090,0;294971,0;0,0
2020-04-21;1039832,0;188791,0;562824,0;493062,0;559258,0;330570,0;224079;236057,0;62666,0;5207;97950,0;106721,0;1131321,0;17851274,0;54462,0;0,0;134553,0;23527,0;7826342,0;16399;1993980,0;197607,0;0,0
2020-04-22;1446689,0;165077,0;500679,0;378494,0;485568,0;322611,0;204003;246568,0;57849,0;6775;112232,0;72610,0;1183795,0;16983121,0;93109,0;0,0;209552,0;30749,0;3992307,0;21880;1208120,0;145126,0;0,0
2020-04-23;1740319,0;199310,0;515356,0;598273,0;732818,0;205909,0;147017;329708,0;128881,0;7871;121817,0;153981,0;1211987,0;15274832,0;168209,0;0,0;139662,0;30918,0;6308776,0;25505;1418860,0;409246,0;0,0
2020-04-24;2884492,0;331723,0;463650,0;660698,0;529417,0;106080,0;289742;254003,0;416226,0;11087;66012,0;67423,0;702241,0;14322997,0;257161,0;0,0;146227,0;17612,0;4687841,0;27580;2570300,0;229688,0;0,0
2020-04-27;3087849,0;246124,0;491092,0;589168,0;402882,0;309823,0;658828;647185,0;115816,0;55988;27258,0;55467,0;537653,0;17238668,0;215444,0;0,0;171204,0;30544,0;6165889,0;43373;1732050,0;576167,0;0,0
2020-04-28;4543382,0;656950,0;1161600,0;1251883,0;755386,0;639569,0;1207702;947970,0;315760,0;50017;133117,0;111657,0;4153648,0;22506903,0;342200,0;0,0;514961,0;104451,0;11566861,0;67225;6018230,0;714896,0;0,0
2020-04-29;2448241,0;538787,0;1425209,0;853665,0;751568,0;404975,0;727002;1265344,0;409016,0;20097;154329,0;121308,0;633120,0;15381320,0;586294,0;0,0;437005,0;66815,0;7391444,0;35126;3336600,0;636875,0;0,0
2020-04-30;1649582,0;188235,0;584075,0;439092,0;797560,0;273678,0;250483;430089,0;240146,0;48278;93291,0;67300,0;3605742,0;10818275,0;283442,0;400,0;405531,0;41054,0;6651365,0;20646;1663920,0;448326,0;0,0
2020-05-04;2305061,0;492732,0;1073190,0;308124,0;424804,0;327556,0;324610;388458,0;492936,0;20359;78808,0;104380,0;4201186,0;7977434,0;139836,0;9,0;294879,0;26116,0;3133473,0;89299;1559390,0;445399,0;0,0
2020-05-05;2693383,0;390375,0;1531314,0;381234,0;805780,0;343589,0;431443;877461,0;228007,0;13830;54429,0;94365,0;3663007,0;14601510,0;403484,0;0,0;553309,0;23150,0;7871390,0;23088;2887930,0;901973,0;0,0
2020-05-06;3465167,0;577014,0;1056724,0;1155751,0;890951,0;655060,0;491460;1053550,0;552682,0;14359;79466,0;119440,0;4654004,0;16541721,0;383779,0;0,0;1005601,0;17190,0;15645947,0;19363;3221640,0;788558,0;0,0
2020-05-07;5846910,0;601336,0;1666138,0;1220225,0;1026799,0;1076966,0;1208435;1200240,0;1193274,0;16820;135812,0;274845,0;3884510,0;11319690,0;401659,0;0,0;1014709,0;30820,0;14273180,0;116414;4495330,0;771834,0;0,0
2020-05-08;3802223,0;297874,0;1189687,0;1063378,0;1390158,0;814249,0;1364720;1539091,0;888306,0;12660;157473,0;308913,0;1651579,0;17525646,0;519109,0;0,0;504715,0;26854,0;17554568,0;141602;3167470,0;955389,0;0,0
2020-05-11;3773446,0;338508,0;1071816,0;858654,0;982784,0;672055,0;975722;1067232,0;1046103,0;13867;341951,0;130229,0;1767809,0;15620427,0;321489,0;0,0;401125,0;18832,0;30216466,0;228244;3515360,0;748773,0;0,0
2020-05-12;5292780,0;520973,0;1626359,0;1189678,0;935309,0;986853,0;1470579;1548204,0;875224,0;28308;172306,0;169280,0;2170791,0;15117778,0;579391,0;0,0;527204,0;70902,0;32729217,0;114318;4715490,0;1332884,0;0,0
2020-05-13;1761083,0;408120,0;217194,0;431721,0;278861,0;120875,0;203872;584731,0;100617,0;6204;30131,0;82192,0;478841,0;4108665,0;311054,0;0,0;246832,0;19447,0;2818335,0;47807;1750310,0;232872,0;0,0
2020-05-14;2932154,0;402657,0;911013,0;1677398,0;744976,0;993052,0;484932;964291,0;257945,0;13932;166195,0;229721,0;2468974,0;8671287,0;221114,0;0,0;328286,0;24045,0;13167183,0;139881;4056400,0;423626,0;0,0
2020-05-15;4239090,0;700085,0;1916405,0;431863,0;756042,0;800827,0;910106;1032838,0;226662,0;9213;437672,0;217542,0;1117448,0;8843547,0;208618,0;0,0;213942,0;22237,0;18752673,0;102632;2695730,0;428949,0;0,0
2020-05-18;3604990,0;648176,0;1657453,0;427559,0;691045,0;567638,0;372117;864135,0;312597,0;13190;99697,0;165685,0;2683137,0;10784448,0;233113,0;0,0;280356,0;25704,0;10582636,0;224396;2914970,0;526044,0;0,0
2020-05-19;2684965,0;236920,0;835893,0;645382,0;583946,0;224430,0;119064;518563,0;394505,0;37411;187926,0;118163,0;1386127,0;33968511,0;151377,0;121523,0;326953,0;10197,0;13098002,0;175650;2134410,0;752190,0;0,0
2020-05-20;2344662,0;169413,0;700008,0;715832,0;773946,0;271157,0;464129;633966,0;500811,0;15306;37119,0;84835,0;2450516,0;28372233,0;199619,0;0,0;712494,0;31154,0;7334631,0;92101;2332970,0;243359,0;0,0
2020-05-21;4671359,0;535891,0;1268683,0;1329940,0;840197,0;362480,0;856489;776302,0;252306,0;28931;47826,0;337492,0;1251040,0;23451016,0;294719,0;0,0;492968,0;15803,0;43462484,0;253127;3300540,0;459507,0;0,0
2020-05-22;4146564,0;355146,0;1415675,0;465980,0;552871,0;501902,0;1016685;1385957,0;392246,0;9017;138721,0;238794,0;1524596,0;17213559,0;195999,0;0,0;304282,0;5697,0;13839288,0;120402;3195140,0;633091,0;0,0
2020-05-26;3121819,0;285504,0;692346,0;437504,0;312151,0;142307,0;869634;375897,0;256996,0;15053;199659,0;148057,0;1150233,0;16050846,0;290611,0;0,0;215706,0;17276,0;5302529,0;112023;2204510,0;198964,0;0,0
2020-05-27;3124776,0;428833,0;3952648,0;618599,0;611048,0;297659,0;541445;277884,0;257844,0;10060;120093,0;186889,0;1662798,0;24835643,0;383275,0;0,0;242120,0;10727,0;6897119,0;85941;3313580,0;438992,0;0,0
2020-05-28;4523349,0;222758,0;1071078,0;547330,0;1573734,0;206639,0;574899;513596,0;479297,0;17970;135087,0;170549,0;1934854,0;19514827,0;123878,0;0,0;156826,0;13696,0;5289860,0;58208;3296240,0;227443,0;0,0
2020-05-29;6820385,0;1194902,0;1270401,0;845258,0;929143,0;352786,0;493290;625143,0;149701,0;7785;163976,0;78601,0;1594693,0;11220081,0;163730,0;0,0;142186,0;4911,0;5504241,0;79224;2272510,0;353744,0;0,0
2020-06-01;4073046,0;600905,0;633298,0;605318,0;1169099,0;225578,0;767045;297689,0;124550,0;10155;72722,0;76623,0;1213103,0;9400188,0;254646,0;0,0;766148,0;11105,0;6812352,0;109979;1952160,0;227373,0;0,0
2020-06-02;4594344,0;1000300,0;1762759,0;756312,0;904362,0;341550,0;978051;718895,0;166563,0;32340;46705,0;66278,0;467336,0;11592666,0;581052,0;0,0;214094,0;17660,0;6433162,0;107310;2916890,0;589155,0;0,0
2020-06-03;6671307,0;890875,0;3330641,0;705190,0;931189,0;495493,0;1211582;617684,0;287324,0;19439;107432,0;116839,0;1397935,0;10773694,0;738655,0;0,0;306592,0;22513,0;13821691,0;130465;4640570,0;970851,0;0,0
2020-06-04;4711663,0;351141,0;1467354,0;227475,0;731327,0;404561,0;995188;516918,0;101849,0;26097;121330,0;91618,0;942952,0;14114842,0;510277,0;0,0;314547,0;8903,0;4342940,0;59711;3825660,0;596852,0;0,0
2020-06-05;3909515,0;470529,0;2696886,0;498253,0;1729624,0;543280,0;923360;907315,0;198630,0;25338;129476,0;186754,0;1049873,0;12976287,0;773431,0;0,0;367201,0;21852,0;9913145,0;132166;3432850,0;690558,0;0,0
2020-06-08;5670460,0;529327,0;2897271,0;660229,0;781584,0;666479,0;1317136;1369870,0;319824,0;32363;111659,0;107446,0;851375,0;36487496,0;1634733,0;0,0;984022,0;24576,0;15346496,0;332732;4635880,0;483044,0;0,0
2020-06-09;3747368,0;734473,0;1951947,0;1459232,0;1146432,0;367688,0;1026982;1052690,0;216919,0;25398;179809,0;347241,0;1632793,0;19143701,0;1024372,0;0,0;515354,0;20396,0;8404831,0;230478;4322520,0;610340,0;0,0
2020-06-10;4320965,0;386933,0;2533577,0;710106,0;1215727,0;470978,0;901555;609319,0;230311,0;12599;115904,0;174472,0;312134,0;11301002,0;920520,0;0,0;409897,0;13585,0;3530360,0;230761;3128300,0;368041,0;0,0
2020-06-11;4438391,0;778948,0;2319555,0;655044,0;865104,0;664616,0;1096975;726953,0;284024,0;14575;173851,0;236077,0;1098085,0;15306961,0;1333396,0;0,0;600246,0;12114,0;7232971,0;147271;3143330,0;451951,0;0,0
2020-06-12;3242568,0;492136,0;1358155,0;474200,0;642486,0;577402,0;756710;628667,0;434256,0;11223;117552,0;187908,0;730902,0;20895260,0;957371,0;120,0;275372,0;5931,0;3736698,0;173757;3339940,0;259398,0;0,0
2020-06-16;2307323,0;286733,0;1631666,0;298586,0;1058736,0;871340,0;594265;496336,0;404860,0;7916;73003,0;109687,0;354731,0;9113176,0;845647,0;0,0;406203,0;5482,0;1772571,0;203609;1703680,0;389850,0;0,0
2020-06-17;3319928,0;673970,0;870605,0;302581,0;634882,0;461871,0;541931;399071,0;223747,0;4633;52704,0;70950,0;803777,0;16982838,0;617121,0;0,0;155719,0;7565,0;3501803,0;260580;1305340,0;171581,0;0,0
2020-06-18;4916004,0;526749,0;932996,0;1179186,0;922156,0;202686,0;1833267;833149,0;144647,0;12550;60145,0;62823,0;941841,0;16334478,0;1260253,0;0,0;294344,0;14818,0;5309769,0;106237;3013200,0;389904,0;0,0
2020-06-19;5776505,0;853058,0;1546024,0;1276022,0;990206,0;947525,0;1703518;938223,0;176620,0;12027;112154,0;57791,0;437026,0;19247205,0;740016,0;0,0;302796,0;7576,0;6865948,0;150314;2539830,0;651143,0;0,0
2020-06-22;3781449,0;494506,0;2385517,0;683200,0;632973,0;302826,0;447051;1382592,0;162714,0;13210;95095,0;113156,0;1751686,0;13076419,0;510120,0;0,0;307995,0;18032,0;6728289,0;58794;3424850,0;158142,0;0,0
2020-06-23;2680351,0;465367,0;2476974,0;944091,0;944910,0;549263,0;564758;1948031,0;219861,0;43203;219738,0;78930,0;717420,0;25539763,0;354016,0;0,0;502222,0;45614,0;2878567,0;103812;1980150,0;158149,0;0,0
2020-06-24;2460557,0;652601,0;864242,0;701175,0;450924,0;397140,0;309777;1396391,0;86868,0;50308;62851,0;69685,0;704714,0;9866575,0;305532,0;0,0;144520,0;17599,0;2774192,0;23959;1088890,0;150492,0;0,0
2020-06-25;3244766,0;520053,0;1185893,0;397243,0;357239,0;411719,0;823463;320194,0;101915,0;22633;59973,0;55253,0;1261968,0;14282182,0;3073899,0;0,0;261365,0;10690,0;3202151,0;54405;1017290,0;685760,0;0,0
2020-06-26;2642888,0;698957,0;1044679,0;289449,0;457308,0;147845,0;388729;129454,0;41779,0;17891;89616,0;68540,0;852310,0;5547686,0;213087,0;0,0;88433,0;7357,0;2486305,0;44447;1048300,0;419792,0;0,0
2020-06-29;1589909,0;490604,0;1678763,0;400220,0;224970,0;354208,0;624301;446034,0;128483,0;21202;59642,0;42793,0;1615619,0;6105192,0;154487,0;0,0;113606,0;9420,0;1411179,0;49597;1235540,0;198656,0;0,0
2020-06-30;3686614,0;1012832,0;1661541,0;876053,0;776213,0;492155,0;640342;691251,0;110616,0;25596;89293,0;159973,0;1806175,0;10627224,0;403677,0;0,0;198970,0;8615,0;4694075,0;76858;1570070,0;912721,0;0,0
2020-07-01;1084997,0;226643,0;639165,0;553080,0;472378,0;138995,0;253760;504894,0;95085,0;11226;26604,0;180819,0;1039461,0;9378061,0;373612,0;0,0;224811,0;8492,0;3188174,0;32682;990550,0;137122,0;0,0
2020-07-02;2438370,0;359353,0;1219362,0;460466,0;375137,0;207349,0;256915;368154,0;92999,0;12604;29890,0;105277,0;6175590,0;5344717,0;431130,0;0,0;165510,0;7539,0;1967948,0;37621;1273710,0;220994,0;0,0
2020-07-03;1055275,0;162209,0;663507,0;104632,0;279281,0;113630,0;214202;118492,0;32236,0;14622;6627,0;47810,0;2316401,0;4556293,0;94296,0;0,0;460273,0;866,0;2452720,0;24946;322050,0;87296,0;0,0
2020-07-06;6690947,0;898923,0;2501189,0;1226537,0;836783,0;1403564,0;2446699;1122800,0;318877,0;37609;136942,0;195530,0;6061327,0;42641380,0;1093761,0;67,0;751545,0;9629,0;19030303,0;369272;3364650,0;813455,0;0,0
2020-07-07;3304441,0;742261,0;1150369,0;1093051,0;443971,0;733272,0;1035704;777106,0;443066,0;25398;100116,0;75150,0;1079999,0;12524728,0;412270,0;151,0;640915,0;4442,0;5685943,0;172537;1336710,0;216560,0;0,0
2020-07-08;2298585,0;400994,0;848057,0;1318728,0;723154,0;337446,0;557341;613662,0;220071,0;15924;85945,0;89018,0;920842,0;35722663,0;241452,0;0,0;722166,0;2615,0;14688067,0;45487;1042090,0;195707,0;0,0
2020-07-13;4458635,0;733254,0;2170564,0;1724828,0;686877,0;466973,0;838127;733336,0;330698,0;19723;59342,0;151256,0;2262502,0;14011647,0;421862,0;0,0;663839,0;8028,0;5190612,0;209192;2579100,0;346373,0;0,0
2020-07-14;2924644,0;511565,0;544925,0;1572741,0;618589,0;198799,0;497527;385660,0;255061,0;54868;39990,0;43052,0;401311,0;5264402,0;299296,0;0,0;348013,0;8214,0;4783166,0;69311;1932070,0;348538,0;0,0
2020-07-15;2430429,0;418668,0;746261,0;1346653,0;510502,0;407075,0;990695;1561429,0;265095,0;18415;37258,0;72874,0;2756084,0;24112587,0;355291,0;0,0;388579,0;10546,0;5894090,0;141439;1608190,0;197369,0;0,0
2020-07-16;1831352,0;457588,0;622608,0;436331,0;484081,0;168966,0;662130;324866,0;171019,0;14312;41997,0;44309,0;1195028,0;13551858,0;139441,0;0,0;217344,0;12029,0;2573787,0;57660;2395310,0;284304,0;0,0
2020-07-17;2422239,0;516443,0;1559970,0;1041240,0;508528,0;361019,0;594024;417143,0;507751,0;7119;171754,0;55639,0;685924,0;9234154,0;344319,0;0,0;428373,0;13405,0;8424137,0;85789;1397560,0;318715,0;0,0
2020-07-20;1988006,0;924306,0;1233512,0;1070347,0;631224,0;263893,0;559827;346462,0;382858,0;6396;106660,0;39881,0;869457,0;9878529,0;380786,0;0,0;328478,0;7879,0;5039781,0;129898;1447500,0;204142,0;0,0
2020-07-21;4459663,0;547291,0;1789053,0;746112,0;593253,0;486262,0;950972;832341,0;417145,0;12656;110194,0;224324,0;566373,0;9268340,0;553420,0;0,0;318852,0;10439,0;5051445,0;122317;4246930,0;426985,0;0,0
2020-07-22;4686459,0;1065468,0;1913510,0;581862,0;1129083,0;761250,0;1685463;725840,0;655934,0;12577;204307,0;129011,0;1372345,0;11158459,0;463246,0;0,0;587396,0;15431,0;8557774,0;91710;1506880,0;300679,0;0,0
2020-07-23;4950661,0;1018712,0;1757430,0;1371000,0;1104877,0;1265498,0;2128209;976970,0;889821,0;20316;142705,0;103543,0;1223693,0;27178832,0;452254,0;0,0;716836,0;11231,0;13378850,0;207403;2473160,0;460313,0;0,0
2020-07-24;3353041,0;678531,0;2088502,0;827387,0;1231596,0;528201,0;929336;672606,0;557150,0;34773;98964,0;198446,0;2102446,0;12917297,0;242353,0;0,0;504478,0;22837,0;16019506,0;100693;2034160,0;446452,0;0,0
2020-07-27;3191922,0;362455,0;2156380,0;1256314,0;890213,0;566266,0;720179;1101132,0;647290,0;41703;100171,0;282676,0;1229596,0;23999072,0;423449,0;0,0;1056343,0;43299,0;11151874,0;113012;1254280,0;178047,0;0,0
2020-07-28;3619102,0;710524,0;1278424,0;744732,0;601009,0;1064167,0;1471052;509284,0;575532,0;20996;58853,0;140470,0;1960225,0;44217464,0;451948,0;0,0;534739,0;128287,0;10104198,0;92532;1608710,0;565499,0;0,0
2020-07-29;1889647,0;314185,0;981591,0;828313,0;545676,0;351990,0;484546;549659,0;358812,0;15995;37031,0;133220,0;680319,0;35383355,0;308843,0;0,0;385996,0;37786,0;4561042,0;76673;1451210,0;249180,0;0,0
2020-07-30;2226281,0;1076110,0;923046,0;869484,0;710668,0;346912,0;830075;596197,0;288785,0;13099;74516,0;162179,0;604180,0;17772754,0;242365,0;0,0;303050,0;19191,0;4588192,0;73922;1712820,0;333705,0;0,0
2020-07-31;1812842,0;676919,0;710560,0;685923,0;675792,0;179874,0;328695;366658,0;324459,0;13689;61923,0;143674,0;2612644,0;10004003,0;166042,0;0,0;147262,0;11529,0;6913309,0;89689;1349920,0;158460,0;0,0
2020-08-03;7337533,0;1531967,0;2865717,0;1257564,0;1256195,0;654453,0;2027949;1283034,0;641219,0;25233;152374,0;416544,0;2709803,0;23242666,0;1167825,0;4812,0;1260703,0;29600,0;10592892,0;165811;3481000,0;1104537,0;0,0
2020-08-04;10756971,0;1699030,0;3104785,0;1360197,0;1557322,0;1380602,0;2652652;1783839,0;1143230,0;28434;306495,0;131483,0;3275386,0;27174544,0;1823500,0;0,0;1476553,0;16477,0;18240348,0;328383;3759000,0;869273,0;0,0
2020-08-05;4007389,0;689887,0;1181577,0;1376564,0;1265244,0;408863,0;849281;1265670,0;682775,0;15167;152314,0;146438,0;787894,0;8710143,0;740736,0;0,0;370747,0;9449,0;11992005,0;395605;1595690,0;349955,0;0,0
2020-08-06;2935383,0;739083,0;640266,0;577196,0;779622,0;455524,0;1037714;533254,0;612163,0;10168;55999,0;139650,0;539358,0;5869120,0;974396,0;0,0;195390,0;8451,0;5551100,0;41877;1629050,0;295789,0;0,0
2020-08-07;3377441,0;422187,0;707248,0;1775637,0;773099,0;1081895,0;589502;679107,0;888594,0;12640;90546,0;142554,0;764000,0;19576293,0;399986,0;30,0;308008,0;25603,0;7137143,0;89369;1335160,0;151297,0;0,0
2020-08-10;2036655,0;372662,0;974182,0;590830,0;616925,0;649527,0;390830;640044,0;418589,0;23516;89813,0;267969,0;688139,0;20313504,0;364826,0;0,0;307428,0;8982,0;6414660,0;123330;1537540,0;206392,0;0,0
2020-08-11;2223937,0;401758,0;1393000,0;753504,0;1641904,0;443657,0;500025;500429,0;495527,0;15782;78396,0;185744,0;650845,0;10719091,0;706466,0;0,0;220201,0;15217,0;3291745,0;84631;2193670,0;181840,0;0,0
2020-08-12;3596711,0;985273,0;1711855,0;701610,0;919337,0;259377,0;921261;557186,0;386901,0;13222;126182,0;203483,0;1225834,0;16287970,0;629219,0;0,0;578724,0;11573,0;6772633,0;51087;3012490,0;385038,0;0,0
2020-08-13;1965706,0;612104,0;1169941,0;431945,0;442669,0;262836,0;344348;313831,0;422253,0;10461;58026,0;77182,0;512863,0;5109388,0;418123,0;0,0;286610,0;14479,0;4492866,0;88912;2074550,0;180139,0;0,0
2020-08-14;2353852,0;363406,0;837500,0;320172,0;765765,0;322471,0;370123;787996,0;452050,0;18548;55078,0;142664,0;1408699,0;14423049,0;188489,0;0,0;187414,0;7042,0;9353158,0;43206;1865590,0;357566,0;0,0
2020-08-18;2401189,0;354348,0;716560,0;809538,0;566226,0;263945,0;274977;872843,0;146864,0;8112;72416,0;49141,0;486120,0;18429150,0;381905,0;0,0;130781,0;24321,0;9636621,0;90832;1043650,0;358561,0;0,0
2020-08-19;3030401,0;385303,0;1062653,0;881581,0;501767,0;282719,0;336540;481556,0;258799,0;10787;84130,0;131908,0;626283,0;18644848,0;190772,0;0,0;176641,0;14149,0;6273582,0;92150;1246220,0;316485,0;0,0
2020-08-20;3389085,0;196784,0;808063,0;667774,0;587425,0;277231,0;293103;310747,0;268845,0;3641;70277,0;63848,0;783180,0;19992362,0;149976,0;1822,0;108010,0;4142,0;9267486,0;34894;605720,0;182119,0;0,0
2020-08-21;5824480,0;570592,0;1885145,0;750559,0;636566,0;384754,0;592398;484686,0;240497,0;8600;131168,0;118729,0;753235,0;38654335,0;244452,0;0,0;459250,0;20506,0;9343304,0;61371;1046860,0;271422,0;0,0
2020-08-24;2853528,0;315877,0;1149439,0;697384,0;802498,0;385176,0;450062;551448,0;749009,0;7302;245103,0;179618,0;1278612,0;18996064,0;250176,0;0,0;263993,0;10310,0;8119458,0;66786;628080,0;381790,0;0,0
2020-08-25;4501558,0;323238,0;1024565,0;461058,0;1023217,0;480061,0;369309;449375,0;269325,0;12224;146576,0;379176,0;1391171,0;8602439,0;212711,0;0,0;352562,0;16899,0;4655664,0;426752;880100,0;338158,0;0,0
2020-08-26;3060323,0;543888,0;992838,0;409211,0;818130,0;211402,0;339931;372416,0;492039,0;4285;41767,0;431130,0;1144753,0;6412180,0;116483,0;0,0;173316,0;5754,0;10623461,0;92559;906230,0;120799,0;0,0
2020-08-27;4029071,0;752215,0;840400,0;495260,0;559944,0;276090,0;402507;754155,0;317322,0;9165;133552,0;238453,0;869050,0;7820925,0;299203,0;0,0;292864,0;14335,0;13729784,0;54000;1442290,0;363365,0;0,0
2020-08-28;3297567,0;362142,0;1296177,0;865129,0;780181,0;296384,0;571044;942677,0;226592,0;24867;228078,0;156212,0;1320256,0;18942185,0;165244,0;0,0;424122,0;12032,0;5031938,0;40790;944080,0;227284,0;0,0
2020-08-31;3002832,0;393521,0;449527,0;244079,0;438367,0;385514,0;425310;423213,0;1199110,0;36933;45567,0;383875,0;428933,0;16045247,0;339339,0;0,0;314532,0;13726,0;5438177,0;73071;767240,0;402578,0;0,0
2020-09-01;2285759,0;555949,0;650706,0;327753,0;429915,0;420946,0;361787;630444,0;393122,0;12087;122104,0;272149,0;272686,0;10859256,0;396493,0;0,0;122223,0;5493,0;3716185,0;152031;715450,0;164760,0;0,0
2020-09-02;3311816,0;350632,0;352163,0;644222,0;311952,0;94768,0;337280;269294,0;493998,0;10066;46000,0;73969,0;502057,0;6521897,0;142795,0;0,0;76649,0;6985,0;5772520,0;27555;786110,0;132125,0;0,0
2020-09-03;1511932,0;265508,0;529813,0;751080,0;221027,0;155793,0;165251;260400,0;191363,0;7382;61638,0;42831,0;341779,0;7625991,0;84846,0;0,0;86326,0;3990,0;2090825,0;20813;526970,0;92802,0;0,0
2020-09-04;1570749,0;265201,0;376231,0;221520,0;225844,0;126672,0;196957;215256,0;160826,0;5607;40545,0;126130,0;581299,0;5925629,0;107455,0;0,0;199068,0;5749,0;2696061,0;55681;999650,0;73141,0;0,0
2020-09-07;801802,0;74219,0;134348,0;157944,0;172893,0;47406,0;151912;150500,0;81046,0;30234;26589,0;14109,0;518818,0;11138745,0;134812,0;0,0;163810,0;17987,0;6079010,0;20830;411760,0;43565,0;0,0
2020-09-08;2097432,0;397874,0;514612,0;194078,0;476215,0;118375,0;175655;685158,0;291434,0;9633;34048,0;102966,0;847777,0;9443443,0;177764,0;0,0;209930,0;9421,0;3803164,0;43687;609700,0;102207,0;0,0
2020-09-09;1927942,0;185916,0;579160,0;323139,0;836343,0;177623,0;320521;203235,0;211362,0;17522;67522,0;75857,0;342562,0;13222458,0;152767,0;1650,0;314229,0;7518,0;8558075,0;35667;1048560,0;127272,0;0,0
2020-09-10;3701218,0;756149,0;1383661,0;525831,0;775939,0;254436,0;512891;252820,0;217127,0;26968;110150,0;129089,0;440969,0;7117476,0;254230,0;10,0;276818,0;10105,0;5774632,0;49087;1811630,0;169652,0;0,0
2020-09-11;3142345,0;318943,0;579401,0;285402,0;572475,0;154897,0;386323;480354,0;411433,0;8524;33402,0;106831,0;373285,0;8877521,0;108089,0;1957,0;144706,0;5569,0;10419537,0;26502;1008910,0;92929,0;0,0
2020-09-14;3870921,0;357591,0;556559,0;253890,0;324850,0;101511,0;277575;342384,0;255302,0;3846;140481,0;55492,0;549866,0;6400105,0;179125,0;440,0;94195,0;9842,0;3114166,0;31980;799110,0;87001,0;0,0
2020-09-15;3351626,0;223975,0;607050,0;813269,0;248268,0;144867,0;456345;616573,0;459235,0;5750;182216,0;101477,0;1218063,0;8169265,0;139648,0;46,0;119286,0;8129,0;3551879,0;71656;1096230,0;144775,0;0,0
2020-09-16;5235132,0;912154,0;836654,0;1562746,0;929651,0;272473,0;547604;441877,0;358544,0;16927;93667,0;89193,0;842700,0;15078506,0;452338,0;100,0;355860,0;24156,0;7557862,0;68756;1821140,0;537437,0;0,0
2020-09-17;5809352,0;995661,0;2354378,0;627272,0;1322475,0;227713,0;639411;810013,0;377590,0;22132;74734,0;287237,0;941001,0;9595537,0;312136,0;0,0;253619,0;22486,0;26284190,0;44439;2446950,0;495734,0;0,0
2020-09-18;3229102,0;443278,0;977292,0;396303,0;609938,0;148584,0;962338;911054,0;269209,0;21455;95493,0;166041,0;938050,0;8393690,0;500109,0;0,0;363181,0;5767,0;16261138,0;45819;2831130,0;224731,0;0,0
2020-09-21;1826574,0;395856,0;1050466,0;364346,0;444757,0;106285,0;512443;467077,0;163477,0;15563;52693,0;76500,0;630941,0;6288620,0;154205,0;0,0;197176,0;2400,0;4182455,0;80294;1800790,0;125395,0;0,0
2020-09-22;2649455,0;411319,0;884314,0;599070,0;875175,0;169379,0;454903;532756,0;678844,0;5237;128612,0;88538,0;438636,0;5152021,0;233149,0;0,0;240492,0;3065,0;4942243,0;54131;1791070,0;196711,0;0,0
2020-09-23;2471501,0;281413,0;2993174,0;446383,0;649531,0;199165,0;664028;447924,0;282013,0;7532;68086,0;112244,0;1059952,0;4554970,0;241764,0;0,0;269541,0;8946,0;5902637,0;73992;1248560,0;405337,0;0,0
2020-09-24;5558993,0;787346,0;770118,0;625343,0;666223,0;311054,0;610047;422977,0;446452,0;6932;86230,0;197786,0;624839,0;4219806,0;320496,0;0,0;245574,0;7109,0;5076886,0;91340;2014970,0;163389,0;0,0
2020-09-25;2756333,0;179510,0;310667,0;276549,0;406925,0;152991,0;348557;417920,0;202210,0;2557;27860,0;25997,0;455295,0;2088204,0;80964,0;0,0;197462,0;12833,0;3004461,0;93085;1153410,0;83125,0;0,0
2020-09-28;2587981,0;191730,0;328879,0;664581,0;467618,0;527379,0;243023;363301,0;729892,0;2254;49370,0;146724,0;468525,0;5246053,0;80600,0;0,0;122019,0;6214,0;5621186,0;92418;945130,0;66852,0;0,0
2020-09-29;2892904,0;235909,0;223992,0;671025,0;644164,0;384833,0;191866;538721,0;271377,0;4091;16717,0;158642,0;848073,0;8581596,0;359096,0;0,0;201983,0;2045,0;3131864,0;29168;1344530,0;110780,0;0,0
2020-09-30;2894949,0;420158,0;1321683,0;667643,0;1211807,0;264547,0;430579;989279,0;611157,0;12305;69305,0;126107,0;2721749,0;5873572,0;326425,0;0,0;334173,0;12859,0;6438089,0;38663;2489160,0;412265,0;0,0
2020-10-01;1888380,0;176706,0;664759,0;352089,0;528066,0;393027,0;256014;544313,0;296981,0;8066;58875,0;116165,0;1045447,0;3718329,0;160759,0;0,0;399232,0;7313,0;4758028,0;44818;1669850,0;110634,0;0,0
2020-10-02;1568142,0;188389,0;846431,0;423996,0;696384,0;193870,0;214270;321676,0;229939,0;7777;39388,0;73197,0;363695,0;4158232,0;156609,0;0,0;336256,0;7406,0;3263389,0;37677;1011980,0;78621,0;0,0
2020-10-05;1676718,0;262473,0;905219,0;871345,0;875907,0;155959,0;420951;292465,0;350912,0;5350;80854,0;70870,0;711652,0;3851586,0;210073,0;0,0;428495,0;18791,0;2068401,0;50083;1437620,0;124460,0;0,0
2020-10-06;1961591,0;373900,0;998222,0;1822605,0;1856867,0;643331,0;1181383;623289,0;722246,0;13330;66569,0;134233,0;2175706,0;12774732,0;715275,0;0,0;235861,0;10772,0;10451312,0;48786;2439250,0;293692,0;0,0
2020-10-07;1977891,0;210170,0;1360155,0;934200,0;1833767,0;493404,0;280197;822705,0;383833,0;15760;61678,0;167391,0;558173,0;48056574,0;392142,0;0,0;473131,0;5616,0;3300192,0;26527;2221190,0;306371,0;0,0
2020-10-08;2195479,0;234986,0;659732,0;403415,0;951771,0;309510,0;321632;660852,0;355467,0;5114;81903,0;86421,0;1842731,0;9670816,0;187578,0;0,0;325155,0;6587,0;5167887,0;20222;894540,0;105620,0;0,0
2020-10-09;1843491,0;173800,0;711107,0;597828,0;640395,0;490656,0;223499;264446,0;330512,0;14016;58917,0;194545,0;8421869,0;11602559,0;368163,0;400,0;315128,0;12087,0;3387171,0;53164;1564880,0;191346,0;0,0
2020-10-13;2389012,0;213610,0;2486228,0;584341,0;925020,0;617784,0;410840;849744,0;153073,0;66697;94106,0;404019,0;2717440,0;15631034,0;416276,0;60,0;347179,0;6319,0;4035244,0;30872;1261690,0;269704,0;0,0
2020-10-14;1718346,0;244103,0;1267177,0;755063,0;1203526,0;356616,0;581488;750835,0;282067,0;17609;89788,0;280018,0;1307718,0;9464993,0;763969,0;0,0;398524,0;16800,0;17202125,0;111996;1480370,0;271772,0;0,0
2020-10-15;3069867,0;678008,0;1292241,0;660489,0;1545546,0;431413,0;567594;787076,0;352937,0;8988;70365,0;260590,0;1260916,0;14664522,0;606237,0;0,0;391982,0;13368,0;5274776,0;152546;1336980,0;165494,0;0,0
2020-10-16;4757197,0;468188,0;1082914,0;836613,0;994897,0;393518,0;588225;627649,0;326503,0;24151;90912,0;124748,0;1060950,0;11264946,0;656759,0;0,0;595425,0;17049,0;8964315,0;74621;1766770,0;294309,0;0,0
2020-10-19;3398117,0;470289,0;804230,0;686685,0;1340360,0;424678,0;836413;709526,0;332067,0;19583;88939,0;147328,0;1654612,0;15286180,0;1726005,0;0,0;1141534,0;13358,0;6896013,0;90427;1845750,0;387269,0;0,0
2020-10-20;2922176,0;233753,0;1190239,0;567226,0;1317909,0;302875,0;314867;471022,0;292444,0;20297;200702,0;225134,0;1145114,0;9788296,0;946825,0;0,0;751779,0;11265,0;5860304,0;265271;3263010,0;211352,0;0,0
2020-10-21;2676143,0;669660,0;769255,0;834276,0;2047131,0;358692,0;399264;641049,0;519934,0;24375;152803,0;168316,0;1222362,0;11471646,0;920938,0;0,0;617960,0;10937,0;4235849,0;58537;1767620,0;268130,0;0,0
2020-10-22;3020055,0;315748,0;1015002,0;500994,0;1228677,0;257508,0;599044;745959,0;163643,0;38941;87134,0;120434,0;652878,0;8962322,0;505918,0;0,0;752421,0;13032,0;3462386,0;64785;1409050,0;518929,0;0,0
2020-10-23;1744680,0;392082,0;709646,0;1003185,0;1376780,0;594709,0;402489;453586,0;436124,0;54210;91177,0;105585,0;667541,0;15253855,0;424173,0;0,0;607946,0;8694,0;67248905,0;57718;1647130,0;250159,0;0,0
2020-10-26;1630905,0;380346,0;528540,0;843738,0;1081161,0;361852,0;309636;444635,0;308265,0;22802;50875,0;109175,0;1317779,0;7428702,0;350332,0;0,0;453367,0;18139,0;85578647,0;37051;1440270,0;183912,0;0,0
2020-10-27;1749916,0;189078,0;1025324,0;517836,0;551447,0;237199,0;259612;436300,0;167108,0;18966;43384,0;115442,0;938433,0;8982006,0;346777,0;0,0;363199,0;6556,0;9198606,0;40244;1204860,0;158941,0;0,0
2020-10-28;3558384,0;507010,0;917303,0;463582,0;1143641,0;182173,0;414257;438798,0;283734,0;24645;37626,0;84858,0;692369,0;18707606,0;366335,0;15,0;195870,0;11270,0;6012141,0;49334;3164510,0;263907,0;0,0
2020-10-29;2263267,0;283431,0;341754,0;483746,0;503240,0;179896,0;249778;505480,0;144602,0;11728;70049,0;136381,0;684985,0;8577462,0;248061,0;0,0;55700,0;5399,0;3157103,0;92035;2566740,0;124629,0;0,0
2020-10-30;1864401,0;324765,0;552983,0;1115968,0;997893,0;354704,0;627580;395983,0;236149,0;6005;44126,0;57231,0;780981,0;10247639,0;304730,0;0,0;80924,0;3058,0;4090046,0;93823;1624120,0;99674,0;0,0
2020-11-02;2473540,0;388248,0;290005,0;441229,0;564967,0;381915,0;392835;301357,0;350680,0;16469;71547,0;144686,0;1916262,0;8042150,0;522588,0;0,0;223275,0;2939,0;37449538,0;123137;1409580,0;177392,0;0,0
2020-11-03;2859022,0;458214,0;591156,0;312928,0;532459,0;532924,0;368750;330303,0;438071,0;14128;122600,0;173893,0;823321,0;7260548,0;419792,0;0,0;204479,0;4698,0;7008534,0;72680;1498180,0;150721,0;0,0
2020-11-04;2266122,0;339934,0;302717,0;460465,0;461411,0;131134,0;362776;413269,0;554692,0;9968;34731,0;59484,0;894249,0;3087588,0;127511,0;0,0;168542,0;3977,0;2968765,0;26580;959870,0;95811,0;0,0
2020-11-05;2993953,0;432612,0;600860,0;552630,0;229526,0;166030,0;553546;1525416,0;415770,0;6965;53878,0;61261,0;602862,0;3298395,0;232460,0;0,0;434755,0;6374,0;4221470,0;36887;1356460,0;196452,0;0,0
2020-11-06;1613835,0;234584,0;178199,0;348318,0;532410,0;159108,0;132303;373393,0;97347,0;2422;17542,0;16384,0;280753,0;3667971,0;181839,0;0,0;91408,0;1378,0;694930,0;18018;771320,0;72675,0;0,0
2020-11-09;3708580,0;560548,0;720315,0;461769,0;438514,0;289701,0;901067;638007,0;713311,0;6620;50268,0;148781,0;2185795,0;5803337,0;301242,0;100,0;499238,0;12149,0;3545645,0;48243;1744430,0;248190,0;0,0
2020-11-10;5651021,0;657329,0;519813,0;533254,0;493285,0;234752,0;788049;676835,0;474721,0;11244;62652,0;61735,0;903670,0;7223602,0;190072,0;0,0;693093,0;17106,0;7314621,0;71475;7165240,0;502382,0;0,0
2020-11-11;2779794,0;387141,0;666683,0;915945,0;685223,0;189967,0;369082;386160,0;895669,0;11364;45224,0;100851,0;1664226,0;7818678,0;368077,0;12,0;1145027,0;13052,0;12365966,0;81763;3517170,0;363473,0;0,0
2020-11-12;3249394,0;474108,0;416132,0;505753,0;520692,0;192454,0;284578;488574,0;494920,0;6179;238479,0;542561,0;635490,0;6118282,0;206272,0;0,0;806068,0;15528,0;3333173,0;51621;1305900,0;134352,0;0,0
2020-11-13;1343769,0;303346,0;430493,0;718410,0;423283,0;284463,0;369585;465551,0;320751,0;16412;88698,0;48890,0;1162363,0;4637358,0;267768,0;0,0;284640,0;4238,0;2329239,0;35252;1370060,0;129137,0;0,0
2020-11-16;1821770,0;277050,0;424466,0;640840,0;535566,0;263091,0;234107;771135,0;193876,0;8276;71860,0;65792,0;757387,0;2919809,0;122941,0;207,0;340093,0;7513,0;11925739,0;32966;1320960,0;87445,0;0,0
2020-11-17;2357933,0;223520,0;343014,0;539678,0;352364,0;199564,0;451860;491419,0;332701,0;4863;129792,0;126537,0;1447543,0;4142802,0;141882,0;0,0;280733,0;8492,0;8372050,0;67460;2793450,0;149222,0;0,0
2020-11-18;1292722,0;219702,0;685237,0;531744,0;557199,0;651775,0;300566;253847,0;201884,0;3977;64769,0;35822,0;740683,0;6990821,0;147166,0;0,0;299142,0;4441,0;8510010,0;254180;1483790,0;153639,0;0,0
2020-11-19;1495384,0;240783,0;238064,0;642736,0;528246,0;232081,0;301249;273593,0;134957,0;7625;67067,0;33163,0;300877,0;4251139,0;236828,0;0,0;267931,0;2308,0;3397729,0;132910;1019810,0;197981,0;0,0
2020-11-20;1098850,0;144453,0;384068,0;696625,0;1004260,0;269088,0;278343;214392,0;120213,0;8672;79980,0;38305,0;471107,0;3110516,0;419291,0;0,0;189078,0;12540,0;2430095,0;96051;937990,0;101478,0;0,0
2020-11-24;4759855,0;871007,0;1260261,0;716724,0;512289,0;199636,0;423824;338282,0;436147,0;9399;121727,0;281893,0;1205450,0;7840578,0;875434,0;0,0;1400132,0;22948,0;4776128,0;63887;5797720,0;308644,0;0,0
2020-11-25;1450873,0;1398149,0;632199,0;712443,0;1047531,0;147652,0;184079;238963,0;355799,0;6624;128889,0;68426,0;566953,0;5368039,0;461260,0;0,0;736671,0;19070,0;5537223,0;18891;2734310,0;198837,0;0,0
2020-11-26;656792,0;177181,0;106438,0;313646,0;1017498,0;63754,0;105869;175586,0;86731,0;3782;41887,0;26285,0;286676,0;4447508,0;177097,0;0,0;423209,0;7247,0;917960,0;10632;451290,0;72392,0;0,0
2020-11-27;2566109,0;297532,0;365329,0;517716,0;1180248,0;125836,0;459472;188371,0;333717,0;6125;88175,0;99561,0;898130,0;11277108,0;462894,0;0,0;1218814,0;16073,0;2022247,0;108559;1662480,0;272562,0;0,0
2020-11-30;1924173,0;1027575,0;648910,0;1742039,0;1225474,0;169847,0;248168;279363,0;170822,0;2467;227984,0;38425,0;527933,0;4625672,0;248491,0;0,0;690178,0;10064,0;2433414,0;23276;2364530,0;234998,0;0,0
2020-12-01;1312639,0;239963,0;668672,0;686667,0;1086931,0;139837,0;354097;748130,0;117188,0;5485;100203,0;95882,0;1086002,0;6468963,0;477240,0;0,0;1619131,0;2669,0;2817833,0;40134;1913420,0;134237,0;0,0
2020-12-02;1624310,0;357676,0;364844,0;816094,0;755047,0;230613,0;645785;547920,0;113889,0;8074;249618,0;71967,0;405654,0;10667538,0;529121,0;0,0;1547014,0;9765,0;2876657,0;28835;994540,0;127069,0;0,0
2020-12-03;1239749,0;287959,0;648668,0;1159777,0;622780,0;119242,0;157464;506383,0;132747,0;5404;117328,0;39312,0;131080,0;7936225,0;640840,0;0,0;715918,0;8837,0;4970097,0;89513;1155400,0;77318,0;0,0
2020-12-04;1461735,0;108036,0;838895,0;331884,0;458191,0;188878,0;341489;218711,0;147621,0;9560;49686,0;95132,0;806407,0;6695877,0;327311,0;7,0;439061,0;17371,0;2348546,0;21560;1290680,0;48554,0;0,0
2020-12-09;1807974,0;322138,0;360246,0;794827,0;681583,0;592785,0;187180;215960,0;218869,0;14630;59831,0;63348,0;1026965,0;6811928,0;380638,0;0,0;478880,0;7435,0;4243492,0;89728;2431580,0;108001,0;0,0
2020-12-10;4283469,0;422219,0;1258838,0;774349,0;427699,0;178370,0;149149;336701,0;140757,0;9132;47784,0;152764,0;1373760,0;5583809,0;368741,0;0,0;569481,0;17646,0;2306313,0;24047;3310300,0;42850,0;0,0
2020-12-11;1870888,0;116221,0;285530,0;528290,0;775729,0;37800,0;160766;170501,0;140458,0;8441;55994,0;114852,0;793638,0;5739476,0;202370,0;0,0;275722,0;26716,0;2638042,0;20243;797800,0;64636,0;0,0
2020-12-14;1258743,0;199800,0;454119,0;971052,0;581619,0;165748,0;229113;210739,0;158426,0;3846;62549,0;124620,0;275577,0;7343414,0;297501,0;0,0;365636,0;3549,0;3337598,0;52826;1192120,0;164491,0;0,0
2020-12-15;1230148,0;138709,0;2114308,0;881673,0;544898,0;192267,0;170120;215780,0;126591,0;18211;54582,0;131712,0;351917,0;9218235,0;242977,0;0,0;153738,0;7100,0;2054525,0;46311;891330,0;55500,0;0,0
2020-12-16;1613552,0;208277,0;1840968,0;623569,0;778787,0;146440,0;334187;188795,0;261923,0;13667;52124,0;135475,0;255079,0;5080273,0;126436,0;0,0;159022,0;6456,0;3437750,0;45923;1474550,0;201811,0;0,0
2020-12-17;1806952,0;343903,0;2485972,0;687861,0;428414,0;319068,0;443369;223640,0;154038,0;10543;67195,0;146274,0;714635,0;2541846,0;393420,0;0,0;410546,0;4926,0;4410009,0;3523;1163690,0;483408,0;0,0
2020-12-18;2476063,0;309458,0;1062540,0;628880,0;583198,0;266216,0;305451;422731,0;112347,0;14502;74463,0;131743,0;391419,0;5835745,0;621668,0;0,0;396329,0;8932,0;1861058,0;25678;1190630,0;285630,0;0,0
2020-12-21;2162558,0;252162,0;653355,0;684427,0;503517,0;303756,0;293536;308409,0;152064,0;13123;96791,0;104474,0;245842,0;5146882,0;315745,0;0,0;422935,0;3009,0;2878668,0;35108;1243060,0;250542,0;0,0
2020-12-22;1679773,0;202920,0;885559,0;1082744,0;637564,0;449142,0;507231;271469,0;410182,0;13186;229378,0;202039,0;613559,0;6250974,0;237813,0;0,0;295478,0;6087,0;1686496,0;13105;1817650,0;251968,0;0,0
2020-12-23;800715,0;55487,0;407771,0;572654,0;252067,0;160737,0;262577;219011,0;80311,0;5491;134112,0;208995,0;203191,0;3871973,0;27497,0;0,0;325796,0;1938,0;3015724,0;5488;365950,0;20247,0;0,0
2020-12-28;1219965,0;208621,0;853375,0;1382038,0;690922,0;501116,0;324500;246417,0;136805,0;19386;178136,0;136070,0;486529,0;2675582,0;164424,0;0,0;481280,0;4290,0;3245691,0;40491;1458280,0;149503,0;0,0
2020-12-29;1365669,0;147496,0;502848,0;327253,0;286152,0;492179,0;534390;300719,0;90980,0;7801;210796,0;65364,0;256326,0;3429442,0;1896968,0;0,0;475697,0;6165,0;1796402,0;86767;1062480,0;100649,0;0,0
2020-12-30;1491239,0;179921,0;848731,0;763456,0;733095,0;1316828,0;901276;1011900,0;297543,0;13759;264355,0;118791,0;1479820,0;3954894,0;778230,0;0,0;462398,0;4165,0;6030341,0;31208;1412990,0;166850,0;0,0
2021-01-04;1831109,0;328080,0;473031,0;850194,0;254793,0;329975,0;360879;328889,0;280978,0;7807;271022,0;83847,0;729745,0;7837474,0;407748,0;0,0;327156,0;8261,0;1846478,0;33006;1345140,0;67189,0;0,0
2021-01-05;1105104,0;655318,0;502810,0;693253,0;868761,0;302726,0;271580;430394,0;404527,0;12381;104828,0;48811,0;168737,0;4345786,0;219021,0;0,0;338683,0;6837,0;2387862,0;16375;1043630,0;103268,0;0,0
2021-01-06;1006945,0;281910,0;176296,0;894001,0;1411639,0;406101,0;330593;150796,0;396616,0;4558;103047,0;55226,0;488687,0;2636406,0;442958,0;0,0;322914,0;7204,0;1055015,0;37960;1001110,0;57177,0;0,0
2021-01-07;937975,0;212928,0;416890,0;773082,0;661149,0;238354,0;248620;608471,0;189729,0;10252;147860,0;183543,0;285886,0;3753625,0;301666,0;0,0;479219,0;4306,0;1306904,0;63509;998390,0;116246,0;0,0
2021-01-08;741000,0;124929,0;849666,0;611715,0;748525,0;158727,0;211356;468831,0;206078,0;8251;107042,0;99912,0;450888,0;6762800,0;206799,0;0,0;149430,0;5787,0;1264470,0;52860;1555250,0;45441,0;0,0
2021-01-11;1106088,0;460836,0;252198,0;739792,0;862655,0;348112,0;179008;340050,0;440505,0;3640;73112,0;352520,0;392381,0;4471125,0;261582,0;0,0;192853,0;5101,0;4926456,0;25094;649560,0;204623,0;0,0
2021-01-12;906337,0;120270,0;444600,0;463563,0;537354,0;1749333,0;257333;401842,0;244536,0;6909;45766,0;71510,0;799747,0;6883173,0;165544,0;0,0;255410,0;7591,0;3117384,0;126086;1607520,0;197916,0;0,0
2021-01-13;1071477,0;154547,0;255399,0;382646,0;518744,0;402746,0;107504;407736,0;197642,0;8084;48889,0;67318,0;149411,0;3765695,0;156657,0;45,0;341740,0;13050,0;889805,0;50186;3619000,0;103651,0;0,0
2021-01-14;1517217,0;154974,0;747835,0;261449,0;496460,0;366988,0;157165;611706,0;281505,0;10239;74834,0;45753,0;587287,0;4779865,0;154841,0;0,0;187158,0;23502,0;1083472,0;59852;3718280,0;60290,0;0,0
2021-01-15;687086,0;73216,0;360319,0;201530,0;235489,0;406760,0;218144;181174,0;140213,0;9546;35793,0;85776,0;271033,0;4251675,0;244969,0;0,0;349597,0;11498,0;1177088,0;74221;1655680,0;38778,0;0,0
2021-01-18;369374,0;45776,0;177096,0;153192,0;303979,0;235376,0;55335;307189,0;69737,0;7376;27620,0;22040,0;705243,0;2050982,0;65696,0;0,0;98836,0;2508,0;885078,0;13175;518510,0;15862,0;0,0
2021-01-19;979051,0;327684,0;582168,0;477402,0;627739,0;683692,0;207685;590678,0;136476,0;6396;62077,0;129409,0;617289,0;2330911,0;146859,0;0,0;163128,0;5518,0;4040271,0;264929;1878100,0;89454,0;0,0
2021-01-20;1476543,0;270101,0;394481,0;605929,0;578932,0;833675,0;267123;372039,0;137849,0;8514;48148,0;153519,0;824521,0;3262273,0;144292,0;0,0;245691,0;13708,0;871504,0;93971;5197670,0;135155,0;0,0
2021-01-21;1922012,0;177246,0;660941,0;660784,0;323041,0;452774,0;269864;298698,0;140523,0;17098;79557,0;84744,0;953394,0;5926751,0;478844,0;0,0;240868,0;19635,0;2294649,0;42549;7942710,0;59636,0;0,0
2021-01-22;1474267,0;168350,0;519682,0;362510,0;463778,0;172923,0;398196;318803,0;81922,0;5871;85651,0;267731,0;244375,0;3696505,0;216355,0;0,0;79678,0;4304,0;3848313,0;60355;8701780,0;64321,0;0,0
2021-01-25;964084,0;263461,0;503369,0;584285,0;377263,0;182561,0;192879;455600,0;143186,0;2286;46949,0;111976,0;762847,0;4749883,0;389020,0;0,0;190988,0;11139,0;2631204,0;19284;4396850,0;139371,0;0,0
2021-01-26;1163097,0;170662,0;665359,0;981852,0;205424,0;158774,0;239934;659933,0;219498,0;3691;58060,0;93504,0;462015,0;12395847,0;414921,0;0,0;116838,0;20961,0;1467388,0;32446;6073030,0;142312,0;0,0
2021-01-27;1052824,0;201389,0;625007,0;137714,0;297440,0;241906,0;337791;377743,0;244885,0;3069;86555,0;692866,0;401715,0;4349246,0;229734,0;8,0;117040,0;3378,0;601214,0;116630;6604950,0;252033,0;0,0
2021-01-28;808116,0;85863,0;374994,0;398537,0;213540,0;226065,0;140991;116307,0;110696,0;10188;58212,0;291813,0;119626,0;3594481,0;266273,0;0,0;215558,0;4194,0;600811,0;31670;4816770,0;81968,0;0,0
2021-01-29;1551028,0;92026,0;142306,0;239887,0;347778,0;161936,0;85620;185580,0;154825,0;8007;107542,0;158148,0;385382,0;16003952,0;201637,0;0,0;86652,0;4581,0;3173996,0;88935;3244190,0;38856,0;0,0
2021-02-01;874855,0;100059,0;343314,0;625740,0;637749,0;202181,0;77463;564320,0;84536,0;26061;22273,0;38684,0;214538,0;7195050,0;47241,0;0,0;135564,0;6678,0;1522190,0;83995;5360960,0;66519,0;0,0
2021-02-02;1310376,0;274977,0;1117838,0;200753,0;305301,0;130049,0;235173;169689,0;129881,0;10897;59690,0;46353,0;148336,0;14849881,0;169628,0;0,0;91575,0;4059,0;1724104,0;25737;5509670,0;76762,0;0,0
2021-02-03;1047763,0;115322,0;630644,0;680183,0;850812,0;339696,0;147367;309754,0;181286,0;7869;66361,0;165552,0;340809,0;21591601,0;524034,0;0,0;457741,0;6864,0;4210309,0;24582;3792890,0;153655,0;0,0
2021-02-04;1742824,0;131898,0;226664,0;556121,0;1072693,0;190383,0;263614;258624,0;119309,0;14006;47462,0;71575,0;245672,0;13462504,0;543103,0;0,0;211430,0;3137,0;762503,0;26848;2688830,0;163843,0;0,0
2021-02-05;2303000,0;171416,0;322475,0;319293,0;201775,0;157013,0;290108;135723,0;103494,0;8699;28106,0;40342,0;777407,0;9521249,0;537614,0;0,0;103541,0;21595,0;2975200,0;36003;2765790,0;93482,0;0,0
2021-02-08;3454216,0;536771,0;262443,0;288865,0;349256,0;213315,0;478820;298550,0;162845,0;16267;46358,0;47370,0;331996,0;13877087,0;860958,0;46,0;512585,0;7161,0;1960909,0;9014;3742330,0;221681,0;0,0
2021-02-09;1339388,0;265551,0;510714,0;533094,0;698553,0;210930,0;581208;514313,0;163474,0;17935;72060,0;76212,0;503933,0;11732528,0;338903,0;0,0;383642,0;2701,0;2519890,0;15115;3344920,0;215591,0;0,0
2021-02-10;699013,0;163177,0;416254,0;296964,0;256924,0;222059,0;397711;385504,0;195067,0;26928;69929,0;45560,0;120574,0;3887962,0;111792,0;0,0;105148,0;4517,0;2201334,0;18529;2620870,0;129397,0;0,0
2021-02-11;655946,0;67545,0;158502,0;379162,0;278943,0;357926,0;406528;215068,0;318855,0;11239;37362,0;15292,0;300915,0;5304598,0;142565,0;0,0;85470,0;8661,0;3207179,0;26875;2286760,0;127047,0;0,0
2021-02-12;1394580,0;129509,0;466122,0;256148,0;286089,0;175973,0;244187;191282,0;114267,0;9648;28885,0;76038,0;138720,0;3661833,0;167095,0;0,0;94637,0;11006,0;5116102,0;40830;1665790,0;233823,0;0,0
2021-02-17;1385753,0;121497,0;949403,0;343918,0;2436084,0;673112,0;947141;396811,0;268636,0;15387;110139,0;162798,0;637513,0;4854189,0;158137,0;0,0;128203,0;6558,0;8433991,0;87140;2398740,0;148208,0;0,0
2021-02-18;4825835,0;465640,0;368907,0;613840,0;612452,0;443572,0;13455144;347046,0;268260,0;16905;167068,0;110371,0;752340,0;7971679,0;293911,0;483,0;240083,0;11339,0;5019368,0;32002;4964410,0;421741,0;0,0
2021-02-19;1877733,0;394256,0;648079,0;442988,0;576751,0;376283,0;4422632;312739,0;202492,0;5110;243834,0;36848,0;248748,0;5062622,0;155597,0;0,0;52820,0;16523,0;1713646,0;30422;4331870,0;120331,0;0,0
2021-02-22;1690292,0;201968,0;513482,0;741517,0;762610,0;232143,0;2069366;150264,0;106752,0;8886;134165,0;33691,0;7344103,0;6563113,0;304472,0;0,0;90129,0;4913,0;5939139,0;52549;2873760,0;76563,0;0,0
2021-02-23;2420971,0;236366,0;185598,0;514624,0;540945,0;161005,0;2451997;117213,0;74505,0;10343;81384,0;50991,0;219110,0;2842522,0;138576,0;0,0;189310,0;7766,0;948025,0;18177;1819930,0;84616,0;0,0
2021-02-24;1451843,0;121766,0;357118,0;389180,0;483546,0;380661,0;638983;495983,0;138320,0;9705;73824,0;45937,0;106677,0;5372407,0;115652,0;0,0;191488,0;24987,0;2974195,0;6012;2088000,0;200283,0;0,0
2021-02-25;1459185,0;121646,0;424375,0;656040,0;452326,0;370498,0;1317801;318696,0;132763,0;4970;118930,0;29823,0;95240,0;3166060,0;110909,0;0,0;132635,0;4455,0;2067597,0;14480;2425410,0;65192,0;0,0
2021-02-26;2410568,0;184771,0;291738,0;277022,0;111413,0;263417,0;407214;132830,0;99748,0;7394;31801,0;19795,0;258275,0;1697366,0;49644,0;0,0;67498,0;468,0;83464593,0;30348;1041820,0;38526,0;0,0
2021-03-01;979779,0;108659,0;350132,0;493020,0;317708,0;266054,0;370077;467724,0;76552,0;8595;148520,0;30895,0;150149,0;3936618,0;120791,0;0,0;157419,0;1662,0;57134651,0;20202;1116540,0;188225,0;0,0
2021-03-02;985358,0;120261,0;454874,0;966111,0;843461,0;682437,0;225492;303690,0;154013,0;9320;93352,0;23323,0;424239,0;4289810,0;40485,0;0,0;193464,0;3792,0;5976444,0;15021;2211480,0;116186,0;0,0
2021-03-03;967769,0;100166,0;518820,0;463038,0;436054,0;855658,0;214648;302274,0;160393,0;5639;72450,0;88618,0;687813,0;3755090,0;93038,0;0,0;244911,0;7423,0;2824570,0;31728;1877070,0;81207,0;0,0
2021-03-04;1590140,0;223611,0;618160,0;374248,0;405756,0;824514,0;1001223;689408,0;310031,0;5982;55256,0;102805,0;728221,0;2185858,0;155220,0;0,0;373320,0;12310,0;6414057,0;45535;5121240,0;241694,0;0,0
2021-03-05;1998809,0;404863,0;346242,0;345646,0;350807,0;182774,0;205393;264977,0;199604,0;3584;19015,0;68648,0;255797,0;4886570,0;84466,0;200,0;267501,0;2103,0;5489560,0;13304;1339780,0;56011,0;0,0
2021-03-08;1294911,0;166794,0;368236,0;247792,0;846721,0;373913,0;348278;447041,0;142339,0;5206;21273,0;65443,0;351614,0;4396311,0;69235,0;180,0;308841,0;4365,0;1912442,0;12837;1544670,0;96957,0;0,0
2021-03-09;1144047,0;192321,0;421400,0;824719,0;897162,0;302978,0;330626;382355,0;155654,0;11089;47317,0;100067,0;835720,0;7218512,0;173088,0;0,0;373216,0;5265,0;6696815,0;39960;956390,0;178007,0;0,0
2021-03-10;1726500,0;253211,0;670922,0;1040222,0;921985,0;299468,0;321570;549746,0;372300,0;3241;101885,0;158501,0;111377,0;9747721,0;85586,0;40,0;434998,0;6135,0;3199135,0;8960;2463870,0;198895,0;0,0
2021-03-11;1554248,0;132094,0;392959,0;825489,0;730267,0;347389,0;133086;279461,0;361292,0;14692;86305,0;372204,0;240361,0;10022533,0;136250,0;0,0;274376,0;3462,0;5161251,0;21732;1245530,0;320683,0;0,0
2021-03-12;2297653,0;207782,0;602366,0;731669,0;635931,0;333264,0;152966;530702,0;146870,0;5641;29217,0;99340,0;113355,0;8155958,0;159283,0;0,0;515381,0;2800,0;3300192,0;115101;1490290,0;274640,0;0,0
2021-03-15;2599005,0;346787,0;627238,0;577337,0;729747,0;398273,0;459650;725025,0;186098,0;10087;88408,0;147378,0;561369,0;9957480,0;140611,0;0,0;568165,0;12415,0;1969758,0;156404;2277720,0;400639,0;0,0
2021-03-16;1503911,0;299116,0;568332,0;675864,0;675574,0;340211,0;659511;550826,0;169798,0;7064;39842,0;155404,0;213263,0;5006270,0;147300,0;0,0;448363,0;2249,0;4451036,0;52362;1105120,0;318644,0;0,0
2021-03-17;1354795,0;213387,0;312814,0;497078,0;1290141,0;170133,0;203367;747549,0;171399,0;5099;49230,0;85253,0;366087,0;1501775,0;91977,0;0,0;317545,0;1699,0;3507132,0;4770;1922020,0;291914,0;0,0
2021-03-18;1983651,0;175794,0;501244,0;628033,0;800856,0;91534,0;311188;725421,0;178099,0;10584;43889,0;145967,0;410096,0;3445105,0;142187,0;0,0;418058,0;1464,0;1275229,0;5118;1150920,0;362841,0;0,0
2021-03-19;887314,0;117352,0;358679,0;558322,0;413269,0;123607,0;164129;594727,0;187412,0;20118;36061,0;104233,0;537446,0;2059650,0;74302,0;0,0;654287,0;8968,0;1567339,0;4730;790490,0;55203,0;0,0
2021-03-22;1229122,0;145606,0;390760,0;923204,0;373640,0;254566,0;277358;599075,0;141293,0;11186;50392,0;170776,0;253656,0;5252844,0;40499,0;0,0;485504,0;6733,0;2565743,0;66556;891410,0;171428,0;0,0
2021-03-23;820965,0;160604,0;368924,0;1010261,0;341404,0;53225,0;160927;351538,0;60801,0;8107;83756,0;137811,0;513160,0;2916638,0;142687,0;0,0;103825,0;3470,0;3878982,0;45594;989240,0;165492,0;0,0
2021-03-25;2370705,0;804578,0;392448,0;805079,0;651863,0;172299,0;392604;559628,0;221265,0;11013;53199,0;191384,0;292462,0;2289015,0;19035,0;100,0;259085,0;6708,0;1940094,0;103620;2401130,0;276630,0;0,0
2021-03-26;1080653,0;257270,0;465872,0;602677,0;1215022,0;168329,0;127352;396138,0;228622,0;5961;55135,0;74030,0;510345,0;3833632,0;50781,0;0,0;107359,0;3262,0;5916212,0;122109;1264510,0;138378,0;0,0
2021-03-29;1148765,0;200273,0;375053,0;947475,0;643661,0;1043302,0;249398;141906,0;129320,0;7042;42115,0;54951,0;145980,0;8823103,0;80372,0;0,0;111145,0;5656,0;7311604,0;44909;599090,0;58184,0;0,0
2021-03-30;780487,0;156323,0;141546,0;619555,0;804580,0;398803,0;145260;418221,0;331929,0;2524;18577,0;16630,0;283677,0;3201220,0;99802,0;0,0;87694,0;2707,0;6445932,0;35581;647170,0;57496,0;0,0
2021-03-31;1171216,0;397506,0;571318,0;1001399,0;916285,0;499686,0;283352;1137176,0;210913,0;12617;110563,0;152745,0;722280,0;4572500,0;196126,0;0,0;147684,0;9166,0;4189494,0;17554;1826540,0;206506,0;0,0
2021-04-05;968546,0;494051,0;294721,0;519398,0;324520,0;338821,0;133489;359326,0;111089,0;10877;111224,0;87801,0;145726,0;3806500,0;74036,0;0,0;175948,0;1957,0;1706104,0;38331;740510,0;244506,0;0,0
2021-04-06;2636606,0;350432,0;486552,0;744005,0;1813463,0;400151,0;119375;468507,0;158009,0;7010;133722,0;168237,0;308155,0;13872866,0;110926,0;0,0;1228507,0;2912,0;5357734,0;54888;2491370,0;96629,0;0,0
2021-04-07;2572320,0;161406,0;335946,0;788283,0;1441998,0;252910,0;190703;211089,0;187367,0;6857;327015,0;272451,0;305999,0;7914330,0;79247,0;86,0;736515,0;366,0;1804547,0;5066;947180,0;133170,0;0,0
2021-04-08;766434,0;58039,0;223830,0;570900,0;489495,0;113615,0;101642;136916,0;341701,0;9919;59319,0;80051,0;124471,0;4004885,0;235945,0;0,0;81294,0;2276,0;1189859,0;8437;663320,0;66427,0;0,0
2021-04-09;1288678,0;140663,0;227195,0;457870,0;679177,0;1183458,0;196691;159484,0;112410,0;9710;140430,0;30202,0;197452,0;1079622,0;121117,0;0,0;64035,0;7026,0;2659359,0;44978;1478270,0;149353,0;0,0
2021-04-12;2514164,0;194092,0;408261,0;1068721,0;373381,0;1113667,0;430888;645382,0;137643,0;3165;166290,0;22809,0;292143,0;4731089,0;81070,0;4000,0;218311,0;7096,0;1580914,0;19034;1541630,0;128369,0;0,0
2021-04-13;564789,0;100730,0;344799,0;224263,0;454977,0;243126,0;217031;201145,0;138657,0;4773;66255,0;31500,0;426502,0;5649248,0;71270,0;60,0;125263,0;7273,0;3445291,0;383191;1100760,0;153433,0;0,0
2021-04-14;956273,0;84825,0;250766,0;377709,0;358592,0;144096,0;231579;296227,0;269547,0;3227;123489,0;83096,0;338099,0;4088932,0;150897,0;0,0;354465,0;11346,0;4036651,0;190902;1280710,0;107370,0;0,0
2021-04-15;2062684,0;120347,0;256733,0;346577,0;465215,0;119988,0;305734;264421,0;134781,0;2543;222605,0;108173,0;228686,0;2630685,0;57142,0;0,0;274396,0;2064,0;4290853,0;80614;540690,0;185415,0;0,0
2021-04-16;1410029,0;141063,0;605520,0;518692,0;961386,0;51374,0;436697;328640,0;152821,0;3590;101819,0;47584,0;183848,0;1533803,0;71893,0;0,0;165653,0;7751,0;4405283,0;6839;1520210,0;101896,0;0,0
2021-04-19;783686,0;166719,0;313261,0;297430,0;325022,0;152207,0;168175;594369,0;115621,0;6084;39312,0;46588,0;196225,0;3307727,0;109818,0;0,0;150887,0;3805,0;4983370,0;177111;1206530,0;119036,0;0,0
2021-04-20;1146329,0;254083,0;611407,0;638008,0;766302,0;115005,0;383010;1183863,0;887731,0;10213;166053,0;94386,0;165933,0;8772144,0;81891,0;0,0;394122,0;1623,0;9325204,0;60984;1675210,0;91107,0;0,0
2021-04-21;962123,0;248261,0;835480,0;710051,0;593960,0;83204,0;208290;1276385,0;128192,0;3008;289190,0;108126,0;220574,0;3334998,0;204701,0;0,0;1053399,0;14595,0;5103734,0;27229;954060,0;119267,0;0,0
2021-04-22;865458,0;150359,0;216908,0;1371970,0;702231,0;67307,0;167544;133779,0;277539,0;4498;53477,0;30297,0;198642,0;5383961,0;90973,0;0,0;375521,0;25826,0;10832111,0;26009;1199600,0;88629,0;0,0
2021-04-23;1154869,0;151035,0;296393,0;1487418,0;524950,0;77174,0;205492;425229,0;108713,0;5980;196715,0;35535,0;297579,0;1181906,0;51471,0;0,0;97567,0;9859,0;3414220,0;219430;894800,0;176388,0;0,0
2021-04-26;2059493,0;306795,0;301231,0;702827,0;493926,0;330875,0;230921;417726,0;125689,0;2868;185837,0;39896,0;179713,0;6353635,0;204862,0;0,0;380525,0;3283,0;1644565,0;73735;1336290,0;92817,0;0,0
2021-04-27;3431172,0;990558,0;490979,0;716166,0;441644,0;597790,0;388945;414187,0;183176,0;3546;186988,0;78849,0;831288,0;6700348,0;85529,0;0,0;384255,0;21518,0;3432119,0;248122;1459110,0;317265,0;0,0
2021-04-28;2473515,0;162644,0;449660,0;758448,0;735635,0;208231,0;317531;609592,0;135575,0;6362;334488,0;67882,0;456426,0;9479262,0;138340,0;0,0;448360,0;7023,0;6807425,0;798832;2154310,0;467298,0;0,0
2021-04-29;1070061,0;99190,0;393774,0;481961,0;252694,0;529669,0;158731;466986,0;187930,0;5740;80677,0;19912,0;573552,0;3846945,0;127722,0;0,0;358342,0;5621,0;3794600,0;372307;1749580,0;71180,0;0,0
2021-04-30;586936,0;89104,0;276194,0;540674,0;296350,0;179781,0;148680;296748,0;102959,0;6934;83331,0;38599,0;177625,0;4733082,0;52371,0;0,0;604853,0;1353,0;3832300,0;243456;1190640,0;262168,0;0,0
2021-05-03;1503399,0;379281,0;1424964,0;796211,0;356548,0;425907,0;272385;579829,0;98274,0;29559;102867,0;86872,0;102300,0;3189127,0;128951,0;0,0;404749,0;40309,0;2553200,0;152091;1180830,0;353584,0;0,0
2021-05-04;1057054,0;201105,0;631921,0;664495,0;270867,0;685223,0;422291;577413,0;236976,0;3428;90166,0;51406,0;107438,0;1975980,0;88434,0;0,0;211178,0;8131,0;7250300,0;273667;1390740,0;169514,0;0,0
2021-05-05;655209,0;62884,0;416482,0;1375685,0;537129,0;308750,0;153339;213027,0;159612,0;3100;49709,0;84736,0;129912,0;2815063,0;28206,0;0,0;126601,0;26078,0;4297100,0;79289;1103700,0;81546,0;0,0
2021-05-06;954944,0;362160,0;206008,0;1077751,0;191031,0;842876,0;173330;224946,0;153602,0;3204;73704,0;57149,0;118864,0;11070402,0;98196,0;0,0;146338,0;29552,0;7549400,0;367562;1048950,0;139238,0;0,0
2021-05-07;3250433,0;308282,0;552798,0;815626,0;679693,0;844595,0;1195277;424099,0;225601,0;11463;68939,0;34526,0;473213,0;12283814,0;50953,0;0,0;425431,0;19207,0;9440200,0;40883;2015030,0;422907,0;0,0
2021-05-10;2636615,0;570270,0;672391,0;557938,0;553658,0;678739,0;628282;598551,0;277844,0;5639;35444,0;65163,0;470151,0;8717327,0;147719,0;0,0;176858,0;12401,0;6883200,0;20566;1906050,0;390652,0;0,0
2021-05-11;1063426,0;298769,0;209404,0;554034,0;340179,0;312719,0;560750;432095,0;114495,0;3580;123402,0;24821,0;477161,0;3045238,0;199250,0;0,0;118020,0;14232,0;4067500,0;10641;1452890,0;175151,0;0,0
2021-05-12;668095,0;93168,0;134079,0;542109,0;282413,0;260124,0;321729;751480,0;90691,0;2980;218361,0;56542,0;194880,0;9331237,0;89492,0;0,0;137957,0;18507,0;2446200,0;30152;5490780,0;62739,0;0,0
2021-05-13;1318799,0;298504,0;376527,0;797129,0;390194,0;249443,0;760664;351889,0;96654,0;2901;102361,0;63878,0;163754,0;33871943,0;239929,0;0,0;288104,0;29892,0;4397400,0;8929;2984070,0;114983,0;0,0
2021-05-14;5312500,0;411981,0;526664,0;904263,0;593173,0;199362,0;1221234;378675,0;162305,0;16458;135406,0;111772,0;810764,0;20923675,0;211252,0;0,0;499304,0;40387,0;5634500,0;36519;3949080,0;586795,0;0,0
2021-05-17;3047244,0;285069,0;534679,0;1612748,0;1095279,0;709011,0;915840;480863,0;303096,0;16171;91221,0;45861,0;495686,0;17701724,0;100452,0;0,0;350742,0;23015,0;2525500,0;47400;2978470,0;414694,0;0,0
2021-05-18;3333837,0;552989,0;490104,0;541672,0;408763,0;464656,0;1099232;291067,0;234357,0;7054;239044,0;205192,0;230296,0;16868671,0;122624,0;724,0;870053,0;40038,0;4561900,0;31773;2425240,0;419944,0;0,0
2021-05-19;1392106,0;237387,0;610145,0;764184,0;495895,0;254759,0;474271;345382,0;240006,0;15436;222565,0;31791,0;1568985,0;14903143,0;91995,0;0,0;100782,0;26139,0;4080000,0;45131;1165600,0;205733,0;0,0
2021-05-20;1750859,0;152030,0;306059,0;550780,0;904160,0;457763,0;659508;286158,0;244947,0;10392;130917,0;31934,0;716656,0;13318499,0;388334,0;86,0;469152,0;48323,0;5356100,0;14528;1334240,0;390553,0;0,0
2021-05-21;1644931,0;227774,0;628733,0;559724,0;680866,0;227438,0;252241;246559,0;277038,0;3518;127038,0;16234,0;447131,0;12139514,0;368573,0;0,0;282311,0;36412,0;3052200,0;26516;1890960,0;253383,0;0,0
2021-05-26;1050268,0;121824,0;228032,0;364054,0;282792,0;163638,0;136489;614544,0;147765,0;4248;121307,0;135576,0;493981,0;12043382,0;491159,0;0,0;365608,0;42925,0;1030000,0;28695;480340,0;290150,0;0,0
2021-05-27;1590285,0;579500,0;293973,0;1220923,0;659100,0;433213,0;265815;1363619,0;266707,0;17100;1271939,0;93207,0;1020245,0;15422932,0;298758,0;0,0;1951137,0;25945,0;4398400,0;31393;788720,0;231112,0;0,0
2021-05-28;2895841,0;1024450,0;475032,0;814421,0;1539501,0;293656,0;688993;2020071,0;171395,0;6208;145969,0;73477,0;1866418,0;37756510,0;232660,0;0,0;529882,0;22116,0;8358300,0;62607;2047480,0;212316,0;0,0
2021-05-31;719670,0;128639,0;92627,0;498485,0;757872,0;235570,0;203137;564344,0;75943,0;4145;49527,0;23286,0;755608,0;14360734,0;84115,0;0,0;387128,0;45583,0;2088400,0;14709;519090,0;132057,0;0,0
2021-06-01;3649726,0;381040,0;932967,0;922260,0;977446,0;550402,0;1378312;1851335,0;238130,0;8329;112997,0;129203,0;1328178,0;29635051,0;258654,0;0,0;697883,0;34920,0;1898300,0;68866;2699430,0;203807,0;0,0
2021-06-02;3096608,0;435920,0;765303,0;1435816,0;1536421,0;506039,0;865827;826249,0;242095,0;10023;77843,0;122582,0;1199291,0;18819069,0;113139,0;200,0;742021,0;24407,0;5303200,0;57771;1775900,0;470370,0;0,0
2021-06-03;2873537,0;173963,0;415441,0;1073685,0;1460017,0;634624,0;726449;599057,0;341444,0;19187;105672,0;108696,0;936491,0;30187386,0;302203,0;0,0;715164,0;6075,0;5297400,0;154732;2072840,0;327929,0;0,0
2021-06-04;2507079,0;317011,0;1096152,0;1050731,0;1565077,0;371985,0;980968;1382028,0;346130,0;14872;278700,0;71137,0;1432755,0;15719776,0;559071,0;0,0;791410,0;10600,0;4674900,0;426665;3112290,0;318255,0;0,0
2021-06-07;3892760,0;1079348,0;747014,0;668568,0;1627185,0;987572,0;1429811;1809090,0;650369,0;25579;423187,0;117228,0;1450906,0;14203503,0;1169782,0;0,0;2396477,0;27498,0;7483600,0;703481;4492940,0;442573,0;0,0
2021-06-08;2010667,0;213009,0;229216,0;1000002,0;790420,0;841042,0;638539;663978,0;288667,0;5841;82276,0;100988,0;318693,0;9600221,0;190914,0;0,0;763396,0;14417,0;5839000,0;95031;1723430,0;209987,0;0,0
2021-06-09;1868498,0;332180,0;1647336,0;1025530,0;1033917,0;1080619,0;1365403;749807,0;217711,0;17588;133408,0;198817,0;980888,0;23255415,0;849653,0;0,0;1280175,0;20126,0;6600300,0;267770;1779400,0;266814,0;0,0
2021-06-10;2593460,0;399848,0;747479,0;1026954,0;969017,0;517147,0;866054;1850083,0;581508,0;7610;181125,0;152173,0;1015246,0;36039297,0;1074323,0;0,0;1598480,0;17221,0;5678600,0;385056;1937700,0;433137,0;0,0
2021-06-11;1232902,0;239964,0;415474,0;864362,0;1046759,0;628714,0;539579;925799,0;190788,0;9009;132422,0;54330,0;625968,0;35005065,0;609733,0;0,0;583933,0;20292,0;1947300,0;100819;1790210,0;365749,0;0,0
2021-06-14;1501781,0;293825,0;164550,0;731477,0;1204489,0;142798,0;642853;644861,0;406670,0;10176;141298,0;100193,0;799706,0;25780670,0;557458,0;0,0;661529,0;10339,0;4287600,0;179330;975620,0;133721,0;0,0
2021-06-15;2093440,0;348286,0;208289,0;788703,0;905629,0;224238,0;1524445;420367,0;130128,0;3510;58596,0;64698,0;461278,0;35109549,0;132186,0;0,0;459071,0;12161,0;1612600,0;76809;1003480,0;138087,0;0,0
2021-06-16;1850208,0;296671,0;252150,0;761378,0;844909,0;233944,0;704783;714260,0;163575,0;7509;35925,0;111826,0;160971,0;51427160,0;146274,0;0,0;659133,0;19085,0;1513800,0;133905;1256520,0;219506,0;0,0
2021-06-17;2303079,0;251203,0;366614,0;792241,0;553211,0;250692,0;700205;523716,0;97956,0;5567;208699,0;74612,0;200888,0;43338432,0;225253,0;0,0;643435,0;16636,0;2657100,0;43577;1384940,0;87908,0;0,0
2021-06-18;2820207,0;160431,0;243696,0;241821,0;482368,0;123120,0;817719;617891,0;130780,0;4371;195274,0;55061,0;510809,0;30233576,0;171454,0;0,0;437664,0;8911,0;1536000,0;76577;1260190,0;125734,0;0,0
2021-06-22;2464453,0;652509,0;377692,0;602232,0;1003527,0;234658,0;1202427;1157396,0;128331,0;4847;155730,0;83340,0;240198,0;19523795,0;207035,0;0,0;1492314,0;11028,0;1593000,0;31709;1240860,0;342583,0;0,0
2021-06-23;2161192,0;334332,0;390271,0;1214639,0;1006379,0;291288,0;511641;435676,0;187632,0;11400;333327,0;120626,0;444016,0;8405161,0;135588,0;0,0;797857,0;7407,0;1888900,0;71125;1081630,0;148100,0;0,0
2021-06-24;1346935,0;131329,0;531949,0;639137,0;913460,0;337015,0;744549;567686,0;143727,0;5132;174421,0;46043,0;376816,0;18815896,0;160830,0;0,0;654631,0;7398,0;2404300,0;23512;583090,0;96840,0;0,0
2021-06-25;2458525,0;406067,0;990096,0;1124346,0;872345,0;402845,0;1407902;719561,0;176388,0;7110;173608,0;83945,0;733152,0;19833681,0;391672,0;0,0;554339,0;18255,0;4939300,0;52304;7004720,0;371594,0;0,0
2021-06-28;2358258,0;161927,0;627573,0;504471,0;641924,0;169169,0;361826;367103,0;113269,0;3327;112410,0;67418,0;298569,0;22896695,0;198658,0;0,0;230772,0;8265,0;5226400,0;40916;2443520,0;228959,0;0,0
2021-06-29;2480399,0;288832,0;424007,0;899356,0;1057751,0;286661,0;414583;864844,0;87965,0;5258;242237,0;47638,0;899807,0;31417321,0;377764,0;0,0;486734,0;17307,0;2736900,0;10596;1998260,0;164860,0;0,0
2021-06-30;1939401,0;169176,0;506660,0;949788,0;588000,0;224016,0;224558;950958,0;98876,0;4252;37852,0;91706,0;336476,0;22871186,0;243704,0;0,0;685167,0;10491,0;3062000,0;33608;1669010,0;111525,0;0,0
2021-07-01;1278673,0;183414,0;145205,0;458703,0;256897,0;201933,0;246285;592096,0;124446,0;5049;154109,0;36473,0;287236,0;14157221,0;99514,0;0,0;209023,0;3763,0;1158300,0;37915;663280,0;78715,0;0,0
2021-07-02;1577755,0;214800,0;1617436,0;625438,0;569519,0;251023,0;180898;145602,0;17116,0;5378;134065,0;46137,0;742165,0;24530615,0;368357,0;0,0;113468,0;4917,0;1069700,0;12519;960670,0;82764,0;0,0
2021-07-05;724608,0;75098,0;155824,0;474369,0;472113,0;100990,0;61648;98862,0;73943,0;7235;28977,0;17624,0;294284,0;41976626,0;172446,0;0,0;308598,0;7560,0;898600,0;15841;425460,0;44630,0;0,0
2021-07-06;677807,0;237707,0;183004,0;572360,0;260600,0;79924,0;35584;312124,0;99439,0;1788;291301,0;31352,0;301329,0;22066468,0;165393,0;0,0;295294,0;12918,0;702500,0;13454;992290,0;60623,0;0,0
2021-07-07;1158235,0;404346,0;414712,0;634851,0;851267,0;131468,0;179484;392165,0;129568,0;2791;372707,0;50529,0;171245,0;24925641,0;287441,0;0,0;435024,0;5458,0;1998200,0;38428;1581800,0;167553,0;0,0
2021-07-08;1263780,0;178423,0;257368,0;455423,0;266166,0;108589,0;659586;221472,0;105448,0;2396;56084,0;54400,0;136889,0;13182853,0;163000,0;0,0;396588,0;3169,0;951700,0;416849;942270,0;171803,0;0,0
2021-07-12;1788651,0;232396,0;295193,0;704997,0;608591,0;115207,0;191059;150891,0;106586,0;4446;204845,0;135774,0;278261,0;4993042,0;156299,0;0,0;122267,0;8864,0;809600,0;238508;2036760,0;235112,0;0,0
2021-07-13;690144,0;77006,0;312084,0;1355199,0;148236,0;114629,0;97699;87484,0;121072,0;1164;274297,0;20127,0;425544,0;7318565,0;27081,0;0,0;105268,0;490,0;871300,0;82615;375930,0;183060,0;0,0
2021-07-14;1760349,0;163953,0;276443,0;304215,0;573669,0;132723,0;89185;268292,0;159385,0;4362;82578,0;98021,0;200839,0;10186738,0;98770,0;0,0;230667,0;2796,0;1685000,0;192073;727050,0;117046,0;0,0
2021-07-15;1177774,0;105268,0;335905,0;422716,0;419467,0;45615,0;83604;310864,0;343568,0;2109;114557,0;49318,0;106828,0;16017121,0;65363,0;0,0;270741,0;4217,0;1980500,0;106480;425210,0;76971,0;0,0
2021-07-16;671142,0;61598,0;222895,0;213824,0;260703,0;31038,0;88010;174832,0;119784,0;1631;76606,0;60915,0;79526,0;12388910,0;230692,0;0,0;262327,0;12402,0;1801100,0;44077;981080,0;74193,0;0,0
2021-07-19;1627963,0;242386,0;195833,0;396396,0;638033,0;300426,0;53964;372047,0;163368,0;3538;24871,0;37918,0;189258,0;12055243,0;105462,0;0,0;231636,0;1939,0;3577400,0;59106;1292210,0;230136,0;0,0
2021-07-20;1300074,0;276175,0;470250,0;558657,0;615098,0;152528,0;144094;457145,0;146302,0;3203;39425,0;32330,0;129035,0;9766910,0;56271,0;0,0;118917,0;2965,0;1873600,0;74537;1390480,0;116863,0;0,0
2021-07-21;1432832,0;230126,0;542688,0;758541,0;703126,0;88063,0;127046;814072,0;145769,0;4472;86852,0;77878,0;555698,0;9904218,0;220629,0;0,0;269255,0;4286,0;3643100,0;45797;1246160,0;145389,0;0,0
2021-07-22;1118352,0;132425,0;302815,0;385566,0;503949,0;267228,0;48911;384554,0;102675,0;2330;61665,0;16412,0;126437,0;5745044,0;192202,0;0,0;436162,0;8915,0;1021500,0;45364;959190,0;79720,0;0,0
2021-07-23;1020134,0;200318,0;337802,0;401665,0;278194,0;63204,0;339002;135586,0;168167,0;2393;53386,0;22168,0;819565,0;3827265,0;195124,0;0,0;744856,0;18347,0;413500,0;23349;829600,0;125705,0;0,0
2021-07-26;890756,0;86486,0;126552,0;233111,0;179477,0;73161,0;124830;281124,0;109062,0;1662;43176,0;31914,0;89341,0;5208335,0;57400,0;0,0;205076,0;3911,0;601100,0;24793;519930,0;84196,0;0,0
2021-07-27;825830,0;76363,0;181811,0;539796,0;301100,0;99578,0;59623;373268,0;114222,0;3536;30580,0;13967,0;214324,0;3544297,0;70076,0;0,0;393102,0;5510,0;3270100,0;50164;310900,0;31051,0;0,0
2021-07-28;1177305,0;119502,0;280168,0;561812,0;285079,0;189875,0;91146;528103,0;115125,0;4998;27657,0;79088,0;448237,0;4840171,0;32543,0;0,0;80024,0;11756,0;4291400,0;87230;485700,0;70897,0;0,0
2021-07-29;1543941,0;144435,0;252507,0;762608,0;481708,0;154911,0;170512;430079,0;177718,0;2464;21939,0;86006,0;687917,0;13823823,0;136776,0;0,0;337675,0;12735,0;4216800,0;153012;850310,0;211910,0;0,0
2021-07-30;4357027,0;151046,0;554177,0;592665,0;488934,0;75723,0;162881;634681,0;295174,0;4090;42667,0;130417,0;404669,0;4181067,0;63665,0;0,0;171228,0;5118,0;5588800,0;45241;720160,0;81219,0;0,0
2021-08-02;1086493,0;231601,0;540042,0;617707,0;759000,0;162264,0;161979;1002773,0;171282,0;2271;43561,0;33876,0;881120,0;9697305,0;129209,0;0,0;325199,0;3170,0;5264000,0;23979;860090,0;20609,0;0,0
2021-08-03;1367563,0;153836,0;359285,0;458311,0;458038,0;59947,0;94247;355801,0;123688,0;4864;28280,0;48050,0;343715,0;5139204,0;68025,0;0,0;126838,0;1564,0;2767600,0;72111;986120,0;76634,0;0,0
2021-08-04;923855,0;109768,0;417777,0;630780,0;326666,0;61083,0;106982;617379,0;450873,0;12062;47996,0;82356,0;634258,0;5445053,0;47757,0;0,0;79072,0;3455,0;4334800,0;12895;1008880,0;40744,0;0,0
2021-08-05;1030949,0;159929,0;483803,0;553370,0;564312,0;106746,0;126375;215085,0;726128,0;13426;28805,0;117031,0;615641,0;11141577,0;82156,0;0,0;246594,0;13971,0;2474900,0;12151;1370170,0;44780,0;0,0
2021-08-06;774074,0;64146,0;387062,0;1250300,0;780839,0;155563,0;58752;201109,0;381733,0;5234;54760,0;156101,0;717183,0;6597097,0;132570,0;0,0;98592,0;5450,0;1472600,0;33668;536170,0;83264,0;0,0
2021-08-09;408105,0;116636,0;140452,0;729074,0;674082,0;58277,0;95918;137137,0;163112,0;3848;787641,0;63928,0;1037832,0;3036329,0;29589,0;0,0;125724,0;7081,0;786900,0;18259;1352210,0;84976,0;0,0
2021-08-10;2214419,0;188573,0;518268,0;692753,0;1010261,0;86003,0;475961;447781,0;292788,0;7795;71372,0;57357,0;2406471,0;2873873,0;46917,0;0,0;297953,0;4920,0;1140400,0;35752;1847590,0;198375,0;0,0
2021-08-11;2921597,0;262270,0;653362,0;417327,0;1327561,0;135346,0;275367;273267,0;186992,0;5734;61268,0;79003,0;1841674,0;5358795,0;142342,0;0,0;723616,0;7014,0;2046400,0;44514;2880610,0;139821,0;0,0
2021-08-12;1214098,0;138889,0;347555,0;580865,0;1113971,0;258687,0;176383;377071,0;231397,0;9149;216260,0;85408,0;1137092,0;12322034,0;78039,0;0,0;281513,0;16846,0;1217100,0;13864;3036520,0;99713,0;0,0
2021-08-13;1268611,0;96711,0;669516,0;321176,0;810186,0;35842,0;75466;192351,0;232513,0;5824;79705,0;41441,0;503748,0;5755673,0;68796,0;0,0;287960,0;9812,0;1983300,0;14012;1455500,0;16221,0;0,0
2021-08-17;1010837,0;131792,0;219688,0;324218,0;462236,0;309622,0;109337;170096,0;553900,0;5782;83320,0;53602,0;252367,0;2809641,0;154017,0;0,0;237038,0;2842,0;1248400,0;41566;1492630,0;31131,0;0,0
2021-08-18;1867092,0;83052,0;206976,0;498236,0;506386,0;179933,0;110580;209958,0;552847,0;4190;54915,0;26773,0;388627,0;4378774,0;121854,0;0,0;186380,0;3944,0;1080800,0;34523;1778380,0;52768,0;0,0
2021-08-19;1504636,0;110792,0;294544,0;427302,0;305183,0;323052,0;154219;97082,0;225991,0;4320;46344,0;81407,0;253688,0;5218100,0;343010,0;0,0;421072,0;3467,0;994500,0;233247;2009790,0;84338,0;0,0
2021-08-20;1655825,0;70912,0;283731,0;661160,0;522812,0;208386,0;101076;100939,0;198745,0;4280;356800,0;68142,0;379859,0;9707766,0;88433,0;0,0;376402,0;8570,0;875500,0;98793;1698150,0;112953,0;0,0
2021-08-23;1552622,0;197503,0;263498,0;428110,0;518273,0;224222,0;223822;212865,0;129325,0;5160;59933,0;34031,0;590456,0;9928329,0;129209,0;0,0;272759,0;3636,0;1817700,0;42651;918010,0;155737,0;0,0
2021-08-24;4186445,0;432719,0;856876,0;610986,0;554612,0;286636,0;580857;573988,0;210520,0;5771;93608,0;147302,0;1169819,0;10347441,0;593337,0;0,0;988884,0;10166,0;2682600,0;43324;1990100,0;304637,0;0,0
2021-08-25;4236854,0;526751,0;383826,0;521799,0;710140,0;255379,0;441498;478725,0;229642,0;4156;241917,0;44802,0;1242868,0;10081644,0;720752,0;0,0;1170006,0;23265,0;2007200,0;48296;2117670,0;242590,0;0,0
2021-08-26;4772677,0;338250,0;477463,0;552613,0;603182,0;279720,0;1336894;509694,0;230354,0;3580;176689,0;113244,0;713012,0;10070375,0;1422624,0;0,0;911256,0;25521,0;3440500,0;32185;1705820,0;221231,0;0,0
2021-08-27;3762798,0;533896,0;1530290,0;635836,0;812490,0;249810,0;968320;449162,0;264441,0;7582;206297,0;89855,0;1398771,0;6768137,0;414835,0;0,0;1088270,0;27165,0;3810500,0;70865;2256100,0;432995,0;0,0
2021-08-30;3341128,0;466728,0;1304709,0;586730,0;849247,0;392795,0;1318101;1288344,0;302670,0;6209;467239,0;212419,0;1128565,0;17625800,0;1401964,0;0,0;1713783,0;24570,0;6444500,0;60570;2282120,0;463724,0;0,0
2021-08-31;2749782,0;493624,0;888826,0;486122,0;1417844,0;383320,0;705810;564282,0;233770,0;23810;224939,0;108456,0;656918,0;16153391,0;1375245,0;0,0;924309,0;20773,0;6224300,0;161781;2180770,0;362480,0;0,0
2021-09-01;2483771,0;269353,0;685809,0;634762,0;1637028,0;149913,0;755994;699988,0;422876,0;25539;200087,0;122166,0;3786695,0;12595646,0;637029,0;0,0;1215359,0;44493,0;3517900,0;79939;2562180,0;203709,0;0,0
2021-09-02;1795093,0;359994,0;260859,0;576969,0;513939,0;98544,0;563999;653298,0;295246,0;15217;139819,0;56735,0;855151,0;7609509,0;303987,0;0,0;682758,0;27827,0;1384600,0;78622;1165650,0;118517,0;0,0
2021-09-03;927719,0;85825,0;433625,0;610817,0;1021530,0;131562,0;590125;472396,0;217745,0;12207;111430,0;103255,0;381326,0;14558941,0;149974,0;0,0;335486,0;27857,0;1151100,0;72290;937650,0;41948,0;0,0
2021-09-06;697364,0;129237,0;240840,0;367557,0;896923,0;56679,0;89998;322285,0;52049,0;6755;56156,0;87496,0;346940,0;11924010,0;90758,0;0,0;474071,0;7727,0;762500,0;80956;375960,0;46037,0;0,0
2021-09-07;3540328,0;497583,0;1113974,0;730943,0;884028,0;305644,0;1057659;968108,0;255075,0;10779;350877,0;106821,0;1338911,0;10587139,0;330111,0;0,0;1532101,0;29311,0;2721600,0;249415;3166780,0;651405,0;0,0
2021-09-08;3288328,0;673188,0;9304301,0;628165,0;1513601,0;348900,0;873964;924994,0;567383,0;12261;334944,0;98099,0;1684428,0;10953128,0;440547,0;0,0;950894,0;5420,0;1579300,0;36060;1508230,0;204047,0;0,0
2021-09-09;2907219,0;484811,0;521111,0;480470,0;528914,0;114689,0;919374;612266,0;118928,0;7026;270645,0;81765,0;1518384,0;8693362,0;286060,0;0,0;716698,0;20925,0;2586600,0;36282;2406200,0;281190,0;0,0
2021-09-10;2186016,0;537715,0;712166,0;543934,0;571099,0;272668,0;801653;677169,0;126731,0;5334;283114,0;58070,0;885470,0;6302099,0;285769,0;0,0;830850,0;7719,0;1973500,0;74607;1562620,0;219877,0;0,0
2021-09-13;6922431,0;878189,0;1856302,0;862659,0;1476272,0;587344,0;2099037;2812642,0;230105,0;9328;204922,0;283560,0;1685618,0;14360752,0;409081,0;0,0;1646861,0;25819,0;5437100,0;99082;4903220,0;831122,0;0,0
2021-09-14;3076470,0;507639,0;641990,0;728030,0;1070937,0;309809,0;686693;1078856,0;196643,0;6974;167140,0;168920,0;841835,0;5067813,0;277513,0;11,0;1295815,0;5008,0;2390800,0;12029;1452240,0;273051,0;0,0
2021-09-15;2162508,0;257346,0;519030,0;347062,0;999480,0;231528,0;833754;935300,0;145814,0;28327;101647,0;104719,0;2247603,0;6135143,0;735396,0;0,0;1462236,0;23685,0;2784200,0;38207;1477010,0;187830,0;0,0
2021-09-16;2274459,0;290811,0;400639,0;769554,0;1049680,0;239332,0;766303;1317029,0;295282,0;20055;99580,0;137204,0;1188907,0;4471071,0;492549,0;0,0;1596511,0;25403,0;2681100,0;32440;1330160,0;131213,0;0,0
2021-09-17;1776550,0;245778,0;514365,0;281865,0;378549,0;251777,0;295162;1599199,0;193580,0;13602;98004,0;119695,0;286590,0;5707941,0;337428,0;0,0;1193946,0;3275,0;798900,0;22295;1824760,0;71096,0;0,0
2021-09-20;3848626,0;509922,0;427083,0;1179207,0;1197957,0;490457,0;605060;929066,0;240326,0;6665;239328,0;67355,0;1115951,0;11905375,0;151433,0;0,0;878239,0;7517,0;1577300,0;40722;1570340,0;359157,0;0,0
2021-09-21;1657305,0;226641,0;425879,0;659802,0;328745,0;91017,0;273044;453907,0;177168,0;6850;177373,0;70571,0;670860,0;3911839,0;118127,0;0,0;593017,0;3557,0;1990600,0;67272;1367590,0;77581,0;0,0
2021-09-22;2088367,0;243231,0;306142,0;903929,0;778594,0;385733,0;491660;1278536,0;308267,0;11770;201913,0;150608,0;523104,0;9000775,0;242616,0;0,0;821296,0;1235,0;1480400,0;36457;1363240,0;225873,0;0,0
2021-09-23;1124001,0;91589,0;264924,0;1305882,0;952604,0;260666,0;206141;2415464,0;182131,0;18518;65584,0;150563,0;604600,0;7034001,0;555790,0;180,0;524973,0;927,0;5449800,0;18270;1026150,0;66601,0;0,0
2021-09-24;833205,0;109303,0;80620,0;444609,0;207617,0;134454,0;155210;292116,0;92990,0;6977;23006,0;22589,0;234877,0;2836835,0;65970,0;385,0;171899,0;6171,0;582400,0;30402;703910,0;33444,0;0,0
2021-09-27;705550,0;99404,0;457993,0;416681,0;325946,0;113232,0;66229;267297,0;83382,0;9553;60024,0;74357,0;434407,0;7075056,0;160652,0;0,0;161485,0;9025,0;2359100,0;14905;1168960,0;114279,0;0,0
2021-09-28;594794,0;48577,0;259673,0;520227,0;435789,0;82938,0;102695;452748,0;107247,0;9166;45355,0;50964,0;168418,0;2258281,0;129562,0;0,0;158745,0;4932,0;1941500,0;55250;770720,0;39589,0;0,0
2021-09-29;825456,0;93441,0;494559,0;679174,0;394354,0;175077,0;106232;283640,0;280529,0;7065;26087,0;105509,0;327225,0;4537307,0;52187,0;12,0;170718,0;10411,0;1886800,0;75706;1157420,0;40325,0;0,0
2021-09-30;1639831,0;221072,0;300199,0;534211,0;355222,0;129752,0;391089;259712,0;616947,0;7563;65463,0;41910,0;864261,0;6921203,0;170164,0;0,0;440022,0;18866,0;4334700,0;52623;1443630,0;95486,0;0,0
2021-10-01;1066352,0;66459,0;103226,0;435001,0;599061,0;60282,0;100455;95795,0;185155,0;13721;111627,0;129744,0;363805,0;4168845,0;111720,0;0,0;138421,0;5701,0;1939300,0;220710;819490,0;42366,0;0,0
2021-10-04;725241,0;116696,0;565066,0;378324,0;926914,0;256950,0;538473;432062,0;244232,0;7895;29096,0;87467,0;1223127,0;7446802,0;64258,0;0,0;457822,0;2810,0;4711300,0;53152;1066550,0;57654,0;0,0
2021-10-05;923346,0;138932,0;353710,0;963308,0;531498,0;580094,0;306956;198262,0;299905,0;12303;57540,0;199012,0;346521,0;10662089,0;76321,0;0,0;588306,0;1930,0;4697800,0;61020;1770470,0;128421,0;0,0
2021-10-06;568010,0;27510,0;1050457,0;248323,0;161472,0;222693,0;131427;306644,0;204208,0;7237;40332,0;120861,0;355657,0;11027271,0;161109,0;0,0;157966,0;1486,0;3354700,0;43715;670220,0;36456,0;0,0
2021-10-07;652545,0;90526,0;345110,0;836350,0;232021,0;259628,0;88582;240576,0;178202,0;6043;54849,0;163933,0;394772,0;9066816,0;101320,0;1000,0;356650,0;13485,0;3593000,0;21281;882200,0;69962,0;0,0
2021-10-12;884194,0;89949,0;833314,0;842477,0;261006,0;147932,0;114647;577863,0;167895,0;12396;45237,0;148778,0;323733,0;7633481,0;323569,0;0,0;290979,0;1232,0;1919500,0;27363;2536970,0;54198,0;0,0
2021-10-13;983898,0;62668,0;490559,0;882903,0;295658,0;69280,0;142141;413235,0;158483,0;5701;36706,0;80061,0;529432,0;2442150,0;72736,0;0,0;338802,0;4146,0;1838800,0;76803;2937580,0;32878,0;0,0
2021-10-14;1961068,0;120833,0;789579,0;552214,0;1408471,0;408754,0;313995;1102114,0;215001,0;10576;81097,0;46262,0;708871,0;8317097,0;104690,0;0,0;172067,0;5603,0;1342800,0;33504;1626030,0;58978,0;0,0
2021-10-15;3098357,0;163973,0;483012,0;816866,0;1507038,0;312430,0;270738;1014586,0;168681,0;12199;103278,0;101214,0;1522880,0;9212310,0;122663,0;0,0;331021,0;4653,0;2695700,0;17193;1754170,0;134370,0;0,0
2021-10-18;2145038,0;172101,0;573933,0;906095,0;902000,0;294300,0;478324;1087555,0;215070,0;41549;140554,0;147578,0;1480923,0;7172192,0;126234,0;0,0;287510,0;4390,0;2453000,0;90237;2686950,0;84128,0;0,0
2021-10-19;1572094,0;242407,0;503093,0;1019443,0;777606,0;249100,0;314588;1604810,0;207412,0;22526;121328,0;105352,0;1241816,0;9479038,0;147462,0;0,0;240619,0;3598,0;3927300,0;57098;2597550,0;108846,0;0,0
2021-10-20;3175263,0;526666,0;1035728,0;1192563,0;2462232,0;251345,0;967432;2215045,0;206384,0;8471;231453,0;167525,0;1695975,0;17939506,0;268869,0;0,0;442827,0;9005,0;3727900,0;68326;4802070,0;275172,0;0,0
2021-10-21;1555043,0;209076,0;856030,0;861729,0;1308776,0;285513,0;399063;2802066,0;381550,0;4088;139023,0;146313,0;404176,0;7575147,0;160719,0;0,0;737061,0;9869,0;2508000,0;105260;4280960,0;192570,0;0,0
2021-10-22;1049944,0;231982,0;542719,0;460979,0;1132156,0;139293,0;440525;2101746,0;149317,0;6204;120868,0;71973,0;710393,0;5610372,0;420167,0;0,0;637868,0;9697,0;1778700,0;29502;3233260,0;60545,0;0,0
2021-10-25;1465558,0;164120,0;882129,0;1017984,0;1810278,0;168860,0;195010;2347452,0;351552,0;11450;91264,0;242762,0;664331,0;4851783,0;254637,0;0,0;581830,0;8819,0;3421700,0;120139;3007740,0;114594,0;0,0
2021-10-26;1386026,0;254073,0;702442,0;1320612,0;1354422,0;155095,0;201739;1057764,0;182893,0;10986;104590,0;187546,0;1056064,0;8135288,0;110550,0;0,0;490355,0;6099,0;1653400,0;129180;1989230,0;126793,0;0,0
2021-10-27;1711833,0;628050,0;732789,0;636325,0;713671,0;238852,0;244911;1533824,0;239903,0;8773;80588,0;231352,0;611530,0;5447324,0;142720,0;0,0;470465,0;15323,0;1506000,0;61235;1881870,0;286097,0;0,0
2021-10-28;1060853,0;223840,0;304849,0;643083,0;631296,0;92822,0;225055;630946,0;160651,0;8443;68817,0;122304,0;863992,0;4790336,0;125824,0;0,0;277659,0;6579,0;928400,0;172017;2523370,0;97116,0;0,0
2021-10-29;1793927,0;433656,0;676339,0;1204763,0;1037325,0;227938,0;272986;994126,0;276985,0;9286;222060,0;114621,0;765146,0;6044238,0;215864,0;0,0;366644,0;12652,0;6067100,0;44826;2942500,0;167215,0;0,0
2021-11-01;1154940,0;260155,0;400587,0;1400183,0;890373,0;121997,0;202049;465979,0;138023,0;6488;77865,0;46125,0;1473229,0;2770785,0;203112,0;0,0;380829,0;42198,0;1831400,0;44317;1542230,0;182207,0;0,0
2021-11-02;2106073,0;485441,0;697532,0;925466,0;1097719,0;125410,0;263352;430517,0;143239,0;5280;86581,0;40580,0;744593,0;7729135,0;105706,0;0,0;363257,0;24239,0;1833900,0;14364;2290890,0;183288,0;0,0
2021-11-03;2275649,0;277900,0;460327,0;2943658,0;1388898,0;147139,0;224485;1828754,0;174761,0;8268;63393,0;106805,0;756405,0;7193531,0;214323,0;0,0;368767,0;7846,0;1803800,0;42073;3211450,0;220983,0;0,0
2021-11-04;2498184,0;201499,0;614447,0;1717723,0;1634221,0;180217,0;121131;528718,0;254126,0;7234;55139,0;121510,0;504910,0;3695015,0;97276,0;0,0;238590,0;10429,0;872500,0;25974;2797240,0;157939,0;0,0
2021-11-05;994873,0;285728,0;2461049,0;3779717,0;3208988,0;77893,0;411098;930893,0;296000,0;34159;141053,0;161136,0;507531,0;4164973,0;139319,0;0,0;150948,0;11401,0;1368400,0;72041;2039040,0;154512,0;0,0
2021-11-08;1305521,0;273964,0;1236870,0;2315633,0;2311873,0;275868,0;285587;1573884,0;930297,0;25049;82615,0;212016,0;884319,0;19194089,0;217455,0;0,0;570894,0;8881,0;2432500,0;42198;2042960,0;206447,0;0,0
2021-11-09;1479411,0;327149,0;756377,0;1483967,0;1395361,0;109125,0;251262;1372301,0;475750,0;16537;127625,0;178918,0;948753,0;19206960,0;178945,0;0,0;922839,0;11150,0;3901400,0;78203;2806940,0;192767,0;0,0
2021-11-10;2140366,0;727382,0;723005,0;2101241,0;2135450,0;114999,0;639487;667085,0;328234,0;8401;193555,0;113380,0;453172,0;6603176,0;290993,0;0,0;1044538,0;16295,0;1103600,0;73583;4481650,0;224982,0;0,0
2021-11-11;2192252,0;518685,0;929826,0;1647604,0;1400099,0;81127,0;357413;628041,0;369332,0;14389;123037,0;109456,0;361865,0;7007200,0;186692,0;0,0;723679,0;9219,0;1786200,0;72309;4538270,0;286392,0;0,0
2021-11-12;1928307,0;461278,0;974665,0;1630767,0;1079183,0;191280,0;242250;659343,0;720517,0;13061;216017,0;146022,0;574747,0;10443308,0;313427,0;0,0;447234,0;7643,0;961900,0;43858;4885910,0;245532,0;0,0
2021-11-15;3039025,0;431531,0;833910,0;1280863,0;863803,0;119914,0;114623;1818028,0;560510,0;13096;167963,0;50086,0;795995,0;6061512,0;740957,0;0,0;600756,0;8627,0;1735100,0;49231;3168800,0;187948,0;0,0
2021-11-16;2982714,0;411953,0;397690,0;682344,0;877651,0;98176,0;464209;753331,0;264307,0;7877;76656,0;146280,0;896994,0;9209749,0;315782,0;0,0;725780,0;7736,0;2948100,0;53931;2891340,0;267250,0;0,0
2021-11-17;3114923,0;265441,0;286703,0;1085496,0;941341,0;148461,0;201407;656938,0;294473,0;6224;64416,0;107572,0;312155,0;4652384,0;142465,0;0,0;276200,0;4422,0;2182800,0;29413;3776710,0;216932,0;0,0
2021-11-18;2274237,0;236358,0;409730,0;1256182,0;1040554,0;141094,0;494445;893470,0;273683,0;12273;119401,0;78339,0;376605,0;5833846,0;194660,0;0,0;308671,0;9545,0;1420700,0;13708;2668780,0;197933,0;0,0
2021-11-19;2232363,0;143492,0;267764,0;1343099,0;1135988,0;172783,0;399829;516520,0;342266,0;16512;78211,0;46819,0;368611,0;2133377,0;93688,0;0,0;229451,0;5054,0;1302400,0;36216;2718580,0;153277,0;0,0
2021-11-23;3174266,0;198549,0;244390,0;1286075,0;770892,0;155679,0;100415;566248,0;579872,0;7623;41393,0;91572,0;643286,0;3758145,0;202318,0;0,0;127809,0;10194,0;2324900,0;43028;2777540,0;287771,0;0,0
2021-11-24;2492270,0;190240,0;221632,0;858526,0;628551,0;107115,0;88760;438930,0;325646,0;5684;101333,0;49873,0;551388,0;4695627,0;56013,0;0,0;63740,0;883,0;1236400,0;26575;3872450,0;234719,0;0,0
2021-11-25;486956,0;51010,0;97399,0;1042628,0;731997,0;22683,0;59260;144720,0;126469,0;6628;16094,0;14288,0;135508,0;3698556,0;37645,0;0,0;127067,0;7229,0;1539500,0;115957;585280,0;79149,0;0,0
2021-11-26;2911520,0;501286,0;386275,0;831994,0;408271,0;262201,0;149681;1026784,0;455816,0;5201;97447,0;199684,0;528487,0;5094686,0;116531,0;0,0;296293,0;3181,0;2437400,0;122669;8580010,0;428909,0;0,0
2021-11-29;2991446,0;391037,0;146061,0;596860,0;843162,0;46354,0;150667;224024,0;447735,0;6403;44508,0;106978,0;134730,0;5349124,0;73550,0;4,0;55814,0;10392,0;1088700,0;481328;3824150,0;213835,0;0,0
2021-11-30;1374452,0;146462,0;415983,0;747012,0;1206905,0;71203,0;72486;191989,0;277561,0;6802;76917,0;185629,0;599838,0;4563660,0;213416,0;0,0;176131,0;16347,0;2634700,0;165748;2670300,0;192827,0;0,0
2021-12-01;4128307,0;362024,0;761346,0;842579,0;913253,0;307525,0;357312;1162795,0;257780,0;9061;58809,0;305235,0;1178726,0;6557741,0;354944,0;3,0;483201,0;6265,0;2968500,0;490383;8348440,0;382007,0;0,0
2021-12-02;3889421,0;336449,0;528465,0;853939,0;1047519,0;60634,0;659627;786618,0;191677,0;6119;131746,0;59534,0;1114504,0;6539562,0;267195,0;0,0;252405,0;3051,0;6310600,0;291874;7749130,0;144539,0;0,0
2021-12-03;2129605,0;112024,0;358819,0;868128,0;676391,0;65523,0;79500;709201,0;146003,0;4650;66837,0;64252,0;919319,0;2170433,0;127250,0;0,0;168013,0;503,0;2578900,0;409390;4339360,0;213142,0;0,0
2021-12-06;1122718,0;130475,0;290331,0;333116,0;426475,0;80297,0;54706;271084,0;228295,0;11806;30950,0;70217,0;765168,0;4227192,0;331435,0;0,0;152128,0;9486,0;664000,0;186956;1956610,0;67814,0;0,0
2021-12-07;1716493,0;341864,0;451546,0;552528,0;1056567,0;58451,0;138992;844510,0;316420,0;17353;82520,0;174026,0;1370425,0;5405699,0;125223,0;0,0;160525,0;5285,0;1650300,0;60731;3781510,0;216141,0;0,0
2021-12-09;1328854,0;128757,0;258111,0;659269,0;388166,0;83274,0;69339;399008,0;494895,0;3254;39771,0;48350,0;681487,0;2976374,0;142107,0;0,0;271675,0;6945,0;1020500,0;135343;3991570,0;114415,0;0,0
2021-12-10;1245248,0;64663,0;264282,0;437157,0;254774,0;61120,0;125008;209145,0;192326,0;7578;30708,0;46861,0;300904,0;3970307,0;67330,0;0,0;135225,0;2374,0;1377000,0;41773;1823310,0;91072,0;0,0
2021-12-13;2096428,0;265240,0;355498,0;511132,0;355547,0;67080,0;690084;567050,0;269431,0;8719;36416,0;90313,0;1486685,0;2957058,0;103416,0;365,0;260638,0;21135,0;1112000,0;126072;3154800,0;47365,0;0,0
2021-12-14;2608074,0;230554,0;289288,0;287855,0;327062,0;164796,0;366725;544290,0;77836,0;3413;26897,0;49782,0;480712,0;2613830,0;52406,0;0,0;104505,0;8475,0;792200,0;38588;2276190,0;77617,0;0,0
2021-12-15;1972975,0;118459,0;285266,0;951642,0;567437,0;243326,0;136115;242548,0;121206,0;2478;52964,0;63359,0;906194,0;4840918,0;69496,0;0,0;127568,0;2625,0;1909200,0;41759;4629660,0;103089,0;0,0
2021-12-16;2349702,0;151540,0;373966,0;489656,0;414201,0;198381,0;353445;571001,0;169041,0;6079;35996,0;41569,0;553171,0;4622494,0;60945,0;0,0;283509,0;21640,0;4247800,0;51728;2014180,0;136415,0;0,0
2021-12-17;1744938,0;118507,0;291354,0;454790,0;426652,0;121805,0;420189;692736,0;109211,0;5113;48673,0;34256,0;870848,0;9499569,0;66369,0;0,0;120457,0;2820,0;4115400,0;80342;1365820,0;185765,0;0,0
2021-12-20;1301351,0;176292,0;278458,0;886689,0;887363,0;151511,0;192660;936935,0;186212,0;10055;38956,0;55519,0;491315,0;3232070,0;121608,0;0,0;166979,0;2920,0;2961200,0;29480;2544400,0;136606,0;0,0
2021-12-21;1103345,0;106012,0;569485,0;471353,0;1010992,0;74143,0;220518;301765,0;96058,0;4687;20290,0;44925,0;800625,0;3338853,0;234480,0;0,0;140339,0;6208,0;2311100,0;138055;1950660,0;103086,0;0,0
2021-12-22;975365,0;159400,0;307625,0;2326406,0;769268,0;33698,0;99957;358333,0;92481,0;4983;20662,0;44622,0;547109,0;1633322,0;190083,0;0,0;96734,0;1057,0;1815400,0;82707;1140800,0;112470,0;0,0
2021-12-23;882825,0;108240,0;187020,0;528648,0;386960,0;69920,0;93294;256365,0;173840,0;13708;25912,0;39541,0;504907,0;1731279,0;81366,0;0,0;151324,0;3066,0;1645500,0;210309;935890,0;62731,0;0,0
2021-12-27;1020207,0;131056,0;427948,0;645629,0;329037,0;388101,0;49733;163044,0;223324,0;6525;102795,0;14820,0;0,0;3403260,0;89029,0;0,0;72830,0;2805,0;2615100,0;62640;1145480,0;80220,0;0,0
2021-12-28;2123099,0;335302,0;728834,0;687038,0;1095809,0;94645,0;190314;184605,0;205134,0;9076;48443,0;71184,0;0,0;5908947,0;100703,0;0,0;302993,0;530,0;1310600,0;74004;1914680,0;122452,0;0,0
2021-12-29;2251393,0;401140,0;393274,0;1063501,0;907627,0;182620,0;177987;114718,0;213748,0;5674;20616,0;38847,0;0,0;5849852,0;235494,0;0,0;74415,0;282,0;540700,0;17132;802750,0;245250,0;0,0
2021-12-30;2108271,0;400021,0;1642963,0;822969,0;683612,0;244291,0;214769;431815,0;248293,0;9349;118669,0;99008,0;0,0;6948538,0;291400,0;0,0;130636,0;304,0;4950700,0;53112;4242610,0;160811,0;0,0
2022-01-03;1035586,0;88435,0;457787,0;380258,0;507230,0;77666,0;138434;356948,0;161154,0;9233;86630,0;60235,0;0,0;7372397,0;289960,0;0,0;256077,0;6395,0;1954500,0;19342;3450910,0;91085,0;0,0
2022-01-04;812223,0;151600,0;146070,0;409732,0;486412,0;29638,0;98791;373946,0;318107,0;7986;22705,0;63623,0;0,0;3918087,0;164605,0;0,0;49148,0;2124,0;1356800,0;20479;2139320,0;100826,0;0,0
2022-01-05;990354,0;236522,0;240365,0;272629,0;311271,0;47385,0;47432;285712,0;112331,0;8003;27019,0;28412,0;0,0;2213864,0;132845,0;0,0;45814,0;1524,0;1740800,0;10052;4151220,0;126786,0;0,0
2022-01-06;944863,0;139341,0;201836,0;450150,0;440044,0;29659,0;100849;121622,0;122602,0;5527;60811,0;21924,0;0,0;4223020,0;133610,0;0,0;77631,0;8664,0;2940000,0;17250;552780,0;52020,0;0,0
2022-01-07;632874,0;31498,0;216572,0;465253,0;190692,0;30316,0;81281;126220,0;102903,0;7747;13199,0;30752,0;0,0;1260957,0;70961,0;0,0;103148,0;2372,0;624900,0;67725;637450,0;30881,0;0,0
2022-01-10;669531,0;92327,0;308397,0;261844,0;190382,0;23764,0;58582;142190,0;175692,0;1809;26253,0;38445,0;578099,0;4203569,0;58513,0;0,0;99511,0;1222,0;736400,0;14935;1023930,0;10988,0;0,0
2022-01-11;951223,0;107050,0;233885,0;479618,0;219741,0;46413,0;76654;349837,0;159985,0;6401;30456,0;96043,0;557165,0;3152478,0;66223,0;0,0;94893,0;2294,0;1307100,0;43236;1909480,0;57161,0;0,0
2022-01-12;602670,0;62343,0;184217,0;604017,0;191952,0;47194,0;64895;270599,0;141816,0;7773;35731,0;26155,0;172942,0;2958647,0;47205,0;0,0;122789,0;1841,0;3166700,0;5963;1261710,0;61590,0;0,0
2022-01-13;792877,0;92474,0;165825,0;444588,0;367527,0;53982,0;205821;370228,0;192344,0;7811;24643,0;70094,0;144035,0;1095801,0;26369,0;0,0;55849,0;1613,0;1607600,0;14125;5872490,0;59871,0;0,0
2022-01-14;509998,0;89811,0;96594,0;488272,0;241229,0;58797,0;31657;184316,0;135997,0;6040;18867,0;18869,0;525613,0;911342,0;41218,0;0,0;88645,0;1499,0;6157400,0;42152;1149310,0;38215,0;0,0
2022-01-17;101721,0;14213,0;88355,0;246726,0;184501,0;18181,0;35404;71454,0;69067,0;9247;8171,0;7493,0;308017,0;2448102,0;45883,0;0,0;55487,0;3206,0;322900,0;12355;275140,0;8678,0;0,0
2022-01-18;1078179,0;78437,0;245183,0;452870,0;223201,0;158899,0;137601;346686,0;170736,0;8876;15983,0;90318,0;484265,0;1438120,0;30517,0;17,0;130085,0;2559,0;2796400,0;64178;2073260,0;84051,0;0,0
2022-01-19;812686,0;60777,0;166369,0;1105851,0;200917,0;107315,0;232034;289315,0;200760,0;6460;31557,0;51563,0;187486,0;4435488,0;49131,0;0,0;150958,0;1912,0;1585900,0;163616;694260,0;53548,0;0,0
2022-01-20;1181757,0;109228,0;209793,0;804982,0;202433,0;320753,0;83290;234678,0;118220,0;7184;82404,0;65235,0;86605,0;2229604,0;147362,0;0,0;79906,0;650,0;1494900,0;105812;1819770,0;59341,0;0,0
2022-01-21;649001,0;152390,0;250618,0;327834,0;172974,0;134923,0;70586;324983,0;220857,0;26253;45130,0;19105,0;219529,0;4592066,0;59911,0;0,0;337398,0;8175,0;402300,0;81262;2593410,0;29208,0;0,0
2022-01-24;1658677,0;412474,0;443653,0;764327,0;545401,0;113437,0;221323;465457,0;124995,0;11922;65031,0;63948,0;270478,0;3298438,0;275317,0;0,0;293028,0;2537,0;2635500,0;69386;2502560,0;124037,0;0,0
2022-01-25;2572639,0;261155,0;500539,0;464608,0;409628,0;140595,0;137488;244171,0;82399,0;6940;18301,0;48618,0;329397,0;3620145,0;42747,0;0,0;318310,0;1592,0;423900,0;33636;2288550,0;82874,0;0,0
2022-01-26;1787062,0;160283,0;498790,0;284355,0;244317,0;176671,0;188718;367305,0;110471,0;4964;99206,0;49361,0;473634,0;3285652,0;210155,0;0,0;307915,0;6635,0;788600,0;23128;2858740,0;95041,0;0,0
2022-01-27;857755,0;174118,0;235452,0;316148,0;180555,0;30178,0;94754;117547,0;114885,0;10910;21768,0;51216,0;121840,0;3366844,0;108770,0;0,0;195361,0;917,0;1493200,0;110864;1804140,0;47753,0;0,0
2022-01-28;3142786,0;405913,0;381918,0;396121,0;315396,0;151503,0;600164;744948,0;195057,0;12930;55012,0;95038,0;1052244,0;4785581,0;216473,0;0,0;408034,0;757,0;1222200,0;36345;3379940,0;173776,0;0,0
2022-01-31;2123823,0;707478,0;668666,0;669164,0;297559,0;108430,0;125308;915922,0;87083,0;14464;82019,0;136773,0;1314561,0;3853741,0;457593,0;0,0;811190,0;1970,0;921800,0;14586;2612150,0;82164,0;0,0
2022-02-01;1217415,0;351238,0;338582,0;646473,0;525619,0;111203,0;170561;599202,0;137054,0;15845;141017,0;163522,0;10163777,0;3267173,0;437696,0;0,0;650519,0;757,0;1227100,0;14729;2901970,0;113103,0;0,0
2022-02-02;777023,0;170963,0;189148,0;311594,0;331363,0;58933,0;179492;321802,0;193841,0;8916;72711,0;61950,0;2159327,0;1804877,0;197723,0;0,0;484279,0;491,0;2162700,0;15068;1998790,0;64737,0;0,0
2022-02-03;662468,0;182000,0;285287,0;786138,0;241200,0;99600,0;262218;423195,0;113470,0;7709;87262,0;74650,0;1092571,0;3458636,0;168964,0;0,0;706562,0;2534,0;1450800,0;22139;1382210,0;153648,0;0,0
2022-02-04;782237,0;121155,0;154589,0;281454,0;277583,0;62157,0;76531;300173,0;97798,0;3297;49895,0;93966,0;1267463,0;3552042,0;145057,0;0,0;330453,0;1941,0;2371300,0;5919;1360040,0;195941,0;0,0
2022-02-07;648685,0;83690,0;254767,0;1227714,0;441105,0;60295,0;168309;750336,0;95803,0;5708;24486,0;60976,0;8691274,0;4319947,0;89514,0;0,0;246114,0;2521,0;1634100,0;5054;791050,0;54366,0;0,0
2022-02-08;711327,0;95887,0;146286,0;511690,0;646100,0;99195,0;86186;486241,0;105004,0;3623;232998,0;78354,0;10159539,0;6140617,0;41987,0;0,0;271183,0;3398,0;1074900,0;21508;895000,0;49141,0;0,0
2022-02-09;774237,0;148795,0;99260,0;556058,0;463401,0;89199,0;159433;234189,0;92908,0;6219;20697,0;93520,0;841150,0;2628510,0;47295,0;0,0;117160,0;904,0;249300,0;23968;517570,0;116700,0;0,0
2022-02-10;554882,0;70372,0;120668,0;350621,0;458358,0;164732,0;102806;140620,0;68307,0;3953;49410,0;92198,0;2818531,0;735564,0;35831,0;0,0;73720,0;8977,0;695500,0;39409;690240,0;55503,0;0,0
2022-02-11;1701945,0;181719,0;672176,0;654656,0;439328,0;126290,0;118338;308728,0;113585,0;4266;113230,0;24318,0;700849,0;3660742,0;89652,0;0,0;196161,0;9808,0;408400,0;14310;1381140,0;82899,0;0,0
2022-02-14;2161419,0;151178,0;334386,0;393618,0;406473,0;101951,0;57999;321112,0;60100,0;8382;33514,0;31439,0;2249321,0;776411,0;140350,0;0,0;193370,0;6968,0;268900,0;77121;857090,0;34565,0;0,0
2022-02-15;842311,0;143709,0;439378,0;389131,0;214182,0;195179,0;22012;108842,0;97091,0;5698;28297,0;79637,0;2404292,0;1893708,0;69112,0;203,0;33359,0;1815,0;478200,0;188497;2190770,0;39280,0;0,0
2022-02-16;1863063,0;182990,0;204346,0;1002092,0;353851,0;74431,0;91049;278721,0;126420,0;1195;38298,0;130807,0;948382,0;6897274,0;101506,0;195,0;266883,0;4323,0;676400,0;117598;2853600,0;106896,0;0,0
2022-02-17;1043971,0;164344,0;244389,0;774957,0;283527,0;184923,0;182625;287250,0;1578627,0;5264;41686,0;72992,0;2265473,0;4167815,0;110319,0;0,0;370570,0;8008,0;784300,0;37891;2107410,0;44347,0;0,0
2022-02-18;1781911,0;274029,0;208481,0;560622,0;348291,0;63282,0;106047;461807,0;184850,0;9292;91996,0;121207,0;2812094,0;5752095,0;51565,0;0,0;842080,0;7471,0;771200,0;13866;1517420,0;139854,0;0,0
2022-02-21;475360,0;58377,0;97453,0;329358,0;274337,0;41988,0;110836;169166,0;14407,0;3011;10227,0;44663,0;348412,0;10899821,0;95144,0;0,0;592112,0;8999,0;666400,0;7563;772700,0;135240,0;0,0
2022-02-22;1797909,0;280392,0;240669,0;703976,0;323734,0;337341,0;134001;524956,0;196747,0;4027;53829,0;177736,0;1253263,0;7070428,0;739918,0;0,0;225290,0;7471,0;480400,0;47887;2339630,0;206828,0;0,0
2022-02-23;2064547,0;184177,0;758319,0;1835386,0;394487,0;125412,0;234040;1036356,0;671655,0;4097;60887,0;383999,0;1127320,0;4326597,0;302984,0;0,0;427983,0;2793,0;533900,0;114756;3057480,0;118927,0;0,0
2022-02-24;2363133,0;199209,0;501082,0;564715,0;630153,0;130919,0;284164;716836,0;472804,0;6411;79166,0;180329,0;3435946,0;3669639,0;308339,0;0,0;300213,0;9072,0;952700,0;106853;2333050,0;408584,0;0,0
2022-02-25;1613773,0;208243,0;668537,0;677741,0;495232,0;234849,0;263961;572462,0;299809,0;3045;121494,0;166401,0;3224651,0;5763647,0;113962,0;0,0;402287,0;6745,0;1117300,0;87708;1959790,0;109773,0;0,0
2022-03-02;1707644,0;170438,0;1347729,0;825755,0;671043,0;200331,0;280648;752797,0;392596,0;3998;44824,0;115730,0;302642,0;3790640,0;248187,0;0,0;251739,0;7318,0;1308300,0;254211;3455430,0;255781,0;0,0
2022-03-03;1966969,0;247263,0;818454,0;940440,0;645675,0;584027,0;346988;1166526,0;615908,0;15438;64369,0;105515,0;489224,0;7230362,0;200740,0;0,0;364303,0;10522,0;1894600,0;183472;4294750,0;241691,0;0,0
2022-03-04;3412234,0;250040,0;320824,0;1042208,0;764310,0;989688,0;130040;714569,0;578183,0;16930;55004,0;149975,0;860052,0;4362023,0;213029,0;4,0;307457,0;12406,0;989400,0;327408;2379840,0;1085905,0;0,0
2022-03-07;2540582,0;123698,0;382885,0;811499,0;1238678,0;558713,0;151194;239539,0;481572,0;12912;78618,0;107559,0;3177131,0;5497690,0;141613,0;6,0;153180,0;13940,0;4278500,0;181992;2108580,0;331442,0;0,0
2022-03-08;1264042,0;106966,0;505199,0;472738,0;553716,0;277469,0;78884;206691,0;262553,0;9481;109527,0;151490,0;656972,0;21845247,0;96050,0;0,0;95193,0;19295,0;2519700,0;146313;2942530,0;155938,0;0,0
2022-03-09;1541103,0;662304,0;339600,0;683963,0;454611,0;288784,0;127432;547615,0;533811,0;8867;61897,0;226100,0;476411,0;11062048,0;110998,0;0,0;81246,0;11533,0;1908000,0;302955;2189740,0;131408,0;0,0
2022-03-10;1638849,0;208212,0;379367,0;754482,0;447010,0;213830,0;346747;405589,0;249866,0;11230;118173,0;254359,0;2992210,0;7032682,0;66162,0;0,0;146104,0;9583,0;2979900,0;61486;2322690,0;154807,0;0,0
2022-03-11;1088307,0;317203,0;819719,0;591064,0;295321,0;134933,0;150217;548624,0;137492,0;8333;32047,0;90388,0;3114932,0;11052476,0;77152,0;0,0;172225,0;4399,0;1827600,0;174564;1165710,0;117285,0;0,0
2022-03-14;1669543,0;145139,0;974933,0;478001,0;375466,0;163941,0;176534;224473,0;187849,0;5298;62833,0;158646,0;796440,0;9965270,0;82900,0;200,0;154446,0;8602,0;645100,0;78775;3419090,0;121079,0;0,0
2022-03-15;855872,0;73630,0;768544,0;422320,0;604659,0;153814,0;59974;450607,0;95798,0;2577;19903,0;51734,0;375672,0;5783697,0;30544,0;1,0;99660,0;2379,0;1613700,0;92886;2758220,0;160010,0;0,0
2022-03-16;1444094,0;270336,0;717074,0;939638,0;551606,0;98249,0;190697;769831,0;217806,0;6479;40458,0;125523,0;743017,0;23813121,0;168554,0;0,0;158912,0;11109,0;1559900,0;160216;2591930,0;146937,0;0,0
2022-03-17;1327468,0;231176,0;739310,0;567238,0;586004,0;155456,0;82961;260174,0;89098,0;3271;30352,0;118290,0;260181,0;7351866,0;141059,0;0,0;251836,0;9767,0;1787200,0;46577;2548900,0;179468,0;0,0
2022-03-18;1370572,0;505738,0;347925,0;648862,0;384993,0;142247,0;161408;228443,0;101920,0;10482;13519,0;59168,0;577686,0;4643407,0;36329,0;0,0;160124,0;6279,0;2467000,0;131174;2021600,0;161724,0;0,0
2022-03-21;2283228,0;220456,0;607258,0;846748,0;647915,0;163331,0;273503;908116,0;56037,0;5740;28075,0;100746,0;457431,0;4137010,0;87216,0;0,0;105734,0;4910,0;1239500,0;53319;3241570,0;178455,0;0,0
2022-03-22;2089055,0;391759,0;615134,0;1396785,0;700832,0;221445,0;62565;592240,0;91829,0;4158;126631,0;100740,0;742672,0;3840582,0;61700,0;0,0;294831,0;4887,0;1157500,0;95800;2373710,0;191563,0;0,0
2022-03-23;3101645,0;337166,0;797769,0;1641790,0;1154409,0;53725,0;174537;856039,0;209690,0;12538;35089,0;84838,0;206823,0;6114880,0;69455,0;0,0;313045,0;2022,0;1172100,0;66729;3053990,0;414846,0;0,0
2022-03-25;4035666,0;425433,0;401910,0;731616,0;479560,0;420280,0;153506;561651,0;128222,0;7348;155741,0;407498,0;245949,0;3981208,0;126751,0;0,0;309283,0;2787,0;4521100,0;34221;1923280,0;175370,0;0,0
2022-03-28;669270,0;123540,0;135272,0;290566,0;440111,0;14122,0;51746;176238,0;162224,0;3302;44813,0;131478,0;151909,0;2537686,0;23067,0;0,0;64289,0;2166,0;505600,0;95739;553570,0;130092,0;0,0
2022-03-29;1039230,0;146693,0;276915,0;402870,0;413932,0;186834,0;73014;234699,0;57160,0;2189;72352,0;133802,0;609133,0;4217569,0;51558,0;0,0;153529,0;4000,0;1127700,0;51558;1060080,0;105213,0;0,0
2022-03-30;1314669,0;161851,0;180380,0;1229854,0;595618,0;110918,0;191937;680235,0;67113,0;10604;80312,0;238805,0;593870,0;3966591,0;78621,0;0,0;330572,0;2802,0;1097300,0;68542;2087200,0;122377,0;0,0
2022-03-31;1189632,0;80698,0;334697,0;713248,0;340028,0;105292,0;79063;318308,0;55757,0;7368;77642,0;96492,0;216276,0;3911233,0;59872,0;0,0;153608,0;14491,0;1107700,0;48138;1403450,0;31720,0;0,0
2022-04-01;1047394,0;153262,0;262871,0;955970,0;406015,0;200536,0;87124;247254,0;210786,0;6620;68088,0;208504,0;251772,0;4754540,0;40542,0;0,0;104274,0;13658,0;2396900,0;24069;1176560,0;84116,0;0,0
2022-04-04;835566,0;315566,0;761244,0;660442,0;420940,0;89569,0;73104;1052746,0;259918,0;8095;214483,0;117383,0;690364,0;4613414,0;177122,0;0,0;435013,0;4461,0;4669200,0;34929;5919640,0;145389,0;0,0
2022-04-05;1506772,0;235691,0;704092,0;405865,0;522191,0;92761,0;143175;269067,0;149066,0;3845;175715,0;182410,0;251734,0;7489511,0;107782,0;0,0;197473,0;10296,0;1434800,0;26471;2655780,0;117046,0;0,0
2022-04-06;1894235,0;196300,0;665364,0;388104,0;205240,0;67479,0;48941;419464,0;111799,0;3536;179213,0;104942,0;335654,0;1698890,0;230953,0;0,0;358287,0;8399,0;1931400,0;92238;1615780,0;130578,0;0,0
2022-04-07;2519528,0;234383,0;332104,0;742306,0;460322,0;37693,0;209083;289770,0;121371,0;8250;139939,0;133638,0;267995,0;2981244,0;59830,0;0,0;209823,0;3175,0;1990400,0;35239;1180200,0;124415,0;0,0
2022-04-08;1006913,0;42866,0;282976,0;408760,0;236750,0;394936,0;109945;358754,0;59028,0;4926;91096,0;168137,0;206529,0;2580765,0;142916,0;0,0;152397,0;2626,0;2025000,0;112684;1245620,0;181766,0;0,0
2022-04-11;1913776,0;108005,0;416000,0;301813,0;325807,0;207209,0;43945;273586,0;61459,0;2492;30750,0;74404,0;779534,0;1927647,0;75898,0;0,0;99522,0;4645,0;775100,0;45173;687600,0;64023,0;0,0
2022-04-12;2721605,0;84637,0;343994,0;544720,0;358448,0;74508,0;121814;665455,0;73714,0;1803;26599,0;28375,0;106936,0;8908449,0;179451,0;0,0;68061,0;3525,0;1276500,0;71929;1390380,0;243830,0;0,0
2022-04-13;1592688,0;100543,0;246160,0;378542,0;274692,0;457859,0;132210;406117,0;70384,0;1989;59065,0;75840,0;539648,0;5042816,0;102190,0;0,0;162461,0;15245,0;919700,0;42582;928120,0;110434,0;0,0
2022-04-18;979132,0;138814,0;542090,0;327093,0;391427,0;429378,0;143988;465621,0;102080,0;8589;46845,0;92915,0;351033,0;2917048,0;61851,0;0,0;105899,0;9852,0;800300,0;54883;1861750,0;146700,0;0,0
2022-04-19;668255,0;111678,0;862104,0;303094,0;280393,0;225915,0;242487;692439,0;135843,0;7340;116876,0;95518,0;942027,0;1696915,0;82974,0;0,0;235618,0;7638,0;2325400,0;46880;1155410,0;110457,0;0,0
2022-04-20;676365,0;192273,0;311991,0;434407,0;338357,0;339573,0;472257;347025,0;55861,0;4588;100458,0;135056,0;688611,0;2012400,0;80185,0;0,0;63493,0;6607,0;986100,0;94463;893950,0;337660,0;0,0
2022-04-21;722704,0;219700,0;588544,0;542047,0;367251,0;303605,0;281754;776472,0;228624,0;5454;87424,0;134736,0;550604,0;1197957,0;40966,0;0,0;274976,0;2580,0;2033100,0;186160;1221020,0;211130,0;0,0
2022-04-22;853840,0;155803,0;219659,0;388906,0;206363,0;120514,0;548336;180527,0;128031,0;1976;57153,0;78900,0;234725,0;2390103,0;132204,0;340,0;240305,0;6543,0;1571200,0;33107;1444160,0;50634,0;0,0
2022-04-25;1785890,0;200199,0;552558,0;612662,0;263169,0;205412,0;201964;371372,0;123948,0;4492;52828,0;81401,0;613155,0;7264527,0;57684,0;2500,0;254961,0;8251,0;3349800,0;28670;4516430,0;169162,0;0,0
2022-04-26;798405,0;269556,0;493411,0;566949,0;333721,0;122868,0;142027;282796,0;87995,0;2360;34768,0;71620,0;578688,0;8807335,0;90561,0;0,0;407525,0;2222,0;1658200,0;15959;2888110,0;105698,0;0,0
2022-04-27;764400,0;100769,0;407134,0;498580,0;236999,0;121963,0;77469;601919,0;95752,0;4275;62807,0;75429,0;353062,0;4432020,0;51123,0;0,0;249465,0;4763,0;1141200,0;40605;2316600,0;177567,0;0,0
2022-04-28;655767,0;157480,0;291191,0;297744,0;515107,0;140971,0;97323;340353,0;77756,0;2262;37084,0;88638,0;504095,0;2767228,0;55742,0;0,0;490867,0;1739,0;1281000,0;29220;740640,0;100928,0;0,0
2022-04-29;1191763,0;138104,0;442736,0;648184,0;513844,0;125291,0;61460;362429,0;123252,0;8416;94659,0;51943,0;352473,0;2812913,0;144797,0;15,0;294943,0;4298,0;1132100,0;15301;1226080,0;151999,0;0,0
2022-05-02;1417928,0;185534,0;433419,0;623770,0;461793,0;241684,0;169928;217879,0;79469,0;2792;65602,0;48116,0;816040,0;3445433,0;82228,0;0,0;248963,0;6076,0;502100,0;82522;1084350,0;327115,0;0,0
2022-05-03;1458001,0;177913,0;370680,0;616001,0;409815,0;390748,0;59862;118219,0;221145,0;1897;33408,0;32958,0;527000,0;3917214,0;50917,0;0,0;816003,0;3877,0;1008100,0;111211;1344430,0;201102,0;0,0
2022-05-04;725954,0;174559,0;341816,0;439258,0;314086,0;294970,0;373252;269504,0;114178,0;4954;65019,0;36184,0;352893,0;4927982,0;48666,0;0,0;291539,0;1728,0;981700,0;106584;1288500,0;235306,0;0,0
2022-05-05;2328438,0;190659,0;831553,0;814239,0;529316,0;299358,0;111250;175354,0;99690,0;2988;14373,0;83297,0;670047,0;2691184,0;94580,0;0,0;387972,0;1395,0;387200,0;472798;1724610,0;260348,0;0,0
2022-05-06;504940,0;139217,0;167817,0;426329,0;460719,0;194664,0;190488;189875,0;38812,0;9805;40144,0;49678,0;1182447,0;3035871,0;117840,0;0,0;187570,0;3561,0;483400,0;30243;637970,0;121825,0;0,0
2022-05-09;909257,0;106538,0;515425,0;611946,0;303913,0;449156,0;83930;399513,0;100860,0;3405;49179,0;63098,0;1192937,0;1877011,0;84240,0;1,0;187530,0;4709,0;1015800,0;128619;2432160,0;111441,0;0,0
2022-05-10;1154952,0;231055,0;308108,0;766838,0;865548,0;454539,0;77895;356665,0;165069,0;1645;34144,0;73531,0;379077,0;1682035,0;107211,0;0,0;194168,0;1578,0;611800,0;118216;1892610,0;188718,0;0,0
2022-05-11;1141932,0;275182,0;286877,0;250387,0;382279,0;367745,0;157599;358162,0;95659,0;2993;26720,0;66295,0;184307,0;2318114,0;109968,0;774,0;230720,0;4702,0;76627800,0;20475;1319310,0;93805,0;0,0
2022-05-12;849690,0;159718,0;282794,0;574038,0;624589,0;110607,0;100931;247851,0;100517,0;1943;31698,0;49202,0;9739232,0;5309975,0;58519,0;0,0;231771,0;4764,0;721100,0;23762;2996570,0;62938,0;0,0
2022-05-13;2675292,0;238691,0;405010,0;355857,0;1437785,0;448931,0;102765;465544,0;44070,0;4364;19977,0;82717,0;149316,0;5044887,0;48580,0;0,0;279735,0;1566,0;1433700,0;53810;2388830,0;186997,0;0,0
2022-05-16;2833476,0;172190,0;284936,0;455513,0;818507,0;431132,0;230644;446159,0;139050,0;1422;22501,0;74089,0;270345,0;4969568,0;39511,0;0,0;269419,0;3222,0;958100,0;40616;2630980,0;211782,0;0,0
2022-05-17;2018090,0;277714,0;333567,0;383938,0;817236,0;162084,0;225015;259922,0;210376,0;2161;31668,0;117750,0;9948287,0;2480346,0;108643,0;0,0;270291,0;2187,0;656600,0;22829;1577410,0;93431,0;0,0
2022-05-19;861436,0;150286,0;262872,0;518981,0;624085,0;129223,0;243995;357380,0;56580,0;2828;85105,0;86998,0;174533,0;1576084,0;70909,0;0,0;176341,0;1102,0;1135600,0;11661;969100,0;77125,0;0,0
2022-05-20;1231178,0;106941,0;148836,0;384666,0;373782,0;135198,0;105227;84580,0;45412,0;19480;38060,0;57010,0;341471,0;1244260,0;48726,0;0,0;78117,0;8108,0;28133800,0;91672;911510,0;91433,0;0,0
2022-05-23;1466872,0;143785,0;222984,0;281816,0;625590,0;77800,0;268265;109646,0;59546,0;5257;116955,0;82165,0;208392,0;2592624,0;234158,0;0,0;138361,0;8447,0;2851000,0;139442;1455810,0;106134,0;0,0
2022-05-24;1334813,0;180014,0;383543,0;435843,0;366809,0;297199,0;80951;83814,0;48976,0;2006;26029,0;21571,0;288879,0;3991855,0;80139,0;0,0;147582,0;5072,0;1424000,0;102662;1092660,0;203306,0;0,0
2022-05-26;1228967,0;191712,0;932221,0;1066746,0;471487,0;351621,0;145600;370603,0;89446,0;4920;72190,0;173593,0;282481,0;5416177,0;160742,0;0,0;709590,0;13008,0;2721100,0;98182;2082980,0;131581,0;0,0
2022-05-27;1035649,0;135577,0;342834,0;341402,0;273300,0;226879,0;61108;231931,0;64135,0;4830;105820,0;48507,0;1310325,0;2507836,0;92505,0;0,0;321283,0;2240,0;2885000,0;96620;1467960,0;86248,0;0,0
2022-05-30;359876,0;54410,0;115084,0;172401,0;270070,0;108787,0;26686;69785,0;25758,0;2551;4638,0;11527,0;33139,0;4043790,0;15329,0;0,0;77958,0;2701,0;526000,0;49528;347400,0;130374,0;0,0
2022-05-31;2077178,0;189775,0;341472,0;949745,0;816788,0;464508,0;179731;475020,0;92189,0;16948;31095,0;68091,0;196418,0;4491620,0;201476,0;0,0;220793,0;8406,0;2843000,0;231424;798780,0;456361,0;0,0
2022-06-01;1475178,0;146249,0;128667,0;577204,0;541551,0;214305,0;33067;257657,0;20488,0;4803;17003,0;23857,0;608845,0;2973017,0;87301,0;0,0;170095,0;1534,0;2567200,0;141675;1658710,0;171369,0;0,0
2022-06-02;810764,0;135447,0;216904,0;354396,0;808494,0;83228,0;99654;425521,0;84702,0;2712;30924,0;51257,0;153038,0;3999472,0;53674,0;0,0;333598,0;4455,0;1948200,0;280633;1721300,0;272372,0;0,0
2022-06-03;420249,0;64507,0;157679,0;552189,0;224421,0;41118,0;19741;312539,0;25527,0;4013;639559,0;44629,0;183383,0;3545396,0;81563,0;0,0;1323445,0;1116,0;2441300,0;167022;2337900,0;84882,0;0,0
2022-06-06;1222484,0;167266,0;541513,0;735403,0;750979,0;235013,0;108216;433313,0;58419,0;1709;90152,0;132800,0;959394,0;5111352,0;129046,0;20,0;570223,0;2596,0;1607200,0;157957;2102570,0;201954,0;0,0
2022-06-07;1171439,0;38724,0;252520,0;537660,0;587044,0;94723,0;266658;168345,0;52954,0;969;31679,0;35973,0;300091,0;1313081,0;112652,0;0,0;241268,0;11837,0;775900,0;149341;767080,0;163194,0;0,0
2022-06-08;3071001,0;456011,0;166214,0;524141,0;658755,0;226554,0;139924;200846,0;169831,0;2716;230394,0;37666,0;214333,0;3071245,0;40568,0;0,0;743546,0;1069,0;1145300,0;188474;1563740,0;332519,0;0,0
2022-06-09;2355264,0;244577,0;209002,0;422939,0;635213,0;550689,0;162306;522007,0;233029,0;1735;44983,0;34368,0;610768,0;5467531,0;84575,0;0,0;619066,0;2500,0;780500,0;215835;1343060,0;452596,0;0,0
2022-06-10;2284459,0;319867,0;422829,0;494033,0;530491,0;1102517,0;601936;483193,0;174725,0;3067;94680,0;41476,0;126428,0;905364,0;336758,0;0,0;384225,0;241,0;754600,0;201573;995690,0;331069,0;0,0
2022-06-13;1739703,0;152722,0;359905,0;312681,0;962295,0;490329,0;158741;706645,0;113712,0;2510;72850,0;18038,0;311673,0;7968696,0;40596,0;0,0;242791,0;5317,0;1096100,0;269842;2483120,0;267324,0;0,0
2022-06-14;1798799,0;169093,0;172005,0;932883,0;840233,0;165581,0;619485;559401,0;82449,0;3171;13315,0;49698,0;65784,0;14259745,0;101498,0;0,0;192431,0;1698,0;1416400,0;187915;876750,0;132674,0;0,0
2022-06-15;1895802,0;103170,0;501470,0;350226,0;521261,0;180909,0;196688;459523,0;161007,0;3859;31748,0;53863,0;179228,0;6085852,0;222246,0;0,0;276751,0;3357,0;2299200,0;181705;1701260,0;333910,0;0,0
2022-06-16;1896882,0;226938,0;215259,0;615172,0;2443393,0;139491,0;461329;488867,0;68193,0;2986;88523,0;35338,0;199540,0;9615339,0;51810,0;0,0;124314,0;16436,0;1289500,0;315767;2073770,0;349489,0;0,0
2022-06-21;977564,0;156594,0;328155,0;1074462,0;548466,0;206139,0;544189;106004,0;133196,0;2781;61560,0;86025,0;1572880,0;11354795,0;61315,0;0,0;96465,0;6344,0;720800,0;210682;2197750,0;153269,0;0,0
2022-06-22;1826038,0;179637,0;250076,0;842480,0;1072187,0;346075,0;511165;285669,0;64603,0;1380;23481,0;38660,0;409616,0;11868313,0;32928,0;0,0;144447,0;5014,0;1608800,0;220404;1824950,0;116969,0;0,0
2022-06-23;1667996,0;176940,0;245562,0;891392,0;711972,0;414341,0;172272;409088,0;116526,0;6908;22809,0;96538,0;538627,0;8403821,0;141975,0;0,0;156218,0;931,0;4384800,0;158193;8965890,0;94373,0;0,0
2022-06-24;1395898,0;82285,0;454431,0;389515,0;1186682,0;328459,0;191277;298693,0;250471,0;6265;28129,0;100001,0;336254,0;6547046,0;41485,0;0,0;184198,0;1462,0;2485900,0;183814;5279770,0;78964,0;0,0
2022-06-27;1736802,0;235370,0;735951,0;520087,0;795267,0;455289,0;197310;286495,0;243309,0;4109;22349,0;59231,0;298120,0;6370501,0;125455,0;0,0;453443,0;1597,0;949400,0;186358;2784980,0;100405,0;0,0
2022-06-28;2406932,0;460317,0;472311,0;434611,0;1040893,0;148622,0;259093;444694,0;152530,0;4176;40753,0;149496,0;1555097,0;3806130,0;166101,0;0,0;274661,0;15164,0;1632300,0;200917;4014660,0;71606,0;0,0
2022-06-29;636354,0;233782,0;211862,0;560234,0;908868,0;134592,0;394375;290142,0;123224,0;3432;26364,0;94587,0;430578,0;1818675,0;59394,0;0,0;106749,0;5217,0;1391900,0;146673;1470170,0;97291,0;0,0
2022-06-30;1370767,0;398810,0;422008,0;833382,0;572527,0;349311,0;386421;321904,0;138285,0;2696;40998,0;35943,0;426894,0;4414407,0;149890,0;0,0;354146,0;3679,0;2719000,0;179907;1101020,0;150095,0;0,0
2022-07-01;1009070,0;148254,0;422025,0;280817,0;622212,0;221165,0;250789;107366,0;48356,0;3928;111850,0;42254,0;231912,0;6971558,0;122713,0;0,0;247037,0;11582,0;1546000,0;156612;1007260,0;115021,0;0,0
2022-07-04;945611,0;115744,0;449458,0;739222,0;961317,0;275257,0;320887;187189,0;121873,0;3906;61888,0;23853,0;727399,0;9128546,0;101990,0;0,0;481210,0;9820,0;1874300,0;52887;1270520,0;284719,0;0,0
2022-07-05;2105572,0;454522,0;590023,0;430994,0;932163,0;429106,0;306138;867566,0;189377,0;4129;62143,0;78517,0;468884,0;7743362,0;127442,0;0,0;296549,0;13459,0;552500,0;252511;1823300,0;610532,0;0,0
2022-07-06;1241608,0;225923,0;778631,0;399566,0;786367,0;339990,0;152593;499239,0;162400,0;4597;55215,0;42223,0;693082,0;13069568,0;253002,0;0,0;347550,0;5654,0;2950300,0;228296;4565000,0;170331,0;0,0
2022-07-07;2494518,0;339075,0;745780,0;1240866,0;837417,0;400980,0;375314;572942,0;191086,0;8255;208974,0;93694,0;2658596,0;13822827,0;278243,0;0,0;650048,0;11539,0;3242640,0;180878;3830160,0;837921,0;0,0
2022-07-08;2217369,0;324663,0;512564,0;2050492,0;1945091,0;188273,0;329084;705043,0;385177,0;7414;174835,0;263368,0;560308,0;12916118,0;304524,0;0,0;419588,0;21935,0;6643130,0;233855;2511570,0;481621,0;0,0
2022-07-11;831094,0;95692,0;439318,0;817416,0;848156,0;123124,0;86196;278927,0;355653,0;2712;81046,0;70440,0;281357,0;7568311,0;123155,0;0,0;307474,0;8137,0;2318750,0;188078;1706020,0;166315,0;0,0
2022-07-12;2127819,0;250988,0;578626,0;587057,0;808105,0;159179,0;75502;177158,0;117766,0;5208;126774,0;117282,0;198161,0;3829825,0;97564,0;0,0;618090,0;6297,0;1478540,0;117655;2615620,0;144654,0;0,0
2022-07-13;1622512,0;111054,0;189403,0;592530,0;592192,0;157893,0;90218;231036,0;86379,0;2655;39039,0;101612,0;768965,0;5049048,0;53083,0;0,0;553453,0;5877,0;1687710,0;176707;1287690,0;105261,0;0,0
2022-07-14;807067,0;115443,0;417392,0;439605,0;621480,0;210995,0;48782;253250,0;62821,0;1237;147115,0;79904,0;222586,0;5700308,0;92308,0;0,0;135971,0;2089,0;932470,0;154173;1640180,0;79508,0;0,0
2022-07-15;827528,0;296448,0;408365,0;332349,0;396225,0;81084,0;90017;275224,0;276905,0;5713;22467,0;54110,0;178304,0;3437989,0;279168,0;93,0;161275,0;1650,0;1235410,0;139447;1662480,0;50956,0;0,0
2022-07-18;929353,0;134968,0;252602,0;448223,0;334422,0;96106,0;218623;151756,0;169545,0;2215;61024,0;68214,0;359337,0;8107966,0;267986,0;0,0;291111,0;23960,0;1417290,0;124254;1367840,0;229107,0;0,0
2022-07-19;844566,0;126879,0;328450,0;824339,0;764982,0;228827,0;69437;181664,0;92641,0;1675;105309,0;93814,0;600844,0;6664533,0;323081,0;0,0;259638,0;15198,0;1682580,0;187790;906400,0;192341,0;0,0
2022-07-20;2648143,0;216602,0;431858,0;835720,0;841359,0;206395,0;164905;589911,0;139987,0;3308;146070,0;159070,0;733380,0;5773735,0;235434,0;0,0;378678,0;29172,0;843680,0;127441;1498030,0;176216,0;0,0
2022-07-21;1827159,0;345018,0;522593,0;1329596,0;1280007,0;433564,0;285534;495705,0;168809,0;7186;77585,0;102454,0;496416,0;11343869,0;280752,0;0,0;504076,0;80599,0;1316770,0;208981;4589860,0;206760,0;0,0
2022-07-22;3618311,0;913017,0;600567,0;1412946,0;973579,0;421915,0;1662332;309790,0;508904,0;5525;163798,0;150135,0;556473,0;4367405,0;125067,0;0,0;698061,0;13462,0;1835740,0;278555;2812500,0;252106,0;0,0
2022-07-25;2590162,0;346483,0;495621,0;658515,0;1008512,0;1118435,0;913635;615400,0;221610,0;13849;82412,0;76017,0;594712,0;6290694,0;130157,0;0,0;593579,0;12019,0;1012570,0;427239;2954300,0;131986,0;0,0
2022-07-26;1988558,0;297621,0;225994,0;655498,0;1089173,0;1073001,0;716103;379786,0;292673,0;5530;39211,0;72460,0;765338,0;5897694,0;125474,0;1,0;613966,0;5926,0;2158430,0;204622;2393420,0;144700,0;0,0
2022-07-27;2759436,0;566588,0;508435,0;780476,0;957098,0;1138813,0;452513;889023,0;136416,0;6942;199847,0;219705,0;526798,0;10279869,0;218933,0;0,0;1827307,0;6173,0;3005950,0;525650;3104130,0;288181,0;0,0
2022-07-28;4644094,0;525172,0;830113,0;864489,0;1156224,0;847986,0;308244;715406,0;282970,0;8090;319425,0;214293,0;270284,0;5567656,0;788177,0;0,0;846511,0;3690,0;2407370,0;295983;3920190,0;254546,0;0,0
2022-07-29;2940438,0;446826,0;880442,0;565581,0;937784,0;800400,0;321503;393918,0;249111,0;5522;227664,0;198837,0;846490,0;6009272,0;696161,0;0,0;398420,0;5377,0;2965950,0;190938;3294790,0;485791,0;0,0
2022-08-01;1848991,0;163239,0;579197,0;886930,0;738128,0;575660,0;254248;592913,0;87783,0;4626;248078,0;208726,0;541394,0;4816862,0;949824,0;0,0;697243,0;4705,0;2072950,0;157726;2923690,0;112017,0;0,0
2022-08-02;2656873,0;165327,0;576563,0;782491,0;524363,0;1026456,0;297857;564599,0;108368,0;5042;56653,0;121424,0;1046135,0;6901893,0;376763,0;0,0;297119,0;5032,0;2679030,0;188368;1429700,0;214350,0;0,0
2022-08-03;1363536,0;163057,0;278253,0;575795,0;477113,0;545382,0;152195;256272,0;77670,0;3614;71845,0;109536,0;479465,0;3334872,0;317915,0;0,0;481792,0;2981,0;1658430,0;166923;1129270,0;159832,0;0,0
2022-08-04;2377323,0;101621,0;417356,0;549292,0;969392,0;459524,0;196372;361120,0;102275,0;1632;77330,0;164430,0;1004713,0;6842641,0;598123,0;0,0;543869,0;5678,0;2328670,0;111847;1346340,0;276195,0;0,0
2022-08-05;1111195,0;270765,0;282505,0;603880,0;392522,0;615875,0;730998;974678,0;192423,0;3604;90450,0;159855,0;393879,0;4458678,0;293832,0;0,0;1285232,0;2978,0;2348610,0;265815;2292950,0;73410,0;0,0
2022-08-08;1161617,0;236831,0;322906,0;730474,0;534489,0;539257,0;302211;703855,0;45074,0;5780;70568,0;132192,0;656554,0;4163647,0;665218,0;284,0;688247,0;7006,0;991560,0;157923;2629140,0;114705,0;0,0
2022-08-09;779838,0;233091,0;174255,0;355587,0;769410,0;483451,0;139309;293147,0;58429,0;2437;78259,0;72149,0;439700,0;788938,0;355284,0;0,0;295227,0;13799,0;942500,0;253684;976560,0;72304,0;0,0
2022-08-10;670888,0;305419,0;540195,0;739815,0;855771,0;409646,0;852174;342869,0;125064,0;10822;61553,0;107942,0;756882,0;6918523,0;63680,0;4467,0;497785,0;9442,0;1343260,0;74276;2033470,0;24158,0;0,0
2022-08-11;1402952,0;148366,0;322513,0;397845,0;436863,0;335731,0;245370;324959,0;526486,0;8141;74915,0;104745,0;376464,0;2267088,0;86997,0;0,0;237700,0;5520,0;915300,0;162975;2386720,0;178763,0;0,0
2022-08-12;1976204,0;154087,0;545812,0;304372,0;783300,0;440382,0;190386;312884,0;105507,0;3282;50270,0;148346,0;361389,0;3969883,0;496816,0;0,0;238584,0;21275,0;760180,0;110577;3549710,0;183078,0;0,0
2022-08-16;2118395,0;136071,0;538222,0;760660,0;317898,0;295457,0;590033;673631,0;118808,0;2808;117430,0;234262,0;1224363,0;6298495,0;1134509,0;0,0;314844,0;4556,0;2809420,0;116472;3584330,0;154566,0;0,0
2022-08-17;2295390,0;222096,0;362651,0;825754,0;638447,0;188875,0;382113;391002,0;226247,0;2972;102641,0;97087,0;510808,0;6338944,0;90756,0;0,0;156032,0;12750,0;677510,0;175165;3085530,0;118747,0;0,0
2022-08-18;2609331,0;207978,0;761633,0;517266,0;999991,0;235680,0;1091710;288344,0;131759,0;1960;86889,0;137332,0;312592,0;9511336,0;196048,0;0,0;449965,0;15285,0;1241380,0;232322;4758670,0;200498,0;0,0
2022-08-19;1724288,0;142448,0;452671,0;865604,0;1093049,0;333495,0;247314;206308,0;159119,0;2374;23023,0;252629,0;401144,0;13801124,0;153537,0;0,0;286448,0;11511,0;1772430,0;263526;2315140,0;155986,0;0,0
2022-08-22;1364936,0;221165,0;150441,0;901336,0;845107,0;224100,0;77802;477176,0;111583,0;3614;135523,0;143586,0;489572,0;7690412,0;87673,0;0,0;126302,0;12618,0;2270840,0;315244;1488460,0;217524,0;0,0
2022-08-23;1587610,0;189797,0;553045,0;487087,0;626599,0;215399,0;433179;325536,0;277685,0;6202;114686,0;129105,0;201299,0;6757461,0;163657,0;0,0;172397,0;5569,0;2297040,0;209909;7269600,0;207742,0;0,0
2022-08-24;2177191,0;412586,0;421408,0;563280,0;744066,0;386402,0;401004;540784,0;196221,0;13199;204825,0;98178,0;243038,0;8475647,0;122572,0;0,0;766205,0;1935,0;3452410,0;127528;4515160,0;398159,0;0,0
2022-08-25;1310857,0;532004,0;517675,0;909585,0;863637,0;640676,0;225778;944844,0;74037,0;6773;360814,0;118051,0;732760,0;9781911,0;290559,0;0,0;322246,0;14270,0;3751960,0;153073;3746820,0;136800,0;0,0
2022-08-26;1787700,0;216614,0;452163,0;684944,0;737747,0;454649,0;158017;801717,0;200366,0;2001;307571,0;156226,0;209944,0;3834238,0;167562,0;0,0;316674,0;18485,0;3259830,0;186608;3555120,0;83723,0;0,0
2022-08-29;1638767,0;656933,0;820244,0;338553,0;711595,0;266383,0;264047;520212,0;70697,0;8659;218046,0;199373,0;109485,0;8450092,0;260605,0;0,0;256120,0;16150,0;1686720,0;236815;3717990,0;207567,0;0,0
2022-08-30;1465575,0;244108,0;420328,0;470226,0;857316,0;258761,0;519806;690353,0;160306,0;3181;127644,0;396986,0;498092,0;6978430,0;111332,0;0,0;346367,0;10357,0;1420490,0;178137;4094270,0;133564,0;0,0
2022-08-31;1283459,0;266818,0;548647,0;631129,0;659048,0;217383,0;283864;340707,0;128655,0;5609;268855,0;132633,0;233043,0;6204849,0;295073,0;0,0;342792,0;11628,0;1300560,0;163567;3148700,0;132262,0;0,0
2022-09-01;958183,0;84619,0;313978,0;652142,0;705852,0;218774,0;112882;278335,0;178585,0;4295;116180,0;192856,0;93236,0;3779012,0;370463,0;0,0;229972,0;3563,0;854840,0;142041;1924060,0;70287,0;0,0
2022-09-05;368417,0;43678,0;109292,0;456317,0;478063,0;186406,0;242660;98282,0;50560,0;4452;52512,0;67416,0;786734,0;3020129,0;78404,0;0,0;181811,0;6965,0;1868010,0;16655;1170450,0;112652,0;0,0
2022-09-06;920978,0;99160,0;264000,0;490824,0;384873,0;481765,0;365599;298607,0;78381,0;7511;153459,0;176388,0;108699,0;2920612,0;55207,0;0,0;47211,0;3252,0;1178390,0;233188;2404700,0;141804,0;0,0
2022-09-07;2068628,0;426082,0;503998,0;706064,0;678873,0;225072,0;778996;596016,0;86840,0;7041;141335,0;254722,0;967135,0;7081215,0;226233,0;0,0;446899,0;7998,0;2400970,0;356381;6855080,0;191821,0;0,0
2022-09-08;1121380,0;197134,0;262563,0;661336,0;1148826,0;124004,0;144616;377036,0;85535,0;4117;194397,0;287306,0;908740,0;5115006,0;62452,0;0,0;281716,0;3705,0;2042620,0;338155;10063880,0;139662,0;0,0
2022-09-09;2027618,0;202864,0;410699,0;506585,0;810122,0;247464,0;162019;312431,0;68140,0;4358;126625,0;111207,0;198788,0;4576432,0;246188,0;0,0;204130,0;8389,0;1982100,0;319119;4220320,0;99023,0;0,0
2022-09-12;1268609,0;232391,0;470799,0;323797,0;419418,0;125603,0;183742;421630,0;63399,0;3570;109335,0;262143,0;201943,0;2648879,0;184709,0;0,0;343106,0;5273,0;2018010,0;189836;4597900,0;199177,0;0,0
2022-09-13;832014,0;98758,0;393152,0;465460,0;420071,0;196329,0;215324;686097,0;109999,0;4795;103559,0;169506,0;282630,0;3160501,0;32585,0;0,0;152543,0;1873,0;1440230,0;184957;4946920,0;80563,0;0,0
2022-09-14;922809,0;252011,0;374308,0;385144,0;634831,0;75213,0;95600;586763,0;216904,0;6138;29975,0;240556,0;256964,0;3799056,0;167533,0;0,0;236857,0;6261,0;1805670,0;430391;3636360,0;94631,0;0,0
2022-09-15;989394,0;153390,0;299117,0;899632,0;636116,0;202180,0;216822;547057,0;81039,0;2787;115747,0;153623,0;1640287,0;4898422,0;125831,0;0,0;435659,0;6898,0;4019020,0;262130;4903160,0;47664,0;0,0
2022-09-16;456196,0;93826,0;224710,0;540219,0;631889,0;149290,0;86759;484474,0;33484,0;2895;116111,0;187524,0;755273,0;4120278,0;120951,0;0,0;507496,0;3470,0;2237580,0;103102;4726150,0;49216,0;0,0
2022-09-19;1088215,0;166334,0;713528,0;1337309,0;750780,0;384252,0;187726;311494,0;125395,0;14010;215026,0;139397,0;871084,0;6634711,0;80040,0;0,0;211978,0;6613,0;2860040,0;609553;4949300,0;201958,0;0,0
2022-09-20;876998,0;125945,0;349562,0;787764,0;564249,0;94124,0;95936;372949,0;197671,0;2829;128836,0;99694,0;666797,0;4430236,0;62096,0;0,0;166813,0;5541,0;1664590,0;37850;2595660,0;635504,0;0,0
2022-09-21;905004,0;146561,0;289168,0;561002,0;363253,0;59853,0;212524;471197,0;132341,0;1182;102289,0;327085,0;579024,0;3551636,0;83654,0;0,0;149797,0;3729,0;1106210,0;184237;5105830,0;420198,0;0,0
2022-09-22;391639,0;87141,0;304624,0;537100,0;655308,0;86921,0;228797;176513,0;72902,0;6050;116526,0;68170,0;197234,0;3452581,0;51688,0;0,0;105339,0;1553,0;1841880,0;53666;1929780,0;300024,0;0,0
2022-09-23;784986,0;87080,0;778853,0;578382,0;744398,0;176173,0;461122;369870,0;185429,0;2626;178247,0;169529,0;172052,0;3733529,0;62643,0;0,0;169570,0;2630,0;3005710,0;197221;4994910,0;878097,0;0,0
2022-09-26;1431475,0;120194,0;606681,0;449917,0;681415,0;113577,0;158038;354398,0;189281,0;10488;184331,0;111154,0;489785,0;6737437,0;553750,0;0,0;222993,0;875,0;2791350,0;173881;2975910,0;669948,0;0,0
2022-09-27;3410086,0;142499,0;380059,0;474219,0;683297,0;340407,0;146125;308545,0;58477,0;2088;45575,0;111274,0;234246,0;12454872,0;287075,0;0,0;178254,0;887,0;1766400,0;53553;2055920,0;146463,0;0,0
2022-09-28;1887194,0;198797,0;547690,0;272063,0;296429,0;89889,0;148498;254481,0;64497,0;7865;34473,0;68549,0;215587,0;6471824,0;438728,0;898,0;92882,0;3790,0;1446680,0;67399;2573700,0;296782,0;0,0
2022-09-29;2307487,0;205583,0;563476,0;357031,0;304363,0;84894,0;252164;445623,0;81773,0;12689;35707,0;144318,0;199729,0;4604080,0;261411,0;0,0;178531,0;2774,0;1446680,0;18587;1463600,0;405742,0;0,0
2022-09-30;1808937,0;92374,0;392714,0;252756,0;399902,0;162378,0;77445;543518,0;70637,0;4051;18466,0;44565,0;103788,0;3589946,0;285692,0;0,0;107400,0;3772,0;1061690,0;115007;1290550,0;50894,0;0,0
2022-10-03;2182141,0;184512,0;608315,0;589083,0;554334,0;194729,0;182642;242453,0;117809,0;6365;39298,0;87844,0;215721,0;9537484,0;937009,0;0,0;251077,0;5374,0;1655540,0;166007;2911400,0;68234,0;0,0
2022-10-04;1274971,0;41932,0;507869,0;1151480,0;628061,0;248404,0;218219;295930,0;276524,0;7018;34395,0;93861,0;362598,0;5459068,0;371942,0;0,0;87178,0;16865,0;1689480,0;77626;2691380,0;79754,0;0,0
2022-10-05;778192,0;81752,0;435952,0;559690,0;1133002,0;98291,0;72997;193310,0;124812,0;4150;19060,0;150982,0;417682,0;5238994,0;216076,0;0,0;312813,0;17480,0;849210,0;39832;4478930,0;80406,0;0,0
2022-10-06;958510,0;46969,0;384550,0;372293,0;404288,0;183671,0;87520;251850,0;160300,0;956;63543,0;97205,0;271724,0;3524491,0;442892,0;0,0;219462,0;3430,0;609850,0;37256;2378550,0;35137,0;0,0
2022-10-11;1126823,0;90272,0;448399,0;943283,0;780358,0;218276,0;184400;464132,0;108449,0;8117;146130,0;92269,0;369495,0;3070933,0;355477,0;0,0;126562,0;9539,0;1162750,0;44802;2179560,0;249748,0;0,0
2022-10-12;1724317,0;66197,0;501719,0;559573,0;713619,0;176578,0;121967;289788,0;116764,0;7169;20391,0;43490,0;384073,0;2412595,0;193488,0;0,0;296162,0;4267,0;616410,0;68416;1795770,0;128080,0;0,0
2022-10-13;1595079,0;144985,0;530470,0;868448,0;793205,0;128091,0;166893;519650,0;179092,0;2622;49517,0;41972,0;179594,0;3211305,0;214265,0;0,0;448184,0;6537,0;1030980,0;120074;1793550,0;175955,0;0,0
2022-10-14;1002559,0;35986,0;250086,0;503770,0;403623,0;117414,0;178775;114540,0;251410,0;6761;55133,0;43118,0;146786,0;1638810,0;20926,0;0,0;34918,0;2275,0;878330,0;59073;1551110,0;30753,0;0,0
2022-10-17;968667,0;233535,0;361896,0;499738,0;579277,0;96547,0;90992;215271,0;125288,0;3578;31195,0;75492,0;296760,0;1771432,0;227841,0;0,0;210925,0;6885,0;1153770,0;29843;1507790,0;101027,0;0,0
2022-10-18;621819,0;268533,0;204107,0;837971,0;615782,0;74378,0;58345;209563,0;140839,0;6344;36643,0;48750,0;227206,0;1833251,0;930036,0;0,0;155106,0;7729,0;1037310,0;45905;2179280,0;203773,0;0,0
2022-10-19;1103825,0;158608,0;206759,0;1494979,0;940246,0;112581,0;72881;278122,0;171645,0;8788;81131,0;207106,0;286511,0;1610778,0;49984,0;0,0;209518,0;19762,0;2648580,0;237150;1636150,0;60123,0;0,0
2022-10-20;1645055,0;118389,0;268708,0;426252,0;881664,0;111383,0;65716;395599,0;123308,0;4225;92935,0;71453,0;95575,0;4651163,0;228064,0;3590,0;59098,0;3345,0;3857520,0;354643;1659220,0;32498,0;0,0
2022-10-21;1407171,0;152866,0;474088,0;494818,0;788876,0;78048,0;127249;164379,0;80157,0;12223;20013,0;131254,0;216315,0;2552958,0;355805,0;0,0;112536,0;7927,0;1582390,0;95008;2515810,0;143911,0;0,0
2022-10-24;1181722,0;109704,0;362911,0;673813,0;828919,0;93796,0;80141;415961,0;49763,0;4609;74788,0;67384,0;182286,0;2962141,0;96234,0;0,0;243660,0;7002,0;816410,0;193327;3655380,0;59221,0;0,0
2022-10-25;1414652,0;131252,0;561532,0;526374,0;491818,0;88712,0;189533;484917,0;95428,0;5881;79180,0;56456,0;420584,0;6630858,0;1208181,0;0,0;431877,0;2469,0;2288610,0;59155;3573390,0;233455,0;0,0
2022-10-26;1334019,0;304201,0;577858,0;1192052,0;709856,0;133413,0;291407;483146,0;185617,0;9165;81964,0;138833,0;738973,0;5479083,0;418001,0;0,0;627029,0;2844,0;1852860,0;41792;3577040,0;154118,0;0,0
2022-10-27;1068157,0;74633,0;807447,0;726640,0;813903,0;169000,0;228185;613102,0;127729,0;6184;85224,0;199811,0;1248582,0;4045314,0;307167,0;0,0;589470,0;17121,0;2141850,0;69799;2191070,0;184135,0;0,0
2022-10-28;912408,0;73818,0;403204,0;525191,0;557581,0;30551,0;297537;318587,0;107092,0;3296;90469,0;107470,0;822578,0;3317728,0;261773,0;0,0;406221,0;3933,0;1909120,0;86028;3125820,0;157022,0;0,0
2022-10-31;837230,0;80002,0;603568,0;934730,0;863602,0;146913,0;258472;522637,0;255613,0;9246;39008,0;136079,0;266651,0;3699423,0;302604,0;0,0;479106,0;1840,0;1128340,0;130023;3284870,0;181092,0;0,0
2022-11-01;1214100,0;143587,0;596560,0;759296,0;509426,0;54649,0;549316;622727,0;206849,0;4025;198684,0;102718,0;553339,0;5115847,0;189338,0;724,0;402180,0;2129,0;2566050,0;37981;4172060,0;281271,0;0,0
2022-11-02;692690,0;188078,0;357135,0;243783,0;374922,0;93502,0;152597;504694,0;230746,0;3787;63025,0;183362,0;327410,0;1668015,0;249389,0;0,0;111462,0;3266,0;537120,0;47742;2976640,0;60683,0;0,0
2022-11-03;728020,0;182132,0;342037,0;510837,0;317080,0;175836,0;268257;412881,0;120578,0;2010;42575,0;74528,0;422688,0;6078253,0;75386,0;2693,0;86387,0;4474,0;3671960,0;271921;2166250,0;181077,0;0,0
2022-11-04;426366,0;83093,0;235565,0;336641,0;263400,0;249042,0;237707;245060,0;91499,0;2867;48843,0;71854,0;476673,0;2650886,0;43296,0;0,0;315992,0;1257,0;2294170,0;49955;1875510,0;68030,0;0,0
2022-11-07;420218,0;95137,0;316242,0;338308,0;222910,0;314587,0;320705;253524,0;81255,0;1703;26374,0;137440,0;476290,0;1221139,0;121120,0;5,0;48928,0;2691,0;1160920,0;396044;1837650,0;118828,0;0,0
2022-11-08;851979,0;93248,0;310703,0;234369,0;190388,0;161560,0;96960;226250,0;127059,0;2268;44115,0;168758,0;462602,0;1682735,0;44160,0;0,0;56649,0;1899,0;598620,0;173252;2031340,0;35797,0;0,0
2022-11-09;798367,0;112354,0;283491,0;517059,0;584464,0;183038,0;169623;353112,0;112109,0;4288;113473,0;106890,0;413478,0;1975805,0;38315,0;0,0;116458,0;767,0;2067080,0;123003;3275940,0;295477,0;0,0
2022-11-10;1245190,0;145525,0;297259,0;371606,0;982395,0;205930,0;263213;155714,0;176251,0;1728;39888,0;83048,0;627387,0;3634809,0;51948,0;0,0;74363,0;10666,0;1286020,0;26416;2601270,0;144924,0;0,0
2022-11-11;821715,0;147533,0;441611,0;492901,0;648643,0;174117,0;207056;505988,0;87477,0;2298;100027,0;110715,0;566559,0;3993522,0;53867,0;0,0;295455,0;1030,0;2037780,0;150550;2112940,0;66949,0;0,0
2022-11-14;1028908,0;105791,0;771972,0;774238,0;850758,0;186114,0;371053;609743,0;126658,0;4474;128443,0;154028,0;588477,0;6469194,0;116515,0;0,0;219667,0;6347,0;2871490,0;129256;3066170,0;235986,0;0,0
2022-11-15;1539726,0;189799,0;867948,0;915726,0;731392,0;298586,0;219554;595636,0;145585,0;5982;92504,0;326843,0;351366,0;19867985,0;219521,0;0,0;508851,0;8751,0;1869670,0;171518;3412770,0;304560,0;0,0
2022-11-16;1238981,0;285086,0;510485,0;497411,0;387615,0;162881,0;172375;485372,0;101278,0;4201;331322,0;132473,0;357500,0;5905583,0;106910,0;0,0;576049,0;4761,0;2047390,0;175403;2654050,0;185153,0;0,0
2022-11-17;1119536,0;176764,0;324319,0;460965,0;456803,0;183220,0;830627;312210,0;85707,0;3667;184123,0;108561,0;404107,0;3023199,0;153083,0;0,0;512744,0;1813,0;861600,0;313127;3875250,0;174587,0;0,0
2022-11-18;815749,0;162191,0;297793,0;258356,0;349092,0;150783,0;493720;475065,0;150917,0;2022;145043,0;109069,0;909318,0;1982969,0;204550,0;0,0;396072,0;4685,0;832180,0;43173;2800830,0;144509,0;0,0
2022-11-22;637760,0;44492,0;577981,0;785893,0;655173,0;493019,0;492071;690665,0;113168,0;2816;316151,0;130407,0;304098,0;12482834,0;78971,0;0,0;311604,0;23162,0;1578850,0;234341;1663790,0;89337,0;0,0
2022-11-23;649737,0;165568,0;521271,0;529919,0;496393,0;476948,0;285603;625939,0;71901,0;3931;425512,0;141220,0;315353,0;5732747,0;118225,0;3,0;784380,0;5996,0;732670,0;209244;1197670,0;528672,0;0,0
2022-11-24;243135,0;33795,0;156374,0;523466,0;525431,0;113709,0;169343;155141,0;41906,0;5759;129446,0;48226,0;489093,0;3504898,0;20907,0;0,0;140851,0;2235,0;661900,0;67237;748570,0;62017,0;0,0
2022-11-25;1705027,0;266646,0;671507,0;757956,0;424810,0;222212,0;148400;701790,0;365647,0;5097;744127,0;110499,0;185642,0;1415569,0;30611,0;0,0;406575,0;3586,0;1368870,0;66910;1884900,0;439671,0;0,0
2022-11-28;941318,0;318687,0;635979,0;662121,0;792289,0;330391,0;238990;599092,0;163514,0;2762;518538,0;215720,0;401185,0;5049784,0;87641,0;0,0;393163,0;5442,0;772210,0;132550;2438140,0;319617,0;0,0
2022-11-29;1089665,0;190126,0;441744,0;576231,0;806606,0;273136,0;119039;671554,0;95153,0;12627;350901,0;169678,0;624957,0;5040201,0;225217,0;0,0;287042,0;6964,0;797640,0;156259;2003350,0;120244,0;0,0
2022-11-30;1368037,0;249924,0;507054,0;718036,0;521674,0;228275,0;235295;686923,0;117452,0;6732;201389,0;158424,0;151822,0;11385955,0;151229,0;0,0;212215,0;4371,0;2570010,0;59925;2879250,0;125117,0;0,0
2022-12-01;1348239,0;273794,0;431358,0;827037,0;804759,0;375028,0;303960;1246424,0;126998,0;6155;377574,0;319890,0;513296,0;6987174,0;116529,0;200,0;527090,0;4862,0;2550100,0;169371;1372580,0;167821,0;0,0
2022-12-02;2239955,0;152390,0;361435,0;728268,0;690725,0;354084,0;140136;681239,0;249013,0;8274;617240,0;166964,0;237552,0;7556836,0;88415,0;0,0;1004584,0;27663,0;717700,0;208731;1714510,0;73785,0;0,0
2022-12-05;1835338,0;281601,0;654353,0;535677,0;486288,0;290445,0;347857;946157,0;132353,0;29865;156635,0;286235,0;2468091,0;2498585,0;160171,0;0,0;385662,0;6430,0;1057980,0;104025;3240930,0;189820,0;0,0
2022-12-06;1305443,0;228096,0;873280,0;546114,0;908985,0;214784,0;117809;513786,0;91707,0;23584;115807,0;196645,0;270015,0;1866110,0;148448,0;0,0;405193,0;34234,0;1131550,0;86633;2664560,0;29370,0;0,0
2022-12-07;2170607,0;206634,0;921362,0;544185,0;458093,0;236052,0;116177;508684,0;199758,0;6437;253064,0;213129,0;536129,0;4487549,0;505556,0;0,0;255250,0;9283,0;1447650,0;53114;2559810,0;208908,0;0,0
2022-12-12;2044078,0;78175,0;831833,0;341218,0;607855,0;375888,0;486918;463639,0;146889,0;4259;99685,0;526796,0;393042,0;3393628,0;141585,0;0,0;289326,0;37531,0;298430,0;36819;2694830,0;399810,0;0,0
2022-12-13;2040730,0;65263,0;406133,0;216514,0;525613,0;469108,0;182657;219744,0;86079,0;6541;244217,0;195282,0;57343,0;3832274,0;160865,0;0,0;246838,0;13030,0;1767500,0;48682;1646190,0;150174,0;0,0
2022-12-14;1756662,0;215974,0;772504,0;304341,0;501359,0;287781,0;244404;441887,0;111293,0;1589;235102,0;167623,0;429708,0;4651273,0;1018840,0;0,0;378632,0;11454,0;4377910,0;61917;1497360,0;155295,0;0,0
2022-12-15;1790071,0;55084,0;574899,0;288795,0;681359,0;249840,0;76207;360281,0;95126,0;10884;177208,0;160017,0;113676,0;3083205,0;108058,0;0,0;152486,0;13878,0;1216040,0;164354;1687970,0;44653,0;0,0
2022-12-16;1198058,0;153795,0;801409,0;253830,0;266640,0;487242,0;58645;202993,0;64152,0;7065;158484,0;119535,0;71945,0;11988165,0;316241,0;0,0;640815,0;4329,0;2641920,0;90307;1718960,0;56982,0;0,0
2022-12-19;972276,0;268156,0;1056992,0;309716,0;363443,0;334656,0;215962;470940,0;109876,0;2048;115198,0;173291,0;151050,0;6138211,0;859327,0;0,0;949090,0;17260,0;3172530,0;304443;1781020,0;69785,0;0,0
2022-12-20;857095,0;37505,0;157630,0;36861,0;42828,0;28688,0;7364;114158,0;8041,0;831;9669,0;12668,0;57936,0;488236,0;14460,0;0,0;35679,0;1737,0;102690,0;29239;988490,0;7014,0;0,0
2022-12-21;5258470,0;807247,0;912896,0;623363,0;372489,0;278804,0;502864;558262,0;265559,0;7055;262000,0;213193,0;1579921,0;3584027,0;695673,0;0,0;929954,0;9196,0;11477480,0;234681;3919910,0;399521,0;0,0
2022-12-22;2238913,0;502548,0;708279,0;921504,0;625151,0;243470,0;421249;447627,0;184912,0;5766;112902,0;211294,0;357310,0;8975049,0;153356,0;60,0;248215,0;8528,0;1451770,0;46465;1937490,0;148510,0;0,0
2022-12-23;2716170,0;309995,0;725699,0;1675154,0;856166,0;140737,0;599824;851549,0;179555,0;6495;175080,0;155279,0;1320415,0;4649141,0;143469,0;0,0;173408,0;7592,0;2279880,0;14211;2258720,0;228471,0;0,0
2022-12-26;682735,0;64785,0;255672,0;683514,0;492991,0;87741,0;145105;447530,0;49182,0;6117;78993,0;121842,0;560867,0;3727306,0;108715,0;0,0;341857,0;17567,0;1055280,0;46609;1048100,0;57928,0;0,0
2022-12-27;1133301,0;206149,0;815897,0;644106,0;358567,0;310464,0;886696;608685,0;235231,0;14346;67025,0;214885,0;1115991,0;7648906,0;978697,0;1347,0;460410,0;4828,0;2284940,0;90322;2026320,0;144155,0;0,0
2022-12-28;2127796,0;433773,0;708751,0;717713,0;595681,0;217932,0;441066;743606,0;134649,0;20046;243814,0;321016,0;799888,0;8062344,0;346445,0;0,0;632969,0;3925,0;2395040,0;135232;2808830,0;229679,0;0,0
2022-12-29;1535986,0;322317,0;572620,0;673545,0;463839,0;226862,0;633731;465755,0;96842,0;6801;131069,0;208113,0;412519,0;9722800,0;376666,0;0,0;236241,0;8764,0;1578350,0;60666;1538700,0;202201,0;0,0
2022-12-30;1011777,0;106794,0;142769,0;418984,0;493710,0;151909,0;542961;324088,0;96638,0;1912;185799,0;70877,0;203361,0;4256999,0;1715147,0;10,0;345048,0;4568,0;903840,0;32365;644700,0;53587,0;0,0
2023-01-02;835738,0;65257,0;330791,0;699017,0;347797,0;84222,0;114857;422671,0;66403,0;5583;51331,0;229620,0;694341,0;3651150,0;963345,0;0,0;459125,0;7740,0;3041440,0;85244;1275460,0;48819,0;0,0
2023-01-03;915289,0;232404,0;1231597,0;1010112,0;1084177,0;223636,0;355537;1216738,0;162936,0;4617;160921,0;346213,0;1892340,0;2981830,0;1160954,0;0,0;641967,0;6369,0;4038440,0;187244;4434450,0;316779,0;0,0
2023-01-04;1313480,0;260596,0;565510,0;735664,0;465413,0;124280,0;143600;757045,0;117626,0;4113;102737,0;297843,0;299029,0;3029973,0;353466,0;0,0;228132,0;28485,0;2973180,0;74165;2610370,0;333808,0;0,0
2023-01-05;1366431,0;388186,0;764631,0;451335,0;714020,0;360175,0;1235021;691994,0;215403,0;14220;152271,0;194068,0;669641,0;5378271,0;746894,0;0,0;451424,0;5244,0;2486890,0;216031;3044720,0;530809,0;0,0
2023-01-06;2602739,0;638687,0;1071779,0;1106298,0;664802,0;118032,0;850065;954003,0;275751,0;5484;145982,0;240430,0;813123,0;5435916,0;626345,0;0,0;850255,0;19854,0;4381560,0;70931;2621020,0;300242,0;0,0
2023-01-09;1581890,0;342290,0;618142,0;1396532,0;499024,0;82588,0;374858;910107,0;314298,0;3393;128158,0;164127,0;882351,0;6307616,0;341661,0;0,0;458155,0;5738,0;2160210,0;71750;2554960,0;166262,0;0,0
2023-01-10;724484,0;262100,0;547917,0;839774,0;814548,0;87808,0;386993;318593,0;175532,0;4377;66854,0;150194,0;953716,0;2712920,0;681310,0;0,0;230973,0;4530,0;2704670,0;129660;1134950,0;130338,0;0,0
2023-01-11;2529459,0;624458,0;1104484,0;953412,0;593671,0;121323,0;744023;448569,0;355630,0;9706;134369,0;342000,0;1009028,0;12264340,0;484390,0;0,0;595336,0;7209,0;2004210,0;74002;1781460,0;224382,0;0,0
2023-01-12;2858020,0;314088,0;1378201,0;983337,0;809338,0;185983,0;813253;494006,0;217082,0;10341;109228,0;264113,0;763449,0;11676340,0;629948,0;0,0;356797,0;16631,0;1887220,0;90812;3817620,0;225953,0;0,0
2023-01-13;2141160,0;515647,0;900284,0;1092629,0;986780,0;390660,0;584116;663499,0;136662,0;9226;184671,0;124363,0;873451,0;17204670,0;149248,0;0,0;349154,0;10737,0;3454570,0;66763;3754490,0;239752,0;0,0
2023-01-16;852977,0;250101,0;581651,0;1027401,0;539110,0;222321,0;239862;594520,0;154804,0;14938;180853,0;130593,0;949356,0;5341992,0;156168,0;0,0;318938,0;5573,0;3827200,0;37630;2150820,0;89529,0;0,0
2023-01-17;1690114,0;528721,0;650496,0;1070778,0;591682,0;570521,0;759118;1044399,0;322356,0;10000;279166,0;272932,0;823817,0;10340095,0;878446,0;0,0;1056361,0;15596,0;4819560,0;158877;3965720,0;169195,0;0,0
2023-01-18;4093735,0;609436,0;996176,0;1424297,0;1193051,0;573677,0;1270164;1292638,0;278933,0;23824;345544,0;377895,0;1780639,0;9863682,0;868831,0;3,0;692916,0;61032,0;4163070,0;58593;5841430,0;600079,0;0,0
2023-01-19;4877244,0;930074,0;1377001,0;763956,0;479006,0;537266,0;1788725;1427759,0;322045,0;28034;255492,0;620061,0;1065704,0;9078107,0;654808,0;0,0;330630,0;7982,0;6528770,0;121577;6017310,0;595466,0;0,0
2023-01-20;3071520,0;400455,0;647261,0;986296,0;420146,0;605083,0;989607;653844,0;295122,0;5142;164618,0;370282,0;449040,0;5435723,0;351884,0;0,0;242693,0;5235,0;2507070,0;76285;3956740,0;170672,0;0,0
2023-01-23;2076696,0;632452,0;657319,0;906929,0;377298,0;553191,0;543492;488084,0;313222,0;9567;131718,0;396404,0;721729,0;5373569,0;837708,0;0,0;738038,0;5840,0;2151500,0;102596;5252040,0;110877,0;0,0
2023-01-24;2256536,0;509938,0;707314,0;898676,0;320609,0;223065,0;518583;955576,0;133181,0;3889;254358,0;359622,0;594137,0;3809557,0;549926,0;0,0;339687,0;9055,0;1257690,0;286345;2937160,0;373839,0;0,0
2023-01-25;2308681,0;411881,0;626437,0;733688,0;372842,0;205270,0;434495;521701,0;255582,0;6496;112788,0;340796,0;437542,0;3562089,0;1115411,0;0,0;648150,0;2831,0;2339810,0;241960;3041620,0;212404,0;0,0
2023-01-26;1228265,0;366965,0;666180,0;541209,0;344802,0;374003,0;277066;787403,0;211846,0;3015;127526,0;305909,0;368422,0;4245950,0;371163,0;0,0;515222,0;3468,0;2519170,0;107895;2105270,0;215259,0;0,0
2023-01-27;803561,0;198315,0;595637,0;512817,0;227090,0;411649,0;205870;545960,0;89881,0;8250;82262,0;258473,0;262241,0;4331510,0;723517,0;2020,0;413825,0;12624,0;2223270,0;123744;2596570,0;97002,0;0,0
2023-01-30;1584005,0;165494,0;603377,0;403060,0;186236,0;154368,0;221976;282837,0;99394,0;1767;84596,0;222478,0;111392,0;3711237,0;410074,0;0,0;398188,0;7159,0;2147020,0;64651;1861950,0;82563,0;0,0
2023-01-31;1970324,0;311677,0;288084,0;770519,0;621917,0;107327,0;161672;986688,0;261697,0;2498;142628,0;159489,0;363490,0;2069933,0;531455,0;0,0;369551,0;3351,0;880050,0;139203;3130570,0;94580,0;0,0
2023-02-01;1333002,0;109492,0;336399,0;258854,0;218913,0;104343,0;209114;246322,0;72791,0;5036;105972,0;169520,0;913849,0;2035420,0;805640,0;0,0;254753,0;3754,0;764700,0;115440;2753160,0;158145,0;0,0
2023-02-02;1150894,0;162380,0;346152,0;400233,0;404898,0;164324,0;452819;512906,0;151487,0;9775;51682,0;164455,0;88577,0;4564187,0;1085022,0;0,0;142770,0;4430,0;2003380,0;144866;2212780,0;153430,0;0,0
2023-02-03;768833,0;379981,0;600180,0;405092,0;302688,0;65297,0;552373;606180,0;138819,0;2417;144322,0;154260,0;121289,0;1504134,0;173883,0;0,0;308979,0;6232,0;2604100,0;61108;2017650,0;119541,0;0,0
2023-02-06;825834,0;307904,0;429834,0;500228,0;341099,0;145888,0;440551;808546,0;131225,0;5070;44131,0;253327,0;201144,0;1130532,0;207052,0;0,0;301223,0;4018,0;950040,0;73152;1412400,0;133398,0;0,0
2023-02-07;1240370,0;121183,0;577955,0;384327,0;414212,0;157795,0;208222;549252,0;80404,0;4661;117798,0;182322,0;317083,0;2384012,0;122844,0;1347,0;105560,0;1689,0;2271720,0;33376;1689490,0;116758,0;0,0
2023-02-08;975219,0;90088,0;641576,0;296119,0;265199,0;131316,0;127030;323645,0;88994,0;6679;135383,0;159835,0;280808,0;1287671,0;114609,0;0,0;118595,0;7247,0;1761900,0;47576;1592830,0;60289,0;0,0
2023-02-09;1254950,0;158875,0;573551,0;521251,0;342151,0;299589,0;79668;414812,0;91181,0;2131;78951,0;148712,0;164670,0;10663997,0;350249,0;0,0;182514,0;1583,0;1915970,0;114408;1474220,0;107136,0;0,0
2023-02-10;599987,0;53990,0;148747,0;286946,0;401089,0;162385,0;315917;262129,0;78312,0;5536;46140,0;103883,0;88080,0;4384720,0;243521,0;0,0;106803,0;7777,0;2092610,0;82817;1675740,0;86666,0;0,0
2023-02-13;1782126,0;117446,0;437903,0;533187,0;758075,0;549911,0;404713;391960,0;82460,0;3978;38619,0;195418,0;67683,0;2949669,0;297597,0;0,0;195770,0;6387,0;1273470,0;206284;3181560,0;127727,0;0,0
2023-02-14;1972498,0;162138,0;504937,0;356278,0;402836,0;453706,0;265758;461179,0;405568,0;2360;116613,0;195474,0;139646,0;2749969,0;170821,0;0,0;92520,0;19160,0;744100,0;350757;2108560,0;242667,0;0,0
2023-02-15;1492170,0;138495,0;648243,0;850400,0;585219,0;486133,0;77526;389951,0;171701,0;2195;85868,0;155980,0;97968,0;1589435,0;142074,0;0,0;418036,0;5426,0;675090,0;155481;2137280,0;49002,0;0,0
2023-02-16;2159926,0;129534,0;352033,0;770444,0;658442,0;251264,0;297764;292011,0;172420,0;6372;66815,0;125912,0;178971,0;4547694,0;285105,0;0,0;60570,0;82775,0;1198440,0;210576;3085890,0;140986,0;0,0
2023-02-17;2444728,0;175639,0;366772,0;430908,0;500835,0;291645,0;300645;355548,0;53608,0;3935;153606,0;130937,0;115903,0;5801126,0;209594,0;0,0;59195,0;11384,0;1053410,0;147079;3459890,0;187480,0;0,0
2023-02-22;1631371,0;112898,0;332978,0;541961,0;296918,0;307907,0;228194;504587,0;120855,0;1644;95801,0;115120,0;486433,0;6835926,0;266330,0;0,0;94261,0;3733,0;820040,0;67669;1942080,0;57945,0;0,0
2023-02-23;990329,0;166421,0;453033,0;479400,0;220320,0;505527,0;457194;360713,0;159046,0;1724;50832,0;110662,0;531330,0;10923285,0;78880,0;0,0;366582,0;2475,0;1156220,0;56135;1776440,0;288345,0;0,0
2023-02-24;643368,0;107016,0;184890,0;461258,0;262692,0;549311,0;202053;320805,0;171592,0;2002;55494,0;59300,0;201361,0;2449161,0;32001,0;800,0;204768,0;1995,0;2039100,0;77919;1404110,0;463724,0;0,0
2023-02-27;615096,0;70714,0;534442,0;712136,0;334924,0;948805,0;130207;420281,0;82547,0;4362;59174,0;159928,0;292333,0;3911702,0;188108,0;0,0;214809,0;6924,0;1089750,0;146375;1643660,0;167144,0;0,0
2023-02-28;923889,0;189448,0;439323,0;475075,0;316304,0;535939,0;695350;180455,0;42662,0;1255;49612,0;96012,0;484118,0;2801308,0;77401,0;0,0;138498,0;920,0;1236710,0;119966;1731340,0;131518,0;0,0
2023-03-01;669613,0;274137,0;274545,0;607934,0;722219,0;282998,0;277841;327423,0;34798,0;1508;132223,0;80096,0;132697,0;4961217,0;149252,0;0,0;167849,0;2317,0;2785810,0;78922;2162350,0;137583,0;0,0
2023-03-02;1305684,0;317341,0;371770,0;433049,0;844011,0;477420,0;474679;182877,0;108468,0;1079;97141,0;143814,0;92521,0;3243924,0;236960,0;0,0;457725,0;2892,0;1997210,0;29465;1242780,0;172628,0;0,0
2023-03-03;1205700,0;293562,0;386623,0;494776,0;206141,0;462899,0;356318;359719,0;106987,0;5057;121886,0;184078,0;333105,0;3760156,0;460337,0;0,0;881214,0;1208,0;512610,0;50801;1774420,0;70970,0;0,0
2023-03-06;1173183,0;201089,0;403589,0;959009,0;455628,0;275053,0;136720;459138,0;119188,0;6140;87312,0;284140,0;348215,0;5145798,0;833790,0;0,0;246929,0;2009,0;2032010,0;94871;3911800,0;193594,0;0,0
2023-03-07;868403,0;406894,0;431771,0;920806,0;840990,0;511557,0;176068;560056,0;63482,0;2278;142790,0;127509,0;412841,0;5020427,0;70274,0;0,0;418549,0;5859,0;1503910,0;67285;5923630,0;105976,0;0,0
2023-03-08;1705091,0;174252,0;195404,0;349892,0;1266117,0;420370,0;174769;330612,0;71931,0;2881;270194,0;118194,0;246102,0;7328752,0;342944,0;0,0;187084,0;10251,0;3228010,0;48354;2802310,0;131648,0;0,0
2023-03-09;1106118,0;89682,0;257409,0;840881,0;1307404,0;444532,0;76912;350330,0;121805,0;6457;81769,0;87991,0;295766,0;4223323,0;146084,0;0,0;179595,0;1856,0;938160,0;97429;3082420,0;78806,0;0,0
2023-03-10;1897372,0;720219,0;624371,0;955200,0;261522,0;362253,0;195942;689246,0;161768,0;2799;126702,0;134013,0;383795,0;6329363,0;350240,0;0,0;457428,0;7965,0;863100,0;107729;6776570,0;129011,0;0,0
2023-03-13;2144185,0;342020,0;581938,0;646989,0;486637,0;349727,0;279442;934082,0;216259,0;4868;130944,0;207599,0;269949,0;6390870,0;344750,0;5384,0;649263,0;34728,0;1115380,0;85016;5649100,0;164207,0;0,0
2023-03-14;1890509,0;201966,0;571440,0;1509303,0;516539,0;434340,0;175131;1310187,0;272920,0;8544;218240,0;209517,0;232152,0;6821857,0;99293,0;0,0;723486,0;3702,0;4664500,0;64405;4653310,0;114416,0;0,0
2023-03-15;2121289,0;433682,0;935249,0;2783671,0;1280475,0;378933,0;440868;1018494,0;238391,0;3537;213180,0;293496,0;304679,0;8123537,0;759188,0;0,0;733891,0;5207,0;8289900,0;66314;5954720,0;508059,0;0,0
2023-03-16;2126774,0;204872,0;626446,0;1694064,0;732374,0;407064,0;208639;699900,0;295118,0;10846;115105,0;207296,0;490217,0;3317869,0;149158,0;0,0;395492,0;6564,0;1805770,0;33563;4875590,0;137779,0;0,0
2023-03-17;1159586,0;100044,0;189245,0;901028,0;570468,0;306927,0;134575;569423,0;126544,0;18534;125613,0;183090,0;376572,0;2261327,0;391175,0;0,0;320757,0;4033,0;2037040,0;18926;2968710,0;127075,0;0,0
2023-03-20;658443,0;79311,0;321165,0;665301,0;1365965,0;397018,0;176165;418336,0;190722,0;7247;115334,0;136273,0;199995,0;1599555,0;94082,0;0,0;770542,0;13637,0;2294490,0;38045;2726780,0;151229,0;0,0
2023-03-21;1905620,0;704153,0;1032482,0;2183425,0;1155342,0;562321,0;166336;1003549,0;291146,0;5244;191216,0;378798,0;441034,0;7105372,0;193637,0;0,0;321894,0;12325,0;14646000,0;22715;4638210,0;198550,0;0,0
2023-03-22;683835,0;157796,0;464028,0;856446,0;387894,0;420310,0;348214;510386,0;267678,0;3256;83801,0;324299,0;330099,0;11089038,0;365173,0;0,0;470553,0;4082,0;2151870,0;41488;2169860,0;140926,0;0,0
2023-03-23;814743,0;96113,0;712593,0;1074723,0;547016,0;397101,0;309518;918994,0;167806,0;4662;120886,0;232655,0;220733,0;5755152,0;196311,0;0,0;748277,0;6363,0;2605300,0;293850;2090070,0;348169,0;0,0
2023-03-27;717901,0;72660,0;626535,0;987913,0;504600,0;128716,0;329006;684317,0;156317,0;5996;85553,0;115433,0;426369,0;3058491,0;175823,0;0,0;823110,0;6673,0;1319070,0;309742;2450380,0;202718,0;0,0
2023-03-28;733611,0;225530,0;714715,0;1332831,0;916861,0;163067,0;79911;629604,0;143718,0;4173;399013,0;162125,0;534763,0;6775516,0;256805,0;0,0;538897,0;14612,0;2246720,0;186241;3413680,0;209074,0;0,0
2023-03-29;566836,0;97592,0;421210,0;929301,0;792166,0;179811,0;219007;574351,0;105161,0;5850;163115,0;180290,0;652218,0;5164037,0;228086,0;0,0;197293,0;11120,0;2351850,0;216985;3349180,0;230525,0;0,0
2023-03-30;997565,0;123910,0;370245,0;1215262,0;1105828,0;216698,0;175103;395379,0;63443,0;3403;67661,0;72945,0;658530,0;6604182,0;885236,0;0,0;678808,0;11424,0;2197910,0;102930;2632420,0;217086,0;0,0
2023-03-31;1320366,0;147343,0;573674,0;923898,0;584757,0;325832,0;230456;578804,0;118104,0;3251;119447,0;198617,0;844061,0;6875013,0;206760,0;0,0;457916,0;8844,0;1715280,0;62245;6953170,0;152935,0;0,0
2023-04-03;940541,0;106493,0;493168,0;525512,0;759200,0;292294,0;112090;449080,0;91730,0;4311;39383,0;97601,0;313657,0;6203814,0;116252,0;0,0;463072,0;6252,0;1518590,0;85622;4808530,0;143326,0;0,0
2023-04-04;689558,0;143035,0;381458,0;696848,0;1006496,0;460705,0;101865;420794,0;111474,0;11262;72497,0;153781,0;351438,0;2718949,0;89754,0;0,0;173153,0;10387,0;1435250,0;51013;3079420,0;259487,0;0,0
2023-04-05;980450,0;142009,0;746934,0;1727333,0;881343,0;900371,0;101009;727796,0;129048,0;4014;58032,0;143826,0;211975,0;28821202,0;281551,0;0,0;144835,0;12340,0;2825860,0;98459;1689070,0;158335,0;0,0
2023-04-10;946861,0;144734,0;326156,0;719048,0;375710,0;127869,0;230506;584524,0;117908,0;4729;181224,0;83588,0;267824,0;5371922,0;128574,0;0,0;232427,0;14093,0;1141030,0;129616;3230940,0;154884,0;
2023-04-11;1602473,0;105799,0;647431,0;1192317,0;633896,0;120447,0;226759;719448,0;68231,0;9674;63795,0;213627,0;295332,0;6296017,0;178462,0;0,0;1106753,0;9049,0;2424170,0;23635;2491990,0;237479,0;0,0
2023-04-12;3068737,0;497998,0;491939,0;1111617,0;667456,0;384158,0;130538;549705,0;96997,0;8666;93175,0;330045,0;678519,0;10241117,0;184211,0;0,0;392634,0;7647,0;2542330,0;78344;2508030,0;94516,0;0,0
2023-04-13;1636649,0;330053,0;574963,0;532122,0;365768,0;136376,0;336614;541343,0;112624,0;18372;169252,0;298725,0;540246,0;7681506,0;770239,0;0,0;941468,0;9518,0;1981980,0;152151;1732910,0;240405,0;0,0
2023-04-14;3164258,0;396274,0;430650,0;827894,0;409408,0;435214,0;362922;660584,0;167622,0;7612;69071,0;276217,0;475853,0;9211161,0;783853,0;0,0;572614,0;9762,0;7507200,0;70776;1646250,0;286874,0;0,0
2023-04-17;1970908,0;370204,0;687092,0;894759,0;589686,0;385217,0;134136;863229,0;135900,0;7118;81474,0;376882,0;1295491,0;5879327,0;558174,0;0,0;451572,0;10069,0;1465960,0;31446;2395870,0;492176,0;0,0
2023-04-18;2306223,0;533163,0;878450,0;887243,0;982239,0;382501,0;418237;987407,0;266570,0;13371;81739,0;277799,0;813618,0;8511352,0;251309,0;0,0;470546,0;14908,0;4767390,0;71491;3480610,0;237458,0;0,0
2023-04-19;3105140,0;670330,0;1177310,0;1558634,0;734851,0;251525,0;311327;784666,0;143230,0;9037;205120,0;412303,0;621282,0;6106210,0;301833,0;0,0;382955,0;11654,0;2213340,0;83605;4254650,0;205260,0;0,0
2023-04-20;3009136,0;250670,0;593008,0;1803627,0;954033,0;334413,0;522611;284730,0;128968,0;7325;59595,0;179033,0;447185,0;5337023,0;96956,0;0,0;1031488,0;4245,0;3118670,0;83507;2402880,0;147345,0;0,0
2023-04-21;1591303,0;196891,0;771017,0;1185102,0;1847128,0;179070,0;545939;372202,0;100986,0;6488;72752,0;223528,0;350704,0;13833718,0;177681,0;0,0;820869,0;30965,0;2113840,0;119753;2983720,0;137735,0;0,0
2023-04-24;1319441,0;284528,0;918043,0;2424758,0;1337511,0;466774,0;203030;612541,0;117598,0;5214;76752,0;203976,0;704028,0;7996900,0;579803,0;0,0;488219,0;12116,0;5565420,0;59686;2190140,0;153305,0;0,0
2023-04-25;1395107,0;193120,0;907830,0;2419455,0;1195142,0;206653,0;288395;937723,0;220460,0;7467;183658,0;513869,0;808335,0;8242162,0;152056,0;0,0;1609444,0;25549,0;4257090,0;107649;3073620,0;239473,0;0,0
2023-04-26;1384497,0;156307,0;886591,0;1162909,0;1411139,0;347354,0;299279;686301,0;367620,0;2209;78801,0;269326,0;202455,0;10875596,0;77468,0;0,0;371999,0;21429,0;2507300,0;109806;2649050,0;68478,0;0,0
2023-04-27;981503,0;83315,0;547539,0;927631,0;1059484,0;106090,0;193171;482572,0;157022,0;4344;50150,0;209852,0;493652,0;9789557,0;93198,0;0,0;440055,0;11962,0;2619120,0;78046;2817640,0;128854,0;0,0
2023-04-28;700909,0;278654,0;654508,0;1028877,0;1239853,0;605267,0;172555;481413,0;194474,0;4762;80980,0;336628,0;369904,0;9192412,0;329833,0;0,0;329921,0;9850,0;2311990,0;88048;2951930,0;116474,0;0,0
2023-05-02;1754513,0;239434,0;327161,0;763740,0;538257,0;220026,0;327302;927562,0;163877,0;8605;70495,0;98241,0;370586,0;2243516,0;160193,0;0,0;118290,0;19017,0;1128150,0;102240;2179350,0;126409,0;0,0
2023-05-03;1158515,0;354566,0;412280,0;1461224,0;1241989,0;335050,0;185517;556602,0;444470,0;3473;130684,0;112268,0;206997,0;2877632,0;336433,0;0,0;202612,0;12024,0;1342600,0;83024;3059830,0;188052,0;0,0
2023-05-04;1084286,0;141355,0;446527,0;491424,0;1374033,0;359069,0;182886;343311,0;90483,0;2991;87199,0;120893,0;389793,0;2326360,0;186706,0;0,0;140315,0;7513,0;1441410,0;35622;2841840,0;302673,0;0,0
2023-05-05;1282821,0;162268,0;560105,0;485573,0;1450542,0;320264,0;360125;370362,0;58308,0;4117;63046,0;200662,0;922815,0;4302949,0;113529,0;0,0;593760,0;10051,0;1719250,0;33050;3228960,0;186180,0;0,0
2023-05-08;1100260,0;200056,0;525933,0;956824,0;1234949,0;361715,0;400830;475239,0;89203,0;6471;78020,0;231757,0;417285,0;1836548,0;196005,0;0,0;492139,0;6141,0;2189400,0;90695;2297040,0;253560,0;0,0
2023-05-09;736783,0;345696,0;496620,0;1052023,0;1116144,0;447240,0;249418;559068,0;141562,0;24224;29006,0;206421,0;434838,0;3906302,0;130659,0;0,0;409386,0;13345,0;2361580,0;81996;1627490,0;65428,0;0,0
2023-05-10;796164,0;150139,0;639173,0;804674,0;544289,0;404048,0;228589;679322,0;161549,0;25315;58045,0;191949,0;751763,0;10747799,0;126308,0;0,0;398032,0;23224,0;1887200,0;78138;2020650,0;107686,0;0,0
2023-05-11;1104738,0;218770,0;716563,0;1644835,0;1128616,0;365470,0;131902;475000,0;115112,0;21266;52652,0;143793,0;1378375,0;16260543,0;63159,0;0,0;329704,0;9098,0;1418700,0;122064;2514980,0;108235,0;0,0
2023-05-12;890987,0;211989,0;1283718,0;1002226,0;844058,0;831527,0;281947;615547,0;371015,0;11702;82831,0;436394,0;657676,0;13603734,0;161889,0;0,0;377705,0;10231,0;3254090,0;34201;3940440,0;244372,0;0,0
2023-05-15;2007913,0;129409,0;947940,0;434660,0;361327,0;325725,0;118748;246379,0;265219,0;8766;63006,0;306427,0;487136,0;5814682,0;217913,0;0,0;255891,0;19825,0;1551720,0;120789;2733420,0;103441,0;0,0
2023-05-16;1240611,0;291569,0;872748,0;796863,0;948690,0;473518,0;309621;1639197,0;297673,0;3691;69499,0;311891,0;819949,0;7793618,0;310953,0;0,0;806204,0;9902,0;2390040,0;51423;2497360,0;216780,0;0,0
2023-05-17;1063370,0;234632,0;659735,0;1849077,0;1200070,0;448008,0;168498;967936,0;316941,0;3830;58256,0;240169,0;513401,0;9749065,0;137008,0;0,0;680585,0;10107,0;5679380,0;50648;2116090,0;76872,0;0,0
2023-05-18;706508,0;132800,0;887714,0;1225292,0;898079,0;200832,0;89826;334093,0;139407,0;3992;42787,0;136595,0;407200,0;13402124,0;479682,0;0,0;387775,0;20566,0;2922350,0;168436;1913140,0;75960,0;0,0
2023-05-19;700270,0;248928,0;1075998,0;1116489,0;858050,0;734041,0;160583;769045,0;175468,0;12673;120832,0;155010,0;1283296,0;7419318,0;122880,0;0,0;288091,0;13579,0;10529150,0;315043;2136310,0;106494,0;0,0
2023-05-22;991843,0;155173,0;622357,0;548113,0;813615,0;728105,0;181979;656089,0;126906,0;13797;190490,0;159803,0;633325,0;5894931,0;225126,0;50,0;366184,0;16571,0;4472770,0;100662;2184380,0;131513,0;0,0
2023-05-23;1234739,0;309700,0;680760,0;579587,0;1065982,0;162669,0;302149;771484,0;105673,0;7473;139182,0;324178,0;459601,0;6894168,0;95906,0;0,0;957736,0;17372,0;2111810,0;174906;3064120,0;83072,0;0,0
2023-05-24;1004159,0;86701,0;493817,0;566650,0;591208,0;97161,0;241587;575808,0;130307,0;7930;145847,0;217214,0;479802,0;2846402,0;258160,0;0,0;532537,0;58283,0;2067770,0;31025;1746380,0;161681,0;0,0
2023-05-29;409507,0;76036,0;332973,0;543304,0;751511,0;154249,0;88444;216691,0;91354,0;3546;33263,0;73947,0;493663,0;1138066,0;57503,0;0,0;251568,0;40770,0;1793220,0;54185;854600,0;24811,0;0,0
2023-05-30;1057572,0;149328,0;347034,0;411505,0;543913,0;336647,0;215161;880003,0;426846,0;6109;63582,0;108836,0;453436,0;2002819,0;147055,0;0,0;282634,0;9146,0;1906190,0;270021;2306650,0;67785,0;0,0
2023-05-31;881514,0;78404,0;513009,0;518803,0;938464,0;393636,0;176025;547979,0;299700,0;4258;139553,0;190862,0;295723,0;1718633,0;150513,0;0,0;286725,0;9877,0;2458540,0;145321;1625580,0;130035,0;0,0
2023-06-01;1070690,0;133499,0;582301,0;467530,0;946243,0;238825,0;204047;904472,0;279367,0;5868;148043,0;197470,0;337888,0;2858856,0;778490,0;0,0;301231,0;11821,0;3093990,0;326145;2616040,0;151538,0;0,0
2023-06-02;1346874,0;94395,0;464227,0;1323283,0;2175786,0;168831,0;145878;703726,0;240192,0;5974;83367,0;284650,0;526824,0;3762876,0;799409,0;0,0;414975,0;17242,0;888370,0;226372;1898250,0;81085,0;0,0
2023-06-05;1810133,0;111259,0;1641160,0;529843,0;1624516,0;189808,0;168279;1032365,0;531481,0;5225;139338,0;330566,0;993916,0;6270270,0;586417,0;0,0;498664,0;17999,0;1541760,0;413769;1719680,0;62365,0;0,0
2023-06-06;5599778,0;471805,0;708935,0;828227,0;976346,0;915172,0;872552;1531907,0;252710,0;9666;320823,0;425713,0;1684693,0;8427272,0;480645,0;0,0;369900,0;12867,0;4325740,0;185791;3454650,0;403562,0;0,0
2023-06-07;4006278,0;299197,0;1464388,0;525715,0;1044716,0;145083,0;735503;744219,0;157860,0;7304;163958,0;224014,0;1037481,0;4220832,0;401384,0;0,0;346729,0;11151,0;1315760,0;110550;3692940,0;299510,0;0,0
2023-06-08;2132450,0;149696,0;438641,0;380872,0;979882,0;130095,0;166811;923638,0;83743,0;5258;154663,0;220391,0;407391,0;5925636,0;238071,0;0,0;307114,0;13996,0;1133700,0;146587;2799290,0;256975,0;0,0
2023-06-09;1318714,0;174242,0;891877,0;540349,0;513682,0;124906,0;280979;613526,0;197967,0;5863;133753,0;130032,0;227375,0;6454835,0;180650,0;0,0;161676,0;12052,0;2240800,0;49999;2141980,0;89253,0;0,0
2023-06-12;1050826,0;136715,0;358531,0;608949,0;298661,0;156928,0;180466;583363,0;363403,0;5254;86696,0;152705,0;153602,0;3638562,0;123409,0;0,0;80251,0;8435,0;1163910,0;48372;1481040,0;149721,0;0,0
2023-06-13;1255596,0;319134,0;730514,0;338370,0;450193,0;184010,0;648625;619600,0;111053,0;2192;235264,0;291347,0;178944,0;5842089,0;222168,0;0,0;224843,0;3785,0;1070860,0;25654;1763970,0;223621,0;0,0
2023-06-14;1628790,0;166851,0;370078,0;319605,0;632935,0;87266,0;115111;250271,0;60608,0;5440;72246,0;291191,0;314138,0;3576947,0;170538,0;0,0;290500,0;13257,0;1185240,0;52306;2762620,0;99456,0;0,0
2023-06-15;3071165,0;210044,0;492787,0;398545,0;1032393,0;188058,0;372909;556099,0;1629860,0;5674;177284,0;212604,0;308834,0;8432862,0;228481,0;0,0;284494,0;10575,0;1964000,0;107784;3299350,0;197298,0;0,0
2023-06-16;5390205,0;399196,0;1107247,0;1065279,0;711080,0;294183,0;408428;972095,0;270070,0;6957;209532,0;434061,0;435734,0;16149741,0;236398,0;0,0;444026,0;9005,0;2693570,0;395467;4692350,0;332652,0;0,0
2023-06-21;2356588,0;472418,0;972142,0;1496743,0;1430204,0;867640,0;685387;929423,0;302251,0;13899;270509,0;565673,0;1671706,0;14564020,0;786613,0;0,0;673467,0;11154,0;5437950,0;503751;4671310,0;324688,0;0,0
2023-06-22;1930427,0;616476,0;832410,0;1140342,0;1349283,0;155742,0;638379;936898,0;265776,0;9032;191007,0;354650,0;507708,0;10855813,0;731098,0;0,0;578147,0;8251,0;4309550,0;301116;3672740,0;210764,0;0,0
2023-06-23;1193290,0;397766,0;726334,0;749339,0;837741,0;245516,0;425994;870097,0;251194,0;9324;217626,0;184165,0;558624,0;7463980,0;372204,0;0,0;1057696,0;8295,0;3000560,0;546610;2756880,0;134818,0;0,0
2023-06-26;2272430,0;489901,0;1189830,0;1111261,0;1059523,0;266808,0;1263121;1431145,0;608019,0;18124;389337,0;303766,0;742058,0;16628733,0;1343783,0;0,0;981915,0;17355,0;4327910,0;321918;3503850,0;191594,0;0,0
2023-06-27;2085333,0;213763,0;1097703,0;1080755,0;944701,0;220629,0;377885;677488,0;299574,0;11776;213595,0;360153,0;493560,0;6279295,0;694306,0;0,0;954310,0;13324,0;2297230,0;308478;4051940,0;115890,0;0,0
2023-06-28;1894069,0;300884,0;682964,0;767769,0;756802,0;1305381,0;260247;787620,0;243629,0;8274;90030,0;445306,0;252378,0;6710218,0;787875,0;0,0;445886,0;11692,0;13620610,0;807707;4324310,0;135784,0;0,0
2023-06-29;769415,0;252594,0;407113,0;503843,0;547139,0;600991,0;253814;753341,0;167302,0;4414;59572,0;516553,0;402046,0;1927770,0;415422,0;0,0;312690,0;6410,0;11070070,0;720665;2094990,0;594106,0;0,0
2023-06-30;1364740,0;334692,0;732738,0;1061417,0;822082,0;483446,0;295713;643438,0;321598,0;6470;199449,0;234369,0;460939,0;3833737,0;327914,0;0,0;316125,0;5854,0;7921090,0;253116;2673060,0;89877,0;0,0
2023-07-03;1560891,0;309139,0;1019500,0;1111607,0;991774,0;354296,0;153627;1054803,0;189633,0;8533;139885,0;328172,0;447190,0;6341630,0;395346,0;0,0;772871,0;5575,0;6535060,0;181052;2985050,0;105693,0;0,0
2023-07-04;772021,0;237785,0;340092,0;463855,0;691404,0;169093,0;154683;399031,0;110893,0;5627;125872,0;92644,0;513306,0;8200790,0;184567,0;0,0;399750,0;3788,0;4238370,0;74617;946560,0;88298,0;0,0
2023-07-05;1063996,0;335830,0;710427,0;524503,0;648385,0;330230,0;444425;547894,0;281861,0;3355;252766,0;326289,0;329708,0;9350774,0;140485,0;0,0;767263,0;9402,0;6030800,0;229467;3088320,0;382548,0;0,0
2023-07-06;1932290,0;271476,0;504848,0;438531,0;547320,0;380133,0;492352;388776,0;226214,0;6808;90147,0;171883,0;383430,0;6991671,0;136183,0;0,0;293609,0;4101,0;4445430,0;266135;3564840,0;217309,0;0,0
2023-07-07;1012309,0;117118,0;482327,0;620167,0;719395,0;258986,0;163336;279475,0;165882,0;3672;386171,0;151572,0;682925,0;12274587,0;154388,0;0,0;787138,0;4906,0;2041510,0;200699;2721850,0;93553,0;0,0
2023-07-10;998653,0;97948,0;945620,0;400248,0;515744,0;134754,0;200279;212142,0;66982,0;5542;192643,0;171076,0;530915,0;6364957,0;243053,0;0,0;365654,0;4120,0;3061790,0;244753;1497350,0;59794,0;0,0
2023-07-11;1496871,0;165739,0;451172,0;575826,0;731215,0;117859,0;180567;765546,0;129991,0;7620;254684,0;136341,0;277345,0;6903028,0;140350,0;0,0;510163,0;1979,0;2520900,0;187391;1183140,0;72370,0;0,0
2023-07-12;1745187,0;187319,0;672665,0;526193,0;652328,0;128605,0;394802;485956,0;97844,0;3035;211867,0;187608,0;414068,0;17361580,0;132650,0;0,0;304951,0;5686,0;2745700,0;41379;1674400,0;152181,0;0,0
2023-07-13;2315255,0;218932,0;681123,0;1297816,0;1201330,0;275774,0;716315;664271,0;328586,0;7346;266307,0;150843,0;253856,0;17994675,0;261356,0;0,0;464275,0;6693,0;7041540,0;173241;2441420,0;183408,0;0,0
2023-07-14;1518114,0;200316,0;700292,0;863835,0;599243,0;176567,0;186158;281963,0;200900,0;3249;202690,0;152898,0;265327,0;6772130,0;194549,0;0,0;176461,0;4468,0;3189920,0;183483;1672640,0;69919,0;0,0
2023-07-17;1297316,0;245855,0;879931,0;573201,0;418966,0;259833,0;297306;606981,0;316222,0;4158;305530,0;126350,0;197261,0;12004863,0;474912,0;0,0;155524,0;60411,0;3558330,0;233231;1807350,0;101077,0;0,0
2023-07-18;1593873,0;222410,0;1003796,0;314451,0;702940,0;257887,0;257938;693054,0;248047,0;3108;125735,0;119981,0;242308,0;8049839,0;350176,0;0,0;289407,0;18751,0;1835820,0;296118;1998970,0;82624,0;0,0
2023-07-19;1302844,0;213615,0;1055619,0;946951,0;847355,0;296116,0;242653;583022,0;200979,0;3097;197325,0;118739,0;360026,0;2937303,0;311723,0;0,0;131241,0;8520,0;1288770,0;307797;1101160,0;121667,0;0,0
2023-07-20;1902388,0;108174,0;582239,0;790807,0;1261680,0;194150,0;134381;752773,0;225332,0;9427;225147,0;86994,0;136177,0;2515052,0;94757,0;0,0;83171,0;9751,0;2436930,0;239772;1237740,0;161348,0;0,0
2023-07-21;1675277,0;158694,0;518147,0;873592,0;909212,0;514882,0;565596;526546,0;315406,0;13589;297092,0;159546,0;255588,0;9075771,0;118139,0;0,0;341271,0;34774,0;2467620,0;241700;1123170,0;271415,0;0,0
2023-07-24;1766927,0;241215,0;685223,0;814423,0;778108,0;114818,0;330568;422945,0;443905,0;8459;212438,0;118494,0;574292,0;5469899,0;123155,0;0,0;212038,0;57719,0;3153570,0;76771;1825610,0;235556,0;0,0
2023-07-25;1151802,0;161053,0;320638,0;979176,0;1163049,0;129769,0;244736;536648,0;282114,0;3841;270204,0;171024,0;230770,0;4065556,0;150492,0;0,0;168456,0;9534,0;2623030,0;69184;952780,0;241493,0;0,0
2023-07-26;1060766,0;154554,0;382173,0;1200883,0;581023,0;145340,0;160781;578567,0;296001,0;5940;180045,0;102751,0;363451,0;2320958,0;109398,0;0,0;153320,0;14749,0;2323310,0;114994;1185130,0;148006,0;0,0
2023-07-27;2145746,0;277982,0;618072,0;985209,0;772758,0;105751,0;695495;447584,0;84511,0;3617;232893,0;137794,0;493073,0;5377930,0;214465,0;0,0;177722,0;7405,0;957650,0;208635;2227020,0;215383,0;0,0
2023-07-28;1613953,0;180452,0;542762,0;708854,0;403222,0;222564,0;391582;483115,0;111732,0;3568;170065,0;110921,0;721808,0;4431866,0;167604,0;0,0;166031,0;13573,0;1494540,0;30742;1732540,0;194931,0;0,0
2023-07-31;1520068,0;276438,0;631089,0;804328,0;495242,0;216678,0;261444;918543,0;189992,0;4496;186448,0;110900,0;567605,0;4056634,0;303127,0;0,0;281312,0;13029,0;2312630,0;125212;1504890,0;107623,0;0,0
2023-08-01;1446413,0;980930,0;1268120,0;630724,0;585662,0;211028,0;195522;868113,0;192165,0;3664;277893,0;243801,0;671432,0;6220566,0;308034,0;0,0;280066,0;4636,0;924580,0;96247;1398230,0;153281,0;0,0
2023-08-02;2127495,0;335717,0;513396,0;1237105,0;555432,0;400361,0;463965;864126,0;181398,0;6606;136743,0;221141,0;598205,0;5709301,0;107030,0;0,0;376988,0;9838,0;1872550,0;221512;1669660,0;94197,0;0,0
2023-08-03;1879983,0;290240,0;737132,0;1054463,0;764523,0;346397,0;250655;1486452,0;181572,0;4909;85104,0;215210,0;577610,0;5093627,0;745354,0;4492,0;859896,0;16841,0;2790800,0;142226;2275660,0;138146,0;0,0
2023-08-04;1833869,0;252288,0;789732,0;529031,0;531017,0;398512,0;280851;758514,0;125329,0;4669;270794,0;270609,0;567597,0;8880362,0;459767,0;0,0;308495,0;6238,0;4165250,0;281171;2840770,0;106777,0;0,0
2023-08-07;1819785,0;328202,0;786799,0;732878,0;1141808,0;517869,0;546280;801357,0;193890,0;10090;314113,0;349629,0;540371,0;19769945,0;344029,0;0,0;393248,0;20101,0;2732570,0;130951;2179420,0;147469,0;0,0
2023-08-08;1735057,0;700917,0;1075056,0;1164594,0;1905164,0;588651,0;377368;1067676,0;337828,0;11729;382455,0;341168,0;696724,0;11171386,0;533591,0;0,0;588216,0;14024,0;6466710,0;86329;3389970,0;179694,0;0,0
2023-08-09;1528729,0;506919,0;776418,0;939275,0;1215161,0;397955,0;454029;879839,0;191100,0;10224;219852,0;181190,0;541978,0;18048071,0;246518,0;0,0;388658,0;8415,0;3314780,0;44789;2384080,0;120903,0;0,0
2023-08-10;1731829,0;397643,0;997874,0;731960,0;1410178,0;409528,0;474330;1069270,0;401545,0;4286;168383,0;219404,0;1180851,0;4620539,0;365262,0;0,0;421325,0;5402,0;5826280,0;111482;2136630,0;243961,0;0,0
2023-08-11;1666503,0;392474,0;976195,0;1011061,0;933228,0;244165,0;1015594;1061414,0;198411,0;8466;375216,0;221769,0;1326097,0;12550609,0;327215,0;0,0;403776,0;8277,0;8626450,0;48031;2613650,0;338299,0;0,0
2023-08-14;2606214,0;742787,0;920442,0;806921,0;971400,0;519528,0;569592;1963041,0;170661,0;19857;410107,0;304680,0;843980,0;9729381,0;787874,0;0,0;552363,0;15937,0;5872450,0;301191;5337360,0;180001,0;0,0
2023-08-15;3792386,0;604569,0;1250827,0;893894,0;1136655,0;512127,0;250124;1441318,0;195650,0;28611;707892,0;246362,0;1088456,0;11432728,0;925336,0;0,0;600166,0;8598,0;2866130,0;90561;3353060,0;273411,0;0,0
2023-08-16;5790282,0;498560,0;1665017,0;1839486,0;1341821,0;438866,0;887651;2035603,0;310993,0;28125;376809,0;583249,0;1791866,0;22707671,0;266159,0;0,0;1730022,0;17049,0;7173790,0;202527;4018260,0;267182,0;0,0
2023-08-17;3802936,0;240880,0;989640,0;2211259,0;1373980,0;385777,0;203695;1749056,0;499494,0;19788;73108,0;402413,0;1203488,0;16872978,0;288092,0;0,0;1160842,0;22294,0;5677070,0;148997;3678900,0;129134,0;0,0
2023-08-18;2340557,0;376784,0;926624,0;1185094,0;1093612,0;431540,0;260213;1009495,0;576679,0;15644;187352,0;229604,0;943857,0;10012517,0;172282,0;0,0;822780,0;14200,0;5857030,0;81180;2412950,0;192602,0;0,0
2023-08-22;1258915,0;505170,0;691952,0;1036956,0;671328,0;259470,0;261758;917462,0;464713,0;15520;89859,0;315303,0;707404,0;9790708,0;186876,0;0,0;466832,0;14391,0;2370740,0;194775;1628160,0;220951,0;0,0
2023-08-23;1925551,0;316460,0;798001,0;691339,0;618160,0;278831,0;244580;956597,0;270813,0;26964;73452,0;205554,0;642464,0;7053374,0;159925,0;0,0;459131,0;19812,0;4949730,0;77991;1445510,0;152312,0;0,0
2023-08-24;1449989,0;337446,0;668106,0;1014191,0;1086265,0;471121,0;328584;921836,0;181686,0;6477;113441,0;206310,0;871599,0;8690025,0;196737,0;0,0;436838,0;7120,0;2248730,0;103864;1230560,0;173695,0;0,0
2023-08-25;1227480,0;402793,0;994470,0;646814,0;652433,0;183413,0;498863;770041,0;212316,0;16778;75494,0;247527,0;1038037,0;7020917,0;244982,0;0,0;505531,0;9756,0;3141890,0;29649;1990780,0;182171,0;0,0
2023-08-28;2292686,0;392119,0;667548,0;1451078,0;942182,0;189160,0;406690;1027045,0;228468,0;32139;143686,0;360734,0;2099315,0;11012465,0;541456,0;0,0;829223,0;24287,0;2300010,0;67158;1473160,0;106643,0;0,0
2023-08-29;2163574,0;291726,0;1064538,0;1515687,0;991974,0;183138,0;527837;1438111,0;344752,0;33687;218682,0;289633,0;1364993,0;8337459,0;186181,0;0,0;559412,0;21074,0;4765820,0;49335;1989790,0;222303,0;0,0
2023-08-30;2187099,0;480995,0;888223,0;865638,0;1023490,0;185350,0;703963;957140,0;334474,0;19624;91411,0;181732,0;1490878,0;5526168,0;210454,0;0,0;394116,0;21899,0;5130100,0;54046;1961900,0;182661,0;0,0
2023-08-31;1722417,0;175829,0;789799,0;643231,0;691571,0;352105,0;600528;862672,0;187063,0;7292;120942,0;199112,0;599961,0;7650991,0;202003,0;0,0;574958,0;7274,0;3918990,0;24606;2151480,0;111542,0;0,0
2023-09-01;1645821,0;335116,0;678652,0;599486,0;666224,0;262497,0;507320;685948,0;117626,0;6736;75472,0;115199,0;681536,0;6732212,0;97616,0;0,0;481152,0;6779,0;4118730,0;30547;2610910,0;80060,0;0,0
2023-09-04;1113384,0;107433,0;320337,0;227875,0;600722,0;76898,0;72433;314220,0;53986,0;9260;71684,0;64809,0;200718,0;3521575,0;80223,0;0,0;267621,0;9223,0;1980870,0;11931;1002860,0;38333,0;0,0
2023-09-05;1811459,0;127748,0;950679,0;739092,0;861568,0;347152,0;109455;865087,0;455394,0;17074;90653,0;281964,0;503757,0;7696819,0;448418,0;0,0;450852,0;10589,0;3525220,0;46554;3115690,0;83590,0;0,0
2023-09-06;1477323,0;214002,0;769098,0;749909,0;843957,0;475875,0;159331;1115004,0;361003,0;7302;75904,0;181432,0;657646,0;5684436,0;126205,0;0,0;279698,0;7719,0;3101090,0;286036;2178270,0;92618,0;0,0
2023-09-07;2405115,0;532461,0;1491260,0;1081426,0;952383,0;671620,0;795634;2874448,0;198512,0;10271;107414,0;303234,0;791822,0;5659949,0;668356,0;0,0;332812,0;16950,0;3009070,0;299871;3490400,0;190593,0;0,0
2023-09-08;2000603,0;634329,0;1389361,0;526742,0;1049981,0;542032,0;963717;1503485,0;231148,0;6405;241968,0;367350,0;791772,0;4725429,0;528727,0;0,0;419761,0;7934,0;3588830,0;95419;5117940,0;466154,0;0,0
2023-09-11;1952151,0;818032,0;2198507,0;2034269,0;1307611,0;687629,0;1291319;1979453,0;246876,0;5404;160008,0;379410,0;472197,0;7433861,0;826337,0;5,0;470372,0;6811,0;4058030,0;369665;8759520,0;214147,0;0,0
2023-09-12;2141632,0;908603,0;1650362,0;1613062,0;2278357,0;885256,0;773575;847768,0;142629,0;7991;83677,0;500788,0;692495,0;9160684,0;794931,0;1,0;433468,0;6863,0;2529120,0;112601;5154060,0;260476,0;0,0
2023-09-13;1752882,0;408732,0;1448150,0;839373,0;1150820,0;295834,0;570756;660871,0;242500,0;4640;171410,0;284973,0;372105,0;7800055,0;232466,0;0,0;250239,0;5911,0;4544260,0;214822;2963890,0;202402,0;0,0
2023-09-14;1179720,0;233084,0;1215304,0;818338,0;1232185,0;312074,0;178509;886930,0;188943,0;3944;155231,0;284634,0;698746,0;6611330,0;114267,0;0,0;402527,0;5096,0;5403750,0;354455;2941280,0;197029,0;0,0
2023-09-15;951924,0;203885,0;742005,0;986571,0;1180882,0;139869,0;179946;670056,0;86954,0;2043;146183,0;208654,0;595487,0;3321925,0;144663,0;0,0;195097,0;9883,0;3810200,0;275877;2158670,0;80580,0;0,0
2023-09-18;1299132,0;119399,0;994376,0;1318854,0;939514,0;303385,0;233062;747707,0;296746,0;3831;150342,0;278307,0;1018471,0;6731692,0;151741,0;0,0;582331,0;4553,0;4310430,0;127123;2432160,0;69472,0;0,0
2023-09-19;1101073,0;109217,0;588646,0;1095218,0;1028604,0;213865,0;328699;548726,0;192505,0;3211;83369,0;240110,0;382664,0;6571357,0;223943,0;0,0;818755,0;10221,0;1843210,0;152888;2410800,0;80918,0;0,0
2023-09-20;1381512,0;302561,0;636499,0;1033749,0;811951,0;130153,0;611884;687783,0;114552,0;3861;121366,0;225060,0;962756,0;6121884,0;160869,0;0,0;262841,0;9892,0;4787270,0;168540;1875150,0;122438,0;0,0
2023-09-21;2179826,0;214663,0;1154795,0;683244,0;713056,0;415782,0;680307;1429127,0;147943,0;3632;106809,0;196480,0;383921,0;8799334,0;238221,0;0,0;671952,0;1858,0;2710280,0;32419;2247580,0;98091,0;0,0
2023-09-22;1011207,0;235689,0;734293,0;553873,0;391358,0;165909,0;332150;411160,0;297308,0;2494;70116,0;128879,0;383012,0;12517991,0;102581,0;0,0;135368,0;8908,0;2235550,0;91393;1783460,0;119570,0;0,0
2023-09-25;2109258,0;320020,0;737278,0;432363,0;475803,0;134844,0;532781;462571,0;92593,0;4650;108100,0;92179,0;299070,0;8527762,0;101869,0;0,0;195594,0;10091,0;1679110,0;58883;1951600,0;141560,0;0,0
2023-09-26;1863291,0;265691,0;1271720,0;570369,0;578876,0;317556,0;891730;1011330,0;195377,0;3635;105907,0;198527,0;293736,0;6629583,0;203619,0;0,0;338682,0;4132,0;1534940,0;48136;1597620,0;291644,0;0,0
2023-09-27;2775809,0;309222,0;1075070,0;584172,0;565443,0;227301,0;819727;638025,0;169408,0;4887;112922,0;159084,0;590837,0;8028949,0;119098,0;0,0;424040,0;8145,0;3128960,0;42734;1966410,0;389673,0;0,0
2023-09-28;1698522,0;207853,0;897789,0;881343,0;627362,0;179735,0;333460;849565,0;144109,0;7113;133891,0;188888,0;301890,0;13623068,0;429452,0;4,0;330042,0;11825,0;4301810,0;74151;1565960,0;176119,0;0,0
2023-09-29;1900022,0;361170,0;1060080,0;933246,0;562723,0;269280,0;411694;1007414,0;219004,0;7717;71512,0;246738,0;414357,0;8268739,0;860663,0;0,0;483364,0;6578,0;2272430,0;159348;1881310,0;158353,0;0,0
2023-10-02;1905695,0;590950,0;941224,0;691282,0;728206,0;183668,0;464843;740950,0;186390,0;7482;155284,0;237462,0;477170,0;5981647,0;255898,0;0,0;140635,0;15589,0;1738790,0;308809;1820060,0;161303,0;0,0
2023-10-03;3468412,0;387145,0;1203225,0;967994,0;1000959,0;124876,0;488271;1003257,0;321284,0;7136;135689,0;474798,0;589486,0;8906180,0;261291,0;0,0;690398,0;9737,0;3472360,0;44015;2759190,0;146597,0;0,0
2023-10-04;1639463,0;153902,0;916866,0;694749,0;1396877,0;230386,0;519562;788640,0;337276,0;11494;189844,0;251020,0;267740,0;16349774,0;427545,0;0,0;295863,0;9087,0;4135760,0;45708;2211350,0;94870,0;0,0
2023-10-05;2141037,0;119165,0;1178612,0;1404257,0;1790609,0;505006,0;293812;882854,0;188992,0;13836;176335,0;485834,0;296948,0;8651549,0;643638,0;0,0;333946,0;5149,0;4869310,0;85268;3431470,0;138906,0;0,0
2023-10-06;1920582,0;123357,0;1355462,0;1516082,0;2014552,0;586882,0;359833;645690,0;163334,0;6882;152887,0;287934,0;824973,0;9636433,0;580115,0;0,0;221471,0;11702,0;3404440,0;102075;3219820,0;257769,0;0,0
2023-10-09;2041630,0;169549,0;896994,0;988676,0;1646787,0;629119,0;280435;1234574,0;190797,0;12589;207002,0;234572,0;551887,0;8061033,0;533654,0;0,0;560157,0;10941,0;5473980,0;77059;3164500,0;174510,0;0,0
2023-10-10;3280229,0;574506,0;1755266,0;2323716,0;2369434,0;296139,0;729802;1027408,0;518737,0;9529;179947,0;416213,0;1988599,0;12527697,0;437969,0;0,0;1241158,0;19573,0;7287050,0;154464;3959970,0;282418,0;0,0
2023-10-11;1701897,0;242107,0;2498064,0;1880947,0;1921394,0;1522198,0;406969;1129249,0;403406,0;9386;98634,0;728551,0;800742,0;10789561,0;216265,0;0,0;315595,0;10468,0;4179540,0;897845;3917550,0;107488,0;0,0
2023-10-12;2400210,0;200650,0;2984776,0;2924987,0;3137437,0;881828,0;436455;2707651,0;1586288,0;7730;177935,0;884980,0;1019499,0;20844442,0;348795,0;0,0;625902,0;14409,0;14108340,0;622323;6715910,0;213413,0;0,0
2023-10-17;3448311,0;369501,0;2999384,0;3502029,0;3796800,0;595547,0;390640;3492399,0;1179442,0;14677;261223,0;1142387,0;868858,0;13022859,0;558078,0;0,0;613613,0;16078,0;8180200,0;388796;8511520,0;301008,0;0,0
2023-10-18;3214924,0;332459,0;3007515,0;2758504,0;3091177,0;601690,0;1412970;2636467,0;833081,0;8433;309180,0;735590,0;833023,0;12286125,0;370961,0;0,0;861322,0;30148,0;6613120,0;193880;7650680,0;228314,0;0,0
2023-10-19;4509206,0;415424,0;2435303,0;2386427,0;2864116,0;531256,0;683555;2048262,0;361153,0;11268;235255,0;415489,0;945850,0;12615171,0;248747,0;0,0;236708,0;26229,0;7617450,0;133870;4610070,0;228161,0;0,0
2023-10-20;4069539,0;279402,0;1820480,0;1660326,0;2229970,0;368139,0;595168;1624339,0;371810,0;12027;128189,0;587236,0;1222222,0;16543152,0;232301,0;0,0;492822,0;9362,0;5814160,0;193874;3442790,0;287771,0;0,0
2023-10-23;3495699,0;365137,0;2415553,0;1805949,0;2226968,0;455346,0;1199846;1527950,0;275188,0;47602;508525,0;179905,0;641939,0;7598256,0;1477126,0;0,0;416829,0;8800,0;10371080,0;196491;3966470,0;682314,0;0,0
2023-10-24;4088032,0;453714,0;812025,0;1588327,0;1436895,0;252636,0;168522;854357,0;129256,0;16009;84647,0;506499,0;324940,0;8978110,0;267653,0;631,0;784017,0;15057,0;10781100,0;167891;4378190,0;312908,0;0,0
2023-10-25;3664743,0;367123,0;1079135,0;1448918,0;1125878,0;190283,0;716612;753776,0;63043,0;12340;55628,0;434481,0;407970,0;4433134,0;145295,0;0,0;277114,0;13180,0;4066820,0;86257;3723210,0;495448,0;0,0
2023-10-26;1476794,0;248344,0;557399,0;1003017,0;1605458,0;233906,0;539435;262133,0;78704,0;3166;66542,0;138318,0;157856,0;4403828,0;300129,0;0,0;160961,0;12634,0;2952890,0;58249;1801950,0;235184,0;0,0
2023-10-27;1831405,0;221050,0;1059296,0;863150,0;2034916,0;116548,0;350969;280850,0;84921,0;1976;45428,0;188030,0;188692,0;3569702,0;80674,0;0,0;78148,0;7273,0;2109890,0;109243;1848540,0;233700,0;0,0
2023-10-30;1882639,0;188092,0;1387456,0;968770,0;1394559,0;178052,0;901692;860311,0;54266,0;5373;42862,0;304651,0;426922,0;4635664,0;81105,0;0,0;615293,0;9261,0;2504590,0;579242;3792820,0;141381,0;0,0
2023-10-31;2664282,0;20870,0;106350,0;234546,0;1741034,0;84940,0;214092;1081739,0;22218,0;1532;30753,0;25681,0;55088,0;5393380,0;45514,0;0,0;27752,0;436,0;798120,0;33652;5474330,0;22005,0;0,0
2023-11-01;3011575,0;278989,0;749291,0;1196417,0;2420086,0;315831,0;486515;955445,0;139669,0;6512;38792,0;145954,0;323456,0;4580254,0;548647,0;0,0;380306,0;14090,0;1873900,0;96663;5631820,0;345232,0;0,0
2023-11-02;1836249,0;613299,0;1621440,0;1649663,0;1863408,0;222930,0;282883;619626,0;192370,0;10462;98749,0;129626,0;751893,0;3275412,0;336087,0;0,0;176745,0;10170,0;2290350,0;141669;3500170,0;81775,0;0,0
2023-11-03;1107432,0;282491,0;1146307,0;1401000,0;1597373,0;277159,0;308916;1240828,0;223272,0;10235;24120,0;498210,0;147021,0;3961106,0;253676,0;0,0;187146,0;7217,0;1542920,0;78606;2341550,0;95330,0;0,0
2023-11-07;1352207,0;84762,0;762155,0;831472,0;919487,0;417131,0;96841;407325,0;115719,0;4874;21501,0;176379,0;215188,0;1589042,0;214122,0;0,0;169409,0;2527,0;561970,0;54292;2532950,0;35138,0;0,0
2023-11-08;1250856,0;173552,0;783428,0;473565,0;883461,0;269639,0;331421;393957,0;47276,0;6988;38229,0;264913,0;313238,0;1912076,0;180792,0;0,0;111032,0;8511,0;1496120,0;43782;2362160,0;100547,0;0,0
2023-11-09;1110683,0;130615,0;931171,0;1035759,0;1627783,0;295564,0;79940;503178,0;130892,0;7233;59473,0;162835,0;294907,0;1531205,0;205324,0;0,0;231314,0;3174,0;3287780,0;107781;2965920,0;101507,0;0,0
2023-11-10;1424250,0;72895,0;1060305,0;1333354,0;1258225,0;258287,0;547237;318753,0;64558,0;8320;37462,0;290860,0;184928,0;4613023,0;168744,0;0,0;191464,0;6962,0;2054870,0;101995;2360430,0;88675,0;0,0
2023-11-13;1244184,0;69154,0;609020,0;1143597,0;1351702,0;137658,0;387813;270551,0;42791,0;5413;32659,0;69798,0;190957,0;5319349,0;318480,0;0,0;117743,0;10067,0;682040,0;85805;1707650,0;59190,0;0,0
2023-11-14;2306236,0;40827,0;815582,0;477806,0;569311,0;159694,0;202335;355792,0;45064,0;8432;35960,0;103221,0;203771,0;2025889,0;169487,0;0,0;164885,0;17899,0;1308830,0;85389;1553390,0;71602,0;0,0
2023-11-15;2552704,0;164999,0;728056,0;460325,0;719458,0;117493,0;127732;411322,0;83830,0;11370;68655,0;160120,0;338662,0;1720343,0;183073,0;0,0;171549,0;6194,0;2602090,0;90076;1222760,0;102961,0;0,0
2023-11-16;2347432,0;233541,0;872362,0;1420579,0;1040305,0;209776,0;373556;754619,0;106579,0;6444;57961,0;157407,0;538883,0;3692542,0;209049,0;58,0;222341,0;5887,0;8184610,0;46642;1539700,0;136268,0;0,0
2023-11-17;2036527,0;280728,0;982072,0;1559122,0;1732938,0;204867,0;973367;1138783,0;293058,0;17642;159450,0;233251,0;404539,0;4573232,0;171184,0;0,0;170042,0;14414,0;3659160,0;57492;2929630,0;142494,0;0,0
2023-11-21;5381214,0;650386,0;2962291,0;2192616,0;2177175,0;939844,0;1005414;2723686,0;359742,0;49175;712697,0;717061,0;917278,0;19556373,0;1193141,0;0,0;1389262,0;22939,0;8385210,0;337664;11439540,0;371848,0;0,0
2023-11-22;5068047,0;700290,0;2442520,0;1836138,0;2577679,0;1471741,0;628574;2201879,0;248551,0;28470;332101,0;539351,0;1424026,0;14246317,0;635257,0;0,0;1471381,0;24615,0;7106120,0;485729;8305450,0;727707,0;0,0
2023-11-23;1244538,0;385325,0;808902,0;1469746,0;1660244,0;909267,0;226271;1331172,0;84987,0;42579;294604,0;245760,0;854156,0;3957567,0;371246,0;10,0;741371,0;16363,0;3335190,0;387344;2581780,0;328312,0;0,0
2023-11-24;4764168,0;609443,0;1663111,0;2189320,0;1628406,0;670940,0;1013228;1843318,0;348829,0;21025;566567,0;464451,0;1556047,0;9256013,0;604739,0;0,0;393225,0;22291,0;4926330,0;439356;6613520,0;650550,0;0,0
2023-11-27;6084729,0;1197457,0;2579267,0;2296739,0;2105117,0;874914,0;1732846;3211964,0;912844,0;11901;445629,0;1121807,0;1802643,0;17223904,0;680133,0;2,0;741019,0;22603,0;3671200,0;474209;6086750,0;572348,0;0,0
2023-11-28;3914241,0;552386,0;1145281,0;2211208,0;1875071,0;566247,0;1277899;1502766,0;187557,0;22040;358677,0;553628,0;756490,0;10486888,0;347658,0;705,0;441341,0;19882,0;3883250,0;181201;3981270,0;371919,0;0,0
2023-11-29;1993358,0;283914,0;953408,0;1257766,0;1059268,0;572628,0;318756;1163434,0;198324,0;11799;138742,0;306088,0;642871,0;9315408,0;1034083,0;0,0;518362,0;14488,0;6502720,0;207500;3698110,0;299289,0;0,0
2023-11-30;2452378,0;240040,0;697404,0;860389,0;2354635,0;876147,0;149899;637137,0;589956,0;7184;151172,0;185534,0;430702,0;6997338,0;226910,0;0,0;159567,0;18799,0;1498740,0;420066;3528250,0;138227,0;0,0
2023-12-01;2458938,0;134040,0;1166706,0;1927022,0;2582081,0;1326362,0;285487;2029368,0;149793,0;11285;120689,0;244932,0;532733,0;7677987,0;312467,0;0,0;369851,0;21407,0;3396940,0;432366;3390570,0;135660,0;0,0
2023-12-04;2095250,0;378506,0;792829,0;846127,0;1373395,0;1100512,0;186378;1466950,0;165040,0;5593;91895,0;443474,0;525795,0;6362812,0;185293,0;0,0;427989,0;26106,0;3094660,0;330666;2541970,0;116527,0;0,0
2023-12-05;2945044,0;286354,0;970204,0;1293610,0;1682432,0;1187759,0;263655;1450446,0;160825,0;11008;269211,0;650877,0;986310,0;9755058,0;312083,0;0,0;864013,0;19924,0;6900080,0;374081;3478220,0;109308,0;0,0
2023-12-06;1784772,0;220636,0;1096048,0;1154991,0;1163605,0;1621568,0;354758;1658115,0;252378,0;6455;134510,0;840077,0;809400,0;7134927,0;518050,0;0,0;590883,0;21729,0;3222090,0;532188;5266350,0;423516,0;0,0
2023-12-07;2667742,0;417228,0;1404007,0;1843833,0;2207651,0;1324374,0;1052207;1372314,0;291315,0;13004;375413,0;716227,0;566545,0;9320900,0;765941,0;0,0;383241,0;31912,0;5962510,0;238505;5955050,0;278653,0;0,0
2023-12-11;4215047,0;150651,0;1507296,0;2234291,0;1240139,0;1039329,0;305292;1261930,0;392511,0;8684;270944,0;550355,0;547334,0;11832180,0;852962,0;0,0;1339709,0;24658,0;2296980,0;391845;4452130,0;349707,0;0,0
2023-12-12;1965001,0;226151,0;1478676,0;1473954,0;1841285,0;1940009,0;689444;957110,0;322430,0;7329;233521,0;703746,0;2231654,0;16373197,0;1288008,0;0,0;992266,0;12060,0;2535380,0;458043;6537010,0;516615,0;0,0
2023-12-13;3411926,0;191173,0;922712,0;1293332,0;1368631,0;897067,0;484670;1159810,0;137786,0;9030;135745,0;345517,0;665933,0;10225483,0;827247,0;0,0;686951,0;23729,0;3681220,0;380641;5552820,0;205277,0;0,0
2023-12-14;3493588,0;381587,0;820356,0;1429027,0;1901423,0;521782,0;343853;1172779,0;135951,0;11568;210310,0;416464,0;467792,0;11830889,0;718831,0;0,0;198554,0;24329,0;2712790,0;207297;3760310,0;155469,0;0,0
2023-12-15;3948715,0;380454,0;1135034,0;1660000,0;2276636,0;580038,0;212659;1517206,0;276352,0;11136;134854,0;451709,0;1385657,0;12003882,0;424267,0;0,0;315441,0;14196,0;3516050,0;318259;3064550,0;165824,0;0,0
2023-12-18;1579691,0;272065,0;876690,0;1424612,0;1525165,0;432166,0;234907;1079158,0;184219,0;7749;127481,0;202210,0;2090064,0;7410597,0;571278,0;0,0;312418,0;11023,0;3612520,0;352821;2357410,0;86673,0;0,0
2023-12-19;1531389,0;156635,0;1085029,0;1793556,0;767450,0;471908,0;572668;965229,0;152971,0;7585;126900,0;385737,0;509720,0;10035025,0;509286,0;0,0;215153,0;23979,0;2361800,0;357714;2642550,0;257719,0;0,0
2023-12-20;2482499,0;126067,0;983163,0;1340287,0;1124918,0;803309,0;723652;1045478,0;263857,0;13041;104298,0;359975,0;288880,0;5267174,0;520918,0;0,0;207371,0;24458,0;3897610,0;356784;3219410,0;345290,0;0,0
2023-12-21;2518674,0;282091,0;1181364,0;1588837,0;1543638,0;885299,0;1242180;1384404,0;194802,0;15537;156915,0;382364,0;384677,0;9656733,0;651868,0;0,0;970075,0;36304,0;5247110,0;159945;3380200,0;454621,0;0,0
2023-12-22;1425517,0;78295,0;514279,0;413513,0;631820,0;299720,0;603578;880406,0;102796,0;5191;62760,0;206818,0;76311,0;9813769,0;354437,0;0,0;191834,0;14875,0;2901930,0;124128;1722890,0;131161,0;0,0
2023-12-26;1735484,0;273920,0;743664,0;1527899,0;1395356,0;440679,0;520262;541738,0;275068,0;9398;200040,0;393687,0;249124,0;6896062,0;245575,0;0,0;246647,0;13038,0;4346550,0;152779;2416260,0;107561,0;0,0
2023-12-27;1789277,0;257972,0;519151,0;1540861,0;1469962,0;786073,0;337442;710735,0;356137,0;6181;154861,0;295949,0;498344,0;5708787,0;164935,0;0,0;445933,0;25716,0;3829650,0;58063;3106410,0;275909,0;0,0
2023-12-28;4468038,0;603883,0;1325540,0;1861894,0;1398826,0;1467509,0;326467;991870,0;158078,0;8836;386755,0;398676,0;469466,0;4164462,0;407062,0;0,0;677430,0;14734,0;3533890,0;259285;5508880,0;171106,0;0,0
2023-12-29;3423598,0;603848,0;1644386,0;1001501,0;637588,0;645420,0;416713;795119,0;83189,0;5399;325184,0;327898,0;112138,0;4579195,0;228086,0;11,0;187120,0;22332,0;1781570,0;106934;6957260,0;67853,0;0,0
2024-01-02;1191579,0;227414,0;611905,0;780675,0;569753,0;395657,0;136055;809548,0;80970,0;5680;85075,0;878132,0;192172,0;2857433,0;1457342,0;0,0;260181,0;12756,0;3245350,0;78754;2068730,0;304816,0;0,0
2024-01-03;2231061,0;329830,0;797695,0;1550627,0;1697847,0;645842,0;679015;655546,0;157124,0;17172;153673,0;238601,0;296795,0;6716415,0;551342,0;0,0;488088,0;16670,0;1834820,0;176434;3203120,0;265896,0;0,0
2024-01-04;3024680,0;183269,0;1347116,0;1537267,0;1225183,0;573433,0;920761;908394,0;125713,0;13987;261346,0;227617,0;433048,0;6879935,0;334803,0;0,0;489394,0;25188,0;3622530,0;211175;3821500,0;373650,0;0,0
2024-01-05;2656526,0;234801,0;897089,0;2376334,0;1611771,0;562948,0;550819;1690958,0;254017,0;30750;200517,0;262932,0;569094,0;6157667,0;573548,0;0,0;537124,0;28549,0;2998440,0;143891;3444060,0;340685,0;0,0
2024-01-08;1733177,0;172838,0;654494,0;2682546,0;2114961,0;781223,0;976453;1217292,0;232056,0;45963;249074,0;267210,0;1254587,0;10389227,0;445789,0;0,0;330334,0;60408,0;5155930,0;350336;2230280,0;138794,0;0,0
2024-01-09;1929695,0;131849,0;794919,0;1670516,0;1287297,0;822635,0;571847;1398916,0;93394,0;66184;183240,0;298372,0;471335,0;5269618,0;248396,0;0,0;370186,0;39014,0;2487790,0;449161;2330250,0;268747,0;0,0
2024-01-10;2436512,0;158687,0;721843,0;905898,0;1176067,0;556760,0;859516;715793,0;131282,0;38681;52508,0;223381,0;1132741,0;11888633,0;231439,0;0,0;329399,0;34410,0;3574360,0;425520;1994380,0;430489,0;0,0
2024-01-11;2360167,0;102738,0;567126,0;684020,0;909047,0;681233,0;478401;943937,0;251737,0;24308;341681,0;199404,0;904557,0;9726299,0;183448,0;0,0;364194,0;28832,0;1580370,0;313309;1539300,0;190872,0;0,0
2024-01-12;1183380,0;90520,0;472053,0;708784,0;1420959,0;299130,0;350859;746966,0;188062,0;13373;88026,0;170307,0;333144,0;5291242,0;306642,0;0,0;182902,0;27405,0;2178100,0;336634;2154180,0;123130,0;0,0
2024-01-15;862479,0;75059,0;514667,0;814024,0;709781,0;369852,0;127330;769427,0;63238,0;7582;38027,0;78785,0;568097,0;4529827,0;131873,0;0,0;151059,0;33623,0;1462300,0;141516;633490,0;76625,0;0,0
2024-01-16;1520379,0;107968,0;727648,0;1631070,0;1510522,0;847008,0;315037;1004017,0;382068,0;17704;143945,0;190936,0;605296,0;4076894,0;177179,0;0,0;727589,0;58568,0;4013810,0;369822;1709530,0;124948,0;0,0
2024-01-17;3715230,0;295886,0;1163455,0;2252340,0;1251548,0;557685,0;778397;1072554,0;653224,0;23132;100983,0;262608,0;310571,0;7931977,0;367666,0;0,0;380860,0;65004,0;3652540,0;310405;2129140,0;200767,0;0,0
2024-01-18;3305773,0;504820,0;806798,0;945857,0;999008,0;644436,0;861990;867711,0;448118,0;26090;80518,0;288091,0;859442,0;15615118,0;574234,0;0,0;654752,0;25544,0;4082800,0;370620;2359740,0;214802,0;0,0
2024-01-19;2314624,0;477885,0;1096930,0;971645,0;823211,0;429563,0;565509;964718,0;657024,0;9206;211707,0;199982,0;699402,0;10042672,0;327382,0;0,0;556473,0;32829,0;5540870,0;308806;1902130,0;105648,0;0,0
2024-01-22;3053621,0;321707,0;584214,0;753937,0;1067355,0;610072,0;479267;956100,0;440043,0;9068;159735,0;189171,0;1552729,0;8330307,0;546386,0;0,0;240523,0;23388,0;3844470,0;449572;2577150,0;163031,0;0,0
2024-01-23;2450457,0;245852,0;547338,0;933273,0;892486,0;264906,0;468133;767314,0;136948,0;6907;231078,0;104088,0;1041180,0;3298259,0;366026,0;0,0;494617,0;25012,0;4539670,0;504832;1597830,0;181477,0;0,0
2024-01-24;1942131,0;267920,0;835226,0;1753852,0;1287479,0;336196,0;413063;629368,0;109279,0;7578;87581,0;286323,0;761752,0;5436192,0;373800,0;0,0;494703,0;18897,0;5030400,0;85274;2411440,0;316588,0;0,0
2024-01-25;2572030,0;567467,0;542163,0;1208051,0;1219111,0;379542,0;725700;1028150,0;130332,0;9204;209945,0;142737,0;1288718,0;10279297,0;335335,0;0,0;1338366,0;24245,0;4678350,0;206071;2155990,0;429847,0;0,0
2024-01-26;2478845,0;518583,0;856564,0;990705,0;961792,0;280088,0;879332;1252381,0;93045,0;7206;124965,0;123793,0;736951,0;8640280,0;226454,0;0,0;405142,0;26132,0;6721960,0;103737;1374410,0;348799,0;0,0
2024-01-29;2172339,0;400439,0;652376,0;479178,0;589930,0;253474,0;541071;458550,0;86695,0;6899;112784,0;102801,0;2416059,0;4174635,0;241210,0;0,0;240438,0;19056,0;3574810,0;56566;1721710,0;313197,0;0,0
2024-01-30;2718632,0;176645,0;440052,0;732371,0;472537,0;404021,0;265673;979913,0;197226,0;7648;169837,0;152296,0;733781,0;7159197,0;268811,0;0,0;379854,0;15961,0;2099320,0;126347;1810030,0;295838,0;0,0
2024-01-31;1600109,0;399445,0;485981,0;675998,0;683042,0;394279,0;545439;778281,0;106566,0;6002;82975,0;164739,0;912722,0;11533800,0;196541,0;0,0;269587,0;27448,0;2537810,0;141057;1950010,0;378905,0;0,0
2024-02-01;1540237,0;276245,0;662459,0;716737,0;996887,0;574129,0;529511;443383,0;141851,0;7155;111154,0;206424,0;552909,0;15201193,0;184357,0;0,0;177752,0;21239,0;4254520,0;71349;1535180,0;458590,0;0,0
2024-02-02;1508332,0;259119,0;771186,0;519724,0;504548,0;325747,0;571277;1285782,0;183908,0;8612;67574,0;216245,0;673977,0;16570759,0;221699,0;0,0;799657,0;23766,0;3786930,0;113025;1468800,0;431420,0;0,0
2024-02-05;2220721,0;346281,0;591896,0;729376,0;631582,0;632500,0;733438;928606,0;180028,0;6940;125564,0;179514,0;750197,0;12192587,0;372943,0;0,0;267989,0;36605,0;3635530,0;159674;2707050,0;383839,0;0,0
2024-02-06;1217381,0;212292,0;519678,0;671860,0;356703,0;304675,0;463506;977440,0;140907,0;3651;84350,0;126377,0;750315,0;24086075,0;213257,0;0,0;154260,0;21954,0;2807720,0;96341;2125230,0;315875,0;0,0
2024-02-07;3569904,0;825991,0;1135097,0;2013257,0;1082912,0;471810,0;724244;1300938,0;370270,0;6303;140924,0;393208,0;792402,0;13240159,0;377695,0;0,0;275503,0;31451,0;3807020,0;248684;3112960,0;620596,0;0,0
2024-02-08;2618365,0;342769,0;596020,0;758314,0;359511,0;359373,0;708560;1335892,0;278648,0;8391;93139,0;256554,0;616106,0;11247490,0;542195,0;0,0;1031834,0;32812,0;3688050,0;416729;1874980,0;200191,0;0,0
2024-02-09;2091383,0;733911,0;1245899,0;1675078,0;499119,0;1106385,0;1105838;1339715,0;242236,0;6081;292286,0;278315,0;306458,0;9489503,0;365879,0;0,0;1151867,0;34296,0;2895350,0;422201;3010240,0;759234,0;0,0
2024-02-14;1393482,0;94549,0;657924,0;561314,0;386420,0;835145,0;145611;662683,0;66907,0;2927;87654,0;196300,0;498444,0;8701608,0;287289,0;0,0;220006,0;31622,0;2405680,0;512306;2217010,0;194877,0;0,0
2024-02-15;1229845,0;62587,0;771782,0;389008,0;563225,0;1054859,0;175887;873776,0;135542,0;5846;53561,0;129359,0;742864,0;12647107,0;372916,0;10,0;150574,0;16330,0;1767530,0;605927;1665330,0;122246,0;0,0
2024-02-16;1344684,0;268380,0;982981,0;671054,0;532811,0;888287,0;255104;378331,0;58207,0;6339;45442,0;193364,0;794946,0;9087610,0;220665,0;0,0;374214,0;30636,0;2099370,0;260442;1539460,0;142404,0;0,0
2024-02-19;1033860,0;94682,0;696477,0;1039140,0;623998,0;346322,0;186041;819724,0;113202,0;5152;48622,0;231415,0;338626,0;6019174,0;197626,0;27608,0;462451,0;16112,0;1664830,0;61214;1568400,0;62727,0;0,0
2024-02-20;1872758,0;382602,0;1122181,0;1366109,0;880604,0;775930,0;461242;791344,0;135053,0;4764;74455,0;231599,0;196657,0;7391635,0;205160,0;0,0;922605,0;22879,0;3208340,0;374471;2156090,0;207969,0;0,0
2024-02-21;865183,0;683522,0;971532,0;836053,0;759416,0;276815,0;234870;850619,0;648686,0;5234;46881,0;188820,0;568910,0;12181765,0;332370,0;8892,0;700549,0;27875,0;2033760,0;416580;1875630,0;74357,0;0,0
2024-02-22;2952786,0;379971,0;1666620,0;1209188,0;1185633,0;384710,0;903913;800875,0;930352,0;5475;81167,0;393134,0;260374,0;11773954,0;352894,0;0,0;616406,0;25038,0;3943030,0;341993;3333230,0;218657,0;0,0
2024-02-23;2433664,0;441759,0;905450,0;1189782,0;1296779,0;1042452,0;510807;595730,0;188772,0;4928;220862,0;208421,0;430261,0;4984601,0;422306,0;0,0;536210,0;30220,0;5746050,0;559378;2099120,0;338968,0;0,0
2024-02-26;2284461,0;434953,0;882920,0;1385437,0;1335778,0;434514,0;299558;658325,0;174461,0;6376;198480,0;182453,0;294071,0;3969520,0;492980,0;0,0;354228,0;34639,0;2921610,0;494451;1488440,0;135092,0;0,0
2024-02-27;1768541,0;581259,0;797122,0;658438,0;981603,0;257472,0;298158;713659,0;1013617,0;6623;86155,0;482652,0;403644,0;8719302,0;186981,0;0,0;1104398,0;32236,0;2559650,0;209751;2774920,0;243561,0;0,0
2024-02-28;1597721,0;234135,0;1728504,0;1027624,0;1694023,0;302241,0;316647;1173709,0;685675,0;6269;152897,0;251740,0;671031,0;6242973,0;212087,0;0,0;1450287,0;23795,0;4448950,0;413792;2363380,0;104266,0;0,0
2024-02-29;2319853,0;822576,0;754758,0;855240,0;834687,0;514428,0;863718;998379,0;406706,0;7710;83306,0;187191,0;282297,0;7494229,0;209185,0;0,0;455460,0;15371,0;2069850,0;280013;1682230,0;297195,0;0,0
2024-03-01;1271959,0;476089,0;1218912,0;840006,0;807981,0;663495,0;396064;854399,0;387886,0;6533;64626,0;204779,0;469724,0;8535220,0;183405,0;0,0;383917,0;16167,0;3270780,0;184101;2831690,0;122653,0;0,0
2024-03-04;2240505,0;515035,0;1111555,0;773706,0;828827,0;881671,0;442020;1083721,0;422620,0;5631;222668,0;218688,0;1097194,0;5222766,0;525701,0;0,0;251017,0;28306,0;7045280,0;132666;2225930,0;263254,0;0,0
2024-03-05;1448664,0;154669,0;566611,0;674658,0;643777,0;265991,0;267401;502982,0;80177,0;5117;153168,0;176046,0;787269,0;3619487,0;201117,0;0,0;553456,0;14320,0;2209120,0;137287;950470,0;96883,0;0,0
2024-03-06;2514730,0;333326,0;1003770,0;1447849,0;1030509,0;340768,0;645824;1001163,0;308548,0;8875;89931,0;290705,0;677208,0;3018863,0;391140,0;0,0;842424,0;29386,0;2904660,0;139760;1578390,0;946922,0;0,0
2024-03-07;1349073,0;300424,0;1580791,0;1402770,0;1358909,0;334121,0;448919;673040,0;280346,0;7498;174517,0;320271,0;823206,0;4387020,0;326497,0;0,0;498550,0;24361,0;5378380,0;82951;1977340,0;592632,0;0,0
2024-03-08;1325300,0;211536,0;1916548,0;1605140,0;1568977,0;438833,0;699597;467094,0;506052,0;22191;259448,0;627777,0;345735,0;2134050,0;386144,0;0,0;717127,0;9947,0;4297990,0;162583;2113240,0;390787,0;0,0
2024-03-11;1431903,0;315796,0;1609639,0;1016805,0;653976,0;216110,0;422683;728980,0;170573,0;5404;147092,0;455876,0;337089,0;3941455,0;130492,0;0,0;1225991,0;12497,0;2314740,0;181230;2155900,0;329686,0;0,0
2024-03-12;2101293,0;805203,0;1903752,0;1515939,0;1625031,0;383048,0;2461529;989380,0;124975,0;12831;234342,0;433859,0;597661,0;6920370,0;496381,0;0,0;444935,0;22241,0;4102300,0;183403;1820590,0;1510620,0;0,0
2024-03-13;1864266,0;579603,0;2302045,0;979965,0;967860,0;1244678,0;908342;2374393,0;275598,0;11200;135988,0;1266490,0;877277,0;5118783,0;2483003,0;0,0;479364,0;25691,0;9941890,0;458921;5672250,0;496594,0;0,0
2024-03-14;1735324,0;221492,0;1328678,0;538362,0;659584,0;139106,0;839381;981990,0;247961,0;11773;95229,0;625647,0;427592,0;4593639,0;2831863,0;0,0;336621,0;24344,0;8959710,0;150164;1973200,0;557407,0;0,0
2024-03-15;1707841,0;306255,0;1534308,0;595480,0;530811,0;182585,0;1084946;952275,0;233122,0;10573;512410,0;250857,0;490881,0;6677999,0;1623022,0;0,0;453529,0;12535,0;3253500,0;195864;1519380,0;390410,0;0,0
2024-03-18;2407085,0;217746,0;2953647,0;1376525,0;832105,0;290991,0;781235;1281846,0;465343,0;9462;116473,0;507400,0;444022,0;4375154,0;961138,0;0,0;383829,0;32582,0;3381620,0;714834;3476320,0;292250,0;0,0
2024-03-19;3168519,0;383952,0;2910155,0;1962993,0;1026509,0;426287,0;868685;1665804,0;895659,0;23042;93756,0;467519,0;659601,0;7621054,0;822411,0;0,0;495633,0;18125,0;11205510,0;426863;2863160,0;268041,0;0,0
2024-03-20;3127180,0;212179,0;2567613,0;1137096,0;1023891,0;428741,0;576998;1103866,0;352201,0;16266;107675,0;277707,0;584784,0;8320748,0;839148,0;0,0;373496,0;23605,0;2517910,0;290569;2483150,0;521445,0;0,0
2024-03-21;2624550,0;327766,0;3024122,0;1583152,0;1066405,0;383590,0;532908;1713904,0;286034,0;7251;140025,0;290910,0;692457,0;8361422,0;533083,0;241,0;609489,0;15386,0;10868130,0;778453;2771600,0;549211,0;0,0
2024-03-22;1676684,0;481266,0;2258078,0;660379,0;627760,0;495064,0;731417;783915,0;529424,0;9767;117075,0;221929,0;519983,0;5628250,0;421201,0;0,0;548995,0;8993,0;4795930,0;305983;2075170,0;284200,0;0,0
2024-03-25;1298396,0;263559,0;1669359,0;997604,0;574518,0;461173,0;387305;684890,0;175757,0;4442;152943,0;175646,0;415329,0;4242801,0;473380,0;0,0;361585,0;13174,0;4294230,0;948189;3622370,0;326153,0;0,0
2024-03-26;980238,0;139721,0;1185677,0;732118,0;894703,0;314578,0;413518;417634,0;118533,0;4557;59328,0;140915,0;633249,0;3996584,0;224323,0;0,0;252868,0;16222,0;3791730,0;541410;1523550,0;181374,0;0,0
2024-03-27;989381,0;208780,0;1792200,0;874896,0;871851,0;225829,0;241430;658525,0;323067,0;3828;45540,0;195771,0;302164,0;1934593,0;188472,0;0,0;201197,0;18611,0;7039320,0;569766;1709020,0;145771,0;0,0
2024-04-03;1643406,0;353672,0;1649443,0;1231483,0;1247820,0;395789,0;460009;697004,0;265321,0;9942;92197,0;1456215,0;655352,0;10979613,0;275155,0;0,0;298561,0;13965,0;3024260,0;776952;2524130,0;354442,0;0,0
2024-04-04;1793618,0;249601,0;2574079,0;1305932,0;613896,0;310539,0;516191;994788,0;295003,0;5432;112362,0;730349,0;476410,0;11997980,0;377733,0;0,0;490278,0;27094,0;4297420,0;667543;2868500,0;207404,0;0,0
2024-04-05;1295287,0;359339,0;3814781,0;1892357,0;1356349,0;336619,0;347117;1431250,0;246161,0;9346;163118,0;1633041,0;813153,0;8914799,0;590074,0;66,0;498111,0;18337,0;2775900,0;584213;2663970,0;496839,0;0,0
2024-04-08;1554159,0;272041,0;4714901,0;1426737,0;806981,0;386167,0;325983;1231562,0;545390,0;12275;72663,0;632475,0;918617,0;6132585,0;520233,0;40,0;458883,0;20726,0;2335110,0;725646;3490380,0;452040,0;0,0
2024-04-09;3939535,0;500818,0;2987847,0;1044722,0;934759,0;500849,0;426899;1674733,0;599427,0;13068;172026,0;669211,0;827769,0;13458128,0;577270,0;17,0;544447,0;24303,0;3791490,0;552501;3705260,0;353729,0;0,0
2024-04-10;3857011,0;260230,0;2455562,0;713572,0;342095,0;250690,0;241895;882874,0;402800,0;5077;145663,0;210955,0;388917,0;4936687,0;445971,0;0,0;677803,0;15272,0;3798790,0;545188;1969050,0;279508,0;0,0
2024-04-11;475979,0;19101,0;144775,0;126607,0;19884,0;17222,0;21747;53919,0;24721,0;5352;23938,0;15187,0;286652,0;1058847,0;224085,0;0,0;73453,0;3458,0;143560,0;3563;97020,0;6845,0;0,0
2024-04-12;1339456,0;240150,0;2082156,0;628681,0;264608,0;363148,0;430644;766426,0;175048,0;7139;125348,0;230629,0;1765668,0;4068009,0;482758,0;0,0;359605,0;27156,0;9479420,0;535450;1595230,0;333173,0;0,0
2024-04-15;3914996,0;262811,0;2417282,0;1344578,0;1546642,0;319033,0;397654;1102014,0;111406,0;7841;232555,0;491050,0;1053849,0;6177920,0;710744,0;0,0;1515996,0;18681,0;7522580,0;719298;2287370,0;507697,0;0,0
2024-04-16;2114723,0;304203,0;1548319,0;710220,0;855911,0;513317,0;277485;897399,0;154831,0;23109;98957,0;584509,0;529791,0;5774803,0;484137,0;0,0;642389,0;21091,0;8931760,0;530047;1712430,0;388557,0;0,0
2024-04-17;1931301,0;458724,0;1461277,0;1296858,0;893810,0;234276,0;295578;568178,0;113430,0;11881;61273,0;222336,0;304289,0;3861250,0;264704,0;0,0;158622,0;16072,0;3104780,0;604796;1541430,0;137978,0;0,0
2024-04-18;1909618,0;199151,0;1668501,0;846390,0;940472,0;289130,0;687902;1142798,0;61594,0;10176;49230,0;239470,0;1194034,0;4745399,0;219794,0;0,0;160411,0;8503,0;6306220,0;447962;3615910,0;151766,0;0,0
2024-04-19;1898769,0;167958,0;2264935,0;659551,0;950724,0;296016,0;409623;959946,0;193955,0;4216;76749,0;231430,0;369398,0;6269231,0;280435,0;0,0;195114,0;14115,0;3665590,0;526840;1842930,0;406293,0;0,0
2024-04-22;2364256,0;441369,0;2658960,0;878233,0;666023,0;396934,0;694500;1334775,0;132636,0;7077;191124,0;426691,0;652423,0;6057751,0;450517,0;0,0;416204,0;23456,0;5900540,0;265600;3720030,0;610025,0;0,0
2024-04-23;1649340,0;287821,0;1818152,0;847770,0;708192,0;402470,0;777954;1031083,0;263290,0;4552;113491,0;288278,0;561143,0;4882436,0;446130,0;0,0;139926,0;14478,0;4284900,0;311878;1355280,0;274190,0;0,0
2024-04-24;2130788,0;331470,0;1784301,0;712653,0;548464,0;286441,0;1192319;766940,0;227027,0;4561;56758,0;276974,0;528619,0;3822325,0;484210,0;0,0;143350,0;8929,0;4097700,0;267036;1576690,0;799339,0;0,0
2024-04-25;1482595,0;447881,0;1777414,0;795155,0;680636,0;292080,0;257064;675850,0;242875,0;3977;35410,0;187048,0;316562,0;3223108,0;356136,0;0,0;228722,0;13097,0;2528840,0;109545;1700070,0;265777,0;0,0
2024-04-26;695214,0;136168,0;507246,0;457510,0;454273,0;110888,0;157945;288177,0;50907,0;6746;102901,0;69304,0;148651,0;1974274,0;163359,0;0,0;220196,0;6244,0;2643480,0;257113;653330,0;103551,0;0,0
2024-04-29;1126813,0;191971,0;1107275,0;818248,0;874621,0;271966,0;724437;594106,0;114099,0;7090;119546,0;210503,0;1157069,0;4122361,0;277817,0;0,0;261313,0;30408,0;5109160,0;186667;1429310,0;242963,0;0,0
2024-04-30;3039438,0;555761,0;2515336,0;1158112,0;1321540,0;495865,0;1211537;1311939,0;491524,0;38066;250906,0;357581,0;1184035,0;5870134,0;589398,0;0,0;532510,0;14125,0;6290620,0;272466;2487000,0;381512,0;0,0
2024-05-02;3522220,0;399057,0;3003601,0;1594863,0;920310,0;330460,0;1043954;697027,0;320746,0;6063;140881,0;305335,0;859881,0;10938684,0;479102,0;0,0;319985,0;43561,0;4196300,0;218078;3232920,0;419298,0;0,0
2024-05-03;3361554,0;409500,0;3613600,0;2019011,0;1342401,0;667158,0;1127275;1436424,0;853963,0;8321;279081,0;502999,0;1673740,0;7260842,0;805564,0;0,0;359540,0;45937,0;6452440,0;426519;3300310,0;653997,0;0,0
2024-05-06;4420904,0;521125,0;2952960,0;1569608,0;1068058,0;874591,0;1697777;1525432,0;2146255,0;14701;254974,0;493731,0;3552880,0;6585128,0;1218158,0;0,0;490740,0;44054,0;5957480,0;459281;4394440,0;921777,0;0,0
2024-05-07;2854696,0;451861,0;3363299,0;1452735,0;920878,0;396944,0;1300733;1166213,0;1802407,0;10072;836484,0;411027,0;6375842,0;8732741,0;546278,0;0,0;591877,0;48851,0;6104740,0;801651;3320640,0;684280,0;0,0
2024-05-08;1861700,0;354905,0;2010532,0;1077448,0;753320,0;584228,0;726634;1037240,0;704714,0;15622;432911,0;238701,0;5622956,0;12652759,0;340686,0;0,0;351498,0;19662,0;4688350,0;329705;2171530,0;823403,0;0,0
2024-05-09;1101606,0;225696,0;1169960,0;432146,0;607352,0;770419,0;703932;867892,0;480335,0;5151;109051,0;200954,0;1554253,0;11707491,0;381432,0;0,0;443809,0;19604,0;5774720,0;390105;1370730,0;394523,0;0,0
2024-05-10;1061734,0;128040,0;1067002,0;971994,0;1779813,0;223091,0;748431;732914,0;605423,0;5491;137956,0;159498,0;4248974,0;5422625,0;364673,0;0,0;890639,0;12421,0;9369396,0;492754;4110610,0;303525,0;0,0
2024-05-13;1308869,0;167887,0;1610844,0;534904,0;1430269,0;298061,0;609585;586133,0;648156,0;4757;80568,0;201509,0;2834234,0;8972268,0;1064061,0;0,0;200094,0;14615,0;6405532,0;283396;1948710,0;204176,0;0,0
2024-05-14;1713115,0;179019,0;1454530,0;544766,0;1084400,0;324331,0;618509;840779,0;707508,0;6421;336331,0;138394,0;2190183,0;32709207,0;538830,0;0,0;427567,0;25906,0;4215508,0;221644;2165540,0;223984,0;0,0
2024-05-15;1752773,0;680680,0;2129000,0;2002455,0;939977,0;347846,0;898450;1719839,0;647873,0;9548;262027,0;470509,0;2475726,0;19006587,0;639324,0;0,0;983388,0;22610,0;5746704,0;284804;2642930,0;453118,0;0,0
2024-05-16;1279597,0;363420,0;1317792,0;1320274,0;1082356,0;279532,0;837464;1152160,0;833457,0;10797;169743,0;267515,0;1378050,0;6342402,0;320573,0;0,0;503164,0;20165,0;6261794,0;259713;2370340,0;355784,0;0,0
2024-05-17;1685075,0;482285,0;1665333,0;997760,0;1265430,0;503953,0;1252957;1227193,0;582638,0;12977;63339,0;164567,0;876995,0;4398266,0;623385,0;0,0;865219,0;9283,0;4036504,0;13738;2431390,0;452992,0;0,0
2024-05-20;1446205,0;230798,0;1286620,0;1154068,0;1080973,0;313022,0;560482;2344215,0;351289,0;7069;356761,0;268738,0;1298913,0;7008219,0;302794,0;0,0;359661,0;16071,0;7627540,0;203596;2454720,0;343231,0;0,0
2024-05-21;2254636,0;357542,0;1874570,0;2052956,0;1878298,0;424966,0;846299;1219198,0;650686,0;5780;240431,0;258511,0;2088904,0;11784105,0;1224939,0;481,0;333532,0;14956,0;6989386,0;121022;3319560,0;524482,0;0,0
2024-05-22;2191266,0;272503,0;1977964,0;1255592,0;998396,0;1200818,0;908550;1501821,0;636545,0;8716;90202,0;264803,0;1367089,0;6020321,0;1851309,0;0,0;422270,0;22664,0;11885638,0;251126;2886570,0;336817,0;0,0
2024-05-23;2447765,0;398551,0;1100875,0;928957,0;871274,0;298106,0;819890;1139620,0;255225,0;7474;197714,0;158306,0;939501,0;5655393,0;758461,0;0,0;519280,0;23092,0;2623020,0;188463;1949070,0;523854,0;0,0
2024-05-24;7971,0;791,0;1623,0;1350,0;2299,0;336345,0;1154365;252,0;658300,0;2597;1,0;189232,0;210,0;12220787,0;1203507,0;0,0;480791,0;14125,0;3919766,0;64;9280,0;89,0;0,0
2024-05-27;958958,0;257285,0;827416,0;1472075,0;953186,0;219252,0;309336;664874,0;149776,0;4054;56573,0;130610,0;1099506,0;12991172,0;283055,0;66157,0;307835,0;11400,0;2688826,0;119913;1224100,0;206281,0;0,0
2024-05-28;1689143,0;755889,0;1917241,0;1173689,0;939374,0;363787,0;809620;1638668,0;498669,0;5306;135678,0;389809,0;1457451,0;13804300,0;455483,0;42081,0;409924,0;20867,0;5269560,0;268353;3448880,0;566224,0;0,0
2024-05-29;1495237,0;286513,0;1817459,0;678809,0;583097,0;220200,0;372376;1205987,0;327883,0;13420;140032,0;297051,0;1074059,0;6632952,0;605149,0;15748,0;612793,0;16440,0;3063878,0;228626;2557100,0;421088,0;0,0
2024-05-30;2461049,0;319422,0;2161807,0;1914869,0;1199265,0;382637,0;1256762;1721949,0;678753,0;12708;264919,0;444058,0;1633244,0;11895415,0;728999,0;41114,0;683589,0;24723,0;4858274,0;188819;2702130,0;773086,0;0,0
2024-05-31;1508269,0;443216,0;1495994,0;994178,0;1174637,0;393189,0;834475;1200317,0;345067,0;7020;217329,0;236293,0;752509,0;14551802,0;685242,0;22980,0;724382,0;24207,0;4128778,0;194834;3685050,0;509412,0;0,0
2024-06-03;2674078,0;487592,0;1762066,0;585492,0;662841,0;255575,0;487440;1382528,0;730869,0;12480;122115,0;256752,0;808650,0;5225161,0;436606,0;35630,0;388381,0;14499,0;3423886,0;288154;2894620,0;323856,0;0,0
2024-06-04;2699459,0;333576,0;1349625,0;733848,0;756508,0;323896,0;1242317;838198,0;399419,0;6145;134234,0;213048,0;623498,0;6058339,0;423284,0;32172,0;351173,0;19279,0;4343328,0;281313;7734170,0;1326308,0;0,0
2024-06-05;1668331,0;360958,0;1941752,0;1789953,0;548496,0;441652,0;726425;781485,0;469010,0;7616;98892,0;214014,0;626636,0;9815649,0;325503,0;30301,0;2410168,0;16202,0;6294136,0;196098;3278090,0;659035,0;0,0
2024-06-06;1255032,0;382208,0;1717684,0;1335973,0;991771,0;374560,0;922564;672896,0;476858,0;4901;117712,0;181559,0;1320734,0;9120370,0;298498,0;30514,0;244914,0;19764,0;3664266,0;197662;4320670,0;371619,0;0,0
2024-06-07;1422201,0;345142,0;1640664,0;577724,0;486270,0;296569,0;779571;581062,0;312869,0;6535;113867,0;134341,0;761333,0;6831684,0;265139,0;23244,0;181685,0;7958,0;1719060,0;150163;2329590,0;337717,0;0,0
2024-06-10;1539729,0;301146,0;1839295,0;702809,0;777602,0;376759,0;1231589;1054352,0;484394,0;5843;310509,0;170867,0;716623,0;4434263,0;465935,0;44817,0;350776,0;12015,0;4195056,0;273044;3166130,0;605341,0;0,0
2024-06-11;1827886,0;451687,0;1759383,0;441988,0;880230,0;249934,0;589824;809137,0;163453,0;3519;176906,0;170206,0;912348,0;8951080,0;253610,0;68352,0;233231,0;14204,0;1874846,0;196565;3531830,0;220283,0;0,0
2024-06-12;1397319,0;377031,0;2036965,0;1159009,0;555244,0;360897,0;1183354;947331,0;276490,0;5471;224348,0;354591,0;974926,0;10524500,0;238803,0;36215,0;867987,0;16529,0;2929242,0;214622;2971950,0;406758,0;0,0
2024-06-13;2095827,0;572010,0;5138565,0;1333470,0;1741574,0;645055,0;2267454;1672053,0;594507,0;8239;319679,0;786396,0;1344305,0;11499882,0;450405,0;26386,0;693016,0;18609,0;7060090,0;372415;5905670,0;558767,0;0,0
2024-06-14;1422958,0;383046,0;2446134,0;930774,0;1239794,0;426540,0;648591;503851,0;306972,0;5471;151038,0;394833,0;812965,0;5706891,0;466138,0;52598,0;173597,0;10599,0;3782862,0;205647;2923290,0;278651,0;0,0
2024-06-18;2191081,0;236859,0;2788363,0;1297658,0;1255807,0;338307,0;549305;670230,0;246385,0;4898;77564,0;209435,0;729781,0;4233880,0;234020,0;23161,0;216465,0;12992,0;1849418,0;151563;2158290,0;199470,0;0,0
2024-06-19;1515591,0;94258,0;824982,0;541685,0;548031,0;269928,0;222678;558318,0;115106,0;4675;37662,0;106750,0;1163045,0;6568073,0;96167,0;31864,0;590809,0;13114,0;2302674,0;94622;2035990,0;353187,0;0,0
2024-06-24;1575457,0;252381,0;1274619,0;728425,0;892104,0;340151,0;684032;841057,0;258584,0;5521;65434,0;139962,0;949886,0;9537410,0;114954,0;8641,0;437841,0;8337,0;1998606,0;493527;2867930,0;634979,0;0,0
2024-06-25;1121940,0;266096,0;987525,0;1298956,0;984901,0;287496,0;531955;704377,0;532843,0;2866;109439,0;189058,0;1502042,0;15028566,0;269091,0;31220,0;375829,0;61351,0;5366042,0;246205;2451270,0;276447,0;0,0
2024-06-26;1608259,0;122796,0;1052405,0;929090,0;1010781,0;687879,0;479434;642636,0;656900,0;7934;747022,0;281596,0;573354,0;10301208,0;237686,0;25912,0;139798,0;76122,0;1849226,0;169134;2556910,0;255293,0;0,0
2024-06-27;3571278,0;271969,0;1917647,0;965797,0;1710171,0;467832,0;414104;1042331,0;200234,0;9117;480211,0;341738,0;1481586,0;13755145,0;306546,0;19872,0;291641,0;44848,0;3032570,0;236729;4090630,0;316676,0;0,0
2024-06-28;2900905,0;318107,0;1794993,0;1411473,0;1203085,0;311165,0;546681;1066203,0;208662,0;4338;206816,0;277995,0;1052109,0;6565690,0;172418,0;32301,0;145384,0;49797,0;3206860,0;236846;2633460,0;365976,0;0,0
2024-07-01;4964454,0;533039,0;1545602,0;1800561,0;930753,0;502052,0;1581980;705464,0;203744,0;3865;101473,0;236300,0;1716012,0;9155704,0;292485,0;21848,0;145439,0;41523,0;3966950,0;299991;3542170,0;343894,0;0,0
2024-07-02;1994344,0;292350,0;1296031,0;1159062,0;1844580,0;428397,0;688356;439498,0;118947,0;2078;157432,0;151194,0;1822272,0;8102744,0;444994,0;17285,0;1710364,0;31685,0;3945286,0;121346;3392280,0;496589,0;0,0
2024-07-03;1679482,0;331787,0;2506146,0;689522,0;1058047,0;339231,0;915585;555467,0;170946,0;3105;61650,0;427412,0;1228955,0;8676425,0;467065,0;23843,0;175408,0;31916,0;1948014,0;142946;2459740,0;583594,0;0,0
2024-07-04;505742,0;213558,0;688208,0;500321,0;284118,0;176618,0;153472;313096,0;159257,0;2123;39715,0;92236,0;1478769,0;8306726,0;194184,0;40112,0;183853,0;16200,0;1363362,0;60441;899750,0;220557,0;0,0
2024-07-05;1650823,0;430642,0;1949785,0;909578,0;589192,0;244265,0;381663;786219,0;342829,0;4805;137417,0;258557,0;1702348,0;11319086,0;584339,0;78085,0;134548,0;18933,0;4001490,0;154882;2252220,0;361710,0;0,0
2024-07-08;1047775,0;174650,0;1095164,0;475911,0;457538,0;337530,0;255564;705465,0;408679,0;3374;118737,0;230417,0;1669622,0;10133011,0;389053,0;33433,0;652761,0;38270,0;3666864,0;165021;2099980,0;299830,0;0,0
2024-07-10;1380491,0;183452,0;1939770,0;504744,0;436645,0;495674,0;416135;735325,0;203168,0;8136;177606,0;217287,0;1797273,0;7585610,0;677629,0;24197,0;307738,0;35586,0;4750350,0;392084;2699410,0;554331,0;0,0
2024-07-11;1096861,0;347534,0;1596649,0;883979,0;634899,0;417361,0;463616;613928,0;357211,0;14741;210853,0;269861,0;726570,0;8360816,0;544144,0;15317,0;316614,0;45691,0;2228582,0;304146;2258710,0;283531,0;0,0
2024-07-12;1009718,0;354802,0;1319100,0;866508,0;593653,0;222044,0;220453;755826,0;311636,0;16656;152179,0;256779,0;1097701,0;7709230,0;384542,0;39347,0;229456,0;24794,0;1802564,0;190196;2119620,0;299862,0;0,0
2024-07-15;2488178,0;424041,0;3990083,0;1008187,0;786068,0;1146656,0;1162631;1088368,0;504814,0;20338;534950,0;308784,0;2024935,0;9626924,0;575226,0;37743,0;334101,0;27889,0;2839432,0;550434;3565660,0;542568,0;0,0
2024-07-16;1973429,0;560943,0;1644153,0;1430041,0;1365018,0;380089,0;1029546;1166009,0;434476,0;3684;194747,0;267636,0;1040458,0;11076504,0;663773,0;32378,0;1839775,0;37949,0;4779714,0;819911;4264080,0;936879,0;0,0
2024-07-17;1588474,0;141696,0;1297951,0;801139,0;801143,0;324959,0;422398;899165,0;437157,0;4423;235961,0;161532,0;1245080,0;7452175,0;231612,0;54810,0;291215,0;14233,0;7805856,0;555100;2806630,0;263020,0;0,0
2024-07-18;1187183,0;136142,0;1208300,0;843706,0;1103685,0;138543,0;220128;1341901,0;342615,0;3970;158444,0;299815,0;655078,0;6983520,0;164580,0;42938,0;197136,0;11540,0;4895900,0;555075;2051580,0;195873,0;0,0
2024-07-19;1414637,0;121134,0;1008673,0;390242,0;673611,0;368346,0;637021;656440,0;411060,0;3992;158007,0;300537,0;739043,0;8764904,0;166543,0;38487,0;1053630,0;7177,0;1865218,0;508576;2093500,0;237574,0;0,0
2024-07-22;901408,0;422326,0;1132195,0;678400,0;560235,0;188465,0;284169;1188643,0;201654,0;20679;40548,0;204402,0;1037464,0;10623797,0;224170,0;31250,0;352035,0;17591,0;2523492,0;651015;2190440,0;249919,0;0,0
2024-07-23;1953278,0;405701,0;1338632,0;1104709,0;977811,0;291597,0;479922;741936,0;248593,0;8676;158403,0;265348,0;1969074,0;11715389,0;467855,0;42165,0;286552,0;9859,0;3591846,0;675405;2645400,0;437380,0;0,0
2024-07-24;1390908,0;300683,0;911016,0;749870,0;698986,0;360152,0;322823;932377,0;179738,0;5266;107599,0;216046,0;1577935,0;9396847,0;264968,0;21352,0;204268,0;9679,0;1276920,0;661024;2275350,0;202987,0;0,0
2024-07-25;1368409,0;410429,0;1304675,0;671026,0;619280,0;227487,0;273745;450962,0;368047,0;3958;127432,0;280186,0;740683,0;8159998,0;167048,0;15543,0;141923,0;8782,0;2106874,0;493941;1501110,0;268092,0;0,0
2024-07-26;1098027,0;229929,0;418462,0;495564,0;244459,0;264035,0;166605;363106,0;169984,0;8090;144339,0;167272,0;1044809,0;5586134,0;138832,0;22928,0;1165201,0;10166,0;1723382,0;470274;3047780,0;172753,0;0,0
2024-07-29;1120790,0;540179,0;658155,0;315370,0;330129,0;206709,0;156605;517809,0;250243,0;11351;120188,0;110824,0;1606736,0;8292019,0;644149,0;16536,0;149036,0;10217,0;789056,0;506603;3378900,0;229725,0;0,0
2024-07-30;1850291,0;288953,0;1485012,0;370621,0;362463,0;170142,0;264063;1166842,0;383314,0;5265;124159,0;161202,0;1252382,0;18101340,0;532475,0;17061,0;391982,0;6922,0;2864396,0;515055;3478040,0;387366,0;0,0
2024-07-31;70748,0;16209,0;76967,0;121610,0;90715,0;95593,0;25015;226840,0;46108,0;1673;9605,0;8207,0;38376,0;565704,0;18761,0;4372,0;25882,0;1108,0;113762,0;26702;175670,0;27576,0;0,0
2024-08-01;1259188,0;173912,0;854129,0;1018266,0;843448,0;154619,0;235009;619638,0;116213,0;4953;114461,0;232081,0;1205139,0;7721700,0;83628,0;77669,0;233345,0;8941,0;3359814,0;603989;3079180,0;259422,0;0,0
2024-08-02;2305405,0;144636,0;853143,0;1146895,0;359053,0;176689,0;781284;739590,0;430951,0;1552;59141,0;217901,0;1103319,0;6079920,0;155712,0;26265,0;325712,0;5121,0;1655184,0;449281;4090280,0;196516,0;0,0
2024-08-05;2065871,0;586069,0;4113540,0;1795118,0;925492,0;250592,0;964632;3834537,0;594867,0;3989;132162,0;720597,0;1233130,0;14401661,0;348878,0;31280,0;1802675,0;20365,0;6308068,0;590676;8872160,0;379193,0;0,0
2024-08-06;1528734,0;281346,0;975333,0;721740,0;562519,0;235272,0;333100;710470,0;162821,0;5639;98357,0;320600,0;1080826,0;7419354,0;547148,0;15385,0;287629,0;11631,0;2176962,0;437069;2399010,0;261039,0;0,0
2024-08-07;2408238,0;654894,0;1719845,0;475968,0;767924,0;222853,0;252526;409558,0;484082,0;2442;148676,0;313727,0;743596,0;6861684,0;396584,0;17923,0;706469,0;9537,0;3124136,0;515149;3057600,0;111253,0;0,0
2024-08-08;5398562,0;635814,0;2005810,0;495668,0;756228,0;314317,0;2094128;676726,0;598440,0;5509;172161,0;199531,0;1216653,0;6412236,0;804703,0;26708,0;294568,0;8815,0;2570424,0;524170;3811820,0;407951,0;0,0
2024-08-09;3335137,0;573763,0;2698823,0;2206990,0;1328407,0;735797,0;913635;1174642,0;767310,0;4172;277546,0;554493,0;876502,0;10043435,0;583285,0;20729,0;698502,0;21217,0;4327080,0;369530;4288760,0;370855,0;0,0
2024-08-12;2349672,0;624712,0;1245490,0;512267,0;735458,0;268043,0;486468;634470,0;198028,0;5898;160665,0;171165,0;1552573,0;9898545,0;282425,0;26665,0;164718,0;27535,0;5062290,0;329668;2555070,0;250042,0;0,0
2024-08-13;2038680,0;296148,0;1854282,0;482486,0;876775,0;534328,0;430459;813847,0;281653,0;7173;114834,0;192634,0;716887,0;7877833,0;207458,0;15652,0;150346,0;19939,0;4675386,0;422744;1684900,0;171682,0;0,0
2024-08-14;4865669,0;599723,0;1951720,0;648592,0;588022,0;469947,0;676904;914726,0;289095,0;2606;198316,0;300807,0;1253003,0;8344080,0;286102,0;30104,0;269360,0;75613,0;6989530,0;391501;3372240,0;434054,0;0,0
2024-08-15;4207020,0;385408,0;1537695,0;767516,0;1384312,0;577379,0;1072160;628842,0;218167,0;5651;92433,0;301145,0;2223261,0;8484470,0;675499,0;35594,0;326553,0;38480,0;4904324,0;699927;2907610,0;612164,0;0,0
2024-08-16;2488180,0;451928,0;1558030,0;764630,0;965946,0;412195,0;580319;1009726,0;249125,0;3841;89891,0;263318,0;1128625,0;7918855,0;390717,0;25218,0;214135,0;31044,0;5764064,0;459787;2364810,0;482500,0;0,0
2024-08-19;2358748,0;262665,0;1408681,0;801298,0;938697,0;505146,0;1472259;1420943,0;486378,0;3586;821299,0;239205,0;1843538,0;7537867,0;841163,0;42065,0;478358,0;64263,0;3163694,0;472420;1843000,0;322161,0;0,0
2024-08-20;2049905,0;349379,0;2094977,0;1163349,0;548433,0;694937,0;1189433;714391,0;809187,0;3377;106968,0;219277,0;799816,0;7742863,0;916449,0;19235,0;1791189,0;44323,0;1719072,0;153211;2108710,0;330108,0;0,0
2024-08-21;1602730,0;323043,0;770805,0;504445,0;1255298,0;288773,0;417044;848641,0;181578,0;4419;71114,0;132183,0;1344244,0;6170332,0;256723,0;13294,0;1523678,0;20875,0;2220136,0;120266;1820300,0;387736,0;0,0
2024-08-22;1738942,0;423026,0;914684,0;1188186,0;2434693,0;346778,0;376962;1430971,0;255842,0;6395;163159,0;243727,0;615093,0;9224635,0;332361,0;16265,0;1323598,0;31338,0;2174018,0;127301;2388510,0;334108,0;0,0
2024-08-23;1704833,0;477966,0;876769,0;598923,0;953919,0;446280,0;232667;1361635,0;129052,0;18749;85140,0;287728,0;1068232,0;6595348,0;148113,0;9213,0;658485,0;21933,0;2257868,0;86685;4090240,0;292505,0;0,0
2024-08-26;1476840,0;286184,0;917931,0;348970,0;1184887,0;248027,0;343559;529272,0;510002,0;11025;81345,0;153879,0;1079265,0;6126225,0;177514,0;6864,0;607238,0;33905,0;2093690,0;125760;1665780,0;236561,0;0,0
2024-08-27;1852083,0;234237,0;818415,0;340145,0;1122336,0;218083,0;260137;961919,0;163753,0;2110;64920,0;135102,0;898836,0;7906004,0;257264,0;19750,0;215004,0;14363,0;1397824,0;263410;1645710,0;159975,0;0,0
2024-08-28;1447394,0;172409,0;697520,0;702483,0;1137369,0;139006,0;333425;1479648,0;449824,0;2926;289867,0;153458,0;1010995,0;10981846,0;232482,0;12975,0;278454,0;13712,0;2437866,0;86710;2024860,0;154703,0;0,0
2024-08-29;2704643,0;354075,0;1228417,0;1257094,0;1245850,0;237310,0;1232933;1193002,0;314587,0;6217;314606,0;226303,0;1143642,0;16098955,0;447757,0;22713,0;251969,0;22299,0;3709248,0;228062;2284050,0;401573,0;0,0
2024-08-30;4238653,0;517346,0;1748215,0;2963697,0;1893120,0;335440,0;1688301;1939441,0;292990,0;12423;419585,0;490484,0;1751407,0;8782585,0;591927,0;26151,0;1822509,0;37319,0;7273162,0;177499;3969300,0;490915,0;0,0
2024-09-02;1268303,0;160849,0;1823859,0;1533774,0;942982,0;393774,0;449679;827045,0;145807,0;4447;183673,0;183800,0;1083479,0;10801920,0;235848,0;27131,0;463943,0;28193,0;4906502,0;211367;2440500,0;311650,0;0,0
2024-09-03;2834388,0;460421,0;2221717,0;1465229,0;1092639,0;349843,0;1061396;3259057,0;836160,0;3445;170694,0;303484,0;972240,0;13653133,0;293899,0;31630,0;332291,0;16031,0;5272472,0;265307;6822690,0;574803,0;0,0
2024-09-04;3416455,0;651369,0;1377156,0;1913477,0;777498,0;757128,0;1242176;2637575,0;394761,0;6290;371709,0;296598,0;1677879,0;14650850,0;447396,0;30267,0;584225,0;15542,0;12526090,0;473205;3890190,0;872436,0;0,0
2024-09-05;2958959,0;514756,0;2053425,0;2656827,0;1342050,0;1255052,0;803979;2795937,0;302053,0;6304;376139,0;356867,0;1636996,0;8776363,0;1100725,0;34451,0;1492595,0;19432,0;9615396,0;937437;3872410,0;642226,0;0,0
2024-09-06;2036066,0;364896,0;1056506,0;1110084,0;612388,0;596968,0;491892;912856,0;202299,0;5033;358939,0;188373,0;1476803,0;6895095,0;646115,0;41073,0;272483,0;14055,0;5811170,0;635968;2747400,0;254640,0;0,0
2024-09-09;2106824,0;375569,0;1027570,0;1321049,0;1026326,0;470093,0;586372;1358378,0;249288,0;4731;163307,0;161244,0;2523330,0;6633335,0;457633,0;28650,0;467942,0;9598,0;6200480,0;763700;2707710,0;347690,0;0,0
2024-09-10;1756040,0;380033,0;1442691,0;2582620,0;1129269,0;381485,0;741900;1586275,0;326447,0;3492;63302,0;362566,0;1172190,0;6234725,0;580505,0;37083,0;690685,0;10859,0;4184264,0;617737;3759210,0;309548,0;0,0
2024-09-11;2398043,0;237657,0;1482639,0;1561705,0;1225942,0;744175,0;490743;1746616,0;457975,0;6178;242590,0;119651,0;1513705,0;7747202,0;752709,0;312741,0;579570,0;23207,0;4951922,0;425545;3161520,0;361782,0;0,0
2024-09-12;1373359,0;253578,0;1603624,0;1168354,0;1020487,0;631206,0;1151098;1400257,0;965412,0;4646;215782,0;124303,0;1053450,0;7530043,0;481964,0;335876,0;282457,0;19308,0;5188186,0;332295;2104920,0;259411,0;0,0
2024-09-13;2098008,0;183926,0;1448019,0;966119,0;660957,0;274833,0;572379;1488396,0;445183,0;1389;107767,0;174613,0;1527749,0;5190639,0;847043,0;123665,0;675582,0;38364,0;3595852,0;192627;2125320,0;305850,0;0,0
2024-09-16;2819757,0;194277,0;1552552,0;2162620,0;822574,0;552841,0;910418;1356583,0;1047125,0;5467;304178,0;176857,0;2233629,0;6646323,0;651498,0;52106,0;296629,0;22011,0;7083648,0;182675;2884670,0;388038,0;0,0
2024-09-17;2070023,0;470731,0;1682322,0;1459713,0;650841,0;261355,0;481454;811498,0;1071753,0;2224;105767,0;150600,0;2003486,0;4625383,0;764985,0;34922,0;265172,0;13787,0;5357970,0;186434;2809960,0;446488,0;0,0
2024-09-18;3025752,0;252013,0;1402408,0;1287023,0;422785,0;229418,0;478386;1079386,0;1929450,0;6222;782629,0;280864,0;1647468,0;9449171,0;324317,0;34107,0;5279390,0;13356,0;3154962,0;290359;4481610,0;432872,0;0,0
2024-09-19;2389202,0;470672,0;1919509,0;2205817,0;2267684,0;508258,0;498384;1113599,0;1052138,0;2762;370587,0;286349,0;1496614,0;5664606,0;594736,0;37123,0;419141,0;15693,0;5935878,0;178456;3163440,0;498340,0;0,0
2024-09-20;1188009,0;424679,0;1148830,0;449798,0;1001245,0;278876,0;566402;990205,0;375663,0;2102;130236,0;151452,0;968842,0;3376535,0;301536,0;26705,0;418599,0;11720,0;5187308,0;126903;2455390,0;279492,0;0,0
2024-09-23;1767583,0;240279,0;1055760,0;828687,0;1282370,0;331606,0;349645;1385286,0;876047,0;2713;115794,0;179187,0;1582683,0;3469550,0;406524,0;28743,0;378257,0;12986,0;4681130,0;85309;3148360,0;146310,0;0,0
2024-09-24;1836473,0;366111,0;861056,0;1746163,0;1042831,0;375286,0;699666;680922,0;417229,0;3561;191386,0;470535,0;1932343,0;8676108,0;332372,0;14748,0;292975,0;11768,0;3816876,0;135947;2236310,0;334220,0;0,0
2024-09-25;2493552,0;444272,0;962038,0;518153,0;509623,0;532362,0;990006;815939,0;966595,0;4040;161915,0;230820,0;1332619,0;12289196,0;249734,0;37188,0;222180,0;19461,0;6728576,0;232880;1809230,0;605581,0;0,0
2024-09-26;2111455,0;596791,0;1004782,0;782359,0;696299,0;245915,0;1089793;1082277,0;323369,0;3623;90566,0;407657,0;1683713,0;13322662,0;625837,0;43257,0;508405,0;12050,0;4663044,0;207545;2370900,0;341376,0;0,0
2024-09-27;1365506,0;298796,0;982085,0;871965,0;925762,0;678379,0;689310;1112324,0;489691,0;8154;154231,0;605814,0;1142072,0;9456889,0;355940,0;43450,0;845922,0;19149,0;4123142,0;237058;3272270,0;135364,0;0,0
2024-09-30;3246896,0;340631,0;1155327,0;428151,0;1008080,0;412831,0;1963828;789165,0;505382,0;1199;177414,0;177878,0;2294313,0;9442855,0;842423,0;38372,0;226464,0;11589,0;3432322,0;339698;2996660,0;788299,0;0,0
2024-10-01;2722773,0;189223,0;1158557,0;483985,0;840677,0;255322,0;1091645;990014,0;241619,0;4477;236820,0;316479,0;1295251,0;13846289,0;561674,0;16948,0;304724,0;11849,0;5449222,0;224300;4165660,0;209923,0;0,0
2024-10-02;1529044,0;95280,0;1890249,0;649330,0;479299,0;289842,0;492455;1229344,0;176669,0;4077;169510,0;327804,0;1159002,0;3925742,0;174970,0;30452,0;276081,0;14902,0;3572264,0;82283;2830680,0;83445,0;0,0
2024-10-03;1986840,0;180185,0;902137,0;646430,0;601863,0;231791,0;629824;1054354,0;369063,0;3996;65355,0;223031,0;1967891,0;3932785,0;320799,0;41332,0;379718,0;13532,0;2969256,0;200196;2472180,0;241218,0;0,0
2024-10-04;1527971,0;116768,0;747944,0;372405,0;239720,0;99750,0;442783;1097917,0;504908,0;3493;53022,0;297429,0;2012441,0;5052583,0;248077,0;26501,0;223848,0;9923,0;3992410,0;213653;2621600,0;228575,0;0,0
2024-10-07;2580763,0;382334,0;861321,0;632595,0;682810,0;156499,0;1217590;1010647,0;604415,0;5903;167368,0;179434,0;1507172,0;4409477,0;264823,0;29570,0;341572,0;8215,0;2390808,0;180465;1864920,0;263250,0;0,0
2024-10-08;1972248,0;122060,0;778852,0;612849,0;435276,0;459247,0;534671;1030705,0;496770,0;1683;84411,0;173781,0;2465076,0;3373461,0;368816,0;21303,0;229376,0;15634,0;2879324,0;101200;2833350,0;231238,0;0,0
2024-10-09;3612650,0;274895,0;1263749,0;1271758,0;606273,0;803924,0;785250;1473393,0;763041,0;3820;119457,0;553364,0;1120059,0;8512326,0;1389009,0;38510,0;262469,0;25539,0;7259470,0;142000;5639300,0;346502,0;0,0
2024-10-10;2425140,0;288579,0;748820,0;628913,0;1292168,0;530492,0;677881;821261,0;543534,0;3853;217483,0;204381,0;1410724,0;5702564,0;436375,0;24148,0;142462,0;25951,0;6413716,0;161372;4679680,0;217724,0;0,0
2024-10-14;2929069,0;401178,0;1228672,0;677844,0;1589544,0;263207,0;1190325;662963,0;582842,0;2221;234890,0;190488,0;2239915,0;4797514,0;776001,0;22328,0;1334176,0;10577,0;4378354,0;252921;5538700,0;242944,0;0,0
2024-10-15;2877887,0;318890,0;1987439,0;1018950,0;810820,0;302912,0;1330922;1271140,0;652913,0;5710;419360,0;262419,0;4113127,0;7029872,0;472198,0;30848,0;250898,0;22779,0;8610200,0;770045;7328440,0;222607,0;0,0
2024-10-16;3795422,0;426631,0;908525,0;1575346,0;1180644,0;672963,0;1665948;1145141,0;303686,0;7489;649074,0;222830,0;2469431,0;7227520,0;204138,0;38178,0;386327,0;19194,0;4110052,0;140088;5527570,0;329109,0;0,0
2024-10-17;3951891,0;137838,0;2873076,0;1066741,0;1740009,0;180672,0;815523;1589305,0;417152,0;5423;268377,0;194080,0;1092761,0;6905044,0;548922,0;30831,0;443016,0;20856,0;5245384,0;273185;3118850,0;223815,0;0,0
2024-10-18;4290881,0;330293,0;982453,0;833081,0;943271,0;251134,0;604814;652181,0;232911,0;4920;352513,0;219911,0;889542,0;6241530,0;235242,0;15527,0;165240,0;17661,0;1909782,0;223420;2725710,0;311374,0;0,0
2024-10-21;2267647,0;122281,0;962767,0;799738,0;680477,0;164693,0;409053;619475,0;416765,0;5828;133185,0;235007,0;1068233,0;6476663,0;234361,0;10912,0;132550,0;7538,0;1894160,0;118072;2662190,0;269663,0;0,0
2024-10-22;1363289,0;191088,0;730359,0;1445383,0;2303295,0;262295,0;262481;810625,0;602583,0;6207;166196,0;190025,0;799289,0;9587613,0;295459,0;19423,0;122257,0;5409,0;3750348,0;82861;2578320,0;188754,0;0,0
2024-10-23;1714163,0;257217,0;823866,0;1342843,0;2106981,0;272662,0;582258;724587,0;463827,0;6346;222955,0;150614,0;1569436,0;8507258,0;2707901,0;18373,0;146320,0;9268,0;4533784,0;144488;3307350,0;229107,0;0,0
2024-10-24;3454941,0;319220,0;846781,0;1250209,0;2365139,0;537726,0;721589;745773,0;630896,0;4003;193176,0;224013,0;1237775,0;10767363,0;1947453,0;33260,0;264536,0;22353,0;3773370,0;128658;4402600,0;387987,0;0,0
2024-10-25;2193634,0;517186,0;1365202,0;1421803,0;1158836,0;737297,0;737059;1131784,0;768646,0;2707;205971,0;236038,0;2439300,0;10602357,0;865285,0;47566,0;225960,0;26956,0;5670190,0;223485;5307520,0;705960,0;0,0
2024-10-28;1999811,0;441055,0;1783825,0;1834074,0;812931,0;352633,0;1190981;1005914,0;474667,0;2511;148140,0;210684,0;1989932,0;8373341,0;854863,0;38959,0;157804,0;27321,0;4547740,0;177971;4077960,0;594409,0;0,0
2024-10-29;1790099,0;221080,0;1577077,0;1011379,0;804699,0;880283,0;1019816;2244271,0;304736,0;5210;319923,0;239396,0;3950135,0;5052356,0;615134,0;34078,0;2529702,0;16755,0;4875132,0;270534;4800360,0;374258,0;0,0
2024-10-30;1990704,0;210387,0;1108958,0;964095,0;761409,0;520468,0;540801;1381654,0;237827,0;7504;243260,0;310048,0;917554,0;2722035,0;1176941,0;36862,0;486988,0;8893,0;3904120,0;231011;3436870,0;248884,0;0,0
2024-10-31;2028482,0;120638,0;1180548,0;796200,0;788510,0;344770,0;827582;1077721,0;284848,0;4307;244167,0;191557,0;2838536,0;3257314,0;634504,0;13204,0;199236,0;6601,0;2300004,0;155076;3141320,0;154008,0;0,0
2024-11-01;1727236,0;244956,0;998971,0;1247994,0;809285,0;346466,0;710547;1826272,0;306381,0;7277;266385,0;153030,0;1555642,0;5864490,0;2752204,0;35986,0;206001,0;13027,0;4251564,0;253788;2939180,0;169616,0;0,0
2024-11-04;1345431,0;269503,0;1306753,0;1128961,0;965299,0;774135,0;566793;1791211,0;365452,0;7680;150301,0;282160,0;3589974,0;5348882,0;834860,0;24134,0;1665750,0;21413,0;7583298,0;210495;6530720,0;268305,0;0,0
2024-11-05;2452777,0;232414,0;1517920,0;1211887,0;789719,0;697596,0;793072;1520533,0;628406,0;3282;515682,0;348492,0;2176628,0;6185371,0;769302,0;21776,0;1239503,0;11381,0;6915896,0;124918;6785800,0;404165,0;0,0
2024-11-06;4585714,0;329752,0;1352516,0;1691129,0;566015,0;1609596,0;972937;1405432,0;697108,0;2836;671762,0;379498,0;6479340,0;12223460,0;386902,0;17913,0;431122,0;9608,0;5256528,0;173488;4503230,0;861842,0;0,0
2024-11-07;2191975,0;410452,0;1827236,0;1863006,0;1357582,0;2318256,0;917508;1335886,0;956675,0;3218;537399,0;344719,0;3709287,0;11181043,0;611377,0;113712,0;386158,0;11386,0;10780538,0;384031;6205090,0;642251,0;0,0
2024-11-08;2412370,0;345880,0;2010838,0;1157828,0;2425117,0;774963,0;593682;2059923,0;652592,0;4975;466441,0;289056,0;4102531,0;8284422,0;751985,0;26988,0;4439125,0;14826,0;5836870,0;439693;7799360,0;314286,0;0,0
2024-11-11;1759956,0;282568,0;1224181,0;1478828,0;1126337,0;581933,0;731851;1379619,0;517744,0;3167;250074,0;200514,0;1672407,0;4340327,0;635628,0;23807,0;326444,0;18234,0;3191090,0;260662;4269860,0;181592,0;0,0
2024-11-12;2137833,0;200817,0;1771204,0;932612,0;904138,0;683229,0;764768;1827490,0;939873,0;4445;337426,0;327798,0;1047180,0;16312366,0;730387,0;20629,0;378101,0;18015,0;5725546,0;222328;6342550,0;149876,0;0,0
2024-11-13;1803981,0;290222,0;2029485,0;1302789,0;1261224,0;872653,0;545326;4493389,0;1730276,0;5224;299589,0;600511,0;1216885,0;9727298,0;730816,0;65841,0;669838,0;24541,0;7255010,0;285101;6880840,0;250284,0;0,0
2024-11-14;2150772,0;391734,0;2140584,0;1415476,0;1352836,0;1012334,0;1019508;2517468,0;1457366,0;7666;672592,0;496707,0;2427027,0;8797426,0;783435,0;68235,0;521237,0;58249,0;9114430,0;584306;7676020,0;195836,0;0,0
2024-11-15;3120378,0;672496,0;3048988,0;2244600,0;1988581,0;1498026,0;1358614;2806180,0;1045173,0;6993;340463,0;773789,0;2158886,0;9573815,0;759184,0;48058,0;564581,0;94513,0;24780110,0;448674;7823280,0;344937,0;0,0
2024-11-19;2747588,0;470107,0;2362209,0;2677029,0;1484252,0;545045,0;1065244;3297231,0;1382473,0;8084;240022,0;1149300,0;1127046,0;7232299,0;749200,0;72270,0;421221,0;32236,0;10208762,0;672273;9197400,0;557249,0;0,0
2024-11-20;1875007,0;585691,0;1855776,0;1884896,0;1851724,0;514745,0;948208;1707395,0;1309449,0;11956;193023,0;653645,0;1640782,0;7345616,0;613720,0;46744,0;369830,0;29467,0;10526374,0;475680;6193440,0;250337,0;0,0
2024-11-21;2164445,0;396228,0;1626961,0;2109966,0;535906,0;418934,0;554393;1620927,0;765137,0;5499;84646,0;702587,0;1036879,0;5725895,0;301825,0;99213,0;478351,0;32377,0;6457324,0;240298;6546210,0;365429,0;0,0
2024-11-22;2685387,0;723282,0;1925691,0;9269633,0;2906496,0;658892,0;1624362;1888299,0;1327153,0;9189;189624,0;3064909,0;1136151,0;13594458,0;321807,0;67672,0;413767,0;37476,0;8829894,0;260756;10793860,0;624084,0;0,0
2024-11-25;2603785,0;594959,0;2729796,0;6501851,0;4008477,0;1216063,0;829729;1818774,0;1499196,0;18920;218378,0;530644,0;1170502,0;8459194,0;764765,0;99234,0;1109532,0;45124,0;49370360,0;781630;14088620,0;329673,0;0,0
2024-11-26;2827127,0;448043,0;1529755,0;3420851,0;2397416,0;1249017,0;1335901;1954910,0;1361263,0;13576;206700,0;475628,0;1707983,0;11105211,0;485585,0;79858,0;252737,0;50884,0;21533272,0;901274;6221940,0;436825,0;0,0
2024-11-27;1944173,0;529155,0;1221608,0;3629532,0;2202979,0;589286,0;678051;2253847,0;1187658,0;9939;179668,0;354089,0;940221,0;16487450,0;735921,0;40060,0;696406,0;22934,0;17879646,0;344242;5044270,0;318053,0;0,0
2024-11-28;781501,0;375288,0;609836,0;657803,0;658186,0;404322,0;277301;974404,0;577651,0;9581;83433,0;181930,0;734421,0;12820305,0;175252,0;54187,0;558080,0;24480,0;7930694,0;240452;2286450,0;75134,0;0,0
2024-11-29;1390868,0;712954,0;1195659,0;1419052,0;806518,0;775224,0;695137;1420566,0;813404,0;5340;324096,0;324648,0;865115,0;12286529,0;356375,0;47035,0;316717,0;18019,0;12503702,0;531245;3705490,0;193475,0;0,0
2024-12-02;3196057,0;525982,0;2705513,0;3168365,0;1378841,0;1189735,0;1114500;1960569,0;1629372,0;7887;332560,0;876275,0;1736560,0;21438306,0;615713,0;83150,0;1675674,0;23161,0;17343828,0;579631;4725510,0;313865,0;0,0
2024-12-03;2140263,0;581643,0;2079813,0;1532212,0;1187488,0;1808455,0;551797;2153680,0;1171901,0;10160;768474,0;331283,0;1672766,0;19039412,0;918742,0;76706,0;695212,0;32044,0;38147044,0;390549;5650040,0;270412,0;0,0
2024-12-04;3509463,0;627605,0;2062353,0;1680573,0;1254097,0;1397273,0;694281;2438312,0;1768866,0;8803;386288,0;668901,0;2747487,0;20628850,0;917101,0;83460,0;352122,0;26531,0;12821924,0;329375;9481490,0;478084,0;0,0
2024-12-05;2012488,0;582648,0;2528516,0;1183636,0;940514,0;756559,0;881072;1243689,0;2259289,0;5022;229423,0;381049,0;1315374,0;11689038,0;748837,0;41415,0;310619,0;19887,0;8282474,0;318875;5081290,0;345993,0;0,0
2024-12-06;2009076,0;407594,0;1440830,0;1488557,0;1261214,0;1474944,0;563165;2249190,0;953005,0;4829;242240,0;253210,0;1679803,0;8159942,0;976356,0;46966,0;1740860,0;14818,0;6662982,0;372321;5599120,0;162448,0;0,0
2024-12-09;2263411,0;395516,0;1252159,0;743513,0;1286624,0;947279,0;395084;1050562,0;847534,0;3700;275006,0;290143,0;2185715,0;9872823,0;723411,0;51055,0;330433,0;18015,0;7747798,0;275011;6446370,0;198104,0;0,0
2024-12-10;1996397,0;265902,0;1328052,0;1065754,0;619714,0;827856,0;407328;1057719,0;489771,0;3627;166600,0;274823,0;1054271,0;5951818,0;657358,0;39104,0;370637,0;28576,0;5540292,0;273227;4971650,0;498485,0;0,0
2024-12-11;4049775,0;490540,0;2150148,0;706435,0;798925,0;616984,0;546196;861420,0;590580,0;6824;159478,0;260804,0;2060166,0;15954308,0;630336,0;77303,0;479505,0;10988,0;19915394,0;322632;5272620,0;471511,0;0,0
2024-12-12;2684229,0;351276,0;3241387,0;1145155,0;1420003,0;1168836,0;693907;2201316,0;1220585,0;3586;320899,0;546196,0;1034355,0;15681659,0;801253,0;40524,0;600591,0;53744,0;12101960,0;461739;6839410,0;429013,0;0,0
2024-12-13;3238707,0;516389,0;2479628,0;1865362,0;1017125,0;931531,0;815665;1789501,0;842241,0;10482;499960,0;381656,0;3126367,0;19345212,0;659354,0;44943,0;2725081,0;54859,0;13353058,0;791750;5601480,0;764176,0;0,0
2024-12-16;10325027,0;1074286,0;2869404,0;3500293,0;2416291,0;624034,0;2130156;2367236,0;1195702,0;10726;355367,0;706621,0;3968269,0;13685792,0;1589387,0;56737,0;2544472,0;55459,0;22787594,0;672676;8709460,0;1264573,0;0,0
2024-12-17;4933543,0;741038,0;2377675,0;6030429,0;2205534,0;1056201,0;1659625;1697920,0;891720,0;14065;806411,0;469910,0;4061232,0;12197601,0;1507272,0;119414,0;1475181,0;47434,0;18531222,0;408997;6633660,0;430789,0;0,0
2024-12-18;4001697,0;513566,0;2355601,0;3527753,0;1954487,0;494786,0;845996;2177860,0;861616,0;16091;390112,0;628973,0;2224279,0;9692437,0;1908355,0;57873,0;980676,0;49996,0;15888294,0;298777;6749140,0;598192,0;0,0
2024-12-19;3078200,0;490220,0;1676943,0;1091092,0;1141781,0;919248,0;1185470;2076873,0;632125,0;30399;504140,0;384399,0;2083485,0;10463819,0;769336,0;65836,0;1726805,0;27601,0;12647966,0;588012;8707910,0;392840,0;0,0
2024-12-20;3568607,0;238037,0;1955868,0;1047143,0;1100941,0;562072,0;1388485;1549228,0;873336,0;8080;297337,0;377982,0;1274359,0;8419408,0;1515694,0;42501,0;1405821,0;44840,0;10997910,0;435295;5820870,0;277045,0;0,0
2024-12-23;1887396,0;464306,0;1180886,0;753100,0;1226881,0;459210,0;816436;1026501,0;668427,0;6676;119756,0;295624,0;1377518,0;7729752,0;762191,0;45948,0;768014,0;43891,0;10836912,0;298659;3542720,0;217603,0;0,0
2024-12-24;491888,0;42752,0;224222,0;136839,0;294356,0;88054,0;356155;233044,0;120056,0;3469;195898,0;48278,0;613932,0;6460652,0;241857,0;15741,0;189406,0;23662,0;5643726,0;52232;890120,0;92995,0;0,0
2024-12-26;1995517,0;252870,0;1293492,0;3477899,0;1388387,0;861052,0;615608;1026444,0;586628,0;8676;680279,0;311069,0;1276622,0;14298578,0;700472,0;87664,0;824804,0;48439,0;13361098,0;296818;3479710,0;337517,0;0,0
2024-12-27;1198705,0;196164,0;1009322,0;973938,0;889773,0;490693,0;935550;1389405,0;650620,0;4591;277939,0;282036,0;1417418,0;7553029,0;632757,0;87990,0;647498,0;39534,0;16167324,0;319478;3162120,0;398188,0;0,0
2024-12-30;1356033,0;539418,0;1002901,0;1197374,0;555964,0;648228,0;819920;1398882,0;590039,0;4687;319028,0;301236,0;529719,0;5774213,0;268730,0;63902,0;459645,0;20368,0;4766178,0;380821;2275840,0;372555,0;0,0
2025-01-02;2253857,0;493032,0;2259748,0;2147198,0;975743,0;652883,0;961747;2015493,0;1108987,0;4661;627176,0;550497,0;2368107,0;10451724,0;1101532,0;100280,0;889870,0;19668,0;27114336,0;343003;5466700,0;525189,0;0,0
2025-01-03;2234397,0;392499,0;1930097,0;2300783,0;1027287,0;482958,0;1193424;2088444,0;781706,0;7399;414489,0;796339,0;1228664,0;17424423,0;2286786,0;72013,0;1048028,0;21907,0;20845646,0;381844;6388860,0;677215,0;0,0
2025-01-06;2235276,0;466945,0;1937570,0;1665288,0;2178300,0;623184,0;1186178;1530956,0;1005064,0;5991;1157434,0;501416,0;1887110,0;9193422,0;1145215,0;110043,0;504469,0;23382,0;18438604,0;387967;4860000,0;684187,0;0,0
2025-01-07;2441531,0;642838,0;2676185,0;1353653,0;1753817,0;1092786,0;1840353;1955478,0;930459,0;5585;653652,0;605619,0;1564202,0;14558176,0;1462052,0;140504,0;654783,0;25353,0;17154940,0;931186;6722380,0;686777,0;0,0
2025-01-08;1824924,0;367919,0;2866124,0;1673441,0;1149466,0;1223868,0;1347517;4201595,0;757730,0;16282;1564952,0;597771,0;1586617,0;8572594,0;7211439,0;127059,0;745148,0;21622,0;13862284,0;1141444;8430270,0;664834,0;0,0
2025-01-09;849011,0;185782,0;1568067,0;2526645,0;1443575,0;479714,0;1249193;1187015,0;321520,0;5756;98966,0;278876,0;1606709,0;4526999,0;2101570,0;112642,0;966425,0;19384,0;6539026,0;181259;2649330,0;328947,0;0,0
2025-01-10;2447246,0;576166,0;2266661,0;2215789,0;1591338,0;742106,0;1459004;2339117,0;1019372,0;4178;248765,0;922665,0;1840033,0;4516985,0;3463943,0;19431,0;445673,0;30005,0;9754058,0;867226;7001370,0;481888,0;0,0
2025-01-13;3044814,0;528158,0;1433648,0;1404138,0;1228737,0;618678,0;1724008;1645645,0;1146845,0;5136;325111,0;498961,0;1592609,0;9912082,0;2232309,0;31842,0;927368,0;11450,0;4807624,0;541836;4993340,0;1172776,0;0,0
2025-01-14;2719284,0;290680,0;1906781,0;2534618,0;1308198,0;527539,0;1395229;2001618,0;702830,0;5875;381865,0;636494,0;2595126,0;6687169,0;1951919,0;18726,0;1334950,0;11851,0;10819196,0;1049252;4117410,0;480497,0;0,0
2025-01-15;1816027,0;261797,0;1609267,0;1131789,0;1988333,0;1640857,0;1214663;1742105,0;555825,0;5514;280466,0;480476,0;1659457,0;8388780,0;1086445,0;22151,0;348491,0;11772,0;10576710,0;256648;5044900,0;344097,0;0,0
2025-01-16;2258301,0;292738,0;1257453,0;1571697,0;848612,0;826786,0;1369656;2230555,0;540303,0;3064;170195,0;577559,0;1831322,0;7614106,0;992333,0;29765,0;699932,0;8307,0;5158650,0;500019;4399300,0;205548,0;0,0
2025-01-17;3432291,0;636776,0;2343509,0;2161552,0;1844126,0;755151,0;1459240;1988016,0;691743,0;5651;327101,0;448881,0;2032229,0;9783731,0;1476771,0;26063,0;430887,0;27636,0;7689066,0;776214;7009580,0;394119,0;0,0
2025-01-20;1071937,0;246492,0;888929,0;983741,0;845256,0;159199,0;333877;1072739,0;292977,0;4732;99395,0;174119,0;722074,0;7308300,0;416180,0;25897,0;218916,0;11929,0;3459230,0;107475;2178450,0;122388,0;0,0
2025-01-21;2276228,0;507112,0;1806432,0;1633310,0;1095371,0;545544,0;897823;2926070,0;410875,0;5884;341932,0;347203,0;973976,0;6658707,0;2372870,0;16977,0;173416,0;12577,0;7806378,0;347097;4832020,0;404687,0;0,0
2025-01-22;2139335,0;366842,0;969983,0;2357725,0;1036697,0;307728,0;743857;1541678,0;676815,0;3754;245741,0;386335,0;1698853,0;7422586,0;1518048,0;25718,0;718448,0;8824,0;9926166,0;532988;3339680,0;373216,0;0,0
2025-01-23;1554132,0;406806,0;916191,0;2161030,0;1371979,0;357520,0;490565;836426,0;684278,0;3376;74544,0;428223,0;660948,0;3587540,0;1158592,0;13062,0;312455,0;22798,0;16483616,0;659493;3131260,0;329273,0;0,0
2025-01-24;1997651,0;566182,0;2106129,0;2617869,0;1037341,0;849132,0;931441;1155086,0;428221,0;4504;220911,0;322345,0;2389685,0;7132840,0;1199898,0;28825,0;233992,0;39120,0;14980264,0;401588;9581570,0;344088,0;0,0
2025-01-27;2495614,0;621884,0;2234216,0;875254,0;385266,0;816984,0;1511147;1216984,0;630727,0;4267;872130,0;461032,0;1773080,0;5220611,0;808288,0;13562,0;403018,0;17113,0;4679528,0;525075;11361400,0;500333,0;0,0
2025-01-28;2239561,0;539684,0;2878034,0;2343104,0;631746,0;420455,0;951040;2252040,0;322588,0;5604;515223,0;597292,0;1038989,0;5493473,0;1127964,0;41926,0;380253,0;16921,0;11516514,0;379341;5615990,0;360072,0;0,0
2025-01-29;2482018,0;372092,0;1787310,0;1416918,0;601735,0;267026,0;1152009;796873,0;731393,0;2847;264221,0;573131,0;886751,0;3329115,0;1620729,0;40663,0;530707,0;16787,0;5584588,0;360331;3867810,0;246412,0;0,0
2025-01-30;2079300,0;339847,0;1918717,0;2428730,0;564596,0;239381,0;808975;868775,0;524379,0;8746;218473,0;236415,0;1181554,0;4475748,0;1177225,0;18759,0;181773,0;16041,0;5654544,0;207203;4045850,0;203099,0;0,0
2025-01-31;3398343,0;259374,0;734240,0;2812321,0;527714,0;304872,0;631949;535906,0;643069,0;7336;114775,0;422406,0;2356469,0;2969368,0;598543,0;23605,0;226359,0;10606,0;3327570,0;287818;2554790,0;171792,0;0,0
2025-02-03;2929644,0;313543,0;1476544,0;1377473,0;483258,0;227034,0;792517;1009945,0;253605,0;4191;113881,0;423583,0;1975198,0;5406213,0;569100,0;19258,0;317392,0;11614,0;4574442,0;203083;3987860,0;219715,0;0,0
2025-02-04;1879036,0;185742,0;728526,0;766660,0;348143,0;315413,0;410782;529581,0;314701,0;3420;36146,0;160026,0;1646133,0;5086521,0;1077080,0;42900,0;343966,0;6956,0;5086906,0;206694;2697540,0;165674,0;0,0
2025-02-05;1743277,0;168439,0;731211,0;958422,0;1262284,0;303878,0;398904;1152474,0;201836,0;18425;306750,0;129200,0;1171289,0;3691698,0;563716,0;33279,0;215382,0;6465,0;4363322,0;299360;2850270,0;132733,0;0,0
2025-02-06;2001115,0;539049,0;1008141,0;2612303,0;978271,0;266535,0;393939;641211,0;269052,0;5252;242438,0;198537,0;2482464,0;5414263,0;773693,0;10852,0;326460,0;11380,0;4654416,0;241571;2665930,0;149687,0;0,0
2025-02-07;2664227,0;364155,0;1656106,0;1074044,0;798745,0;489523,0;717093;1126371,0;381239,0;1749;175979,0;472970,0;1596088,0;6322717,0;868271,0;42010,0;558523,0;9182,0;9303106,0;773461;4570180,0;344680,0;0,0
2025-02-10;2276223,0;499932,0;2566650,0;1848239,0;3076206,0;190465,0;683741;761315,0;326178,0;5021;86828,0;414545,0;1318166,0;8489930,0;708287,0;51874,0;140291,0;9665,0;7277036,0;325399;4361230,0;296074,0;0,0
2025-02-11;5507465,0;507070,0;2804060,0;1384294,0;1862560,0;587452,0;1294714;1401951,0;708734,0;4380;348759,0;1264316,0;3135316,0;14392275,0;657489,0;67433,0;732573,0;19420,0;15385684,0;293457;7909280,0;567544,0;0,0
2025-02-12;2641904,0;419000,0;2472248,0;1951541,0;1471137,0;578180,0;993408;1286784,0;387015,0;5912;287838,0;461917,0;3523904,0;12885703,0;992251,0;37801,0;418341,0;16263,0;11495722,0;578794;6641100,0;564516,0;0,0
2025-02-13;2997594,0;238311,0;916572,0;836176,0;610477,0;355229,0;450702;787114,0;166291,0;3777;171379,0;366948,0;1825725,0;7389777,0;367022,0;30227,0;222039,0;10736,0;7136764,0;201274;3814530,0;285837,0;0,0
2025-02-14;2405898,0;302529,0;1159987,0;5226143,0;2047250,0;277560,0;561928;424757,0;250600,0;3313;122297,0;260576,0;2603178,0;5786572,0;462219,0;44885,0;231058,0;9413,0;4889076,0;259131;3366880,0;244897,0;0,0
2025-02-17;2472276,0;397878,0;2431021,0;2876620,0;1370641,0;430824,0;828392;1709403,0;1106740,0;3057;236142,0;919084,0;2178986,0;11287809,0;935483,0;27347,0;1578090,0;17929,0;11093976,0;217257;5047220,0;663181,0;0,0
2025-02-18;4602703,0;846476,0;2080058,0;2229796,0;1745501,0;580882,0;968827;1853324,0;856469,0;4673;305861,0;828489,0;2786328,0;15084736,0;1013249,0;32319,0;987918,0;17483,0;16193832,0;261711;5963960,0;843819,0;0,0
2025-02-19;2259494,0;535460,0;1048256,0;1322388,0;1489614,0;405400,0;572238;815889,0;292027,0;2617;153026,0;380097,0;1300627,0;9145535,0;555962,0;17060,0;716673,0;12313,0;6333900,0;249107;4712190,0;447981,0;0,0
2025-02-20;2280148,0;511573,0;1134284,0;1187117,0;909488,0;300981,0;683182;682456,0;258298,0;1590;201169,0;204939,0;1729457,0;7172948,0;781680,0;15598,0;433994,0;6519,0;3964310,0;214683;4500430,0;287526,0;0,0
2025-02-21;2764071,0;464194,0;1813551,0;2010095,0;956105,0;368166,0;567178;719105,0;308414,0;3514;144793,0;164274,0;1535354,0;10386862,0;690255,0;14221,0;533249,0;13903,0;7714978,0;128927;6547590,0;175605,0;0,0
2025-02-24;1726813,0;357079,0;896155,0;2480032,0;693872,0;175884,0;319745;389633,0;265064,0;3549;502556,0;241438,0;1036433,0;4745361,0;516328,0;14306,0;348319,0;7751,0;6899216,0;83118;4231630,0;422751,0;0,0
2025-02-25;1845095,0;569375,0;1041759,0;1481059,0;399116,0;334039,0;508200;1283923,0;294910,0;5191;1005919,0;423119,0;4107713,0;12742645,0;610138,0;29672,0;619203,0;9592,0;4424934,0;145708;6253250,0;344501,0;0,0
2025-02-26;1681330,0;251994,0;1306403,0;1776206,0;418440,0;449581,0;435028;478229,0;310411,0;5124;509890,0;329284,0;982772,0;7388518,0;294093,0;12047,0;317982,0;9327,0;3021914,0;138182;3147440,0;166255,0;0,0
2025-02-27;3186265,0;1193080,0;1436658,0;4500756,0;1019557,0;607859,0;676784;1764360,0;383168,0;2979;307008,0;377418,0;1745266,0;17083298,0;279650,0;48952,0;748883,0;4365,0;5147758,0;218534;4237540,0;302906,0;0,0
2025-02-28;3174327,0;729598,0;1600317,0;1370987,0;905218,0;567684,0;787784;1240535,0;467212,0;1684;307069,0;361224,0;872852,0;11039439,0;277557,0;67685,0;841049,0;10475,0;3748028,0;177808;7059970,0;327465,0;0,0
2025-03-05;1958184,0;367395,0;882855,0;1952173,0;890213,0;978789,0;473972;841855,0;411978,0;2636;151393,0;267822,0;1244770,0;11377072,0;260934,0;24695,0;966285,0;8826,0;3760964,0;100440;4444240,0;204050,0;0,0
2025-03-06;2167031,0;347873,0;1461859,0;1955437,0;883345,0;808799,0;560712;686243,0;172574,0;2766;98235,0;242425,0;1031578,0;6146320,0;211004,0;29011,0;937163,0;11464,0;6920504,0;75223;4786900,0;328901,0;0,0
2025-03-07;2258884,0;262814,0;1040418,0;934602,0;957611,0;440175,0;511517;715757,0;162892,0;1699;151999,0;460460,0;1188257,0;8742674,0;426161,0;48741,0;1084589,0;10162,0;4790642,0;138974;7473730,0;229081,0;0,0
2025-03-10;3615906,0;240188,0;1577884,0;576457,0;608576,0;686281,0;508068;777475,0;219708,0;3285;79898,0;423081,0;1572814,0;7489605,0;719708,0;60115,0;572528,0;7725,0;3791990,0;303616;7371210,0;540463,0;0,0
2025-03-11;2527752,0;330407,0;1797340,0;697024,0;544503,0;480491,0;955665;962848,0;274594,0;7355;82484,0;303436,0;654838,0;23885127,0;531909,0;19210,0;494928,0;9094,0;2925210,0;327269;5027650,0;344203,0;0,0
2025-03-12;3371560,0;740876,0;2330279,0;1477677,0;459951,0;441704,0;1080068;1200331,0;318451,0;4580;124050,0;603451,0;1439085,0;12227776,0;879964,0;36986,0;358066,0;7998,0;9283894,0;327651;4426370,0;350758,0;0,0
2025-03-13;2283870,0;245899,0;948257,0;1051086,0;539243,0;672258,0;507876;627457,0;273445,0;13438;82850,0;260226,0;1268095,0;12523788,0;623872,0;14788,0;171933,0;3181,0;7171660,0;229898;4508090,0;208609,0;0,0
2025-03-14;1817776,0;211163,0;1229367,0;3737281,0;457676,0;329971,0;951858;741121,0;261204,0;12085;97588,0;450244,0;1002571,0;9016488,0;458887,0;33269,0;512768,0;6852,0;5112224,0;123116;4219010,0;195653,0;0,0
2025-03-17;1826825,0;287677,0;1029330,0;2268025,0;1034718,0;342615,0;703528;645386,0;199325,0;9142;164018,0;248555,0;1465064,0;6380598,0;502131,0;29054,0;248240,0;8733,0;5649242,0;156203;3987600,0;115164,0;0,0
2025-03-18;2840545,0;369589,0;1185548,0;3178976,0;1430244,0;492530,0;471444;694179,0;295321,0;3110;80792,0;338397,0;1393169,0;6400543,0;491865,0;25621,0;339693,0;5060,0;7044276,0;193077;5155010,0;265494,0;0,0
2025-03-19;2582617,0;144589,0;1142765,0;2666431,0;1348757,0;221981,0;537498;1201618,0;598856,0;4082;82525,0;258315,0;1485781,0;5351162,0;375670,0;73624,0;473548,0;7826,0;6273202,0;197849;4646180,0;316101,0;0,0
2025-03-20;2570791,0;266705,0;856996,0;672860,0;532647,0;170443,0;411506;623565,0;206197,0;6299;64331,0;244820,0;1063877,0;11088080,0;235807,0;10554,0;196310,0;9326,0;4198414,0;180057;2818230,0;174640,0;0,0
2025-03-21;2116698,0;423421,0;1087648,0;1856455,0;895782,0;258974,0;631450;461397,0;535708,0;7622;47085,0;158007,0;1986790,0;9346095,0;327964,0;9731,0;581005,0;4606,0;11715656,0;82988;3261010,0;173206,0;0,0
2025-03-25;2729336,0;758187,0;1167957,0;1715451,0;1204618,0;377328,0;743535;1713675,0;902011,0;3737;335495,0;328084,0;2249465,0;12297414,0;489720,0;30066,0;846296,0;13656,0;6101594,0;220169;3425250,0;606024,0;0,0
2025-03-26;2303858,0;507236,0;1100702,0;2460806,0;1495398,0;304155,0;1068038;676963,0;432886,0;10424;129418,0;165953,0;1699887,0;7164325,0;350450,0;23276,0;385968,0;6977,0;4952622,0;129825;3583420,0;433354,0;0,0
2025-03-27;3078910,0;349092,0;967378,0;1024424,0;724454,0;301768,0;1090806;676117,0;312618,0;9247;145488,0;413075,0;2232136,0;7085070,0;604172,0;22191,0;268109,0;14210,0;17604298,0;159528;2921280,0;303146,0;0,0
2025-03-28;2073542,0;332992,0;775146,0;1027543,0;895845,0;416015,0;559144;514688,0;282618,0;10200;115360,0;372888,0;1780587,0;3363381,0;431559,0;8034,0;205669,0;6057,0;9134004,0;176386;3529970,0;177345,0;0,0
2025-03-31;1778032,0;365106,0;1662038,0;2476541,0;645803,0;316255,0;578597;1316383,0;902600,0;6440;124568,0;191547,0;2435609,0;6121458,0;329377,0;22762,0;516036,0;11533,0;9929872,0;162456;3061240,0;216561,0;0,0
2025-04-01;1876008,0;519392,0;633208,0;762876,0;769946,0;391282,0;903412;778011,0;297321,0;25250;155742,0;164564,0;1522804,0;2417254,0;372640,0;8805,0;272988,0;4983,0;2916504,0;188160;2536320,0;182260,0;0,0
2025-04-03;1723520,0;400655,0;1113877,0;1012076,0;757022,0;778636,0;184410;423424,0;217551,0;7283;216873,0;275643,0;970416,0;5253739,0;343697,0;41048,0;184004,0;6949,0;1735258,0;202276;4905080,0;97183,0;0,0
2025-04-04;5232173,0;613516,0;1872983,0;2651754,0;1002353,0;369125,0;2469290;1703117,0;555095,0;7198;178898,0;619311,0;1225646,0;10707514,0;771475,0;23547,0;234895,0;12360,0;6181788,0;297853;12581140,0;619138,0;0,0
2025-04-07;4271381,0;576482,0;2826135,0;1968214,0;745887,0;604049,0;797529;1495242,0;980626,0;4774;435402,0;558616,0;1852161,0;10401658,0;1270915,0;42676,0;774797,0;15135,0;6900472,0;473036;9409570,0;365096,0;0,0
2025-04-08;7363244,0;695915,0;3329524,0;1793624,0;1014177,0;436646,0;2405050;1465358,0;985349,0;7019;275458,0;594865,0;2148532,0;9024004,0;1529340,0;38360,0;1182909,0;8489,0;10339914,0;215871;11891580,0;533141,0;0,0
2025-04-09;5565661,0;962891,0;2791411,0;4767460,0;1532211,0;297240,0;1977082;1965857,0;935434,0;4777;186913,0;924453,0;5318805,0;13575117,0;1306956,0;43114,0;1238930,0;38570,0;11974074,0;270358;14418220,0;505842,0;0,0
2025-04-10;3712599,0;747455,0;1573347,0;2464239,0;2476355,0;400289,0;1361400;1265249,0;353364,0;4017;160211,0;698217,0;1853377,0;7846550,0;1273045,0;21744,0;1207733,0;8319,0;11360880,0;277961;7229500,0;351168,0;0,0
2025-04-11;5669622,0;1546709,0;1541366,0;3609837,0;1234427,0;255640,0;2300878;975235,0;341955,0;7496;673589,0;539168,0;4468276,0;10769421,0;911571,0;21576,0;1330255,0;12986,0;16034634,0;201565;8141380,0;900917,0;0,0
2025-04-14;5582009,0;1486359,0;3116783,0;1106635,0;1072496,0;308610,0;2079596;2544434,0;419374,0;4449;692222,0;579341,0;2777447,0;8028661,0;1284587,0;43531,0;936902,0;32351,0;25871116,0;513304;7815150,0;607446,0;0,0
2025-04-15;3745526,0;566274,0;1039821,0;1339163,0;840203,0;425396,0;1788868;621115,0;468948,0;4037;128455,0;479464,0;2195644,0;8827866,0;1046953,0;26452,0;940657,0;28131,0;4309104,0;310538;5177380,0;352259,0;0,0
2025-04-16;3002787,0;402522,0;1299347,0;1166718,0;920452,0;402306,0;573142;414825,0;725134,0;3447;104671,0;278426,0;1955347,0;13983653,0;638536,0;32594,0;735348,0;18522,0;5458830,0;102073;4345670,0;263206,0;0,0
2025-04-21;2097848,0;337544,0;1305654,0;3829615,0;1897237,0;269837,0;621054;641191,0;443159,0;6163;64627,0;379557,0;2676426,0;7767061,0;792461,0;13066,0;719692,0;16628,0;9548028,0;529301;3963030,0;170066,0;0,0
2025-04-22;2742896,0;394410,0;1417833,0;2769116,0;1987704,0;262423,0;540574;769331,0;712762,0;13285;203244,0;391259,0;2369447,0;7133473,0;1199070,0;16165,0;939063,0;13690,0;37803820,0;96558;4134480,0;375743,0;0,0
2025-04-23;3904285,0;586743,0;2072830,0;4957526,0;1933586,0;505444,0;942830;2151412,0;589566,0;14809;202674,0;478071,0;2171928,0;17471194,0;646188,0;18546,0;1240863,0;13090,0;13605018,0;400732;5787470,0;537724,0;0,0
2025-04-24;3118905,0;265705,0;1318562,0;1493457,0;958739,0;426513,0;696853;860114,0;535966,0;3575;192774,0;264395,0;4210783,0;7121278,0;677098,0;26469,0;1087538,0;11039,0;10192526,0;488432;3622660,0;321539,0;0,0
2025-04-25;2022374,0;337086,0;914132,0;1709255,0;845671,0;464976,0;804259;821745,0;496095,0;2974;841630,0;235782,0;3158332,0;7691276,0;288678,0;11680,0;663693,0;16322,0;3820520,0;202819;3334290,0;292891,0;0,0
2025-04-28;1468569,0;254991,0;1033987,0;1040440,0;528938,0;215956,0;306473;707485,0;300131,0;1419;359444,0;161214,0;2960986,0;5490509,0;196012,0;9325,0;214739,0;5882,0;4031166,0;217636;2148700,0;182187,0;0,0
2025-04-29;1631781,0;210682,0;887591,0;2599589,0;901989,0;206812,0;600450;787747,0;251222,0;2777;78714,0;193984,0;5034419,0;8942365,0;480852,0;15525,0;265599,0;6565,0;6047736,0;96670;2540720,0;228279,0;0,0
2025-04-30;2324950,0;332290,0;957568,0;1566558,0;594914,0;308473,0;209723;839673,0;419147,0;5320;89109,0;299083,0;2022204,0;7503446,0;436930,0;22078,0;895950,0;4704,0;4058240,0;304502;5694360,0;93868,0;0,0
2025-05-05;2393363,0;547028,0;835202,0;1048147,0;546555,0;159254,0;617836;767385,0;328986,0;4717;235581,0;262199,0;1477060,0;21805572,0;261086,0;31386,0;390525,0;8705,0;2634438,0;208086;5756250,0;424175,0;0,0
2025-05-06;2677886,0;341831,0;897016,0;1337183,0;684040,0;284425,0;486931;803690,0;242060,0;9005;542920,0;199371,0;2246490,0;11032466,0;287356,0;116137,0;938878,0;9754,0;3743580,0;148405;6613500,0;250122,0;0,0
2025-05-07;2897768,0;414955,0;2377364,0;1708480,0;418396,0;454076,0;352822;1224007,0;278919,0;3657;205098,0;511791,0;2052095,0;8064218,0;543395,0;61164,0;801964,0;6187,0;2989794,0;289211;9494960,0;348257,0;0,0
2025-05-08;3105452,0;269149,0;971149,0;2287962,0;317457,0;117597,0;327297;712795,0;565171,0;3068;434281,0;245818,0;1449729,0;12098271,0;278523,0;19896,0;386739,0;5343,0;5105196,0;284502;9352170,0;161283,0;0,0
2025-05-09;2140992,0;397293,0;1203350,0;1368274,0;1166206,0;148667,0;275805;2294505,0;254962,0;4409;235960,0;311466,0;1738138,0;7650638,0;816044,0;22708,0;551624,0;11686,0;10981872,0;262893;5116120,0;346251,0;0,0
2025-05-12;7784835,0;801007,0;3988687,0;3711085,0;2623981,0;294051,0;598456;1969409,0;603729,0;11231;358100,0;321669,0;4074851,0;9421171,0;1593354,0;37584,0;644893,0;22040,0;10550114,0;369180;12682930,0;252271,0;0,0
2025-05-13;3994247,0;337618,0;1943980,0;3060421,0;1593045,0;224958,0;487698;847832,0;515982,0;13849;166812,0;346355,0;2271584,0;20259595,0;549079,0;104674,0;795702,0;5076,0;12832762,0;264035;6996700,0;243633,0;0,0
2025-05-14;1927739,0;220791,0;1268019,0;3528050,0;2024864,0;769511,0;588528;2933746,0;580103,0;22108;157067,0;401819,0;3847371,0;42679768,0;578741,0;41882,0;2437582,0;17799,0;42007990,0;208744;9635040,0;191608,0;0,0
2025-05-15;1849634,0;195510,0;2756389,0;1433084,0;1084003,0;364415,0;336768;2176423,0;281575,0;9635;118620,0;654556,0;2978713,0;19834727,0;478749,0;33898,0;1852259,0;18458,0;24937378,0;131668;10500560,0;513750,0;0,0
2025-05-16;3723322,0;430081,0;1036408,0;1951038,0;1722895,0;285402,0;590831;820451,0;233703,0;7473;98027,0;238585,0;1200914,0;10986337,0;706073,0;15014,0;848700,0;14182,0;11492532,0;104790;7045910,0;361771,0;0,0
2025-05-19;2133660,0;328141,0;962592,0;861280,0;905426,0;388774,0;799747;710822,0;414882,0;4534;122790,0;224228,0;2340739,0;9128337,0;643992,0;21837,0;1109287,0;9422,0;9936988,0;193529;8400110,0;251238,0;0,0
2025-05-20;2136296,0;318842,0;1182167,0;2129860,0;1728202,0;485284,0;764208;2497034,0;1290232,0;3706;406787,0;251378,0;1792879,0;9633017,0;2103910,0;64149,0;1660612,0;12569,0;9661318,0;269640;9345770,0;267668,0;0,0
2025-05-21;2821834,0;684135,0;2528896,0;3834794,0;1662007,0;425137,0;1267829;1967088,0;1350546,0;21547;259561,0;621182,0;2042542,0;11656835,0;782360,0;59654,0;637198,0;40747,0;10327498,0;167085;8501850,0;153069,0;0,0
2025-05-22;2263643,0;624750,0;1602979,0;2444273,0;982507,0;136092,0;382313;2376613,0;744807,0;12123;169185,0;236757,0;1779468,0;9182490,0;677134,0;10686,0;211320,0;17987,0;11927250,0;237401;5915680,0;538704,0;0,0
2025-05-23;2800358,0;220028,0;576644,0;1507918,0;1467744,0;382734,0;834998;3639334,0;442191,0;11607;114069,0;191206,0;3466674,0;7351457,0;451991,0;35024,0;276151,0;9179,0;18978728,0;318995;3987410,0;148143,0;0,0
2025-05-26;1059236,0;67409,0;568366,0;2157442,0;983187,0;125480,0;308507;757599,0;651064,0;4532;135643,0;89641,0;3250193,0;5399855,0;310996,0;32736,0;143800,0;10311,0;13378163,0;99775;1914950,0;67648,0;0,0
2025-05-27;3397561,0;134966,0;721415,0;1972007,0;726921,0;405527,0;2536463;1902085,0;606247,0;4893;134969,0;117804,0;3205732,0;9307506,0;717385,0;25743,0;194793,0;22884,0;19212095,0;154386;4398910,0;219682,0;0,0
2025-05-28;9212008,0;404803,0;1107717,0;2831184,0;1082232,0;214457,0;3166345;1276338,0;1066645,0;3387;114612,0;328020,0;2598171,0;13568633,0;885809,0;34066,0;380268,0;25686,0;14725712,0;100564;5366440,0;317116,0;0,0
2025-05-29;6853475,0;785440,0;1104581,0;2480206,0;946584,0;237073,0;2062473;1345704,0;875878,0;2305;132690,0;326147,0;3857631,0;13636404,0;676180,0;25546,0;190010,0;13333,0;21326734,0;170698;5491570,0;725092,0;0,0
2025-05-30;2780547,0;224162,0;700899,0;2243860,0;963137,0;336828,0;1189906;1001808,0;473464,0;3043;131388,0;199851,0;3133513,0;8549626,0;525330,0;30128,0;423543,0;5709,0;5648677,0;376843;5430480,0;433355,0;0,0
2025-06-02;4162652,0;509094,0;553604,0;2734769,0;1261768,0;153703,0;575455;676472,0;287379,0;3660;146054,0;278041,0;2197433,0;16594557,0;425094,0;15860,0;314651,0;4523,0;5088442,0;247298;3221860,0;411159,0;0,0
2025-06-03;2584804,0;265299,0;1105531,0;1412473,0;1429108,0;131655,0;681235;785982,0;355113,0;5819;50070,0;359218,0;2071138,0;13845588,0;400795,0;30084,0;303240,0;4995,0;3865737,0;168567;5692540,0;336988,0;0,0
2025-06-04;7457350,0;1068561,0;1733801,0;1817527,0;1219374,0;336736,0;2324036;1680062,0;671496,0;9803;202207,0;332245,0;5759648,0;13577684,0;912768,0;14259,0;376307,0;8692,0;8351269,0;269251;6275270,0;705563,0;0,0
2025-06-05;3310508,0;475741,0;1141029,0;860354,0;683451,0;271117,0;914255;1326755,0;454888,0;8464;131059,0;543706,0;2400277,0;6251017,0;337198,0;13818,0;251188,0;10443,0;7147375,0;112428;3845670,0;436335,0;0,0
2025-06-06;2301811,0;360038,0;936932,0;1247002,0;1268319,0;235792,0;1157930;747324,0;229387,0;11804;236096,0;249764,0;1765423,0;7858880,0;459768,0;23689,0;594548,0;7266,0;2674670,0;78413;3601750,0;393581,0;0,0
2025-06-09;3963274,0;343105,0;902226,0;1120812,0;694120,0;214417,0;977910;1107743,0;344655,0;10347;357795,0;177881,0;1463069,0;3839505,0;361690,0;22823,0;280788,0;3978,0;3044115,0;88333;4604260,0;290799,0;0,0
2025-06-10;5558610,0;629368,0;2256955,0;1268377,0;887680,0;439202,0;1536737;1076319,0;312358,0;6458;272755,0;478515,0;2586975,0;7382108,0;516694,0;37686,0;1154649,0;7701,0;5696581,0;145986;7149010,0;634009,0;0,0
2025-06-11;8284108,0;337540,0;1330464,0;912589,0;906797,0;237837,0;2521533;1194251,0;221908,0;3916;111545,0;363288,0;1828920,0;5253048,0;342262,0;25673,0;452447,0;7780,0;7402179,0;234470;4836920,0;313837,0;0,0
2025-06-12;2958595,0;112041,0;1075057,0;373504,0;660347,0;337296,0;2103797;1163905,0;395634,0;3415;59479,0;227781,0;1143965,0;6208923,0;341362,0;14379,0;595294,0;10925,0;12725100,0;147285;4613150,0;259761,0;0,0
2025-06-13;2171457,0;261878,0;1061401,0;1020560,0;1311143,0;351209,0;1458978;1052322,0;335620,0;17018;247786,0;218769,0;1928213,0;7460977,0;1170054,0;23159,0;446453,0;7689,0;10355758,0;321034;6681200,0;278837,0;0,0
2025-06-17;3295275,0;312506,0;1584209,0;3663372,0;1658800,0;1153077,0;1512287;932295,0;820252,0;3283;115078,0;307500,0;2675731,0;12580261,0;1387074,0;29112,0;473378,0;10230,0;7516046,0;348106;5170940,0;371577,0;0,0
2025-06-18;2658961,0;191059,0;1317831,0;1832357,0;690409,0;201881,0;1444095;1611092,0;343600,0;5712;834392,0;330528,0;1977896,0;6913271,0;648368,0;17080,0;568204,0;12526,0;3869703,0;122993;3378670,0;335211,0;0,0
2025-06-19;777754,0;90894,0;422307,0;483877,0;940872,0;61545,0;200612;281953,0;303078,0;2151;22236,0;99287,0;1219881,0;6125455,0;68617,0;20029,0;84631,0;9180,0;3950010,0;51761;1263740,0;73139,0;0,0
2025-06-23;5259914,0;420056,0;1125163,0;2065151,0;1844875,0;256881,0;1274392;1254300,0;570081,0;5659;284648,0;558209,0;2617436,0;13056044,0;501149,0;16546,0;355121,0;11790,0;5927068,0;497889;5281540,0;242882,0;0,0
2025-06-24;3635598,0;584847,0;1091472,0;2345519,0;1071703,0;459395,0;2002324;1265509,0;188542,0;3589;104298,0;226555,0;1930922,0;10853627,0;559627,0;14546,0;694967,0;9423,0;6671546,0;149310;3778260,0;396681,0;0,0
2025-06-25;2577963,0;233005,0;903945,0;1089804,0;853596,0;170316,0;395908;669256,0;279661,0;6300;187272,0;148573,0;1080726,0;7906527,0;456257,0;18877,0;381108,0;9326,0;1783876,0;115213;4683610,0;176184,0;0,0
2025-06-26;3648553,0;457093,0;1288957,0;3020972,0;3122896,0;244630,0;689183;1899605,0;565104,0;6976;221359,0;274285,0;3326651,0;13630627,0;871542,0;49821,0;1531537,0;24903,0;10638973,0;185783;5918680,0;266319,0;0,0
2025-06-27;1193464,0;122587,0;568321,0;2224676,0;1455919,0;520412,0;334556;665144,0;143388,0;2709;102962,0;160136,0;1028986,0;4093306,0;728983,0;24096,0;373774,0;4871,0;4192528,0;84974;4146110,0;150752,0;0,0
2025-06-30;4556730,0;507818,0;1289999,0;1784885,0;1534196,0;487262,0;881712;1448003,0;226066,0;4558;217707,0;350423,0;2412579,0;17366107,0;596036,0;23245,0;895708,0;15175,0;7684658,0;283699;17263020,0;370952,0;0,0
2025-07-01;2251599,0;380449,0;1087825,0;1656030,0;945651,0;296870,0;872715;1804876,0;433500,0;1997;102598,0;319242,0;1757505,0;17737101,0;207886,0;15707,0;766369,0;24680,0;4291209,0;360398;7137300,0;215339,0;0,0
2025-07-02;1509402,0;352554,0;1023095,0;3322771,0;1260542,0;155281,0;470229;469278,0;154031,0;2739;146615,0;244419,0;2591175,0;8347437,0;919027,0;22420,0;898183,0;22954,0;2854437,0;106720;4388620,0;112860,0;0,0
2025-07-03;741045,0;272090,0;1016531,0;1411862,0;1061605,0;554611,0;289696;729628,0;206357,0;2275;140038,0;298463,0;1550396,0;13218630,0;432802,0;18283,0;525563,0;15254,0;2744824,0;90379;2616070,0;89900,0;0,0
2025-07-04;316907,0;75648,0;439124,0;309540,0;455732,0;112430,0;162213;419071,0;79636,0;2548;23269,0;63139,0;1283871,0;12268860,0;267928,0;13824,0;162148,0;10773,0;7142758,0;46525;632760,0;80645,0;0,0
2025-07-07;1915768,0;284408,0;1419122,0;1993533,0;808151,0;367911,0;551002;1090995,0;302796,0;3468;403920,0;376384,0;1599218,0;13081584,0;413292,0;18002,0;457079,0;10441,0;12264520,0;332913;4571290,0;335185,0;0,0
2025-07-08;2292224,0;279970,0;2602952,0;1666046,0;916241,0;85312,0;1027627;919290,0;427448,0;2557;144171,0;359268,0;2089413,0;16537384,0;1296635,0;15448,0;585976,0;14905,0;3530078,0;154384;6279210,0;337102,0;0,0
2025-07-10;3141223,0;182177,0;2126638,0;715532,0;609486,0;171068,0;795041;897562,0;521554,0;2836;129515,0;242395,0;1318844,0;15991099,0;938982,0;25037,0;766961,0;5920,0;2714121,0;146793;5304350,0;137443,0;0,0
2025-07-11;2213423,0;373609,0;1228189,0;1217017,0;525389,0;472526,0;967739;1161227,0;668326,0;2931;185488,0;513447,0;1783329,0;8891956,0;568305,0;13070,0;670789,0;5848,0;2848401,0;252435;3540600,0;334610,0;0,0
2025-07-14;1497040,0;407579,0;5632978,0;4379377,0;1188785,0;330642,0;379746;377892,0;150298,0;3317;242514,0;332862,0;1137133,0;13577700,0;819912,0;16342,0;316881,0;7975,0;4883630,0;468090;3233480,0;379370,0;0,0
2025-07-15;2009158,0;383823,0;4068888,0;2720420,0;1002659,0;552769,0;578252;466989,0;403725,0;4258;396864,0;234836,0;1132062,0;10400992,0;812059,0;23834,0;418587,0;11088,0;4670463,0;242696;4988890,0;216847,0;0,0
2025-07-16;2563631,0;575128,0;1340222,0;1356092,0;500054,0;421889,0;1054588;400696,0;205607,0;8244;45337,0;144546,0;1382324,0;6544737,0;733768,0;19483,0;589069,0;5730,0;3904264,0;139535;3769360,0;255442,0;0,0
2025-07-17;3570937,0;402834,0;2107987,0;1173792,0;858480,0;212019,0;750447;942668,0;507033,0;2378;331317,0;221534,0;1148434,0;7385232,0;398554,0;35241,0;496420,0;5661,0;2599766,0;149897;3365190,0;267819,0;0,0
2025-07-18;2074828,0;452739,0;1904432,0;1075697,0;567030,0;292030,0;824137;423359,0;242784,0;4222;142934,0;120697,0;1738057,0;7376353,0;432156,0;18668,0;428746,0;13184,0;2580615,0;111074;4135220,0;258199,0;0,0
2025-07-21;1551717,0;285089,0;1849540,0;1156431,0;548377,0;97488,0;699917;1566395,0;505573,0;3657;136438,0;223353,0;1403989,0;10312362,0;479534,0;30027,0;433007,0;15233,0;3739025,0;98394;3716730,0;112187,0;0,0
2025-07-22;3132177,0;402490,0;2299096,0;712773,0;627483,0;450648,0;384238;944581,0;120781,0;3596;58469,0;481683,0;1299016,0;11281049,0;515784,0;11748,0;436821,0;9158,0;4781458,0;549905;5568580,0;252167,0;0,0
2025-07-23;2979712,0;603812,0;2448812,0;1202545,0;911467,0;113528,0;582527;1251252,0;350080,0;5408;79765,0;281880,0;2125888,0;7879355,0;642047,0;48944,0;186972,0;13452,0;10911360,0;302526;6541230,0;225870,0;0,0
2025-07-24;3458138,0;922910,0;1606766,0;973860,0;377691,0;230209,0;772286;871116,0;446363,0;3985;48962,0;205103,0;937758,0;11960195,0;492684,0;56382,0;484607,0;7755,0;3627016,0;87048;3198710,0;128565,0;0,0
2025-07-25;4467281,0;960732,0;2347293,0;2999352,0;969101,0;441054,0;1265122;1030573,0;427417,0;18778;146856,0;355149,0;2822860,0;19841283,0;1109363,0;61158,0;706499,0;19545,0;6723668,0;232639;5373470,0;296854,0;0,0
2025-07-28;2522469,0;285053,0;2407210,0;1948362,0;1171940,0;358137,0;2038766;650004,0;727237,0;2777;331161,0;351307,0;2880193,0;31361272,0;1598652,0;63832,0;768294,0;27863,0;4173456,0;291524;3847320,0;239596,0;0,0
2025-07-29;3981482,0;357261,0;2856260,0;2150533,0;1193720,0;349506,0;2497800;1488939,0;749332,0;5733;190699,0;614474,0;2554955,0;27217028,0;1464799,0;62490,0;1026590,0;26113,0;10465175,0;255544;6424570,0;415446,0;0,0
2025-07-30;2686656,0;497093,0;2340182,0;2616809,0;1584309,0;162040,0;1557264;1096177,0;644661,0;3572;172701,0;480906,0;1926784,0;19616880,0;910555,0;36600,0;555086,0;13819,0;21015430,0;298883;5303200,0;230340,0;0,0
2025-07-31;2320714,0;297257,0;2080691,0;2429492,0;1594256,0;544009,0;984721;1133386,0;279736,0;3324;86371,0;271438,0;1875781,0;13237533,0;1167493,0;75075,0;625150,0;18794,0;9863811,0;811593;4026770,0;162775,0;0,0
2025-08-01;3615760,0;519658,0;994685,0;1548614,0;798348,0;115829,0;783981;615927,0;194696,0;1859;83043,0;213892,0;1472804,0;16361116,0;540319,0;65055,0;397301,0;11307,0;4408377,0;111017;3507550,0;168348,0;0,0
2025-08-04;1674465,0;589299,0;777638,0;2583649,0;621758,0;273788,0;957235;1072547,0;277408,0;12271;113755,0;282341,0;1780243,0;6047542,0;765407,0;75933,0;475004,0;10016,0;5419758,0;247945;2745390,0;225233,0;0,0
2025-08-05;2111829,0;609281,0;1011909,0;3697136,0;1455240,0;394125,0;1413041;1125242,0;229177,0;2025;64143,0;249191,0;1648651,0;14368762,0;525129,0;53796,0;575528,0;15989,0;6294347,0;146961;4254860,0;214459,0;0,0
2025-08-06;3765227,0;718610,0;2365581,0;3876162,0;2383759,0;436797,0;1327031;1889421,0;800716,0;5202;249177,0;783788,0;2006829,0;30796393,0;1195986,0;203808,0;610803,0;16678,0;6856899,0;174296;6115920,0;191911,0;0,0
2025-08-07;2435339,0;603549,0;3459479,0;3451593,0;1249524,0;370598,0;1324168;1105301,0;201621,0;4431;316450,0;297564,0;6123503,0;17550153,0;1289460,0;195369,0;726030,0;30898,0;4149354,0;165558;8761640,0;259055,0;0,0
2025-08-08;2016642,0;475719,0;2910259,0;3239217,0;523461,0;490972,0;1027270;791486,0;1136329,0;3575;138570,0;164598,0;2696862,0;11671447,0;733212,0;58573,0;369485,0;9807,0;4831312,0;159741;6570210,0;146008,0;0,0
2025-08-11;2236259,0;579396,0;1266048,0;2987154,0;545996,0;563709,0;805885;911237,0;348355,0;2387;39052,0;203708,0;1657413,0;13558408,0;525259,0;93351,0;248915,0;6119,0;5127533,0;293922;4490430,0;148638,0;0,0
2025-08-12;2405079,0;1546364,0;1653710,0;1920039,0;590867,0;187188,0;1116566;1149182,0;237063,0;13045;93652,0;361571,0;2926546,0;13404476,0;865072,0;91588,0;300123,0;12529,0;5578326,0;226662;6808750,0;206939,0;0,0
2025-08-13;1904438,0;470750,0;1237554,0;671821,0;593616,0;76773,0;666682;714020,0;470925,0;5639;149926,0;136116,0;1696185,0;12774181,0;222440,0;32378,0;280415,0;6495,0;14157061,0;218704;4884600,0;97959,0;0,0
2025-08-14;2669583,0;247266,0;2144765,0;3419479,0;895444,0;388597,0;4329954;1073362,0;446013,0;2949;225214,0;213051,0;1047738,0;14892282,0;901248,0;37694,0;248532,0;10658,0;6044103,0;288019;6286660,0;158313,0;0,0
2025-08-18;1687123,0;251372,0;1355813,0;1546354,0;845968,0;130111,0;894336;1171873,0;363804,0;5687;131092,0;159719,0;1496660,0;11225125,0;442687,0;20803,0;314762,0;10305,0;3834531,0;204068;4840610,0;209437,0;0,0
2025-08-19;1932402,0;593103,0;2674605,0;1227074,0;714897,0;1258661,0;2435362;1557679,0;444997,0;3308;110557,0;193313,0;1812317,0;13674089,0;690309,0;19466,0;343741,0;8453,0;2965726,0;158519;6116610,0;496647,0;0,0
2025-08-20;3094947,0;1092109,0;1185080,0;1563770,0;1337171,0;139100,0;1018275;2108609,0;205377,0;2778;58255,0;309945,0;1575969,0;19141552,0;2138557,0;48318,0;213956,0;8102,0;6010889,0;130530;6552750,0;202239,0;0,0
2025-08-21;3400194,0;371230,0;1105528,0;1552478,0;796207,0;108059,0;529094;718299,0;135822,0;2692;318775,0;373374,0;1662910,0;6526888,0;854164,0;16158,0;210410,0;5367,0;2993277,0;108073;3197160,0;371098,0;0,0
2025-08-22;4610554,0;1494412,0;1464695,0;1215522,0;780100,0;184982,0;628332;1468639,0;589436,0;5771;443049,0;183731,0;1878637,0;4967632,0;1013683,0;21662,0;615028,0;6613,0;3600797,0;244826;3096230,0;250468,0;0,0
2025-08-25;6413310,0;885613,0;3534599,0;4154886,0;1094877,0;292887,0;1990522;1278756,0;1509255,0;8671;235840,0;180038,0;3437498,0;22367917,0;3007197,0;35870,0;784235,0;16204,0;7608251,0;408819;7575780,0;300036,0;0,0
2025-08-26;9706336,0;675471,0;1228934,0;2216048,0;813995,0;337292,0;999305;1176557,0;1557314,0;12257;250805,0;298944,0;1126201,0;30503601,0;1158443,0;48011,0;285944,0;11534,0;4408479,0;346542;3108930,0;311112,0;0,0
2025-08-27;11952530,0;867623,0;1791781,0;2723451,0;1289236,0;624241,0;1417757;1043262,0;703063,0;6853;72717,0;253281,0;1303599,0;18989707,0;514744,0;41005,0;419784,0;7439,0;5167471,0;346613;5409640,0;539597,0;0,0
2025-08-28;4854766,0;329409,0;2363162,0;1319426,0;995893,0;558417,0;1233450;1009210,0;895674,0;6581;313350,0;277029,0;1698152,0;10053956,0;799132,0;108729,0;265751,0;3608,0;8733805,0;293623;6768390,0;336710,0;0,0
2025-08-29;3202923,0;354038,0;796972,0;2977950,0;938638,0;604274,0;605610;1219080,0;146226,0;3225;203547,0;185355,0;1623351,0;13461509,0;576043,0;69522,0;615875,0;3653,0;18199138,0;145674;3526420,0;207925,0;0,0
2025-09-01;2135823,0;167221,0;1487276,0;1513005,0;1618352,0;183868,0;799817;726408,0;191036,0;6304;122898,0;349516,0;1674522,0;20728011,0;741687,0;39536,0;202737,0;24430,0;4575872,0;91806;1947050,0;271054,0;0,0
2025-09-02;7045009,0;751518,0;3091948,0;5836937,0;1406358,0;2266951,0;1865211;2576634,0;858855,0;8688;880791,0;580685,0;1772216,0;13177142,0;1808637,0;27238,0;1128691,0;26780,0;10074044,0;878597;5806750,0;573483,0;0,0
2025-09-03;7880960,0;453789,0;2605837,0;7896523,0;993075,0;366071,0;2145752;1756617,0;483115,0;9952;167504,0;346191,0;1833791,0;14257797,0;1588019,0;27491,0;461513,0;35318,0;8020929,0;143665;7544860,0;452299,0;0,0
2025-09-04;4865064,0;405782,0;1803914,0;4724796,0;949242,0;664275,0;1525518;676817,0;811616,0;16619;245067,0;334128,0;2331244,0;32963415,0;759997,0;51123,0;570580,0;16500,0;8430189,0;318693;6837590,0;276714,0;0,0
2025-09-05;5065339,0;431742,0;2310446,0;5850884,0;2029661,0;503476,0;2231088;899828,0;635122,0;2519;263374,0;293237,0;1755555,0;13628320,0;984492,0;39876,0;791867,0;11075,0;9824403,0;264566;5849250,0;596771,0;0,0
2025-09-08;17708116,0;3488651,0;6312048,0;4512945,0;1572445,0;707563,0;3478031;2321681,0;549517,0;11496;265627,0;1183625,0;2750126,0;20598800,0;1505729,0;45037,0;1527140,0;15751,0;20330708,0;393746;13777670,0;1397504,0;0,0
2025-09-09;10700384,0;1597875,0;3954211,0;3301315,0;1217950,0;381354,0;1776945;1572566,0;527927,0;12787;380712,0;522202,0;3239470,0;29859268,0;1488830,0;27171,0;1217507,0;10016,0;14384927,0;250618;8081660,0;761818,0;0,0
2025-09-10;5965477,0;1224492,0;2738737,0;4143474,0;641358,0;304007,0;1934484;1386464,0;677285,0;5251;183736,0;422746,0;2148398,0;19601082,0;1052553,0;112346,0;1240119,0;49295,0;7125042,0;108631;5901440,0;206731,0;0,0
2025-09-11;3587867,0;349563,0;1639119,0;2658380,0;1443135,0;377957,0;3546582;1328431,0;461735,0;4696;238171,0;258848,0;2267640,0;10992283,0;769554,0;33477,0;2764162,0;40946,0;7961507,0;302900;4162720,0;266476,0;0,0
2025-09-12;3564950,0;584327,0;2029321,0;4656890,0;420245,0;330141,0;4689125;793862,0;224512,0;6782;403129,0;272331,0;2625824,0;8187407,0;773007,0;52172,0;550280,0;16693,0;20523171,0;349753;5203880,0;368480,0;0,0
2025-09-15;3510122,0;654116,0;2221212,0;1581308,0;821387,0;234232,0;2515569;1158003,0;630152,0;5746;171748,0;432996,0;1984527,0;7984136,0;428303,0;39540,0;1427813,0;10255,0;8397963,0;118147;4825010,0;243696,0;0,0
2025-09-16;3182700,0;721896,0;1877462,0;1461653,0;470473,0;309576,0;1064115;1269488,0;398385,0;5806;88488,0;253492,0;4874106,0;9190081,0;731194,0;22393,0;372862,0;23080,0;14318543,0;85157;3463630,0;322929,0;0,0
2025-09-17;3005311,0;288086,0;974644,0;1774810,0;432831,0;317070,0;1274066;620143,0;366076,0;3589;100380,0;251410,0;2915046,0;7129475,0;360668,0;30919,0;473611,0;31822,0;6181206,0;297014;3746910,0;253287,0;0,0
2025-09-18;5767766,0;1344869,0;5266948,0;3251020,0;1214902,0;596582,0;2253553;2369917,0;856848,0;8800;234593,0;794892,0;4773140,0;19866253,0;1536559,0;57071,0;1902583,0;33169,0;25917797,0;386321;9855850,0;521833,0;0,0
2025-09-19;6721173,0;1793765,0;5213160,0;3521967,0;1155176,0;252639,0;1381817;1672224,0;1077760,0;4342;238682,0;637038,0;2196853,0;13914008,0;1025896,0;58977,0;1235909,0;18246,0;11961212,0;323520;13218000,0;660741,0;0,0
2025-09-22;7560324,0;722094,0;3285127,0;2644481,0;1600400,0;557007,0;2793523;1257087,0;607895,0;3713;345043,0;455215,0;6017844,0;30500533,0;2134924,0;80780,0;1113294,0;41550,0;14488503,0;543078;9826430,0;544516,0;0,0
2025-09-23;10403033,0;864496,0;2459351,0;3005905,0;932907,0;197153,0;2614572;1977534,0;1234106,0;5391;351261,0;651676,0;5809480,0;40995293,0;2241002,0;98159,0;722090,0;40481,0;12508963,0;177391;9229810,0;356467,0;0,0
2025-09-24;7289185,0;793631,0;2440517,0;2850165,0;1356954,0;244210,0;2388968;2834446,0;1376168,0;8074;282830,0;454811,0;2986518,0;33132336,0;1761668,0;50484,0;1502249,0;33381,0;14780569,0;313516;8559830,0;702369,0;0,0
2025-09-25;6836118,0;348404,0;1380235,0;936428,0;614702,0;204980,0;1612670;529916,0;835630,0;3761;130895,0;270944,0;1517071,0;24766238,0;499655,0;26161,0;803628,0;39774,0;6038136,0;176282;4700050,0;341764,0;0,0
2025-09-26;4775001,0;498722,0;3336005,0;1036111,0;701449,0;218958,0;2105612;1354481,0;344666,0;3807;111719,0;267980,0;2437583,0;10947271,0;654960,0;30537,0;1095640,0;22318,0;9035048,0;751423;7584790,0;408629,0;0,0
2025-09-29;2041470,0;430018,0;798145,0;1365970,0;716725,0;166786,0;1380399;768593,0;176427,0;1811;33794,0;93152,0;1497323,0;8678050,0;339555,0;20873,0;311237,0;13247,0;4878800,0;129886;2305270,0;190059,0;0,0
2025-09-30;6152983,0;712379,0;2054408,0;572225,0;813230,0;180754,0;2038492;956839,0;465924,0;4935;89207,0;341898,0;2347969,0;8798040,0;1454693,0;26948,0;570289,0;13364,0;5119416,0;152077;6870630,0;201550,0;0,0
2025-10-01;3098428,0;327457,0;1878899,0;2234104,0;2006014,0;266372,0;3617583;1131139,0;263824,0;3886;83886,0;214105,0;1597953,0;9407924,0;527242,0;26443,0;321244,0;14293,0;8383820,0;433695;5546620,0;188618,0;0,0
2025-10-02;8304092,0;619005,0;1717697,0;2550409,0;1664427,0;255578,0;2483540;1073658,0;379970,0;4255;188762,0;344652,0;2104722,0;9946557,0;1025747,0;35858,0;665375,0;14859,0;5707752,0;198473;10240260,0;523738,0;0,0
2025-10-03;4116874,0;194589,0;1127964,0;1227771,0;747483,0;97251,0;2337789;813066,0;216704,0;11611;62157,0;149206,0;3360431,0;5882779,0;858868,0;13650,0;562233,0;24519,0;5444519,0;72493;3954110,0;242499,0;0,0
2025-10-06;7986335,0;299699,0;1040384,0;1162422,0;605688,0;177052,0;1828298;1257299,0;567410,0;2718;302610,0;285316,0;6647820,0;8244676,0;988585,0;18300,0;376062,0;21207,0;8582873,0;73816;5516820,0;204554,0;0,0
2025-10-07;2557268,0;253884,0;1149498,0;1248460,0;1339592,0;151442,0;1239791;1085499,0;342906,0;7860;144970,0;109387,0;4062737,0;5081283,0;469032,0;7672,0;256342,0;50360,0;4244068,0;86159;4005370,0;298290,0;0,0
2025-10-08;3564887,0;189427,0;1232710,0;1246325,0;2645909,0;200701,0;974509;996430,0;259394,0;5650;201455,0;107130,0;3155379,0;13196760,0;953117,0;9663,0;361641,0;35729,0;4409681,0;262004;7011410,0;322868,0;0,0
2025-10-09;8872691,0;1363970,0;2044889,0;1746435,0;1165743,0;357107,0;2755829;1467731,0;699938,0;5275;505513,0;252568,0;4142499,0;17309131,0;1536090,0;42923,0;357311,0;27332,0;5967443,0;366151;7920050,0;393694,0;0,0
2025-10-13;3405996,0;358659,0;954298,0;903560,0;566887,0;283277,0;2268952;1579821,0;265757,0;6318;90989,0;220177,0;1767703,0;8243829,0;1127556,0;19534,0;206025,0;7559,0;5453899,0;196042;3461650,0;444186,0;0,0
2025-10-14;13193968,0;1366881,0;2579246,0;3039206,0;1669108,0;281962,0;5464748;2404387,0;498738,0;5728;169354,0;532675,0;6140039,0;16883100,0;2553423,0;41177,0;629342,0;20790,0;5566029,0;135244;13878310,0;512231,0;0,0
2025-10-15;12546381,0;1419354,0;2326132,0;1366597,0;1439312,0;253865,0;1534623;3407612,0;280943,0;16118;67759,0;242218,0;4623492,0;11956386,0;645793,0;13371,0;364264,0;23432,0;7700016,0;245943;11053320,0;210765,0;0,0
2025-10-16;5544593,0;443767,0;1402027,0;1291822,0;2423189,0;522799,0;573517;1036704,0;131426,0;1630;46767,0;114694,0;1606113,0;8963438,0;436019,0;38631,0;229739,0;9772,0;3822622,0;234789;5470100,0;100636,0;0,0
2025-10-17;3147538,0;292409,0;1092358,0;2479953,0;3180261,0;113639,0;1695872;883199,0;190140,0;1514;74773,0;145507,0;1722797,0;8238745,0;411436,0;19411,0;357972,0;16339,0;3594003,0;353501;3624290,0;140798,0;0,0
2025-10-20;3182423,0;416807,0;2447039,0;2965264,0;2755063,0;196322,0;2482770;1370419,0;265335,0;3131;94909,0;339664,0;2039438,0;9030139,0;506390,0;23807,0;440208,0;42754,0;3078798,0;477553;5787840,0;419704,0;0,0
2025-10-21;4850501,0;899440,0;3089396,0;3379141,0;2675720,0;426633,0;2221456;1613646,0;320317,0;5028;171376,0;636873,0;2986971,0;10449951,0;905337,0;48033,0;372581,0;24218,0;9001783,0;1170289;6824340,0;424412,0;0,0
2025-10-22;4442238,0;705163,0;3906637,0;1830036,0;3231644,0;132338,0;2764539;1392602,0;605823,0;9883;88529,0;385589,0;2349080,0;8772645,0;867550,0;13994,0;409778,0;12262,0;7087563,0;471815;8947880,0;331707,0;0,0
2025-10-23;6888031,0;897291,0;2995410,0;2947163,0;2209827,0;679152,0;2377180;3015372,0;944666,0;7940;460646,0;625917,0;5275354,0;17319274,0;812273,0;64917,0;717064,0;19655,0;13277489,0;337374;7515650,0;482013,0;0,0
2025-10-24;8031328,0;1146282,0;2077751,0;3423205,0;1981750,0;366161,0;2809837;1596922,0;567272,0;6609;402926,0;350570,0;3586345,0;13483897,0;940300,0;31917,0;550454,0;31215,0;8005522,0;182498;6234220,0;305348,0;0,0
2025-10-27;11896695,0;1766765,0;6060442,0;7190380,0;2329840,0;1080162,0;8746839;4481718,0;1886523,0;14466;588373,0;1097254,0;5732896,0;64214809,0;4988347,0;112568,0;1651972,0;62031,0;36680552,0;678020;19699180,0;1045037,0;0,0
2025-10-28;7732865,0;1429495,0;4366571,0;8017359,0;3090370,0;819461,0;4053367;2981566,0;1526355,0;9233;303685,0;825898,0;5457324,0;64900496,0;2654837,0;102496,0;1295013,0;48099,0;20222697,0;522093;14729670,0;1680313,0;0,0
2025-10-29;7379683,0;1269128,0;5068109,0;14125649,0;3367028,0;573502,0;4314484;3402633,0;1382150,0;26698;282072,0;878386,0;5969278,0;90930799,0;3064593,0;173187,0;2123023,0;70326,0;46314884,0;241351;15693050,0;972522,0;0,0
2025-10-30;4949766,0;675998,0;2449523,0;8593497,0;1585375,0;214009,0;2506978;2565660,0;1318577,0;18821;301781,0;449807,0;4703408,0;39209516,0;1526611,0;103818,0;808485,0;66200,0;35359886,0;486562;8503880,0;902477,0;0,0
2025-10-31;10849107,0;687513,0;3325437,0;7494051,0;2145416,0;585378,0;3471828;3467631,0;2207395,0;44050;285008,0;777047,0;10305035,0;61726595,0;2642366,0;171355,0;1036221,0;43758,0;50858381,0;518881;11620390,0;1066591,0;0,0
2025-11-03;7378106,0;1259415,0;4183454,0;7179054,0;2400529,0;835139,0;4713579;3437761,0;1644326,0;16634;799083,0;1164686,0;4809294,0;58518400,0;2483188,0;150579,0;872648,0;55061,0;21035515,0;916397;13175130,0;1466687,0;0,0
2025-11-04;5524559,0;828528,0;2976904,0;3515863,0;2192280,0;1401623,0;3274200;1959098,0;1115152,0;21734;216163,0;705688,0;7461710,0;46524874,0;1307569,0;64866,0;1232283,0;31894,0;17473577,0;450329;9789450,0;1183726,0;0,0
2025-11-05;4835989,0;566689,0;2725668,0;3743497,0;1144193,0;334526,0;2080329;2236396,0;1899834,0;11636;200269,0;583098,0;3936334,0;33911678,0;1563158,0;72674,0;1142020,0;23986,0;24769414,0;556332;8757860,0;475152,0;0,0
2025-11-06;2051599,0;147518,0;772445,0;1058445,0;423108,0;155720,0;1043593;631009,0;413178,0;5609;44430,0;136688,0;1434110,0;27689497,0;791882,0;23999,0;509470,0;12314,0;4455800,0;176806;2793010,0;111175,0;0,0
2025-11-07;6959547,0;1338549,0;5356273,0;2094985,0;1267096,0;243130,0;3570023;2694524,0;1369520,0;8730;63917,0;549720,0;3073734,0;18992134,0;1101373,0;29551,0;773465,0;24035,0;19021132,0;635177;8485100,0;1367706,0;0,0
2025-11-10;2872869,0;304126,0;2817923,0;8413949,0;4117977,0;340054,0;1739501;1601764,0;983456,0;5774;130638,0;471547,0;5256238,0;22505787,0;1124955,0;68723,0;631038,0;43552,0;21368430,0;265536;8641610,0;529459,0;0,0
2025-11-11;1697650,0;181585,0;1376702,0;6391524,0;2545074,0;321787,0;793087;704240,0;622695,0;10069;64328,0;304837,0;3161630,0;36221651,0;405605,0;52217,0;654472,0;34177,0;13509478,0;138313;3925880,0;236487,0;0,0
2025-11-12;2467350,0;360978,0;2194884,0;3168404,0;1611010,0;327390,0;1766747;1071930,0;2249107,0;7298;93155,0;271028,0;4940754,0;67075033,0;474792,0;113896,0;829229,0;65404,0;15693563,0;229173;4657480,0;319625,0;0,0
2025-11-13;3180789,0;346877,0;1584499,0;3575118,0;3857906,0;391646,0;2066485;878497,0;791199,0;8133;98218,0;191728,0;3648734,0;68177687,0;564313,0;56739,0;531462,0;24639,0;10365349,0;271311;3991360,0;478545,0;0,0
2025-11-14;3811280,0;688331,0;2303020,0;5184436,0;4664791,0;674274,0;1685561;853228,0;921658,0;10376;31833,0;493075,0;4185690,0;51784988,0;560388,0;36979,0;356191,0;33664,0;10874687,0;166513;7989220,0;461423,0;0,0
2025-11-17;2368247,0;236374,0;1349747,0;2725780,0;2566481,0;453423,0;1129529;1471403,0;1059500,0;4632;133302,0;177320,0;5729840,0;28486820,0;538049,0;64162,0;428726,0;44802,0;7708250,0;177962;5019620,0;153080,0;0,0
2025-11-18;5581820,0;341817,0;1321678,0;1414988,0;1552086,0;167466,0;1353298;1063772,0;1010502,0;3811;40621,0;267421,0;6653240,0;23841212,0;807071,0;23616,0;397063,0;47670,0;11202442,0;199973;4499090,0;226639,0;0,0
2025-11-19;4334598,0;249510,0;1998376,0;1036309,0;1174276,0;168926,0;1150655;1180785,0;532255,0;8624;83269,0;308394,0;3101037,0;19447593,0;501313,0;77054,0;521173,0;30863,0;3684271,0;175334;4504060,0;123452,0;0,0
2025-11-20;3039365,0;242445,0;1090064,0;1044638,0;1430778,0;175360,0;980364;1732252,0;999450,0;10619;113341,0;149105,0;5498705,0;56786218,0;503446,0;23962,0;476018,0;21776,0;4039643,0;141751;5002410,0;138523,0;0,0
2025-11-21;1469409,0;248157,0;419662,0;384569,0;270108,0;43202,0;755711;195533,0;105033,0;2476;4591,0;83968,0;864611,0;29976281,0;323775,0;6255,0;179807,0;3432,0;2979309,0;67719;2362150,0;70125,0;0,0
2025-11-25;5083341,0;854607,0;1451132,0;1485399,0;686094,0;378435,0;2019844;1129955,0;878900,0;5390;333681,0;275385,0;5730894,0;27752751,0;488342,0;60900,0;874960,0;29754,0;2752864,0;403614;7691080,0;379273,0;0,0
2025-11-26;5128332,0;613341,0;1228482,0;1946951,0;1060348,0;262188,0;3960310;2445465,0;521755,0;10448;270629,0;331987,0;4665998,0;21938008,0;1073740,0;41407,0;740608,0;27155,0;7277947,0;178278;4167410,0;529716,0;0,0
2025-11-27;921065,0;195309,0;640320,0;874592,0;426061,0;85899,0;265962;614949,0;476760,0;5723;27053,0;87841,0;2991112,0;12561693,0;176240,0;9690,0;994305,0;19471,0;2948890,0;199854;1065140,0;134017,0;0,0
2025-11-28;4354137,0;433168,0;1356532,0;2318180,0;668622,0;519518,0;1624090;2981859,0;1785573,0;8609;422984,0;250776,0;3453923,0;18700324,0;690229,0;40323,0;478127,0;18238,0;7720643,0;336408;3330140,0;421582,0;0,0
2025-12-01;851751,0;77461,0;545898,0;597841,0;449826,0;155656,0;442592;1033828,0;387660,0;1875;140467,0;49824,0;845611,0;10818787,0;197301,0;27066,0;187886,0;10171,0;1459110,0;119069;1021680,0;129511,0;0,0
2025-12-02;2305622,0;257853,0;1321754,0;1070595,0;1151073,0;757165,0;1719399;2778495,0;637398,0;7352;110476,0;287139,0;4033084,0;14655940,0;1677769,0;51306,0;581839,0;17525,0;7408579,0;415128;3509070,0;320189,0;0,0
2025-12-03;498792,0;54236,0;215736,0;1142040,0;67975,0;123862,0;737469;439589,0;340614,0;2103;34536,0;75180,0;1775185,0;5272976,0;482024,0;5314,0;193362,0;3009,0;2351518,0;75185;1041760,0;202519,0;0,0
2025-12-04;3812600,0;382012,0;855897,0;1992560,0;710851,0;443275,0;1565661;2477069,0;664051,0;9707;106035,0;238007,0;8364924,0;20283008,0;874111,0;126909,0;833842,0;33282,0;8452558,0;167151;3212980,0;814984,0;0,0
2025-12-05;2812728,0;651114,0;942502,0;1461198,0;646977,0;255295,0;1462615;1688503,0;725320,0;3685;302114,0;138009,0;6075058,0;10217002,0;717546,0;35972,0;700059,0;12910,0;5917112,0;73471;4178120,0;354581,0;0,0
2025-12-09;3808933,0;190603,0;815773,0;1080456,0;322605,0;324638,0;1674240;1128557,0;465889,0;3653;108263,0;111857,0;10204772,0;14299375,0;484054,0;28172,0;391442,0;24667,0;5918438,0;131573;2326140,0;256666,0;0,0
2025-12-10;5987501,0;343774,0;779277,0;787496,0;1271420,0;189111,0;1240284;871745,0;901344,0;3062;72269,0;103254,0;2747393,0;15097943,0;702268,0;22424,0;595124,0;10848,0;6441867,0;57431;2827570,0;367558,0;0,0
2025-12-11;3992349,0;511364,0;900197,0;1435519,0;2721015,0;226667,0;894095;918170,0;270749,0;2391;76737,0;189677,0;1856568,0;19286819,0;611309,0;29097,0;585953,0;11958,0;4885608,0;86716;3947310,0;603500,0;0,0
2025-12-12;1800357,0;111000,0;633939,0;2133881,0;2214256,0;383149,0;440034;389612,0;351365,0;2982;230007,0;129847,0;5389001,0;9795629,0;356318,0;28600,0;418849,0;8516,0;11794320,0;131666;2736070,0;184141,0;0,0
2025-12-15;3827343,0;200220,0;511467,0;5571668,0;668663,0;196618,0;553144;678597,0;664057,0;4345;58467,0;146057,0;5794906,0;13443950,0;433327,0;32534,0;310311,0;13123,0;7576857,0;109526;3898140,0;125667,0;0,0
2025-12-16;4016955,0;219823,0;430656,0;2447695,0;1811138,0;245085,0;1018435;576612,0;258353,0;5193;95950,0;113418,0;7160829,0;18063058,0;628751,0;16754,0;619850,0;20347,0;3109601,0;116894;2109640,0;178420,0;0,0
2025-12-17;7206643,0;191310,0;582374,0;2224009,0;1710923,0;338806,0;722151;984229,0;436476,0;5347;114006,0;89655,0;7344654,0;11083303,0;404815,0;25319,0;746917,0;6713,0;18166520,0;212896;3189570,0;194766,0;0,0
2025-12-18;6603359,0;308144,0;1246102,0;2337647,0;1377327,0;484462,0;1615550;1467763,0;807902,0;6198;218412,0;262758,0;8850373,0;29560446,0;739591,0;40877,0;982021,0;24866,0;20388882,0;232417;4792100,0;472897,0;0,0
2025-12-19;6161330,0;249196,0;818937,0;1689922,0;1097366,0;241810,0;1161387;1132997,0;384639,0;5006;148988,0;170943,0;6320507,0;26081563,0;581575,0;26891,0;389541,0;7416,0;5998637,0;180773;3099990,0;278921,0;0,0
2025-12-22;1728394,0;124574,0;736843,0;2043719,0;969946,0;272066,0;708650;853561,0;344944,0;2915;134846,0;138269,0;4768812,0;8674824,0;272295,0;17850,0;409619,0;4670,0;3825307,0;76518;2124630,0;235484,0;0,0
2025-12-23;2099922,0;374293,0;614780,0;2767748,0;1938846,0;304899,0;622623;869739,0;435689,0;2858;141666,0;181032,0;12814162,0;10617508,0;911654,0;51829,0;394944,0;11402,0;6218612,0;181332;2814170,0;140271,0;0,0
2025-12-24;221624,0;8671,0;66198,0;740448,0;596061,0;31000,0;106237;151060,0;21819,0;818;33411,0;17062,0;826838,0;2091405,0;78267,0;8993,0;215792,0;1965,0;285517,0;37199;279140,0;9938,0;0,0
2025-12-26;1077585,0;121944,0;671080,0;1580597,0;556661,0;287429,0;342477;685456,0;408030,0;2619;62314,0;81694,0;3948736,0;9602186,0;354161,0;49323,0;822025,0;9007,0;7886978,0;183202;1485720,0;139625,0;0,0
2025-12-29;2001654,0;257557,0;1165774,0;2110252,0;695579,0;737778,0;827033;1227080,0;558094,0;2754;230788,0;284846,0;7849238,0;17221153,0;1244333,0;190474,0;1507622,0;14114,0;12504226,0;152813;3914250,0;226151,0;0,0
2025-12-30;2170277,0;128396,0;1232067,0;1188963,0;616404,0;650598,0;637892;830380,0;229359,0;3722;210929,0;163050,0;9680483,0;19455833,0;631344,0;33355,0;1395252,0;11529,0;5700819,0;189113;4272140,0;176731,0;0,0
2026-01-02;1295890,0;200752,0;892012,0;1151247,0;388923,0;345395,0;618771;722041,0;324865,0;1058;152398,0;139240,0;5000332,0;11017335,0;279427,0;36619,0;635493,0;13383,0;4746356,0;139567;2108710,0;100344,0;0,0
2026-01-05;2184557,0;361152,0;863138,0;1394296,0;1335558,0;613375,0;446001;565582,0;426124,0;2633;100241,0;371876,0;3569877,0;12066609,0;560759,0;52387,0;1069056,0;9569,0;14072296,0;397439;4083490,0;388627,0;0,0
2026-01-06;2225355,0;281844,0;1270790,0;3243000,0;963839,0;294156,0;550596;1029033,0;559203,0;5389;677632,0;163997,0;6567065,0;10111294,0;561552,0;44682,0;1048888,0;11061,0;30450055,0;315842;4637730,0;289543,0;0,0
2026-01-07;3772458,0;471213,0;1366362,0;5128800,0;1278146,0;421856,0;1195675;1891374,0;479779,0;5263;200266,0;245717,0;5755773,0;22750580,0;981857,0;67155,0;651756,0;19368,0;7430465,0;305218;7675220,0;397299,0;0,0
2026-01-08;3322564,0;244575,0;1452947,0;2715203,0;1110091,0;542537,0;603136;681309,0;299235,0;4323;220049,0;198834,0;6894071,0;15331294,0;520104,0;34057,0;1072251,0;11300,0;7406533,0;295751;4747670,0;417133,0;0,0
2026-01-09;1504482,0;282236,0;732573,0;2704948,0;1132541,0;516606,0;856079;1647926,0;243798,0;12216;244147,0;152501,0;5588473,0;16311162,0;423306,0;31181,0;991037,0;9552,0;5402943,0;306245;4085790,0;278863,0;0,0
2026-01-12;2072315,0;199173,0;1003637,0;2023717,0;543453,0;609958,0;412584;1403500,0;311815,0;5564;412620,0;229470,0;5761804,0;14676309,0;313969,0;12522,0;608142,0;13706,0;3832498,0;192014;3880880,0;204263,0;0,0
2026-01-13;2558981,0;247095,0;1921403,0;1271359,0;863126,0;276460,0;1095956;1299090,0;377839,0;7274;128272,0;505695,0;3308553,0;17133492,0;494801,0;34079,0;884087,0;12322,0;2813857,0;370918;5067790,0;190902,0;0,0
2026-01-14;4317131,0;258234,0;1192537,0;1309920,0;1430012,0;263934,0;939373;736957,0;535111,0;4677;281267,0;189399,0;2449213,0;20369390,0;1196512,0;29273,0;2852866,0;11581,0;3939080,0;232033;3639900,0;337925,0;0,0
2026-01-15;2791447,0;203272,0;1496649,0;1372795,0;724743,0;291138,0;817701;942622,0;363292,0;4045;210715,0;169114,0;6091721,0;19975689,0;649815,0;43633,0;1063676,0;20189,0;3364100,0;159312;2095390,0;303681,0;0,0
2026-01-16;1816729,0;178412,0;639898,0;1852521,0;633831,0;267176,0;462833;779126,0;172934,0;6099;35395,0;193557,0;5103330,0;31005622,0;577682,0;15158,0;542629,0;13323,0;2248612,0;220013;1735050,0;108484,0;0,0
2026-01-19;457433,0;69857,0;303974,0;387885,0;758266,0;70582,0;167086;276465,0;112616,0;1111;8229,0;62428,0;2795019,0;47336975,0;75998,0;9725,0;655633,0;14952,0;1893299,0;62176;514490,0;85699,0;0,0
2026-01-20;1944538,0;327209,0;1511132,0;1057427,0;538856,0;369558,0;601708;923817,0;416188,0;8908;82423,0;265669,0;3346323,0;27266868,0;407256,0;25240,0;319280,0;10129,0;2696447,0;135081;3292670,0;179713,0;0,0
2026-01-21;3293666,0;367914,0;1271319,0;1150746,0;1361169,0;271450,0;1489320;1359096,0;629185,0;8366;54166,0;622780,0;2354845,0;21847539,0;1631510,0;22592,0;1260724,0;9524,0;3639952,0;165698;2614600,0;325974,0;0,0
2026-01-22;2322022,0;269010,0;1239698,0;959423,0;1419265,0;174263,0;1092813;2488341,0;816838,0;16971;503450,0;148119,0;4737317,0;18167129,0;790472,0;28790,0;917317,0;21639,0;4618799,0;311594;2853570,0;232675,0;0,0
2026-01-23;1984281,0;605973,0;924298,0;2092002,0;1313919,0;238098,0;1258792;918469,0;851117,0;8028;243521,0;153710,0;3354267,0;16735620,0;691785,0;43359,0;1283675,0;7663,0;2577601,0;122257;3314180,0;375446,0;0,0
2026-01-26;3996517,0;302730,0;1579293,0;4463266,0;1746148,0;468731,0;1103461;2488336,0;411439,0;8897;432398,0;157768,0;2507852,0;23377187,0;1343838,0;53030,0;1068808,0;10022,0;4311777,0;215528;3278150,0;224616,0;0,0
2026-01-27;2429664,0;383151,0;1266152,0;3513523,0;1841662,0;816233,0;1910795;2676783,0;436993,0;8013;228978,0;475390,0;3543991,0;32853826,0;737239,0;25222,0;1257969,0;14753,0;6977023,0;238430;5393660,0;261163,0;0,0
2026-01-28;3216981,0;433576,0;1284418,0;4310307,0;1263894,0;323529,0;2117769;971363,0;636267,0;10933;156712,0;384572,0;4186229,0;40480953,0;766040,0;69458,0;1186245,0;14699,0;11852184,0;325211;3652420,0;445136,0;0,0
2026-01-29;2221971,0;280720,0;1015920,0;3333922,0;1700466,0;329294,0;1028586;1320443,0;504101,0;5476;204055,0;210294,0;4933273,0;27843177,0;572772,0;70214,0;652809,0;11582,0;7257893,0;233439;5151820,0;281244,0;0,0
2026-01-30;1485145,0;212897,0;1376684,0;1796211,0;920391,0;364087,0;904144;659215,0;668820,0;5139;161178,0;290080,0;3558613,0;12456329,0;436291,0;33939,0;932007,0;9788,0;10781320,0;216984;6520020,0;159669,0;0,0
2026-02-02;1451311,0;117636,0;949602,0;1270295,0;512098,0;251031,0;847746;1010756,0;666722,0;5372;81372,0;149098,0;2232203,0;15932784,0;334557,0;87273,0;955841,0;6801,0;4360731,0;109904;3112060,0;183107,0;0,0
2026-02-03;3674500,0;322710,0;874245,0;1214909,0;1051630,0;412420,0;692629;1033766,0;713081,0;5897;112252,0;242466,0;7135421,0;24508434,0;676614,0;154691,0;1504371,0;7476,0;4245368,0;159581;3944540,0;178273,0;0,0
2026-02-04;4443475,0;356765,0;954668,0;704867,0;505223,0;433510,0;993975;754465,0;504686,0;5428;155362,0;139040,0;3009332,0;11114118,0;1409245,0;159034,0;982855,0;5038,0;4006457,0;171300;3425450,0;376748,0;0,0
2026-02-05;5091601,0;365126,0;637632,0;1121244,0;1073561,0;173924,0;1087033;514219,0;464877,0;7998;142995,0;153758,0;2358028,0;18905746,0;510836,0;40868,0;765985,0;5929,0;5503740,0;100423;2950240,0;240706,0;0,0
2026-02-06;3736720,0;141644,0;919613,0;712072,0;790635,0;318321,0;649620;453680,0;215268,0;3503;82020,0;164142,0;2574226,0;14153570,0;374587,0;39534,0;444867,0;7390,0;13261752,0;171435;2377410,0;313048,0;0,0
2026-02-09;2693106,0;130073,0;704562,0;707730,0;622022,0;335100,0;804523;336989,0;162546,0;1437;87513,0;170205,0;2591507,0;13559017,0;1533634,0;24559,0;827850,0;9673,0;4447047,0;221514;3817590,0;422878,0;0,0
2026-02-10;3926547,0;163813,0;1524131,0;1279555,0;842582,0;469511,0;849200;949640,0;407442,0;2781;247558,0;280976,0;1967472,0;13261465,0;1559466,0;11763,0;509494,0;4512,0;5841063,0;372826;3691060,0;183646,0;0,0
2026-02-11;3177808,0;230655,0;823133,0;732636,0;396789,0;231999,0;562445;876810,0;270312,0;2532;1086497,0;263802,0;3559284,0;7169017,0;583520,0;32717,0;529804,0;8351,0;5159119,0;104963;2728080,0;71428,0;0,0
2026-02-12;5920230,0;356505,0;886844,0;614976,0;746341,0;318617,0;1379366;738798,0;389672,0;3182;320523,0;189731,0;7224161,0;13678299,0;440413,0;33377,0;584188,0;4417,0;5474451,0;78953;2670850,0;416445,0;0,0
2026-02-13;5632679,0;267924,0;798940,0;1062401,0;492473,0;134013,0;579572;795219,0;185771,0;1667;155604,0;78126,0;1779620,0;15412087,0;271761,0;21943,0;558148,0;5248,0;3379790,0;103869;1874920,0;140138,0;0,0
2026-02-18;4356069,0;141101,0;648668,0;569639,0;1268033,0;285269,0;635289;842830,0;184747,0;3588;175111,0;181800,0;2027680,0;22210910,0;715011,0;15992,0;452628,0;7479,0;4058493,0;46738;2206900,0;226933,0;0,0
2026-02-19;5435880,0;298502,0;797237,0;1175136,0;2346939,0;146305,0;667393;930063,0;190592,0;3502;73138,0;80968,0;2183831,0;16358203,0;404177,0;27911,0;486124,0;8922,0;5666493,0;208667;3084340,0;286029,0;0,0
2026-02-20;4836416,0;216204,0;726495,0;1794074,0;2277128,0;802335,0;684734;1008809,0;393259,0;2507;154055,0;42085,0;1384962,0;17002443,0;732535,0;16848,0;716287,0;6017,0;6128387,0;591986;1932170,0;236677,0;0,0
2026-02-23;2456633,0;258212,0;707695,0;3350017,0;2677146,0;306901,0;691962;417980,0;613141,0;4264;122845,0;112522,0;3979472,0;21254895,0;501295,0;39929,0;408591,0;5149,0;5626917,0;156357;1675950,0;160423,0;0,0
2026-02-24;2495325,0;285071,0;1037412,0;1530966,0;3667225,0;92717,0;773790;302128,0;196852,0;3086;101857,0;392311,0;2140918,0;17334789,0;364102,0;12997,0;305058,0;3801,0;2216629,0;63746;1658250,0;576444,0;0,0
2026-02-25;1739788,0;208306,0;697594,0;1428707,0;1677675,0;136757,0;707163;501916,0;303924,0;2837;102202,0;277452,0;2149757,0;11979470,0;264704,0;135127,0;463714,0;7823,0;3688125,0;89735;2527470,0;211366,0;0,0
2026-02-26;3464450,0;520098,0;687113,0;2073502,0;851785,0;200608,0;900897;786523,0;775666,0;2547;82026,0;155367,0;1275881,0;11689495,0;184282,0;69907,0;509365,0;6725,0;9730449,0;84536;1965880,0;166741,0;0,0
2026-02-27;3665110,0;645741,0;840443,0;1394035,0;511681,0;129082,0;1602021;773903,0;548147,0;4459;204076,0;224589,0;2313532,0;11301763,0;641243,0;22375,0;609585,0;2996,0;8828059,0;78824;8337940,0;236881,0;0,0
2026-03-02;3721126,0;536386,0;2331927,0;2250978,0;1844721,0;469375,0;2500621;642433,0;225643,0;4608;138823,0;334990,0;1625015,0;13086706,0;2803743,0;37090,0;502339,0;11648,0;4231679,0;133264;6401900,0;649373,0;0,0
2026-03-03;3765263,0;481951,0;1996350,0;2109034,0;1320979,0;1330654,0;2396776;665332,0;582228,0;11465;224955,0;206793,0;1915546,0;24836370,0;338861,0;49247,0;791851,0;13272,0;7772145,0;940751;3688450,0;507594,0;0,0
2026-03-04;2801105,0;227581,0;1386430,0;1503657,0;1341754,0;160487,0;1264189;603221,0;309513,0;10198;59299,0;255704,0;4309868,0;18479933,0;231407,0;29965,0;418618,0;5688,0;10843631,0;88897;3604610,0;229332,0;0,0
2026-03-05;4233549,0;441541,0;1064957,0;573124,0;1193764,0;282758,0;1619466;554409,0;144937,0;5513;52894,0;290281,0;2158832,0;11107474,0;308519,0;51615,0;754192,0;4458,0;3712749,0;50268;3829180,0;386170,0;0,0
2026-03-06;3323348,0;441606,0;1295745,0;1395492,0;1546732,0;133394,0;932235;1181398,0;314123,0;6107;43766,0;218805,0;4303948,0;21128036,0;338365,0;14090,0;592648,0;5769,0;8706079,0;115399;6490470,0;165696,0;0,0
2026-03-09;2131152,0;284323,0;1140629,0;831600,0;1178165,0;853771,0;555557;727490,0;244293,0;6563;48633,0;303492,0;3463998,0;19475369,0;503759,0;26905,0;420420,0;14744,0;2697156,0;137625;4562530,0;157360,0;0,0
2026-03-10;3176405,0;751860,0;1893352,0;971137,0;871167,0;999338,0;1224078;1416013,0;412945,0;11691;242422,0;244396,0;7291343,0;33199749,0;674526,0;56214,0;551854,0;12765,0;4430493,0;344361;4016730,0;450014,0;0,0
2026-03-11;1912241,0;355830,0;1310417,0;1429204,0;1062575,0;350423,0;1057438;1491976,0;261280,0;4302;257668,0;250314,0;10067239,0;29366423,0;445495,0;22167,0;691730,0;8832,0;1629520,0;197245;8538470,0;166540,0;0,0
2026-03-12;2205498,0;336758,0;1182313,0;604749,0;902296,0;313559,0;568421;1009161,0;102944,0;2209;101446,0;290780,0;2362948,0;14561479,0;275651,0;11960,0;606923,0;8062,0;2499476,0;43563;4259870,0;225448,0;0,0
2026-03-13;2048617,0;254033,0;840212,0;1006160,0;1362775,0;561793,0;1113612;1322052,0;460153,0;10330;133171,0;269558,0;5961160,0;13265894,0;556110,0;39007,0;428735,0;6860,0;2852141,0;178740;2612950,0;286257,0;0,0
2026-03-16;2144446,0;221296,0;985196,0;1404423,0;762263,0;711046,0;819712;1032470,0;423586,0;3973;594630,0;196599,0;6988609,0;15922498,0;555401,0;35813,0;579288,0;2308,0;3733749,0;330084;3065090,0;332641,0;0,0
2026-03-17;2145705,0;221004,0;1377854,0;1160918,0;868087,0;155625,0;395149;925928,0;463131,0;3021;486234,0;311501,0;2903785,0;9114109,0;373877,0;72277,0;1001935,0;4982,0;4712429,0;155762;3963270,0;273593,0;0,0
2026-03-18;2384646,0;223604,0;1421020,0;750291,0;1021118,0;361504,0;196832;993178,0;313418,0;4570;207880,0;144256,0;2351938,0;6827332,0;294418,0;25735,0;1994537,0;5088,0;2504419,0;66306;4117190,0;164653,0;0,0
2026-03-19;3582514,0;183533,0;2932790,0;785947,0;637202,0;1130419,0;514332;1614296,0;268577,0;3461;161824,0;332080,0;2018443,0;25476433,0;1329803,0;54640,0;1016006,0;6371,0;2318636,0;105531;14604200,0;258774,0;0,0
2026-03-20;1924169,0;288875,0;1237739,0;628781,0;569881,0;252557,0;529435;1305919,0;324490,0;2895;141129,0;428421,0;1127570,0;23365953,0;1101300,0;25006,0;525128,0;4206,0;3512087,0;333339;11266170,0;310625,0;0,0
2026-03-23;2208241,0;212148,0;406833,0;300185,0;44649,0;87150,0;585836;348036,0;143325,0;233;94398,0;92714,0;520897,0;4955630,0;233771,0;3899,0;102275,0;2538,0;702970,0;52848;2380910,0;115441,0;0,0
2026-03-25;3810943,0;583807,0;1351612,0;639527,0;321926,0;406468,0;1526519;874363,0;771628,0;4604;566169,0;401325,0;1841662,0;14738256,0;701833,0;18144,0;526978,0;8410,0;5567629,0;123527;7228180,0;638407,0;0,0
2026-03-26;2331305,0;302354,0;1052998,0;407059,0;568725,0;311540,0;430294;936159,0;153937,0;4358;214085,0;283925,0;1685856,0;8317703,0;1073425,0;19413,0;290591,0;6393,0;3413782,0;117771;9178440,0;277833,0;0,0
2026-03-27;3355956,0;525629,0;1329857,0;887117,0;360111,0;462190,0;1092416;1080651,0;215866,0;5336;393174,0;194073,0;1540847,0;18020953,0;2182587,0;13039,0;416851,0;10670,0;1849412,0;177135;12301090,0;409313,0;0,0
2026-03-30;3348899,0;239443,0;1888840,0;1157142,0;2462351,0;412473,0;914175;1569959,0;443721,0;4636;546317,0;439268,0;1197644,0;32103236,0;244490,0;18996,0;588592,0;16207,0;2829977,0;108267;10305520,0;324148,0;0,0
2026-03-31;5329999,0;820205,0;4642024,0;2744775,0;1663244,0;500456,0;1456443;2884988,0;608570,0;9736;238340,0;620550,0;5598020,0;27917730,0;1762786,0;23084,0;869458,0;13971,0;5766750,0;137001;17416060,0;664160,0;0,0
2026-04-01;3105950,0;566841,0;2574763,0;2156003,0;1996220,0;398674,0;2012502;2173491,0;812702,0;10326;202626,0;395776,0;3008594,0;31567086,0;2592441,0;69362,0;865417,0;11950,0;2519429,0;169441;15209760,0;413666,0;0,0
2026-04-06;1301374,0;195015,0;1565352,0;1987336,0;1664291,0;578213,0;601505;1286365,0;676558,0;3794;106839,0;439039,0;3113717,0;17734450,0;2159110,0;22163,0;809088,0;9888,0;1506990,0;197771;4291660,0;234659,0;0,0
2026-04-07;2374840,0;479064,0;1679295,0;1721122,0;1146687,0;324265,0;668042;1605605,0;546624,0;4613;128118,0;410541,0;5007909,0;15928869,0;335005,0;37595,0;1500567,0;26082,0;2627185,0;65537;5523640,0;294670,0;0,0
2026-04-08;4040269,0;534766,0;1280425,0;810583,0;1247089,0;428194,0;1273759;947220,0;504454,0;2613;247136,0;353018,0;3419380,0;7917062,0;641501,0;34066,0;279891,0;17946,0;3081903,0;265560;5200060,0;486505,0;0,0
2026-04-09;3981254,0;153418,0;1002457,0;1111046,0;851359,0;250838,0;1214815;1617628,0;1763115,0;2809;389276,0;197228,0;4487733,0;14456547,0;688540,0;49423,0;501102,0;4496,0;1887428,0;75648;2726700,0;742024,0;0,0
2026-04-10;1894646,0;280359,0;812260,0;1845811,0;720069,0;344174,0;648735;566325,0;479824,0;3563;128133,0;176124,0;1615083,0;8556462,0;626646,0;29367,0;422838,0;6034,0;2764477,0;114585;2023010,0;353909,0;0,0
2026-04-13;1981850,0;273859,0;720412,0;1725382,0;964721,0;278913,0;867013;1244540,0;265460,0;4704;114170,0;107418,0;4056008,0;11284818,0;923627,0;18775,0;520869,0;8093,0;2491622,0;52537;2847840,0;183673,0;0,0
2026-04-14;3389229,0;368871,0;1479133,0;1621284,0;615630,0;517472,0;482673;1495852,0;404836,0;5012;88958,0;350566,0;1397213,0;9226268,0;1293779,0;20512,0;504458,0;12266,0;3746665,0;161719;3455360,0;393197,0;0,0
2026-04-15;3892718,0;198871,0;1197243,0;2029950,0;572051,0;336997,0;451399;1160813,0;166281,0;1424;74143,0;475998,0;3377720,0;9343921,0;1555995,0;23078,0;440775,0;17692,0;3179722,0;78072;3208610,0;219840,0;0,0
2026-04-16;3607877,0;214802,0;858054,0;1484534,0;683276,0;309924,0;499987;788486,0;107119,0;2281;22674,0;235987,0;3036992,0;13338947,0;487042,0;23748,0;404270,0;16841,0;2284780,0;41679;2133800,0;351657,0;0,0
2026-04-17;2367197,0;268469,0;1129055,0;966870,0;522363,0;204022,0;493323;979876,0;176592,0;2955;221862,0;351649,0;4228137,0;9656078,0;805383,0;23958,0;317525,0;25810,0;2983255,0;107584;5113080,0;524042,0;0,0
2026-04-20;1997087,0;271050,0;1219699,0;875425,0;475656,0;270059,0;495121;1056452,0;275150,0;4935;251696,0;235268,0;4228837,0;8189282,0;1168180,0;22924,0;116547,0;18833,0;3774521,0;83803;3504880,0;360326,0;0,0
2026-04-21;1606547,0;297588,0;943887,0;533782,0;446200,0;503637,0;342312;724845,0;207734,0;2578;375213,0;204837,0;3312074,0;10576333,0;522962,0;20257,0;769292,0;15286,0;2249054,0;105643;7231090,0;322430,0;0,0
2026-04-22;2351207,0;291293,0;1144196,0;593769,0;980418,0;250328,0;329937;960780,0;214817,0;4729;116998,0;199849,0;1527588,0;6644328,0;1151964,0;15361,0;231083,0;10297,0;2845323,0;40418;2393190,0;290050,0;0,0
2026-04-23;4227216,0;388036,0;1080128,0;743674,0;686978,0;171593,0;401295;748583,0;330356,0;2959;726344,0;136304,0;1076796,0;7420900,0;658684,0;8506,0;220925,0;18400,0;1075132,0;202391;2531560,0;514334,0;0,0
2026-04-24;1468365,0;107171,0;628607,0;508038,0;523047,0;192901,0;532059;1263128,0;525628,0;17310;105238,0;246504,0;1031430,0;3841708,0;349413,0;16132,0;324036,0;6702,0;1392788,0;82541;1851780,0;237356,0;0,0
2026-04-27;1803762,0;319121,0;917050,0;802591,0;715107,0;399631,0;253545;841685,0;449372,0;5470;536631,0;197395,0;829668,0;5467018,0;362764,0;37146,0;1207214,0;12629,0;4028705,0;156502;2686310,0;269752,0;0,0
2026-04-28;1921314,0;144138,0;900326,0;517084,0;399709,0;271956,0;163282;1554873,0;285835,0;1582;50399,0;194715,0;1168318,0;5427391,0;561097,0;14785,0;2539118,0;15421,0;6603895,0;72507;2500220,0;311295,0;0,0
2026-04-29;2429421,0;176075,0;635092,0;639449,0;487873,0;440789,0;868315;891297,0;320855,0;1767;455221,0;126084,0;1780713,0;2702725,0;251073,0;46602,0;1444494,0;22462,0;3330682,0;129951;4430560,0;371119,0;0,0
2026-04-30;4303276,0;198048,0;1030382,0;573612,0;494305,0;258166,0;858099;1066768,0;298114,0;1327;110677,0;98183,0;1284986,0;8822197,0;1003093,0;114537,0;505418,0;18220,0;6847933,0;124151;3191950,0;159512,0;0,0
2026-05-01;0,0;0,0;0,0;0,0;0,0;0,0;0;0,0;0,0;0;0,0;0,0;0,0;0,0;0,0;0,0;0,0;0,0;0,0;0;0,0;0,0;
2026-05-04;2725166,0;463725,0;1198941,0;417228,0;236604,0;369871,0;852397;718202,0;506456,0;1506;62467,0;140807,0;1709834,0;5444835,0;620419,0;10332,0;591685,0;11600,0;3574740,0;133283;2886010,0;297452,0;0,0
2026-05-05;2523007,0;387910,0;1515233,0;983473,0;751670,0;245042,0;297138;1019085,0;545794,0;1932;159448,0;246796,0;2552762,0;8275811,0;1050045,0;43027,0;1238514,0;5783,0;6476892,0;148037;3166140,0;316577,0;0,0
2026-05-06;4611121,0;459947,0;1948452,0;1190244,0;372573,0;244624,0;910084;1668949,0;422778,0;3357;95461,0;546583,0;3036344,0;8872061,0;1416633,0;50073,0;1543105,0;11208,0;4718691,0;317950;4173360,0;381434,0;0,0
2026-05-07;1372763,0;356324,0;1173194,0;884435,0;466185,0;163009,0;255071;1112879,0;366254,0;2998;86643,0;344315,0;2457252,0;8270168,0;1152280,0;67157,0;518407,0;9112,0;4195028,0;78344;3452930,0;299452,0;0,0
2026-05-08;1269035,0;190440,0;1424789,0;674684,0;172976,0;82711,0;619827;931262,0;500891,0;2382;132248,0;152425,0;1514771,0;9399659,0;1267064,0;80919,0;501397,0;9265,0;4721990,0;99862;2176510,0;265556,0;0,0
2026-05-11;1853532,0;190504,0;871579,0;913382,0;553851,0;231701,0;600033;601781,0;334435,0;1671;89050,0;241597,0;2073689,0;7356505,0;609078,0;20843,0;541361,0;12151,0;4209337,0;104835;4835080,0;122611,0;0,0
2026-05-12;2037007,0;163333,0;664792,0;930271,0;205741,0;160276,0;964924;772096,0;414970,0;3159;124582,0;288983,0;836628,0;8947083,0;876854,0;18157,0;1039091,0;7250,0;2569385,0;49220;3052980,0;152085,0;0,0
2026-05-13;1868578,0;152433,0;652968,0;982200,0;596268,0;307052,0;623359;436091,0;250101,0;4042;141130,0;81769,0;1495254,0;6830647,0;550514,0;41760,0;899031,0;3813,0;2850020,0;93607;2495310,0;188637,0;0,0
2026-05-14;1508188,0;93773,0;583166,0;1474749,0;361649,0;244326,0;281959;552355,0;229484,0;5773;218174,0;177351,0;1832632,0;5017536,0;489356,0;61569,0;565249,0;9602,0;4856491,0;83244;2019660,0;131016,0;0,0
2026-05-15;2171710,0;138461,0;449381,0;900477,0;188198,0;251155,0;761251;443180,0;144500,0;5271;145349,0;149116,0;736303,0;5240550,0;717523,0;28047,0;1181312,0;3995,0;2624502,0;87250;1187240,0;123921,0;0,0
2026-05-18;2841196,0;276328,0;1431039,0;422678,0;609611,0;346610,0;770017;519525,0;164417,0;1131;77268,0;105945,0;1573057,0;12103719,0;1044670,0;30175,0;977093,0;9437,0;2829410,0;64809;10521010,0;142320,0;0,0
2026-05-19;3448425,0;235207,0;1154143,0;523118,0;228729,0;129240,0;753427;506807,0;363922,0;3240;110053,0;145128,0;1684112,0;4873112,0;499890,0;16662,0;630987,0;7740,0;4417978,0;43852;5253590,0;211694,0;0,0
2026-05-20;3647062,0;349024,0;1206503,0;834330,0;287336,0;163136,0;640216;765732,0;411840,0;5857;170432,0;817197,0;1579333,0;7336992,0;386452,0;59634,0;530495,0;4327,0;6237398,0;100316;3991400,0;285152,0;0,0
2026-05-21;3080524,0;396027,0;969119,0;1419397,0;1133853,0;477090,0;795963;961762,0;699981,0;4184;101579,0;580017,0;1697222,0;10254648,0;1314918,0;40642,0;896344,0;8986,0;10778399,0;78666;3820870,0;396953,0;0,0
2026-05-22;1548668,0;167104,0;422256,0;440211,0;237682,0;164086,0;336703;642154,0;145352,0;2062;11757,0;274259,0;1831964,0;4229020,0;252923,0;14547,0;523288,0;8406,0;4622355,0;65188;1687330,0;196685,0;0,0
2026-05-25;0,0;0,0;0,0;0,0;0,0;0,0;0;0,0;0,0;0;0,0;0,0;0,0;0,0;0,0;0,0;0,0;0,0;0,0;0;0,0;0,0;
2026-05-26;4898251,0;579415,0;1170149,0;903264,0;407494,0;190881,0;540458;699054,0;392992,0;2726;174264,0;376236,0;1852650,0;9880531,0;749056,0;40278,0;900506,0;10326,0;8112169,0;124751;3060450,0;360465,0;0,0
2026-05-27;9993177,0;680287,0;3487753,0;1769522,0;630630,0;320112,0;2518111;2004505,0;1315527,0;7722;918019,0;463891,0;1429999,0;31510140,0;1772287,0;24229,0;920816,0;48569,0;4599253,0;117306;6611430,0;785246,0;0,0
2026-05-28;6148292,0;542151,0;1633983,0;1848730,0;495530,0;261609,0;1303291;1221210,0;520850,0;5931;656944,0;349343,0;1897514,0;19744691,0;1183287,0;30512,0;1077072,0;15181,0;2804970,0;138683;2881590,0;447717,0;0,0
2026-05-29;5533582,0;555164,0;1542032,0;1288902,0;811619,0;176446,0;1178283;1260212,0;466091,0;5512;389007,0;411842,0;1871843,0;22829396,0;1899547,0;39951,0;382220,0;9495,0;3831730,0;112499;2563680,0;345037,0;0,0
2026-06-01;3708272,0;413289,0;1355356,0;1508468,0;823070,0;482782,0;915733;1312014,0;391836,0;4642;120452,0;390976,0;1087997,0;18357271,0;1164590,0;74741,0;534969,0;11141,0;3376366,0;137837;3638010,0;194722,0;0,0
2026-06-02;2972013,0;351644,0;944499,0;997596,0;777080,0;260647,0;982281;656219,0;341749,0;2532;86611,0;186644,0;890025,0;14156049,0;444676,0;46104,0;1369350,0;6491,0;3006402,0;92845;2832800,0;234249,0;0,0
2026-06-03;2387885,0;283882,0;996110,0;1019424,0;736048,0;188804,0;1022537;780328,0;219254,0;2312;55180,0;226499,0;870407,0;8813871,0;322872,0;11859,0;493073,0;5035,0;2135527,0;56778;3295650,0;219229,0;0,0
2026-06-04;2501492,0;186587,0;951894,0;1080904,0;397730,0;159202,0;331742;742532,0;288957,0;2063;55392,0;156147,0;969829,0;5896277,0;584315,0;21017,0;824130,0;10374,0;1124959,0;154464;1993780,0;172911,0;0,0
2026-06-05;3216550,0;284417,0;638814,0;888175,0;629436,0;126857,0;299906;466119,0;148569,0;3297;70619,0;162028,0;814947,0;17034999,0;469405,0;14221,0;423483,0;8034,0;2162487,0;103294;2294130,0;332618,0;0,0
2026-06-08;3690477,0;207368,0;1103348,0;661064,0;355914,0;211471,0;258414;981899,0;164374,0;1782;133641,0;179812,0;1772421,0;11845414,0;392440,0;5563,0;246827,0;4946,0;2072769,0;76120;2337590,0;121193,0;0,0
2026-06-09;5546010,0;303437,0;792318,0;1123480,0;453043,0;154997,0;688079;1050423,0;308498,0;546;403798,0;221326,0;1897854,0;7973717,0;505671,0;19303,0;611525,0;5898,0;2268306,0;90958;2426670,0;263069,0;0,0
2026-06-10;3774604,0;399128,0;653143,0;1209524,0;689133,0;372967,0;400623;728258,0;170125,0;2046;95673,0;420737,0;1964574,0;7206146,0;479751,0;13478,0;357986,0;8346,0;2483543,0;92400;2794130,0;240424,0;0,0
2026-06-11;11114151,0;773334,0;2865327,0;1804673,0;1106188,0;666710,0;2553352;1823678,0;506975,0;3378;1968006,0;1124461,0;2393463,0;22440516,0;1797445,0;92515,0;945878,0;25205,0;5659209,0;262811;5179670,0;555551,0;0,0
2026-06-12;5601297,0;417354,0;1063974,0;1247800,0;601088,0;224947,0;1108339;551157,0;300694,0;1674;207415,0;229787,0;1592967,0;12569220,0;676663,0;13458,0;661498,0;26414,0;3208624,0;141319;2493860,0;373005,0;0,0
2026-06-15;0,0;0,0;0,0;0,0;0,0;0,0;0;0,0;0,0;0;0,0;0,0;0,0;0,0;0,0;0,0;0,0;0,0;0,0;0;0,0;0,0;
2026-06-16;3420062,0;354139,0;1005122,0;616175,0;549338,0;217345,0;1088529;474428,0;287884,0;3332;82215,0;320462,0;1204476,0;6691223,0;414496,0;37261,0;162048,0;7995,0;4683346,0;199962;5510570,0;398664,0;0,0
2026-06-17;4918783,0;420977,0;1044589,0;1045642,0;235030,0;217224,0;2042831;1296689,0;148966,0;4840;66751,0;274980,0;2973896,0;13984534,0;770898,0;27721,0;201395,0;6386,0;9441726,0;98490;2072010,0;401789,0;0,0
2026-06-18;3421840,0;630766,0;1126009,0;1949386,0;205602,0;358206,0;1225874;1394268,0;351586,0;3444;597808,0;198694,0;2367655,0;10247907,0;268613,0;98954,0;207195,0;6910,0;8304478,0;138486;2477380,0;449671,0;0,0
2026-06-19;2227716,0;224472,0;512268,0;782566,0;198848,0;80193,0;352176;313619,0;95852,0;912;25771,0;135366,0;13236148,0;3737251,0;93500,0;21336,0;104353,0;7612,0;2150983,0;35278;1639830,0;215180,0;0,0
2026-06-22;1643274,0;930499,0;1086782,0;941284,0;205945,0;151404,0;978090;531861,0;166923,0;1917;580623,0;157037,0;1940075,0;4412045,0;423415,0;9335,0;139863,0;4475,0;3233878,0;91531;1982320,0;296822,0;0,0
2026-06-23;1725641,0;284612,0;1267125,0;1178010,0;759599,0;262161,0;607976;1082188,0;365205,0;1117;249351,0;193788,0;1207413,0;5368520,0;570834,0;60840,0;239362,0;7866,0;3037316,0;66118;2177800,0;420803,0;0,0
2026-06-24;2627606,0;239547,0;1653588,0;806872,0;403778,0;317182,0;689793;946624,0;657945,0;2559;285694,0;233624,0;2177291,0;13381524,0;643917,0;26014,0;738264,0;4857,0;2851728,0;101571;4285490,0;388076,0;0,0
2026-06-25;907104,0;178789,0;1192886,0;844277,0;697540,0;286700,0;530039;684234,0;141488,0;1077;456209,0;134932,0;2232803,0;11067334,0;268911,0;57441,0;204069,0;2741,0;1842540,0;166204;2342840,0;372182,0;0,0
2026-06-26;1723651,0;130590,0;937636,0;975667,0;414618,0;227097,0;336176;430422,0;133453,0;1986;134302,0;313478,0;846307,0;6109265,0;196345,0;28630,0;282384,0;6426,0;2464100,0;45230;1662520,0;95789,0;0,0
2026-06-29;2020744,0;275903,0;1074705,0;889455,0;549295,0;233494,0;494758;1081600,0;346467,0;1977;271721,0;296340,0;1076807,0;6470968,0;429748,0;55051,0;344600,0;4697,0;3412290,0;66221;3321970,0;129264,0;0,0
2026-06-30;2884836,0;182497,0;817072,0;1453221,0;255534,0;83951,0;210220;1620126,0;152049,0;1097;330709,0;201437,0;1243212,0;7809893,0;261832,0;22024,0;280046,0;3682,0;13472722,0;115630;1923170,0;210558,0;0,0
2026-07-01;2268025,0;148558,0;836757,0;558297,0;360828,0;145752,0;385302;681042,0;277395,0;3197;125100,0;251300,0;1449507,0;7353923,0;430657,0;41382,0;141807,0;7546,0;6902883,0;113179;2375640,0;112479,0;0,0
2026-07-02;1908724,0;210786,0;680743,0;728866,0;205065,0;260267,0;213098;935854,0;379719,0;4326;25780,0;179226,0;1096255,0;6016624,0;1386770,0;87455,0;521423,0;4955,0;3432388,0;72986;2107090,0;159283,0;0,0
2026-07-03;238499,0;33723,0;304925,0;1238834,0;216615,0;44870,0;55099;206244,0;153088,0;1552;15369,0;43815,0;1156703,0;3097746,0;65077,0;46226,0;78313,0;9526,0;1699994,0;26511;628400,0;33923,0;0,0
2026-07-06;2586005,0;257545,0;765887,0;2860883,0;394503,0;383557,0;396587;976673,0;944791,0;1956;75571,0;611632,0;1650791,0;13538630,0;366058,0;60059,0;299471,0;16018,0;3936097,0;112461;2214790,0;160281,0;0,0
2026-07-07;1626720,0;177532,0;560122,0;741584,0;297401,0;280375,0;227300;341591,0;706166,0;1145;50445,0;83648,0;1343010,0;4517373,0;387665,0;12497,0;127428,0;1573,0;2420328,0;43959;2574990,0;97786,0;0,0
2026-07-08;2171454,0;246970,0;804471,0;1328571,0;466963,0;182904,0;235578;616684,0;421868,0;2894;120177,0;275901,0;1638936,0;8582880,0;300456,0;14498,0;304502,0;12108,0;1893103,0;36303;4818730,0;347657,0;0,0
2026-07-09;0,0;0,0;0,0;0,0;0,0;0,0;0;0,0;0,0;0;0,0;0,0;0,0;0,0;0,0;0,0;0,0;0,0;0,0;0;0,0;0,0;
2026-07-10;1929801,0;42878,0;124614,0;296288,0;149256,0;113925,0;105828;261327,0;220199,0;532;24793,0;38751,0;658283,0;3053148,0;77844,0;4041,0;48440,0;3533,0;228225,0;18168;640360,0;105451,0;0,0
2026-07-13;1885612,0;182462,0;998573,0;438569,0;473564,0;156203,0;218375;487876,0;186716,0;1098;327932,0;193305,0;1192171,0;5736161,0;188529,0;12843,0;138683,0;11899,0;4934700,0;70148;2744380,0;211583,0;0,0
2026-07-14;2087000,0;204379,0;645385,0;576585,0;408208,0;92479,0;368768;620768,0;201745,0;535;294621,0;163101,0;1745265,0;4960206,0;206448,0;26034,0;186157,0;27842,0;10902463,0;39867;2375340,0;193353,0;0,0
2026-07-15;1442395,0;163434,0;469483,0;761794,0;329553,0;183687,0;449799;218518,0;106114,0;1668;51290,0;84670,0;1072313,0;4212603,0;348965,0;21792,0;98191,0;8224,0;4060934,0;25576;2290300,0;131168,0;0,0
2026-07-16;2248161,0;146205,0;703092,0;677272,0;244362,0;169891,0;299806;401241,0;89913,0;851;40454,0;49719,0;1150024,0;3020787,0;405541,0;13883,0;254082,0;17421,0;1136880,0;45332;2055440,0;124881,0;0,0
2026-07-17;2054553,0;208464,0;687552,0;807552,0;295607,0;131760,0;471375;391911,0;165335,0;2917;128024,0;87704,0;1817151,0;6524077,0;146186,0;36180,0;212868,0;15757,0;1261234,0;56576;1976970,0;234987,0;0,0
2026-07-20;1412486,0;460154,0;641656,0;1460572,0;218976,0;354805,0;496405;249910,0;230270,0;3388;80837,0;87892,0;1023378,0;12955692,0;146719,0;23986,0;106937,0;4102,0;2430847,0;41278;2394330,0;211529,0;0,0
2026-07-21;1312214,0;188525,0;1597984,0;1306445,0;257252,0;395411,0;422424;630309,0;179921,0;6358;65941,0;222608,0;1048166,0;12145015,0;1179805,0;33454,0;174980,0;4163,0;4559269,0;66459;2476610,0;114932,0;0,0
2026-07-22;3552442,0;480981,0;1489159,0;797493,0;423924,0;602581,0;710941;880648,0;277727,0;1686;79483,0;158165,0;1290793,0;13697558,0;642628,0;44629,0;277087,0;9622,0;3398452,0;157942;4425690,0;279503,0;0,0
2026-07-23;1998217,0;334173,0;1552461,0;1171317,0;344089,0;334027,0;648543;659351,0;411920,0;2179;106625,0;322084,0;997077,0;5906149,0;353522,0;19873,0;209404,0;4783,0;1392375,0;45704;2352440,0;379796,0;0,0
2026-07-24;2893877,0;242461,0;819283,0;1003193,0;309855,0;83486,0;755820;988580,0;332361,0;1362;120976,0;130569,0;284545,0;7334699,0;281122,0;33142,0;195762,0;4291,0;4354919,0;35065;1050980,0;421350,0;0,0
2026-07-27;937653,0;165647,0;889400,0;1814352,0;279259,0;278767,0;201051;625021,0;156006,0;3297;103877,0;77942,0;755950,0;8188746,0;232340,0;14499,0;128776,0;2875,0;1786498,0;85019;1705400,0;175480,0;0,0
2026-07-28;2692202,0;203615,0;987035,0;1101829,0;319272,0;172164,0;540414;642160,0;203673,0;885;122251,0;199262,0;445775,0;7319240,0;370322,0;13019,0;164938,0;2819,0;1911025,0;75045;1221220,0;171094,0;0,0
2026-07-29;1776239,0;75949,0;1107817,0;394849,0;251489,0;140695,0;353529;567690,0;106604,0;866;23256,0;223653,0;537957,0;2796520,0;486720,0;16034,0;103574,0;6377,0;1462999,0;56478;1709730,0;257968,0;0,0
2026-07-30;2083256,0;181648,0;1101984,0;1123617,0;426082,0;281758,0;503579;947387,0;296425,0;2881;117237,0;140454,0;700761,0;11351816,0;545195,0;20905,0;418996,0;11415,0;2108485,0;99150;1922070,0;231475,0;0,0
2026-07-31;2139667,0;153322,0;685871,0;2455745,0;149786,0;263057,0;872810;562586,0;193930,0;1824;108228,0;182666,0;638468,0;6162408,0;699223,0;27393,0;246711,0;12059,0;2094164,0;137078;1506310,0;151504,0;0,0
2026-08-03;1235843,0;103571,0;736310,0;1177167,0;201721,0;85630,0;438777;292588,0;207828,0;23688;23051,0;200272,0;944788,0;6122818,0;257246,0;16358,0;355951,0;12793,0;2637492,0;24728;1152930,0;135534,0;0,0
2026-08-04;3287265,0;250184,0;1111443,0;1300755,0;464766,0;254759,0;667822;1153293,0;331039,0;41118;109754,0;392664,0;995177,0;9389949,0;698808,0;10854,0;606131,0;4846,0;1936151,0;68121;2353754,0;256657,0;0,0
2026-08-05;1771668,0;166617,0;1279441,0;9211922,0;258096,0;104885,0;272874;563366,0;94095,0;79927;18555,0;239995,0;950092,0;10952316,0;344727,0;17090,0;286143,0;6237,0;1465090,0;31110;2283969,0;272061,0;0,0
2026-08-06;1803231,0;329959,0;1078208,0;1792948,0;284201,0;61726,0;369465;346258,0;477433,0;20204;84636,0;190451,0;1113945,0;7269287,0;278039,0;23794,0;536828,0;4758,0;2490668,0;76947;1249522,0;118955,0;0,0
2026-08-07;1956548,0;263435,0;1076053,0;3521123,0;261673,0;319689,0;592742;595266,0;720648,0;19176;123139,0;159530,0;1219170,0;4830510,0;501479,0;15967,0;299922,0;19475,0;2758240,0;62784;1208198,0;146245,0;0,0
2026-08-10;1439079,0;354159,0;952064,0;5156948,0;639276,0;306368,0;556662;739889,0;463436,0;105658;130073,0;106327,0;908022,0;9976779,0;393411,0;23844,0;161777,0;14506,0;2000228,0;53483;2580800,0;93529,0;0,0
2026-08-11;4230270,0;375173,0;1301416,0;2806892,0;427079,0;147280,0;930169;996760,0;482293,0;78820;134425,0;248801,0;1647126,0;14998561,0;1170804,0;21284,0;815162,0;10818,0;2678987,0;77904;4463801,0;284860,0;0,0
2026-08-12;3039108,0;301301,0;1369529,0;1577363,0;177376,0;169843,0;313840;680965,0;488909,0;45558;146242,0;334753,0;1262028,0;8581137,0;516400,0;18351,0;343359,0;20681,0;2521103,0;111400;2523971,0;197118,0;0,0
2026-08-13;2494902,0;203096,0;881736,0;1242744,0;446749,0;203091,0;938267;662532,0;653520,0;13667;94591,0;168141,0;6497891,0;9996099,0;972951,0;11166,0;610296,0;21294,0;4139592,0;103544;2052894,0;135595,0;0,0
2026-08-14;1746579,0;280605,0;1057097,0;426318,0;226233,0;203173,0;486089;1032491,0;736425,0;26657;66021,0;311219,0;1414370,0;9021064,0;855965,0;18770,0;382984,0;6985,0;3738389,0;103472;2117417,0;136214,0;0,0
2026-08-17;0,0;0,0;0,0;0,0;0,0;0,0;0;0,0;0,0;0;0,0;0,0;0,0;0,0;0,0;0,0;0,0;0,0;0,0;0;0,0;0,0;
2026-08-18;2235090,0;350411,0;761717,0;1222984,0;345616,0;162219,0;574207;496210,0;557867,0;111910;163293,0;166734,0;2330944,0;7544783,0;347812,0;24677,0;347272,0;14785,0;2690777,0;140841;3632078,0;293956,0;0,0
2026-08-19;2738265,0;370176,0;1045034,0;715899,0;572497,0;243457,0;891133;899493,0;437669,0;30865;105224,0;234379,0;1533976,0;14080031,0;1194758,0;13826,0;312985,0;13064,0;9314929,0;40359;2256879,0;279779,0;0,0
2026-08-20;3139299,0;498243,0;1228454,0;793110,0;213960,0;196338,0;876252;828488,0;197025,0;20382;334549,0;147527,0;1370605,0;9062511,0;312576,0;15661,0;168804,0;4039,0;3388569,0;85653;1771338,0;281337,0;0,0
2026-08-21;5582405,0;387374,0;1187414,0;647695,0;239094,0;269173,0;1951160;465201,0;233702,0;41270;61727,0;166939,0;845996,0;8787377,0;1114938,0;14264,0;209409,0;16750,0;4883271,0;88807;1529622,0;233343,0;0,0
2026-08-24;3947421,0;492060,0;896629,0;661413,0;336242,0;340406,0;869468;639064,0;235604,0;254456;67629,0;120479,0;1173233,0;9113741,0;554053,0;31547,0;184961,0;10351,0;4492921,0;36601;2355515,0;308767,0;0,0
2026-08-25;2610053,0;485275,0;1256233,0;687350,0;286079,0;169321,0;865971;565674,0;325040,0;52826;88362,0;287653,0;1144325,0;8240736,0;413820,0;19635,0;367781,0;8724,0;3532508,0;80876;2285377,0;298795,0;0,0
2026-08-26;1886712,0;324094,0;1177801,0;1705339,0;755127,0;331319,0;617063;368420,0;413845,0;121756;134604,0;226023,0;1022489,0;12703125,0;344112,0;17548,0;820973,0;3408,0;4572238,0;106453;2420824,0;388409,0;0,0
2026-08-27;1412184,0;248192,0;923305,0;672566,0;407039,0;337526,0;683860;344092,0;352533,0;80906;94422,0;115217,0;721892,0;5279700,0;275065,0;12037,0;625922,0;13830,0;3666313,0;67014;2810433,0;287789,0;0,0
2026-08-28;1415913,0;259723,0;802352,0;559541,0;259522,0;120138,0;411953;589431,0;398368,0;47103;66755,0;67697,0;822696,0;6944076,0;265148,0;8402,0;463348,0;15249,0;2732787,0;51627;1175535,0;488750,0;0,0
2026-08-31;2452440,0;188134,0;1183444,0;2529810,0;1306322,0;454398,0;1214788;462443,0;359004,0;27783;256799,0;163626,0;1539907,0;6973649,0;243566,0;7669,0;576515,0;23415,0;4352045,0;67020;1819057,0;283895,0;0,0
2026-09-01;1690740,0;325408,0;985085,0;1084601,0;197616,0;226982,0;394253;662626,0;239853,0;53134;100371,0;182168,0;2358284,0;8774166,0;334648,0;81039,0;1311972,0;4074,0;1628570,0;42201;1877345,0;292896,0;0,0
2026-09-02;1452216,0;165392,0;870771,0;675477,0;238374,0;386626,0;200303;1045079,0;163389,0;39494;154696,0;202515,0;1384579,0;9640086,0;426694,0;41643,0;563854,0;20984,0;4691937,0;179373;1792490,0;306210,0;0,0
2026-09-03;1549573,0;181580,0;790160,0;903174,0;317567,0;143915,0;310260;937504,0;358871,0;137911;74321,0;175258,0;1034433,0;11600031,0;441898,0;21054,0;517269,0;16997,0;2855239,0;105945;2421335,0;246021,0;0,0
2026-09-04;749900,0;182032,0;590401,0;1037941,0;177481,0;180671,0;338469;;142676,0;40890;71856,0;151985,0;1280273,0;6955395,0;106733,0;8813,0;328772,0;3896,0;2716204,0;40759;1588829,0;130537,0;0,0
2026-09-07;267488,0;91328,0;277805,0;640861,0;142813,0;37828,0;135054;239250,0;111871,0;39931;6868,0;55257,0;578883,0;5772475,0;43710,0;11970,0;99909,0;9453,0;1454975,0;53151;492206,0;26745,0;0,0
2026-09-08;1242849,0;175281,0;1110200,0;919969,0;296524,0;245475,0;417155;1103685,0;153164,0;27524;150759,0;317769,0;758921,0;8936215,0;206850,0;7507,0;184356,0;18764,0;3070385,0;75189;1683158,0;162667,0;0,0
2026-09-09;1290489,0;156957,0;610674,0;1406643,0;894117,0;183363,0;231813;659193,0;209161,0;34705;277905,0;257946,0;1165663,0;5966465,0;152210,0;11740,0;141358,0;22559,0;3747527,0;95216;2889078,0;182000,0;0,0
2026-09-10;1695935,0;190596,0;2001764,0;1859467,0;529488,0;947104,0;297142;656496,0;173620,0;55992;367996,0;284555,0;1970841,0;16172419,0;229989,0;26676,0;578197,0;13068,0;13482658,0;82353;4438020,0;185271,0;0,0
2026-09-11;;;;;;;331754;;151574,0;44706;;;;;;;;;7754216,0;60283;;;0,0
2026-09-14;1746170,0;154707,0;1359550,0;793422,0;325127,0;146717,0;301129;773497,0;241633,0;43730;228412,0;112954,0;1885144,0;15752451,0;206873,0;14017,0;301451,0;15715,0;5296219,0;106091;2224519,0;126948,0;0,0
2026-09-15;1663344,0;186423,0;1392887,0;2175588,0;331675,0;635760,0;340325;1146618,0;172198,0;15705;393613,0;108691,0;1227722,0;7343355,0;154611,0;12078,0;147572,0;5927,0;6088920,0;161827;2995359,0;114048,0;0,0
2026-09-16;1009367,0;136006,0;924932,0;795537,0;335159,0;387230,0;255702;1070873,0;164244,0;23088;298230,0;107987,0;1172096,0;5055137,0;127791,0;16891,0;127517,0;6711,0;5134718,0;146318;2581822,0;190087,0;0,0
2026-09-17;1415943,0;170553,0;1209634,0;729119,0;307175,0;716873,0;261069;1916327,0;343644,0;13364;130536,0;207245,0;3127152,0;5106866,0;234339,0;30820,0;211720,0;11366,0;5569421,0;106354;1423151,0;208597,0;0,0
2026-09-18;1505142,0;189952,0;585084,0;1517568,0;249243,0;435677,0;338910;2615282,0;137651,0;16319;82008,0;126633,0;1258573,0;5297714,0;207014,0;13427,0;262119,0;3961,0;2746403,0;112056;1278740,0;89361,0;0,0
2026-09-21;1294564,0;297605,0;699336,0;891884,0;220459,0;687578,0;183261;1161087,0;180797,0;59070;297353,0;128811,0;1523657,0;6979588,0;188248,0;67545,0;185956,0;13423,0;4785705,0;65867;3403038,0;87153,0;0,0
2026-09-22;3085275,0;201167,0;454690,0;420000,0;246350,0;705773,0;453046;407392,0;83874,0;15156;388108,0;116761,0;887410,0;4839254,0;140248,0;26534,0;203452,0;5904,0;3392588,0;106514;1947849,0;221002,0;0,0
2026-09-23;2480835,0;175211,0;502408,0;525313,0;455872,0;249535,0;510561;814679,0;93425,0;16764;137919,0;104556,0;889547,0;5140495,0;332945,0;22462,0;144752,0;3724,0;1159917,0;58640;2433751,0;137385,0;0,0
2026-09-24;1940796,0;96298,0;765690,0;720922,0;144409,0;159232,0;349342;1001771,0;101710,0;10490;26310,0;102446,0;871053,0;3020426,0;552197,0;28130,0;142831,0;4243,0;1545324,0;76963;1590240,0;90402,0;0,0
2026-09-25;1997725,0;146939,0;1117672,0;985612,0;217469,0;152147,0;554478;551421,0;152106,0;25282;44483,0;99690,0;1100199,0;7251107,0;525967,0;16106,0;146511,0;2845,0;4657043,0;52925;1640922,0;70153,0;0,0
2026-09-28;6446689,0;493385,0;1225513,0;1037336,0;337860,0;417562,0;628619;2393405,0;269894,0;46928;139487,0;240716,0;1450829,0;8794370,0;371632,0;39123,0;1055078,0;5114,0;5577666,0;89782;3108697,0;355369,0;0,0
2026-09-29;4217295,0;309670,0;953698,0;829222,0;287766,0;225608,0;598861;1880859,0;350433,0;58188;132365,0;276517,0;1019108,0;5012092,0;925531,0;47340,0;1318892,0;4523,0;5754648,0;43205;2246574,0;209296,0;0,0
2026-09-30;4312186,0;547411,0;936632,0;1013427,0;240899,0;736827,0;775336;917103,0;515986,0;176884;118942,0;171875,0;1247717,0;4790599,0;683584,0;20692,0;506693,0;4243,0;2595766,0;63722;1875740,0;592493,0;0,0
2026-10-01;5552826,0;294486,0;836847,0;448353,0;161633,0;387090,0;851215;550051,0;99329,0;26173;147162,0;184438,0;1031796,0;8958285,0;712458,0;21656,0;108063,0;1511,0;2231001,0;136286;1399238,0;257336,0;0,0
2026-10-02;2384627,0;136438,0;562425,0;564660,0;237796,0;302525,0;335050;613583,0;103432,0;37351;57613,0;403157,0;1107720,0;4055451,0;3114467,0;5645,0;170487,0;5210,0;2868818,0;104371;2108274,0;81562,0;0,0
2026-10-05;4936903,0;303807,0;796650,0;866692,0;309419,0;96212,0;778124;1179701,0;300189,0;56738;69092,0;166998,0;1666834,0;4245254,0;1313497,0;42640,0;490572,0;5643,0;4473268,0;52760;1853690,0;274172,0;0,0
2026-10-06;3417121,0;268901,0;1168141,0;1321470,0;415402,0;93623,0;526967;556327,0;216600,0;34398;124905,0;346197,0;1040804,0;4372559,0;981246,0;33302,0;759639,0;3803,0;3493627,0;54228;1543921,0;533766,0;0,0
