Fecha;GGAL.BA;BMA.BA;PAMP.BA;TXAR.BA;ALUA.BA;CRES.BA;SUPV.BA;CEPU.BA;LOMA.BA;MIRG.BA;TECO2.BA;TGSU2.BA;VALO.BA;COME.BA;EDN.BA;HARG.BA;TRAN.BA;MOLI.BA;BYMA.BA;IRSA.BA;YPFD.BA;BBAR.BA;INDICE
2016-09-28;33,48601531982422;82,35575866699219;18,899999618530273;7,065240383148193;8,204878807067871;17,41741180419922;36,97028732299805;1,6346547603607178;;473,77789306640625;45,84158706665039;17,2240047454834;3,5944221019744873;0,4630012810230255;14,699999809265137;22,25101661682129;5,565574645996094;55,88064193725586;;16,86353874206543;26,700759887695312;68,66395568847656;16755,0
2016-09-29;33,81076431274414;82,63634490966797;19,649999618530273;6,966584205627441;8,016694068908691;17,54500961303711;37,05244827270508;1,6286004781723022;;457,4864196777344;45,11137390136719;16,703279495239258;3,5944221019744873;0,46761584281921387;14,800000190734863;22,282182693481445;5,651641368865967;55,61830139160156;;16,749013900756836;27,159940719604492;69,68370819091797;16743,0
2016-09-30;33,91901397705078;83,44305419921875;19,299999237060547;6,898284435272217;7,9790568351745605;17,385509490966797;37,791847229003906;1,6519529819488525;;455,1591796875;45,4359130859375;16,663225173950195;3,5944221019744873;0,4660774767398834;14,800000190734863;22,437999725341797;5,42213249206543;56,143001556396484;;16,720382690429688;27,159940719604492;68,66395568847656;16676,0
2016-10-03;33,88294219970703;83,1624526977539;19,600000381469727;6,989349365234375;8,317793846130371;17,226009368896484;37,13460159301758;1,6610342264175415;;446,8473815917969;45,6793212890625;16,703279495239258;3,5944221019744873;0,487612783908844;15,199999809265137;21,690065383911133;5,3934431076049805;56,56276321411133;;16,77764320373535;27,423725128173828;68,52799224853516;16847,0
2016-10-04;34,82111358642578;84,24978637695312;19,25;7,042473316192627;8,468338012695312;17,257911682128906;37,791847229003906;1,6346547603607178;;450,5045471191406;46,24727249145508;16,94361686706543;3,5944221019744873;0,48607417941093445;15,0;21,160280227661133;5,301640510559082;56,09053039550781;;16,577232360839844;28,019676208496094;70,02362060546875;16874,0
2016-10-05;35,470619201660156;84,74083709716797;19,399999618530273;7,141128063201904;8,430702209472656;17,226009368896484;37,791847229003906;1,6130319833755493;;454,4609680175781;45,84158706665039;17,384227752685547;3,5944221019744873;0,487612783908844;15,100000381469727;20,381181716918945;5,307377815246582;55,61830139160156;;16,4913387298584;28,732872009277344;71,3153305053711;17071,0
2016-10-06;35,00153732299805;84,17964935302734;19,200000762939453;7,118360996246338;8,355429649353027;17,226009368896484;37,791847229003906;1,5978964567184448;;447,1797790527344;45,92272186279297;17,624563217163086;3,5944221019744873;0,47992122173309326;15,850000381469727;19,602087020874023;5,502460479736328;56,40534973144531;;16,4913387298584;28,723100662231445;71,3153305053711;17143,0
2016-10-07;34,56852340698242;83,47814178466797;19,25;6,9817609786987305;8,430702209472656;17,066509246826172;36,97028732299805;1,574112057685852;;445,1849365234375;46,206703186035156;17,904953002929688;3,5944221019744873;0,4845357835292816;16,200000762939453;19,009973526000977;5,594264030456543;55,61830139160156;;16,319551467895508;28,869646072387695;69,68370819091797;17136,0
2016-10-11;34,60460662841797;81,65425109863281;19,799999237060547;6,928640365600586;8,317793846130371;16,71561050415039;36,47734832763672;1,5395162105560303;;439,20037841796875;45,76045608520508;17,624563217163086;3,5944221019744873;0,4999181032180786;16,149999618530273;19,69557762145996;5,731967926025391;54,56888961791992;;16,43407440185547;28,771949768066406;68,83390045166016;17159,0
2016-10-12;34,60460662841797;81,86470031738281;19,600000381469727;6,913462162017822;8,28015422821045;17,449312210083008;36,18980407714844;1,5654629468917847;;438,867919921875;45,27363967895508;17,464340209960938;3,5944221019744873;0,5045326948165894;16,399999618530273;20,568166732788086;5,680328845977783;53,93925857543945;;16,548599243164062;28,478857040405273;69,3097915649414;17208,0
2016-10-13;34,424198150634766;82,35575866699219;19,5;6,890695095062256;8,28015422821045;17,385509490966797;36,025489807128906;1,5758417844772339;;442,8576354980469;45,11137390136719;17,744731903076172;3,5944221019744873;0,4999181032180786;16,200000762939453;20,31885528564453;5,651641368865967;54,56888961791992;;16,720382690429688;27,990367889404297;68,86788940429688;17235,0
2016-10-14;34,640689849853516;84,28485870361328;19,600000381469727;6,9058732986450195;8,28015422821045;17,449312210083008;36,55950927734375;1,626006007194519;;458,48388671875;45,4359130859375;17,824840545654297;3,5944221019744873;0,5014564394950867;16,299999237060547;20,568166732788086;5,651641368865967;54,56888961791992;;16,949430465698242;27,990367889404297;69,20781707763672;17415,0
2016-10-17;34,82111358642578;85,09156799316406;20,0;7,156305313110352;8,28015422821045;17,57691192626953;36,55950927734375;1,6584392786026;;468,12579345703125;45,6793212890625;18,145288467407227;3,5944221019744873;0,502994954586029;16,350000381469727;20,007213592529297;5,709017753601074;54,12289810180664;;17,092586517333984;28,674253463745117;70,02362060546875;17664,0
2016-10-18;34,56852340698242;84,88113403320312;20,0;7,171483039855957;8,167243003845215;17,672611236572266;37,791847229003906;1,6778994798660278;;468,3252258300781;44,94910430908203;18,26545524597168;3,5944221019744873;0,5214533805847168;16,5;19,38393783569336;6,081968307495117;54,72630310058594;;17,350261688232422;28,527706146240234;70,2615737915039;17848,0
2016-10-19;35,29020309448242;86,10874938964844;20,799999237060547;7,23978328704834;8,167243003845215;17,60881233215332;37,791847229003906;1,6951978206634521;;461,708984375;44,86796188354492;18,50579261779785;3,5944221019744873;0,5291440486907959;16,899999618530273;19,19695472717285;6,483608245849609;54,621360778808594;;17,092586517333984;28,771949768066406;74,40859985351562;18125,0
2016-10-20;34,85719680786133;85,51248931884766;20,850000381469727;7,194249153137207;8,167243003845215;17,513111114501953;37,791847229003906;1,6822240352630615;;451,5021057128906;45,801021575927734;18,666013717651367;3,5944221019744873;0,5183764696121216;17,299999237060547;19,290447235107422;6,741805076599121;54,04419708251953;;16,892166137695312;28,283462524414062;74,5105972290039;18147,0
2016-10-21;34,38810348510742;84,81099700927734;21,100000381469727;7,361205101013184;8,39306640625;17,32171058654785;37,545379638671875;1,7012516260147095;;456,2562561035156;45,96329879760742;19,10662841796875;3,5944221019744873;0,5322209596633911;18,200000762939453;20,19420051574707;6,885247707366943;54,51641845703125;;17,063955307006836;28,161340713500977;73,08291625976562;18257,0
2016-10-24;34,60460662841797;84,17964935302734;21,0;7,490216255187988;8,355429649353027;17,41741180419922;37,545379638671875;1,6951978206634521;;450,8370666503906;45,76045608520508;19,066570281982422;3,5944221019744873;0,5476024746894836;18,899999618530273;19,757904052734375;7,000001430511475;55,82817459106445;;17,63656997680664;28,13691520690918;72,36907196044922;18391,0
2016-10-25;34,20769119262695;84,35501861572266;20,899999618530273;7,5357489585876465;8,430702209472656;17,35361099243164;37,70969772338867;1,6748725175857544;;489,7365417480469;45,76045608520508;18,906349182128906;3,5944221019744873;0,5506793856620789;19,450000762939453;19,94489097595215;6,971312999725342;55,56582260131836;;17,23573875427246;27,931751251220703;72,33509063720703;18409,0
2016-10-26;33,95509338378906;82,39082336425781;20,399999618530273;7,353615760803223;8,167243003845215;17,449312210083008;36,80598068237305;1,6433038711547852;;484,7495422363281;46,04443359375;18,666013717651367;3,5944221019744873;0,5522171258926392;18,950000762939453;19,633249282836914;6,741805076599121;55,09359359741211;;16,949430465698242;27,25763702392578;71,519287109375;18188,0
2016-10-27;34,1355094909668;82,28559112548828;20,450000762939453;7,323261260986328;8,054333686828613;17,226009368896484;36,80598068237305;1,6087079048156738;;474,7752685546875;46,40953826904297;18,345569610595703;3,5944221019744873;0,5460647940635681;19,299999237060547;19,2592830657959;6,569673538208008;54,77877426147461;;16,605859756469727;26,96454429626465;70,22759246826172;18066,0
2016-10-28;34,243770599365234;81,37362670898438;20,75;7,270138740539551;7,9790568351745605;16,97081184387207;36,97028732299805;1,5481653213500977;;457,81903076171875;46,206703186035156;18,145288467407227;3,5944221019744873;0,535297155380249;19,299999237060547;19,134626388549805;6,598362445831299;53,519493103027344;;17,178478240966797;26,524906158447266;69,68370819091797;17869,0
2016-10-31;33,99118423461914;80,67214965820312;20,549999237060547;7,118360996246338;7,828508377075195;17,09840965270996;39,02419662475586;1,5204885005950928;;447,8447265625;46,08499526977539;17,945011138916016;3,5944221019744873;0,5137618184089661;19,299999237060547;18,760662078857422;6,483608245849609;52,57503128051758;;16,949430465698242;26,2171573638916;68,56198120117188;17610,0
2016-11-01;33,341670989990234;80,32139587402344;20,399999618530273;7,125950813293457;7,602686882019043;16,524208068847656;37,21675491333008;1,5135694742202759;;417,42315673828125;45,6793212890625;17,2240047454834;3,5944221019744873;0,49376580119132996;19,5;17,79457664489746;6,196722507476807;50,89598846435547;;15,918721199035645;25,645627975463867;65,80860900878906;17108,0
2016-11-02;32,547821044921875;79,61990356445312;20,149999618530273;7,194249153137207;7,527413368225098;16,141408920288086;36,97028732299805;2,2206854820251465;;414,9295654296875;45,4359130859375;16,98366928100586;3,5944221019744873;0,49068883061408997;18,75;18,667171478271484;6,053280353546143;50,16140365600586;;15,74693775177002;25,05944061279297;65,26473999023438;16807,0
2016-11-03;31,75396728515625;78,70796203613281;20,100000381469727;7,103183269500732;7,3768630027771;15,694809913635254;36,97028732299805;2,218071222305298;;418,0216064453125;45,719886779785156;16,823444366455078;3,5944221019744873;0,48607417941093445;18,850000381469727;19,2592830657959;5,9959025382995605;50,89598846435547;;15,918721199035645;24,619802474975586;64,8568344116211;16706,0
2016-11-04;32,3313102722168;78,91841888427734;20,200000762939453;6,936229228973389;7,226317405700684;15,790509223937988;36,14872360229492;2,2350635528564453;;420,91424560546875;45,4359130859375;16,74333381652832;3,5944221019744873;0,4814596176147461;19,350000381469727;19,321609497070312;6,196722507476807;52,4963264465332;;15,918721199035645;24,668649673461914;64,9928207397461;16755,0
2016-11-07;33,48601531982422;80,11094665527344;20,700000762939453;6,936229228973389;7,3768630027771;16,205209732055664;36,97028732299805;2,3004162311553955;;432,8833923339844;45,719886779785156;17,58450698852539;3,5944221019744873;0,5014564394950867;19,649999618530273;19,7890682220459;6,2827887535095215;52,994789123535156;;15,74693775177002;24,93243408203125;66,42048645019531;17258,0
2016-11-08;33,23342514038086;79,12883758544922;20,549999237060547;6,883106231689453;7,263952732086182;16,141408920288086;36,64166259765625;2,248133897781372;;437,6210632324219;45,23307800292969;17,904953002929688;3,5944221019744873;0,5014564394950867;19,450000762939453;19,44626808166504;6,081968307495117;52,73244094848633;;15,74693775177002;24,48302459716797;65,33273315429688;17138,0
2016-11-09;32,80040740966797;79,61990356445312;20,649999618530273;6,829984188079834;7,18115234375;15,950011253356934;36,14872360229492;2,2154574394226074;;433,8807067871094;44,86796188354492;18,10523223876953;3,5944221019744873;0,4891503155231476;19,850000381469727;18,885313034057617;5,967214107513428;51,2108039855957;;16,319551467895508;23,838218688964844;65,46869659423828;17025,0
2016-11-10;31,39312744140625;76,67361450195312;20,049999237060547;6,427773952484131;7,015547275543213;14,833507537841797;36,723819732666016;2,1370341777801514;;419,0191345214844;44,62455749511719;17,063783645629883;3,5944221019744873;0,4722304046154022;19,5;17,950397491455078;5,823770999908447;48,272483825683594;;15,460630416870117;23,49627685546875;63,701114654541016;16231,0
2016-11-11;30,96011734008789;74,28852844238281;19,649999618530273;6,184929847717285;7,075767517089844;14,291207313537598;35,32716369628906;2,024627208709717;;384,0094299316406;44,462284088134766;16,663225173950195;3,5944221019744873;0,4568482041358948;19,200000762939453;17,451778411865234;5,622951984405518;46,7508544921875;;15,346107482910156;23,647708892822266;63,565128326416016;15660,0
2016-11-14;31,03228187561035;74,70942687988281;19,899999618530273;6,200108528137207;6,895108222961426;14,432564735412598;36,888126373291016;1,9997934103012085;;367,05316162109375;44,2188835144043;16,503000259399414;3,5944221019744873;0,4383898377418518;19,600000381469727;16,76616859436035;5,5254106521606445;48,010135650634766;;14,80212116241455;24,18016242980957;61,865535736083984;15694,0
2016-11-15;32,259151458740234;76,07733917236328;20,75;6,556785583496094;7,327018737792969;15,396879196166992;37,70969772338867;2,182781219482422;;400,8658142089844;45,4359130859375;17,624563217163086;3,5944221019744873;0,4506951868534088;19,950000762939453;17,85690689086914;5,795083522796631;50,89598846435547;;15,74693775177002;25,694475173950195;64,07503509521484;16478,0
2016-11-16;32,00655746459961;76,11241149902344;20,950000762939453;6,62508487701416;7,442707538604736;15,654031753540039;37,17567825317383;2,2742748260498047;;407,9476013183594;44,705692291259766;17,624563217163086;3,5944221019744873;0,45530974864959717;20,0;17,888072967529297;6,11065673828125;50,89598846435547;;15,918721199035645;25,166908264160156;62,885284423828125;16521,0
2016-11-17;32,114810943603516;77,16465759277344;21,0;6,534018039703369;7,442707538604736;15,686173439025879;36,97028732299805;2,2808101177215576;;402,6612854003906;45,07080841064453;17,904953002929688;3,5944221019744873;0,45223361253738403;19,899999618530273;17,607595443725586;6,311476707458496;49,71540832519531;;15,60378360748291;24,424406051635742;63,327205657958984;16472,0
2016-11-18;31,68179702758789;77,83106994628906;20,700000762939453;6,534018039703369;7,496695518493652;15,589742660522461;36,92920684814453;2,2945337295532227;;392,6869812011719;45,801021575927734;17,864898681640625;3,5944221019744873;0,44300439953804016;19,950000762939453;17,981565475463867;6,139345169067383;48,84965515136719;;15,947354316711426;24,815196990966797;62,54538345336914;16385,0
2016-11-21;32,76432418823242;78,39227294921875;21,5;6,784451007843018;7,866904258728027;15,686173439025879;36,55950927734375;2,320021629333496;;395,9784851074219;46,6529426574707;18,50579261779785;3,5944221019744873;0,4691542983055115;19,850000381469727;17,919233322143555;6,2827887535095215;49,32188415527344;;16,033245086669922;25,792173385620117;63,12323760986328;16844,0
2016-11-22;32,76432418823242;79,97065734863281;23,0;7,08800745010376;8,175408363342285;15,750462532043457;36,80598068237305;2,339628219604492;;401,9631042480469;46,57181930541992;18,906349182128906;3,5944221019744873;0,4814596176147461;20,950000762939453;18,82298469543457;6,741805076599121;49,47930145263672;;16,033245086669922;25,938718795776367;66,55643463134766;17307,0
2016-11-23;32,583900451660156;78,70796203613281;22,649999618530273;7,095594882965088;8,25253677368164;16,52191162109375;36,97028732299805;2,350084066390991;;405,95281982421875;45,4359130859375;19,387020111083984;3,5944221019744873;0,4814596176147461;22,200000762939453;19,633249282836914;6,71311616897583;49,63670349121094;;16,4913387298584;25,841022491455078;65,87660217285156;17367,0
2016-11-24;32,3313102722168;78,49751281738281;22,200000762939453;7,3080830574035645;8,25253677368164;17,1647891998291;36,80598068237305;2,318060874938965;;403,9578857421875;45,84158706665039;19,587299346923828;3,5944221019744873;0,48607417941093445;21,350000381469727;19,88256072998047;6,71311616897583;49,58423614501953;;17,121213912963867;25,968027114868164;65,60465240478516;17385,0
2016-11-25;31,970474243164062;78,46241760253906;22,100000381469727;7,346027374267578;8,098282814025879;16,746919631958008;36,80598068237305;2,261204481124878;;397,4745788574219;45,76045608520508;19,30690574645996;3,5944221019744873;0,48607417941093445;21,25;19,851398468017578;6,770493507385254;49,05953598022461;;17,32162857055664;25,20598793029785;65,36671447753906;17169,0
2016-11-29;31,898317337036133;78,91841888427734;21,799999237060547;7,33843994140625;8,021157264709473;16,746919631958008;37,17567825317383;2,2219929695129395;;394,9810791015625;47,180328369140625;19,947799682617188;3,5944221019744873;0,4829981327056885;21,399999618530273;19,851398468017578;6,770493507385254;49,58423614501953;;17,063955307006836;25,05944061279297;66,55643463134766;17042,0
2016-11-30;32,04262924194336;79,97065734863281;22,25;7,171483039855957;8,021157264709473;16,32904815673828;37,339988708496094;2,2023866176605225;;381,0170593261719;47,545440673828125;20,508581161499023;4,893887519836426;0,49222734570503235;21,399999618530273;19,72673988342285;6,770493507385254;49,32188415527344;;16,806276321411133;26,349048614501953;66,28448486328125;17442,0
2016-12-01;31,501375198364258;78,91841888427734;22,0;7,027295112609863;7,712650775909424;15,686173439025879;36,97028732299805;2,1435697078704834;;359,1235656738281;47,82941436767578;20,108022689819336;4,893887519836426;0,4706920087337494;21,450000762939453;19,072298049926758;6,741805076599121;48,22002029418945;;16,46270751953125;25,81171226501465;64,31295776367188;17042,0
2016-12-02;30,49102783203125;76,46316528320312;22,200000762939453;7,012116432189941;7,596960067749023;15,78260612487793;35,73794174194336;2,2154574394226074;;350,74517822265625;48,19452667236328;20,909143447875977;4,893887519836426;0,4630012810230255;21,399999618530273;18,667171478271484;6,827869892120361;48,403656005859375;;16,26228904724121;25,41115379333496;62,069496154785156;16948,0
2016-12-05;30,52710723876953;77,7960205078125;22,25;7,034883975982666;7,596960067749023;15,943324089050293;36,6005859375;2,182781219482422;;346,6059875488281;47,707706451416016;20,909143447875977;4,893887519836426;0,4614627957344055;21,950000762939453;18,636005401611328;6,971312999725342;48,010135650634766;;16,605859756469727;25,650510787963867;63,63313293457031;16999,0
2016-12-06;30,310606002807617;76,46316528320312;22,799999237060547;7,057650089263916;7,7897772789001465;16,489770889282227;36,14872360229492;2,1984658241271973;;354,0865173339844;47,30202865600586;21,029308319091797;4,893887519836426;0,47684505581855774;22,049999237060547;18,698331832885742;7,430329322814941;48,22002029418945;;17,407522201538086;25,425806045532227;63,22520446777344;17235,0
2016-12-07;29,733261108398438;76,11241149902344;22,799999237060547;7,012116432189941;7,635525226593018;16,457622528076172;36,39519119262695;2,228527307510376;;353,08917236328125;47,46430206298828;20,588693618774414;4,893887519836426;0,47684505581855774;22,049999237060547;19,321609497070312;7,401641368865967;47,48543167114258;;17,607938766479492;25,31345558166504;62,61335754394531;17197,0
2016-12-12;29,588924407958984;74,32361602783203;22,25;7,004528045654297;7,6740875244140625;15,911182403564453;36,066566467285156;2,2219929695129395;;340,6711730957031;46,53124237060547;21,550033569335938;4,893887519836426;0,4814596176147461;21,899999618530273;19,88256072998047;7,631149768829346;48,14131546020508;;17,178478240966797;25,303686141967773;62,341434478759766;17158,0
2016-12-13;29,552845001220703;73,02583312988281;22,700000762939453;7,034883975982666;7,6740875244140625;16,457622528076172;36,31303405761719;2,248133897781372;;334,1380310058594;46,6529426574707;21,790369033813477;4,893887519836426;0,47684505581855774;21,5;20,19420051574707;7,860657215118408;48,14131546020508;;17,751094818115234;25,55769920349121;61,93351745605469;17198,0
2016-12-14;29,733261108398438;73,44673156738281;22,049999237060547;6,943816661834717;7,542972087860107;16,361194610595703;36,14872360229492;2,2808101177215576;;329,1508483886719;46,6529426574707;21,870479583740234;4,893887519836426;0,4645397365093231;21,700000762939453;19,47743034362793;7,975411891937256;48,010135650634766;;17,722461700439453;24,815196990966797;62,409400939941406;16918,0
2016-12-15;28,86724090576172;72,25420379638672;22,200000762939453;6,936229228973389;7,612384796142578;16,52191162109375;35,73794174194336;2,3004162311553955;;318,9771423339844;45,4359130859375;21,429868698120117;5,045871257781982;0,45223361253738403;21,700000762939453;19,69557762145996;7,918034553527832;47,66907501220703;;17,4934139251709;24,092233657836914;60,43787384033203;16739,0
2016-12-16;28,50640106201172;71,20194244384766;22,049999237060547;6,898284435272217;7,635525226593018;15,879034996032715;35,73794174194336;2,3121793270111084;;310,6986389160156;45,88216018676758;21,75031280517578;5,045871257781982;0,4460805058479309;21,700000762939453;19,602087020874023;8,147542953491211;46,82955551147461;;16,577232360839844;23,935916900634766;60,165924072265625;16564,0
2016-12-19;27,42388153076172;69,51834106445312;21,549999237060547;6,579551696777344;7,350154399871826;15,043299674987793;34,916378021240234;2,273621082305908;;296,23583984375;44,62455749511719;21,429868698120117;5,045871257781982;0,4260845482349396;20,5;18,760662078857422;8,00409984588623;45,07181167602539;;15,804198265075684;23,203187942504883;58,94221878051758;15996,0
2016-12-20;27,099130630493164;69,2728271484375;21,100000381469727;6,8148064613342285;7,211328506469727;15,171875953674316;33,68403625488281;2,2350635528564453;;292,7447814941406;44,62455749511719;21,429868698120117;5,045871257781982;0,43069911003112793;21,5;18,480188369750977;8,00409984588623;44,07487869262695;;15,775568008422852;23,545127868652344;58,46633529663086;16064,0
2016-12-21;28,795074462890625;72,53478240966797;21,649999618530273;7,057650089263916;7,473556995391846;15,557597160339355;34,42344665527344;2,2808101177215576;;310,1998596191406;46,24727249145508;21,550033569335938;5,045871257781982;0,45223361253738403;22,0;19,321609497070312;8,00409984588623;44,73075485229492;;16,033245086669922;23,935916900634766;61,11771011352539;16587,0
2016-12-22;28,398151397705078;70,14969635009766;21,350000381469727;6,921050071716309;7,3655805587768555;15,332592010498047;32,246307373046875;2,326557159423828;;304,1155090332031;45,84158706665039;22,030702590942383;5,045871257781982;0,45530974864959717;21,5;19,88256072998047;8,061476707458496;46,016273498535156;;16,17639923095703;23,349733352661133;59,350120544433594;16379,0
2016-12-23;28,57856559753418;68,18549346923828;20,950000762939453;6,943816661834717;7,373294353485107;15,30045223236084;34,50559616088867;2,333091974258423;;304,1155090332031;45,314205169677734;22,311094284057617;5,045871257781982;0,44454288482666016;20,799999237060547;19,820234298706055;8,348362922668457;45,1242790222168;;16,004613876342773;23,447429656982422;59,82600784301758;16355,0
2016-12-26;28,61465835571289;68,7467041015625;20,299999237060547;6,860340118408203;7,273029327392578;15,204015731811523;32,451698303222656;2,3004162311553955;;288,755126953125;44,13774871826172;22,551429748535156;5,045871257781982;0,44146594405174255;19,950000762939453;19,321609497070312;8,204919815063477;51,71175003051758;;16,033245086669922;22,763545989990234;59,82600784301758;16113,0
2016-12-27;28,86724090576172;69,44819641113281;20,600000381469727;6,875518321990967;7,276505470275879;15,42902660369873;32,0409049987793;2,3291711807250977;;284,2667541503906;45,92272186279297;22,751708984375;5,045871257781982;0,44454288482666016;20,700000762939453;20,879802703857422;8,491805076599121;52,88428497314453;;16,319551467895508;23,9261474609375;60,50585174560547;16387,0
2016-12-28;29,841520309448242;71,51762390136719;20,75;6,799629211425781;7,338301658630371;15,268302917480469;32,451698303222656;2,3657686710357666;;275,19012451171875;46,24727249145508;23,392601013183594;5,045871257781982;0,44761908054351807;20,25;21,503084182739258;8,491805076599121;55,920841217041016;;16,83490562438965;24,639341354370117;60,84577178955078;16508,0
2016-12-29;30,81578826904297;72,04373931884766;22,0;7,095594882965088;7,70907735824585;15,750462532043457;33,68403625488281;2,3788392543792725;;281,2743225097656;47,6265754699707;23,713048934936523;5,045871257781982;0,4568482041358948;20,700000762939453;21,62773895263672;8,635247230529785;58,927337646484375;;16,892166137695312;25,303686141967773;63,22520446777344;16918,0
2016-12-30;30,81578826904297;72,04373931884766;22,0;7,095594882965088;7,70907735824585;15,750462532043457;33,68403625488281;2,3788392543792725;;281,2743225097656;47,6265754699707;23,713048934936523;5,045871257781982;0,4568482041358948;20,700000762939453;21,62773895263672;8,635247230529785;58,927337646484375;;16,892166137695312;25,303686141967773;63,22520446777344;
2017-01-02;32,186981201171875;76,81391143798828;23,200000762939453;7,3991498947143555;7,956264972686768;16,425485610961914;33,60187911987305;2,444192409515381;;296,6346740722656;47,8699836730957;25,515562057495117;5,045871257781982;0,4706920087337494;21,75;22,687313079833984;9,295084953308105;58,927337646484375;;16,806276321411133;26,671451568603516;65,91058349609375;17505,0
2017-01-03;32,36738967895508;79,09378051757812;23,149999618530273;7,368793487548828;7,917642116546631;16,971927642822266;35,121768951416016;2,4834039211273193;;318,92730712890625;47,707706451416016;25,155057907104492;5,045871257781982;0,4645397365093231;22,549999237060547;23,061277389526367;9,5532808303833;59,528648376464844;;17,23573875427246;26,866846084594727;66,55643463134766;17911,0
2017-01-04;32,51172637939453;79,61990356445312;23,350000381469727;7,323261260986328;7,763150215148926;17,1647891998291;36,39519119262695;2,522615671157837;;328,1534729003906;47,46430206298828;24,714445114135742;5,045871257781982;0,4614627957344055;24,700000762939453;23,871538162231445;9,782788276672363;58,32604217529297;;17,350261688232422;26,671451568603516;66,28448486328125;18143,0
2017-01-05;32,836483001708984;80,14602661132812;23,0;7,40673828125;7,7245283126831055;17,100502014160156;36,14872360229492;2,522615671157837;;347,1045227050781;46,97748947143555;24,834609985351562;5,045871257781982;0,4630012810230255;24,700000762939453;24,120847702026367;10,069673538208008;58,025386810302734;;17,350261688232422;26,378360748291016;66,62444305419922;18223,0
2017-01-06;33,73859405517578;79,76020050048828;23,5;7,4219160079956055;7,763150215148926;17,293363571166992;36,35411071777344;2,5487563610076904;;367,7513732910156;47,8699836730957;23,993438720703125;5,045871257781982;0,473768949508667;24,799999237060547;23,871538162231445;10,012297630310059;58,32604217529297;;17,464784622192383;26,75449562072754;67,13430786132812;18284,0
2017-01-09;34,1355094909668;80,67214965820312;23,700000762939453;7,626815319061279;7,840394496917725;17,61479949951172;35,73794174194336;2,5193474292755127;;385,0068054199219;48,35679626464844;24,674386978149414;5,045871257781982;0,4722304046154022;24,5;24,307830810546875;9,868855476379395;58,32604217529297;;17,751094818115234;28,38115882873535;65,94457244873047;18510,0
2017-01-10;35,21804428100586;82,63634490966797;24,850000381469727;7,588870525360107;7,801774501800537;17,486228942871094;36,14872360229492;2,550063371658325;;378,972412109375;49,533260345458984;25,35533905029297;5,045871257781982;0,47684505581855774;25,0;23,684555053710938;9,725412368774414;57,12343978881836;;18,266448974609375;31,741960525512695;66,96434020996094;18783,0
2017-01-11;34,82111358642578;81,8997573852539;25,299999237060547;7,224606513977051;7,492791175842285;17,100502014160156;35,73794174194336;2,522615671157837;;342,1174621582031;50,62858963012695;24,674386978149414;5,045871257781982;0,4614627957344055;24,75;22,562654495239258;9,352460861206055;55,62019729614258;;17,951507568359375;31,65403175354004;65,06077575683594;18468,0
2017-01-12;35,470619201660156;81,02289581298828;25,100000381469727;7,368793487548828;7,631834983825684;16,907638549804688;36,80598068237305;2,522615671157837;;348,351318359375;49,89836883544922;24,59427833557129;5,045871257781982;0,45377203822135925;24,299999237060547;22,50032615661621;9,180330276489258;55,65026092529297;;17,77972412109375;32,04481887817383;64,04100799560547;18591,0
2017-01-13;35,79538345336914;80,67214965820312;26,0;7,497804641723633;7,701354503631592;17,100502014160156;37,381065368652344;2,587968111038208;;357,02899169921875;49,81723403930664;25,23516845703125;5,045871257781982;0,45530974864959717;24,850000381469727;23,528736114501953;9,954920768737793;57,845001220703125;;17,751094818115234;32,53330993652344;65,12877655029297;18885,0
2017-01-16;36,120140075683594;81,86470031738281;26,350000381469727;7,5812811851501465;7,763150215148926;17,100502014160156;37,70969772338867;2,587968111038208;;355,9816589355469;52,73811721801758;25,07494354248047;5,045871257781982;0,45530974864959717;24,700000762939453;23,62222671508789;10,155740737915039;64,94033813476562;;18,266448974609375;32,69451141357422;65,12877655029297;18998,0
2017-01-17;36,15621566772461;81,37362670898438;26,700000762939453;7,566104412078857;7,678181171417236;16,650487899780273;37,70969772338867;2,5618271827697754;;348,55096435546875;50,50688552856445;25,155057907104492;5,045871257781982;0,45992517471313477;24,25;22,90545654296875;10,155740737915039;62,53514099121094;;17,80835723876953;32,72870635986328;64,72088623046875;18876,0
2017-01-18;36,51707077026367;81,54902648925781;27,350000381469727;7,566104412078857;7,647282123565674;16,811206817626953;37,668617248535156;2,5487563610076904;;334,1380310058594;51,11540603637695;25,755897521972656;5,623411178588867;0,4568482041358948;24,649999618530273;22,71847152709961;10,098362922668457;61,2122802734375;;17,922876358032227;32,337913513183594;64,58490753173828;18870,0
2017-01-19;36,300567626953125;80,67214965820312;27,0;7,573693752288818;7,5854878425598145;16,457622528076172;37,70969772338867;2,522615671157837;;316,18426513671875;51,11540603637695;25,475505828857422;5,623411178588867;0,4506951868534088;24,649999618530273;22,50032615661621;9,725412368774414;62,475013732910156;;18,066030502319336;31,849424362182617;63,089237213134766;18634,0
2017-01-20;37,238746643066406;83,26769256591797;27,700000762939453;8,120091438293457;7,7245283126831055;16,71477508544922;36,97028732299805;2,5356857776641846;;322,0691833496094;51,11540603637695;25,515562057495117;5,623411178588867;0,45223361253738403;24,700000762939453;23,528736114501953;9,897542953491211;64,03837585449219;;18,237815856933594;32,87525177001953;64,58490753173828;19040,0
2017-01-23;38,104759216308594;86,49459075927734;28,799999237060547;8,613369941711426;8,265244483947754;16,971927642822266;36,14872360229492;2,5611729621887207;;337,1302795410156;51,11540603637695;25,475505828857422;5,623411178588867;0,4660774767398834;25,100000381469727;24,18317222595215;10,040987014770508;63,13643264770508;;18,610017776489258;33,80337905883789;66,55643463134766;19471,0
2017-01-24;38,06867980957031;87,05577850341797;28,549999237060547;8,309814453125;7,994888782501221;16,971927642822266;36,14872360229492;2,5618271827697754;;335,3349609375;50,14177703857422;25,395395278930664;5,623411178588867;0,4614627957344055;24,600000381469727;23,996192932128906;10,098362922668457;61,03187942504883;;18,896324157714844;34,926902770996094;66,52245330810547;19367,0
2017-01-25;37,383079528808594;87,37145233154297;28,399999618530273;8,309814453125;8,265244483947754;17,261220932006836;36,55950927734375;2,57293701171875;;333,5396728515625;50,70972442626953;25,555618286132812;5,623411178588867;0,4583866596221924;24,600000381469727;24,120847702026367;10,040987014770508;61,2122802734375;;19,927032470703125;35,1271858215332;69,7516860961914;19407,0
2017-01-26;36,300567626953125;85,93339538574219;28,850000381469727;8,006258010864258;7,994888782501221;17,421939849853516;36,97028732299805;2,5356857776641846;;331,2455139160156;49,492698669433594;25,555618286132812;5,623411178588867;0,45377203822135925;24,299999237060547;24,120847702026367;9,954920768737793;61,633182525634766;;18,953584671020508;34,26255798339844;66,7603759765625;19180,0
2017-01-27;35,79538345336914;85,54754638671875;28,850000381469727;8,158037185668945;8,187999725341797;17,71123504638672;37,05244827270508;2,5356857776641846;;325,659912109375;49,492698669433594;25,475505828857422;5,623411178588867;0,4614627957344055;24,399999618530273;23,871538162231445;10,098362922668457;61,933837890625;;19,182632446289062;34,096473693847656;67,9161376953125;19216,0
2017-01-30;35,50672149658203;83,47814178466797;28,899999618530273;7,892426013946533;7,956264972686768;16,939781188964844;37,05244827270508;2,5487563610076904;;316,08453369140625;49,00587844848633;24,99483299255371;5,319442272186279;0,4491574466228485;24,799999237060547;23,310588836669922;9,926231384277344;60,25019454956055;;19,154003143310547;32,660316467285156;65,94457244873047;18778,0
2017-01-31;35,68712615966797;84,10950469970703;29,5;7,930370807647705;7,917642116546631;17,64694595336914;38,0383186340332;2,601039171218872;;316,18426513671875;50,14177703857422;25,9561767578125;5,319442272186279;0,4506951868534088;26,75;23,40407943725586;10,672133445739746;60,43058776855469;;19,755247116088867;33,55913162231445;66,21651458740234;19063,0
2017-02-01;35,90364074707031;84,03933715820312;30,25;8,082146644592285;7,879019737243652;17,904096603393555;38,366943359375;2,7186734676361084;;309,1026916503906;53,06265640258789;27,197908401489258;5,319442272186279;0,4506951868534088;27,149999618530273;23,248260498046875;10,557379722595215;60,12994384765625;;19,41167640686035;33,31489181518555;67,30426788330078;19201,0
2017-02-02;36,08406448364258;83,82887268066406;30,950000762939453;8,006258010864258;7,994888782501221;18,321964263916016;36,64166259765625;2,8101677894592285;;307,20751953125;54,68536376953125;26,797344207763672;5,319442272186279;0,45223361253738403;27,700000762939453;23,435243606567383;10,385249137878418;59,94954299926758;;19,898405075073242;34,19416809082031;68,29002380371094;19375,0
2017-02-03;36,480987548828125;84,24978637695312;29,450000762939453;7,892426013946533;7,917642116546631;17,8719539642334;36,888126373291016;22,585905075073242;;300,72418212890625;56,024105072021484;27,237958908081055;5,471426963806152;0,4568482041358948;26,700000762939453;23,372915267944336;10,069673538208008;60,43058776855469;;19,98429298400879;33,60798645019531;67,9500961303711;19201,0
2017-02-06;36,80574035644531;85,93339538574219;29,950000762939453;7,930370807647705;7,917642116546631;18,096960067749023;36,39519119262695;23,004161834716797;;291,74749755859375;55,98353958129883;28,039077758789062;5,471426963806152;0,46761584281921387;26,299999237060547;23,840375900268555;9,897542953491211;60,039737701416016;;20,499650955200195;33,75941467285156;68,0180892944336;19249,0
2017-02-07;37,3109245300293;87,6871337890625;30,100000381469727;7,930370807647705;7,840394496917725;18,096960067749023;36,97028732299805;22,669557571411133;;305,1129455566406;55,57786178588867;28,359525680541992;5,471426963806152;0,4645397365093231;26,350000381469727;23,497573852539062;9,811478614807129;59,58877182006836;;19,669357299804688;32,72870635986328;68,62995910644531;19194,0
2017-02-08;38,5738525390625;87,33637237548828;28,850000381469727;7,702704429626465;7,956264972686768;17,9683837890625;37,75076675415039;22,20947265625;;344,1123962402344;56,794891357421875;27,958967208862305;5,471426963806152;0,4630012810230255;24,899999618530273;23,435243606567383;9,754100799560547;59,19792175292969;;20,041553497314453;32,37698745727539;69,00386810302734;19148,0
2017-02-09;39,62029266357422;90,1423568725586;28,700000762939453;7,778594017028809;8,110755920410156;18,321964263916016;37,586456298828125;22,00034523010254;;339,07525634765625;59,026123046875;27,237958908081055;5,471426963806152;0,4630012810230255;25,399999618530273;23,653390884399414;9,868855476379395;61,48286437988281;;20,585540771484375;32,67985534667969;69,88768005371094;19302,0
2017-02-10;39,6563835144043;91,89611053466797;29,149999618530273;7,740649223327637;8,07213020324707;19,093414306640625;37,381065368652344;22,50225257873535;;328,60235595703125;58,295894622802734;28,19930076599121;5,471426963806152;0,4660774767398834;25,350000381469727;22,93661880493164;10,327872276306152;60,701168060302734;;20,614171981811523;33,217193603515625;69,27580261230469;19503,0
2017-02-13;38,86252975463867;89,58116149902344;28,799999237060547;8,04420280456543;8,07213020324707;19,67200469970703;38,94203186035156;22,460426330566406;;326,9565734863281;57,60625076293945;28,639909744262695;5,471426963806152;0,4660774767398834;25,5;23,248260498046875;10,643444061279297;60,12994384765625;;20,728696823120117;32,631011962890625;66,96434020996094;19508,0
2017-02-14;38,60993957519531;91,89611053466797;29,200000762939453;8,006258010864258;7,994888782501221;19,35056495666504;38,61341857910156;22,125822067260742;;328,9015808105469;57,11943435668945;28,039077758789062;5,471426963806152;0,46761584281921387;25,799999237060547;23,372915267944336;10,614755630493164;60,12994384765625;;20,213340759277344;32,74824523925781;67,81412506103516;19606,0
2017-02-15;39,259456634521484;94,3513412475586;29,299999237060547;8,195981979370117;8,110755920410156;19,28628158569336;39,02419662475586;21,874868392944336;;332,04339599609375;59,188392639160156;27,79874038696289;5,471426963806152;0,4660774767398834;25,850000381469727;23,435243606567383;10,528691291809082;60,12994384765625;;20,556909561157227;32,435611724853516;66,69239807128906;19657,0
2017-02-16;38,32126235961914;90,0020523071289;29,0;8,158037185668945;8,110755920410156;19,125560760498047;39,02419662475586;21,749387741088867;;325,51025390625;58,661006927490234;27,558406829833984;5,3954339027404785;0,4660774767398834;26,0;23,684555053710938;10,786886215209961;60,009681701660156;;20,27060317993164;32,67985534667969;66,08055114746094;19563,0
2017-02-17;39,1151237487793;88,38861083984375;29,399999618530273;8,158037185668945;8,187999725341797;19,093414306640625;40,256534576416016;21,749387741088867;;328,6521301269531;59,47237014770508;27,9990234375;5,3954339027404785;0,4614627957344055;27,0;23,21709442138672;11,446724891662598;59,829288482666016;;20,213340759277344;32,484458923339844;66,62444305419922;19681,0
2017-02-20;39,259456634521484;89,86177062988281;30,5;8,499536514282227;8,265244483947754;19,54343032836914;40,256534576416016;22,33494758605957;;326,15869140625;60,040313720703125;29,761474609375;5,3954339027404785;0,45992517471313477;27,950000762939453;23,372915267944336;11,991805076599121;60,12994384765625;;20,785959243774414;32,621238708496094;66,28448486328125;20038,0
2017-02-21;39,1151237487793;90,63341522216797;30,450000762939453;8,4236478805542;8,07213020324707;19,479143142700195;40,256534576416016;22,33494758605957;;318,6778869628906;58,49873733520508;29,441028594970703;5,3954339027404785;0,4630012810230255;27,100000381469727;23,528736114501953;12,192625999450684;60,009681701660156;;21,18678855895996;34,19416809082031;65,4347152709961;20073,0
2017-02-22;39,079044342041016;91,01923370361328;29,950000762939453;8,385703086853027;8,0335111618042;19,35056495666504;39,51713562011719;22,83686065673828;;311,19720458984375;58,9044189453125;29,88164710998535;5,3954339027404785;0,4660774767398834;27,200000762939453;23,559898376464844;12,680331230163574;59,258056640625;;21,18678855895996;33,41259002685547;64,78883361816406;19915,0
2017-02-23;37,59959030151367;89,09011840820312;28,899999618530273;8,271869659423828;7,956264972686768;18,80412483215332;39,434974670410156;22,962339401245117;;309,2022705078125;58,377037048339844;29,240753173828125;5,3954339027404785;0,4845357835292816;26,399999618530273;23,310588836669922;12,278690338134766;58,77701187133789;;21,04363441467285;32,337913513183594;64,10901641845703;19538,0
2017-02-24;36,589229583740234;87,1609878540039;28,5;8,04420280456543;7,801774501800537;18,45054054260254;39,434974670410156;22,00034523010254;;300,72418212890625;56,63262176513672;29,48108673095703;5,3954339027404785;0,47684505581855774;26,200000762939453;22,843128204345703;11,991805076599121;57,18357467651367;;20,327863693237305;31,751728057861328;62,885284423828125;19118,0
2017-03-01;36,95006561279297;89,0550308227539;29,100000381469727;8,195981979370117;7,956264972686768;19,061275482177734;38,81880187988281;21,623912811279297;;291,24871826171875;55,57786178588867;30,121980667114258;5,3954339027404785;0,47530660033226013;26,649999618530273;22,843128204345703;12,393445014953613;56,76266098022461;;20,499650955200195;32,19136428833008;60,743797302246094;19359,0
2017-03-02;36,08406448364258;86,28411865234375;28,5;8,006258010864258;7,801774501800537;18,80412483215332;38,61341857910156;20,829221725463867;;287,2090759277344;54,19855499267578;29,721424102783203;5,3954339027404785;0,4706920087337494;26,049999237060547;24,027353286743164;12,106560707092285;56,52214050292969;;21,129528045654297;31,55144691467285;59,14617156982422;18967,0
2017-03-03;37,74393081665039;90,0020523071289;29,100000381469727;8,158037185668945;7,879019737243652;18,932701110839844;39,02419662475586;21,874868392944336;;290,9494323730469;54,888206481933594;29,561201095581055;5,3954339027404785;0,4706920087337494;26,149999618530273;23,372915267944336;12,049181938171387;57,60448455810547;;20,785959243774414;32,24021530151367;61,865535736083984;19266,0
2017-03-06;36,84182357788086;87,86249542236328;29,200000762939453;8,04420280456543;7,917642116546631;18,932701110839844;39,02419662475586;22,293127059936523;;289,0543518066406;56,38921356201172;29,88164710998535;5,3954339027404785;0,473768949508667;25,799999237060547;23,591064453125;11,848362922668457;56,221492767333984;;20,4423885345459;32,621238708496094;61,695587158203125;19197,0
2017-03-07;36,95006561279297;87,89757537841797;29,200000762939453;7,9683146476745605;7,763150215148926;18,900554656982422;38,85988235473633;22,62772560119629;;289,0045166015625;55,21274948120117;30,76287078857422;5,3954339027404785;0,4814596176147461;25,399999618530273;23,310588836669922;11,848362922668457;55,920841217041016;;20,012922286987305;32,8264045715332;61,7635612487793;19248,0
2017-03-08;37,20266342163086;89,26548767089844;29,450000762939453;8,04420280456543;7,840394496917725;19,44700050354004;39,02419662475586;22,711380004882812;;292,24609375;55,25331497192383;32,04466247558594;5,3954339027404785;0,4829981327056885;24,799999237060547;23,061277389526367;12,049181938171387;57,72474670410156;;20,327863693237305;32,71894073486328;62,47739791870117;19233,0
2017-03-09;36,84182357788086;88,3184814453125;28,75;7,930370807647705;7,639560222625732;18,964839935302734;37,791847229003906;21,91669273376465;;286,1618347167969;55,172183990478516;31,40376853942871;5,3954339027404785;0,4722304046154022;24,399999618530273;22,998950958251953;11,762297630310059;58,32604217529297;;19,526203155517578;31,409786224365234;61,42363739013672;18786,0
2017-03-10;37,59959030151367;88,94982147216797;28,75;7,892426013946533;7,570037841796875;18,964839935302734;38,20262908935547;21,749387741088867;;274,7413330078125;56,794891357421875;32,16482925415039;5,3954339027404785;0,47684505581855774;24,5;23,372915267944336;11,561477661132812;56,582271575927734;;21,072261810302734;31,649145126342773;60,84577178955078;18896,0
2017-03-13;38,97078323364258;90,3528060913086;29,100000381469727;7,854482650756836;7,6704559326171875;19,029129028320312;38,61341857910156;21,665735244750977;;281,7232971191406;58,295894622802734;33,48666763305664;5,3954339027404785;0,47684505581855774;25,450000762939453;23,248260498046875;11,934428215026855;56,191429138183594;;20,27060317993164;32,72870635986328;61,49162292480469;19188,0
2017-03-14;38,71818923950195;89,79161071777344;29,399999618530273;7,930370807647705;7,7245283126831055;18,7719783782959;38,94203186035156;21,58208656311035;;279,2795715332031;56,794891357421875;33,60683822631836;5,3954339027404785;0,47838348150253296;24,899999618530273;22,93661880493164;12,020496368408203;55,920841217041016;;20,012922286987305;32,94852066040039;61,49162292480469;19062,0
2017-03-15;39,33163070678711;91,0542984008789;29,799999237060547;7,9683146476745605;7,840394496917725;19,061275482177734;39,434974670410156;21,749387741088867;;298,1309509277344;58,1741943359375;34,287784576416016;5,3954339027404785;0,47684505581855774;25,200000762939453;22,874292373657227;11,934428215026855;57,12343978881836;;19,86977195739746;33,90107727050781;62,069496154785156;19368,0
2017-03-16;39,76463317871094;92,59760284423828;30,549999237060547;8,120091438293457;7,956264972686768;19,639860153198242;40,174381256103516;21,540260314941406;;310,3992004394531;58,74214172363281;35,04884719848633;5,3954339027404785;0,4722304046154022;25,5;22,7496395111084;11,877052307128906;57,72474670410156;;20,728696823120117;35,58635711669922;63,871070861816406;19601,0
2017-03-17;39,259456634521484;90,49310302734375;30,399999618530273;8,082146644592285;8,265244483947754;19,382709503173828;40,092220306396484;21,289308547973633;;300,22552490234375;58,4176025390625;35,24912643432617;5,3954339027404785;0,473768949508667;25,299999237060547;22,59381866455078;11,877052307128906;57,06331253051758;;20,81458854675293;35,366539001464844;63,871070861816406;19434,0
2017-03-20;40,59456253051758;92,87818908691406;31,5;8,120091438293457;8,07213020324707;19,607717514038086;39,84575653076172;20,91287612915039;;303,1679992675781;57,76851272583008;34,848567962646484;5,3954339027404785;0,49068883061408997;25,600000381469727;22,874292373657227;12,307380676269531;56,52214050292969;;21,87392807006836;36,19696807861328;64,78883361816406;19794,0
2017-03-21;40,48631286621094;92,2468490600586;30,899999618530273;8,120091438293457;8,265244483947754;19,41485595703125;40,256534576416016;20,745573043823242;;292,8446350097656;57,038307189941406;33,96733856201172;5,3954339027404785;0,49068883061408997;25,399999618530273;22,71847152709961;12,163936614990234;56,52214050292969;;21,759403228759766;35,464237213134766;63,837074279785156;19535,0
2017-03-22;41,38841247558594;92,2117919921875;31,049999237060547;8,120091438293457;8,265244483947754;19,221994400024414;39,59928894042969;20,661922454833984;;290,2513122558594;56,5920524597168;34,127567291259766;5,520392417907715;0,4845357835292816;25,700000762939453;22,562654495239258;12,422133445739746;56,70253372192383;;21,759403228759766;35,65963363647461;64,04100799560547;19667,0
2017-03-23;42,18225860595703;93,1938705444336;31,299999237060547;8,082146644592285;8,265244483947754;19,511287689208984;39,92790985107422;20,871049880981445;;292,0965881347656;55,57786178588867;34,6883430480957;5,520392417907715;0,49222734570503235;25,549999237060547;22,59381866455078;12,278690338134766;57,12343978881836;;21,129528045654297;35,757328033447266;64,7548599243164;19705,0
2017-03-27;43,04827880859375;92,2468490600586;32,20000076293945;8,006258010864258;8,187999725341797;19,67200469970703;40,954864501953125;20,62009620666504;;284,2667541503906;55,98353958129883;34,4480094909668;5,520392417907715;0,49222734570503235;25,700000762939453;22,7496395111084;12,250003814697266;56,31169509887695;;21,530353546142578;35,89899444580078;63,90506362915039;19802,0
2017-03-28;42,940025329589844;91,93119049072266;33,04999923706055;7,930370807647705;8,187999725341797;19,800579071044922;41,119171142578125;20,410964965820312;;276,5366516113281;56,55147933959961;34,4480094909668;5,520392417907715;0,49068883061408997;26,149999618530273;22,96778106689453;12,73770809173584;55,379676818847656;;21,530353546142578;36,44121551513672;64,24496459960938;20022,0
2017-03-29;42,72352600097656;90,49310302734375;33,70000076293945;8,04420280456543;8,149375915527344;19,800579071044922;41,52995300292969;20,16001319885254;;267,3104248046875;56,794891357421875;35,08890151977539;5,520392417907715;0,4845357835292816;26,899999618530273;23,061277389526367;13,368855476379395;56,40188217163086;;21,530353546142578;36,05042266845703;64,78883361816406;20203,0
2017-03-30;42,86787033081055;91,40505981445312;34,0;7,892426013946533;7,956264972686768;19,768436431884766;43,049842834472656;20,578269958496094;;287,1592712402344;57,60625076293945;34,6883430480957;0,6990783214569092;0,47992122173309326;26,399999618530273;23,684555053710938;13,942625999450684;55,920841217041016;;21,87392807006836;36,63661193847656;64,9928207397461;20248,0
2017-03-31;42,507015228271484;93,64984893798828;33,70000076293945;8,120091438293457;8,226621627807617;19,73629379272461;43,62493896484375;21,414785385131836;;289,25384521484375;55,98353958129883;35,16901397705078;0,6990783214569092;0,47838348150253296;26,649999618530273;23,030113220214844;13,56967544555664;57,42409133911133;;22,274755477905273;36,63661193847656;64,65287017822266;20265,0
2017-04-03;43,73387145996094;94,70210266113281;33,0;8,158037185668945;8,187999725341797;20,572031021118164;43,33739471435547;21,95851707458496;;289,75250244140625;57,525115966796875;36,53091049194336;0,6990783214569092;0,47992122173309326;26,850000381469727;24,588306427001953;13,42623233795166;57,12343978881836;;22,332021713256836;37,515892028808594;66,62444305419922;20562,0
2017-04-04;44,239044189453125;93,64984893798828;33,70000076293945;8,271869659423828;8,381112098693848;21,11847496032715;43,37847137451172;22,167648315429688;;285,76287841796875;56,95716094970703;36,29057693481445;0,6990783214569092;0,48607417941093445;26,899999618530273;26,426977157592773;13,28278923034668;58,32604217529297;;22,961894989013672;38,78596115112305;66,42048645019531;20835,0
2017-04-05;44,383384704589844;94,00060272216797;33,70000076293945;8,347758293151855;8,458358764648438;20,60417366027832;42,721221923828125;21,707565307617188;;287,50830078125;57,60625076293945;36,250526428222656;0,6990783214569092;0,48607417941093445;26,5;26,426977157592773;13,62705135345459;58,86720657348633;;22,61832618713379;37,71128463745117;66,82837677001953;20683,0
2017-04-06;44,09470748901367;93,64984893798828;34,849998474121094;8,461590766906738;8,651471138000488;20,572031021118164;43,37847137451172;21,498435974121094;;289,65277099609375;57,525115966796875;36,89141845703125;0,6990783214569092;0,4845357835292816;26,700000762939453;26,426977157592773;13,79918384552002;58,927337646484375;;23,019161224365234;38,199771881103516;66,7603759765625;20813,0
2017-04-07;43,84212875366211;94,56179809570312;34,54999923706055;8,4236478805542;8,612848281860352;20,443456649780273;43,13200378417969;21,498435974121094;;286,7602844238281;57,443973541259766;36,61103057861328;0,6990783214569092;0,49222734570503235;26,200000762939453;25,554386138916016;13,56967544555664;58,566566467285156;;22,961894989013672;38,00437927246094;67,23626708984375;20728,0
2017-04-10;42,940025329589844;93,05357360839844;36,0;8,537481307983398;8,767341613769531;20,764892578125;44,364341735839844;21,414785385131836;;278,2322692871094;56,55147933959961;37,77264404296875;0,6990783214569092;0,4953034520149231;26,049999237060547;27,33072280883789;13,827872276306152;57,93518829345703;;22,3892822265625;38,27792739868164;65,26473999023438;20926,0
2017-04-11;43,04827880859375;91,54535675048828;36,0;8,727202415466309;8,999075889587402;20,732749938964844;43,21415710449219;21,080177307128906;;282,92010498046875;55,98353958129883;39,25470733642578;0,6990783214569092;0,4953034520149231;26,850000381469727;27,86051368713379;13,942625999450684;57,484222412109375;;22,3892822265625;38,47332763671875;65,80860900878906;20995,0
2017-04-12;42,72352600097656;89,79161071777344;35,75;8,689258575439453;8,999075889587402;20,186309814453125;43,542781829833984;20,494617462158203;;278,2821044921875;55,172183990478516;41,257503509521484;0,6990783214569092;0,49068883061408997;27,200000762939453;27,3930606842041;14,172134399414062;57,3038330078125;;22,045713424682617;38,619873046875;64,31295776367188;20812,0
2017-04-17;42,97610855102539;90,49310302734375;35,70000076293945;8,623995780944824;8,96045207977295;20,443456649780273;42,59798812866211;20,16001319885254;;284,2667541503906;54,84764099121094;40,896995544433594;0,6990783214569092;0,49068883061408997;27,399999618530273;26,832103729248047;13,913938522338867;56,52214050292969;;22,332021713256836;38,60033416748047;63,39519500732422;20748,0
2017-04-18;42,86787033081055;90,91400909423828;35,650001525878906;8,507453918457031;8,844585418701172;20,282737731933594;43,542781829833984;20,871049880981445;;283,0697937011719;55,780696868896484;40,41632843017578;0,6990783214569092;0,4891503155231476;27,5;26,115333557128906;13,856559753417969;55,920841217041016;;22,303390502929688;38,29747009277344;63,565128326416016;20670,0
2017-04-19;43,373046875;91,26476287841797;35,150001525878906;8,31321907043457;8,574226379394531;20,957759857177734;43,049842834472656;20,578269958496094;;279,2795715332031;56,5920524597168;39,25470733642578;0,6990783214569092;0,49376580119132996;27,799999237060547;26,45813751220703;13,79918384552002;56,46200942993164;;22,045713424682617;37,574501037597656;63,90506362915039;20513,0
2017-04-20;43,44520568847656;92,45731353759766;35,75;8,352066040039062;8,728716850280762;21,022045135498047;41,283485412597656;20,62009620666504;;285,26409912109375;56,794891357421875;40,05583190917969;0,6990783214569092;0,49376580119132996;27,899999618530273;26,5516300201416;13,827872276306152;56,221492767333984;;22,332021713256836;38,49287033081055;64,44892120361328;20669,0
2017-04-21;43,769954681396484;92,2468490600586;36,099998474121094;8,31321907043457;8,767341613769531;20,764892578125;43,7481689453125;20,285486221313477;;295,138671875;58,01192855834961;40,45638656616211;0,6990783214569092;0,4983803629875183;28,350000381469727;26,70745277404785;13,770495414733887;56,46200942993164;;22,160234451293945;38,688262939453125;65,26473999023438;20769,0
2017-04-24;44,59989929199219;93,08863067626953;36,45000076293945;8,42975902557373;8,844585418701172;21,086332321166992;43,13200378417969;20,494617462158203;;310,1998596191406;57,9307861328125;40,05583190917969;0,6990783214569092;0,5383732318878174;28,399999618530273;26,800947189331055;14,63115119934082;56,70253372192383;;22,446544647216797;39,07904815673828;65,26473999023438;21170,0
2017-04-25;43,98646926879883;93,08863067626953;36,0;8,546299934387207;8,844585418701172;21,11847496032715;44,364341735839844;20,369140625;;311,19720458984375;57,687381744384766;37,93286895751953;0,6990783214569092;0,5660616755485535;27,649999618530273;27,299560546875;15,032792091369629;56,2816162109375;;22,561065673828125;38,73711013793945;65,06077575683594;21199,0
2017-04-26;43,589534759521484;92,7729721069336;35,04999923706055;8,701687812805176;8,921830177307129;20,79703712463379;43,13200378417969;20,410964965820312;;311,6959533691406;57,84965896606445;37,49224853515625;0,6990783214569092;0,5476024746894836;27,100000381469727;27,36189079284668;14,688528060913086;56,34174728393555;;22,675586700439453;38,29747009277344;64,58490753173828;21028,0
2017-04-27;44,31122589111328;92,59760284423828;34,150001525878906;8,89592170715332;8,883206367492676;20,50774383544922;42,31044006347656;20,20183753967285;;316,68310546875;58,377037048339844;36,93146896362305;0,8001564741134644;0,5460647940635681;26,25;27,299560546875;14,63115119934082;56,161354064941406;;22,332021713256836;38,51729202270508;65,12877655029297;20890,0
2017-04-28;43,80604934692383;94,17595672607422;34,0;9,051309585571289;8,883206367492676;20,893468856811523;43,5838508605957;20,16001319885254;;315,1868896484375;56,5920524597168;37,09169006347656;0,8001564741134644;0,5737523436546326;26,799999237060547;27,486547470092773;14,63115119934082;55,499935150146484;;22,675586700439453;39,274444580078125;64,58490753173828;21020,0
2017-05-02;44,45555114746094;96,14015197753906;35,20000076293945;9,16784954071045;8,96045207977295;20,861324310302734;43,29631423950195;19,658100128173828;;327,106201171875;59,1478271484375;37,412139892578125;0,8001564741134644;0,5875961780548096;27,0;28,099634170532227;14,573773384094238;55,920841217041016;;22,36064910888672;38,50752258300781;63,90506362915039;21158,0
2017-05-03;45,89891815185547;94,70210266113281;35,599998474121094;9,245543479919434;8,844585418701172;20,861324310302734;43,13200378417969;19,74175453186035;;337,1302795410156;60,44599533081055;36,691139221191406;0,8001564741134644;0,5814430713653564;26,700000762939453;28,099634170532227;14,229512214660645;56,40188217163086;;22,53243637084961;38,29747009277344;64,3469467163086;21212,0
2017-05-04;45,59778594970703;94,14087677001953;35,54999923706055;9,16784954071045;8,844585418701172;20,829181671142578;43,29631423950195;19,658100128173828;;333,63934326171875;59,878047943115234;36,170413970947266;0,8001564741134644;0,582981526851654;26,299999237060547;27,492931365966797;14,00000286102295;57,72474670410156;;21,931188583374023;37,11532974243164;63,565128326416016;20986,0
2017-05-05;46,10441589355469;95,75432586669922;35,599998474121094;9,129002571105957;8,728716850280762;20,893468856811523;43,17308044433594;19,867231369018555;;327,6048278808594;60,44599533081055;36,93146896362305;0,8001564741134644;0,5952876806259155;25,850000381469727;27,301345825195312;13,770495414733887;57,634544372558594;;22,045713424682617;37,02740478515625;63,36118698120117;21170,0
2017-05-08;47,04533386230469;95,75432586669922;35,79999923706055;9,012462615966797;8,612848281860352;20,989898681640625;43,25522994995117;20,327314376831055;;323,8645324707031;59,79689407348633;36,851356506347656;0,8001564741134644;0,5906731486320496;25,399999618530273;26,82237434387207;13,655739784240723;56,52214050292969;;22,045713424682617;36,44121551513672;62,647342681884766;21077,0
2017-05-09;47,04533386230469;95,4035873413086;35,849998474121094;9,012462615966797;8,574226379394531;21,27919578552246;43,25522994995117;20,327314376831055;;332,1432189941406;59,878047943115234;37,0115852355957;0,8001564741134644;0,5799054503440857;26,0;27,26941680908203;13,655739784240723;55,920841217041016;;22,303390502929688;36,14812088012695;62,137474060058594;21140,0
2017-05-10;47,69672393798828;96,45584869384766;36,75;9,012462615966797;8,728716850280762;21,761350631713867;43,25522994995117;20,410964965820312;;344,17877197265625;60,040313720703125;36,41074752807617;0,8001564741134644;0,5999022722244263;26,0;27,173620223999023;14,057380676269531;55,800575256347656;;22,475175857543945;37,418190002441406;62,409400939941406;21510,0
2017-05-11;47,551979064941406;98,20958709716797;36,900001525878906;8,934768676757812;8,612848281860352;21,79349708557129;43,707096099853516;20,327314376831055;;347,62017822265625;60,60825729370117;36,53091049194336;1,0178614854812622;0,5783669352531433;26,0;27,333276748657227;14,401641845703125;55,439796447753906;;22,675586700439453;36,534027099609375;62,409400939941406;21427,0
2017-05-12;46,90058135986328;94,70210266113281;37,099998474121094;8,857074737548828;8,342491149902344;21,79349708557129;43,542781829833984;20,20183753967285;;347,1213684082031;62,06869888305664;37,17180633544922;1,0178614854812622;0,5614469647407532;26,0;27,26941680908203;14,48770809173584;55,680320739746094;;22,589696884155273;36,92970275878906;63,565128326416016;21502,0
2017-05-15;47,913856506347656;96,80657958984375;36,70000076293945;8,89592170715332;8,342491149902344;21,954214096069336;44,77513122558594;19,867231369018555;;343,13153076171875;63,691410064697266;37,532310485839844;1,4843740463256836;0,5552939772605896;25,649999618530273;27,23748207092285;14,745905876159668;55,19928741455078;;22,61832618713379;37,22279357910156;64,3469467163086;21657,0
2017-05-16;49,36140823364258;98,20958709716797;37,400001525878906;8,934768676757812;8,226621627807617;22,147077560424805;45,5966911315918;19,448972702026367;;341,63525390625;63,48857879638672;38,29336929321289;1,8187072277069092;0,5583701133728027;25,700000762939453;27,141691207885742;14,889347076416016;55,169212341308594;;22,61832618713379;37,22279357910156;64,9928207397461;21834,0
2017-05-17;49,035709381103516;96,6662826538086;37,099998474121094;8,89592170715332;8,226621627807617;21,60063362121582;44,20003128051758;19,072540283203125;;336,149169921875;62,06869888305664;38,733985900878906;1,8187072277069092;0,5537554621696472;25,200000762939453;27,46100616455078;14,975411415100098;55,04895782470703;;22,818744659423828;37,00297546386719;64,38095092773438;21674,0
2017-05-18;48,34812545776367;93,68492126464844;36,5;8,585147857666016;7,917642116546631;21,182764053344727;43,6065673828125;18,612457275390625;;324,9275207519531;61,946998596191406;38,13314437866211;1,8187072277069092;0,5306825637817383;25,5;26,503061294555664;15,032792091369629;53,81629180908203;;22,446544647216797;36,910160064697266;63,22520446777344;21034,0
2017-05-19;49,506168365478516;96,80657958984375;38,20000076293945;8,818228721618652;7,994888782501221;21,729209899902344;44,5133171081543;18,65428352355957;;337,6453552246094;64,09709930419922;38,57375717163086;1,8187072277069092;0,5368356704711914;25,75;27,205551147460938;15,348363876342773;54,35746765136719;;23,019161224365234;38,00437927246094;63,565128326416016;21615,0
2017-05-22;49,687110900878906;97,15734100341797;38,5;8,857074737548828;8,149375915527344;21,40777015686035;45,33763122558594;18,73793601989746;;330,164306640625;63,52915573120117;38,77404022216797;1,8187072277069092;0,5306825637817383;25,299999237060547;26,566923141479492;14,918037414550781;53,51564025878906;;23,362728118896484;37,93110275268555;63,565128326416016;21501,0
2017-05-23;49,36140823364258;97,50810241699219;38,29999923706055;9,012462615966797;8,187999725341797;21,536344528198242;43,688995361328125;18,486980438232422;;324,7779846191406;63,28573226928711;38,5337028503418;1,8187072277069092;0,5429879426956177;25,200000762939453;27,141691207885742;14,860658645629883;53,756160736083984;;22,876005172729492;37,808982849121094;64,24496459960938;21521,0
2017-05-24;49,469974517822266;97,50810241699219;38,79999923706055;8,89592170715332;8,226621627807617;21,40777015686035;42,86467742919922;18,73793601989746;;324,8277893066406;63,691410064697266;38,5337028503418;1,8187072277069092;0,5476024746894836;25,0;27,971900939941406;14,860658645629883;53,51564025878906;;22,61832618713379;38,258384704589844;65,80860900878906;21685,0
2017-05-26;51,82224655151367;100,3140640258789;40,75;8,857074737548828;8,4197359085083;21,182764053344727;45,33763122558594;19,323495864868164;;331,01220703125;66,04435729980469;40,816890716552734;1,8187072277069092;0,549140989780426;26,049999237060547;28,865985870361328;15,204920768737793;52,643760681152344;;22,847373962402344;39,274444580078125;69,34381103515625;22142,0
2017-05-29;51,9307975769043;102,48870086669922;41,25;8,973614692687988;8,612848281860352;20,925613403320312;46,161956787109375;20,243661880493164;;325,1769714355469;68,15387725830078;42,77962112426758;1,8187072277069092;0,5368356704711914;27,5;30,143239974975586;15,262299537658691;52,252925872802734;;22,847373962402344;40,15372085571289;74,44261169433594;22347,0
2017-05-30;52,03936767578125;100,66483306884766;40,650001525878906;9,206696510314941;8,805961608886719;21,150619506835938;46,161956787109375;20,16001319885254;;325,8751525878906;67,30194091796875;42,53928756713867;1,8187072277069092;0,5229918360710144;26,100000381469727;30,68607521057129;15,663938522338867;53,51564025878906;;22,675586700439453;39,46495819091797;73,42284393310547;22311,0
2017-05-31;52,075557708740234;100,66483306884766;40,650001525878906;9,012462615966797;8,96045207977295;20,989898681640625;48,79978561401367;20,494617462158203;;344,62774658203125;67,91046142578125;42,69950866699219;3,1878321170806885;0,5322209596633911;25,899999618530273;30,877660751342773;15,836069107055664;54,417598724365234;;22,790109634399414;38,981353759765625;73,42284393310547;22349,0
2017-06-01;53,12502670288086;100,3140640258789;41,75;8,89592170715332;8,921830177307129;20,732749938964844;45,584930419921875;20,578269958496094;;345,2261657714844;68,0727310180664;43,260292053222656;3,1878321170806885;0,5214533805847168;25,799999237060547;30,909587860107422;15,922134399414062;53,936553955078125;;23,047788619995117;39,64569854736328;75,5643310546875;22519,0
2017-06-02;53,70405197143555;103,33051300048828;41,29999923706055;8,857074737548828;8,883206367492676;20,764892578125;47,81060028076172;20,745573043823242;;339,3909912109375;67,34252166748047;43,66084671020508;3,1878321170806885;0,5276064276695251;25,950000762939453;31,228910446166992;16,295085906982422;53,756160736083984;;22,904634475708008;39,06928253173828;75,59832763671875;22519,0
2017-06-05;54,24687576293945;108,80216217041016;40,900001525878906;8,701687812805176;8,767341613769531;20,572031021118164;48,22276306152344;20,369140625;;330,9124450683594;66,28775024414062;42,379066467285156;3,1878321170806885;0,549140989780426;25,649999618530273;30,654144287109375;16,696725845336914;52,91434860229492;;22,61832618713379;38,44401550292969;75,53036499023438;22444,0
2017-06-06;53,30598068237305;107,50442504882812;40,400001525878906;9,012462615966797;8,883206367492676;20,25059700012207;48,346405029296875;20,07636070251465;;349,1163330078125;66,368896484375;41,658058166503906;3,3433353900909424;0,549140989780426;25,25;30,973453521728516;16,26639747619629;52,67382049560547;;22,61832618713379;38,5905647277832;74,13667297363281;22356,0
2017-06-07;52,79934310913086;105,3999252319336;40,150001525878906;8,973614692687988;8,96045207977295;20,25059700012207;47,81060028076172;19,992706298828125;;354,3032531738281;66,5311508178711;42,138729095458984;3,3433353900909424;0,5399118065834045;24,700000762939453;31,10118293762207;16,46721839904785;52,43330764770508;;22,188865661621094;38,00437927246094;73,42284393310547;22219,0
2017-06-08;51,026084899902344;104,30384826660156;40,349998474121094;8,77938175201416;8,767341613769531;19,67200469970703;47,3984375;19,448972702026367;;360,0885314941406;65,71979522705078;41,257503509521484;3,4988410472869873;0,535297155380249;24,450000762939453;30,654144287109375;16,323772430419922;51,71175003051758;;21,70214080810547;37,51100158691406;71,14537048339844;21929,0
2017-06-09;49,325218200683594;101,12167358398438;40,5;8,623995780944824;8,651471138000488;19,44700050354004;47,48087692260742;18,73793601989746;;352,7072448730469;65,31411743164062;39,575157165527344;3,4988410472869873;0,5245294570922852;24,75;30,654144287109375;15,893447875976562;52,31304931640625;;21,18678855895996;36,832008361816406;69,34381103515625;21614,0
2017-06-12;48,49287414550781;101,89956665039062;39,45000076293945;8,352066040039062;8,496979713439941;19,382709503173828;45,33763122558594;18,277854919433594;;333,1567077636719;66,00376892089844;39,21465301513672;3,4988410472869873;0,5199149250984192;24,399999618530273;29,44074821472168;14,918037414550781;51,08038330078125;;21,473094940185547;36,49006271362305;67,84813690185547;21145,0
2017-06-13;48,565250396728516;99,24774169921875;39,70000076293945;8,507453918457031;8,574226379394531;19,511287689208984;43,688995361328125;18,947065353393555;;344,47808837890625;66,20661926269531;40,05583190917969;3,4988410472869873;0,5229918360710144;24,600000381469727;29,951650619506836;15,377052307128906;51,83200454711914;;21,759403228759766;36,72942352294922;69,4797592163086;21395,0
2017-06-14;48,203365325927734;98,64668273925781;40,0;8,42975902557373;8,496979713439941;19,28628158569336;44,84304428100586;18,403329849243164;;332,65802001953125;66,20661926269531;40,05583190917969;3,4988410472869873;0,5245294570922852;24,450000762939453;28,738258361816406;15,405740737915039;52,43330764770508;;21,358572006225586;35,65963363647461;68,73193359375;21178,0
2017-06-15;48,52906799316406;97,05561065673828;39,599998474121094;8,352066040039062;8,265244483947754;19,093414306640625;44,92548370361328;18,65428352355957;;337,1465759277344;65,31411743164062;39,49504852294922;3,4988410472869873;0,5199149250984192;24,200000762939453;27,652587890625;15,491808891296387;51,9522705078125;;22,0170841217041;34,50680160522461;68,96986389160156;21009,0
2017-06-16;49,28903579711914;98,29313659667969;40,599998474121094;8,546299934387207;8,30386734008789;19,382709503173828;45,33763122558594;19,239845275878906;;336,5481262207031;65,71979522705078;41,17738723754883;3,4988410472869873;0,5214533805847168;25,200000762939453;28,099634170532227;16,180334091186523;53,48558044433594;;22,274755477905273;34,08670425415039;70,8054428100586;21291,0
2017-06-19;50,80894470214844;99,91952514648438;41,900001525878906;8,740534782409668;8,342491149902344;19,479143142700195;45,62614822387695;19,239845275878906;;334,1542053222656;67,7481918334961;42,859737396240234;3,4988410472869873;0,5229918360710144;25,75;28,259286880493164;16,610660552978516;40,28705978393555;;22,76148223876953;34,48726272583008;71,65524291992188;21657,0
2017-06-21;47,51579284667969;100,27310943603516;38,400001525878906;8,352066040039062;8,0335111618042;18,80412483215332;44,92548370361328;18,528806686401367;;315,4016418457031;64,46219635009766;40,93705368041992;3,4988410472869873;0,4953034520149231;24,899999618530273;27,205551147460938;15,577873229980469;38,90406799316406;;21,759403228759766;33,363739013671875;68,52799224853516;20614,0
2017-06-22;48,34812545776367;101,82881927490234;38,79999923706055;8,235525131225586;8,30386734008789;19,157705307006836;45,33763122558594;18,65428352355957;;325,2767028808594;66,12548828125;42,939842224121094;3,4988410472869873;0,5091473460197449;24,75;28,259286880493164;16,237709045410156;37,8517951965332;;22,589696884155273;34,97574996948242;69,17382049560547;20997,0
2017-06-23;47,76909637451172;100,76813507080078;38,400001525878906;8,235525131225586;8,30386734008789;19,28628158569336;45,33763122558594;19,239845275878906;;332,30889892578125;64,50276947021484;43,62079620361328;3,4988410472869873;0,5337586998939514;25,200000762939453;28,738258361816406;16,237709045410156;36,19822311401367;;22,475175857543945;35,381195068359375;68,86788940429688;21066,0
2017-06-26;48,456687927246094;102,96028900146484;38,70000076293945;8,390913009643555;8,226621627807617;19,929155349731445;46,07952880859375;18,57063102722168;;347,8196716308594;64,908447265625;43,62079620361328;3,4988410472869873;0,5445263385772705;25,399999618530273;29,05757713317871;16,38115119934082;35,206077575683594;1,3244788646697998;22,24612808227539;35,171146392822266;69,00386810302734;21297,0
2017-06-27;48,601444244384766;101,79347229003906;38,400001525878906;8,352066040039062;8,265244483947754;19,607717514038086;47,3984375;18,236026763916016;;356,0986633300781;64,50276947021484;43,06001281738281;3,4988410472869873;0,5432342290878296;25,0;29,185298919677734;16,26639747619629;36,01783752441406;1,3271337747573853;22,274755477905273;35,073448181152344;68,90190124511719;21227,0
2017-06-28;50,157562255859375;104,1977767944336;38,75;8,118985176086426;8,226621627807617;19,961299896240234;48,5260124206543;18,277854919433594;;349,1163330078125;64,908447265625;43,34040451049805;3,4988410472869873;0,5432342290878296;25,700000762939453;29,37688446044922;16,295085906982422;35,83744430541992;1,3196132183074951;22,53243637084961;35,112525939941406;69,07186126708984;21394,0
2017-06-29;50,157562255859375;105,36454772949219;38,900001525878906;8,157832145690918;8,187999725341797;19,768436431884766;48,4433479309082;18,486980438232422;;345,12646484375;66,368896484375;43,62079620361328;3,4988410472869873;0,5331740379333496;25,700000762939453;31,037317276000977;16,38115119934082;36,37861633300781;1,3005903959274292;22,475175857543945;34,8780517578125;69,51375579833984;21461,0
2017-06-30;51,35177993774414;108,193115234375;39,400001525878906;8,235525131225586;8,265244483947754;20,700605392456055;49,6006965637207;19,825407028198242;;347,1213684082031;69,20862579345703;45,1829719543457;3,4988410472869873;0,5365273952484131;26,399999618530273;31,356632232666016;16,438528060913086;37,551143646240234;1,2873194217681885;23,133682250976562;35,66939926147461;71,21336364746094;21913,0
2017-07-03;52,11174011230469;109,07707977294922;40,0;8,274372100830078;8,381112098693848;20,63631820678711;50,427371978759766;20,45279312133789;;346,12396240234375;79,06660461425781;46,14431381225586;3,4988410472869873;0,5449105501174927;26,399999618530273;30,909587860107422;16,754100799560547;37,731536865234375;1,2545833587646484;23,477252960205078;36,538917541503906;72,93787384033203;22217,0
2017-07-04;52,72694778442383;108,193115234375;39,900001525878906;8,390913009643555;8,612848281860352;20,700605392456055;50,427371978759766;20,369140625;;346,12396240234375;78,13355255126953;47,5462646484375;3,4988410472869873;0,5449105501174927;26,299999237060547;30,590286254882812;17,471315383911133;38,03218460083008;1,2351188659667969;23,190940856933594;37,01215744018555;73,28523254394531;22386,0
2017-07-05;52,075557708740234;110,3145523071289;40,04999923706055;8,390913009643555;8,767341613769531;20,925613403320312;50,427371978759766;19,783580780029297;;345,12646484375;80,08079528808594;46,58492660522461;3,4988410472869873;0,5499411225318909;26,850000381469727;31,133113861083984;17,61475944519043;38,60342025756836;1,2324649095535278;24,021238327026367;37,01215744018555;73,52833557128906;22416,0
2017-07-06;51,56891632080078;108,90030670166016;40,25;8,468605995178223;8,805961608886719;20,443456649780273;49,146026611328125;19,532623291015625;;342,03436279296875;79,51284790039062;45,30314254760742;3,4988410472869873;0,5398808121681213;26,299999237060547;30,462554931640625;17,213119506835938;38,663551330566406;1,1984015703201294;23,133682250976562;36,81580352783203;72,90316009521484;22225,0
2017-07-07;51,134647369384766;108,2991943359375;40,150001525878906;8,390913009643555;8,844585418701172;20,31488037109375;49,02202606201172;19,365320205688477;;337,59552001953125;77,72785949707031;45,62358474731445;3,4988410472869873;0,5415579080581665;26,600000381469727;29,855857849121094;17,155742645263672;37,731536865234375;1,1953045129776;23,362728118896484;36,65872573852539;71,5486068725586;22028,0
2017-07-10;51,89461898803711;107,73351287841797;38,900001525878906;8,19667911529541;8,728716850280762;20,089874267578125;49,10468673706055;19,03071403503418;;341,18646240234375;79,31001281738281;45,66364288330078;3,4988410472869873;0,5499411225318909;26,649999618530273;29,37688446044922;17,213119506835938;37,88186264038086;1,1811484098434448;23,706298828125;36,20220947265625;70,749755859375;21957,0
2017-07-11;51,74985885620117;106,07168579101562;38,75;8,390913009643555;8,728716850280762;20,50774383544922;49,27002716064453;18,779760360717773;;344,577880859375;80,24308013916016;45,82386779785156;3,4988410472869873;0,5616775751113892;26,700000762939453;29,249162673950195;16,92623519897461;37,28055953979492;1,161684513092041;23,448623657226562;37,2085075378418;71,06234741210938;22127,0
2017-07-12;52,25650405883789;108,54671478271484;38,29999923706055;8,546299934387207;8,883206367492676;21,086332321166992;49,80736541748047;18,82158660888672;;345,92449951171875;78,70148468017578;44,86252975463867;3,4988410472869873;0,5683844089508057;26,600000381469727;29,44074821472168;16,66803550720215;37,28055953979492;1,1457585096359253;23,763561248779297;37,11033248901367;70,50662994384766;22263,0
2017-07-13;51,49654006958008;108,193115234375;37,099998474121094;8,390913009643555;8,651471138000488;20,893468856811523;49,93136215209961;18,82158660888672;;345,02667236328125;77,89013671875;44,46196365356445;3,4988410472869873;0,5616775751113892;26,0;29,696203231811523;16,237709045410156;36,619136810302734;1,1855725049972534;23,362728118896484;36,521278381347656;70,50662994384766;21976,0
2017-07-14;49,61473083496094;106,42530059814453;37,04999923706055;8,42975902557373;8,651471138000488;20,829181671142578;49,80736541748047;18,82158660888672;;356,59735107421875;77,68729400634766;44,622188568115234;3,4988410472869873;0,570060670375824;26,049999237060547;29,408823013305664;15,836069107055664;35,47666549682617;1,2253867387771606;23,076419830322266;36,324928283691406;69,11732482910156;21880,0
2017-07-17;48,85476303100586;108,016357421875;35,70000076293945;8,157832145690918;8,4197359085083;20,50774383544922;49,435367584228516;18,82158660888672;;337,6453552246094;77,0382080078125;41,97850799560547;3,4988410472869873;0,5549706816673279;25,799999237060547;28,482807159423828;15,204920768737793;34,27406311035156;1,2253867387771606;22,675586700439453;35,68678665161133;66,54714965820312;21297,0
2017-07-18;46,75580978393555;102,53596496582031;36,0;7,963598728179932;8,110755920410156;19,929155349731445;48,23667526245117;18,82158660888672;;339,1416320800781;75,4560775756836;42,17878341674805;3,4988410472869873;0,5482639670372009;26,350000381469727;28,227357864379883;15,032792091369629;34,875362396240234;1,220962643623352;22,0170841217041;35,53952407836914;64,25481414794922;21075,0
2017-07-19;48,203365325927734;107,13243865966797;36,70000076293945;8,08013916015625;8,458358764648438;20,122020721435547;50,0140380859375;18,82158660888672;;339,1416320800781;77,80900573730469;41,45777893066406;3,4988410472869873;0,5583241581916809;26,200000762939453;29,21723175048828;15,54918384552002;34,875362396240234;1,2563530206680298;22,045713424682617;35,441349029541016;63,62963104248047;21450,0
2017-07-20;48,130977630615234;104,83419799804688;37,70000076293945;8,00244426727295;8,574226379394531;20,15416145324707;49,80736541748047;18,82158660888672;;340,83734130859375;78,09298706054688;41,45777893066406;3,4988410472869873;0,5583241581916809;26,299999237060547;28,961780548095703;15,75000286102295;35,1760139465332;1,23423433303833;22,904634475708008;35,68678665161133;63,4212646484375;21465,0
2017-07-21;48,74618148803711;107,48599243164062;38,849998474121094;7,885904312133789;8,651471138000488;20,31488037109375;50,427371978759766;18,82158660888672;;343,13153076171875;78,29581451416016;41,53789138793945;3,4988410472869873;0,5532944798469543;26,899999618530273;29,21723175048828;15,31967544555664;34,875362396240234;1,2364462614059448;22,961894989013672;34,37123107910156;63,90748977661133;21499,0
2017-07-24;48,27573776245117;107,48599243164062;38,599998474121094;7,761594772338867;8,690093040466309;20,186309814453125;49,6006965637207;18,82158660888672;;337,04693603515625;78,90433502197266;41,17738723754883;3,4988410472869873;0,5549706816673279;26,649999618530273;29,02564239501953;14,573773384094238;34,394325256347656;1,238657832145691;21,788034439086914;34,4595947265625;62,865516662597656;21310,0
2017-07-25;48,52906799316406;108,90030670166016;38,150001525878906;7,808210849761963;8,574226379394531;20,379167556762695;50,17936706542969;18,82158660888672;;332,608154296875;77,89013671875;41,497833251953125;3,4988410472869873;0,5432342290878296;26,899999618530273;28,738258361816406;14,200822830200195;33,73289489746094;1,2298102378845215;22,561065673828125;34,75412368774414;63,21284484863281;21243,0
2017-07-26;48,42051315307617;110,3145523071289;37,900001525878906;7,847058296203613;8,458358764648438;19,929155349731445;51,25404739379883;18,82158660888672;;331,11187744140625;77,89013671875;42,53928756713867;3,4988410472869873;0,5499411225318909;26,899999618530273;29,37688446044922;13,770495414733887;33,67276382446289;1,238657832145691;23,16231346130371;34,50868225097656;64,25481414794922;21203,0
2017-07-27;48,130977630615234;108,97099304199219;38,0;8,08013916015625;8,574226379394531;20,25059700012207;51,874061584472656;18,82158660888672;;325,9749450683594;78,01183319091797;42,058616638183594;3,4988410472869873;0,5482639670372009;26,850000381469727;28,38701057434082;14,114757537841797;33,07146453857422;1,2461782693862915;22,217493057250977;34,4595947265625;64,6021499633789;21294,0
2017-07-28;48,565250396728516;111,16316223144531;39,099998474121094;8,235525131225586;8,496979713439941;20,60417366027832;52,907405853271484;18,82158660888672;;324,1795349121094;78,70148468017578;42,819679260253906;3,4988410472869873;0,5499411225318909;26,5;28,674396514892578;14,889347076416016;34,514583587646484;1,24750554561615;22,50380516052246;36,423099517822266;64,94945526123047;21689,0
2017-07-31;46,75580978393555;108,90030670166016;38,5;8,352066040039062;8,496979713439941;20,47559928894043;52,907405853271484;18,82158660888672;;337,04693603515625;76,26742553710938;43,260292053222656;3,4988410472869873;0,551617443561554;26,799999237060547;29,951650619506836;14,975411415100098;35,47666549682617;1,249717116355896;22,99052619934082;35,04864501953125;63,56017303466797;21582,0
2017-08-01;47,081520080566406;108,90030670166016;38,70000076293945;8,546299934387207;8,496979713439941;20,379167556762695;52,49407196044922;18,82158660888672;;335,401123046875;75,5372085571289;42,298946380615234;3,4988410472869873;0,5482639670372009;26,75;29,696203231811523;14,745905876159668;35,47666549682617;1,24750554561615;22,332021713256836;34,4595947265625;62,5181999206543;21522,0
2017-08-02;46,90058135986328;108,72350311279297;39,400001525878906;8,857074737548828;8,767341613769531;20,66846466064453;51,41938781738281;18,82158660888672;;339,041748046875;76,26742553710938;42,379066467285156;3,4988410472869873;0,5499411225318909;26,600000381469727;30,334827423095703;14,745905876159668;36,40867614746094;1,23423433303833;22,045713424682617;35,53952407836914;64,6021499633789;21799,0
2017-08-03;47,1900749206543;110,24385070800781;39,79999923706055;8,740534782409668;8,844585418701172;20,47559928894043;51,75006103515625;18,82158660888672;;337,1465759277344;78,90433502197266;43,42051315307617;3,4988410472869873;0,5465877056121826;26,799999237060547;29,7919921875;14,803282737731934;36,37861633300781;1,238657832145691;22,561065673828125;34,70503234863281;64,87998962402344;21780,0
2017-08-04;47,551979064941406;110,0317153930664;40,04999923706055;8,390913009643555;8,767341613769531;20,539888381958008;51,874061584472656;18,82158660888672;;339,0917053222656;80,16194152832031;44,26169204711914;3,4988410472869873;0,5449105501174927;26,850000381469727;29,66426658630371;14,63115119934082;36,01783752441406;1,24750554561615;22,646957397460938;33,96871566772461;64,67159271240234;21704,0
2017-08-07;47,588165283203125;109,607421875;39,400001525878906;8,390913009643555;8,342491149902344;20,47559928894043;51,41938781738281;18,82158660888672;;335,15167236328125;81,13556671142578;45,2230224609375;3,4988410472869873;0,5365273952484131;26,799999237060547;29,37688446044922;14,114757537841797;35,47666549682617;1,24750554561615;22,53243637084961;33,57601547241211;65,82716369628906;21478,0
2017-08-08;47,551979064941406;109,607421875;38,5;8,274372100830078;8,496979713439941;20,186309814453125;51,088722229003906;18,82158660888672;;329,6656188964844;81,13556671142578;43,82107162475586;3,0564773082733154;0,5314976572990417;26,75;28,45087432861328;14,172134399414062;34,875362396240234;1,2368882894515991;22,561065673828125;32,69243621826172;65,36832427978516;21256,0
2017-08-09;46,719627380371094;106,42530059814453;37,5;8,19667911529541;8,4197359085083;19,800579071044922;50,0140380859375;18,82158660888672;;324,877685546875;79,51284790039062;42,45917510986328;2,874109983444214;0,52479088306427;26,350000381469727;27,876108169555664;14,028691291809082;34,334190368652344;1,194420337677002;22,589696884155273;32,790611267089844;63,532928466796875;20925,0
2017-08-10;47,15389633178711;106,42530059814453;37,849998474121094;8,19667911529541;8,496979713439941;19,993446350097656;51,25404739379883;18,82158660888672;;338,14410400390625;78,70148468017578;42,298946380615234;2,895993709564209;0,5197612047195435;26,149999618530273;28,099634170532227;14,831972122192383;34,90542984008789;1,2121148109436035;22,675586700439453;34,01780700683594;65,08592987060547;21133,0
2017-08-11;48,89095687866211;107,6274185180664;39,25;8,390913009643555;8,496979713439941;20,443456649780273;51,25404739379883;18,82158660888672;;338,6428527832031;81,46009826660156;44,061405181884766;2,8668148517608643;0,5214375257492065;27,0;28,897918701171875;15,31967544555664;36,619136810302734;1,238657832145691;22,961894989013672;35,04864501953125;66,00364685058594;21633,0
2017-08-14;52,835514068603516;116,04244232177734;42,5;8,857074737548828;8,728716850280762;21,022045135498047;55,88344955444336;18,82158660888672;;343,0816955566406;84,3809814453125;49,0283317565918;2,9032883644104004;0,5180848836898804;28,149999618530273;30,175168991088867;17,55738067626953;36,679264068603516;1,2545833587646484;24,59385108947754;35,09773635864258;69,10969543457031;22540,0
2017-08-15;52,11174011230469;116,2192153930664;42,599998474121094;9,245543479919434;8,844585418701172;20,925613403320312;53,8994255065918;18,82158660888672;;337,1465759277344;83,56961822509766;49,50899887084961;2,9032883644104004;0,5180848836898804;27,799999237060547;31,292770385742188;18,50410270690918;36,07796096801758;1,23423433303833;24,278911590576172;34,655941009521484;67,2743148803711;22702,0
2017-08-16;52,79934310913086;116,32530212402344;43,150001525878906;9,323236465454102;8,96045207977295;20,829181671142578;55,387447357177734;18,82158660888672;;334,403564453125;83,97531127929688;49,589111328125;2,9032883644104004;0,5331740379333496;28,5;30,81379508972168;19,020496368408203;35,777313232421875;1,2298102378845215;24,794265747070312;34,165069580078125;67,48606872558594;22888,0
2017-08-17;52,11174011230469;115,2645492553711;41,900001525878906;9,323236465454102;9,07632064819336;21,27919578552246;56,420799255371094;18,82158660888672;;325,1769714355469;86,00369262695312;49,0283317565918;2,8886983394622803;0,5314976572990417;28,700000762939453;30,78186798095703;18,475414276123047;36,37861633300781;1,2413126230239868;24,908790588378906;34,06689453125;65,65069580078125;22725,0
2017-08-18;53,414554595947266;119,50746154785156;41,5;9,245543479919434;9,03769588470459;21,11847496032715;57,45413589477539;19,560543060302734;;329,16680908203125;87,7886734008789;50,06978225708008;2,895993709564209;0,5281442999839783;29,799999237060547;31,292770385742188;18,647546768188477;37,37075424194336;1,238657832145691;25,080575942993164;34,36142349243164;66,07423400878906;22967,0
2017-08-22;53,197410583496094;120,56815338134766;40,54999923706055;9,323236465454102;9,07632064819336;21,150619506835938;56,420799255371094;19,560543060302734;;327,171875;86,40937042236328;50,310115814208984;2,8376364707946777;0,5231146216392517;29,950000762939453;30,654144287109375;18,762298583984375;37,28055953979492;1,238657832145691;25,13783836364746;34,26324462890625;67,13313293457031;22900,0
2017-08-23;55,875370025634766;125,0231704711914;41,20000076293945;9,245543479919434;9,192188262939453;21,11847496032715;58,94214630126953;19,560543060302734;;326,3739013671875;83,81304168701172;50,71067810058594;2,895993709564209;0,5231146216392517;30,299999237060547;30,23903465270996;19,221315383911133;35,92763900756836;1,242196798324585;24,737010955810547;34,695213317871094;69,10969543457031;23262,0
2017-08-24;55,9477653503418;126,9324951171875;43,04999923706055;9,245543479919434;9,192188262939453;20,957759857177734;60,76084899902344;19,560543060302734;;326,1744689941406;82,63656616210938;50,470340728759766;2,968940496444702;0,5164077877998352;30,899999618530273;30,973453521728516;19,393447875976562;35,416534423828125;1,2452939748764038;25,195098876953125;34,695213317871094;70,20386505126953;23393,0
2017-08-25;56,23725891113281;129,2660369873047;42,599998474121094;9,245543479919434;9,03769588470459;21,054189682006836;62,827545166015625;19,560543060302734;;324,1795349121094;83,6507568359375;50,310115814208984;2,9762353897094727;0,5214375257492065;30,5;30,973453521728516;20,024595260620117;35,777313232421875;1,238657832145691;24,908790588378906;35,618064880371094;71,50983428955078;23501,0
2017-08-28;56,23725891113281;131,88246154785156;43,349998474121094;9,16784954071045;8,999075889587402;20,572031021118164;58,69416046142578;19,560543060302734;;317,1473083496094;86,9773178100586;50,550445556640625;2,947056531906128;0,5197612047195435;30,799999237060547;31,292770385742188;20,942628860473633;35,626991271972656;1,227156162261963;24,536590576171875;34,852294921875;71,01567840576172;23482,0
2017-08-29;56,16489791870117;130,82179260253906;42,849998474121094;9,051309585571289;8,883206367492676;20,957759857177734;60,220054626464844;19,560543060302734;;322,1845703125;86,12540435791016;50,470340728759766;2,91058349609375;0,5214375257492065;30,649999618530273;30,909587860107422;21,401643753051758;35,236141204833984;1,220962643623352;24,76563835144043;34,852294921875;69,85091400146484;23444,0
2017-08-30;56,707725524902344;127,28604888916016;42,70000076293945;9,051309585571289;9,192188262939453;21,11847496032715;60,220054626464844;19,560543060302734;;352,1087646484375;87,9103775024414;49,10844039916992;2,9178779125213623;0,52646803855896;30,799999237060547;31,292770385742188;20,74180793762207;34,57471466064453;1,220962643623352;24,450698852539062;34,90138626098633;70,87451171875;23492,0
2017-08-31;57,322906494140625;129,05386352539062;42,70000076293945;9,012462615966797;9,11494255065918;21,504201889038086;62,21355438232422;19,560543060302734;;345,12646484375;84,94893646240234;49,10844039916992;2,91058349609375;0,5331740379333496;30,5;31,420499801635742;20,942628860473633;35,47666549682617;1,2298102378845215;24,3361759185791;34,4595947265625;70,94512176513672;23589,0
2017-09-01;57,54005432128906;130,78643798828125;43,0;9,16784954071045;9,03769588470459;21,922073364257812;62,919578552246094;19,560543060302734;;337,1465759277344;86,00369262695312;49,98966598510742;2,9032883644104004;0,5449105501174927;30,700000762939453;32,47422790527344;20,942628860473633;34,875362396240234;1,249717116355896;24,622482299804688;33,939266204833984;70,9098129272461;23658,0
2017-09-04;56,96103286743164;128,52354431152344;43,29999923706055;9,129002571105957;9,03769588470459;22,243511199951172;64,62235260009766;19,560543060302734;;330,8625183105469;85,51688385009766;50,79079055786133;2,9178779125213623;0,5482639670372009;31,600000381469727;32,88933563232422;21,11475944519043;35,53679275512695;1,2554678916931152;24,794265747070312;33,99325942993164;69,78031158447266;23708,0
2017-09-05;56,96103286743164;128,52354431152344;43,29999923706055;9,129002571105957;9,03769588470459;22,243511199951172;64,62235260009766;22,12514877319336;;330,8625183105469;85,51688385009766;50,79079055786133;2,9178779125213623;0,5482639670372009;31,600000381469727;32,88933563232422;21,11475944519043;35,53679275512695;1,2385694980621338;24,794265747070312;33,99325942993164;69,78031158447266;24026,0
2017-09-06;56,96103286743164;128,52354431152344;43,29999923706055;9,129002571105957;9,03769588470459;22,243511199951172;64,62235260009766;21,82086944580078;;330,8625183105469;85,51688385009766;50,79079055786133;2,9178779125213623;0,5482639670372009;31,600000381469727;32,88933563232422;21,11475944519043;35,53679275512695;1,2629882097244263;24,794265747070312;33,99325942993164;69,78031158447266;24165,0
2017-09-07;56,96103286743164;128,52354431152344;43,29999923706055;9,129002571105957;9,03769588470459;22,243511199951172;64,62235260009766;21,69046974182129;;330,8625183105469;85,51688385009766;50,79079055786133;2,9178779125213623;0,5482639670372009;31,600000381469727;32,88933563232422;21,11475944519043;35,53679275512695;1,2740484476089478;24,794265747070312;33,99325942993164;69,78031158447266;24250,0
2017-09-08;56,96103286743164;128,52354431152344;43,29999923706055;9,129002571105957;9,03769588470459;22,243511199951172;64,62235260009766;21,69046974182129;;330,8625183105469;85,51688385009766;50,79079055786133;2,9178779125213623;0,5482639670372009;31,600000381469727;32,88933563232422;21,11475944519043;35,53679275512695;1,322709321975708;24,794265747070312;33,99325942993164;69,78031158447266;24018,0
2017-09-11;56,96103286743164;128,52354431152344;43,29999923706055;9,129002571105957;9,03769588470459;22,243511199951172;64,62235260009766;21,5165958404541;;330,8625183105469;85,51688385009766;50,79079055786133;2,9178779125213623;0,5482639670372009;31,600000381469727;32,88933563232422;21,11475944519043;35,53679275512695;1,3271337747573853;24,794265747070312;33,99325942993164;69,78031158447266;24067,0
2017-09-12;55,58586502075195;123,04317474365234;41,79999923706055;9,517470359802246;9,810151100158691;21,82563591003418;60,55231475830078;21,125383377075195;;314,2545471191406;87,54527282714844;48,066993713378906;2,8886983394622803;0,5616775751113892;30,600000381469727;33,52796173095703;19,508201599121094;33,31198501586914;1,3541189432144165;23,99260711669922;33,870540618896484;70,38037872314453;23529,0
2017-09-13;56,96103286743164;124,74030303955078;41,599998474121094;9,400931358337402;9,964641571044922;21,664920806884766;60,55231475830078;21,646997451782227;;321,1870422363281;86,40937042236328;48,7078857421875;2,9032883644104004;0,570060670375824;31,5;34,645565032958984;20,598365783691406;33,67276382446289;1,406761646270752;24,049869537353516;34,21906661987305;70,38037872314453;23837,0
2017-09-14;56,20106887817383;124,4927978515625;41,5;9,206696510314941;9,655660629272461;21,43991470336914;60,55231475830078;21,21232032775879;;327,171875;84,3809814453125;47,746543884277344;2,8886983394622803;0,5650309920310974;31,200000762939453;33,91114044189453;20,598365783691406;33,67276382446289;1,4085313081741333;23,99260711669922;34,547950744628906;70,38037872314453;23702,0
2017-09-15;56,5991325378418;124,598876953125;41,400001525878906;9,284390449523926;9,655660629272461;20,989898681640625;60,55231475830078;21,168851852416992;;325,6756896972656;84,82723236083984;47,746543884277344;2,8886983394622803;0,5583241581916809;31,100000381469727;33,84728240966797;21,11475944519043;33,07146453857422;1,4147242307662964;24,364805221557617;34,01780700683594;70,38037872314453;23716,0
2017-09-18;57,54005432128906;126,57890319824219;41,79999923706055;9,439776420593262;9,578413963317871;20,829181671142578;60,55231475830078;21,125383377075195;;327,3713684082031;85,5980224609375;47,746543884277344;2,9032883644104004;0,5683844089508057;30,950000762939453;33,36831283569336;21,631155014038086;33,40217971801758;1,410300850868225;24,622482299804688;34,106163024902344;70,38037872314453;23914,0
2017-09-19;59,3494987487793;127,56891632080078;41,70000076293945;9,439776420593262;9,732906341552734;20,861324310302734;64,62235260009766;21,69046974182129;;330,164306640625;86,00369262695312;51,271453857421875;2,881404161453247;0,5667073130607605;31,700000762939453;34,10273361206055;22,893449783325195;34,875362396240234;1,4642703533172607;24,85152816772461;34,135616302490234;80,47503662109375;24215,0
2017-09-20;59,168556213378906;128,34677124023438;41,70000076293945;9,634010314941406;9,694282531738281;20,700605392456055;65,20378875732422;21,69046974182129;;333,60565185546875;85,39517211914062;51,872291564941406;2,9178779125213623;0,563353955745697;32,349998474121094;33,783424377441406;22,463119506835938;36,01783752441406;1,4775421619415283;24,622482299804688;33,870540618896484;79,27494812011719;24335,0
2017-09-21;59,8199577331543;132,23606872558594;42,599998474121094;9,86709213256836;9,810151100158691;20,893468856811523;65,28684997558594;21,21232032775879;;337,1465759277344;85,39517211914062;53,71485900878906;2,895993709564209;0,5616775751113892;32,29999923706055;34,00693893432617;23,23771095275879;35,2962760925293;1,5257607698440552;24,908790588378906;34,06689453125;80,12206268310547;24579,0
2017-09-22;61,629371643066406;139,23681640625;43,150001525878906;10,06132698059082;9,732906341552734;21,214908599853516;67,69566345214844;20,734172821044922;;383,52923583984375;85,19232940673828;54,19552993774414;2,9032883644104004;0,5817972421646118;33,0;34,10273361206055;23,668039321899414;35,47666549682617;1,5837125778198242;24,737010955810547;34,75412368774414;80,8633041381836;24995,0
2017-09-25;62,35315704345703;136,3375244140625;42,849998474121094;10,06132698059082;9,694282531738281;20,925613403320312;66,94808959960938;21,951274871826172;;408,21685791015625;85,1112060546875;55,23698806762695;2,8886983394622803;0,6069473624229431;32,79999923706055;33,591827392578125;23,29508399963379;35,025691986083984;1,579289197921753;24,679746627807617;34,71485137939453;80,15737915039062;25047,0
2017-09-26;63,65594482421875;137,9639434814453;43,20000076293945;9,86709213256836;9,539793014526367;20,732749938964844;68,1109619140625;23,03797149658203;;406,02227783203125;86,28765869140625;54,8764762878418;2,8886983394622803;0,6019169092178345;33,45000076293945;32,76161575317383;22,692628860473633;34,334190368652344;1,5615938901901245;24,450698852539062;36,88943862915039;80,54562377929688;25166,0
2017-09-27;62,60649108886719;135,7718048095703;43,20000076293945;9,86709213256836;9,810151100158691;20,443456649780273;68,06942749023438;23,950794219970703;;427,76739501953125;86,00369262695312;54,75631332397461;2,8522257804870605;0,6388034820556641;33,29999923706055;32,88933563232422;23,38115119934082;33,91328811645508;1,5571703910827637;24,307544708251953;37,91537094116211;79,69851684570312;25271,0
2017-09-28;64,16259002685547;139,62571716308594;43,650001525878906;9,86709213256836;9,848772048950195;20,764892578125;68,77545928955078;24,820152282714844;;441,6322021484375;86,93675994873047;55,27704620361328;2,84493088722229;0,6538934707641602;33,70000076293945;34,901023864746094;23,46721649169922;34,27406311035156;1,5907905101776123;24,88016128540039;37,773014068603516;81,00447845458984;25597,0
2017-09-29;64,56066131591797;143,7271728515625;45,349998474121094;9,983633995056152;10,080509185791016;20,829181671142578;71,22579956054688;26,558868408203125;;433,10382080078125;86,8150405883789;57,35994338989258;2,8303420543670654;0,6639528870582581;34,5;36,880767822265625;23,43852996826172;35,47666549682617;1,610255479812622;25,0233154296875;38,21480941772461;83,51049041748047;26078,0
2017-10-02;65,06731414794922;147,58111572265625;46,04999923706055;9,86709213256836;10,041887283325195;21,11847496032715;71,18426513671875;26,124187469482422;;425,5727844238281;86,6122055053711;58,00083923339844;2,859520435333252;0,6522163152694702;35,54999923706055;38,54119873046875;23,811481475830078;34,875362396240234;1,619103193283081;24,966053009033203;39,319278717041016;84,88704681396484;26351,0
2017-10-03;65,75491333007812;151,04612731933594;46,099998474121094;10,06132698059082;10,041887283325195;21,504201889038086;71,51651000976562;25,60257339477539;;433,65234375;88,0726547241211;59,002235412597656;2,874109983444214;0,6941328048706055;36,150001525878906;38,41347122192383;23,754104614257812;35,416534423828125;1,62795090675354;24,56521987915039;39,230918884277344;85,7341537475586;26673,0
2017-10-04;66,4424819946289;151,11685180664062;45,599998474121094;9,94478702545166;9,887395858764648;21,11847496032715;69,93832397460938;25,60257339477539;;427,36822509765625;88,11321258544922;57,88066864013672;2,895993709564209;0,6907793879508972;36,04999923706055;38,28574752807617;23,668039321899414;35,777313232421875;1,6544928550720215;24,737010955810547;38,60750961303711;85,66355895996094;26477,0
2017-10-05;67,6366958618164;151,01072692871094;46,70000076293945;10,17786693572998;9,964641571044922;21,022045135498047;70,27058410644531;25,646039962768555;;443,6770324707031;89,5330810546875;60,6845703125;2,947056531906128;0,7276659607887268;37,04999923706055;39,115962982177734;24,58607292175293;37,58121109008789;1,6792662143707275;25,0233154296875;39,103294372558594;87,18132019042969;27016,0
2017-10-06;67,67289733886719;151,43504333496094;47,0;10,100172996520996;9,810151100158691;20,764892578125;70,60282897949219;25,29829978942871;;442,6794738769531;89,73592376708984;60,56440734863281;3,1804871559143066;0,7394024729728699;36,95000076293945;38,57313537597656;24,614761352539062;36,85965347290039;1,6633408069610596;25,452777862548828;38,33261489868164;86,29888153076172;26798,0
2017-10-10;66,98530578613281;151,3289794921875;46,75;10,410947799682617;10,080509185791016;20,66846466064453;69,48149108886719;27,123950958251953;;482,8279113769531;88,96514129638672;60,04368591308594;3,224254846572876;0,7494618892669678;36,79999923706055;39,56299591064453;24,127056121826172;38,93413543701172;1,6500693559646606;25,080575942993164;38,77440643310547;87,46366119384766;27097,0
2017-10-11;66,69578552246094;151,22288513183594;47,0;10,488640785217285;10,157752990722656;20,79703712463379;70,51976776123047;26,558868408203125;;489,26165771484375;88,27549743652344;59,32268142700195;3,2023708820343018;0,719282865524292;36,70000076293945;38,50926971435547;23,409841537475586;38,39296340942383;1,6721882820129395;24,822900772094727;38,74004364013672;86,9342269897461;26890,0
2017-10-12;67,67289733886719;152,42503356933594;47,45000076293945;10,527487754821777;10,080509185791016;21,311338424682617;71,8487548828125;27,080482482910156;;487,6656799316406;89,00570678710938;60,44424057006836;3,2023708820343018;0,7461093068122864;37,0;38,7327880859375;22,979511260986328;39,11452865600586;1,6500693559646606;24,937421798706055;38,6811408996582;88,13429260253906;27060,0
2017-10-13;68,64997863769531;154,5464630126953;46,95000076293945;10,449795722961426;9,964641571044922;22,05064582824707;72,09794616699219;27,123950958251953;;481,48138427734375;89,08683776855469;60,44424057006836;3,1804871559143066;0,7427559494972229;36,79999923706055;39,211753845214844;22,549184799194336;40,16680145263672;1,6677650213241577;24,3361759185791;38,956031799316406;89,65202331542969;27141,0
2017-10-17;68,83091735839844;154,29893493652344;44,650001525878906;10,100172996520996;9,771528244018555;21,761350631713867;74,79747009277344;26,428466796875;;467,4667663574219;88,4377670288086;58,76189422607422;3,158602714538574;0,7176057696342468;36,54999923706055;38,50926971435547;22,032791137695312;39,56550216674805;1,6810358762741089;24,966053009033203;38,86767578125;88,48725891113281;26622,0
2017-10-18;67,13005828857422;152,81398010253906;44,0;9,7505521774292;9,655660629272461;21,536344528198242;74,25756072998047;26,080720901489258;;450,0108947753906;88,84344482421875;57,960777282714844;3,1075406074523926;0,7108989357948303;36,29999923706055;37,008487701416016;21,774595260620117;38,18251037597656;1,7230616807937622;24,937421798706055;38,764591217041016;87,88721466064453;26213,0
2017-10-19;67,8900375366211;153,27359008789062;44,900001525878906;10,255560874938965;10,19637680053711;21,986358642578125;75,005126953125;26,95008087158203;;479,1871032714844;91,52091217041016;60,04368591308594;3,2461390495300293;0,7209591865539551;36,79999923706055;37,263938903808594;22,950824737548828;37,58121109008789;1,8358677625656128;25,109209060668945;39,172019958496094;88,13429260253906;26805,0
2017-10-20;68,32427215576172;153,7332763671875;46,45000076293945;10,372101783752441;10,23499870300293;21,729209899902344;74,38215637207031;27,123950958251953;;480,7830810546875;89,65479278564453;59,2425651550293;3,392033100128174;0,744432270526886;36,5;38,76471710205078;23,46721649169922;37,82173156738281;1,9508870840072632;25,05194664001465;39,43709182739258;88,38135528564453;26979,0
2017-10-23;71,87080383300781;166,0729217529297;48,599998474121094;10,644028663635254;10,19637680053711;23,111391067504883;78,03689575195312;27,123950958251953;;496,2938537597656;95,33427429199219;60,4041862487793;3,5379269123077393;0,791378378868103;37,25;39,594932556152344;24,385251998901367;38,453094482421875;1,9995478391647339;27,256519317626953;41,45459747314453;91,87566375732422;27783,0
2017-10-24;72,44982147216797;165,825439453125;49,45000076293945;10,721722602844238;10,19637680053711;23,914989471435547;77,74617004394531;26,776206970214844;;507,116455078125;95,65882873535156;60,964969635009766;3,5671064853668213;0,8232344388961792;38,75;38,796653747558594;23,63935089111328;37,88186264038086;2,0508644580841064;28,94573211669922;41,228790283203125;91,80509185791016;28010,0
2017-10-25;71,79841613769531;165,68399047851562;48,5;10,410947799682617;10,041887283325195;23,78641128540039;77,24781036376953;26,124187469482422;;491,90496826171875;94,92860412597656;59,202510833740234;3,49415922164917;0,8701813817024231;38,25;38,828582763671875;23,92623519897461;37,58121109008789;2,0521907806396484;28,487640380859375;42,69651794433594;91,73448944091797;27878,0
2017-10-26;71,47270965576172;168,22975158691406;48,599998474121094;10,216713905334473;10,19637680053711;24,011415481567383;77,08167266845703;26,29806137084961;;496,6429748535156;96,754150390625;58,48150634765625;3,5379269123077393;0,8601211905479431;38,75;38,09416198730469;23,524595260620117;38,12238311767578;2,189770221710205;28,94573211669922;42,52962112426758;92,51101684570312;27829,0
2017-10-27;69,7718276977539;164,02224731445312;47,150001525878906;10,100172996520996;10,253206253051758;23,914989471435547;75,37889862060547;25,993785858154297;;491,8551330566406;93,99555206298828;58,12099838256836;3,7348835468292236;0,8400015234947205;38,04999923706055;37,61518859863281;22,836071014404297;37,22043228149414;2,0986404418945312;28,229963302612305;42,382354736328125;92,26392364501953;27479,0
2017-10-30;70,02516174316406;159,10755920410156;46,95000076293945;10,721722602844238;10,531394004821777;24,332855224609375;76,04340362548828;25,9503173828125;;492,6031188964844;93,79270935058594;59,08234405517578;3,7348835468292236;0,8064682483673096;37,099998474121094;37,67905807495117;22,86475944519043;36,07796096801758;2,034938335418701;28,688058853149414;42,36272430419922;91,41680908203125;27406,0
2017-10-31;70,45942687988281;157,79931640625;48,25;11,226731300354004;11,087770462036133;24,815013885498047;78,90904235839844;25,906848907470703;;475,446533203125;93,99555206298828;60,48429489135742;3,7348835468292236;0,8182048797607422;38,400001525878906;38,50926971435547;23,92623519897461;37,88186264038086;2,0836000442504883;29,718767166137695;42,74560546875;92,016845703125;27935,0
2017-11-01;69,1566390991211;151,04612731933594;48,25;11,187884330749512;11,365959167480469;25,232885360717773;78,16148376464844;26,254592895507812;63,852230072021484;478,9876403808594;96,83528900146484;60,884857177734375;3,8515987396240234;0,8249115943908691;39,04999923706055;41,191505432128906;24,4139404296875;39,0844612121582;2,176499605178833;29,546979904174805;42,25963592529297;88,94609069824219;27980,0
2017-11-02;67,60054016113281;148,35894775390625;48,54999923706055;11,071343421936035;11,326217651367188;25,747182846069336;77,4554443359375;26,341527938842773;63,852230072021484;471,4068603515625;97,3626708984375;59,64311981201172;3,997492551803589;0,8483846187591553;39,0;41,54275131225586;23,89754867553711;38,272705078125;2,2030420303344727;30,17685890197754;42,5394401550293;87,5695571899414;27945,0
2017-11-03;67,45575714111328;148,18215942382812;47,45000076293945;11,187884330749512;11,524923324584961;26,100765228271484;76,5417709350586;26,124187469482422;64,02125549316406;471,9554748535156;96,26734161376953;59,48290252685547;4,033966064453125;0,8601211905479431;39,650001525878906;42,692283630371094;23,094268798828125;37,88186264038086;2,17561411857605;30,491796493530273;42,55416488647461;87,88721466064453;27978,0
2017-11-07;68,36046600341797;150,19752502441406;47,150001525878906;11,770586967468262;11,962074279785156;26,71149444580078;75,58655548095703;26,515403747558594;63,3028678894043;478,8380126953125;94,1578140258789;59,803340911865234;4,048556327819824;0,8383244276046753;39,04999923706055;43,45863723754883;22,950824737548828;38,483158111572266;2,1455328464508057;30,835365295410156;42,937049865722656;86,36949157714844;28120,0
2017-11-08;67,78146362304688;150,621826171875;46,45000076293945;11,5763521194458;12,359484672546387;26,004335403442383;74,50675201416016;26,341527938842773;64,6551284790039;482,6783447265625;94,5229263305664;59,48290252685547;3,8953659534454346;0,8400015234947205;38,650001525878906;43,075462341308594;24,643449783325195;37,88186264038086;2,1012942790985107;30,062335968017578;42,681785583496094;87,04012298583984;28082,0
2017-11-09;69,08425903320312;150,3035888671875;46,70000076293945;11,382118225097656;12,001813888549805;25,779327392578125;75,58655548095703;27,38475799560547;63,809974670410156;494,8475036621094;94,36065673828125;58,36134719848633;3,997492551803589;0,8165284395217896;38,25;43,235111236572266;25,30328369140625;37,61127853393555;2,052633762359619;30,119598388671875;41,587135314941406;86,79302215576172;27952,0
2017-11-10;66,87675476074219;146,62646484375;45,349998474121094;10,838263511657715;11,286477088928223;24,590721130371094;72,7209243774414;26,863143920898438;62,62673568725586;487,2167663574219;93,50872802734375;57,68039321899414;3,8734824657440186;0,754492461681366;37,099998474121094;42,43682098388672;24,700824737548828;36,49887466430664;1,9907000064849854;29,34886932373047;39,70216369628906;85,9459457397461;27081,0
2017-11-13;65,64633178710938;142,0653839111328;43,900001525878906;10,721722602844238;11,048028945922852;24,426780700683594;72,18101501464844;26,428466796875;62,753517150878906;502,6777038574219;90,871826171875;56,55882263183594;3,902661085128784;0,7846723198890686;36,599998474121094;41,70240783691406;24,15574073791504;35,777313232421875;1,9995478391647339;28,89827537536621;39,65798568725586;83,36930084228516;26715,0
2017-11-14;62,96836471557617;122,9724349975586;42,099998474121094;10,29440689086914;10,491653442382812;23,54151725769043;68,27709197998047;25,68950843811035;61,697052001953125;485,2218322753906;89,04627990722656;54,75631332397461;3,7932419776916504;0,7494618892669678;35,599998474121094;41,12764358520508;23,72541618347168;34,875362396240234;1,9907000064849854;27,78679847717285;38,48479080200195;80,19268035888672;25611,0
2017-11-15;64,37973022460938;126,61426544189453;43,70000076293945;10,410947799682617;10,769840240478516;23,93497085571289;71,8487548828125;26,037256240844727;62,66899871826172;494,7975769042969;92,53510284423828;57,600276947021484;3,8515987396240234;0,744432270526886;38,5;43,20318603515625;24,069677352905273;35,05575180053711;2,1225292682647705;29,37890625;38,12154006958008;84,56938934326172;26313,0
2017-11-16;69,40995788574219;133,93319702148438;45,45000076293945;10,877110481262207;11,20699405670166;25,04974937438965;73,46847534179688;26,080720901489258;64,78190612792969;505,47064208984375;95,61825561523438;59,442848205566406;3,902661085128784;0,7595221996307373;38,79999923706055;43,682151794433594;25,446727752685547;34,875362396240234;2,1344733238220215;30,94097900390625;39,65798568725586;86,12240600585938;27267,0
2017-11-17;69,08425903320312;128,80642700195312;45,400001525878906;10,721722602844238;10,849324226379395;24,557931900024414;72,43019104003906;26,080720901489258;65,07772064208984;497,9895935058594;94,92860412597656;58,0809440612793;3,815126419067383;0,7511390447616577;37,95000076293945;43,36284637451172;25,159841537475586;35,1760139465332;2,0990827083587646;30,850854873657227;39,44200134277344;87,81661224365234;27129,0
2017-11-21;72,34122467041016;122,86640167236328;45,349998474121094;10,644028663635254;10,730101585388184;23,803815841674805;76,58330535888672;26,428466796875;67,02159881591797;501,7300109863281;98,90423583984375;58,12099838256836;3,8661882877349854;0,7695823907852173;37,650001525878906;43,52250289916992;26,106563568115234;35,1760139465332;2,194195032119751;31,00105857849121;39,545082092285156;90,25203704833984;27266,0
2017-11-22;71,47270965576172;123,57354736328125;46,70000076293945;10,838263511657715;10,928805351257324;24,197267532348633;78,90904235839844;26,471933364868164;69,8106460571289;494,94720458984375;97,97118377685547;58,922115325927734;3,9391355514526367;0,7595221996307373;37,849998474121094;43,36284637451172;25,819679260253906;35,47666549682617;2,165882110595703;32,26272964477539;39,559810638427734;88,27546691894531;27328,0
2017-11-23;71,36416625976562;127,67495727539062;46,75;10,760568618774414;10,769840240478516;24,328420639038086;80,73641204833984;26,341527938842773;70,31774139404297;492,154296875;99,7155990600586;58,681785583496094;4,1506805419921875;0,7679052948951721;37,25;42,7880744934082;25,67623519897461;35,92763900756836;2,167651653289795;32,26272964477539;39,95742416381836;86,08712005615234;27293,0
2017-11-24;71,32794189453125;128,84176635742188;46,5;10,68287467956543;10,730101585388184;24,62350845336914;80,44569396972656;26,29806137084961;70,06420135498047;502,927001953125;99,7155990600586;60,003639221191406;4,340342998504639;0,7695823907852173;39,5;42,21330642700195;26,393449783325195;35,1760139465332;2,194195032119751;31,842174530029297;39,50090408325195;88,27546691894531;27465,0
2017-11-28;70,4232406616211;126,7203140258789;45,0;10,255560874938965;10,372431755065918;24,16448402404785;77,99535369873047;26,037256240844727;67,35966491699219;495,34625244140625;97,89005279541016;57,840614318847656;4,296573638916016;0,7142524123191833;38,349998474121094;41,734336853027344;25,159841537475586;34,81523513793945;2,176499605178833;30,490381240844727;38,494606018066406;88,24016571044922;26912,0
2017-11-29;70,53180694580078;127,25067901611328;44,75;10,29440689086914;10,451911926269531;24,23005485534668;77,78770446777344;25,9503173828125;65,83837127685547;506,5179748535156;98,49857330322266;60,04368591308594;4,238216876983643;0,719282865524292;39,29999923706055;41,31922149658203;25,418039321899414;34,42438888549805;2,158804178237915;30,971017837524414;38,308074951171875;87,46366119384766;26903,0
2017-11-30;71,94317626953125;125,9071044921875;44,29999923706055;10,372101783752441;10,571137428283691;24,0333309173584;75,54503631591797;25,776447296142578;65,83837127685547;501,2811279296875;97,80892181396484;59,202510833740234;4,24551248550415;0,7159294486045837;39,0;41,446964263916016;25,733612060546875;35,957706451416016;2,158804178237915;31,181299209594727;38,4504280090332;85,52236938476562;26905,0
2017-12-01;72,41362762451172;125,12925720214844;44,0;10,255560874938965;10,531394004821777;24,62350845336914;75,37889862060547;25,9503173828125;64,14804077148438;503,1264953613281;101,0137710571289;58,72183609008789;4,216332912445068;0,7058692574501038;38,0;40,967987060546875;26,30738067626953;35,32633972167969;2,185346841812134;30,730703353881836;38,89712905883789;84,18111419677734;26942,0
2017-12-04;73,31835174560547;127,71034240722656;43,20000076293945;10,06132698059082;10,292947769165039;24,0333309173584;76,04340362548828;25,906848907470703;63,55642318725586;493,2515869140625;101,74400329589844;58,0809440612793;4,267396450042725;0,6941328048706055;37,45000076293945;40,07390594482422;26,1639404296875;34,364261627197266;2,185346841812134;30,460338592529297;39,0051155090332;84,71057891845703;26834,0
2017-12-05;73,64404296875;129,12460327148438;42,75;9,983633995056152;10,09424114227295;23,344791412353516;76,00186920166016;25,472171783447266;62,54222106933594;482,4289245605469;102,75818634033203;58,922115325927734;4,296573638916016;0,6891030073165894;37,75;39,24368667602539;25,245906829833984;33,973411560058594;2,273822784423828;29,73938751220703;37,66502380371094;86,01651763916016;26483,0
2017-12-06;74,33162689208984;138,60037231445312;43,70000076293945;9,711705207824707;10,09424114227295;23,312002182006836;77,49699401855469;24,9940242767334;62,54222106933594;478,5387878417969;104,01578521728516;58,48150634765625;4,486237525939941;0,6840725541114807;38,349998474121094;38,70085525512695;24,844266891479492;34,54465103149414;2,3180603981018066;30,220020294189453;38,0380859375;87,71073913574219;26471,0
2017-12-07;77,04576873779297;140,7217559814453;44,29999923706055;10,06132698059082;10,491653442382812;23,50872802734375;79,36588287353516;24,9940242767334;63,387386322021484;478,9876403808594;103,93465423583984;60,083736419677734;4,61024808883667;0,7209591865539551;40,5;40,68060302734375;25,70492172241211;34,27406311035156;2,3897249698638916;30,25006675720215;37,76319885253906;89,01669311523438;26842,0
2017-12-11;80,6646499633789;146,34361267089844;44,349998474121094;10,255560874938965;10,372431755065918;23,836605072021484;81,98233032226562;26,037256240844727;64,23255157470703;485,1221923828125;103,81294250488281;63,969154357910156;4,675899028778076;0,7142524123191833;42,20000076293945;40,84025955200195;25,79098892211914;33,492374420166016;2,415383815765381;31,902254104614258;37,50303268432617;91,16975402832031;27307,0
2017-12-12;81,02651977539062;147,72250366210938;44,599998474121094;10,255560874938965;10,332688331604004;23,54151725769043;83,5605239868164;25,819913864135742;64,44384765625;476,8929443359375;105,15169525146484;65,0506591796875;4,654015064239502;0,697486162185669;42,20000076293945;40,872196197509766;25,38935089111328;33,52244567871094;2,404323101043701;31,151256561279297;37,14960479736328;93,9934310913086;27342,0
2017-12-13;80,48369598388672;144,89393615722656;44,400001525878906;10,29440689086914;10,054502487182617;22,951335906982422;84,14195251464844;25,037490844726562;63,47190475463867;470,55889892578125;107,34234619140625;63,969154357910156;4,5591840744018555;0,687425971031189;42,599998474121094;40,1058349609375;24,52869415283203;33,58256912231445;2,388840675354004;30,880897521972656;36,899253845214844;96,42888641357422;27035,0
2017-12-14;82,1845703125;143,3382110595703;44,20000076293945;10,29440689086914;10,09424114227295;22,754613876342773;82,2730712890625;24,863618850708008;64,06352233886719;463,6763000488281;106,6932601928711;64,16943359375;4,464353561401367;0,6823961734771729;43,150001525878906;42,59648513793945;24,069677352905273;33,40217971801758;2,4242305755615234;30,880897521972656;37,24287033081055;98,05248260498047;27139,0
2017-12-15;81,89505767822266;142,03004455566406;44,70000076293945;10,216713905334473;10,173725128173828;22,820186614990234;83,47747039794922;24,733217239379883;63,64093780517578;457,59173583984375;107,5046157836914;62,68737030029297;4,486237525939941;0,6840725541114807;42,900001525878906;42,149444580078125;23,840167999267578;33,07146453857422;2,4773166179656982;29,979703903198242;36,20711898803711;98,75839233398438;27022,0
2017-12-18;82,61883544921875;144,29290771484375;44,349998474121094;10,255560874938965;10,133984565734863;23,27921485900879;83,0621566772461;24,559345245361328;63,89448547363281;476,9427795410156;108,96505737304688;63,36832046508789;4,486237525939941;0,6941328048706055;42,650001525878906;42,75613784790039;24,299184799194336;33,67276382446289;2,534825086593628;30,490381240844727;36,48692321777344;100,17023468017578;27137,0
2017-12-19;85,15205383300781;147,1214599609375;46,650001525878906;10,372101783752441;10,451911926269531;23,86939239501953;86,1769790649414;25,29829978942871;68,45838165283203;483,0772399902344;111,15572357177734;65,53132629394531;4,697783470153809;0,7461093068122864;44,04999923706055;43,6182975769043;24,614761352539062;33,70283508300781;2,6542675495147705;30,971017837524414;36,364200592041016;103,84103393554688;27707,0
2017-12-20;85,15205383300781;147,1214599609375;46,95000076293945;10,372101783752441;10,491653442382812;23,90218162536621;89,54100799560547;25,9503173828125;67,40192413330078;491,1069641113281;114,15773010253906;66,93328857421875;4,960392951965332;0,7662289142608643;45,5;43,42670822143555;24,959022521972656;33,973411560058594;2,786980628967285;31,00105857849121;38,067543029785156;103,94690704345703;28069,0
2017-12-21;84,0663833618164;148,35894775390625;48,29999923706055;10,410947799682617;10,650617599487305;25,08253288269043;89,91477966308594;26,037256240844727;67,275146484375;498,7375793457031;113,79263305664062;67,17362213134766;5,069812774658203;0,7410788536071777;45,349998474121094;43,45863723754883;25,877056121826172;33,34205627441406;2,8130812644958496;31,78209114074707;38,705684661865234;106,311767578125;28481,0
2017-12-22;84,79015350341797;149,1721954345703;48,70000076293945;10,838263511657715;10,968546867370605;25,246471405029297;90,6623306274414;26,863143920898438;67,6977310180664;498,03948974609375;113,6303482055664;68,17501831054688;5,069812774658203;0,7310194373130798;45,25;44,703956604003906;27,483612060546875;33,492374420166016;2,8307764530181885;32,08249282836914;39,55094909667969;106,62940979003906;28932,0
2017-12-26;86,20150756835938;151,04612731933594;49,20000076293945;10,915956497192383;11,008288383483887;25,344833374023438;89,7486572265625;27,51516342163086;69,21902465820312;489,6606140136719;114,1171646118164;66,77306365966797;5,274064064025879;0,7930554747581482;45,150001525878906;44,1611213684082;26,93852996826172;34,27406311035156;2,8316609859466553;31,842174530029297;39,4227294921875;108,07656860351562;29186,0
2017-12-27;87,54051208496094;151,68255615234375;49,150001525878906;10,760568618774414;11,087770462036133;25,47598648071289;90,95306396484375;27,732501983642578;70,31774139404297;492,05450439453125;112,59612274169922;66,37250518798828;5,332421779632568;0,7897020578384399;43,900001525878906;44,6081657409668;26,995906829833984;33,67276382446289;2,8489131927490234;31,571813583374023;39,9553337097168;107,72359466552734;29194,0
2017-12-28;90,03752899169922;154,86468505859375;50,150001525878906;11,110191345214844;11,763368606567383;27,115365982055664;93,73562622070312;27,993309020996094;71,7545166015625;496,7427673339844;115,56688690185547;67,81450653076172;5,4564313888549805;0,7863485813140869;45,349998474121094;46,140869140625;27,368860244750977;36,01783752441406;2,9639320373535156;32,98368453979492;41,63206100463867;110,82967376708984;29975,0
2018-01-01;90,03752899169922;154,86468505859375;50,150001525878906;11,110191345214844;11,763368606567383;27,115365982055664;93,73562622070312;27,645566940307617;72,1771011352539;496,7427673339844;115,56688690185547;67,81450653076172;5,4564313888549805;0,7863485813140869;45,349998474121094;46,140869140625;27,368860244750977;36,01783752441406;3,008169651031494;32,98368453979492;41,63206100463867;110,82967376708984;
2018-01-02;90,0737075805664;153,1322021484375;51,20000076293945;11,654045104980469;12,558192253112793;27,049793243408203;93,15420532226562;29,99283218383789;74,71259307861328;552,4514770507812;116,32003021240234;68,09489440917969;5,68986177444458;0,8265878558158875;46,599998474121094;51,05830383300781;29,7500057220459;36,679264068603516;3,066563129425049;35,23666763305664;42,820560455322266;111,00611877441406;31084,0
2018-01-03;89,42230224609375;153,37969970703125;51,79999923706055;11,654045104980469;12,995346069335938;27,312091827392578;92,98808288574219;31,296863555908203;75,21969604492188;575,0942993164062;116,69660186767578;68,17501831054688;5,602325439453125;0,8198818564414978;46,79999923706055;51,345680236816406;30,926237106323242;36,19822311401367;2,9396004676818848;35,026390075683594;43,41234588623047;109,6649169921875;31476,0
2018-01-04;94,01829528808594;154,5464630126953;51,849998474121094;11,537506103515625;13,035085678100586;28,000633239746094;95,10617065429688;33,2529182434082;77,83970642089844;582,7749633789062;118,70501708984375;69,01618957519531;5,543968677520752;0,8148513436317444;47,349998474121094;50,77092742919922;31,471317291259766;36,25835037231445;2,8657243251800537;36,46829605102539;43,36796188354492;112,52384185791016;31952,0
2018-01-05;93,90971374511719;155,39505004882812;52,29999923706055;11,73173999786377;12,87612247467041;27,73833465576172;95,52147674560547;33,861473083496094;77,75518798828125;573,9472045898438;120,7134017944336;69,416748046875;5,471020221710205;0,8131750822067261;47,25;51,409549713134766;33,22132110595703;36,25835037231445;2,8829762935638428;36,49833679199219;42,58384704589844;114,32394409179688;32190,0
2018-01-08;92,57073974609375;154,051513671875;53,400001525878906;11,73173999786377;12,597933769226074;27,63996696472168;94,73238372802734;33,60066223144531;76,48744201660156;569,7078857421875;123,76786041259766;68,13494110107422;5,558557510375977;0,8131750822067261;48,29999923706055;54,05986404418945;34,65574645996094;35,1760139465332;2,8705899715423584;35,71730422973633;44,304954528808594;115,62994384765625;32351,0
2018-01-09;91,77458953857422;152,31895446777344;53,099998474121094;11,692893028259277;12,478708267211914;27,312091827392578;93,07113647460938;33,774532318115234;75,43099212646484;576,5407104492188;123,22392272949219;66,77306365966797;5,646093368530273;0,7997615337371826;48,04999923706055;56,39084243774414;35,00000762939453;35,416534423828125;2,81440806388855;36,04774475097656;45,074275970458984;114,32394409179688;32139,0
2018-01-10;92,35359954833984;147,75787353515625;51,79999923706055;11,420965194702148;12,240262985229492;26,68912696838379;93,02961730957031;33,165985107421875;76,48744201660156;582,4757080078125;121,84313201904297;67,25372314453125;5,602325439453125;0,7813187837600708;47,79999923706055;55,75221633911133;34,22541809082031;34,60477828979492;2,808657169342041;34,90623092651367;44,04851531982422;111,25321197509766;31632,0
2018-01-11;93,5116195678711;150,97540283203125;52,70000076293945;11,187884330749512;12,240262985229492;25,70549964904785;96,22750854492188;34,38308334350586;76,57196044921875;593,697265625;123,34942626953125;68,21507263183594;5,6752729415893555;0,791378378868103;49,599998474121094;58,37059783935547;34,28279113769531;34,875362396240234;2,8236985206604004;33,67459487915039;45,61674499511719;111,99442291259766;32078,0
2018-01-12;96,26195526123047;153,1322021484375;53,95000076293945;11,304425239562988;12,677413940429688;25,803863525390625;99,01008605957031;36,51301193237305;80,29068756103516;597,7371215820312;122,76363372802734;69,7772445678711;5,850344657897949;0,7947316765785217;50,150001525878906;59,71171569824219;34,34016799926758;35,416534423828125;2,9329657554626465;32,533084869384766;46,41072082519531;115,70050048828125;32720,0
2018-01-15;99,62752532958984;153,06146240234375;56,0;11,537506103515625;12,995346069335938;25,902223587036133;103,82767486572266;39,12108612060547;83,0374755859375;603,472412109375;122,5125961303711;74,30355072021484;6,1640167236328125;0,8098215460777283;53,0;62,968727111816406;34,311485290527344;36,91978073120117;2,9718945026397705;33,01372528076172;48,52142333984375;120,35957336425781;33623,0
2018-01-16;99,0846939086914;155,53646850585938;54,95000076293945;11,848278999328613;13,154308319091797;26,13174057006836;102,83094024658203;40,85979461669922;80,29068756103516;586,5155639648438;123,85154724121094;71,69993591308594;6,4047417640686035;0,8064682483673096;53,25;63,06450271606445;34,36886215209961;36,55900192260742;2,9426980018615723;33,58448028564453;47,554840087890625;119,05362701416016;33522,0
2018-01-17;99,01233673095703;155,92538452148438;54,25;12,54752254486084;13,154308319091797;26,197315216064453;103,66157531738281;39,42535400390625;78,6003646850586;584,5703125;123,39128112792969;71,94026184082031;6,849719047546387;0,8031148910522461;54,70000076293945;62,71326446533203;34,65574645996094;36,55900192260742;2,916597843170166;33,79475402832031;47,446346282958984;118,94775390625;33598,0
2018-01-18;100,38751220703125;156,59719848632812;54,5;12,702910423278809;13,432496070861816;26,197315216064453;104,3260498046875;38,7298698425293;79,14971923828125;601,9763793945312;125,35785675048828;72,30076599121094;7,192569255828857;0,8651509284973145;55,29999923706055;62,26622772216797;35,00000762939453;37,190364837646484;2,977203130722046;33,13388442993164;47,638675689697266;118,52417755126953;34049,0
2018-01-19;99,0846939086914;153,7686309814453;53,400001525878906;12,664063453674316;13,233790397644043;25,7382869720459;103,66157531738281;36,991153717041016;79,86811065673828;616,788818359375;123,642333984375;71,2192611694336;7,294694900512695;0,8601211905479431;55,849998474121094;60,350337982177734;34,426239013671875;37,28055953979492;2,9639320373535156;32,56312942504883;46,65729904174805;116,08876037597656;33592,0
2018-01-22;96,98574829101562;154,47573852539062;53,79999923706055;12,54752254486084;13,233790397644043;25,574344635009766;102,74787902832031;36,20873260498047;80,29068756103516;610,6046142578125;126,44573974609375;72,50105285644531;7,148799419403076;0,845031201839447;57,400001525878906;61,62759017944336;34,36886215209961;36,37861633300781;2,879879951477051;33,43428039550781;47,623878479003906;114,53578186035156;33526,0
2018-01-23;97,3476333618164;151,1875457763672;53,849998474121094;12,625216484069824;13,35301399230957;26,197315216064453;105,57199096679688;37,2519645690918;79,95262145996094;608,2105712890625;127,91019439697266;72,94165802001953;7,221747398376465;0,8467084169387817;57,5;66,64082336425781;34,39754867553711;36,37861633300781;2,9639320373535156;34,57579040527344;49,305538177490234;115,77111053466797;33893,0
2018-01-24;97,38383483886719;152,92001342773438;55,150001525878906;12,858296394348145;13,670942306518555;26,09895133972168;106,52721405029297;39,86003494262695;79,44552612304688;619,4820556640625;130,7135772705078;74,82427978515625;7,177978992462158;0,8651509284973145;59,5;66,16185760498047;36,4631233215332;37,28055953979492;3,106377363204956;34,365516662597656;51,085819244384766;117,95944213867188;34949,0
2018-01-25;96,66007995605469;151,3289794921875;55,29999923706055;12,974837303161621;13,670942306518555;27,213733673095703;106,94252014160156;40,94673156738281;79,74132537841797;618,4843139648438;127,19888305664062;74,46377563476562;7,0466766357421875;0,8802409172058105;61,0;65,90641021728516;36,29098892211914;40,106666564941406;3,1780428886413574;33,854835510253906;51,15486526489258;118,55950927734375;35142,0
2018-01-26;94,48873138427734;151,5764617919922;55,25;13,207919120788574;13,790167808532715;28,13178825378418;104,74137115478516;40,077369689941406;79,6990737915039;642,97265625;126,36204528808594;74,18338012695312;6,973729610443115;0,8685042858123779;62,099998474121094;67,05592346191406;36,52050018310547;40,13673400878906;3,137786626815796;34,51571273803711;50,30170822143555;117,04175567626953;35126,0
2018-01-29;92,78785705566406;147,0507354736328;55,04999923706055;13,246764183044434;13,591461181640625;27,6071834564209;101,12816619873047;39,6427001953125;78,38906860351562;660,4782104492188;122,93103790283203;74,70410919189453;6,849719047546387;0,8584447503089905;60,04999923706055;68,65250396728516;36,692630767822266;39,68575668334961;3,0820465087890625;34,665916442871094;47,870460510253906;115,8416976928711;34787,0
2018-01-30;93,76496887207031;147,26290893554688;54,0;12,897144317626953;13,670942306518555;26,951427459716797;99,46693420410156;38,51252746582031;76,57196044921875;652,1493530273438;120,58790588378906;71,09909057617188;6,601696968078613;0,8366482257843018;58,25;68,62057495117188;36,4631233215332;38,84393310546875;3,0404632091522217;33,76471710205078;46,54387283325195;114,3592758178711;34241,0
2018-01-31;97,23906707763672;149,95004272460938;55,20000076293945;12,897144317626953;13,904040336608887;27,869482040405273;104,36759185791016;37,68663787841797;79,19197845458984;664,4680786132812;124,85574340820312;72,14053344726562;6,827833652496338;0,8517380356788635;61,04999923706055;74,0808334350586;36,950828552246094;39,0844612121582;3,182466745376587;33,76471710205078;47,1553840637207;117,07706451416016;34939,0
2018-02-01;96,80479431152344;144,611083984375;54,650001525878906;12,54752254486084;13,658675193786621;26,984214782714844;103,1631851196289;36,55647659301758;79,02293395996094;664,9669189453125;124,26995086669922;70,61841583251953;6,652761459350586;0,8467084169387817;59,650001525878906;72,35655975341797;37,32378005981445;38,96420669555664;3,1169941425323486;33,01372528076172;46,86442565917969;113,5121841430664;34641,0
2018-02-02;89,96515655517578;140,19142150878906;50,25;12,275594711303711;13,004364967346191;25,93501091003418;98,05487060546875;30,427507400512695;76,14938354492188;641,97509765625;119,1652603149414;66,93328857421875;6,309911727905273;0,7964088320732117;56,04999923706055;67,98194122314453;35,08607482910156;37,28055953979492;3,0294039249420166;31,42161750793457;44,8819465637207;105,92351531982422;32615,0
2018-02-05;87,1424331665039;134,6757049560547;48,75;12,003667831420898;12,227375030517578;24,13169288635254;94,44166564941406;29,81895637512207;72,34613800048828;614,6443481445312;116,06897735595703;64,7302017211914;5,806576728820801;0,7561687231063843;53,25;62,74519729614258;32,18852996826172;35,47666549682617;2,9152705669403076;30,550460815429688;43,26933288574219;102,35861206054688;31146,0
2018-02-06;91,55744171142578;140,8986053466797;51,900001525878906;12,197901725769043;12,431846618652344;24,328420639038086;98,7193603515625;29,558151245117188;71,62774658203125;618,2351684570312;118,57946014404297;68,97612762451172;5,937880992889404;0,7461093068122864;56,0;58,689910888671875;31,5000057220459;34,57471466064453;2,8298914432525635;30,31014633178711;44,12742233276367;106,5235366821289;31624,0
2018-02-07;90,14610290527344;140,36819458007812;50,29999923706055;12,353289604187012;13,045259475708008;25,377622604370117;97,63955688476562;29,558151245117188;73,61388397216797;629,4069213867188;116,23634338378906;69,09630584716797;6,083776473999023;0,7427559494972229;56,099998474121094;60,92510986328125;33,192626953125;36,07796096801758;2,829449415206909;30,850854873657227;43,21015167236328;104,8293228149414;31627,0
2018-02-08;88,8071060180664;137,36285400390625;48,54999923706055;12,392135620117188;13,004364967346191;25,08253288269043;96,26904296875;29,297344207763672;73,52935791015625;599,9812622070312;115,6924057006836;66,49267578125;5,901408672332764;0,7326956987380981;55,349998474121094;58,53025436401367;31,815580368041992;37,250492095947266;2,808657169342041;30,039779663085938;42,80576705932617;102,11153411865234;31022,0
2018-02-09;85,4415512084961;135,0646514892578;47,95000076293945;12,31444263458252;12,513636589050293;24,39399528503418;93,23726654052734;28,514923095703125;73,02227020263672;586,7147216796875;114,93914031982422;65,33104705810547;5,609621524810791;0,7125759720802307;53,5;53,67668533325195;29,692628860473633;35,56686019897461;2,6613452434539795;29,469030380249023;41,60740280151367;101,51151275634766;30143,0
2018-02-14;92,13648986816406;141,71182250976562;49,0;12,197901725769043;12,390952110290527;25,443199157714844;101,75112915039062;29,645084381103516;78,6003646850586;610,4548950195312;117,43305206298828;69,17642211914062;6,025417327880859;0,734372079372406;56,95000076293945;58,75376892089844;31,241811752319336;35,71718215942383;2,7604386806488037;31,842174530029297;45,108795166015625;112,2061996459961;31551,0
2018-02-15;96,4791030883789;148,5710906982422;49,45000076293945;12,31444263458252;12,145587921142578;25,67270851135254;106,361083984375;31,514202117919922;76,74099731445312;625,7660522460938;116,25172424316406;68,4954605102539;6,4193315505981445;0,754492461681366;56,650001525878906;61,6595344543457;31,586074829101562;35,65705490112305;2,8068878650665283;32,352848052978516;44,482486724853516;114,71223449707031;32024,0
2018-02-16;97,42000579833984;154,75863647460938;51,599998474121094;12,664063453674316;12,390952110290527;25,93501091003418;106,61028289794922;31,427270889282227;76,74099731445312;622,27490234375;119,05193328857422;70,0576400756836;6,536046504974365;0,7528153657913208;57,0;64,43756866455078;32,76230239868164;36,04789733886719;2,8909401893615723;32,803443908691406;45,33564758300781;117,04175567626953;32677,0
2018-02-19;96,66007995605469;159,7086181640625;52,599998474121094;12,353289604187012;12,227375030517578;26,394039154052734;111,6355209350586;31,818479537963867;77,96648406982422;642,7732543945312;127,36497497558594;70,61841583251953;6,4193315505981445;0,7528153657913208;58,400001525878906;67,79035186767578;33,651649475097656;36,07796096801758;2,9550843238830566;33,404239654541016;46,0704460144043;113,40628814697266;33281,0
2018-02-20;95,97248840332031;154,9354248046875;51,650001525878906;11,964820861816406;12,063798904418945;26,656339645385742;107,482421875;31,514202117919922;77,75518798828125;624,7686157226562;121,02082061767578;70,13774871826172;6,368268013000488;0,7360491156578064;57,04999923706055;66,8324203491211;33,3073844909668;34,875362396240234;2,9289841651916504;32,503047943115234;45,503318786621094;115,48873901367188;32826,0
2018-02-21;96,80479431152344;157,90545654296875;52,54999923706055;11,92597484588623;12,186479568481445;28,000633239746094;106,5687484741211;31,470741271972656;76,9522933959961;640,279296875;120,14575958251953;68,5355224609375;6,412036418914795;0,7394024729728699;58,599998474121094;69,57852172851562;32,9344367980957;34,725040435791016;2,906864881515503;32,98368453979492;45,93236541748047;116,26527404785156;33042,0
2018-02-22;96,98574829101562;160,239013671875;52,54999923706055;12,003667831420898;12,022903442382812;28,951473236083984;106,65179443359375;31,036056518554688;76,48744201660156;636,7384033203125;116,64550018310547;68,25513458251953;6,295322895050049;0,7528153657913208;58,20000076293945;70,53646850585938;32,38935089111328;34,63484191894531;2,8674941062927246;32,47300720214844;46,770721435546875;117,21826934814453;33125,0
2018-02-23;94,63349914550781;160,20361328125;51,04999923706055;12,04251480102539;12,104693412780762;29,11541175842285;106,19496154785156;30,340574264526367;75,64228057861328;629,3072509765625;116,20799255371094;67,01338958740234;6,010828495025635;0,7410788536071777;57,54999923706055;69,8978271484375;31,901647567749023;34,57471466064453;2,8316609859466553;33,043766021728516;46,307159423828125;115,31224060058594;32742,0
2018-02-26;93,40308380126953;161,9714813232422;52,099998474121094;11,692893028259277;12,022903442382812;28,853113174438477;105,4473876953125;30,03629493713379;76,06486511230469;621,0280151367188;119,66447448730469;67,53411865234375;6,054596900939941;0,7360491156578064;57,70000076293945;68,33319091796875;31,241811752319336;34,81523513793945;3,085143804550171;33,043766021728516;47,347713470458984;113,0886001586914;32918,0
2018-02-27;91,77458953857422;162,53721618652344;51,150001525878906;11,498658180236816;11,65485668182373;29,148202896118164;102,83094024658203;29,862424850463867;76,23389434814453;612,3502197265625;120,14575958251953;66,2122802734375;5,886817932128906;0,7125759720802307;57,29999923706055;68,17353820800781;30,295089721679688;34,81523513793945;3,080277442932129;33,13388442993164;46,99757766723633;112,17089080810547;32516,0
2018-02-28;93,43925476074219;162,8554229736328;51,79999923706055;11,498658180236816;11,777539253234863;29,967893600463867;104,4921875;29,862424850463867;76,23389434814453;613,995849609375;117,65180969238281;66,89323425292969;6,010828495025635;0,7142524123191833;57,95000076293945;71,3347396850586;30,668039321899414;34,81523513793945;3,080277442932129;33,55443572998047;46,34168243408203;112,24151611328125;33011,0
2018-03-01;89,53089141845703;160,69863891601562;49,75;10,954803466796875;11,57306957244873;28,68917465209961;100,50520324707031;29,297344207763672;73,44483947753906;590,8045654296875;114,06407928466797;65,29098510742188;5,806576728820801;0,6958099007606506;57,099998474121094;69,77011108398438;29,43443489074707;33,37211608886719;3,124072313308716;32,74336624145508;45,48359298706055;108,00597381591797;32013,0
2018-03-02;88,988037109375;153,66253662109375;48,95000076293945;10,760568618774414;11,08233642578125;28,853113174438477;98,05487060546875;29,34081268310547;72,68419647216797;608,11083984375;111,13262939453125;63,76886749267578;5,828460216522217;0,7226354479789734;55,54999923706055;67,27945709228516;32,44672775268555;34,27406311035156;3,156808614730835;32,20265197753906;44,586055755615234;106,94710540771484;31901,0
2018-03-05;89,78418731689453;154,19290161132812;49,20000076293945;10,838263511657715;11,286808013916016;28,525236129760742;99,21774291992188;29,81895637512207;76,14938354492188;629,4069213867188;110,73885345458984;64,08932495117188;5,748219966888428;0,719282865524292;55,099998474121094;67,4710464477539;33,70902633666992;34,875362396240234;3,1373441219329834;31,842174530029297;44,571258544921875;105,81761932373047;32134,0
2018-03-06;92,49835968017578;155,8900604248047;50,599998474121094;11,45981216430664;12,022903442382812;28,459659576416016;100,42214965820312;30,427507400512695;75,89582824707031;657,3361206054688;114,06407928466797;65,9719467163086;5,719040870666504;0,7511390447616577;56,849998474121094;66,96012878417969;33,651649475097656;34,875362396240234;3,1523852348327637;32,442970275878906;45,478660583496094;109,17076110839844;32865,0
2018-03-07;90,86986541748047;155,0061492919922;50,29999923706055;11,304425239562988;12,022903442382812;28,0989933013916;98,88549041748047;30,514446258544922;76,0226058959961;654,9423217773438;117,21429443359375;66,65290069580078;5,704451560974121;0,7528153657913208;57,0;66,92821502685547;34,19672775268555;34,21393585205078;3,1324779987335205;31,69197654724121;45,0052375793457;106,70000457763672;32744,0
2018-03-08;90,58036041259766;154,9354248046875;51,25;11,304425239562988;12,022903442382812;28,0989933013916;96,60128784179688;30,210166931152344;75,21969604492188;659,7301025390625;121,80836486816406;68,25513458251953;5,835755825042725;0,7477856874465942;58,75;65,65096282958984;34,11066436767578;34,12373733520508;3,146191358566284;32,1425666809082;44,7981071472168;105,4646224975586;32823,0
2018-03-09;93,8735122680664;157,8346710205078;52,0;11,382118225097656;12,022903442382812;28,459659576416016;99,59152221679688;30,12323570251465;75,5577621459961;635,8406372070312;124,12726593017578;69,85736083984375;6,032712459564209;0,744432270526886;60,20000076293945;67,40718841552734;35,17213821411133;34,27406311035156;3,1837940216064453;31,69197654724121;44,86715316772461;108,00597381591797;33183,0
2018-03-12;98,10762786865234;160,84005737304688;51,650001525878906;11,265578269958496;12,104693412780762;28,13178825378418;101,41888427734375;30,12323570251465;75,5577621459961;637,286865234375;121,32708740234375;70,33802795410156;6,222375392913818;0,7243125438690186;60,150001525878906;66,38538360595703;35,74591064453125;33,0113410949707;3,181581974029541;31,481693267822266;44,03865432739258;109,947265625;33244,0
2018-03-13;95,71915435791016;158,08221435546875;52,70000076293945;11,149038314819336;12,186479568481445;28,000633239746094;101,04511260986328;30,427507400512695;75,64228057861328;617,6865844726562;117,95809173583984;68,77584838867188;6,032712459564209;0,700839638710022;60,599998474121094;65,42744445800781;35,28689193725586;32,77081298828125;3,253246545791626;31,27141571044922;44,03865432739258;108,85305786132812;32980,0
2018-03-14;95,46583557128906;155,6779327392578;52,70000076293945;10,993650436401367;12,022903442382812;27,869482040405273;102,45716857910156;29,99283218383789;74,79711151123047;616,4895629882812;119,53321075439453;68,93608093261719;5,952470779418945;0,6991625428199768;59,75;62,90485763549805;35,258201599121094;32,16951370239258;3,382864236831665;31,541776657104492;43,165767669677734;111,14730834960938;32825,0
2018-03-15;95,75534057617188;156,70326232910156;52,349998474121094;10,877110481262207;11,450385093688965;28,29572296142578;103,86921691894531;30,12323570251465;76,06486511230469;621,47705078125;119,8394775390625;68,41535949707031;5,908702373504639;0,700839638710022;59,849998474121094;63,86279296875;35,22951889038086;30,9669189453125;3,4841678142547607;31,27141571044922;43,22494888305664;113,30038452148438;32708,0
2018-03-16;95,71915435791016;156,1022186279297;51,599998474121094;10,799415588378906;11,327702522277832;27,771116256713867;103,03860473632812;30,166702270507812;75,98035430908203;615,1429443359375;119,35820007324219;68,8960189819336;5,6971564292907715;0,697486162185669;59,20000076293945;63,86279296875;35,08607482910156;31,027048110961914;3,497882127761841;31,181299209594727;42,85015106201172;112,48859405517578;32555,0
2018-03-19;92,2812271118164;153,37969970703125;49,79999923706055;10,566335678100586;11,2459135055542;27,476036071777344;99,17621612548828;29,558151245117188;73,10678100585938;591,8020629882812;117,86923217773438;67,17362213134766;5,4929046630859375;0,6840725541114807;58,0;61,94690704345703;34,22541809082031;31,087181091308594;3,438603401184082;30,34018325805664;42,05617141723633;108,18244934082031;31724,0
2018-03-20;94,52491760253906;152,03610229492188;50,349998474121094;10,566335678100586;11,286808013916016;27,213733673095703;101,25276184082031;29,99283218383789;73,48710632324219;575,5931396484375;117,77962493896484;66,09210968017578;5,719040870666504;0,6840725541114807;57,099998474121094;63,86279296875;33,62295913696289;31,11724281311035;3,441699743270874;29,649269104003906;42,55918884277344;107,44125366210938;31798,0
2018-03-21;96,55147552490234;156,95079040527344;50,25;11,03249740600586;11,695752143859863;27,18094253540039;103,74462890625;30,3840389251709;73,36033630371094;591,6027221679688;116,25642395019531;66,37250518798828;5,8211669921875;0,6958099007606506;57,04999923706055;63,28803253173828;34,25410842895508;31,56821632385254;3,4527597427368164;29,228710174560547;43,841392517089844;109,48837280273438;32370,0
2018-03-22;95,14012145996094;154,29893493652344;49,75;11,110191345214844;11,900221824645996;26,623554229736328;101,08663177490234;30,905654907226562;71,62774658203125;596,1910400390625;116,39081573486328;63,52854537963867;5,7336297035217285;0,6857495903968811;57,599998474121094;63,06450271606445;33,36476135253906;31,56821632385254;3,4089643955230713;28,267440795898438;42,51480484008789;107,79418182373047;31908,0
2018-03-23;92,75167846679688;153,37969970703125;49,25;11,187884330749512;11,532174110412598;26,32846450805664;100,50520324707031;30,340574264526367;70,5712890625;586,0167236328125;114,77802276611328;62,48708724975586;5,587737560272217;0,6823961734771729;57,04999923706055;63,22416305541992;32,53279495239258;31,26757049560547;3,3864033222198486;28,357561111450195;41,696170806884766;106,70000457763672;31461,0
2018-03-26;94,27159118652344;155,0061492919922;49,54999923706055;10,915956497192383;11,123231887817383;26,820280075073242;102,49870300292969;30,166702270507812;71,41644287109375;586,7646484375;115,04681396484375;64,28960418701172;5,908702373504639;0,6840725541114807;57,900001525878906;63,22416305541992;32,9344367980957;30,9669189453125;3,5102689266204834;28,237398147583008;43,45180130004883;107,79418182373047;31637,0
2018-03-27;95,28488159179688;153,627197265625;48,70000076293945;10,877110481262207;10,796077728271484;26,59076499938965;101,33582305908203;30,210166931152344;73,10678100585938;586,5155639648438;112,35880279541016;65,69155883789062;6,018123149871826;0,6790428757667542;57,099998474121094;61,30828857421875;32,44672775268555;30,9669189453125;3,4713385105133057;28,357561111450195;42,495079040527344;108,04127502441406;31236,0
2018-03-28;95,03158569335938;152,212890625;48,25;10,760568618774414;11,123231887817383;26,623554229736328;101,46041870117188;30,340574264526367;73,02227020263672;581,4783325195312;111,86599731445312;65,49127197265625;6,266143321990967;0,6773665547370911;56,79999923706055;59,39240646362305;32,53279495239258;30,60614013671875;3,5182313919067383;28,057159423828125;42,60850524902344;106,66471862792969;31115,0
2018-04-03;96,98574829101562;156,38504028320312;47,54999923706055;10,644028663635254;11,2050199508667;27,377668380737305;104,86595916748047;29,514680862426758;73,10678100585938;584,5203857421875;108,86439514160156;68,4954605102539;6,236964702606201;0,6689832806587219;57,45000076293945;57,47651672363281;33,22132110595703;30,60614013671875;3,663773536682129;29,228710174560547;42,88467025756836;110,15904235839844;31341,0
2018-04-04;96,94957733154297;155,85470581054688;47,900001525878906;10,527487754821777;11,164125442504883;28,39408302307129;104,11841583251953;29,99283218383789;74,2900161743164;583,223876953125;108,9092025756836;69,01618957519531;6,054596900939941;0,6706596612930298;57,599998474121094;57,47651672363281;33,04918670654297;30,064971923828125;3,6752758026123047;30,189983367919922;42,35699462890625;109,20603942871094;31319,0
2018-04-05;97,38383483886719;157,65789794921875;48,79999923706055;11,071343421936035;11,65485668182373;28,525236129760742;104,4921875;30,340574264526367;73,61388397216797;590,5052490234375;109,9843978881836;68,5355224609375;6,477687835693359;0,6605994701385498;58,45000076293945;63,543479919433594;33,39345169067383;30,064971923828125;3,739419937133789;30,640581130981445;42,73672866821289;110,97084045410156;31867,0
2018-04-06;97,31145477294922;155,60719299316406;48,349998474121094;10,954803466796875;11,286808013916016;28,39408302307129;102,9970703125;30,210166931152344;75,13517761230469;595,2434692382812;112,76200866699219;67,77446746826172;6,506866931915283;0,6589232087135315;58,150001525878906;63,79893112182617;33,22132110595703;30,064971923828125;3,7265920639038086;30,850854873657227;42,33727264404297;110,33552551269531;31739,0
2018-04-09;96,84102630615234;154,7939453125;48,25;10,838263511657715;11,73664665222168;28,361297607421875;101,79266357421875;30,297100067138672;74,3745346069336;598,5350341796875;112,00040435791016;66,37250518798828;6,54334020614624;0,6991625428199768;58,099998474121094;63,86279296875;34,483612060546875;29,463668823242188;3,7579996585845947;30,820817947387695;42,81562805175781;108,74720001220703;31844,0
2018-04-10;98,21615600585938;156,52650451660156;47,54999923706055;11,265578269958496;12,104693412780762;28,459659576416016;103,91075134277344;30,12323570251465;75,38872528076172;607,7118530273438;112,67240905761719;67,45401763916016;6,587109088897705;0,7142524123191833;57,650001525878906;63,22416305541992;35,57378005981445;29,433603286743164;3,8395333290100098;30,760740280151367;43,74768829345703;110,33552551269531;32222,0
2018-04-11;96,04486083984375;155,07684326171875;46,849998474121094;11,304425239562988;11,982009887695312;28,68917465209961;102,41564178466797;29,81895637512207;74,3745346069336;626,0155639648438;113,70281219482422;68,4954605102539;6,3390889167785645;0,7176057696342468;57,04999923706055;64,02245330810547;35,401649475097656;29,463668823242188;3,7174112796783447;30,850854873657227;44,04851531982422;110,1237564086914;32031,0
2018-04-12;97,63716888427734;155,3242950439453;47,650001525878906;11,420965194702148;11,900221824645996;28,72196388244629;104,3260498046875;29,688556671142578;75,38872528076172;627,3622436523438;111,95560455322266;67,17362213134766;6,069185733795166;0,7276659607887268;58,79999923706055;64,3098373413086;35,258201599121094;29,223148345947266;3,652130603790283;30,79077911376953;44,54166793823242;109,24134826660156;32039,0
2018-04-13;95,93627166748047;153,52114868164062;47,45000076293945;11,34327220916748;11,859329223632812;28,525236129760742;102,87247467041016;29,297344207763672;73,95195007324219;624,41943359375;111,50759887695312;65,85176849365234;5,843050956726074;0,7226354479789734;58,25;65,14006042480469;35,17213821411133;28,952566146850586;3,584630250930786;30,640581130981445;44,56139373779297;108,7118911743164;31593,0
2018-04-16;93,43925476074219;151,22288513183594;46,0;11,149038314819336;12,104693412780762;28,066205978393555;101,12816619873047;28,73225975036621;73,23356628417969;604,1209716796875;110,92520904541016;65,53132629394531;5,850344657897949;0,7243125438690186;57,04999923706055;65,14006042480469;34,51230239868164;27,960420608520508;3,466948986053467;29,859548568725586;43,604679107666016;105,8882064819336;31008,0
2018-04-17;97,31145477294922;156,27899169921875;47,599998474121094;11,41317081451416;12,309164047241211;28,459659576416016;101,50194549560547;28,775728225708008;72,4306411743164;612,798828125;110,74600219726562;66,53272247314453;5,981648921966553;0,7360491156578064;56,20000076293945;68,33319091796875;34,25410842895508;28,261070251464844;3,514465808868408;30,490381240844727;44,94112014770508;107,79418182373047;31403,0
2018-04-18;97,09431457519531;154,90003967285156;46,79999923706055;11,452938079833984;12,554532051086426;28,32850456237793;100,54673767089844;28,993066787719727;75,30421447753906;619,7314453125;109,8051986694336;66,05205535888672;6,025417327880859;0,7477856874465942;56,29999923706055;68,33319091796875;34,19672775268555;28,261070251464844;3,5029187202453613;30,34018325805664;45,25674057006836;107,9354019165039;31532,0
2018-04-19;96,15341186523438;155,39505004882812;46,25;11,452938079833984;12,840788841247559;27,80390739440918;96,76740264892578;28,16718101501465;72,85323333740234;610,7042236328125;111,01480102539062;64,770263671875;5,952470779418945;0,734372079372406;57,5;67,69456481933594;33,22132110595703;27,659770965576172;3,455402135848999;29,889585494995117;45,68578338623047;107,44125366210938;31281,0
2018-04-20;94,56110382080078;152,07147216796875;45,849998474121094;11,691540718078613;12,677212715148926;27,57439422607422;96,72587585449219;28,471454620361328;72,81098175048828;617,0382690429688;109,3572006225586;62,847599029541016;5,915996074676514;0,7276659607887268;56,75;67,69456481933594;32,9918098449707;27,50944709777832;3,4611763954162598;29,138593673706055;45,09893035888672;106,98240661621094;31162,0
2018-04-23;94,74205780029297;153,41505432128906;45,70000076293945;12,208514213562012;12,677212715148926;27,67275619506836;95,9367904663086;28,297578811645508;73,69840240478516;612,1007080078125;110,07400512695312;62,20669174194336;5,602325439453125;0,7226354479789734;55,79999923706055;67,69456481933594;32,27459716796875;27,359119415283203;3,4336421489715576;29,438989639282227;45,35537338256836;108,57068634033203;30941,0
2018-04-24;95,50202178955078;152,60183715820312;46,25;11,969911575317383;12,104693412780762;27,541601181030273;95,9367904663086;28,16718101501465;71,41644287109375;588,560302734375;109,84999084472656;61,68597412109375;5,653388500213623;0,7108989357948303;56,0;67,69456481933594;30,983617782592773;27,178733825683594;3,390122175216675;29,408946990966797;44,76358413696289;108,35891723632812;30569,0
2018-04-25;90,68891143798828;144,7524871826172;45,349998474121094;11,57223892211914;12,063798904418945;27,41045379638672;91,36837768554688;27,47169303894043;71,16289520263672;582,1764526367188;108,7748031616211;61,605857849121094;5,748219966888428;0,700839638710022;54,849998474121094;67,69456481933594;30,209028244018555;27,659770965576172;3,3461577892303467;29,438989639282227;44,56139373779297;105,32347869873047;29947,0
2018-04-26;89,38612365722656;140,7217559814453;45,150001525878906;11,492705345153809;12,022903442382812;27,541601181030273;92,07439422607422;27,03701400756836;70,82483673095703;570,9548950195312;109,84999084472656;60,80474853515625;5,398011207580566;0,6756894588470459;54,5;60,254547119140625;28,631155014038086;27,0584716796875;3,196502685546875;29,438989639282227;45,36030578613281;104,05278015136719;29488,0
2018-04-27;92,9326171875;140,5096435546875;45,150001525878906;11,731307983398438;12,309164047241211;27,73833465576172;94,27554321289062;27,645566940307617;71,33193969726562;591,5028686523438;110,2083969116211;62,52714920043945;5,575628757476807;0,6756894588470459;54,04999923706055;60,03103256225586;30,209028244018555;26,336910247802734;3,330172061920166;29,438989639282227;45,02988815307617;105,85289001464844;30006,0
2018-05-02;88,662353515625;140,12071228027344;46,75;11,771075248718262;12,554532051086426;27,344881057739258;89,49946594238281;27,47169303894043;67,14836883544922;597,4378051757812;110,2083969116211;62,52714920043945;5,336232662200928;0,6522163152694702;55,54999923706055;56,83789825439453;29,377056121826172;27,780033111572266;3,1925063133239746;27,967041015625;43,530704498291016;102,2174301147461;29614,0
2018-05-03;86,38243865966797;143,5857391357422;46,900001525878906;11,810843467712402;12,554532051086426;27,377668380737305;87,87976837158203;27,080482482910156;70,5712890625;581,029296875;111,59720611572266;64,08932495117188;5,027332782745361;0,6371263861656189;55,099998474121094;56,10346984863281;28,258203506469727;27,0584716796875;2,927833318710327;28,68799591064453;44,028785705566406;105,21756744384766;29503,0
2018-05-04;83,27022552490234;129,33676147460938;46,400001525878906;11,771075248718262;12,309164047241211;25,967802047729492;84,72339630126953;25,993785858154297;67,44418334960938;550,25732421875;109,53639221191406;59,843406677246094;4,818825721740723;0,6421568989753723;52,599998474121094;55,56063461303711;28,086074829101562;26,45717430114746;2,9673564434051514;27,876922607421875;42,74165344238281;99,07608032226562;28553,0
2018-05-07;79,980712890625;126,18997192382812;44,29999923706055;11,095033645629883;11,57306957244873;24,984172821044922;79,0751724243164;24,61397933959961;65,3312759399414;522,07861328125;106,57958984375;58,48150634765625;4,486758708953857;0,6404798030853271;51,150001525878906;50,260009765625;26,622957229614258;24,051977157592773;2,804821729660034;27,937002182006836;43,180564880371094;93,60220336914062;27513,0
2018-05-08;76,15300750732422;116,04244232177734;42,099998474121094;10,299691200256348;11,286808013916016;24,23005485534668;79,36588287353516;23,946327209472656;63,345123291015625;499,7351379394531;99,36676025390625;56,91933059692383;4,309143543243408;0,6002405285835266;48,75;44,79975128173828;24,241806030273438;24,051977157592773;2,762634515762329;28,47771644592285;42,61836624145508;89,96092224121094;26277,0
2018-05-09;83,26160430908203;121,06316375732422;45,650001525878906;11,25410270690918;12,554532051086426;24,62350845336914;86,79995727539062;25,0590763092041;66,17643737792969;513,2009887695312;100,62117767333984;58,96217346191406;4,656653881072998;0,6287432312965393;50,25;46,619842529296875;26,90984344482422;25,254573822021484;3,0202019214630127;28,267440795898438;44,8079719543457;92,06715393066406;27908,0
2018-05-10;88,11000061035156;128,70033264160156;49,95000076293945;11,612008094787598;13,290624618530273;25,31204605102539;88,37812805175781;27,24006462097168;70,27547454833984;557,1399536132812;100,48677062988281;66,13217163085938;4,780213356018066;0,6388034820556641;52,70000076293945;46,619842529296875;28,68852996826172;27,0584716796875;3,1387722492218018;29,37890625;47,18990707397461;97,24346923828125;29601,0
2018-05-11;85,23011016845703;129,71832275390625;50,599998474121094;11,731307983398438;13,372416496276855;26,066162109375;84,72339630126953;27,59614372253418;68,5006332397461;553,00537109375;95,91715240478516;66,4526138305664;4,494482517242432;0,6773665547370911;52,04999923706055;51,519012451171875;29,176233291625977;27,0584716796875;3,088590383529663;29,37890625;49,52745819091797;98,0645523071289;29852,0
2018-05-14;81,91279602050781;131,64520263671875;52,849998474121094;12,407350540161133;14,51745319366455;27,115365982055664;81,06865692138672;29,688106536865234;60,640602111816406;544,5260620117188;99,99396514892578;68,13494110107422;4,363199710845947;0,687425971031189;53,400001525878906;53,139102935791016;30,840171813964844;28,261070251464844;3,0215342044830322;30,67061996459961;50,55321502685547;95,99400329589844;30442,0
2018-05-15;80,63689422607422;132,9176483154297;52,5;12,725486755371094;14,7628173828125;26,262887954711914;80,65335845947266;30,133203506469727;61,52802658081055;538,7400512695312;102,27877044677734;66,73300170898438;4,733879089355469;0,734372079372406;54,0;52,750282287597656;32,41804122924805;28,922500610351562;3,1076858043670654;30,280099868774414;47,372371673583984;98,42154693603516;30677,0
2018-05-16;82,24088287353516;141,93394470214844;52,70000076293945;12,566418647766113;14,149407386779785;27,90226936340332;82,89602661132812;31,20144271850586;62,0773811340332;522,1305541992188;98,91876220703125;70,53831481933594;5,398011207580566;0,7511390447616577;55,099998474121094;51,519012451171875;33,967220306396484;29,764324188232422;3,382129430770874;31,39157485961914;47,771827697753906;105,09722137451172;31661,0
2018-05-17;84,17294311523438;146,769287109375;52,849998474121094;12,407350540161133;14,394770622253418;27,213733673095703;85,88864135742188;30,355754852294922;63,13383102416992;538,5404052734375;101,29317474365234;70,45819091796875;5,4675140380859375;0,7243125438690186;55,75;49,21847915649414;34,16804122924805;28,86237335205078;3,320401430130005;30,520416259765625;48,55594253540039;103,0623779296875;31806,0
2018-05-18;83,37094116210938;144,587890625;53,20000076293945;12,765253067016602;14,558347702026367;27,6071834564209;85,09532165527344;30,934383392333984;63,091575622558594;560,3873901367188;101,47237396240234;70,61841583251953;5,405733108520508;0,7058692574501038;59,150001525878906;48,732444763183594;33,077880859375;28,591787338256836;3,2853190898895264;30,640581130981445;48,822242736816406;100,38497161865234;31870,0
2018-05-21;83,44386291503906;144,33343505859375;52,45000076293945;12,805021286010742;14,272087097167969;27,246517181396484;83,75917053222656;30,177719116210938;63,21835708618164;556,9957885742188;102,59236907958984;69,73719787597656;5,336232662200928;0,7108989357948303;58,400001525878906;47,40396499633789;32,303287506103516;27,0584716796875;3,304859161376953;29,82950782775879;48,3537483215332;99,81379699707031;31633,0
2018-05-22;81,365966796875;143,6426544189453;52,0;12,606185913085938;14,190300941467285;26,787490844726562;76,99496459960938;29,287521362304688;62,288665771484375;541,1841430664062;101,69636535644531;69,01618957519531;5,21267032623291;0,6991625428199768;58,25;48,95926284790039;31,3565673828125;26,81795310974121;3,2440195083618164;28,86823081970215;47,22935485839844;99,3497085571289;30991,0
2018-05-23;79,03289031982422;142,0430145263672;51,400001525878906;12,128979682922363;14,067615509033203;27,279306411743164;74,82374572753906;28,9759464263916;54,344120025634766;515,5524291992188;99,76996612548828;68,69573974609375;4,996444225311279;0,6706596612930298;58,0;42,12245559692383;30,696727752685547;26,45717430114746;3,0734920501708984;30,009748458862305;46,92360305786133;95,35143280029297;30234,0
2018-05-24;78,52253723144531;143,93353271484375;51,349998474121094;11,651773452758789;13,781355857849121;27,705549240112305;74,03041076660156;29,599088668823242;47,58279800415039;506,1233215332031;99,32196044921875;69,49685668945312;4,857438564300537;0,6924564242362976;60,0;38,882266998291016;30,38115692138672;25,735614776611328;2,935826539993286;29,07851791381836;46,405792236328125;93,35230255126953;29665,0
2018-05-28;75,64265441894531;139,82530212402344;49,95000076293945;11,333637237548828;13,740462303161621;27,344881057739258;71,35813903808594;28,352811813354492;50,03377914428711;484,47149658203125;94,16993713378906;68,97612762451172;4,687543869018555;0,6639528870582581;60,099998474121094;38,882266998291016;30,008203506469727;25,254573822021484;2,9451520442962646;28,177318572998047;43,97454071044922;90,81769561767578;28654,0
2018-05-29;75,0229263305664;137,862060546875;48,79999923706055;11,41317081451416;13,208837509155273;26,787490844726562;69,47918701171875;28,53084945678711;53,75250244140625;453,9893493652344;97,26115417480469;67,21367645263672;4,618039608001709;0,6522163152694702;57,349998474121094;37,58618927001953;28,918039321899414;25,85587501525879;2,8327999114990234;28,83819580078125;45,87811279296875;86,46244049072266;28326,0
2018-05-30;76,26239776611328;138,11656188964844;48,849998474121094;11,41317081451416;13,617779731750488;27,115365982055664;68,8946304321289;28,84242057800293;54,513153076171875;448,2521667480469;97,35075378417969;67,01338958740234;4,656653881072998;0,6404798030853271;57,45000076293945;37,58618927001953;28,946727752685547;24,953922271728516;2,8443455696105957;29,048473358154297;44,571258544921875;85,03448486328125;28389,0
2018-05-31;77,13727569580078;142,91558837890625;47,900001525878906;11,452938079833984;13,454202651977539;27,6071834564209;72,15147399902344;29,732620239257812;54,21734619140625;442,0160217285156;98,24675750732422;67,53411865234375;4,656653881072998;0,6522163152694702;55,349998474121094;37,58618927001953;29,004104614257812;25,85587501525879;2,949148654937744;29,018430709838867;44,75372314453125;85,60567474365234;28559,0
2018-06-01;77,42890167236328;141,13414001464844;48,0;11,651773452758789;12,963472366333008;27,73833465576172;71,525146484375;30,133203506469727;54,21734619140625;451,4949951171875;99,00836181640625;68,41535949707031;4,625762462615967;0,6354501247406006;55,900001525878906;38,882266998291016;29,032793045043945;24,653278350830078;3,101025342941284;29,07851791381836;44,950984954833984;86,06976318359375;28437,0
2018-06-04;82,93350982666016;144,04258728027344;48,29999923706055;11,930143356323242;12,677212715148926;27,73833465576172;75,24127960205078;30,578306198120117;56,288002014160156;472,5980224609375;98,56035614013672;67,3338394165039;5,01961088180542;0,6371263861656189;56,0;38,882266998291016;29,233613967895508;25,254573822021484;3,32351016998291;29,138593673706055;44,280296325683594;89,85383605957031;29036,0
2018-06-05;87,4173812866211;151,27745056152344;50,0;12,327816009521484;13,331520080566406;28,361297607421875;81,4209213256836;32,0471305847168;59,11929702758789;481,1788635253906;101,78597259521484;70,97892761230469;5,343954563140869;0,6790428757667542;57,5;43,612945556640625;31,2991886138916;26,276782989501953;3,547327995300293;29,949668884277344;44,8819465637207;100,4206771850586;30359,0
2018-06-06;86,46957397460938;147,82362365722656;49,04999923706055;12,645952224731445;13,904040336608887;28,361297607421875;81,295654296875;32,625762939453125;57,936073303222656;494,05023193359375;101,29317474365234;70,21786499023438;5,313064098358154;0,6924564242362976;57,400001525878906;45,362648010253906;32,76230239868164;26,066328048706055;3,534449338912964;29,408946990966797;43,34330368041992;99,09982299804688;30428,0
2018-06-07;86,65184020996094;147,27828979492188;48,5;12,486884117126465;13,822250366210938;27,869482040405273;78,9574203491211;32,67027282714844;57,386714935302734;483,77313232421875;102,99556732177734;68,13494110107422;5,204949855804443;0,6840725541114807;57,70000076293945;45,16823959350586;32,676239013671875;25,85587501525879;3,4474093914031982;28,808155059814453;44,669891357421875;97,24346923828125;30178,0
2018-06-08;92,8855209350586;151,38648986816406;50,599998474121094;12,805021286010742;14,599244117736816;28,82032585144043;82,2142562866211;34,673221588134766;59,07704162597656;526,078857421875;105,54918670654297;71,4996566772461;5,428901672363281;0,7092226147651672;60,0;47,95479202270508;33,59427261352539;26,156524658203125;3,555321216583252;29,258750915527344;45,52304458618164;103,77637481689453;31444,0
2018-06-11;93,3958969116211;155,13116455078125;51,54999923706055;12,805021286010742;14,844608306884766;29,57444190979004;83,21636199951172;34,71772384643555;59,37284851074219;518,0468139648438;106,84839630126953;71,2192611694336;5,2744526863098145;0,7041928768157959;61,400001525878906;47,95479202270508;33,22132110595703;26,45717430114746;3,6010613441467285;29,649269104003906;46,53401184082031;106,31095123291016;31704,0
2018-06-12;88,25582122802734;150,4049072265625;50,0;12,645952224731445;14,476558685302734;29,803955078125;78,9574203491211;34,050079345703125;58,23188400268555;511,9601745605469;105,63877868652344;68,73579406738281;5,01961088180542;0,6723359823226929;59,650001525878906;46,65872573852539;31,815580368041992;26,45717430114746;3,465616464614868;29,108552932739258;45,0052375793457;102,81246948242188;30749,0
2018-06-13;85,959228515625;146,4420623779297;50,0;12,327816009521484;15,008184432983398;30,55807113647461;74,23918914794922;33,961063385009766;57,17542266845703;500,6854553222656;104,51878356933594;68,57556915283203;4,772490501403809;0,6538934707641602;59,75;42,7704963684082;30,438533782958984;26,75782012939453;3,268444538116455;29,529109954833984;45,35537338256836;103,38367462158203;30228,0
2018-06-14;83,4803237915039;139,57077026367188;49,79999923706055;12,725486755371094;15,539809226989746;30,722002029418945;70,27252197265625;34,317134857177734;58,69671630859375;473,4959716796875;109,3124008178711;69,01618957519531;4,733879089355469;0,6572468280792236;59,099998474121094;38,882266998291016;29,204925537109375;27,0584716796875;3,15697979927063;30,06982421875;47,29840087890625;96,95789337158203;30115,0
2018-06-15;83,26160430908203;134,3355255126953;50,45000076293945;12,844788551330566;15,539809226989746;30,951520919799805;69,6879653930664;34,36164855957031;59,07704162597656;472,9471740722656;111,10440063476562;67,69435119628906;4,733879089355469;0,6572468280792236;60,0;38,882266998291016;29,893449783325195;27,0584716796875;3,1174561977386475;30,34018325805664;47,446346282958984;100,20648956298828;30148,0
2018-06-18;75,42391204833984;119,50226593017578;45,400001525878906;12,288047790527344;14,640135765075684;28,525236129760742;61,46236038208008;32,0471305847168;53,49895477294922;409,787841796875;102,18917083740234;62,48708724975586;4,394089221954346;0,6136533617973328;56,5;36,614131927490234;26,221317291259766;26,156524658203125;2,7950525283813477;28,117238998413086;44,00413513183594;88,78284454345703;27657,0
2018-06-19;79,03289031982422;130,66357421875;48,599998474121094;12,566418647766113;15,580702781677246;29,443288803100586;65,47077178955078;32,13615036010742;57,4289665222168;416,2733459472656;108,37159729003906;67,89462280273438;4,857438564300537;0,6505400538444519;58,29999923706055;38,07222366333008;27,024595260620117;26,57743263244629;3,0504000186920166;30,06982421875;45,94222640991211;95,10152435302734;29119,0
2018-06-21;84,28231811523438;146,8419647216797;49,599998474121094;13,043623924255371;17,606035232543945;31,082672119140625;69,85498046875;32,31419372558594;58,73897933959961;435,5304260253906;108,14759063720703;70,57836151123047;5,745523452758789;0,697486162185669;59,650001525878906;38,07222366333008;30,668039321899414;28,20094108581543;3,5513243675231934;31,99237060546875;46,37620162963867;102,77679443359375;30869,0
2018-06-22;80,60042572021484;141,7521514892578;47,54999923706055;12,725486755371094;17,987852096557617;30,230194091796875;64,34341430664062;30,978897094726562;61,10544204711914;437,6756896972656;103,8467788696289;69,01618957519531;5,560184001922607;0,6773665547370911;55,45000076293945;41,47442626953125;29,950822830200195;28,321197509765625;3,5126893520355225;31,541776657104492;45,17290496826172;98,13594055175781;30211,0
2018-06-25;74,47610473632812;133,35391235351562;45,45000076293945;12,089212417602539;16,799968719482422;29,27935218811035;56,1178092956543;29,153989791870117;56,964134216308594;411,9828796386719;101,15877532958984;66,8531723022461;5,166337490081787;0,6522163152694702;53,95000076293945;41,47442626953125;29,7500057220459;28,261070251464844;3,4225404262542725;31,39157485961914;41,780006408691406;90,6749038696289;28825,0
2018-06-26;74,14802551269531;130,48178100585938;44,650001525878906;11,651773452758789;16,799968719482422;28,78753662109375;55,28272247314453;28,263792037963867;55,56960678100586;409,8376770019531;100,35236358642578;64,52993774414062;5,166337490081787;0,6522163152694702;53,599998474121094;41,798439025878906;28,774599075317383;27,0584716796875;3,32351016998291;30,700660705566406;41,1389045715332;90,56781005859375;28474,0
2018-06-27;66,05517578125;118,04804229736328;41,20000076293945;10,299691200256348;15,696945190429688;27,246517181396484;47,725189208984375;24,881040573120117;49,86474609375;356,0074768066406;95,87235260009766;58,24116134643555;4,486758708953857;0,570060670375824;50,400001525878906;41,798439025878906;25,532793045043945;25,555221557617188;3,051732063293457;29,07851791381836;38,406829833984375;81,28611755371094;25921,0
2018-06-28;72,83567810058594;128,66400146484375;42,20000076293945;10,657593727111816;16,375730514526367;28,066205978393555;51,357818603515625;24,881040573120117;50,66765213012695;351,0186462402344;98,87395477294922;59,28262710571289;4,702988147735596;0,5734140276908875;52,400001525878906;41,798439025878906;25,819679260253906;25,254573822021484;3,1409926414489746;29,559152603149414;39,141632080078125;86,9979248046875;26789,0
2018-06-29;69,29959869384766;121,46553802490234;40,95000076293945;10,538293838500977;17,521181106567383;27,705549240112305;51,441322326660156;25,103586196899414;49,94926071166992;336,9499206542969;91,88513946533203;55,39720916748047;4,43270206451416;0,5365273952484131;47,25;36,93815612792969;23,46721649169922;25,85587501525879;3,0623903274536133;29,799463272094727;38,46601486206055;85,2486801147461;26037,0
2018-07-02;68,46116638183594;119,50226593017578;38,849998474121094;10,220157623291016;17,181791305541992;27,14815902709961;52,9027214050293;24,925548553466797;48,385704040527344;311,8058166503906;87,53950500488281;55,19692611694336;4,0929131507873535;0,5482639670372009;43,900001525878906;31,75385284423828;22,061481475830078;24,953922271728516;3,016649007797241;28,567834854125977;37,05559158325195;79,25128173828125;25298,0
2018-07-03;72,76275634765625;135,2080535888672;42,20000076293945;10,697361946105957;17,139366149902344;26,918642044067383;59,54167175292969;26,66143798828125;52,35798263549805;321,9831848144531;91,88513946533203;59,08234405517578;4,363199710845947;0,6102999448776245;49,20000076293945;31,36502456665039;24,872957229614258;26,276782989501953;3,304859161376953;30,640581130981445;40,11807632446289;86,39105224609375;27092,0
2018-07-04;73,96576690673828;133,64476013183594;43,79999923706055;10,975732803344727;17,39391326904297;27,246517181396484;60,9195556640625;26,75045394897461;52,35798263549805;353,9620361328125;93,18434143066406;59,08234405517578;4,4172563552856445;0,6220365762710571;50,5;31,42983055114746;26,30738067626953;27,028406143188477;3,3084118366241455;30,67061996459961;41,622196197509766;87,81900024414062;27703,0
2018-07-05;73,96576690673828;137,7893524169922;42,79999923706055;11,452938079833984;17,903003692626953;28,262935638427734;61,04481506347656;27,106534957885742;54,72444152832031;362,7424011230469;91,4371337890625;63,80892562866211;4,340033054351807;0,6304203867912292;47,04999923706055;31,75385284423828;26,90984344482422;26,81795310974121;3,375467300415039;30,700660705566406;41,528499603271484;88,17601013183594;27813,0
2018-07-06;73,85639953613281;135,13536071777344;41,849998474121094;11,731307983398438;18,369670867919922;28,72196388244629;59,83394241333008;26,572416305541992;53,20314407348633;359,9986267089844;90,67552947998047;62,447025299072266;4,347755432128906;0,6270669102668762;44,54999923706055;32,40188980102539;26,90984344482422;27,659770965576172;3,4589550495147705;30,820817947387695;40,1772575378418;86,3553466796875;27611,0
2018-07-10;72,25239562988281;137,57118225097656;42,95000076293945;12,089212417602539;18,87875747680664;28,68917465209961;58,70658493041992;26,127317428588867;52,06216812133789;365,1372375488281;89,3763198852539;61,405582427978516;4,293696880340576;0,6203601360321045;47,20000076293945;32,2398796081543;27,8565616607666;28,261070251464844;3,4345309734344482;30,370222091674805;40,72958755493164;87,10501861572266;27635,0
2018-07-11;73,38248443603516;138,11656188964844;42,150001525878906;11,771075248718262;18,45451545715332;28,558021545410156;58,58131408691406;25,904767990112305;51,30152130126953;360,9963684082031;89,60032653808594;63,64870834350586;4,201027870178223;0,6086236834526062;46,5;30,457778930664062;26,709022521972656;27,359119415283203;3,3852379322052;31,061138153076172;39,62492370605469;87,10501861572266;27232,0
2018-07-12;69,95580291748047;133,75379943847656;41,5;11,532472610473633;18,242395401000977;28,558021545410156;56,1178092956543;25,68221664428711;50,24507141113281;347,57623291015625;89,60032653808594;63,04786682128906;4,054301738739014;0,5868269205093384;45,70000076293945;30,457778930664062;25,36066246032715;27,329057693481445;3,2675554752349854;30,189983367919922;40,43369674682617;84,60611724853516;26705,0
2018-07-13;69,11732482910156;131,17254638671875;41,5;11,333637237548828;17,81815528869629;28,72196388244629;53,69606018066406;25,548686981201172;48,63925552368164;339,24481201171875;90,54113006591797;62,11125183105469;4,000244617462158;0,5851505398750305;45,45000076293945;29,48572540283203;25,331972122192383;26,727758407592773;3,2480156421661377;29,589189529418945;40,537254333496094;84,07063293457031;26514,0
2018-07-16;68,35179138183594;131,02716064453125;41,04999923706055;11,293869018554688;16,799968719482422;28,492448806762695;53,445526123046875;25,237117767333984;47,83634567260742;331,11297607421875;92,15393829345703;60,60723876953125;3,9770760536193848;0,5817972421646118;45,25;29,48572540283203;24,758203506469727;26,5473690032959;3,2595627307891846;29,34886932373047;40,448490142822266;83,53514862060547;26264,0
2018-07-17;71,15875244140625;135,31715393066406;41,54999923706055;11,57223892211914;16,96967124938965;28,656381607055664;53,612545013427734;25,415157318115234;48,13215255737305;334,4554748535156;94,9763412475586;61,42021942138672;4,054301738739014;0,5952100157737732;43,70000076293945;28,643272399902344;25,905744552612305;26,637563705444336;3,227588415145874;29,438989639282227;41,710968017578125;86,39105224609375;26765,0
2018-07-18;70,72132110595703;134,88087463378906;42,400001525878906;11,57223892211914;16,630277633666992;29,27935218811035;54,572898864746094;25,548686981201172;48,47021484375;355,2591552734375;101,20356750488281;63,12746810913086;4,16241455078125;0,6119771003723145;44,650001525878906;31,105817794799805;25,733612060546875;26,637563705444336;3,1978354454040527;28,988393783569336;42,593711853027344;87,03363800048828;27045,0
2018-07-19;69,70059967041016;134,2991485595703;41,650001525878906;10,975732803344727;16,078763961791992;29,67280387878418;52,40167236328125;26,127317428588867;48,34344482421875;348,87335205078125;98,20195007324219;62,19254684448242;4,054301738739014;0,6035940051078796;43,900001525878906;33,04993438720703;25,561479568481445;26,45717430114746;3,1556477546691895;29,288789749145508;42,4112434387207;86,10543823242188;26814,0
2018-07-20;71,99722290039062;136,8077392578125;42,54999923706055;11,174568176269531;17,054519653320312;29,640012741088867;53,32026290893555;26,973003387451172;50,79442596435547;359,59942626953125;98,96355438232422;64,4688720703125;4,1160807609558105;0,6320966482162476;42,900001525878906;33,04993438720703;26,135251998901367;25,585289001464844;3,258673906326294;29,108552932739258;44,34440612792969;88,67576599121094;27625,0
2018-07-23;70,86714935302734;134,51731872558594;41,900001525878906;11,373403549194336;17,81815528869629;29,508861541748047;52,526939392089844;27,41810417175293;48,97732162475586;358,1527404785156;98,06755065917969;64,99730682373047;4,069746017456055;0,6522163152694702;41,79999923706055;31,105817794799805;26,795089721679688;27,359119415283203;3,2515687942504883;29,138593673706055;44,73400115966797;89,24694061279297;27704,0
2018-07-24;72,32530975341797;136,04429626464844;42,599998474121094;11,969911575317383;18,19997215270996;29,836742401123047;54,656402587890625;27,373594284057617;48,216670989990234;375,0151672363281;97,48515319824219;65,7696304321289;4,22419548034668;0,662276566028595;43,70000076293945;31,105817794799805;27,942628860473633;27,0584716796875;3,2675554752349854;28,86823081970215;46,2036018371582;89,38973999023438;28273,0
2018-07-25;74,3302993774414;141,31591796875;44,099998474121094;12,009678840637207;18,369670867919922;29,607227325439453;59,87569808959961;28,041242599487305;50,583133697509766;397,56494140625;98,47076416015625;70,89137268066406;4,509927749633789;0,6891030073165894;45,900001525878906;34,02198028564453;29,77869415283203;26,727758407592773;3,3732473850250244;29,168630599975586;46,55373764038086;93,53080749511719;29364,0
2018-07-26;73,78347778320312;142,5883026123047;45,0;11,969911575317383;17,39391326904297;30,00067901611328;60,710784912109375;27,81869125366211;51,89313888549805;402,2046813964844;97,75395965576172;73,4522476196289;4,440423965454102;0,6857495903968811;45,5;34,02198028564453;28,88935089111328;26,45717430114746;3,3887906074523926;30,34018325805664;45,05455017089844;93,88778686523438;29205,0
2018-07-27;72,90858459472656;142,40658569335938;46,25;11,771075248718262;17,266639709472656;30,00067901611328;62,005165100097656;27,507122039794922;54,00605392456055;399,0117492675781;98,11235046386719;73,81808471679688;4,347755432128906;0,6807199120521545;47,25;34,02198028564453;29,204925537109375;26,45717430114746;3,3918983936309814;29,82950782775879;44,71920394897461;94,24476623535156;29259,0
2018-07-30;71,37750244140625;138,58920288085938;46,29999923706055;11,771075248718262;16,799968719482422;30,099040985107422;60,50201416015625;27,77418327331543;53,49895477294922;391,3788146972656;96,76834869384766;73,69613647460938;4,455870628356934;0,6790428757667542;47,45000076293945;35,966102600097656;30,38115692138672;26,276782989501953;3,4260926246643066;30,31014633178711;44,16194152832031;91,96004486083984;29232,0
2018-07-31;71,0129623413086;136,15335083007812;46,45000076293945;11,771075248718262;16,71512794494629;30,459705352783203;62,21394348144531;28,085750579833984;52,4424934387207;395,0206604003906;99,18756103515625;73,94003295898438;4,440423965454102;0,6807199120521545;47,54999923706055;35,966102600097656;30,065584182739258;27,298992156982422;3,4256489276885986;30,880897521972656;44,49235153198242;90,6749038696289;29287,0
2018-08-01;72,58049011230469;134,48094177246094;45,400001525878906;12,447115898132324;17,09694480895996;31,082672119140625;63,007266998291016;28,70888900756836;51,766361236572266;392,2268981933594;99,27716827392578;73,69613647460938;4,40181303024292;0,687425971031189;47,79999923706055;36,905757904052734;29,950822830200195;27,359119415283203;3,4220967292785645;30,910938262939453;43,693443298339844;89,24694061279297;29388,0
2018-08-02;73,01795196533203;126,30084228515625;43,70000076293945;12,526651382446289;17,181791305541992;30,426921844482422;60,29322814941406;27,907711029052734;49,61119079589844;386,1403503417969;97,75395965576172;71,62303924560547;4,370921611785889;0,7142524123191833;46,54999923706055;35,642086029052734;29,606565475463867;26,75782012939453;3,3714704513549805;30,430301666259766;43,27919387817383;87,4620132446289;28883,0
2018-08-03;74,36676025390625;130,69992065429688;43,70000076293945;12,447115898132324;17,648460388183594;30,197404861450195;60,710784912109375;27,81869125366211;50,37184143066406;382,9974365234375;98,56035614013672;72,27342987060547;4,386367321014404;0,7310194373130798;46,79999923706055;35,642086029052734;30,495906829833984;26,096393585205078;3,375023603439331;30,61054039001465;44,571258544921875;88,53297424316406;29216,0
2018-08-06;74,07511138916016;128,7366943359375;43,45000076293945;11,731307983398438;17,224214553833008;29,935100555419922;60,460262298583984;28,44183349609375;49,82249069213867;374,41656494140625;97,79875946044922;72,35472869873047;4,285975933074951;0,7293422818183899;47,400001525878906;32,36948776245117;30,409841537475586;26,156524658203125;3,350599527359009;30,460338592529297;43,87097930908203;86,7480239868164;28894,0
2018-08-07;69,70059967041016;118,73877716064453;41,900001525878906;11,015499114990234;16,20603370666504;29,017047882080078;56,994651794433594;28,13026237487793;48,047637939453125;362,9919128417969;98,56035614013672;70,7287826538086;4,0620245933532715;0,687425971031189;46,400001525878906;31,105817794799805;28,774599075317383;25,85587501525879;3,2440195083618164;30,039779663085938;42,96357727050781;80,82203674316406;27783,0
2018-08-08;67,69561004638672;110,2314682006836;40,849998474121094;10,339457511901855;15,145434379577637;28,951473236083984;54,030094146728516;27,06202507019043;46,01924133300781;341,8389892578125;95,06594848632812;68,08660888671875;3,9075734615325928;0,6790428757667542;43,75;30,457778930664062;26,594268798828125;26,156524658203125;3,0424065589904785;28,988393783569336;42,19425582885742;82,10717010498047;26675,0
2018-08-09;69,70059967041016;114,99410247802734;41,650001525878906;10,299691200256348;15,569672584533691;28,75474739074707;55,240970611572266;26,92849349975586;44,79375457763672;342,4875793457031;92,10913848876953;68,28984832763672;3,9539084434509277;0,6941328048706055;42,95000076293945;28,384052276611328;26,795089721679688;24,352624893188477;3,105465888977051;29,138593673706055;42,60357666015625;82,46417999267578;26906,0
2018-08-10;68,24243927001953;111,5766372680664;41,54999923706055;10,14062213897705;16,418155670166016;28,98426055908203;54,4058837890625;27,106534957885742;46,399566650390625;321,08526611328125;90,13792419433594;70,5661849975586;3,8535170555114746;0,6823961734771729;43,400001525878906;28,44886589050293;26,73771095275879;23,991844177246094;3,196502685546875;28,808155059814453;43,86111831665039;77,53775787353516;26856,0
2018-08-13;66,38326263427734;105,46883392333984;40,099998474121094;9,38504695892334;16,24845314025879;28,853113174438477;50,606231689453125;26,30535316467285;46,568599700927734;299,0841064453125;92,91553497314453;67,51753234863281;3,6063954830169678;0,6555697917938232;42,29999923706055;28,44886589050293;25,07377815246582;23,751325607299805;3,1427693367004395;28,50775909423828;43,96467971801758;72,32572174072266;26062,0
2018-08-14;66,41973114013672;105,65061950683594;38,75;10,14062213897705;16,92724609375;28,16457176208496;51,39957046508789;26,483394622802734;48,97732162475586;329,716064453125;95,24514770507812;67,59883117675781;3,8303494453430176;0,6790428757667542;41,25;28,44886589050293;26,020496368408203;23,4506778717041;3,1290018558502197;28,47771644592285;44,85235595703125;72,82550048828125;26537,0
2018-08-15;69,37250518798828;106,19596862792969;38,25;9,941786766052246;17,521181106567383;28,426870346069336;51,56658935546875;27,373594284057617;47,625057220458984;347,2769470214844;99,41156768798828;69,22476959228516;3,946186065673828;0,6840725541114807;42,29999923706055;30,457778930664062;26,50820541381836;23,8715877532959;3,325730800628662;28,958354949951172;44,571258544921875;73,18251037597656;27008,0
2018-08-16;67,80496215820312;104,48722839355469;38,29999923706055;9,902018547058105;17,35148811340332;28,525236129760742;50,23044967651367;27,151046752929688;46,3150520324707;346,6783447265625;98,82916259765625;68,98088073730469;4,077468395233154;0,687425971031189;43,0;30,457778930664062;27,16803741455078;23,8715877532959;3,337721109390259;29,168630599975586;44,7981071472168;71,39755249023438;26939,0
2018-08-17;63,940818786621094;101,90595245361328;37,75;9,7031831741333;16,96967124938965;27,869482040405273;47,1823844909668;26,216333389282227;45,8924674987793;342,737060546875;96,76834869384766;67,5614013671875;3,9152965545654297;0,6740130186080933;42,650001525878906;30,457778930664062;26,33607292175293;24,051977157592773;3,2440195083618164;28,657957077026367;44,20632553100586;71,0405502319336;26239,0
2018-08-21;62,22746658325195;101,10609436035156;38,0;9,54411506652832;17,56361198425293;28,262935638427734;45,219932556152344;25,86025619506836;44,37117004394531;354,76031494140625;96,58915710449219;65,57430267333984;4,007967472076416;0,6605994701385498;42,29999923706055;30,457778930664062;25,245906829833984;23,93171501159668;3,268444538116455;28,68799591064453;45,85839080810547;70,75498962402344;26046,0
2018-08-22;64,85218048095703;105,57792663574219;38,79999923706055;10,061087608337402;17,77573013305664;28,59081268310547;47,76694107055664;27,151046752929688;43,695037841796875;358,0030517578125;98,56035614013672;68,47216033935547;4,193305969238281;0,687425971031189;42,75;30,457778930664062;26,192630767822266;23,4506778717041;3,276881217956543;28,83819580078125;48,10224151611328;72,11153411865234;26844,0
2018-08-23;62,993011474609375;104,26910400390625;37,650001525878906;10,220157623291016;17,77573013305664;28,82032585144043;46,138526916503906;27,195554733276367;44,37117004394531;353,1638488769531;99,59076690673828;67,39581298828125;4,2473626136779785;0,6807199120521545;42,0;30,457778930664062;26,33607292175293;23,21015739440918;3,1956145763397217;29,018430709838867;48,10224151611328;71,0762710571289;26523,0
2018-08-24;58,83722686767578;100,63347625732422;36,099998474121094;9,742950439453125;16,24845314025879;28,98426055908203;32,067317962646484;25,459667205810547;42,680843353271484;336,1018371582031;98,56035614013672;65,49150848388672;3,9539084434509277;0,6220365762710571;41,099998474121094;27,411998748779297;24,127056121826172;22,99970054626465;3,066831111907959;28,387596130371094;46,47976303100586;68,25605010986328;25168,0
2018-08-27;57,998775482177734;100,05176544189453;37,25;9,583882331848145;15,993913650512695;29,935100555419922;31,900300979614258;26,127317428588867;43,52600860595703;330,3146667480469;97,52994537353516;70,50065612792969;3,7917354106903076;0,6270669102668762;41,400001525878906;27,411998748779297;24,901647567749023;23,059829711914062;2,976682662963867;29,288789749145508;48,837039947509766;67,29219055175781;25435,0
2018-08-28;55,48342514038086;98,30669403076172;37,75;9,225977897644043;15,272705078125;30,164613723754883;31,6915283203125;26,216333389282227;42,765357971191406;315,24822998046875;100,08356475830078;69,54849243164062;3,683621644973755;0,6069473624229431;42,0;24,949460983276367;24,098363876342773;23,150028228759766;2,863440990447998;29,37890625;48,59046173095703;63,54383850097656;25033,0
2018-08-29;54,280426025390625;94,78016662597656;37,70000076293945;9,464580535888672;16,884817123413086;30,590852737426758;31,816791534423828;27,195554733276367;42,72310256958008;308,912353515625;103,3091812133789;72,15657806396484;3,660454750061035;0,5985634326934814;40,79999923706055;24,949460983276367;23,26639747619629;23,781389236450195;2,830134868621826;29,258750915527344;50,82938003540039;65,32876586914062;25398,0
2018-08-30;54,75434112548828;98,4157485961914;41,349998474121094;10,061087608337402;18,4969425201416;33,246646881103516;35,532928466796875;29,33203125;45,42762756347656;306,1185607910156;112,85160827636719;72,86034393310547;3,784013271331787;0,6505400538444519;39,25;25,338279724121094;23,094268798828125;24,923858642578125;2,8647732734680176;32,38288879394531;54,21242141723633;68,5416488647461;26755,0
2018-08-31;62,77428436279297;118,77518463134766;46,349998474121094;10,975732803344727;19,51512336730957;36,033599853515625;42,96520233154297;31,958114624023438;47,709571838378906;346,0796203613281;111,91081237792969;81,47109985351562;4,1083574295043945;0,7075464129447937;45,400001525878906;29,809738159179688;25,36066246032715;26,006200790405273;3,288872241973877;34,725990295410156;55,89406967163086;78,53732299804688;29294,0
2018-09-03;63,248191833496094;118,08440399169922;43,900001525878906;10,657593727111816;18,45451545715332;35,60736083984375;43,842041015625;31,379484176635742;47,32924270629883;327,57086181640625;106,7139892578125;79,02862548828125;4,139248847961426;0,6958099007606506;45,5;31,42983055114746;24,299184799194336;25,254573822021484;3,144545316696167;36,04774475097656;54,50830841064453;82,10717010498047;28807,0
2018-09-04;57,08742141723633;105,35974884033203;41,849998474121094;10,41899299621582;17,903003692626953;33,90240478515625;41,58729934692383;29,109479904174805;47,66731643676758;312,2049865722656;110,65640258789062;78,65604400634766;4,03113317489624;0,662276566028595;40,599998474121094;31,42983055114746;23,26639747619629;24,352624893188477;3,002439260482788;33,404239654541016;55,28749465942383;72,89690399169922;27625,0
2018-09-05;60,47764587402344;116,44835662841797;45,349998474121094;10,41899299621582;17,266639709472656;34,98439407348633;45,42870330810547;29,287521362304688;49,27312469482422;326,273681640625;112,62760925292969;84,86573028564453;4,177860260009766;0,700839638710022;45,25;31,42983055114746;25,07377815246582;25,85587501525879;3,098360300064087;33,734676361083984;56,59928512573242;77,32356262207031;28769,0
2018-09-06;67,5498046875;122,04715728759766;45,849998474121094;11,055266380310059;16,58785057067871;34,230281829833984;50,063438415527344;33,56047058105469;50,202816009521484;342,03863525390625;117,33162689208984;91,86197662353516;4,355476379394531;0,7125759720802307;45,849998474121094;31,42983055114746;26,135251998901367;26,336910247802734;3,1245615482330322;32,863525390625;56,60914993286133;86,03407287597656;29948,0
2018-09-07;64,05018615722656;115,17587280273438;45,650001525878906;10,896198272705078;17,139366149902344;33,9351921081543;49,06132888793945;32,892826080322266;50,24507141113281;355,1593933105469;115,13642120361328;93,60069274902344;4,394089221954346;0,7092226147651672;44,0;30,457778930664062;27,512304306030273;25,85587501525879;3,0761566162109375;33,67459487915039;56,37736511230469;81,39321899414062;29811,0
2018-09-10;62,70136642456055;114,84868621826172;45,75;10,935964584350586;17,309062957763672;34,689308166503906;47,47466278076172;32,447723388671875;48,89280319213867;349,5718078613281;113,47881317138672;90,90982818603516;4,378645420074463;0,6991625428199768;43,29999923706055;30,457778930664062;27,282794952392578;25,85587501525879;2,980234384536743;33,9149169921875;55,090232849121094;78,89431762695312;29455,0
2018-09-11;61,899375915527344;111,940185546875;44,900001525878906;10,935964584350586;17,054519653320312;34,689308166503906;46,76483917236328;31,913604736328125;50,24507141113281;343,43548583984375;114,46441650390625;88,09477233886719;4,324588298797607;0,6907793879508972;43,650001525878906;30,457778930664062;27,426237106323242;26,156524658203125;2,960695266723633;34,24535369873047;55,223384857177734;77,93043518066406;29164,0
2018-09-12;63,10237503051758;114,70326232910156;45,70000076293945;11,492705345153809;16,842397689819336;35,04997253417969;47,725189208984375;32,447723388671875;51,470558166503906;345,7802429199219;119,3476333618164;91,15821838378906;4,332310199737549;0,6891030073165894;43,849998474121094;30,457778930664062;28,114761352539062;26,75782012939453;2,940267562866211;35,29674530029297;56,7570915222168;82,10717010498047;29745,0
2018-09-13;61,316097259521484;114,7396240234375;47,20000076293945;11,651773452758789;17,43633460998535;35,27948760986328;45,88800048828125;34,27262878417969;54,17508316040039;337,99761962890625;123,55884552001953;96,00177001953125;4,201027870178223;0,6891030073165894;43,75;30,457778930664062;27,426237106323242;27,0584716796875;2,934938669204712;36,978973388671875;59,060123443603516;82,10717010498047;30024,0
2018-09-14;62,77428436279297;114,81230163574219;46,79999923706055;11,41317081451416;17,39391326904297;36,23032760620117;46,51431655883789;34,89576721191406;52,569271087646484;337,249267578125;125,2612533569336;96,99532318115234;4,285975933074951;0,6807199120521545;42,099998474121094;30,457778930664062;27,196731567382812;26,45717430114746;2,9629154205322266;37,79004669189453;59,07985305786133;82,10717010498047;30177,0
2018-09-17;68,46116638183594;114,92139434814453;48,650001525878906;11,731307983398438;17,39391326904297;36,00082015991211;49,771148681640625;36,85420227050781;52,94960021972656;382,64825439453125;122,79725646972656;105,15071105957031;4,525371074676514;0,6756894588470459;42,900001525878906;30,457778930664062;28,114761352539062;26,75782012939453;2,987339973449707;37,91020584106445;59,02560043334961;89,60393524169922;31157,0
2018-09-18;70,0651626586914;115,93936157226562;49,400001525878906;12,208514213562012;17,478761672973633;35,935237884521484;49,64589309692383;38,27851867675781;51,93539810180664;392,8753967285156;125,4852523803711;109,06822204589844;4,726156711578369;0,6857495903968811;42,75;30,457778930664062;29,204925537109375;27,0584716796875;3,053952217102051;38,15052795410156;62,6995964050293;92,81684112548828;32106,0
2018-09-19;72,14302825927734;118,375244140625;52,20000076293945;12,805021286010742;16,92724609375;36,033599853515625;52,944480895996094;39,34675979614258;55,35831832885742;409,4385986328125;131,62286376953125;108,43728637695312;4,8883280754089355;0,7293422818183899;48,150001525878906;30,457778930664062;29,204925537109375;27,539508819580078;3,2746615409851074;38,66120529174805;64,4552230834961;103,52647399902344;33118,0
2018-09-20;78,92353057861328;129,827392578125;56,54999923706055;13,282228469848633;16,92724609375;37,21395492553711;57,37043380737305;41,082645416259766;63,852230072021484;411,7833557128906;131,71246337890625;109,44679260253906;5,081389427185059;0,7561687231063843;51,25;36,93815612792969;30,352466583251953;28,86237335205078;3,465616464614868;39,29203414916992;65,07166290283203;112,45116424560547;34514,0
2018-09-21;80,8920669555664;131,7905731201172;56,45000076293945;13,202692985534668;16,884817123413086;36,853294372558594;58,4142951965332;40,28146743774414;62,54222106933594;409,68798828125;131,2644805908203;106,62860107421875;4,896050930023193;0,7846723198890686;52,650001525878906;40,50236511230469;31,2991886138916;30,546009063720703;3,361701250076294;38,751319885253906;62,98563003540039;107,23912048339844;34327,0
2018-09-24;77,35601043701172;127,13703155517578;53,95000076293945;13,003856658935547;17,054519653320312;36,36147689819336;54,4058837890625;37,47734069824219;59,11929702758789;396,0683288574219;126,60526275634766;101,79139709472656;4,757046699523926;0,7611985206604004;51,5;41,798439025878906;29,606565475463867;29,463668823242188;3,3323919773101807;37,7299690246582;60,98342514038086;102,4198226928711;33164,0
2018-09-25;83,37094116210938;131,4270477294922;54,150001525878906;13,003856658935547;17,43633460998535;36,197540283203125;59,04060745239258;37,83342361450195;60,55609130859375;403,60162353515625;131,62286376953125;103,47390747070312;4,950108051300049;0,791378378868103;52,95000076293945;39,530303955078125;29,692628860473633;30,064971923828125;3,38035249710083;38,390838623046875;62,605899810791016;112,09418487548828;34053,0
2018-09-26;82,45958709716797;132,33592224121094;50,900001525878906;12,964089393615723;17,77573013305664;38,03364562988281;58,497802734375;37,69989013671875;61,40125274658203;403,50177001953125;127,68045806884766;105,91352844238281;5,01961088180542;0,7779655456542969;51,45000076293945;39,85432434082031;29,032793045043945;30,245361328125;3,3736915588378906;40,16319274902344;62,078224182128906;112,98664093017578;33943,0
2018-09-27;78,30380249023438;127,35514831542969;51,5;13,12315845489502;18,327245712280273;38,591033935546875;55,3244743347168;37,03224182128906;58,95026779174805;387,0882568359375;131,21966552734375;102,75883483886719;4,733879089355469;0,7679052948951721;50,400001525878906;36,67893600463867;28,057382583618164;30,365619659423828;3,280878782272339;40,493629455566406;63,26179504394531;114,59308624267578;33651,0
2018-09-28;77,02790832519531;125,10110473632812;50,95000076293945;13,401529312133789;19,175729751586914;37,804134368896484;53,36202621459961;36,63166046142578;61,232215881347656;369,7768859863281;128,9348602294922;100,9922103881836;4,64893102645874;0,7528153657913208;51,29999923706055;36,549339294433594;27,77050018310547;30,60614013671875;3,196058750152588;40,553707122802734;63,52316665649414;114,23607635498047;33462,0
2018-10-01;74,1844711303711;120,99284362792969;50,54999923706055;13,401529312133789;18,45451545715332;35,60736083984375;53,403778076171875;36,14204406738281;57,344459533691406;364,0396423339844;125,0820541381836;98,08988952636719;4,579428195953369;0,7427559494972229;49,75;36,93815612792969;26,995906829833984;30,60614013671875;3,208493232727051;39,35211944580078;59,23272705078125;111,45160675048828;32585,0
2018-10-02;77,21016693115234;122,8106689453125;48,79999923706055;12,725486755371094;17,733306884765625;34,918827056884766;53,73781204223633;36,23106002807617;58,99252700805664;382,448486328125;124,54446411132812;93,92569732666016;4,610318660736084;0,734372079372406;49,20000076293945;37,650997161865234;27,971317291259766;31,26757049560547;3,2004995346069336;38,270687103271484;59,000946044921875;112,95094299316406;32730,0
2018-10-03;73,9292984008789;120,59294891357422;48,70000076293945;12,685720443725586;18,327245712280273;34,328643798828125;52,48517990112305;35,42988967895508;57,64026641845703;377,160400390625;125,44046020507812;92,95826721191406;4,363199710845947;0,700839638710022;47,349998474121094;37,650997161865234;27,081974029541016;30,064971923828125;3,201387643814087;38,210609436035156;58,433815002441406;111,20170593261719;32202,0
2018-10-04;69,11732482910156;113,68528747558594;46,0;12,089212417602539;18,284822463989258;33,31222915649414;49,18659591674805;32,58125305175781;53,28765869140625;358,2525329589844;125,44046020507812;88,45757293701172;4,177860260009766;0,6706596612930298;43,900001525878906;35,15604782104492;25,590167999267578;30,064971923828125;3,1973910331726074;36,618499755859375;56,43654251098633;104,99011993408203;30929,0
2018-10-05;66,63844299316406;112,7763900756836;45,95000076293945;11,850608825683594;17,81815528869629;32,06630325317383;47,01536560058594;30,845367431640625;46,94892120361328;341,4399108886719;121,85643768310547;88,7940673828125;4,324588298797607;0,6455103158950806;42,400001525878906;35,15604782104492;25,217220306396484;29,463668823242188;3,069939613342285;35,71730422973633;53,97077560424805;100,2421646118164;30169,0
2018-10-08;67,76852416992188;113,43080139160156;46,04999923706055;11,850608825683594;17,733306884765625;31,6728458404541;46,22203063964844;30,26673698425293;51,55507278442383;331,61187744140625;124,9924545288086;90,98133087158203;4,2473626136779785;0,6505400538444519;41,5;34,63762283325195;24,872957229614258;28,86237335205078;3,1556477546691895;37,27936935424805;56,21462631225586;99,56388854980469;30547,0
2018-10-09;63,68565368652344;104,9961929321289;44,900001525878906;11,532472610473633;16,92724609375;31,14824104309082;44,46835708618164;30,177719116210938;49,568939208984375;312,853515625;122,75244903564453;85,80762481689453;4,0388569831848145;0,6404798030853271;40,04999923706055;34,346004486083984;24,012296676635742;27,359119415283203;3,1560914516448975;35,777381896972656;56,03215789794922;92,3170394897461;29613,0
2018-10-10;60,258949279785156;98,85203552246094;43,70000076293945;11,333637237548828;16,92724609375;30,164613723754883;41,87958526611328;29,732620239257812;49,442161560058594;308,912353515625;120,2436294555664;83,78862762451172;3,9384634494781494;0,6136533617973328;40,0;34,346004486083984;23,26639747619629;27,0584716796875;3,152538537979126;34,545753479003906;53,67488098144531;89,13986206054688;28550,0
2018-10-11;57,85295486450195;97,10696411132812;42,04999923706055;11,293869018554688;15,993913650512695;29,148202896118164;40,66870880126953;29,153989791870117;48,85054397583008;300,4311828613281;116,48042297363281;81,26487731933594;3,8766844272613525;0,6019169092178345;38,599998474121094;34,346004486083984;22,17623519897461;27,0584716796875;2,9709088802337646;31,69197654724121;51,54938507080078;85,03448486328125;27613,0
2018-10-12;66,63844299316406;107,6865463256836;44,849998474121094;11,612008094787598;16,24845314025879;29,803955078125;45,679229736328125;30,355754852294922;51,93539810180664;317,19390869140625;118,27243041992188;84,67194366455078;4,0929131507873535;0,6237136721611023;41,79999923706055;34,346004486083984;25,18853187561035;28,86237335205078;3,0113208293914795;32,1425666809082;53,916526794433594;92,10284423828125;29598,0
2018-10-16;64,12309265136719;102,74211120605469;45,70000076293945;11,612008094787598;16,20603370666504;30,689218521118164;45,05290985107422;30,133203506469727;53,24540328979492;320,2370910644531;116,48042297363281;88,33139038085938;4,03113317489624;0,6253899335861206;41,95000076293945;34,346004486083984;25,217220306396484;27,088539123535156;3,0197579860687256;31,842174530029297;52,313777923583984;90,85338592529297;29431,0
2018-10-17;61,09737777709961;98,52485656738281;43,70000076293945;11,373403549194336;16,03633689880371;30,164613723754883;42,923439025878906;29,55457878112793;51,13249206542969;311,2571105957031;115,85322570800781;87,06950378417969;3,969352960586548;0,6186839938163757;41,0;34,346004486083984;23,840167999267578;27,0584716796875;3,002882480621338;31,631893157958984;52,30884552001953;88,46157836914062;28721,0
2018-10-18;60,36832046508789;97,68864440917969;43,04999923706055;11,373403549194336;15,654523849487305;30,262975692749023;43,0069580078125;29,064971923828125;51,13249206542969;308,1640319824219;114,68842315673828;87,61631774902344;3,946186065673828;0,6069473624229431;39,599998474121094;34,346004486083984;23,32377815246582;26,45717430114746;3,0073232650756836;30,640581130981445;52,16089630126953;87,81900024414062;28371,0
2018-10-19;61,352577209472656;100,12450408935547;44,04999923706055;11,691540718078613;16,121187210083008;29,377716064453125;42,923439025878906;29,465557098388672;51,512813568115234;310,7583312988281;113,34441375732422;86,22825622558594;3,8998513221740723;0,5968871116638184;41,5;34,346004486083984;23,610660552978516;26,60749626159668;3,0432941913604736;30,58049774169922;52,22007369995117;88,49727630615234;28673,0
2018-10-22;60,80576705932617;101,32425689697266;44,0;11,57223892211914;16,121187210083008;28,78753662109375;42,58940887451172;29,688106536865234;51,13249206542969;304,2726745605469;111,64200592041016;84,67194366455078;3,9616308212280273;0,591857373714447;41,150001525878906;34,346004486083984;23,122955322265625;26,487239837646484;3,0019943714141846;30,34018325805664;51,24856185913086;85,74847412109375;28568,0
2018-10-23;60,550567626953125;102,16043853759766;43,150001525878906;11,492705345153809;15,866640090942383;28,000633239746094;43,507999420166016;29,24300765991211;51,34378433227539;295,2467041015625;111,10440063476562;83,66243743896484;3,992521286010742;0,5868269205093384;40,25;30,522579193115234;22,950824737548828;26,45717430114746;3,0317482948303223;29,949668884277344;50,9230842590332;87,6405029296875;28360,0
2018-10-24;60,331825256347656;107,06847381591797;43,20000076293945;11,492705345153809;15,824216842651367;27,213733673095703;43,42449951171875;29,24300765991211;51,55507278442383;307,2720947265625;110,11880493164062;82,6529312133789;3,946186065673828;0,591857373714447;39,04999923706055;30,781795501708984;22,405742645263672;26,156524658203125;2,991781234741211;29,73938751220703;49,305538177490234;91,60305786132812;28157,0
2018-10-25;63,321102142333984;113,8670654296875;44,04999923706055;11,57223892211914;15,61209774017334;27,705549240112305;48,43501281738281;29,33203125;54,30186080932617;321,99200439453125;110,65640258789062;84,67194366455078;4,0620245933532715;0,6069473624229431;40,5;30,781795501708984;23,38115119934082;25,85587501525879;3,0508434772491455;30,09986686706543;53,15213394165039;94,74456024169922;29335,0
2018-10-26;61,935821533203125;114,41243743896484;44,5;11,452938079833984;15,442402839660645;27,443246841430664;48,60203170776367;29,42104721069336;52,822818756103516;323,6884460449219;114,68842315673828;84,84019470214844;3,969352960586548;0,5885040760040283;39,5;30,781795501708984;23,180334091186523;26,427106857299805;3,053508758544922;29,438989639282227;54,73516082763672;95,38715362548828;29370,0
2018-10-29;60,2953987121582;112,6310043334961;45,54999923706055;11,25410270690918;14,593915939331055;27,115365982055664;49,4788703918457;28,9759464263916;51,55507278442383;316,353515625;114,24041748046875;82,6529312133789;3,8689610958099365;0,5851505398750305;38,95000076293945;30,781795501708984;22,6639404296875;25,85587501525879;2,9953343868255615;29,438989639282227;54,266666412353516;95,4942398071289;28898,0
2018-10-30;61,38902282714844;115,50312805175781;46,0;11,373403549194336;15,272705078125;27,115365982055664;49,89641571044922;29,42104721069336;51,89313888549805;316,3036193847656;115,67402648925781;84,96637725830078;3,9075734615325928;0,5868269205093384;40,04999923706055;30,781795501708984;23,209020614624023;25,88593864440918;3,014873504638672;29,258750915527344;54,044742584228516;95,77982330322266;29426,0
2018-10-31;60,69639587402344;115,86666870117188;47,70000076293945;12,407350540161133;15,654523849487305;27,541601181030273;49,18659591674805;30,311246871948242;54,090572357177734;315,3555908203125;116,39081573486328;87,44806671142578;3,9075734615325928;0,5968871116638184;40,5;30,781795501708984;23,209020614624023;25,85587501525879;2,98689603805542;28,86823081970215;53,44309997558594;94,24476623535156;29491,0
2018-11-01;69,59123992919922;127,28244018554688;50,650001525878906;12,844788551330566;15,61209774017334;29,246564865112305;54,030094146728516;31,913604736328125;60,85188674926758;340,8534851074219;120,15403747558594;91,10751342773438;4,0929131507873535;0,6237136721611023;42,75;30,781795501708984;24,98771095275879;25,88593864440918;3,064610719680786;29,318830490112305;55,69187927246094;101,20603942871094;31309,0
2018-11-02;69,88288116455078;124,9192886352539;51,04999923706055;13,083392143249512;15,654523849487305;30,230194091796875;53,90482711791992;32,80379867553711;63,72545623779297;347,1405944824219;118,72042846679688;92,32732391357422;4,0929131507873535;0,6035940051078796;43,650001525878906;31,267820358276367;25,102462768554688;26,36697769165039;3,127225875854492;30,039779663085938;55,82996368408203;105,09722137451172;31419,0
2018-11-05;70,0651626586914;123,24691009521484;51,25;12,685720443725586;15,739368438720703;30,295766830444336;52,568687438964844;32,22517776489258;65,50030517578125;341,4522399902344;118,72042846679688;93,21063232421875;4,03113317489624;0,5868269205093384;44,54999923706055;31,267820358276367;24,55738067626953;25,825807571411133;3,3137409687042236;29,949668884277344;57,00366973876953;103,56216430664062;31429,0
2018-11-07;69,91931915283203;116,6301040649414;50,150001525878906;12,645952224731445;16,20603370666504;29,836742401123047;52,19290542602539;33,47145462036133;65,07772064208984;339,2567138671875;120,10924530029297;94,09394836425781;4,2705302238464355;0,5935338139533997;44,04999923706055;32,725914001464844;26,30738067626953;25,88593864440918;3,465172290802002;30,34018325805664;57,16147994995117;101,20603942871094;31405,0
2018-11-08;68,57051086425781;115,06683349609375;50,0;12,367583274841309;15,824216842651367;28,621793746948242;50,355712890625;33,64949035644531;64,69739532470703;337,51025390625;118,27243041992188;93,12651062011719;4,185582637786865;0,5734140276908875;42,54999923706055;32,725914001464844;25,532793045043945;25,88593864440918;3,400780439376831;28,836368560791016;55,40092086791992;100,67054748535156;30736,0
2018-11-09;65,80001068115234;112,99454498291016;49,349998474121094;12,128979682922363;15,442402839660645;27,698509216308594;49,4788703918457;32,84831619262695;66,0919189453125;319,297607421875;113,12040710449219;90,85514068603516;4,023410320281982;0,5885040760040283;40,849998474121094;32,725914001464844;24,471315383911133;25,825807571411133;3,224480390548706;28,715587615966797;53,80803298950195;96,67229461669922;29913,0
2018-11-12;64,0866470336914;110,55867767333984;47,650001525878906;11,731307983398438;15,35755443572998;28,006267547607422;48,56027603149414;31,869089126586914;61,781578063964844;306,3739318847656;108,86439514160156;91,61226654052734;3,946186065673828;0,5767674446105957;41,5;32,725914001464844;23,811481475830078;24,653278350830078;3,1791839599609375;28,383440017700195;55,50448226928711;98,92130279541016;29423,0
2018-11-13;62,008750915527344;110,01333618164062;44,20000076293945;11,691540718078613;15,230281829833984;27,35655403137207;46,3890495300293;30,355754852294922;63,809974670410156;295,39630126953125;110,2083969116211;87,11156463623047;4,000244617462158;0,570060670375824;40,25;32,725914001464844;23,46721649169922;24,803598403930664;3,227144479751587;27,960708618164062;52,83158493041992;95,85122680664062;28543,0
2018-11-14;64,85218048095703;115,24860382080078;47,0;11,691540718078613;15,230281829833984;27,082988739013672;48,68553924560547;30,222225189208984;63,72545623779297;302,132568359375;112,89640808105469;90,30831909179688;4,131525039672852;0,5767674446105957;41,54999923706055;32,725914001464844;23,668039321899414;24,653278350830078;3,2369139194488525;27,809736251831055;54,24694061279297;97,77894592285156;29373,0
2018-11-15;68,38824462890625;119,39320373535156;48,849998474121094;12,24828052520752;15,272705078125;28,758575439453125;50,73149871826172;32,22517776489258;67,6977310180664;311,9125671386719;111,1939926147461;94,0518798828125;4,170138359069824;0,5784437656402588;44,20000076293945;32,725914001464844;24,52869415283203;26,336910247802734;3,3110759258270264;28,745784759521484;56,6190071105957;105,06148529052734;30474,0
2018-11-16;70,0651626586914;124,22856140136719;49,5;12,447115898132324;15,781791687011719;28,861162185668945;52,69395446777344;32,75929641723633;71,79676818847656;315,65496826171875;112,89640808105469;96,3232650756836;4,2705302238464355;0,5968871116638184;45,45000076293945;32,725914001464844;25,217220306396484;25,85587501525879;3,357260227203369;28,685388565063477;56,6190071105957;107,81031799316406;31109,0
2018-11-20;66,56553649902344;116,1938705444336;46,25;12,327816009521484;15,61209774017334;27,49333953857422;52,526939392089844;30,355754852294922;64,99320220947266;306,3739318847656;111,01480102539062;92,66382598876953;4,123802185058594;0,5667073130607605;46,599998474121094;32,725914001464844;23,983610153198242;24,051977157592773;3,1640844345092773;27,779539108276367;53,2606315612793;104,02625274658203;29715,0
2018-11-21;68,13306427001953;122,7743148803711;48,0;11,969911575317383;15,315125465393066;27,766904830932617;54,07184600830078;30,845367431640625;64,27481079101562;310,91461181640625;110,56681060791016;93,29476928710938;4,154692649841309;0,5717369914054871;47,400001525878906;32,725914001464844;24,32787322998047;24,051977157592773;3,1614203453063965;27,960708618164062;53,97077560424805;104,91871643066406;30263,0
2018-11-22;67,95079040527344;123,6104736328125;46,900001525878906;12,009678840637207;15,696945190429688;27,766904830932617;54,030094146728516;30,889877319335938;62,37318420410156;308,8189697265625;107,52039337158203;93,50508117675781;4,216472625732422;0,5650309920310974;46,54999923706055;32,725914001464844;24,184431076049805;25,19444465637207;3,1716344356536865;28,08148956298828;54,15816879272461;104,38323211669922;30275,0
2018-11-23;70,94004821777344;124,84659576416016;47,95000076293945;12,208514213562012;16,20603370666504;27,766904830932617;55,74202346801758;30,80085563659668;63,809974670410156;306,22430419921875;107,52039337158203;93,33683013916016;4,378645420074463;0,5650309920310974;46,099998474121094;32,725914001464844;24,040992736816406;25,254573822021484;3,1534266471862793;28,685388565063477;55,25790786743164;106,31095123291016;30724,0
2018-11-26;71,3410415649414;124,44666290283203;51,20000076293945;12,128979682922363;16,81589126586914;29,408294677734375;55,867286682128906;31,735565185546875;70,1487045288086;303,77923583984375;121,85643768310547;96,44945526123047;4,30142068862915;0,5717369914054871;46,54999923706055;32,725914001464844;24,299184799194336;25,254573822021484;3,102801561355591;29,591249465942383;56,23434829711914;106,66792297363281;31132,0
2018-11-27;70,86714935302734;125,17378234863281;51,25;11,651773452758789;16,5916805267334;28,9637508392334;53,77956771850586;31,735565185546875;69,55709838867188;299,0887451171875;120,96043395996094;93,0844497680664;4,363199710845947;0,5650309920310974;47,54999923706055;32,790714263916016;24,471315383911133;24,653278350830078;3,015761375427246;30,527299880981445;55,51434326171875;105,06148529052734;30921,0
2018-11-28;72,76275634765625;122,01083374023438;50,95000076293945;11,612008094787598;16,726205825805664;29,78444480895996;55,07394790649414;31,112424850463867;68,45838165283203;299,4380798339844;120,06443786621094;95,6502685546875;4,30142068862915;0,5683844089508057;47,79999923706055;32,790714263916016;24,901647567749023;24,533016204833984;3,096140146255493;30,527299880981445;57,14175796508789;106,45376586914062;31139,0
2018-11-29;74,2938232421875;123,50139617919922;53,75;11,810843467712402;17,040103912353516;29,955425262451172;55,53324890136719;31,423992156982422;65,92288208007812;305,7751159667969;116,39081573486328;97,1224594116211;4,363199710845947;0,5801209211349487;48,150001525878906;32,790714263916016;25,274595260620117;25,254573822021484;3,198723077774048;30,46691131591797;55,93845748901367;107,02494049072266;31483,0
2018-11-30;74,2938232421875;123,50139617919922;53,75;11,810843467712402;17,040103912353516;29,955425262451172;55,53324890136719;31,423992156982422;65,92288208007812;305,7751159667969;116,39081573486328;97,1224594116211;4,363199710845947;0,5801209211349487;48,150001525878906;32,790714263916016;25,274595260620117;25,254573822021484;3,198723077774048;30,46691131591797;55,93845748901367;107,02494049072266;
2018-12-03;75,2780990600586;123,53779602050781;54,75;12,049445152282715;17,040103912353516;30,160600662231445;55,199214935302734;31,780073165893555;66,93707275390625;325,385009765625;112,44841003417969;98,25814819335938;4,370921611785889;0,5750903487205505;48,70000076293945;32,790714263916016;26,106563568115234;24,953922271728516;3,261338949203491;30,91983413696289;56,441471099853516;108,48858642578125;31889,0
2018-12-04;74,95001220703125;123,42869567871094;54,70000076293945;11,810843467712402;16,771047592163086;30,673534393310547;55,9507942199707;32,35870361328125;67,61321258544922;324,13763427734375;112,00040435791016;101,24459075927734;4,340033054351807;0,5734140276908875;48,54999923706055;35,966102600097656;26,622957229614258;24,653278350830078;3,2413549423217773;31,402956008911133;57,77299118041992;105,02581024169922;31958,0
2018-12-05;73,8928451538086;121,39281463623047;53,29999923706055;11,373403549194336;16,5916805267334;32,07555389404297;55,74202346801758;31,780073165893555;66,76805114746094;343,8473815917969;112,53800201416016;101,87552642822266;4,293696880340576;0,5767674446105957;49,900001525878906;35,966102600097656;26,795089721679688;24,412755966186523;3,2644479274749756;30,79905891418457;58,22175598144531;103,56216430664062;31780,0
2018-12-06;76,26239776611328;121,719970703125;55,04999923706055;11,174568176269531;16,501996994018555;31,32325553894043;57,078155517578125;33,20439147949219;66,34546661376953;357,9185791015625;117,19722747802734;106,25003051757812;4,340033054351807;0,6203601360321045;49,599998474121094;35,966102600097656;26,766399383544922;24,051977157592773;3,207160472869873;30,980226516723633;56,446407318115234;108,23870849609375;32020,0
2018-12-07;75,53327941894531;117,79351806640625;53,0;11,055266380310059;16,27778434753418;31,460037231445312;55,82552719116211;32,091644287109375;62,54222106933594;348,2882385253906;111,10440063476562;102,42234802246094;4,332310199737549;0,6153304576873779;49,5;35,966102600097656;26,50820541381836;24,051977157592773;3,2546777725219727;30,79905891418457;55,346675872802734;106,77506256103516;31550,0
2018-12-10;73,74702453613281;113,57622528076172;51,29999923706055;10,657593727111816;16,18809700012207;30,434165954589844;54,698158264160156;31,112424850463867;62,54222106933594;341,10284423828125;111,0595932006836;99,18352508544922;4,2473626136779785;0,5985634326934814;49,150001525878906;35,966102600097656;25,762300491333008;24,292495727539062;3,173410654067993;29,591249465942383;54,41954040527344;103,95484161376953;30754,0
2018-12-11;77,21016693115234;114,92139434814453;50,95000076293945;10,697361946105957;16,008731842041016;30,91290283203125;55,867286682128906;30,80085563659668;64,06352233886719;339,1069641113281;113,79241180419922;100,10890197753906;4,16241455078125;0,5817972421646118;49,79999923706055;34,99403762817383;25,647546768188477;24,051977157592773;3,181403875350952;28,98734474182129;53,2359733581543;106,38238525390625;30941,0
2018-12-12;77,100830078125;114,70326232910156;50,95000076293945;10,896198272705078;15,739675521850586;31,118078231811523;55,74202346801758;30,934383392333984;67,35966491699219;343,098876953125;112,00040435791016;100,90808868408203;4,216472625732422;0,5868269205093384;50,650001525878906;34,99403762817383;26,020496368408203;23,751325607299805;3,2267003059387207;29,41007423400879;53,275428771972656;104,6688232421875;31081,0
2018-12-13;76,44467163085938;115,79393768310547;51,349998474121094;11,055266380310059;15,8742036819458;31,460037231445312;54,572898864746094;31,20144271850586;64,23255157470703;328,1294250488281;111,10440063476562;100,10890197753906;4,208749294281006;0,5801209211349487;50,099998474121094;34,99403762817383;26,709022521972656;23,029767990112305;3,1973910331726074;29,470468521118164;53,2606315612793;103,52647399902344;31020,0
2018-12-14;77,13727569580078;116,6301040649414;51,349998474121094;11,095033645629883;15,694832801818848;31,80198860168457;55,03219985961914;30,667325973510742;65,28900146484375;331,97161865234375;111,14920043945312;99,30970764160156;4,1160807609558105;0,5667073130607605;50,70000076293945;34,99403762817383;27,053287506103516;23,330415725708008;3,2080492973327637;29,71202850341797;54,25187301635742;103,09808349609375;31110,0
2018-12-17;71,45037078857422;107,7956314086914;48,75;10,776897430419922;15,963887214660645;31,289058685302734;51,52483367919922;29,376541137695312;64,99320220947266;323,0897216796875;106,17638397216797;97,33277130126953;4,007967472076416;0,5616775751113892;50,650001525878906;34,99403762817383;26,766399383544922;23,21015739440918;3,1352200508117676;29,621444702148438;51,65788269042969;96,56520080566406;29888,0
2018-12-18;72,98149871826172;110,4495849609375;49,099998474121094;10,498526573181152;16,14325714111328;31,25486183166504;51,1072883605957;29,33203125;63,387386322021484;320,3952941894531;108,41639709472656;95,69232177734375;3,9384634494781494;0,5650309920310974;50,54999923706055;34,99403762817383;27,627056121826172;22,729116439819336;3,054840326309204;29,53085708618164;49,991024017333984;100,20648956298828;29777,0
2018-12-19;74,80420684814453;111,3221435546875;49,599998474121094;10,538293838500977;16,367469787597656;31,357450485229492;51,608341217041016;29,866147994995117;63,387386322021484;321,84234619140625;104,2051773071289;95,2717056274414;3,93074107170105;0,5650309920310974;49,75;34,346004486083984;27,454923629760742;22,428466796875;3,046847105026245;29,349687576293945;49,867733001708984;100,70626068115234;29968,0
2018-12-20;73,38248443603516;106,63220977783203;46,400001525878906;10,578062057495117;16,053573608398438;30,365774154663086;50,2722053527832;29,465557098388672;63,26060485839844;318,84832763671875;100,35236358642578;91,73844909667969;3,9152965545654297;0,563353955745697;48,150001525878906;34,346004486083984;26,86847686767578;22,849380493164062;3,0175375938415527;28,896760940551758;48,85183334350586;98,35012817382812;29243,0
2018-12-21;70,32032012939453;103,10569763183594;46,400001525878906;10,299691200256348;15,78451919555664;28,826969146728516;47,43290328979492;29,109479904174805;61,781578063964844;304,62744140625;100,80036926269531;88,87818908691406;3,8998513221740723;0,5449105501174927;47,29999923706055;34,346004486083984;26,529151916503906;22,54872703552246;3,0264196395874023;28,685388565063477;47,29879379272461;93,13810729980469;28457,0
2018-12-26;69,62770080566406;104,9961929321289;44,849998474121094;10,220157623291016;15,78451919555664;29,2031192779541;46,723087310791016;28,753398895263672;62,24641799926758;313,6590576171875;96,67874908447266;87,86869812011719;3,8380706310272217;0,5382044911384583;48,04999923706055;34,346004486083984;26,529151916503906;22,09775161743164;3,0321924686431885;28,56461524963379;49,62105941772461;92,92391967773438;28473,0
2018-12-27;73,27311706542969;112,1583480834961;46,150001525878906;10,538293838500977;16,23294448852539;29,374095916748047;50,48097610473633;29,376541137695312;63,387386322021484;333,31878662109375;101,24836730957031;88,7940673828125;3,8457937240600586;0,5566478371620178;50,79999923706055;34,346004486083984;27,639673233032227;22,03762435913086;3,128558397293091;28,17207908630371;49,8294677734375;99,74237060546875;29519,0
2018-12-28;75,3145751953125;119,21141815185547;46,75;10,498526573181152;15,51546573638916;30,707731246948242;52,86096954345703;29,643598556518555;68,03579711914062;354,7749938964844;106,6243896484375;92,24320220947266;4,069746017456055;0,5600004196166992;50,95000076293945;34,346004486083984;27,793912887573242;22,248077392578125;3,3608126640319824;29,01753807067871;49,83443069458008;100,49207305908203;30293,0
2018-12-31;75,3145751953125;119,21141815185547;46,75;10,498526573181152;15,51546573638916;30,707731246948242;52,86096954345703;29,643598556518555;68,03579711914062;354,7749938964844;106,6243896484375;92,24320220947266;4,069746017456055;0,5600004196166992;50,95000076293945;34,346004486083984;27,793912887573242;22,248077392578125;3,3608126640319824;29,01753807067871;49,83443069458008;100,49207305908203;
2019-01-02;77,97572326660156;120,88379669189453;50,150001525878906;10,896198272705078;15,470619201660156;31,460037231445312;53,94658660888672;30,667325973510742;69,09225463867188;355,02447509765625;103,9363784790039;93,50508117675781;4,000244617462158;0,570060670375824;51,79999923706055;34,346004486083984;28,996976852416992;22,849380493164062;3,288872241973877;29,591249465942383;50,97075271606445;100,13506317138672;31097,0
2019-01-03;78,6683578491211;122,1562271118164;50,04999923706055;11,015499114990234;15,694832801818848;31,289058685302734;53,02798843383789;30,489286422729492;67,19062042236328;340,30462646484375;99,99396514892578;91,52813720703125;3,9384634494781494;0,5549706816673279;49,599998474121094;34,346004486083984;29,182065963745117;22,36833953857422;3,2386903762817383;28,98734474182129;51,45703887939453;100,34928131103516;31065,0
2019-01-04;83,0793228149414;126,66438293457031;52,95000076293945;11,691540718078613;15,78451919555664;31,870384216308594;55,366241455078125;30,978897094726562;69,64161682128906;351,681396484375;103,75717163085938;98,00576782226562;4,069746017456055;0,5801209211349487;50,54999923706055;37,91020965576172;29,98410987854004;24,02191162109375;3,230253219604492;28,866565704345703;53,446842193603516;105,59700012207031;32303,0
2019-01-07;85,66756439208984;136,3351287841797;52,900001525878906;11,890377044677734;16,412309646606445;32,930458068847656;56,201316833496094;30,711837768554688;71,7545166015625;346,7912902832031;99,00836181640625;98,63671112060547;4,201027870178223;0,5868269205093384;50,400001525878906;37,91020965576172;30,57021713256836;24,051977157592773;3,3084118366241455;29,89320182800293;53,49150466918945;108,5242919921875;33011,0
2019-01-08;84,9384994506836;133,79017639160156;53,79999923706055;12,089212417602539;16,771047592163086;32,656883239746094;54,78166961669922;30,444780349731445;76,06486511230469;344,29644775390625;103,04036712646484;96,3232650756836;4,278251647949219;0,5885040760040283;50,5;37,91020965576172;31,09463119506836;24,202299118041992;3,250680923461914;30,01398277282715;53,24340057373047;109,23826599121094;32915,0
2019-01-09;87,85484313964844;136,3351287841797;55,29999923706055;12,24828052520752;17,084941864013672;33,306602478027344;57,28692626953125;32,40321731567383;79,44552612304688;352,2801513671875;104,83238220214844;99,26764678955078;4,324588298797607;0,5885040760040283;51,599998474121094;37,91020965576172;31,711591720581055;23,751325607299805;3,281766653060913;30,79905891418457;53,44187927246094;111,73716735839844;33769,0
2019-01-10;90,18791961669922;141,4249725341797;53,5;12,645952224731445;16,95041847229004;32,485904693603516;59,58342361450195;33,47145462036133;81,64295196533203;349,2861328125;107,4755859375;99,60414123535156;4,278251647949219;0,5868269205093384;51,5;38,23423767089844;32,88380432128906;24,051977157592773;3,264003038406372;30,315929412841797;53,114383697509766;113,73629760742188;34168,0
2019-01-11;87,63612365722656;141,13414001464844;53,349998474121094;12,526651382446289;16,546838760375977;33,23821258544922;59,54167175292969;33,07086181640625;79,02293395996094;363,75677490234375;105,90757751464844;99,56208801269531;4,2473626136779785;0,5868269205093384;51,400001525878906;38,23423767089844;32,63702392578125;24,051977157592773;3,2417991161346436;30,67827033996582;54,55339431762695;112,34404754638672;33885,0
2019-01-14;86,28732299804688;143,82444763183594;53,0;12,526651382446289;16,053573608398438;33,23821258544922;58,95710372924805;33,42694091796875;80,2061767578125;361,7607421875;105,99718475341797;99,98271179199219;4,309143543243408;0,5750903487205505;51,20000076293945;38,23423767089844;33,315677642822266;23,51080894470215;3,295088529586792;31,22178840637207;53,25332260131836;111,05888366699219;33771,0
2019-01-15;85,66756439208984;142,5883026123047;53,20000076293945;11,969911575317383;15,963887214660645;32,99884033203125;58,122013092041016;33,47145462036133;77,88197326660156;365,25360107421875;107,0723876953125;100,95014190673828;4,332310199737549;0,5616775751113892;50,20000076293945;38,23423767089844;33,25398254394531;23,4506778717041;3,3528199195861816;30,85944366455078;52,83154296875;111,30878448486328;33563,0
2019-01-16;87,12574768066406;138,55282592773438;53,79999923706055;12,128979682922363;16,18809700012207;33,68275451660156;58,33078384399414;34,18361282348633;79,78358459472656;369,2453918457031;109,9395980834961;103,38977813720703;4,40181303024292;0,570060670375824;52,04999923706055;38,23423767089844;33,93263626098633;24,47288703918457;3,3705832958221436;31,704912185668945;55,014869689941406;116,34230041503906;34048,0
2019-01-17;86,87055969238281;141,71578979492188;53,79999923706055;11,969911575317383;16,18809700012207;33,68275451660156;58,33078384399414;34,00557327270508;78,85391235351562;369,74444580078125;112,00040435791016;104,98815155029297;4,448147296905518;0,6002405285835266;51,95000076293945;38,23423767089844;34,241111755371094;24,051977157592773;3,3705832958221436;31,64451789855957;55,89812469482422;116,37804412841797;34263,0
2019-01-18;91,86482238769531;147,85995483398438;54,0;11,969911575317383;16,367469787597656;33,85373306274414;59,708683013916016;34,22811508178711;80,58648681640625;383,71588134765625;110,47720336914062;104,98815155029297;4,610318660736084;0,6186839938163757;51,70000076293945;38,23423767089844;34,61128616333008;23,631065368652344;3,4283132553100586;31,64451789855957;57,386756896972656;117,66320037841797;35101,0
2019-01-21;91,46380615234375;149,49595642089844;53,70000076293945;12,089212417602539;16,681364059448242;33,16981887817383;60,83604049682617;34,00557327270508;78,6003646850586;398,18634033203125;109,3124008178711;104,35721588134766;4,672098636627197;0,6220365762710571;51,70000076293945;44,06657791137695;34,67298126220703;23,029767990112305;3,468280553817749;31,85588264465332;59,19792556762695;115,16425323486328;35303,0
2019-01-22;88,11000061035156;142,87921142578125;52,04999923706055;11,810843467712402;16,4571533203125;32,6226921081543;56,78587341308594;32,1806640625;78,7693862915039;378,2271423339844;109,3572006225586;102,63265228271484;4,517649173736572;0,5952100157737732;50,400001525878906;42,835296630859375;34,42620086669922;23,51080894470215;3,3972275257110596;31,070810317993164;56,78137969970703;112,09418487548828;34043,0
2019-01-23;93,10424041748047;150,0413055419922;52,349998474121094;12,089212417602539;16,5916805267334;32,862060546875;58,33078384399414;32,80379867553711;77,45938873291016;394,1944274902344;107,87879943847656;103,76834869384766;4,587151527404785;0,5985634326934814;50,70000076293945;42,835296630859375;34,858070373535156;27,0584716796875;3,40610933303833;31,161399841308594;56,31494140625;112,77243041992188;34819,0
2019-01-24;91,06282806396484;148,76885986328125;52,599998474121094;12,128979682922363;16,546838760375977;33,47758483886719;58,664825439453125;33,515960693359375;77,50164031982422;399,18426513671875;109,4020004272461;103,81040954589844;4,80338191986084;0,5952100157737732;50,95000076293945;42,835296630859375;35,22824478149414;26,126462936401367;3,4283132553100586;30,88964080810547;58,74637222290039;113,7005844116211;34939,0
2019-01-25;92,5209732055664;149,35057067871094;51,5;12,049445152282715;16,501996994018555;33,51177215576172;58,08027267456055;33,38243103027344;78,34680938720703;392,6975402832031;108,41639709472656;101,91758728027344;4,749323844909668;0,5817972421646118;50,79999923706055;42,835296630859375;34,98146057128906;25,3147029876709;3,375023603439331;31,01041603088379;57,1088752746582;112,70103454589844;34811,0
2019-01-28;95,47378540039062;149,56869506835938;51,54999923706055;11,810843467712402;15,963887214660645;33,85373306274414;60,710784912109375;32,75929641723633;78,13551330566406;383,2168273925781;108,41639709472656;102,63265228271484;4,664376735687256;0,5650309920310974;52,0;42,835296630859375;34,30280685424805;25,555221557617188;3,348379373550415;31,22178840637207;56,339752197265625;115,59262084960938;34841,0
2019-01-29;95,29151916503906;156,6581268310547;52,54999923706055;12,049445152282715;16,681364059448242;34,33247375488281;61,83815383911133;33,82752990722656;78,55809783935547;382,7179260253906;110,79080200195312;104,18897247314453;4,702988147735596;0,570060670375824;52,54999923706055;42,835296630859375;34,858070373535156;26,45717430114746;3,2906484603881836;30,79905891418457;58,453609466552734;118,16294860839844;35511,0
2019-01-30;96,60387420654297;156,2218475341797;53,29999923706055;11,969911575317383;17,264312744140625;34,50345230102539;64,42692565917969;33,91654586791992;80,7132797241211;385,2127990722656;110,74600219726562;105,66116333007812;4,718432903289795;0,5683844089508057;53,20000076293945;42,835296630859375;35,22824478149414;26,156524658203125;3,3839051723480225;32,52018356323242;59,10364532470703;121,16168212890625;36039,0
2019-01-31;98,68177795410156;155,96737670898438;53,25;12,049445152282715;17,084941864013672;34,19569396972656;64,88621520996094;34,22811508178711;79,2764892578125;383,71588134765625;110,92520904541016;105,87147521972656;4,757046699523926;0,5817972421646118;53,5;42,835296630859375;35,22824478149414;26,156524658203125;3,3972275257110596;33,51662063598633;60,17049789428711;119,94789123535156;36327,0
2019-02-01;97,73395538330078;157,0580291748047;53,25;12,327816009521484;17,12978744506836;34,70862579345703;66,4728775024414;35,42988967895508;80,16390991210938;383,71588134765625;111,41800689697266;104,69371795654297;4,749323844909668;0,5952100157737732;54,900001525878906;42,835296630859375;36,338768005371094;26,57743263244629;3,3528199195861816;33,51662063598633;61,00909423828125;118,76985168457031;36600,0
2019-02-04;100,2857437133789;161,89340209960938;53,099998474121094;12,049445152282715;16,636520385742188;34,947998046875;70,27252197265625;37,165775299072266;81,09358978271484;375,7322082519531;110,25320434570312;103,85247039794922;4,772490501403809;0,591857373714447;54,0;42,835296630859375;36,21537780761719;25,91600227355957;3,3217339515686035;34,39228057861328;61,098411560058594;122,44683074951172;37145,0
2019-02-05;101,34294128417969;162,58416748046875;55,900001525878906;12,049445152282715;16,546838760375977;35,358341217041016;70,64830780029297;37,38832473754883;81,13585662841797;372,2393798828125;110,5219955444336;105,53497314453125;4,8265485763549805;0,5885040760040283;54,150001525878906;42,835296630859375;36,83233642578125;25,795743942260742;3,4149909019470215;34,180908203125;60,84534454345703;124,44595336914062;37472,0
2019-02-06;98,31721496582031;157,0944061279297;55,599998474121094;12,089212417602539;16,322629928588867;35,15317153930664;67,68376159667969;37,610870361328125;79,44552612304688;366,75054931640625;106,17638397216797;102,84297180175781;4,702988147735596;0,5750903487205505;54,29999923706055;42,835296630859375;36,585548400878906;25,555221557617188;3,3705832958221436;33,45622634887695;60,00178527832031;120,019287109375;36732,0
2019-02-07;95,54668426513672;154,98577880859375;54,400001525878906;12,208514213562012;16,367469787597656;35,15317153930664;66,22235870361328;35,87498474121094;76,9522933959961;365,25360107421875;107,20680236816406;99,77239990234375;4,55626106262207;0,5650309920310974;54,25;42,835296630859375;35,28994369506836;25,22450828552246;3,348379373550415;33,51662063598633;57,74898910522461;116,7350082397461;35929,0
2019-02-08;99,19212341308594;157,74880981445312;55,45000076293945;12,288047790527344;16,636520385742188;35,32415008544922;68,76937103271484;36,008514404296875;75,72679138183594;382,7179260253906;109,49159240722656;100,31922149658203;4,664376735687256;0,5734140276908875;55,95000076293945;42,835296630859375;36,70894241333008;25,344768524169922;3,441636562347412;33,72798156738281;58,696754455566406;119,37672424316406;36664,0
2019-02-11;100,94193267822266;158,43954467773438;58,900001525878906;12,208514213562012;16,412309646606445;35,016387939453125;68,3518295288086;37,34381103515625;77,16358184814453;392,1985168457031;109,49159240722656;105,40878295898438;4,633486747741699;0,5767674446105957;56,5;42,835296630859375;36,77063751220703;25,434961318969727;3,4194326400756836;34,06013107299805;58,016944885253906;118,91263580322266;37024,0
2019-02-12;102,29071807861328;162,51141357421875;58,54999923706055;12,089212417602539;16,726205825805664;35,016387939453125;70,10549926757812;37,966957092285156;76,99453735351562;397,1883544921875;111,50759887695312;106,7547836303711;4,726156711578369;0,5784437656402588;55,900001525878906;46,010684967041016;36,955726623535156;26,156524658203125;3,441636562347412;34,543251037597656;60,096065521240234;123,69624328613281;37686,0
2019-02-13;98,53594207763672;157,0944061279297;57,79999923706055;12,009678840637207;16,4571533203125;34,674434661865234;68,05953216552734;37,47734069824219;74,20549774169922;392,1985168457031;110,11880493164062;103,89453125;4,741600036621094;0,5767674446105957;55,099998474121094;44,7146110534668;36,585548400878906;25,6153507232666;3,4327547550201416;33,45622634887695;59,500614166259766;118,94834899902344;37039,0
2019-02-14;99,26505279541016;161,09359741210938;57,75;11,969911575317383;16,412309646606445;34,50345230102539;68,39358520507812;37,566368103027344;76,23389434814453;383,71588134765625;111,1939926147461;104,2730941772461;4,811102867126465;0,5985634326934814;55,400001525878906;44,7146110534668;36,277069091796875;25,85587501525879;3,4327547550201416;32,79193878173828;60,06133270263672;119,16252899169922;37386,0
2019-02-15;98,28076934814453;160,40283203125;57,75;12,566418647766113;17,040103912353516;34,36667251586914;68,05953216552734;37,076751708984375;76,61421966552734;393,6954650878906;110,88040161132812;102,8850326538086;5,158614635467529;0,5868269205093384;55,0;44,7146110534668;36,091983795166016;25,254573822021484;3,4283132553100586;32,61075973510742;59,88766098022461;117,12769317626953;37470,0
2019-02-18;97,69749450683594;157,85789489746094;56,900001525878906;13,202692985534668;17,936952590942383;34,33247375488281;67,85077667236328;36,40910339355469;75,26197052001953;386,21075439453125;111,95560455322266;101,62315368652344;5,452069282531738;0,5885040760040283;54,04999923706055;44,7146110534668;35,598419189453125;26,45717430114746;3,42387318611145;33,03349685668945;58,95974349975586;114,62875366210938;37355,0
2019-02-19;93,72396850585938;149,20513916015625;54,099998474121094;12,765253067016602;17,533367156982422;33,71695327758789;64,88621520996094;35,83047103881836;73,02227020263672;382,7179260253906;106,6243896484375;96,78595733642578;5,243561744689941;0,5750903487205505;52,650001525878906;44,7146110534668;34,549591064453125;25,85587501525879;3,348379373550415;31,61432647705078;57,649749755859375;111,23739624023438;36292,0
2019-02-20;95,51024627685547;148,9869842529297;55,5;12,208514213562012;17,398839950561523;33,54597091674805;64,55218505859375;35,65243148803711;73,74066162109375;377,72808837890625;106,669189453125;98,34226989746094;5,282175064086914;0,570060670375824;53,400001525878906;44,7146110534668;34,056026458740234;25,555221557617188;3,2551209926605225;32,18803024291992;58,403987884521484;108,80989074707031;36504,0
2019-02-21;93,17717742919922;147,67816162109375;53,25;12,009678840637207;16,81589126586914;33,47758483886719;62,13043975830078;35,69694519042969;74,62808990478516;369,2453918457031;109,2676010131836;95,69232177734375;5,490682601928711;0,5683844089508057;51,75;44,7146110534668;33,6241569519043;24,893795013427734;3,2417991161346436;32,03705596923828;57,401641845703125;106,38238525390625;35852,0
2019-02-22;96,12995147705078;153,82237243652344;53,75;12,208514213562012;16,99526023864746;33,81953811645508;64,88621520996094;36,94321823120117;77,62841796875;369,2453918457031;108,86439514160156;100,44540405273438;5,475236415863037;0,5717369914054871;52,900001525878906;44,7146110534668;34,364505767822266;24,653278350830078;3,2551209926605225;32,42959213256836;58,78607177734375;112,59396362304688;36647,0
2019-02-25;95,8747787475586;150,07769775390625;53,45000076293945;12,089212417602539;17,174625396728516;33,71695327758789;63,17428970336914;36,898712158203125;76,78325653076172;366,75054931640625;106,08678436279297;102,92709350585938;5,490682601928711;0,5667073130607605;52,599998474121094;44,7146110534668;34,241111755371094;24,653278350830078;3,299530029296875;31,85588264465332;57,3768310546875;111,38021087646484;36332,0
2019-02-26;94,598876953125;151,13198852539062;53,25;11,930143356323242;16,99526023864746;32,75947189331055;63,46657180786133;36,18655776977539;76,27616119384766;367,2495422363281;106,53479766845703;100,78189849853516;5,498403072357178;0,5650309920310974;52,0;44,7146110534668;34,179420471191406;24,051977157592773;3,268444538116455;30,829248428344727;56,290130615234375;108,9169692993164;36027,0
2019-02-27;90,73471069335938;151,02291870117188;51,04999923706055;11,691540718078613;16,905574798583984;32,99884033203125;60,75253677368164;35,42988967895508;75,21969604492188;369,74444580078125;104,83238220214844;98,00576782226562;5,405733108520508;0,5616775751113892;50,0;45,362648010253906;33,93263626098633;23,991844177246094;3,2417991161346436;30,79905891418457;55,674827575683594;105,66837310791016;35346,0
2019-02-28;88,07356262207031;143,0246124267578;50,75;11,612008094787598;16,771047592163086;32,99884033203125;57,62096405029297;35,42988967895508;74,03646087646484;370,742431640625;104,7875747680664;96,3232650756836;5,336232662200928;0,551617443561554;50,25;45,362648010253906;33,93263626098633;23,991844177246094;3,1618645191192627;31,795495986938477;54,99998092651367;103,16947174072266;34486,0
2019-03-01;85,59465026855469;136,2623748779297;49,099998474121094;11,57223892211914;16,905574798583984;33,03303527832031;55,9507942199707;34,89576721191406;74,33226776123047;376,23114013671875;104,9219741821289;93,79951477050781;5,220395088195801;0,5449105501174927;50,400001525878906;45,362648010253906;33,315677642822266;23,751325607299805;3,0863709449768066;33,78837585449219;54,598052978515625;100,49207305908203;33835,0
2019-03-06;79,2880859375;129,46383666992188;47,54999923706055;11,214334487915039;16,4571533203125;32,485904693603516;51,31605911254883;34,62870788574219;76,14938354492188;366,75054931640625;105,90757751464844;89,71944427490234;4,865160942077637;0,5298213958740234;50,400001525878906;45,362648010253906;31,40311050415039;23,751325607299805;2,979790449142456;32,03705596923828;49,84435272216797;98,67143249511719;32340,0
2019-03-07;79,54326629638672;134,48094177246094;50,099998474121094;11,055266380310059;16,5916805267334;34,093101501464844;53,02798843383789;35,65243148803711;76,36066436767578;360,76275634765625;112,80680847167969;93,79951477050781;4,818825721740723;0,5331740379333496;51,25;45,362648010253906;31,218021392822266;24,051977157592773;2,917618989944458;31,433151245117188;53,78426742553711;103,34796905517578;33190,0
2019-03-08;80,38169860839844;133,572021484375;49,849998474121094;10,896198272705078;16,053573608398438;33,71695327758789;53,02798843383789;35,563411712646484;81,93875122070312;359,76483154296875;108,7748031616211;97,9216537475586;4,919219493865967;0,5348511338233948;51,29999923706055;45,362648010253906;31,464805603027344;24,051977157592773;3,010876178741455;31,402956008911133;53,18385314941406;104,06192779541016;33020,0
2019-03-11;82,751220703125;143,0246124267578;50,599998474121094;11,015499114990234;16,18809700012207;33,306602478027344;52,568687438964844;34,673221588134766;84,77008056640625;347,7892150878906;112,17960357666016;100,90808868408203;5,050500869750977;0,5331740379333496;51,75;45,362648010253906;32,266849517822266;23,991844177246094;2,95314621925354;31,704912185668945;55,645057678222656;105,06148529052734;33791,0
2019-03-12;81,51180267333984;137,4984893798828;49,650001525878906;11,333637237548828;16,322629928588867;33,6485595703125;51,77536392211914;35,42988967895508;83,75586700439453;341,801513671875;113,79241180419922;98,21607971191406;5,282175064086914;0,5465877056121826;52,20000076293945;45,362648010253906;32,02006912231445;24,1722354888916;2,95314621925354;30,738662719726562;56,36952209472656;101,56302642822266;33681,0
2019-03-13;82,86060333251953;140,7341766357422;50,70000076293945;11,612008094787598;15,963887214660645;34,05891036987305;51,39957046508789;35,07381057739258;84,09393310546875;335,3147888183594;112,98600769042969;98,67877197265625;5,289896488189697;0,5600004196166992;51,45000076293945;45,362648010253906;32,14345932006836;24,442819595336914;2,979790449142456;31,101003646850586;57,17338562011719;102,38410186767578;34023,0
2019-03-14;81,18370056152344;139,38900756835938;48,849998474121094;11,810843467712402;16,09841537475586;34,05891036987305;50,063438415527344;34,851261138916016;82,5303726196289;336,8116760253906;111,01480102539062;97,16452026367188;5,235838890075684;0,5566478371620178;49,650001525878906;45,362648010253906;31,896677017211914;24,051977157592773;2,95314621925354;30,37632179260254;56,71687316894531;99,52819061279297;33531,0
2019-03-15;82,60540008544922;144,80604553222656;49,54999923706055;11,930143356323242;16,27778434753418;34,298282623291016;51,023780822753906;35,96400833129883;85,40394592285156;333,31878662109375;111,59720611572266;98,1319580078125;5,204949855804443;0,5583241581916809;50,54999923706055;46,010684967041016;32,39024353027344;24,051977157592773;2,95314621925354;31,22178840637207;57,24781799316406;102,59829711914062;33933,0
2019-03-18;85,88630676269531;150,5139923095703;52,599998474121094;12,327816009521484;15,919044494628906;34,19569396972656;53,48728561401367;37,83342361450195;84,43199920654297;318,84832763671875;111,23880767822266;101,83345794677734;5,243561744689941;0,5566478371620178;50,79999923706055;46,010684967041016;32,94550323486328;24,352624893188477;2,9620273113250732;31,342571258544922;58,04671859741211;106,81074523925781;34939,0
2019-03-19;84,82913208007812;152,14996337890625;50,70000076293945;11,930143356323242;15,78451919555664;33,88793182373047;50,815006256103516;36,49812698364258;86,88297271728516;308,868896484375;112,62760925292969;98,88908386230469;5,235838890075684;0,5868269205093384;49,599998474121094;45,427452087402344;31,958372116088867;24,051977157592773;2,935382843017578;30,79905891418457;57,35698318481445;104,77593994140625;34373,0
2019-03-20;85,84984588623047;156,29454040527344;51,900001525878906;11,771075248718262;15,380932807922363;34,879608154296875;50,355712890625;36,23106002807617;85,36168670654297;319,8464660644531;113,34441375732422;100,06683349609375;5,174060344696045;0,570060670375824;50,20000076293945;45,427452087402344;31,156326293945312;23,841522216796875;2,899855613708496;30,76885986328125;58,79599380493164;106,0253677368164;34744,0
2019-03-21;84,1364974975586;152,65896606445312;50,79999923706055;11,532472610473633;14,932512283325195;34,98219299316406;48,936058044433594;35,20733642578125;81,55843353271484;311,36370849609375;112,89640808105469;98,4263916015625;4,965552806854248;0,5566478371620178;49,599998474121094;45,686668395996094;30,724456787109375;24,051977157592773;2,899855613708496;30,79905891418457;58,90019607543945;102,27701568603516;34186,0
2019-03-22;79,10580444335938;141,57034301757812;48,20000076293945;11,214334487915039;15,067041397094727;34,879608154296875;46,138526916503906;34,45066833496094;79,44552612304688;304,8770446777344;112,00040435791016;95,3558349609375;4,733879089355469;0,5348511338233948;46,5;45,686668395996094;29,55223846435547;23,150028228759766;2,8776519298553467;30,43671417236328;57,337135314941406;96,63660430908203;32828,0
2019-03-25;82,45958709716797;144,224365234375;47,849998474121094;11,134800910949707;14,932512283325195;35,460933685302734;46,472564697265625;35,296356201171875;83,16426086425781;304,3779296875;114,24041748046875;94,76695251464844;4,8265485763549805;0,5298213958740234;46,5;46,33470153808594;28,811891555786133;23,21015739440918;2,9087374210357666;29,71202850341797;57,5753173828125;98,77851867675781;33166,0
2019-03-26;78,70479583740234;142,1156768798828;46,70000076293945;11,492705345153809;14,70829963684082;34,19569396972656;44,5936164855957;35,60792922973633;80,62875366210938;300,38616943359375;113,79241180419922;93,42095947265625;4,733879089355469;0,5231146216392517;44,150001525878906;45,362648010253906;27,485431671142578;23,08989715576172;2,779954195022583;29,89320182800293;58,488346099853516;96,49378967285156;32628,0
2019-03-27;77,72054290771484;136,73501586914062;45,75;11,691540718078613;15,022198677062988;33,85373306274414;44,21782684326172;34,27262878417969;80,37520599365234;292,4024658203125;108,95399475097656;91,780517578125;4,702988147735596;0,5180848836898804;42,5;45,362648010253906;27,146106719970703;22,909507751464844;2,7177822589874268;29,591249465942383;58,662017822265625;95,77982330322266;32175,0
2019-03-28;79,3609848022461;139,89797973632812;47,349998474121094;11,969911575317383;14,79798412322998;34,879608154296875;44,96940612792969;34,80674362182617;80,79779052734375;309,36773681640625;113,79241180419922;95,06139373779297;4,811102867126465;0,5499411225318909;43,0;45,362648010253906;28,2874755859375;23,029767990112305;2,7977170944213867;30,01398277282715;59,08876037597656;96,3153076171875;32892,0
2019-03-29;80,70977783203125;144,51519775390625;48,099998474121094;12,407350540161133;15,470619201660156;34,84540939331055;44,259578704833984;35,47439193725586;81,98101806640625;310,86480712890625;113,61321258544922;95,98677062988281;4,795658588409424;0,5566478371620178;43,099998474121094;45,362648010253906;28,472566604614258;23,4506778717041;2,8598880767822266;29,591249465942383;60,53769302368164;98,49292755126953;33466,0
2019-04-01;79,17870330810547;145,9694366455078;45,900001525878906;11,731307983398438;15,111882209777832;34,70862579345703;43,842041015625;34,80674362182617;80,62875366210938;306,8729553222656;112,62760925292969;96,743896484375;4,733879089355469;0,5398808121681213;41,5;45,362648010253906;27,485431671142578;23,51080894470215;2,8465657234191895;28,534420013427734;61,148033142089844;97,20777893066406;33007,0
2019-04-03;75,8978271484375;133,89926147460938;44,20000076293945;11,731307983398438;14,61861515045166;33,135623931884766;41,253273010253906;32,93733215332031;79,10746002197266;296,39434814453125;109,6707992553711;90,30831909179688;4,517649173736572;0,52479088306427;40,70000076293945;46,33470153808594;25,850500106811523;23,60099983215332;2,744426965713501;27,3568058013916;61,00413131713867;91,67445373535156;31765,0
2019-04-04;78,04865264892578;138,08016967773438;44,0;11,731307983398438;14,528931617736816;33,443382263183594;42,38063430786133;33,42694091796875;78,8116455078125;288,9095764160156;109,3572006225586;90,05595397949219;4,509927749633789;0,5197612047195435;41,349998474121094;46,52912139892578;25,881345748901367;24,051977157592773;2,7222232818603516;27,175636291503906;62,48780059814453;93,1024169921875;32143,0
2019-04-05;79,87135314941406;145,35137939453125;44,04999923706055;11,969911575317383;15,111882209777832;33,374996185302734;43,883792877197266;34,22811508178711;81,4316635131836;289,4085998535156;110,65640258789062;89,71944427490234;4,509927749633789;0,5164077877998352;40,75;46,52912139892578;25,788801193237305;23,150028228759766;2,744426965713501;27,62856674194336;63,39090347290039;94,3161849975586;32667,0
2019-04-08;80,63689422607422;150,07769775390625;44,650001525878906;11,930143356323242;15,291252136230469;33,10143280029297;46,3890495300293;34,09458923339844;79,95262145996094;289,4085998535156;111,55239868164062;92,4535140991211;4,440423965454102;0,5164077877998352;39,849998474121094;46,52912139892578;25,418628692626953;23,029767990112305;2,757749319076538;28,383440017700195;64,72074890136719;94,67317199707031;33081,0
2019-04-09;76,66337585449219;145,16966247558594;42,5;11,174568176269531;14,394402503967285;32,143951416015625;43,466251373291016;32,091644287109375;79,57230377197266;276,93408203125;111,46280670166016;85,97587585449219;4,370921611785889;0,5046713352203369;37,45000076293945;44,7146110534668;24,0921688079834;22,849380493164062;2,695578098297119;26,934072494506836;63,22219467163086;90,28221130371094;31743,0
2019-04-10;79,25161743164062;149,96861267089844;42,5;11,691540718078613;14,753142356872559;32,45171356201172;42,798179626464844;31,423992156982422;79,40325927734375;279,42901611328125;110,92520904541016;87,23775482177734;4,424980640411377;0,5046713352203369;37,79999923706055;44,7146110534668;24,061323165893555;22,54872703552246;2,7089009284973145;28,504220962524414;63,70848083496094;91,60305786132812;32155,0
2019-04-11;77,06437683105469;143,27911376953125;41,150001525878906;11,752252578735352;14,215033531188965;31,80198860168457;42,88168716430664;31,15693473815918;78,6003646850586;277,93206787109375;109,3124008178711;86,43856811523438;4,324588298797607;0,49796441197395325;37,45000076293945;44,7146110534668;24,308107376098633;22,54872703552246;2,6600518226623535;27,779539108276367;62,72101974487305;90,24651336669922;31501,0
2019-04-12;78,6683578491211;148,36898803710938;40,5;11,168807029724121;13,49755573272705;30,91290283203125;42,08835983276367;30,889877319335938;80,37520599365234;283,4208679199219;108,23719787597656;85,59732055664062;4,363199710845947;0,4929347336292267;36,79999923706055;44,7146110534668;23,876237869262695;22,248077392578125;2,6556105613708496;27,175636291503906;61,64424514770508;91,8886489868164;31357,0
2019-04-15;81,00142669677734;150,29580688476562;41,5;10,710387229919434;13,138814926147461;30,63933563232422;42,88168716430664;31,379484176635742;84,51651763916016;275,4371032714844;108,59559631347656;88,16313171386719;4,579428195953369;0,4929347336292267;37,150001525878906;44,7146110534668;24,709125518798828;22,06768798828125;2,678191900253296;26,571731567382812;61,84769058227539;94,28048706054688;31746,0
2019-04-16;80,78270721435547;152,69532775878906;42,20000076293945;10,835410118103027;13,542396545410156;31,289058685302734;43,0904541015625;32,93733215332031;85,36168670654297;276,43505859375;113,16520690917969;89,59326171875;4,772490501403809;0,4996415078639984;37,349998474121094;44,7146110534668;24,554887771606445;22,248077392578125;2,6601264476776123;26,873685836791992;63,33135986328125;95,67273712158203;32290,0
2019-04-17;80,5639877319336;156,18553161621094;41,349998474121094;10,627037048339844;13,273343086242676;30,673534393310547;42,75642395019531;32,84831619262695;85,31941223144531;273,44122314453125;113,79241180419922;85,31217956542969;4,749323844909668;0,4862278699874878;37,54999923706055;48,60283660888672;24,585735321044922;22,849380493164062;2,678191900253296;26,571731567382812;62,71109390258789;94,2090835571289;32037,0
2019-04-22;75,71553039550781;146,8419647216797;40,0;10,21028995513916;13,228500366210938;29,374095916748047;39,83362579345703;31,15693473815918;82,40361022949219;262,4636535644531;109,3124008178711;85,95674133300781;4,702988147735596;0,47113803029060364;37,5;48,60283660888672;24,308107376098633;22,849380493164062;2,6510934829711914;25,33373260498047;61,033905029296875;87,96180725097656;30787,0
2019-04-23;75,82493591308594;145,20599365234375;39,849998474121094;10,16861629486084;13,273343086242676;28,929553985595703;40,00064468383789;31,423992156982422;81,55843353271484;263,96063232421875;108,86439514160156;88,85726165771484;4,741600036621094;0,4728151261806488;38,29999923706055;48,60283660888672;24,554887771606445;22,819311141967773;2,628512144088745;25,363929748535156;62,462989807128906;88,56867980957031;30927,0
2019-04-24;70,64840698242188;138,04385375976562;38,29999923706055;9,335122108459473;12,86976432800293;29,989622116088867;36,952579498291016;30,667325973510742;74,2900161743164;248,74168395996094;112,00040435791016;84,43741607666016;4,633486747741699;0,4493420720100403;37,0;48,60283660888672;23,629451751708984;22,00755500793457;2,438826084136963;25,90744400024414;61,99159240722656;82,03579711914062;29747,0
2019-04-25;69,4454345703125;135,28076171875;38,70000076293945;9,335122108459473;12,914605140686035;30,39996910095215;39,374324798583984;29,777130126953125;71,67000579833984;262,96258544921875;108,32678985595703;83,88493347167969;4,618039608001709;0,46778538823127747;39,79999923706055;48,79724884033203;23,968778610229492;21,346126556396484;2,380112886428833;25,967832565307617;60,78580093383789;83,14246368408203;29557,0
2019-04-26;71,45037078857422;136,51690673828125;38,900001525878906;9,418472290039062;13,363027572631836;30,22899055480957;40,29292297363281;30,711837768554688;72,2616195678711;273,44122314453125;108,41639709472656;84,71366119384766;4,757046699523926;0,47784483432769775;39,349998474121094;48,79724884033203;24,678279876708984;21,646778106689453;2,4207603931427;25,967832565307617;60,239967346191406;84,46330261230469;30001,0
2019-04-29;69,40896606445312;129,31838989257812;36,20000076293945;9,4601469039917;13,542396545410156;30,776121139526367;37,537132263183594;29,732620239257812;73,02227020263672;293,8993835449219;106,22118377685547;81,26065826416016;4,679821014404297;0,4543718099594116;37,5;48,79724884033203;23,845388412475586;21,94742774963379;2,4207603931427;24,94119644165039;58,190616607666016;81,67879486083984;28827,0
2019-04-30;70,68486022949219;131,2452392578125;37,45000076293945;9,626845359802246;13,81145191192627;30,434165954589844;37,45362854003906;31,513011932373047;74,3745346069336;300,38616943359375;106,26598358154297;83,2403793334961;4,812763690948486;0,4728151261806488;38,79999923706055;48,79724884033203;24,21556282043457;21,85723304748535;2,6059305667877197;25,001585006713867;59,54527282714844;85,3200912475586;29571,0
2019-05-02;75,82493591308594;143,38819885253906;39,20000076293945;9,751869201660156;13,856295585632324;30,63933563232422;40,167659759521484;33,604984283447266;75,68453979492188;303,38006591796875;108,41639709472656;88,16666412353516;4,966909408569336;0,4744914472103119;39,5;48,79724884033203;24,709125518798828;21,13567352294922;2,6510934829711914;25,061975479125977;60,56250762939453;88,1045913696289;30817,0
2019-05-03;79,61616516113281;156,2218475341797;41,5;10,376989364624023;13,901137351989746;30,776121139526367;43,048702239990234;34,851261138916016;79,19197845458984;312,3616943359375;112,4796371459961;90,14637756347656;4,966909408569336;0,4862278699874878;40,150001525878906;48,79724884033203;26,498302459716797;21,767038345336914;2,7323877811431885;25,061975479125977;63,7928352355957;94,28048706054688;32412,0
2019-05-06;79,65262603759766;156,47634887695312;42,150001525878906;11,043784141540527;13,856295585632324;31,391643524169922;43,42449951171875;34,53968811035156;78,55809783935547;322,34130859375;118,44793701171875;94,84246826171875;5,086799144744873;0,4912583827972412;41,79999923706055;48,79724884033203;28,040693283081055;21,646778106689453;2,7323877811431885;25,665876388549805;65,42040252685547;93,56652069091797;33001,0
2019-05-07;77,80400085449219;151,60462951660156;41,45000076293945;10,960433959960938;13,632081985473633;31,528430938720703;40,835731506347656;34,851261138916016;74,96614074707031;317,8504943847656;122,533935546875;94,79642486572266;5,052544593811035;0,4879049062728882;41,25;48,79724884033203;27,670520782470703;21,767038345336914;2,7414207458496094;24,760021209716797;66,39298248291016;92,53125;32741,0
2019-05-08;82,05050659179688;155,82196044921875;43,0;11,418855667114258;13,452713012695312;32,00716781616211;41,71257019042969;35,60792922973633;78,00874328613281;327,3310546875;130,10910034179688;97,60486602783203;5,138181686401367;0,5013177990913391;42,849998474121094;52,81508255004883;28,565109252929688;21,94742774963379;2,768519163131714;25,42431640625;67,3853988647461;95,24433898925781;33776,0
2019-05-09;84,11839294433594;157,34889221191406;43,0;11,377181053161621;13,318185806274414;32,75947189331055;41,71257019042969;37,2993049621582;79,06520080566406;327,34771728515625;130,66000366210938;95,25682067871094;5,1296162605285645;0,49796441197395325;43,45000076293945;53,916744232177734;29,058671951293945;21,94742774963379;2,7730350494384766;25,786659240722656;67,68312072753906;98,45722961425781;34119,0
2019-05-10;82,49363708496094;160,13143920898438;41,79999923706055;11,293831825256348;13,901137351989746;32,00716781616211;40,5434455871582;35,20733642578125;77,96648406982422;332,3377380371094;123,86532592773438;94,93453979492188;5,086799144744873;0,4879049062728882;43,0;53,916744232177734;28,719348907470703;21,767038345336914;2,7504537105560303;24,88080406188965;65,4799575805664;93,78070068359375;33394,0
2019-05-13;79,3179702758789;148,35317993164062;40,54999923706055;11,293831825256348;14,080506324768066;29,818641662597656;39,792823791503906;33,78302001953125;76,52970886230469;322,3576965332031;121,01891326904297;92,54045867919922;5,1296162605285645;0,48119819164276123;42,099998474121094;53,916744232177734;28,719348907470703;21,767038345336914;2,7052905559539795;23,974950790405273;63,678707122802734;89,35403442382812;32300,0
2019-05-14;80,38883209228516;149,80160522460938;40,849998474121094;11,252157211303711;13,676924705505371;30,194793701171875;40,17382049560547;31,824588775634766;73,52935791015625;318,3656005859375;120,51390075683594;94,28997802734375;5,1296162605285645;0,4862278699874878;41,150001525878906;53,916744232177734;28,69818878173828;22,18794822692871;2,6465775966644287;23,76358413696289;65,27650451660156;92,10257720947266;32511,0
2019-05-15;82,6413345336914;152,622314453125;41,79999923706055;11,168807029724121;13,766611099243164;30,63933563232422;42,036460876464844;31,602031707763672;75,13517761230469;327,34771728515625;122,39620208740234;95,8553466796875;5,121052265167236;0,5063484907150269;41,5;53,916744232177734;28,69818878173828;21,97749137878418;2,628512144088745;24,427873611450195;67,92131042480469;94,42450714111328;33218,0
2019-05-16;84,89385986328125;158,0731201171875;42,650001525878906;11,00210952758789;13,856295585632324;31,118078231811523;43,05244827270508;30,978897094726562;74,79711151123047;328,3457336425781;126,48220825195312;94,704345703125;5,1296162605285645;0,5113781094551086;42,099998474121094;53,916744232177734;28,661487579345703;21,887300491333008;2,7052905559539795;25,122365951538086;69,90118408203125;96,52527618408203;33892,0
2019-05-17;81,75508880615234;155,29055786132812;41,25;11,00210952758789;13,990822792053223;29,78444480895996;41,27446746826172;30,355754852294922;72,09259033203125;317,36767578125;125,70171356201172;96,86821746826172;5,069672584533691;0,5046713352203369;42,29999923706055;53,916744232177734;28,037616729736328;21,7069091796875;2,682708740234375;25,182754516601562;69,18663787841797;95,08789825439453;33316,0
2019-05-20;83,15831756591797;158,79733276367188;41,900001525878906;10,835410118103027;13,72176742553711;29,78444480895996;42,078792572021484;29,599088668823242;72,09259033203125;323,3556823730469;122,80938720703125;97,83506774902344;5,069672584533691;0,502994954586029;40,79999923706055;53,916744232177734;28,367902755737305;22,54872703552246;2,6962573528289795;24,09572982788086;69,38017272949219;95,08789825439453;33493,0
2019-05-21;86,59246063232422;166,3064727783203;45,0;10,835410118103027;13,901137351989746;30,365774154663086;46,31206512451172;31,20144271850586;71,62774658203125;328,3457336425781;126,71173858642578;99,58458709716797;5,138181686401367;0,5113781094551086;41,900001525878906;53,916744232177734;28,77158546447754;25,555221557617188;2,6646430492401123;24,971391677856445;68,24384307861328;101,795654296875;34481,0
2019-05-22;86,81404113769531;168,44105529785156;46,150001525878906;10,66871166229248;13,81145191192627;30,365774154663086;44,95742416381836;30,533796310424805;70,06420135498047;324,8526916503906;129,87954711914062;103,35987091064453;5,121052265167236;0,5044438242912292;41,29999923706055;53,787139892578125;28,477994918823242;26,156524658203125;2,596897602081299;24,94119644165039;67,98085021972656;100,87427520751953;34579,0
2019-05-23;86,88790130615234;167,56439208984375;45,849998474121094;10,585362434387207;13,766611099243164;30,194793701171875;44,23776626586914;30,26673698425293;69,00773620605469;322,8566589355469;129,37454223632812;103,95838165283203;5,069672584533691;0,5027099251747131;41,0;53,787139892578125;28,184410095214844;25,795743942260742;2,55625057220459;25,243146896362305;66,98347473144531;102,6064682006836;34379,0
2019-05-24;88,58647155761719;172,4052734375;46,75;10,752060890197754;13,632081985473633;30,57094955444336;44,61875534057617;31,468503952026367;74,2900161743164;321,8586730957031;131,34866333007812;106,44454956054688;5,035417079925537;0,5235125422477722;42,04999923706055;53,787139892578125;28,99177360534668;25,85587501525879;2,5246360301971436;26,48114776611328;68,62096405029297;105,8866195678711;35085,0
2019-05-27;88,51264953613281;173,6250457763672;48,349998474121094;10,752060890197754;13,676924705505371;30,844514846801758;45,21141815185547;31,958114624023438;74,79711151123047;316,8686218261719;132,08323669433594;107,27326965332031;5,095363140106201;0,5304457545280457;42,79999923706055;53,787139892578125;29,21196746826172;27,479381561279297;2,5291528701782227;26,2697811126709;69,40994262695312;106,80802917480469;35449,0
2019-05-28;85,52159881591797;166,192138671875;46,5;10,66871166229248;13,632081985473633;31,32325553894043;45,63474655151367;30,756343841552734;70,5290298461914;315,37164306640625;129,19088745117188;105,43167114257812;5,052544593811035;0,5252455472946167;41,849998474121094;53,787139892578125;29,17526626586914;27,359119415283203;2,4975390434265137;25,87724494934082;69,3106918334961;100,46885681152344;34644,0
2019-05-29;84,30302429199219;164,32437133789062;46,150001525878906;10,66871166229248;13,587239265441895;31,118078231811523;45,71941375732422;30,711837768554688;71,4587173461914;312,8765563964844;122,21257019042969;104,69503021240234;5,095363140106201;0,5113772749900818;40,599998474121094;53,787139892578125;29,21196746826172;27,659770965576172;2,429792881011963;24,911001205444336;66,47237396240234;96,30413818359375;33967,0
2019-05-30;85,63238525390625;170,308837890625;46,650001525878906;10,502013206481934;13,363027572631836;30,947099685668945;45,67708206176758;31,824588775634766;75,5577621459961;306,3895263671875;119,68751525878906;108,14803314208984;5,078234672546387;0,507910966873169;40,04999923706055;53,787139892578125;28,77158546447754;27,960420608520508;2,3846302032470703;25,54509925842285;66,48725891113281;97,96265411376953;34239,0
2019-05-31;84,70922088623047;170,65187072753906;45,45000076293945;10,29364013671875;13,318185806274414;30,57094955444336;44,32242965698242;31,958114624023438;75,60002136230469;306,3895263671875;121,75347137451172;107,1351547241211;5,163872241973877;0,5061770677566528;38,849998474121094;56,055267333984375;28,367902755737305;27,840160369873047;2,393662691116333;25,42431640625;65,81241607666016;98,99461364746094;33950,0
2019-06-03;82,78904724121094;171,56671142578125;45,599998474121094;10,251965522766113;13,407869338989258;29,955425262451172;42,713783264160156;30,80085563659668;74,16323852539062;304,89251708984375;122,6257553100586;108,37822723388672;5,232380390167236;0,5027099251747131;38,45000076293945;56,055267333984375;27,560535430908203;27,659770965576172;2,3439829349517822;24,458070755004883;66,51703643798828;96,0093002319336;33765,0
2019-06-04;87,07252502441406;182,3157958984375;47,45000076293945;10,376989364624023;13,452713012695312;29,75025177001953;45,71941375732422;31,691049575805664;76,14938354492188;309,38348388671875;121,70755767822266;108,79259490966797;5,6006178855896;0,5044438242912292;38,5;56,055267333984375;27,70732879638672;27,479381561279297;2,339465856552124;24,518461227416992;66,9090347290039;100,83740997314453;34701,0
2019-06-05;89,39888000488281;186,81365966796875;49,099998474121094;10,16861629486084;13,452713012695312;29,2031192779541;46,90473175048828;31,958114624023438;78,43133544921875;311,8785400390625;128,50222778320312;110,03567504882812;5,720508098602295;0,49577656388282776;38,400001525878906;56,055267333984375;27,817426681518555;27,298992156982422;2,3349499702453613;24,156118392944336;67,0231704711914;103,41732025146484;35276,0
2019-06-06;91,50370025634766;190,4729766845703;49,20000076293945;10,54368782043457;13,901137351989746;28,997947692871094;47,24339294433594;32,67027282714844;77,92422485351562;312,3775634765625;126,71173858642578;109,25299072265625;5,908909320831299;0,49404269456863403;37,95000076293945;56,055267333984375;27,890823364257812;26,51729965209961;2,4252769947052;23,4918270111084;68,10490417480469;105,29695892333984;35734,0
2019-06-07;90,94979858398438;191,99766540527344;47,150001525878906;10,502013206481934;14,035663604736328;28,929553985595703;46,015743255615234;32,0471305847168;76,10712432861328;314,8725891113281;126,25264739990234;108,65447235107422;5,883218288421631;0,49404269456863403;37,900001525878906;56,055267333984375;27,413742065429688;26,51729965209961;2,6239962577819824;23,46162986755371;69,54391479492188;104,7072525024414;35663,0
2019-06-10;94,34703063964844;197,60092163085938;48,04999923706055;10,460338592529297;14,439245223999023;28,997947692871094;47,79371643066406;31,691049575805664;79,78358459472656;318,8645324707031;129,5122528076172;109,89755249023438;5,908909320831299;0,49404269456863403;39,0;56,055267333984375;27,890823364257812;26,45717430114746;2,759486198425293;23,884363174438477;71,35508728027344;104,89154052734375;36453,0
2019-06-11;99,70136260986328;206,5966796875;52,150001525878906;10,918760299682617;14,887670516967773;29,989622116088867;55,032623291015625;33,694000244140625;84,05167388916016;330,3417663574219;130,292724609375;115,00799560546875;6,1915082931518555;0,5061770677566528;40,849998474121094;56,055267333984375;28,588092803955078;26,667627334594727;2,9807868003845215;24,125925064086914;73,4937515258789;113,18409729003906;38283,0
2019-06-12;110,37308502197266;225,7696990966797;58,0;11,1271333694458;15,51546573638916;31,528430938720703;58,03824996948242;35,16282653808594;88,48877716064453;354,2939758300781;141,0356903076172;118,96743774414062;6,354217529296875;0,5183113813400269;43,04999923706055;60,59153747558594;30,202823638916016;27,0584716796875;3,369192600250244;25,90744400024414;74,21822357177734;119,63382720947266;40698,0
2019-06-13;109,5237808227539;226,91326904296875;56,5;11,1271333694458;15,201565742492676;31,596820831298828;56,81060028076172;34,27262878417969;85,95329284667969;346,8089294433594;139,1074676513672;118,27684020996094;6,319962501525879;0,5477811098098755;43,650001525878906;60,59153747558594;31,083585739135742;26,36697769165039;3,3646769523620605;25,30353355407715;74,06439208984375;117,20140075683594;40646,0
2019-06-14;107,49283599853516;220,05210876464844;56,5;11,252157211303711;14,887670516967773;31,938770294189453;55,37128829956055;34,36164855957031;83,79813385009766;339,83917236328125;140,02565002441406;119,47388458251953;6,319962501525879;0,5547145009040833;42,400001525878906;60,59153747558594;32,51482391357422;26,336910247802734;3,3872580528259277;25,847047805786133;74,53579711914062;118,93362426757812;40488,0
2019-06-18;108,15750885009766;224,16879272460938;55,95000076293945;11,1271333694458;14,977356910705566;31,870384216308594;54,60929870605469;33,515960693359375;83,88264465332031;345,3284606933594;140,94386291503906;119,10555267333984;6,302835464477539;0,5547145009040833;41,95000076293945;60,59153747558594;32,66162109375;26,156524658203125;3,4008071422576904;25,394121170043945;76,34696197509766;118,82303619384766;40688,0
2019-06-19;104,94491577148438;215,5161895751953;56,04999923706055;10,710387229919434;14,79798412322998;31,66520881652832;51,561336517333984;32,447723388671875;82,31908416748047;338,8410949707031;138,83200073242188;117,4941635131836;6,2514543533325195;0,5373799800872803;41,150001525878906;60,59153747558594;31,450571060180664;26,45717430114746;3,2833824157714844;25,363929748535156;75,72669982910156;116,83279418945312;39862,0
2019-06-21;108,19444274902344;217,99375915527344;56,599998474121094;10,502013206481934;14,439245223999023;31,66520881652832;52,831321716308594;32,625762939453125;82,69940185546875;339,83917236328125;141,0815887451172;116,15899658203125;6,260017395019531;0,5391131043434143;40,70000076293945;60,59153747558594;30,202823638916016;26,45717430114746;3,26531720161438;24,94119644165039;77,53290557861328;115,10057067871094;40295,0
2019-06-24;107,60359954833984;218,71795654296875;57,150001525878906;10,54368782043457;14,349560737609863;30,776121139526367;53,38164520263672;32,58125305175781;81,55843353271484;338,34210205078125;137,5465087890625;114,2253189086914;6,24289083480835;0,5304457545280457;39,95000076293945;60,59153747558594;30,276220321655273;25,85587501525879;3,260801076889038;24,337289810180664;76,58514404296875;115,10057067871094;40112,0
2019-06-25;109,04373168945312;225,0454559326172;56,150001525878906;10,835410118103027;15,067041397094727;29,44248390197754;53,08531951904297;32,625762939453125;80,54424285888672;337,34405517578125;138,05154418945312;115,28423309326172;6,225762844085693;0,5321797132492065;39,25;60,59153747558594;30,78999900817871;25,88593864440918;3,25628399848938;24,156118392944336;76,41643524169922;117,23825073242188;40292,0
2019-06-26;106,34808349609375;221,08126831054688;55,349998474121094;10,502013206481934;15,470619201660156;30,058012008666992;51,815330505371094;33,248897552490234;83,4600601196289;336,8449401855469;135,57240295410156;112,2916259765625;6,397034645080566;0,5339128375053406;39,54999923706055;60,59153747558594;30,16612434387207;25,88593864440918;3,26531720161438;24,699634552001953;77,13594055175781;115,0637435913086;39917,0
2019-06-27;107,52972412109375;231,22052001953125;60,04999923706055;10,66871166229248;15,829361915588379;30,092208862304688;53,762638092041016;34,53968811035156;84,05167388916016;343,8314514160156;138,00563049316406;111,55499267578125;6,868035793304443;0,5339128375053406;39,25;60,59153747558594;31,523967742919922;26,30685043334961;3,3466110229492188;24,5788516998291;78,10354614257812;117,12763977050781;41128,0
2019-06-28;111,9609146118164;238,31036376953125;59,45000076293945;11,502204895019531;16,14325714111328;30,673534393310547;56,895259857177734;34,89576721191406;83,84037780761719;342,33428955078125;139,56655883789062;113,71887969970703;7,005054950714111;0,5425801277160645;39,099998474121094;60,59153747558594;31,854257583618164;26,5473690032959;3,3511271476745605;25,03177833557129;77,40389251708984;119,30213165283203;41796,0
2019-07-01;110,92699432373047;231,02993774414062;58,45000076293945;11,502204895019531;16,681364059448242;33,27241134643555;56,59893798828125;34,406158447265625;84,09393310546875;343,8314514160156;136,8119659423828;114,27134704589844;7,193455219268799;0,5460471510887146;40,95000076293945;60,59153747558594;31,707460403442383;28,501590728759766;3,2698326110839844;25,72627067565918;77,80582427978516;118,01219177246094;41508,0
2019-07-02;114,36113739013672;236,5951690673828;58,599998474121094;11,460530281066895;16,81589126586914;32,82786178588867;58,46158218383789;34,00557327270508;85,27716827392578;338,34210205078125;137,82199096679688;114,73175811767578;7,35616397857666;0,5460471510887146;40,45000076293945;60,59153747558594;31,193681716918945;27,960420608520508;3,328545570373535;24,911001205444336;75,69692993164062;121,2923812866211;41793,0
2019-07-03;111,48088836669922;232,1353302001953;56,849998474121094;11,418855667114258;17,219472885131836;32,6226921081543;58,88490676879883;33,11537170410156;83,41780090332031;337,8431091308594;134,92965698242188;113,30451202392578;7,493180274963379;0,5373799800872803;40,599998474121094;60,59153747558594;30,90009307861328;27,659770965576172;3,2833824157714844;25,363929748535156;76,57522583007812;120,6657943725586;41304,0
2019-07-04;112,14555358886719;229,69581604003906;57,04999923706055;11,460530281066895;17,174625396728516;33,51177215576172;59,054237365722656;33,02634811401367;82,82618713378906;340,8372802734375;132,77188110351562;113,48867797851562;7,501745700836182;0,5425801277160645;41,95000076293945;60,59153747558594;30,90009307861328;27,0584716796875;3,2924153804779053;25,363929748535156;76,57522583007812;122,61915588378906;41380,0
2019-07-05;112,73637390136719;232,85960388183594;56,95000076293945;11,960626602172852;17,264312744140625;33,51177215576172;58,84257507324219;34,80674362182617;84,81232452392578;340,3382568359375;137,6842498779297;114,50155639648438;7,527435302734375;0,5391131043434143;42,400001525878906;60,59153747558594;32,22124099731445;27,359119415283203;3,3240294456481934;26,118806838989258;76,1050033569336;122,95088958740234;41756,0
2019-07-10;117,42603302001953;239,03453063964844;59,20000076293945;12,377372741699219;17,12978744506836;33,51177215576172;60,36655807495117;36,32008361816406;85,82652282714844;357,3052673339844;137,2710723876953;118,5530776977539;7,673017501831055;0,5391131043434143;44,70000076293945;60,59153747558594;32,184539794921875;26,637563705444336;3,3104798793792725;26,81329345703125;77,04000091552734;124,24081420898438;42807,0
2019-07-11;116,94599914550781;236,0233612060547;58,900001525878906;12,585745811462402;17,398839950561523;32,930458068847656;59,22356033325195;36,542633056640625;86,71394348144531;362,29547119140625;139,06155395507812;125,18284606933594;7,40754508972168;0,5443141460418701;44,599998474121094;62,85966110229492;33,24879455566406;26,156524658203125;3,2337026596069336;26,390560150146484;77,26499938964844;126,71012878417969;42856,0
2019-07-12;116,7613525390625;233,2407684326172;59,70000076293945;12,294023513793945;17,040103912353516;32,72527313232422;58,63091278076172;36,32008361816406;88,36202239990234;357,8042297363281;138,1892547607422;125,04473114013672;7,253399848937988;0,5460471510887146;44,29999923706055;62,85966110229492;33,94606399536133;26,45717430114746;3,22918701171875;26,571731567382812;77,1050033569336;127,9263916015625;42753,0
2019-07-15;112,1086196899414;221,15750122070312;56,849998474121094;11,835601806640625;16,95041847229004;31,186471939086914;56,55660629272461;34,673221588134766;85,1081314086914;347,3407287597656;137,2710723876953;121,5456771850586;6,919416904449463;0,5321797132492065;42,099998474121094;62,85966110229492;32,29463577270508;26,878080368041992;3,0711138248443604;26,088611602783203;76,40499877929688;122,39806365966797;41257,0
2019-07-16;113,88111877441406;226,15087890625;59,0;11,668904304504395;16,771047592163086;31,631011962890625;57,36092758178711;34,762237548828125;88,74234008789062;348,3388671875;138,83200073242188;122,92687225341797;6,919416904449463;0,5304457545280457;42,54999923706055;62,85966110229492;32,03774642944336;26,878080368041992;2,998852491378784;26,149002075195312;77,23999786376953;123,61424255371094;41788,0
2019-07-17;112,92098999023438;220,85263061523438;58,400001525878906;11,502204895019531;16,412309646606445;31,733598709106445;58,54624938964844;35,42988967895508;89,50299072265625;351,8323059082031;139,29110717773438;123,61748504638672;6,825218200683594;0,5252455472946167;42,900001525878906;62,85966110229492;31,854257583618164;26,18659019470215;2,931107997894287;26,149002075195312;76,58000183105469;120,7763671875;41451,0
2019-07-18;111,07470703125;217,8031463623047;57,45000076293945;11,252157211303711;16,18809700012207;32,041358947753906;56,387271881103516;34,940277099609375;87,89717102050781;352,3313903808594;137,04150390625;119,33576202392578;6,585436820983887;0,5131111741065979;41,900001525878906;62,85966110229492;32,29463577270508;25,675485610961914;2,92659068107605;26,088611602783203;75,31500244140625;117,31192779541016;40753,0
2019-07-19;109,63455963134766;212,69541931152344;56,599998474121094;11,252157211303711;16,27778434753418;31,425844192504883;54,524635314941406;34,53968811035156;88,40426635742188;349,3369140625;137,6383514404297;119,19763946533203;6,48267126083374;0,5044438242912292;40,95000076293945;62,85966110229492;32,11114501953125;25,254573822021484;2,8949763774871826;25,937637329101562;73,4800033569336;116,75910949707031;40162,0
2019-07-22;104,87104034423828;206,1773681640625;53,099998474121094;11,168807029724121;15,8742036819458;30,707731246948242;51,561336517333984;33,82752990722656;85,36168670654297;336,36163330078125;133,13916015625;112,75203704833984;6,2000732421875;0,49577656388282776;40,0;62,85966110229492;31,560667037963867;25,074186325073242;2,83626389503479;25,605487823486328;71,77999877929688;112,96294403076172;38730,0
2019-07-23;106,7912368774414;212,19993591308594;54,54999923706055;10,835410118103027;15,78451919555664;30,092208862304688;51,392005920410156;34,050079345703125;84,51651763916016;332,3691711425781;134,4705352783203;114,04115295410156;6,4484171867370605;0,509644091129303;40,70000076293945;62,85966110229492;31,74416160583496;24,83366584777832;2,93562388420105;25,454509735107422;71,73999786376953;114,87945556640625;39204,0
2019-07-24;107,89900970458984;215,02059936523438;55,849998474121094;11,293831825256348;15,694832801818848;30,12639808654785;52,2809944152832;34,050079345703125;86,2913589477539;327,87774658203125;135,89376831054688;119,01347351074219;6,6111273765563965;0,5027099251747131;40,900001525878906;62,85966110229492;31,450571060180664;24,653278350830078;3,0665981769561768;25,665876388549805;72,625;115,94827270507812;39785,0
2019-07-25;109,04373168945312;217,9556121826172;56,349998474121094;10,960433959960938;15,24640941619873;30,092208862304688;52,365657806396484;33,515960693359375;86,12232208251953;330,3730163574219;136,8119659423828;119,7501220703125;6,534055233001709;0,4975097179412842;40,79999923706055;62,85966110229492;32,00104522705078;24,803598403930664;3,089179754257202;25,75646209716797;72,42500305175781;116,0956802368164;39884,0
2019-07-26;120,49091339111328;235,56593322753906;58,0;11,460530281066895;15,649991035461426;30,60514259338379;56,344940185546875;35,16282653808594;88,99589538574219;336,36163330078125;139,84202575683594;122,78875732421875;6,885162830352783;0,4992428123950958;42,04999923706055;62,85966110229492;33,6524772644043;25,134313583374023;3,3330624103546143;26,2697811126709;73,27999877929688;126,56272888183594;41984,0
2019-07-29;123,66658020019531;240,55935668945312;59,04999923706055;11,835601806640625;15,8742036819458;30,844514846801758;57,2762565612793;35,69694519042969;92,12300109863281;341,8511962890625;140,7143096923828;125,09075927734375;7,005054950714111;0,5027099251747131;42,599998474121094;62,85966110229492;33,835968017578125;25,555221557617188;3,369192600250244;27,024660110473633;74,26499938964844;129,76914978027344;42786,0
2019-07-30;121,7833480834961;237,58612060546875;58,54999923706055;11,752252578735352;15,605152130126953;30,60514259338379;56,895259857177734;35,42988967895508;91,95397186279297;338,35784912109375;140,02565002441406;128,63584899902344;6,962235927581787;0,5027099251747131;42,45000076293945;62,85966110229492;34,09286117553711;25,555221557617188;3,3556442260742188;27,266223907470703;73,54499816894531;128,2581024169922;42463,0
2019-07-31;119,67855834960938;232,9358367919922;57,95000076293945;11,627228736877441;15,8742036819458;30,844514846801758;57,53025436401367;36,008514404296875;92,54558563232422;342,3501892089844;138,7860870361328;126,33384704589844;6,893726348876953;0,5304457545280457;41,5;62,85966110229492;34,166259765625;26,096393585205078;3,3511271476745605;27,447391510009766;73,1449966430664;125,30964660644531;42058,0
2019-08-01;117,2044906616211;223,5207977294922;57,29999923706055;11,585554122924805;15,605152130126953;31,049686431884766;55,20195007324219;35,69694519042969;88,74234008789062;338,85687255859375;137,6842498779297;125,78136444091797;6,713890552520752;0,5356467962265015;41,0;62,85966110229492;33,50568771362305;26,126462936401367;3,3104798793792725;27,326610565185547;72,13500213623047;125,67819213867188;41411,0
2019-08-02;116,02285766601562;222,52975463867188;57,650001525878906;11,918951034545898;16,008731842041016;30,91290283203125;56,81060028076172;35,34086990356445;91,61590576171875;334,36541748046875;136,90379333496094;122,60460662841797;6,653945446014404;0,5460471510887146;41,0;62,85966110229492;34,239654541015625;26,126462936401367;3,3737099170684814;27,598369598388672;71,29499816894531;125,19908142089844;41359,0
2019-08-05;115,09966278076172;219,86151123046875;56,75;12,085650444030762;15,739675521850586;30,707731246948242;56,895259857177734;34,13909912109375;87,93944549560547;333,8663330078125;133,55235290527344;123,29519653320312;6,534055233001709;0,5658086538314819;39,54999923706055;62,85966110229492;34,12955856323242;26,18659019470215;3,2833824157714844;27,779539108276367;70,7699966430664;122,32433319091797;40873,0
2019-08-06;118,64461517333984;229,92454528808594;57,29999923706055;11,918951034545898;15,919044494628906;29,852834701538086;56,006282806396484;33,78302001953125;87,89717102050781;338,35784912109375;130,10910034179688;125,2288818359375;6,679635524749756;0,5599154829978943;38,599998474121094;62,85966110229492;34,31304931640625;26,998342514038086;3,26531720161438;26,873685836791992;71,23999786376953;124,20394897460938;41317,0
2019-08-07;116,39209747314453;229,04779052734375;56,599998474121094;12,043975830078125;15,649991035461426;29,476688385009766;55,244293212890625;33,02634811401367;89,58750915527344;330,8720397949219;125,56400299072266;125,96552276611328;6,491235733032227;0,5392866134643555;38,900001525878906;62,85966110229492;33,835968017578125;26,21665382385254;3,2020883560180664;26,390560150146484;72,36000061035156;122,61915588378906;40949,0
2019-08-08;117,38909912109375;240,17811584472656;58,04999923706055;11,793927192687988;15,380932807922363;28,929553985595703;54,86329650878906;33,56047058105469;89,46073150634766;326,8796691894531;120,74343872070312;124,53828430175781;6,345653533935547;0,5245518088340759;39,70000076293945;62,85966110229492;33,028602600097656;26,81795310974121;3,184022903442383;25,484703063964844;70,625;124,31449890136719;41094,0
2019-08-09;128,91017150878906;267,4702453613281;63,5;12,002300262451172;15,739675521850586;30,60514259338379;58,88490676879883;36,008514404296875;98,46173858642578;336,8606262207031;131,44049072265625;131,81260681152344;6,551181316375732;0,5363398194313049;42,29999923706055;62,85966110229492;34,93692398071289;27,028406143188477;3,2111213207244873;27,266223907470703;76,0;135,22384643554688;44355,0
2019-08-12;68,24005889892578;143,05484008789062;35,0;9,043399810791016;13,004290580749512;23,116287231445312;30,733600616455078;19,00572967529297;51,85088348388672;238,55906677246094;103,89444732666016;84,16117858886719;4,735690116882324;0,386046439409256;21,600000381469727;62,85966110229492;17,68865203857422;22,849380493164062;1,8087959289550781;20,32133674621582;63,14500045776367;71,61077117919922;27531,0
2019-08-13;74,22210693359375;167,06883239746094;37,79999923706055;9,793543815612793;15,470619201660156;25,270614624023438;35,39020919799805;19,628868103027344;60,4293098449707;276,4889221191406;122,35029602050781;95,94742584228516;5,20668888092041;0,38899344205856323;22,299999237060547;62,85966110229492;17,908843994140625;25,735614776611328;2,0300960540771484;23,672996520996094;66,30999755859375;84,76827239990234;30345,0
2019-08-14;75,66223907470703;169,737060546875;37,75;9,085074424743652;15,694832801818848;24,82607078552246;34,755218505859375;19,05023956298828;56,07670593261719;310,9253234863281;117,61669921875;98,52566528320312;5,146744728088379;0,35657748579978943;20,0;62,85966110229492;15,927128791809082;24,653278350830078;2,009772300720215;23,733388900756836;63,744998931884766;83,58889770507812;29921,0
2019-08-15;75,25605010986328;174,463623046875;40,900001525878906;10,126941680908203;17,354000091552734;25,612573623657227;39,03083038330078;20,65259552001953;57,47123336791992;358,8367614746094;122,13499450683594;103,72818756103516;5,326581954956055;0,38899344205856323;21,5;62,85966110229492;16,220714569091797;25,85587501525879;2,1181652545928955;25,54509925842285;62,314998626708984;84,80514526367188;31039,0
2019-08-16;74,33289337158203;165,54412841796875;39,54999923706055;10,335314750671387;17,57821273803711;25,304813385009766;38,39583969116211;19,851417541503906;54,935733795166016;372,8108215332031;119,54639434814453;100,36727142333984;5,403654098510742;0,40667524933815;21,450000762939453;62,85966110229492;17,17487335205078;25,97613525390625;2,2852699756622314;25,363929748535156;60,02000045776367;81,7092514038086;30407,0
2019-08-20;62,29487991333008;136,30804443359375;37,0;10,085267066955566;17,488527297973633;22,842721939086914;31,961259841918945;17,71494483947754;51,2592658996582;363,82757568359375;114,22798919677734;90,74490356445312;5,069672584533691;0,3919403851032257;19,299999237060547;62,85966110229492;16,03722381591797;24,953922271728516;2,14300537109375;22,646364212036133;53,69499969482422;70,0628433227539;27231,0
2019-08-21;63,77193832397461;142,10189819335938;36,900001525878906;10,793736457824707;18,69927215576172;23,184677124023438;33,146575927734375;18,872201919555664;52,822818756103516;364,82574462890625;114,83983612060547;93,87562561035156;5,078234672546387;0,38899344205856323;18,649999618530273;62,85966110229492;16,514301300048828;25,014055252075195;2,1520376205444336;22,404800415039062;55,60499954223633;72,56901550292969;27978,0
2019-08-22;64,06735229492188;141,30140686035156;37,75;10,835410118103027;18,564746856689453;24,10796356201172;33,48523712158203;19,272789001464844;54,344120025634766;368,81829833984375;112,95722198486328;92,67858123779297;5,052544593811035;0,386046439409256;18,75;62,85966110229492;16,220714569091797;25,254573822021484;2,1294562816619873;22,797338485717773;54,724998474121094;72,60587310791016;27983,0
2019-08-23;59,673118591308594;130,1330108642578;35,349998474121094;10,460338592529297;18,475061416625977;22,671743392944336;31,36859893798828;18,115530014038086;51,21700668334961;369,81646728515625;106,65044403076172;90,28450012207031;5,001163959503174;0,3683653473854065;17,799999237060547;62,85966110229492;15,119762420654297;24,202299118041992;2,0300960540771484;21,31777572631836;53,51499938964844;68,441162109375;26586,0
2019-08-26;56,86669921875;126,09255981445312;33,75;10,502013206481934;18,788957595825195;22,19300079345703;30,60660743713379;17,44788360595703;50,921199798583984;354,8441162109375;106,3680419921875;85,4502944946289;5,001163959503174;0,365418404340744;17,399999618530273;62,85966110229492;15,083062171936035;25,254573822021484;1,9713845252990723;19,928800582885742;52,59000015258789;64,5713119506836;25848,0
2019-08-27;53,80179977416992;117,43990325927734;32,95000076293945;9,71019458770752;17,981792449951172;21,88524055480957;27,770305633544922;15,979057312011719;48,047637939453125;315,4169921875;100,86138916015625;83,74681091308594;4,709999084472656;0,3418426513671875;16,149999618530273;62,85966110229492;13,505029678344727;24,773534774780273;1,8336354494094849;17,513187408447266;51,35499954223633;62,13884353637695;24623,0
2019-08-28;55,9066047668457;120,9848403930664;34,54999923706055;9,793543815612793;18,161161422729492;23,971179962158203;29,16728973388672;16,86925506591797;50,878944396972656;315,4169921875;107,35643005371094;85,4502944946289;4,7699456214904785;0,33889564871788025;16,5;62,85966110229492;13,725220680236816;24,202299118041992;1,8675085306167603;19,32489776611328;52,564998626708984;65,7875747680664;25458,0
2019-08-29;51,106178283691406;110,80748748779297;31,5;9,58517074584961;17,57821273803711;21,95363426208496;26,11932945251465;15,533958435058594;49,14635467529297;286,4704895019531;100,76725769042969;83,47057342529297;4,538727283477783;0,3241615295410156;15,199999809265137;62,85966110229492;12,881155014038086;23,240222930908203;1,8133118152618408;19,022945404052734;52,560001373291016;59,59579086303711;23985,0
2019-08-30;51,06924819946289;112,10344696044922;32,599998474121094;9,168423652648926;18,833799362182617;24,449918746948242;25,526670455932617;15,133368492126465;51,597328186035156;278,4852294921875;104,20303344726562;86,96961975097656;4,3760175704956055;0,33300167322158813;17,0;62,85966110229492;12,587567329406738;21,646778106689453;1,8110538721084595;18,90216636657715;55,3650016784668;64,01846313476562;24609,0
2019-09-02;52,915565490722656;122,35704803466797;35,45000076293945;9,668519973754883;19,73064613342285;25,886137008666992;26,965988159179688;15,622979164123535;54,76670455932617;315,91607666015625;110,60394287109375;91,61965942382812;4,555853366851807;0,35363054275512695;18,700000762939453;62,85966110229492;13,321537017822266;23,991844177246094;1,8697665929794312;19,777822494506836;59,435001373291016;67,92520141601562;26195,0
2019-09-03;43,75782012939453;103,06962585449219;30,450000762939453;9,2517728805542;18,74411392211914;24,689287185668945;23,91802406311035;14,287679672241211;48,76603317260742;294,45574951171875;102,36747741699219;84,89781188964844;4,324636459350586;0,3418426513671875;16,450000762939453;62,85966110229492;11,22972583770752;23,751325607299805;1,7478251457214355;19,415481567382812;50,29499816894531;59,37465286254883;23079,0
2019-09-04;49,73988342285156;109,77828979492188;31,600000381469727;10,126941680908203;18,923484802246094;26,193897247314453;28,616966247558594;15,088859558105469;50,878944396972656;303,93817138671875;112,76896667480469;92,44837188720703;4,650054931640625;0,34478959441185;16,850000381469727;62,85966110229492;11,19302749633789;23,751325607299805;1,908154845237732;20,623289108276367;52,67499923706055;62,87594223022461;24665,0
2019-09-05;53,358680725097656;120,37492370605469;38,29999923706055;10,627037048339844;18,87864112854004;27,014596939086914;32,38458251953125;16,735727310180664;55,65412139892578;324,4003601074219;113,47494506835938;97,32862091064453;4,855581760406494;0,377205491065979;18,950000762939453;62,85966110229492;12,367378234863281;23,751325607299805;2,0007402896881104;23,4918270111084;58,915000915527344;66,9300765991211;26932,0
2019-09-06;56,23893356323242;122,39515686035156;39,20000076293945;10,752060890197754;18,43021583557129;28,45081329345703;34,24722671508789;17,136314392089844;58,86575698852539;329,39111328125;116,9577865600586;95,3488998413086;4,93265438079834;0,374259352684021;20,0;62,85966110229492;13,394933700561523;24,563079833984375;1,9984819889068604;23,672996520996094;60,83000183105469;70,2470932006836;27660,0
2019-09-09;55,9804573059082;121,02293395996094;38,099998474121094;11,1271333694458;17,892108917236328;27,390748977661133;34,670555114746094;17,22533416748047;57,85155487060547;331,3874206542969;115,7811508178711;95,25682067871094;4,881272792816162;0,38015246391296387;19,899999618530273;62,85966110229492;13,578426361083984;25,434961318969727;1,9871913194656372;23,914562225341797;57,59000015258789;68,62545013427734;27176,0
2019-09-10;58,82381057739258;126,89302062988281;40,400001525878906;11,585554122924805;18,206003189086914;29,2031192779541;35,517208099365234;17,803964614868164;58,82349395751953;335,879150390625;123,82935333251953;98,38754272460938;5,018289566040039;0,38899344205856323;20,950000762939453;62,85966110229492;15,156458854675293;28,86237335205078;1,9894490242004395;25,061975479125977;59,974998474121094;72,16358947753906;28432,0
2019-09-11;58,89765167236328;125,74949645996094;41,25;11,835601806640625;18,833799362182617;28,621793746948242;36,19453048706055;18,338083267211914;60,175750732421875;338,8736267089844;122,8880386352539;101,3341064453125;5,009726524353027;0,3919403851032257;21,0;62,85966110229492;15,560142517089844;28,261070251464844;1,9826749563217163;25,27334213256836;59,494998931884766;72,05302429199219;28618,0
2019-09-12;59,673118591308594;128,1127471923828;42,45000076293945;12,210673332214355;19,506431579589844;28,177249908447266;35,34788131713867;18,783184051513672;62,54222106933594;328,3929443359375;125,42958068847656;102,16282653808594;4,984036445617676;0,40667524933815;22,950000762939453;62,85966110229492;16,807889938354492;27,960420608520508;1,9804164171218872;24,82041358947754;59,77000045776367;73,52725982666016;29115,0
2019-09-13;59,525394439697266;136,30804443359375;43,04999923706055;12,960817337036133;20,492969512939453;28,895360946655273;35,30554962158203;19,49534034729004;64,14804077148438;328,89202880859375;132,0187530517578;103,26778411865234;5,2152533531188965;0,4597199857234955;24,399999618530273;62,85966110229492;17,50516128540039;28,23100471496582;1,9668678045272827;24,82041358947754;62,834999084472656;77,21283721923828;30136,0
2019-09-16;60,965545654296875;135,43136596679688;45,5;12,919143676757812;21,031078338623047;28,690183639526367;34,501220703125;19,450830459594727;64,14804077148438;330,9051208496094;129,3360137939453;108,10198974609375;5,4550371170043945;0,4774010181427002;24,950000762939453;62,85966110229492;17,57855796813965;27,960420608520508;1,9894490242004395;24,186317443847656;63,02000045776367;76,25459289550781;30561,0
2019-09-17;61,92561721801758;131,6958465576172;44,75;12,502396583557129;20,89655113220215;28,006267547607422;34,58588790893555;19,00572967529297;63,68319320678711;328,40960693359375;126,51207733154297;104,41878509521484;5,437907695770264;0,4832950532436371;26,700000762939453;62,85966110229492;17,284969329833984;28,20094108581543;1,9600929021835327;25,937637329101562;61,57500076293945;76,54944610595703;30151,0
2019-09-18;60,81782150268555;127,73161315917969;44,25;12,710769653320312;20,89655113220215;28,72437858581543;34,162559509277344;19,406320571899414;62,753517150878906;321,4222106933594;128,4888458251953;107,27326965332031;5,437907695770264;0,5039238333702087;27,200000762939453;62,85966110229492;17,358366012573242;26,81795310974121;1,9646093845367432;23,823974609375;61,64500045776367;74,55924224853516;30071,0
2019-09-19;61,371726989746094;126,85493469238281;44,79999923706055;12,794118881225586;20,492969512939453;28,519207000732422;34,92455291748047;20,4300479888916;63,59867477416992;316,4311828613281;128,20645141601562;108,2861557006836;5,514981746673584;0,5245518088340759;27,200000762939453;62,85966110229492;17,32166862487793;26,938209533691406;2,023322582244873;24,760021209716797;63,96500015258789;73,71153259277344;30414,0
2019-09-20;60,22700500488281;124,37728881835938;44,04999923706055;12,835793495178223;20,358442306518555;28,10886001586914;33,90856170654297;19,628868103027344;63,007057189941406;310,4418640136719;128,9124298095703;107,7336654663086;5,789018154144287;0,5098177194595337;26,200000762939453;62,85966110229492;17,4317626953125;27,659770965576172;2,0052568912506104;23,854167938232422;63,51499938964844;71,7581787109375;30061,0
2019-09-23;59,08226776123047;120,79425048828125;42,54999923706055;12,585745811462402;19,55127716064453;26,946205139160156;32,51158142089844;18,427101135253906;59,96446228027344;297,9643859863281;125,66490936279297;104,69503021240234;5,5235443115234375;0,4921359717845917;24,5;62,85966110229492;16,917984008789062;26,75782012939453;1,9691258668899536;22,676557540893555;60,95500183105469;70,68937683105469;29152,0
2019-09-24;56,82975769042969;117,40179443359375;40,79999923706055;12,210673332214355;19,37190818786621;25,37320327758789;30,64893913269043;17,04729461669922;57,85155487060547;277,00201416015625;114,22798919677734;99,63063049316406;5,266636371612549;0,46266698837280273;22,75;62,85966110229492;15,596840858459473;25,555221557617188;1,9307372570037842;20,7138729095459;58,654998779296875;66,81952667236328;27820,0
2019-09-25;58,343753814697266;120,64177703857422;41,349998474121094;12,210673332214355;19,506431579589844;25,612573623657227;31,029935836791992;17,04729461669922;59,161556243896484;269,5154724121094;117,7108383178711;101,6103515625;5,155308246612549;0,47150707244873047;22,5;62,85966110229492;15,70693588256836;26,156524658203125;1,9871913194656372;20,83465576171875;58,619998931884766;67,66719818115234;28212,0
2019-09-26;58,67607116699219;121,0610580444336;41,0;12,627420425415039;19,596118927001953;25,441593170166016;31,961259841918945;16,735727310180664;60,175750732421875;273,5083312988281;115,7811508178711;99,63063049316406;5,155308246612549;0,4656140208244324;22,0;62,85966110229492;15,633539199829102;25,85587501525879;1,9962238073349;20,32133674621582;58,095001220703125;67,00379943847656;28168,0
2019-09-27;60,74396514892578;126,2069091796875;42,54999923706055;12,75244426727295;19,37190818786621;25,646764755249023;33,82389831542969;16,513174057006836;61,52802658081055;272,5101623535156;113,89852905273438;100,2291488647461;5,258071422576904;0,47150707244873047;22,5;62,85966110229492;15,853730201721191;25,254573822021484;1,9962238073349;20,804458618164062;60,209999084472656;69,9154052734375;28878,0
2019-09-30;60,22700500488281;126,51185607910156;44,04999923706055;13,085841178894043;19,192535400390625;25,37320327758789;34,33189010620117;16,824745178222656;61,232215881347656;272,010986328125;119,54639434814453;98,61774444580078;5,46359920501709;0,47445404529571533;22,600000381469727;62,85966110229492;15,376651763916016;26,156524658203125;2,014289379119873;20,532703399658203;59,244998931884766;68,66230773925781;29067,0
2019-10-01;62,221038818359375;131,00973510742188;46,150001525878906;13,25253963470459;19,95486068725586;25,988725662231445;35,0938835144043;17,091806411743164;64,23255157470703;272,5101623535156;123,87641906738281;102,62322235107422;5,583489418029785;0,47150707244873047;22,700000762939453;62,85966110229492;15,853730201721191;25,85587501525879;2,023322582244873;20,925241470336914;62,064998626708984;70,46824645996094;30066,0
2019-10-02;64,5104751586914;134,935791015625;47,099998474121094;13,294215202331543;20,358442306518555;26,604248046875;35,30554962158203;17,492393493652344;64,35932922363281;311,4401550292969;128,95950317382812;104,87918853759766;5,686253547668457;0,4656140208244324;23,0;62,85966110229492;16,110620498657227;26,18659019470215;2,0459043979644775;21,408361434936523;63,68000030517578;71,50021362304688;30792,0
2019-10-03;63,18111801147461;128,68458557128906;47,0;13,961009979248047;20,358442306518555;25,441593170166016;33,950897216796875;17,26984405517578;66,81031036376953;313,4365234375;127,26512908935547;102,62322235107422;5,497854232788086;0,4656140208244324;22,700000762939453;62,85966110229492;16,110620498657227;25,85587501525879;1,9917081594467163;20,83465576171875;62,09000015258789;70,17339324951172;30366,0
2019-10-04;66,31987762451172;137,0323028564453;50,04999923706055;14,211055755615234;20,268754959106445;26,262290954589844;35,77120590209961;18,694162368774414;69,21902465820312;325,4150085449219;131,64222717285156;110,63419342041016;5,6006178855896;0,4656140208244324;24,0;62,85966110229492;16,807889938354492;27,539508819580078;1,9894490242004395;21,680116653442383;65,0;74,55924224853516;31817,0
2019-10-07;64,80587768554688;132,64877319335938;47,20000076293945;14,336082458496094;20,44812774658203;26,262290954589844;35,8982048034668;18,071022033691406;67,14836883544922;319,4257507324219;130,55972290039062;105,79998779296875;5,5920538902282715;0,46266698837280273;23,399999618530273;62,85966110229492;15,927128791809082;26,75782012939453;2,014289379119873;21,3781681060791;62,57500076293945;72,08989715576172;30941,0
2019-10-08;62,70106887817383;128,22711181640625;45,099998474121094;14,086031913757324;20,717180252075195;25,544179916381836;34,58588790893555;18,115530014038086;65,92288208007812;303,45452880859375;128,95950317382812;101,3801498413086;5,634871482849121;0,47150707244873047;22,75;62,85966110229492;15,963825225830078;26,156524658203125;1,9917081594467163;20,774263381958008;62,33000183105469;71,20535278320312;30257,0
2019-10-09;63,661155700683594;132,87745666503906;44,29999923706055;13,961009979248047;21,031078338623047;25,202224731445312;35,30554962158203;18,382593154907227;67,19062042236328;309,44366455078125;128,8183135986328;99,26231384277344;5,806143760681152;0,47150707244873047;22,5;62,85966110229492;16,330810546875;26,637563705444336;2,0120317935943604;20,83465576171875;62,084999084472656;71,9056167602539;30338,0
2019-10-10;66,79991912841797;144,1221160888672;46,650001525878906;14,336082458496094;22,196979522705078;25,612573623657227;37,3375129699707;19,00572967529297;69,5993423461914;310,9410095214844;134,27789306640625;102,85342407226562;5,977418422698975;0,47445404529571533;24,049999237060547;62,85966110229492;16,95468521118164;26,156524658203125;2,0007402896881104;20,83465576171875;64,99500274658203;75,92288970947266;31743,0
2019-10-11;66,68911743164062;142,21624755859375;46,79999923706055;14,16938304901123;22,421188354492188;25,74935531616211;36,40619659423828;18,872201919555664;69,47257232666016;313,95245361328125;141,85543823242188;104,97127532958984;6,140126705169678;0,4685609042644501;24,049999237060547;62,85966110229492;16,477603912353516;25,555221557617188;2,0052568912506104;21,55933952331543;64,58499908447266;75,25949096679688;31798,0
2019-10-15;66,83683776855469;139,662353515625;46,099998474121094;13,752635955810547;22,10729217529297;24,82607078552246;35,30554962158203;18,24906349182129;68,5006332397461;314,4515075683594;137,33714294433594;103,68214416503906;6,1915082931518555;0,4656140208244324;22,899999618530273;62,85966110229492;16,514301300048828;24,923858642578125;1,9962238073349;21,13660430908203;63,994998931884766;74,08011627197266;31334,0
2019-10-16;65,35977172851562;135,92691040039062;44,54999923706055;13,502589225769043;21,2104434967041;24,62089729309082;35,474876403808594;17,89298439025879;68,5006332397461;309,460205078125;139,70196533203125;102,76134490966797;6,165818214416504;0,498029887676239;22,5;62,85966110229492;15,817031860351562;24,653278350830078;1,9871913194656372;21,196996688842773;62,7400016784668;73,41669464111328;30759,0
2019-10-17;67,79692840576172;143,93153381347656;46,20000076293945;13,794309616088867;22,062450408935547;25,578380584716797;36,66019058227539;18,738670349121094;73,48710632324219;306,96466064453125;141,54539489746094;108,2861557006836;6,2771453857421875;0,5039238333702087;23,799999237060547;62,85966110229492;16,00052261352539;25,6153507232666;2,0029990673065186;22,465192794799805;67,24500274658203;75,14893341064453;31995,0
2019-10-18;68,72008514404297;143,35980224609375;45,5;13,83598518371582;22,286659240722656;25,40739631652832;35,98286819458008;18,51612091064453;73,6561508178711;305,9663391113281;145,9297637939453;107,91783142089844;6,379908561706543;0,5009768009185791;23,200000762939453;62,85966110229492;15,229856491088867;24,051977157592773;1,9962238073349;22,34441375732422;67,23999786376953;74,59611511230469;31969,0
2019-10-21;70,86183166503906;145,45620727539062;47,25;14,12770938873291;21,65886878967285;25,68096160888672;36,49086380004883;18,51612091064453;76,82551574707031;306,4654846191406;149,46714782714844;109,11487579345703;6,439853191375732;0,4862419068813324;23,0;62,85966110229492;14,60598373413086;24,5931453704834;1,9917081594467163;23,371047973632812;68,98999786376953;75,48062896728516;32551,0
2019-10-22;72,08038330078125;146,6378936767578;48,5;14,502779960632324;22,779926300048828;27,219770431518555;36,49086380004883;19,18376922607422;79,78358459472656;303,47076416015625;157,23944091796875;112,8441162109375;6,585436820983887;0,4774010181427002;22,799999237060547;62,85966110229492;14,679380416870117;24,232364654541016;1,9262206554412842;23,793777465820312;70,98500061035156;74,81723022460938;33263,0
2019-10-23;71,78498840332031;147,8195037841797;47,099998474121094;14,502779960632324;22,017606735229492;26,672639846801758;35,98286819458008;19,22827911376953;79,40325927734375;298,47943115234375;150,96182250976562;107,41139221191406;6,816653728485107;0,46266698837280273;21,799999237060547;62,85966110229492;14,018808364868164;24,051977157592773;1,9871913194656372;23,703195571899414;70,20500183105469;74,81723022460938;32775,0
2019-10-24;71,96959686279297;145,5706024169922;48,099998474121094;15,586320877075195;23,542247772216797;26,98040199279785;36,914188385009766;18,96122169494629;80,45972442626953;303,9698486328125;154,4493865966797;109,48319244384766;6,936544895172119;0,4508790969848633;22,299999237060547;62,85966110229492;14,34909439086914;24,232364654541016;1,9871913194656372;24,36748695373535;73,49500274658203;75,99661254882812;33476,0
2019-10-25;74,77600860595703;152,35549926757812;49,45000076293945;16,16976547241211;24,97720718383789;27,288162231445312;37,3375129699707;19,984949111938477;82,1500473022461;310,45849609375;157,1896209716797;111,1866683959961;7,176327228546143;0,4567731022834778;22,899999618530273;62,85966110229492;14,71607780456543;25,555221557617188;1,9871913194656372;27,175636291503906;76,03500366210938;77,02855682373047;34522,0
2019-10-28;67,9446029663086;142,71177673339844;47,400001525878906;17,420005798339844;25,022045135498047;27,698509216308594;35,77120590209961;19,22827911376953;81,05133819580078;326,4306945800781;151,0614776611328;107,1351547241211;7,373289108276367;0,43614423274993896;21,75;62,85966110229492;14,092205047607422;24,893795013427734;1,887831211090088;26,149002075195312;72,99500274658203;71,38961791992188;33177,0
2019-10-29;63,5134391784668;137,60406494140625;45,54999923706055;18,378520965576172;26,412158966064453;26,80942153930664;34,54356002807617;18,427101135253906;75,0929183959961;339,4080810546875;139,7517852783203;109,11487579345703;7,7329630851745605;0,46266698837280273;20,649999618530273;62,85966110229492;14,60598373413086;24,653278350830078;2,0413870811462402;24,639244079589844;72,16999816894531;68,33060455322266;32544,0
2019-10-30;66,20909881591797;139,1287384033203;48,150001525878906;18,96196746826172;28,205860137939453;26,775226593017578;36,321533203125;19,628868103027344;77,7974624633789;366,3609924316406;143,38880920410156;110,63419342041016;8,272473335266113;0,5098177194595337;21,75;62,85966110229492;15,413348197937012;26,126462936401367;2,2401070594787598;24,639244079589844;74,55999755859375;69,58370971679688;33889,0
2019-10-31;68,01847839355469;139,96731567382812;50,0;19,587087631225586;30,313447952270508;27,972074508666992;36,321533203125;22,566524505615234;81,05133819580078;410,2844543457031;144,23580932617188;111,4168701171875;9,077454566955566;0,5216048955917358;22,200000762939453;62,85966110229492;16,07392120361328;27,59964370727539;2,4930222034454346;25,09217071533203;75,40499877929688;69,76799774169922;34995,0
2019-11-01;69,42168426513672;139,1287384033203;50,349998474121094;20,83732795715332;33,43864059448242;27,766904830932617;36,74485778808594;23,946327209472656;81,4316635131836;432,7452697753906;143,0898895263672;109,94359588623047;9,762545585632324;0,5392866134643555;21,899999618530273;62,85966110229492;16,110620498657227;29,463668823242188;2,5743160247802734;25,363929748535156;76,4000015258789;70,35768127441406;35743,0
2019-11-04;74,9237289428711;146,94281005859375;52,849998474121094;21,462448120117188;34,16755294799805;28,279834747314453;39,454158782958984;24,702999114990234;81,51618194580078;489,1468811035156;148,91909790039062;113,85699462890625;10,576090812683105;0,5717026591300964;22,100000381469727;62,85966110229492;17,028079986572266;29,764324188232422;2,596897602081299;25,122365951538086;78,17500305175781;73,71153259277344;37279,0
2019-11-05;74,25904846191406;145,60870361328125;52,04999923706055;20,503931045532227;32,8919563293457;28,14305305480957;41,65546798706055;25,103586196899414;80,16390991210938;480,16253662109375;150,01519775390625;116,0208740234375;9,120269775390625;0,5599154829978943;21,399999618530273;62,85966110229492;16,771190643310547;30,064971923828125;2,6149632930755615;24,82041358947754;77,94499969482422;73,37984466552734;36870,0
2019-11-06;71,3787841796875;142,17811584472656;49,400001525878906;19,795461654663086;31,844154357910156;27,93787956237793;39,75048828125;24,658489227294922;78,30455780029297;476,1695556640625;146,07923889160156;112,3376693725586;8,555071830749512;0,54518061876297;20,700000762939453;53,139102935791016;16,697795867919922;29,704191207885742;2,56980037689209;24,458070755004883;73,94499969482422;69,21514129638672;35501,0
2019-11-07;74,14826202392578;143,8171844482422;49,20000076293945;19,920486450195312;31,25191307067871;27,185571670532227;39,538822174072266;24,124370574951172;77,71293640136719;475,17132568359375;144,98313903808594;112,70600128173828;8,991819381713867;0,5599154829978943;20,850000381469727;53,139102935791016;17,541858673095703;28,86237335205078;2,610447406768799;24,729827880859375;75,28500366210938;69,47312927246094;35869,0
2019-11-08;71,93267059326172;139,92921447753906;44,54999923706055;19,17034149169922;28,199617385864258;25,85194206237793;36,49086380004883;22,83358383178711;76,6564712524414;446,2217712402344;140,5489501953125;99,21626281738281;8,863364219665527;0,54518061876297;19,450000762939453;53,139102935791016;16,25741195678711;27,0584716796875;2,5291528701782227;24,699634552001953;74,25;67,40922546386719;34131,0
2019-11-11;71,48957061767578;145,07505798339844;42,0;19,628761291503906;29,65743064880371;24,484115600585938;35,39020919799805;22,432992935180664;74,79711151123047;447,7191162109375;138,6058807373047;95,6727066040039;8,777725219726562;0,5363398194313049;18,700000762939453;53,139102935791016;15,596840858459473;26,75782012939453;2,547217845916748;24,88080406188965;71,59500122070312;65,7875747680664;33661,0
2019-11-12;68,75700378417969;146,14234924316406;42,900001525878906;19,21201515197754;29,930768966674805;24,433502197265625;33,866233825683594;24,079858779907227;77,41712188720703;458,699951171875;139,7517852783203;98,07051849365234;8,529380798339844;0,5216048955917358;18,799999237060547;53,139102935791016;16,03722381591797;25,97613525390625;2,4207603931427;23,95068359375;70,88999938964844;62,54425048828125;33430,0
2019-11-13;65,69210815429688;143,51223754882812;40,75;18,54522132873535;29,566320419311523;23,520755767822266;32,38458251953125;22,83358383178711;78,26229095458984;453,2095947265625;134,07203674316406;95,24110412597656;8,366671562194824;0,5068707466125488;17,600000381469727;53,139102935791016;15,303253173828125;25,97613525390625;2,3575315475463867;23,526243209838867;68,80000305175781;61,47544479370117;32341,0
2019-11-14;62,47950744628906;134,5165252685547;38,79999923706055;17,670053482055664;28,245174407958984;22,994171142578125;31,029935836791992;21,186716079711914;76,9522933959961;438,73480224609375;130,53465270996094;88,43131256103516;7,844289779663086;0,5009768009185791;16,25;53,139102935791016;14,312396049499512;27,0584716796875;2,149779796600342;22,647037506103516;69,66999816894531;59,81691360473633;31020,0
2019-11-15;65,54442596435547;135,05018615722656;40,099998474121094;18,045124053955078;29,247421264648438;22,572900772094727;32,38458251953125;22,12142562866211;79,36100769042969;447,7191162109375;132,5275421142578;89,58226013183594;8,734908103942871;0,5009768009185791;16,75;53,139102935791016;14,38579273223877;28,23100471496582;2,255913734436035;23,223066329956055;70,87999725341797;60,66459274291992;31852,0
2019-11-19;66,68911743164062;135,3551025390625;40,20000076293945;18,670244216918945;29,930768966674805;24,22286605834961;34,03556442260742;22,38848304748535;79,95262145996094;449,216552734375;136,4635009765625;92,07598876953125;9,120269775390625;0,4921359717845917;18,049999237060547;53,139102935791016;14,60598373413086;28,261070251464844;2,2852699756622314;24,79956817626953;68,78500366210938;63,391929626464844;32253,0
2019-11-20;69,20011901855469;140,8440399169922;40,650001525878906;20,003833770751953;31,206361770629883;25,100509643554688;36,06753921508789;23,946327209472656;85,31941223144531;474,1729736328125;141,2464599609375;92,1718978881836;9,634089469909668;0,5098177194595337;19,25;53,139102935791016;15,046363830566406;28,56171989440918;2,271721124649048;25,193696975708008;70,3550033569336;69,25201416015625;33421,0
2019-11-21;68,97857666015625;141,79696655273438;39,79999923706055;20,253883361816406;31,93526840209961;24,644136428833008;35,474876403808594;24,346920013427734;83,5023193359375;477,6668395996094;139,2037353515625;90,25364685058594;9,719728469848633;0,5127648115158081;18,850000381469727;53,139102935791016;14,82617473602295;28,261070251464844;2,2130086421966553;26,285120010375977;69,2750015258789;70,13654327392578;33247,0
2019-11-22;69,9755859375;142,55931091308594;40,54999923706055;20,628955841064453;32,11749267578125;24,714345932006836;35,05154800415039;24,792020797729492;82,82618713378906;484,1555480957031;140,20018005371094;88,71904754638672;9,334360122680664;0,5068707466125488;19,450000762939453;53,139102935791016;15,560142517089844;28,291135787963867;2,2039759159088135;25,193696975708008;70,91999816894531;69,39942932128906;33589,0
2019-11-25;69,7540054321289;144,46519470214844;40,099998474121094;19,670438766479492;31,206361770629883;28,43553924560547;34,966880798339844;24,702999114990234;83,33328247070312;476,66864013671875;140,0009002685547;88,71904754638672;8,734908103942871;0,5009768009185791;19,200000762939453;53,139102935791016;16,58769989013672;29,223148345947266;2,258171319961548;25,163372039794922;71,29000091552734;70,0628433227539;33495,0
2019-11-26;67,27996063232422;136,6129913330078;37,70000076293945;19,337039947509766;31,25191307067871;28,04937744140625;33,2735710144043;23,323192596435547;81,55843353271484;465,18865966796875;134,62008666992188;81,95721435546875;8,820545196533203;0,4891890287399292;18,25;53,139102935791016;16,110620498657227;29,463668823242188;2,1588127613067627;24,25385856628418;67,95500183105469;66,08240509033203;32113,0
2019-11-27;73,66822814941406;149,3061065673828;40,400001525878906;19,128665924072266;30,295225143432617;28,821701049804688;36,19453048706055;25,86025619506836;83,4600601196289;472,6756286621094;144,23580932617188;85,79371643066406;9,205909729003906;0,5098177194595337;19,850000381469727;53,139102935791016;16,881288528442383;29,373472213745117;2,258171319961548;25,25432586669922;70,94499969482422;71,83192443847656;33930,0
2019-11-28;73,66822814941406;149,42047119140625;40,95000076293945;19,587087631225586;31,434139251708984;28,89191436767578;36,871856689453125;25,949277877807617;83,67134857177734;490,644287109375;144,4849090576172;87,42423248291016;9,291543960571289;0,5098177194595337;19,899999618530273;53,139102935791016;17,101476669311523;29,824451446533203;2,2446231842041016;25,163372039794922;71,57499694824219;71,6844711303711;34220,0
2019-11-29;73,66822814941406;147,5526885986328;41,25;19,837135314941406;32,07194137573242;29,66423988342285;36,025203704833984;26,68834114074707;83,62908935546875;520,592041015625;152,9547119140625;87,95174407958984;8,991819381713867;0,5098177194595337;19,649999618530273;53,139102935791016;16,917984008789062;30,064971923828125;2,298819065093994;25,466548919677734;72,17500305175781;71,27906036376953;34500,0
2019-12-02;71,0094985961914;142,55931091308594;40,45000076293945;19,337039947509766;28,199617385864258;29,03233528137207;34,41655349731445;26,186506271362305;79,53003692626953;534,0684814453125;152,50631713867188;83,8754653930664;8,820545196533203;0,5068707466125488;19,25;53,139102935791016;16,807889938354492;30,185230255126953;2,2423646450042725;24,738933563232422;70,5199966430664;68,95716857910156;33447,0
2019-12-03;70,30792236328125;141,33953857421875;39,0;18,96196746826172;26,559574127197266;28,18979835510254;33,866233825683594;25,365325927734375;76,99453735351562;534,0684814453125;150,6628875732422;80,80626678466797;9,120269775390625;0,5098177194595337;19,200000762939453;53,139102935791016;16,294113159179688;29,163021087646484;2,3439829349517822;24,46607780456543;68,26000213623047;68,4043197631836;32757,0
2019-12-04;75,66223907470703;155,557373046875;42,20000076293945;18,96196746826172;26,7873592376709;29,769550323486328;36,321533203125;26,46023178100586;79,57230377197266;552,0372314453125;159,18251037597656;86,80079650878906;9,634089469909668;0,5245518088340759;20,0;53,139102935791016;16,771190643310547;30,425750732421875;2,4523744583129883;25,163372039794922;72,2249984741211;73,96954345703125;34692,0
2019-12-05;77,17623138427734;165,77284240722656;42,75;19,003643035888672;27,880720138549805;30,7174072265625;36,66019058227539;26,779579162597656;84,51651763916016;569,0078125;164,66297912597656;88,1915283203125;9,762545585632324;0,5363398194313049;20,399999618530273;53,139102935791016;17,028079986572266;29,58393096923828;2,4568912982940674;25,76972198486328;73,50499725341797;73,71153259277344;35443,0
2019-12-06;80,97964477539062;172,97703552246094;44,099998474121094;19,045316696166992;28,70074462890625;31,10356903076172;37,887847900390625;28,376317977905273;83,07974243164062;588,9727783203125;162,96902465820312;91,30868530273438;9,976635932922363;0,5422337055206299;20,899999618530273;53,139102935791016;17,248271942138672;30,185230255126953;2,5381855964660645;26,830827713012695;75,97000122070312;79,31362915039062;36562,0
2019-12-09;78,94869232177734;168,36483764648438;44,849998474121094;18,670244216918945;27,69849395751953;30,050395965576172;38,438175201416016;28,969392776489258;86,2913589477539;594,9622802734375;157,93695068359375;92,65145874023438;9,848179817199707;0,5481276512145996;20,950000762939453;53,139102935791016;17,541858673095703;30,245361328125;2,4478585720062256;29,529069900512695;78,73500061035156;79,49791717529297;36409,0
2019-12-10;73,55743408203125;156,0910186767578;42,45000076293945;18,211824417114258;28,245174407958984;28,505748748779297;35,55954360961914;27,37265396118164;82,40361022949219;562,518798828125;151,0614776611328;88,09561920166016;9,591273307800293;0,5304457545280457;19,649999618530273;53,139102935791016;16,477603912353516;30,185230255126953;2,4026947021484375;27,89193344116211;74,48500061035156;76,80743408203125;34657,0
2019-12-11;74,73908233642578;158,87351989746094;42,150001525878906;18,211824417114258;29,247421264648438;28,716386795043945;36,025203704833984;27,23579216003418;82,02327728271484;564,016357421875;155,8942413330078;89,39043426513672;9,933818817138672;0,5304457545280457;19,100000381469727;53,139102935791016;16,220714569091797;30,064971923828125;2,429792881011963;27,89193344116211;75,05999755859375;77,32341003417969;35020,0
2019-12-12;76,32693481445312;162,15171813964844;41,75;19,086992263793945;29,156307220458984;27,733427047729492;36,78719711303711;27,327035903930664;82,7416763305664;575,4962158203125;152,4564971923828;89,96591186523438;10,533272743225098;0,5304457545280457;18,700000762939453;53,139102935791016;15,70693588256836;30,185230255126953;2,5291528701782227;28,104156494140625;76,79499816894531;81,23013305664062;35505,0
2019-12-13;80,20418548583984;168,93661499023438;44,75;19,337039947509766;29,702987670898438;29,24296760559082;38,73450469970703;29,836193084716797;86,0378189086914;600,951904296875;149,11839294433594;93,80241394042969;10,875815391540527;0,5392866134643555;19,899999618530273;53,139102935791016;16,330810546875;30,66626739501953;2,596897602081299;29,438121795654297;76,41999816894531;88,34329223632812;36770,0
2019-12-16;80,68424224853516;175,1497039794922;46,75;19,920486450195312;29,520763397216797;30,190820693969727;39,962154388427734;31,34168815612793;88,53105163574219;633,8943481445312;148,96893310546875;96,91957092285156;10,83299732208252;0,5392866134643555;22,149999618530273;53,139102935791016;17,21157455444336;30,66626739501953;2,6601264476776123;30,499225616455078;78,11499786376953;87,64302825927734;37620,0
2019-12-17;79,39181518554688;176,255126953125;44,79999923706055;19,42038917541504;29,88521385192871;30,50676918029785;39,75048828125;29,653711318969727;87,85491943359375;655,3570556640625;150,36395263671875;91,5484619140625;10,961457252502441;0,5304457545280457;20,5;53,139102935791016;16,367507934570312;30,485877990722656;2,6239962577819824;30,863035202026367;76,5;85,61595916748047;36919,0
2019-12-18;80,42575073242188;182,5826416015625;45,599998474121094;19,837135314941406;29,976329803466797;31,34930419921875;39,32715606689453;29,37998390197754;90,51718139648438;659,8491821289062;151,46005249023438;92,79533386230469;11,218361854553223;0,5392866134643555;20,799999237060547;53,139102935791016;16,881288528442383;30,66626739501953;2,628512144088745;31,014619827270508;78,44000244140625;90,73890686035156;37620,0
2019-12-19;80,35191345214844;187,15672302246094;45,400001525878906;19,670438766479492;29,11075210571289;32,61311340332031;40,258480072021484;30,97671890258789;90,22138977050781;655,8561401367188;162,71990966796875;94,85745239257812;11,64654541015625;0,5569685101509094;20,899999618530273;53,139102935791016;17,028079986572266;31,26757049560547;2,700773239135742;30,468904495239258;79,01000213623047;90,70207977294922;38083,0
2019-12-20;81,12733459472656;188,37652587890625;45,900001525878906;20,5872802734375;28,83740997314453;34,57902526855469;40,216148376464844;32,254112243652344;92,12300109863281;653,859619140625;162,4209747314453;95,6727066040039;11,732179641723633;0,5540216565132141;20,799999237060547;53,139102935791016;16,881288528442383;32,16951370239258;2,6962573528289795;30,893348693847656;81,69000244140625;91,54974365234375;38632,0
2019-12-23;86,74019622802734;198,82066345214844;46,849998474121094;21,04570198059082;28,882966995239258;35,84282302856445;44,153099060058594;32,52783966064453;91,7849349975586;670,8300170898438;166,85516357421875;96,82365417480469;11,689360618591309;0,5599154829978943;22,0;53,139102935791016;17,17487335205078;32,77081298828125;2,7459378242492676;30,802396774291992;82,9000015258789;97,9258041381836;39915,0
2019-12-26;92,68531036376953;209,60800170898438;49,29999923706055;21,587472915649414;29,611873626708984;38,61616516113281;50,206687927246094;36,0406608581543;100,49014282226562;709,76220703125;169,24664306640625;103,39366149902344;11,817818641662598;0,5834904909133911;26,799999237060547;53,139102935791016;19,67037010192871;35,47666549682617;2,9491727352142334;32,98524856567383;86,54499816894531;109,46165466308594;42279,0
2019-12-27;89,3250503540039;205,186279296875;49,599998474121094;21,420774459838867;29,520763397216797;37,633209228515625;49,14836502075195;33,53150177001953;97,99689483642578;712,7570190429688;169,94415283203125;101,28358459472656;11,560904502868652;0,6100132465362549;24,799999237060547;53,139102935791016;19,596973419189453;34,995628356933594;2,9085254669189453;31,711917877197266;87,375;104,2649917602539;41682,0
2019-12-30;89,80506896972656;208,57879638671875;49,79999923706055;21,37909698486328;29,520763397216797;36,825782775878906;47,8360481262207;32,57345962524414;101,67337799072266;728,7290649414062;170,19326782226562;104,20891571044922;11,475272178649902;0,6483230590820312;24,049999237060547;53,139102935791016;19,083194732666016;34,63484191894531;2,9040095806121826;30,802396774291992;85,72000122070312;103,56472778320312;41671,0
2020-01-02;90,8390121459961;207,85452270507812;48,25;21,004026412963867;29,156307220458984;35,45665740966797;46,608394622802734;31,61541748046875;98,41947937011719;764,1672973632812;163,31776428222656;101,57132720947266;11,60372543334961;0,6660041809082031;22,700000762939453;53,139102935791016;18,606115341186523;36,55900192260742;2,858846426010132;30,620492935180664;83,78500366210938;102,45905303955078;41107,0
2020-01-03;89,21424102783203;205,7961883544922;48,45000076293945;20,045507431030273;27,516263961791992;34,85986328125;46,05807113647461;29,562467575073242;97,27851104736328;780,638427734375;162,86936950683594;101,47541046142578;11,689360618591309;0,6394822597503662;21,75;62,85966110229492;18,31252670288086;36,37861633300781;2,84078049659729;29,286535263061523;84,16000366210938;99,17889404296875;40499,0
2020-01-06;92,24221801757812;212,04747009277344;48,400001525878906;20,42057991027832;28,15406036376953;35,56197738647461;47,75138473510742;30,97671890258789;99,34915924072266;807,5914306640625;167,10427856445312;103,10592651367188;12,331636428833008;0,663057267665863;22,950000762939453;62,85966110229492;19,119892120361328;35,777313232421875;2,80013370513916;29,195579528808594;86,08000183105469;103,82273864746094;41470,0
2020-01-07;91,5775375366211;209,18861389160156;47,54999923706055;20,503931045532227;27,971834182739258;36,43962097167969;46,05807113647461;30,702993392944336;97,6165771484375;816,5758666992188;167,55267333984375;103,72935485839844;12,759817123413086;0,6483230590820312;22,75;62,85966110229492;19,450178146362305;34,57471466064453;2,80013370513916;29,407800674438477;83,79000091552734;104,81782531738281;41116,0
2020-01-08;92,98074340820312;212,6572723388672;46,20000076293945;20,212207794189453;27,2429256439209;35,00028610229492;45,88874053955078;30,109922409057617;96,34882354736328;803,598388671875;169,744873046875;101,85905456542969;13,102362632751465;0,6335882544517517;22,5;62,85966110229492;19,22998809814453;34,875362396240234;2,700773239135742;29,892881393432617;84,33000183105469;105,18637084960938;41016,0
2020-01-09;96,26720428466797;220,24269104003906;48,20000076293945;20,08718490600586;26,83291244506836;34,78965377807617;48,64037322998047;32,02600860595703;98,75755310058594;820,5689086914062;171,18971252441406;105,12008666992188;13,359271049499512;0,6542171239852905;22,950000762939453;62,85966110229492;19,450178146362305;35,47666549682617;2,7323877811431885;30,408273696899414;85,3949966430664;111,00959777832031;42036,0
2020-01-10;98,9259033203125;223,44456481933594;48,349998474121094;20,045507431030273;26,559574127197266;36,12366485595703;50,54534912109375;32,39097213745117;99,05335235595703;868,4852294921875;174,3783416748047;107,51789855957031;13,530543327331543;0,6954739689826965;23,450000762939453;62,85966110229492;19,156591415405273;38,24264144897461;2,7459378242492676;30,98430061340332;85,80500030517578;115,35860443115234;42740,0
2020-01-13;93,97775268554688;215,85923767089844;47,5;19,253690719604492;26,422903060913086;37,21194076538086;48,555702209472656;32,02600860595703;96,77140808105469;904,422607421875;178,56341552734375;105,9832992553711;13,616177558898926;0,730836808681488;23,600000381469727;62,85966110229492;19,193288803100586;41,48965072631836;2,7098066806793213;31,80286979675293;85,26499938964844;112,59439086914062;42018,0
2020-01-14;92,79610443115234;209,41734313964844;46,04999923706055;20,33723258972168;28,60962677001953;35,56197738647461;46,94706344604492;30,79423713684082;97,6165771484375;944,8521118164062;183,545654296875;101,33154296875;13,102362632751465;0,7337837815284729;23,149999618530273;62,85966110229492;18,385921478271484;44,1353759765625;2,642061710357666;30,77208137512207;85,28500366210938;109,20365905761719;41634,0
2020-01-15;90,21125793457031;200,9552764892578;46,400001525878906;20,795654296875;29,794103622436523;36,33430480957031;44,95742416381836;29,471223831176758;97,40528106689453;962,8207397460938;179,31076049804688;102,14679718017578;12,588542938232422;0,748518705368042;22,850000381469727;62,85966110229492;18,606115341186523;46,96147918701172;2,6194794178009033;30,499225616455078;85,58000183105469;103,67528533935547;41246,0
2020-01-16;92,98074340820312;206,55856323242188;46,900001525878906;21,962543487548828;31,707489013671875;36,193878173828125;46,56606674194336;30,520511627197266;100,70143127441406;973,3025512695312;181,85169982910156;105,07212829589844;12,759817123413086;0,7779876589775085;23,25;62,85966110229492;20,367639541625977;45,578495025634766;2,682708740234375;30,98430061340332;86,0199966430664;107,13975524902344;42362,0
2020-01-17;93,35002136230469;203,50914001464844;48,400001525878906;22,087568283081055;30,52301025390625;35,21092224121094;45,88874053955078;30,29240608215332;101,20852661132812;970,3076782226562;189,27523803710938;106,07920837402344;12,288816452026367;0,7514656782150269;23,700000762939453;62,85966110229492;21,76218032836914;43,7144660949707;2,7504537105560303;31,348106384277344;82,9800033569336;108,83509826660156;42340,0
2020-01-20;94,60551452636719;211,01828002929688;49,29999923706055;22,170917510986328;30,477455139160156;35,807716369628906;47,11639404296875;31,15920639038086;103,11014556884766;948,8451538085938;194,3072967529297;104,44869995117188;12,41727066040039;0,7720937132835388;24,700000762939453;62,85966110229492;22,569547653198242;44,85693359375;2,7504537105560303;32,10604476928711;85,32499694824219;110,23561096191406;43054,0
2020-01-21;91,35599517822266;202,3656463623047;46,79999923706055;21,462448120117188;30,340782165527344;34,57902526855469;44,91508865356445;29,288738250732422;100,87045288085938;903,4243774414062;192,06529235839844;101,71519470214844;12,3744535446167;0,7514656782150269;23,399999618530273;62,85966110229492;21,798879623413086;42,872650146484375;2,759486198425293;30,438589096069336;81,0199966430664;105,40751647949219;41486,0
2020-01-22;92,0206527709961;209,7604217529297;48,349998474121094;21,170724868774414;29,611873626708984;35,49176788330078;45,42308044433594;30,201162338256836;101,16626739501953;888,450439453125;190,81973266601562;101,71519470214844;12,331636428833008;0,7544117569923401;23,549999237060547;62,85966110229492;22,01906967163086;41,068748474121094;2,7369048595428467;30,529541015625;82,54499816894531;108,06111907958984;42002,0
2020-01-23;89,65735626220703;202,06065368652344;46,54999923706055;20,753978729248047;30,067441940307617;35,98324966430664;44,61875534057617;29,0150146484375;99,64498138427734;870,48193359375;189,7236328125;100,85198211669922;12,716998100280762;0,7426247596740723;23,149999618530273;62,85966110229492;22,165864944458008;41,850440979003906;2,6917407512664795;30,31732177734375;81,0199966430664;103,1593246459961;41140,0
2020-01-24;86,59246063232422;192,18824768066406;45,0;19,920486450195312;30,11299705505371;35,877925872802734;43,137115478515625;27,965730667114258;99,85625457763672;823,064453125;190,6204376220703;99,26942443847656;12,245997428894043;0,7190489768981934;22,149999618530273;62,85966110229492;21,02821159362793;41,54978561401367;2,6465775966644287;30,287002563476562;79,63999938964844;96,23040771484375;39918,0
2020-01-27;84,70922088623047;189,48190307617188;45,0;20,29555892944336;31,61637306213379;34,6141242980957;41,82479476928711;29,197498321533203;99,43367767333984;778,6419067382812;188,72718811035156;99,60511779785156;11,560904502868652;0,6895800232887268;21,700000762939453;62,85966110229492;20,661226272583008;39,324981689453125;2,551734685897827;29,862560272216797;79,42500305175781;93,50308990478516;39605,0
2020-01-28;90,02664184570312;201,41268920898438;46,599998474121094;20,08718490600586;31,570810317993164;36,08856201171875;44,11075973510742;30,24678611755371;103,11014556884766;823,5635986328125;190,32150268554688;99,98876953125;12,074728012084961;0,7072610855102539;22,950000762939453;62,85966110229492;21,65208625793457;41,48965072631836;2,6510934829711914;30,377954483032227;79,55500030517578;97,07808685302734;40830,0
2020-01-29;90,39588165283203;200,49781799316406;45,20000076293945;19,37871551513672;30,158554077148438;35,45665740966797;43,22177505493164;29,562467575073242;98,88432312011719;835,0435791015625;187,93003845214844;99,22146606445312;12,074728012084961;0,710207998752594;22,850000381469727;62,85966110229492;21,101608276367188;42,99290466308594;2,642061710357666;29,953516006469727;79,83999633789062;96,1935806274414;40341,0
2020-01-30;91,72522735595703;200,99339294433594;45,70000076293945;19,17034149169922;29,65743064880371;33,87690734863281;43,094783782958984;29,37998390197754;99,64498138427734;843,5288696289062;188,72718811035156;98,59803771972656;12,588542938232422;0,701367974281311;22,549999237060547;62,85966110229492;21,101608276367188;41,42952346801758;2,4885058403015137;29,074312210083008;80,61000061035156;97,29924011230469;40395,0
2020-01-31;90,24817657470703;200,80274963378906;45,0;19,753787994384766;29,702987670898438;33,947120666503906;42,883113861083984;28,69566535949707;98,75755310058594;823,5635986328125;189,8232879638672;100,03672790527344;12,54572582244873;0,701367974281311;22,0;62,85966110229492;21,505290985107422;41,00861358642578;2,389146089553833;27,86161994934082;78,72000122070312;97,4466552734375;40105,0
2020-02-03;94,19933319091797;213,45779418945312;48,29999923706055;19,628761291503906;29,702987670898438;33,59606170654297;45,25374984741211;29,92743682861328;100,19432067871094;833,5463256835938;193,80906677246094;103,58548736572266;12,888272285461426;0,7043148279190063;23,0;62,85966110229492;21,872276306152344;41,73017883300781;2,4117274284362793;28,195112228393555;81,56500244140625;101,795654296875;41577,0
2020-02-04;93,2761459350586;209,60800170898438;46,900001525878906;19,17034149169922;29,247421264648438;32,85884475708008;45,38074493408203;29,197498321533203;103,65950775146484;838,0382690429688;195,30374145507812;102,0029296875;12,845451354980469;0,7072610855102539;22,799999237060547;62,85966110229492;21,505290985107422;42,391605377197266;2,389146089553833;27,740346908569336;81,29499816894531;97,70465850830078;41034,0
2020-02-05;92,1314468383789;208,65499877929688;46,29999923706055;18,836944580078125;28,92852020263672;31,489730834960938;45,8040771484375;28,60442352294922;102,72982788085938;822,5653686523438;193,41050720214844;100,56423950195312;12,80263614654541;0,7072610855102539;22,25;62,85966110229492;21,02821159362793;41,54978561401367;2,3665642738342285;28,316373825073242;82,59500122070312;99,43685913085938;40767,0
2020-02-06;92,16835021972656;209,60800170898438;46,95000076293945;19,086992263793945;29,06519317626953;30,29613494873047;45,08441925048828;27,828866958618164;103,95531463623047;831,5496215820312;199,28953552246094;100,85198211669922;12,588542938232422;0,7043148279190063;22,100000381469727;62,85966110229492;21,064910888671875;41,068748474121094;2,348498821258545;27,982885360717773;82,88999938964844;100,21085357666016;40906,0
2020-02-07;93,60848236083984;212,92417907714844;47,0;19,795461654663086;29,11075210571289;30,541879653930664;45,296085357666016;28,056970596313477;99,56046295166016;818,5723876953125;200,8838653564453;100,27650451660156;12,245997428894043;0,701367974281311;22,450000762939453;62,85966110229492;20,441038131713867;41,30926513671875;2,4343090057373047;27,588764190673828;81,8499984741211;102,56963348388672;41214,0
2020-02-10;93,35002136230469;212,35238647460938;46,5;19,587087631225586;27,971834182739258;30,998249053955078;44,87275314331055;28,513181686401367;99,18013000488281;801,60205078125;199,28953552246094;101,09175872802734;12,245997428894043;0,6895800232887268;22,149999618530273;62,85966110229492;19,92725944519043;41,48965072631836;2,4930222034454346;27,740346908569336;82,62000274658203;101,6482162475586;41053,0
2020-02-11;90,69129943847656;203,85215759277344;45,400001525878906;19,503738403320312;26,7873592376709;29,6993408203125;42,67144775390625;27,965730667114258;95,46139526367188;793,11669921875;193,06173706054688;99,74898529052734;11,903453826904297;0,668951153755188;21,350000381469727;62,85966110229492;18,936399459838867;41,18901062011719;2,461407423019409;27,103683471679688;79,5199966430664;98,88404083251953;39825,0
2020-02-12;90,28511047363281;206,10110473632812;45,45000076293945;19,295366287231445;27,060697555541992;29,839763641357422;42,7561149597168;28,10259246826172;95,37687683105469;792,6176147460938;195,25392150878906;100,66014862060547;11,860634803771973;0,6777921319007874;21,399999618530273;62,85966110229492;19,009798049926758;42,030826568603516;2,6194794178009033;27,043052673339844;78,94000244140625;99,10516357421875;39936,0
2020-02-13;85,44774627685547;199,77357482910156;44,04999923706055;19,42038917541504;25,830665588378906;29,172758102416992;40,85114288330078;27,190168380737305;92,67236328125;776,1463623046875;192,61334228515625;98,98168182373047;11,518089294433594;0,6483230590820312;21,200000762939453;62,85966110229492;18,569416046142578;40,88835525512695;2,592381477355957;26,315433502197266;76,66000366210938;92,17630004882812;38670,0
2020-02-14;86,18629455566406;199,12564086914062;42,75;19,920486450195312;26,7873592376709;28,330224990844727;41,27446746826172;27,0076847076416;91,7004165649414;783,1341552734375;186,9833984375;98,78986358642578;11,475272178649902;0,6483230590820312;21,399999618530273;62,85966110229492;18,1290340423584;40,58770751953125;2,700773239135742;25,83035659790039;77,65499877929688;91,10749053955078;38648,0
2020-02-17;87,1463623046875;202,40370178222656;43,79999923706055;20,170534133911133;27,880720138549805;28,084484100341797;41,7824592590332;26,916440963745117;95,92623901367188;783,6332397460938;192,41404724121094;98,07051849365234;11,946269989013672;0,6660041809082031;21,149999618530273;62,85966110229492;18,349224090576172;40,04653549194336;2,7640023231506348;26,133527755737305;78,5199966430664;91,91829681396484;39200,0
2020-02-18;83,19523620605469;194,5515594482422;42,25;19,753787994384766;26,7873592376709;28,330224990844727;40,258480072021484;26,368989944458008;91,65816497802734;780,638427734375;189,9229278564453;97,39913177490234;11,946269989013672;0,6512701511383057;20,75;62,85966110229492;19,009798049926758;39,0844612121582;2,7052905559539795;25,95162582397461;76,96499633789062;89,41211700439453;38157,0
2020-02-19;84,52458190917969;200,8790283203125;42,099998474121094;19,17034149169922;26,7873592376709;28,786596298217773;40,34314727783203;26,368989944458008;92,46106719970703;794,6141357421875;193,2610321044922;96,39205169677734;11,98908805847168;0,6601102352142334;20,850000381469727;62,85966110229492;18,973098754882812;38,483158111572266;2,6646430492401123;25,95162582397461;77,375;89,08041381835938;38391,0
2020-02-20;85,26310729980469;210,4846649169922;42,900001525878906;19,003643035888672;26,195119857788086;29,66423988342285;42,24811935424805;26,368989944458008;90,47493743896484;795,6122436523438;193,6097869873047;99,22146606445312;12,331636428833008;0,668951153755188;21,049999237060547;62,85966110229492;19,009798049926758;37,88186264038086;2,7414207458496094;26,01226043701172;78,41500091552734;91,8814468383789;38961,0
2020-02-21;85,37390899658203;207,2827606201172;42,349998474121094;18,461872100830078;26,286235809326172;29,1025447845459;42,417449951171875;26,09526252746582;88,06620788574219;781,1378173828125;192,2645721435547;99,653076171875;12,331636428833008;0,6895800232887268;21,299999237060547;62,85966110229492;18,49601936340332;38,783809661865234;2,7549703121185303;25,76972198486328;76,75;91,73402404785156;38603,0
2020-02-26;79,83493041992188;197,4103240966797;39,29999923706055;18,170148849487305;25,238428115844727;28,400434494018555;39,581153869628906;23,90545082092285;84,55876922607422;755,6820068359375;191,46742248535156;89,5343017578125;11,946269989013672;0,6424292325973511;19,899999618530273;62,85966110229492;16,771190643310547;37,82173156738281;2,6149632930755615;26,315433502197266;70,15499877929688;85,9845199584961;36422,0
2020-02-27;79,20719146728516;184,7172088623047;39,349998474121094;16,83656120300293;23,461719512939453;27,803638458251953;38,26884460449219;23,038652420043945;82,40361022949219;738,2125244140625;193,31085205078125;86,32123565673828;11,903453826904297;0,6335882544517517;19,25;62,85966110229492;15,780333518981934;37,28055953979492;2,5336687564849854;26,01226043701172;67,91999816894531;85,0999755859375;35387,0
2020-02-28;75,84688568115234;177,85606384277344;39,45000076293945;17,044933319091797;24,053955078125;27,979167938232422;37,887847900390625;23,90545082092285;80,7132797241211;712,7570190429688;193,06173706054688;89,34248352050781;11,60372543334961;0,6129594445228577;19,149999618530273;62,85966110229492;16,697795867919922;36,679264068603516;2,578831911087036;26,618610382080078;65,92500305175781;82,2252426147461;34973,0
2020-03-02;78,54251098632812;186,39437866210938;43,20000076293945;17,62837791442871;24,737302780151367;29,067440032958984;38,903831481933594;25,18284034729004;82,82618713378906;761,671630859375;185,33926391601562;89,8699951171875;12,41727066040039;0,6335882544517517;19,549999237060547;62,85966110229492;17,50516128540039;37,88186264038086;2,6917407512664795;27,103683471679688;66,48999786376953;85,43168640136719;36253,0
2020-03-03;77,54549407958984;185,82261657714844;44,20000076293945;16,66986083984375;23,689498901367188;29,278076171875;37,887847900390625;24,544143676757812;79,57230377197266;771,1550903320312;186,43536376953125;91,02095031738281;12,460089683532715;0,6218003630638123;19,399999618530273;62,85966110229492;17,725351333618164;38,18251037597656;2,6465775966644287;26,103214263916016;66,61499786376953;84,95256042480469;35999,0
2020-03-04;80,79503631591797;193,6748504638672;46,54999923706055;17,211631774902344;24,60063362121582;29,558916091918945;39,24249267578125;25,365325927734375;82,19230651855469;795,1130981445312;194,506591796875;93,89832305908203;12,759817123413086;0,6365354061126709;20,5;62,85966110229492;18,349224090576172;37,52108383178711;2,673675537109375;27,28558921813965;66,91000366210938;89,19096374511719;37243,0
2020-03-05;80,16728210449219;194,39906311035156;45,70000076293945;17,044933319091797;23,552833557128906;28,540855407714844;38,64984130859375;25,730295181274414;81,17810821533203;767,1620483398438;195,30374145507812;95,5288314819336;12,54572582244873;0,6306412816047668;20,450000762939453;62,85966110229492;18,716209411621094;37,28055953979492;2,6194794178009033;27,61907958984375;63,78499984741211;89,26468658447266;36772,0
2020-03-06;75,44066619873047;180,25747680664062;43,849998474121094;17,003259658813477;23,370601654052734;28,04937744140625;36,74485778808594;24,635387420654297;81,68521118164062;742,7045288085938;190,32150268554688;90,63729858398438;12,3744535446167;0,6011723279953003;19,299999237060547;62,85966110229492;17,61525535583496;36,679264068603516;2,596897602081299;26,16385269165039;60,404998779296875;84,694580078125;35222,0
2020-03-09;63,43961715698242;151,13577270507812;38,0;14,877853393554688;21,22943687438965;25,837724685668945;31,36859893798828;21,122562408447266;72,05033111572266;679,814208984375;186,8339385986328;78,31254577636719;11,26117992401123;0,498029887676239;16,75;62,85966110229492;16,220714569091797;34,27406311035156;2,4252769947052;23,010845184326172;45,994998931884766;72,34789276123047;30380,0
2020-03-10;68,83084869384766;164,09568786621094;40,650001525878906;15,961392402648926;21,730560302734375;27,87384796142578;33,019569396972656;22,673683166503906;72,30387878417969;723,238525390625;202,9763946533203;84,97846221923828;11,560904502868652;0,5363398194313049;18,700000762939453;62,85966110229492;17,06477928161621;34,09367370605469;2,547217845916748;24,46607780456543;51,709999084472656;80,78784942626953;32832,0
2020-03-11;65,72903442382812;159,67404174804688;38,599998474121094;14,794502258300781;19,771623611450195;26,223886489868164;30,267942428588867;21,53315544128418;72,55741882324219;701,7760620117188;214,58502197265625;84,01933288574219;10,618907928466797;0,5216048955917358;18,5;62,85966110229492;16,110620498657227;31,508085250854492;2,5607669353485107;23,13211441040039;47,900001525878906;72,8270034790039;31420,0
2020-03-12;58,269901275634766;137,22283935546875;36,900001525878906;13,627612113952637;17,63045310974121;24,293079376220703;24,002689361572266;18,52216339111328;59,161556243896484;667,8352661132812;200,08670043945312;82,77247619628906;9,505638122558594;0,4891890287399292;18,5;62,85966110229492;14,679380416870117;29,04275894165039;2,4749560356140137;21,82847023010254;41,970001220703125;58,93238830566406;28352,0
2020-03-13;59,45155334472656;138,70945739746094;37,20000076293945;14,377756118774414;18,678258895874023;23,450542449951172;25,18800926208496;19,43458366394043;64,7396469116211;652,3623046875;191,01901245117188;79,70327758789062;9,676907539367676;0,4921359717845917;17,799999237060547;62,85966110229492;14,49588680267334;30,064971923828125;2,4026947021484375;23,041162490844727;40,435001373291016;62,76539611816406;28448,0
2020-03-16;48,853660583496094;121,97591400146484;34,70000076293945;13,377562522888184;16,354867935180664;21,484630584716797;22,521045684814453;19,206478118896484;59,584144592285156;529,0771484375;182,44956970214844;72,55780029296875;8,503691673278809;0,4243563115596771;15,800000190734863;62,85966110229492;13,17474365234375;28,89243507385254;2,3349499702453613;21,222124099731445;35,29999923706055;57,642433166503906;25698,0
2020-03-17;49,11214065551758;128,6464385986328;36,95000076293945;13,752635955810547;15,899301528930664;21,76547622680664;24,341354370117188;18,88713264465332;57,47123336791992;482,15911865234375;158,9832305908203;77,20954895019531;8,555071830749512;0,4243563115596771;14,75;62,85966110229492;14,018808364868164;28,922500610351562;2,380112886428833;20,615779876708984;31,829999923706055;61,2911491394043;25824,0
2020-03-18;40,729854583740234;107,3387680053711;34,900001525878906;12,168999671936035;12,755885124206543;17,974069595336914;21,42038917541504;16,149864196777344;47,83634567260742;411,2826843261719;135,46705627441406;67,52239227294922;7,673017501831055;0,365418404340744;13,399999618530273;62,85966110229492;11,596710205078125;27,659770965576172;2,1249399185180664;18,341978073120117;23,559999465942383;53,99372100830078;22087,0
2020-03-19;41,39452362060547;103,94633483886719;33,599998474121094;12,835793495178223;14,441483497619629;17,377275466918945;23,029035568237305;16,788562774658203;50,70991134643555;412,2809143066406;142,0436248779297;68,38560485839844;7,98987340927124;0,3683653473854065;13,600000381469727;62,85966110229492;11,486614227294922;27,659770965576172;2,2491395473480225;19,40308380126953;28,280000686645508;52,445770263671875;22656,0
2020-03-20;45,08716583251953;111,03617095947266;34,349998474121094;13,919336318969727;15,853744506835938;17,658117294311523;23,53702735900879;18,157194137573242;52,4424934387207;424,260009765625;143,0898895263672;69,58451080322266;8,418052673339844;0,38015246391296387;14,350000381469727;62,85966110229492;11,96369457244873;27,659770965576172;2,1910364627838135;19,40308380126953;31,90999984741211;54,39912796020508;23890,0
2020-03-25;49,11214065551758;120,33682250976562;40,54999923706055;14,877853393554688;16,901546478271484;20,220829010009766;26,373327255249023;19,936416625976562;57,00638961791992;440,232177734375;152,55615234375;76,77794647216797;8,734908103942871;0,38899344205856323;14,449999809265137;62,85966110229492;13,064647674560547;30,66626739501953;2,213860034942627;18,463245391845703;37,790000915527344;57,71613693237305;26338,0
2020-03-26;48,373619079589844;116,5250473022461;38,79999923706055;15,044548988342285;17,448225021362305;19,975088119506836;25,18800926208496;18,33968162536621;53,92153549194336;442,72784423828125;142,54183959960938;72,07823181152344;8,383800506591797;0,386046439409256;14,25;62,85966110229492;12,477473258972168;31,808738708496094;2,177341938018799;19,008960723876953;35,6150016784668;54,951961517333984;25484,0
2020-03-27;43,94245147705078;104,93738555908203;35,45000076293945;14,669477462768555;16,44597816467285;19,308082580566406;23,748695373535156;18,02033042907715;51,13249206542969;426,75567626953125;140,6984100341797;69,39268493652344;7,9813103675842285;0,3683653473854065;13,399999618530273;62,85966110229492;12,257282257080078;29,764324188232422;2,220705509185791;19,099912643432617;34,08000183105469;51,15583038330078;24059,0
2020-03-30;42,7977409362793;106,46208953857422;35,70000076293945;15,044548988342285;16,764877319335938;19,378293991088867;24,087356567382812;18,02033042907715;50,878944396972656;416,2739562988281;156,44229125976562;69,20085906982422;7,921361923217773;0,3683653473854065;13,449999809265137;62,85966110229492;12,734362602233887;31,027048110961914;2,1453893184661865;17,826587677001953;34,54999923706055;51,3032341003418;24384,0
2020-04-01;44,422489166259766;110,08322143554688;38,400001525878906;15,336273193359375;17,448225021362305;20,326143264770508;24,764680862426758;18,157194137573242;51,13249206542969;399,3035888671875;156,1433563232422;74,81173706054688;7,844289779663086;0,38899344205856323;13,699999809265137;30,457778930664062;13,027950286865234;35,1760139465332;2,1362597942352295;18,069120407104492;36,599998474121094;54,32540512084961;25324,0
2020-04-02;47,45045852661133;115,03851318359375;37,75;15,711345672607422;17,994909286499023;20,361249923706055;25,103343963623047;18,932750701904297;55,18928527832031;416,2739562988281;156,34263610839844;76,72998809814453;7,964181423187256;0,4096221923828125;13,899999618530273;30,457778930664062;13,394933700561523;38,483158111572266;2,106590509414673;16,765478134155273;38,29999923706055;56,868465423583984;26003,0
2020-04-03;48,04127883911133;118,16411590576172;38,5;16,16976547241211;18,587146759033203;19,764453887939453;25,780668258666992;19,708311080932617;55,69638442993164;443,2269287109375;154,4992218017578;80,37466430664062;7,895672798156738;0,4096221923828125;14,199999809265137;30,457778930664062;13,651823043823242;40,2269287109375;2,072354793548584;18,069120407104492;38,834999084472656;57,5318717956543;26505,0
2020-04-06;47,22890853881836;116,41072845458984;39,099998474121094;16,91990852355957;19,90829086303711;19,975088119506836;25,14567756652832;19,343341827392578;60,85188674926758;456,2043762207031;156,99034118652344;83,92342376708984;7,998432636260986;0,4214101731777191;14,300000190734863;30,457778930664062;14,238997459411621;42,09095764160156;2,099743366241455;19,039278030395508;39,20000076293945;57,75300216674805;26923,0
2020-04-07;46,453453063964844;112,44650268554688;38,70000076293945;17,253307342529297;20,682758331298828;20,50167465209961;24,510684967041016;19,343341827392578;66,76805114746094;468,6826171875;156,64157104492188;81,66948699951172;8,118327140808105;0,4214101731777191;15,050000190734863;30,457778930664062;14,49588680267334;43,233428955078125;2,099743366241455;19,6456241607666;37,845001220703125;57,5687141418457;26696,0
2020-04-08;49,92452621459961;116,83003997802734;41,5;18,170148849487305;21,32054901123047;21,62505340576172;25,484338760375977;20,803218841552734;61,95060729980469;464,6895446777344;156,19317626953125;86,99262237548828;8,195399284362793;0,4449850916862488;15,899999618530273;30,457778930664062;14,936269760131836;42,391605377197266;2,1362597942352295;20,767364501953125;40,40999984741211;60,9225959777832;28018,0
2020-04-13;51,733924865722656;124,79656982421875;41,849998474121094;18,628570556640625;22,459468841552734;23,731388092041016;27,008319854736328;21,53315544128418;61,02092361450195;449,216552734375;165,3106689453125;87,1844482421875;8,555071830749512;0,4420381486415863;16,100000381469727;44,7146110534668;14,789474487304688;48,70524978637695;2,3097169399261475;21,798152923583984;40,61000061035156;62,94965744018555;28881,0
2020-04-14;56,94055938720703;134,5165252685547;44,349998474121094;19,920486450195312;23,598388671875;24,9600830078125;28,57463264465332;23,859830856323242;65,11997985839844;456,7034912109375;175,32496643066406;91,88416290283203;9,077454566955566;0,4656140208244324;16,700000762939453;44,7146110534668;15,193159103393555;51,71175003051758;2,4055747985839844;22,495450973510742;43,255001068115234;66,04553985595703;30782,0
2020-04-15;61,18707275390625;146,10418701171875;46,79999923706055;20,5872802734375;23,552833557128906;24,749452590942383;30,564271926879883;23,49485969543457;67,52870178222656;467,684326171875;181,0047149658203;93,5146713256836;9,377181053161621;0,4803479313850403;17,149999618530273;44,7146110534668;15,523444175720215;51,71175003051758;2,547079563140869;22,434816360473633;43,70500183105469;70,09967803955078;32071,0
2020-04-16;58,78685760498047;135,469482421875;43,5;19,837135314941406;22,413909912109375;22,92395782470703;28,955629348754883;21,898122787475586;62,37318420410156;464,1904296875;161,82310485839844;84,21116638183594;8,820545196533203;0,4597199857234955;16,049999237060547;44,7146110534668;14,752776145935059;50,50914764404297;2,419269323348999;20,312604904174805;40,060001373291016;67,40922546386719;30078,0
2020-04-17;56,01738739013672;129,2563018798828;41,70000076293945;20,003833770751953;23,370601654052734;23,34522819519043;28,786296844482422;22,17184829711914;63,3028678894043;471,6773681640625;160,57754516601562;86,56101989746094;8,94899845123291;0,47445404529571533;16,350000381469727;44,7146110534668;14,752776145935059;51,110443115234375;2,4147043228149414;20,37323760986328;40,185001373291016;69,87855529785156;29883,0
2020-04-20;57,71601486206055;135,469482421875;42,150001525878906;20,253883361816406;24,099512100219727;23,23990821838379;30,775936126708984;22,62805938720703;62,62673568725586;493,13995361328125;159,9298553466797;88,57518005371094;9,719728469848633;0,49508288502693176;16,549999237060547;44,7146110534668;14,862873077392578;53,51564025878906;2,528820753097534;20,251972198486328;39,75;72,64274597167969;30536,0
2020-04-21;55,832767486572266;130,24737548828125;42,150001525878906;20,33723258972168;24,099512100219727;23,02927589416504;29,80228042602539;22,810544967651367;62,499961853027344;484,1555480957031;166,40676879882812;88,23948669433594;10,10508918762207;0,5274987816810608;16,299999237060547;44,7146110534668;14,49588680267334;54,958763122558594;2,6201138496398926;20,312604904174805;38,11000061035156;69,73113250732422;30237,0
2020-04-22;55,13116455078125;130,05677795410156;43,650001525878906;20,712305068969727;24,873973846435547;23,204803466796875;29,16728973388672;22,536819458007812;65,2044906616211;493,13995361328125;168,399658203125;89,34248352050781;10,704545021057129;0,5363398194313049;16,600000381469727;44,7146110534668;14,862873077392578;54,718238830566406;2,601855516433716;20,070066452026367;39,349998474121094;68,55174255371094;30555,0
2020-04-23;52,87864303588867;132,00076293945312;43,70000076293945;21,04570198059082;25,10175895690918;23,661176681518555;28,532299041748047;22,35433578491211;64,31707000732422;474,1729736328125;159,6807403564453;93,5146713256836;10,918636322021484;0,54518061876297;16,450000762939453;44,7146110534668;14,862873077392578;54,417598724365234;2,574467182159424;20,433874130249023;39,67499923706055;66,30353546142578;30379,0
2020-04-24;50,441497802734375;122,66197967529297;42,45000076293945;20,795654296875;24,37285041809082;22,853748321533203;27,516311645507812;21,715641021728516;65,41578674316406;484,1555480957031;151,41021728515625;89,8699951171875;10,704545021057129;0,5363398194313049;15,699999809265137;44,7146110534668;14,275697708129883;52,01240158081055;2,4649159908294678;19,675939559936523;37,029998779296875;64,6081771850586;29258,0
2020-04-27;51,51237869262695;125,02528381347656;43,20000076293945;21,37909698486328;25,283987045288086;24,854766845703125;27,854976654052734;21,624399185180664;66,93707275390625;578,9903564453125;154,9974365234375;93,08306884765625;10,875815391540527;0,5717026591300964;16,75;44,7146110534668;14,789474487304688;54,417598724365234;2,4831745624542236;20,676410675048828;37,70000076293945;67,70405578613281;29986,0
2020-04-28;60,1900749206543;147,59083557128906;46,099998474121094;23,33780860900879;26,195119857788086;25,69730567932129;31,326263427734375;23,67734718322754;73,27581024169922;627,9049072265625;168,89788818359375;97,59095764160156;11,432455062866211;0,6247473955154419;17,450000762939453;44,7146110534668;15,927128791809082;60,731239318847656;2,638373374938965;21,82847023010254;43,79999923706055;76,77057647705078;33065,0
2020-04-29;60,965545654296875;146,94281005859375;46,349998474121094;23,254457473754883;26,605131149291992;25,346248626708984;32,63857650756836;24,361663818359375;69,5993423461914;628,9030151367188;160,67718505859375;96,77570343017578;11,475272178649902;0,6218003630638123;16,799999237060547;44,7146110534668;16,00052261352539;68,8487777709961;2,615548849105835;22,525768280029297;45,165000915527344;80,23503112792969;33185,0
2020-04-30;59,562313079833984;141,07272338867188;46,04999923706055;23,546180725097656;27,69849395751953;25,73240852355957;31,410926818847656;24,316041946411133;70,1487045288086;673,8247680664062;158,3355255126953;97,638916015625;11,732179641723633;0,6011723279953003;16,75;48,08440399169922;16,917984008789062;67,94682312011719;2,556209087371826;22,556087493896484;43,349998474121094;75,73861694335938;32743,0
2020-05-04;60,15314483642578;141,11085510253906;45,0;23,12943458557129;27,47071075439453;24,995193481445312;31,283931732177734;23,266756057739258;65,880615234375;659,3499755859375;156,99034118652344;93,22693634033203;11,98908805847168;0,5982254147529602;16,799999237060547;47,63077926635742;18,165733337402344;68,54812622070312;2,478609323501587;21,525297164916992;41,959999084472656;78,09738159179688;32387,0
2020-05-05;61,704063415527344;144,88446044921875;48,25;24,004600524902344;28,882966995239258;24,854766845703125;31,495594024658203;23,540481567382812;67,90901184082031;676,819580078125;160,6273651123047;96,0083999633789;12,67418098449707;0,6394822597503662;16,950000762939453;47,63077926635742;18,165733337402344;67,94682312011719;2,5105621814727783;21,88910484313965;44,03499984741211;79,12934875488281;33547,0
2020-05-06;63,919639587402344;148,42938232421875;48,70000076293945;24,171300888061523;29,01963996887207;24,749452590942383;33,231239318847656;24,22480010986328;70,40225982666016;671,8281860351562;162,4209747314453;97,11138916015625;12,888272285461426;0,668951153755188;17,350000381469727;47,63077926635742;20,514432907104492;68,54812622070312;2,5835964679718018;22,101329803466797;43,97999954223633;82,48324584960938;34159,0
2020-05-07;69,42168426513672;163,60015869140625;49,599998474121094;24,671396255493164;28,882966995239258;25,311138153076172;35,98286819458008;25,319705963134766;71,62774658203125;687,8004150390625;169,99398803710938;103,345703125;13,359271049499512;0,6866330504417419;18,100000381469727;47,63077926635742;20,330942153930664;68,99911499023438;2,66119647026062;22,495450973510742;46,43000030517578;90,4072265625;35850,0
2020-05-08;69,68016052246094;164,1719207763672;50,400001525878906;24,879770278930664;27,69849395751953;26,961105346679688;37,25285339355469;25,912778854370117;70,86709594726562;672,8264770507812;168,15054321289062;105,93534088134766;13,873089790344238;0,6895800232887268;18,600000381469727;47,63077926635742;19,817163467407227;69,14942932128906;2,6931488513946533;22,647037506103516;47,744998931884766;91,51288604736328;36184,0
2020-05-11;77,36087036132812;179,0377197265625;53,79999923706055;25,629913330078125;28,70074462890625;29,067440032958984;41,9517936706543;26,642717361450195;78,0510025024414;682,8092041015625;180,4068603515625;114,27973175048828;14,686635971069336;0,7072610855102539;19,549999237060547;47,63077926635742;20,40433692932129;68,54812622070312;2,775312900543213;25,072425842285156;49,0;101,97993469238281;38582,0
2020-05-12;78,21016693115234;186,43252563476562;53,849998474121094;24,33799934387207;28,518508911132812;31,94610023498535;41,82479476928711;28,285078048706055;82,9952163696289;705,7689819335938;181,05453491210938;117,06119537353516;15,328908920288086;0,710207998752594;20,049999237060547;47,63077926635742;21,064910888671875;63,5874137878418;2,8711705207824707;25,49686622619629;51,96500015258789;102,56963348388672;39134,0
2020-05-13;73,66822814941406;175,7214813232422;52,25;24,21297264099121;27,516263961791992;29,62912940979004;39,454158782958984;28,786907196044922;79,40325927734375;678,816162109375;180,75559997558594;116,96527099609375;15,543000221252441;0,6777921319007874;18,899999618530273;47,63077926635742;20,29424285888672;59,04759216308594;2,866605281829834;25,55750274658203;48,685001373291016;100,50569915771484;37843,0
2020-05-14;77,17623138427734;178,38970947265625;54,849998474121094;25,004793167114258;28,564071655273438;28,18979835510254;40,9781379699707;30,74861717224121;78,93842315673828;695,7864379882812;182,89797973632812;122,19251251220703;16,099632263183594;0,6836860775947571;19,75;47,63077926635742;21,21170425415039;58,32604217529297;3,1496150493621826;24,61766242980957;51,02000045776367;103,45417022705078;39226,0
2020-05-15;75,95765686035156;173,92996215820312;53,70000076293945;25,838287353515625;28,882966995239258;28,716386795043945;41,52845764160156;32,39097213745117;81,55843353271484;696,7847900390625;188,57772827148438;122,28842163085938;16,741905212402344;0,6925269961357117;20,25;47,63077926635742;21,615386962890625;61,633182525634766;3,327636241912842;24,829885482788086;51,095001220703125;103,01187133789062;39388,0
2020-05-18;78,7640609741211;176,17889404296875;55,75;25,5048885345459;28,791852951049805;29,172758102416992;43,05244827270508;32,43659591674805;84,30522155761719;713,755126953125;192,36422729492188;122,09659576416016;17,940818786621094;0,7161020040512085;20,850000381469727;47,63077926635742;21,688783645629883;63,43708038330078;3,428058385848999;26,345748901367188;52,724998474121094;106,9554672241211;40287,0
2020-05-19;75,29299926757812;169,01283264160156;53,79999923706055;25,379865646362305;28,70074462890625;29,278076171875;41,48612976074219;32,29972839355469;91,06654357910156;768,6594848632812;185,0403289794922;120,5619888305664;18,28336524963379;0,7632527947425842;20,200000762939453;55,01840591430664;21,615386962890625;61,33253479003906;3,569563627243042;27,43717384338379;52,220001220703125;100,39512634277344;39389,0
2020-05-20;77,39781188964844;173,09140014648438;52,849998474121094;25,7132625579834;27,926273345947266;29,874868392944336;44,87275314331055;31,797895431518555;90,34815979003906;763,6681518554688;187,631103515625;120,65791320800781;18,28336524963379;0,8221914768218994;20,149999618530273;55,01840591430664;20,84471893310547;59,528648376464844;3,6425979137420654;27,982885360717773;53,33000183105469;103,56472778320312;39809,0
2020-05-21;81,97665405273438;182,81134033203125;56,95000076293945;26,67177963256836;28,65518569946289;29,804658889770508;45,88874053955078;32,619083404541016;92,12300109863281;777,6436767578125;191,46742248535156;125,64535522460938;18,3261775970459;0,8339794278144836;20,399999618530273;55,01840591430664;20,808021545410156;59,4685173034668;3,5969505310058594;26,497339248657227;55,150001525878906;106,9186019897461;41389,0
2020-05-22;80,75809478759766;180,6768035888672;54,29999923706055;26,921825408935547;28,564071655273438;28,786596298217773;47,8360481262207;33,30339813232422;91,7849349975586;785,6297607421875;186,93359375;124,92601013183594;18,454639434814453;0,8280853629112244;19,950000762939453;55,01840591430664;20,367639541625977;58,86720657348633;3,6380326747894287;26,40638542175293;54,86000061035156;105,62865447998047;40963,0
2020-05-26;80,27804565429688;182,3539581298828;53,650001525878906;27,171873092651367;28,564071655273438;28,92701530456543;47,455055236816406;32,48221206665039;94,86978912353516;773,6506958007812;189,27523803710938;122,8159408569336;18,797182083129883;0,8015626668930054;20,25;55,01840591430664;20,441038131713867;61,33253479003906;3,569563627243042;26,40638542175293;57,15999984741211;105,92351531982422;41060,0
2020-05-27;79,50257873535156;177,55116271972656;49,849998474121094;27,546947479248047;29,292978286743164;28,716386795043945;49,59171676635742;32,071632385253906;89,96783447265625;737,71337890625;188,02967834472656;117,58870697021484;18,925642013549805;0,7691466212272644;20,200000762939453;55,01840591430664;20,441038131713867;59,528648376464844;3,551304578781128;25,95162582397461;58,9900016784668;102,7907485961914;40432,0
2020-05-28;74,07443237304688;170,0801239013672;48,900001525878906;27,255224227905273;29,976329803466797;26,961105346679688;46,40565490722656;29,334362030029297;91,48912811279297;718,2472534179688;177,71644592285156;117,63666534423828;18,839996337890625;0,7455717325210571;19,600000381469727;55,01840591430664;19,633670806884766;60,12994384765625;3,5284814834594727;24,829885482788086;56,775001525878906;97,59408569335938;38986,0
2020-05-29;68,7939453125;150,52589416503906;47,599998474121094;27,796993255615234;30,79634666442871;25,627090454101562;43,63516616821289;27,37265396118164;89,50299072265625;728,7290649414062;184,0937042236328;116,5336685180664;18,24053955078125;0,7278898358345032;18,75;55,01840591430664;19,009798049926758;58,32604217529297;3,482835292816162;23,95068359375;56,13999938964844;92,54485321044922;37825,0
2020-06-01;73,52051544189453;162,34230041503906;50,349998474121094;29,755706787109375;32,34528350830078;27,382375717163086;47,606197357177734;29,060636520385742;92,75688171386719;764,6663208007812;190,02256774902344;124,11074829101562;18,28336524963379;0,7544117569923401;20,149999618530273;55,01840591430664;19,413480758666992;61,182212829589844;3,5376107692718506;25,95162582397461;59,02000045776367;98,14691925048828;40017,0
2020-06-02;79,72415924072266;181,01979064941406;52,150001525878906;30,29747200012207;33,62086868286133;29,418500900268555;51,39253234863281;30,064298629760742;97,36302947998047;770,6558227539062;194,3072967529297;127,56360626220703;18,540271759033203;0,7720937132835388;21,850000381469727;55,01840591430664;20,110750198364258;61,33253479003906;3,6152093410491943;26,497339248657227;62,65999984741211;103,97013854980469;42038,0
2020-06-03;86,66631317138672;193,36988830566406;52,650001525878906;30,339149475097656;34,2586555480957;31,34930419921875;56,56410598754883;29,973054885864258;99,47593688964844;795,6122436523438;210,25045776367188;127,13200378417969;18,668720245361328;0,7691466212272644;22,649999618530273;55,01840591430664;20,22084617614746;61,03187942504883;3,692809581756592;26,01226043701172;66,45999908447266;115,35860443115234;43853,0
2020-06-04;86,74019622802734;191,27342224121094;51,25;30,17245101928711;34,942012786865234;31,10356903076172;55,22503662109375;29,0150146484375;96,51786041259766;807,0923461914062;221,2113800048828;127,13200378417969;18,754362106323242;0,7426247596740723;23,25;55,01840591430664;20,147449493408203;60,731239318847656;3,6152093410491943;26,133527755737305;66,875;113,84750366210938;43676,0
2020-06-05;89,54657745361328;194,58966064453125;53,70000076293945;31,464365005493164;36,5364990234375;33,31521987915039;57,30290222167969;29,471223831176758;98,58850860595703;839,5357055664062;227,19007873535156;133,94178771972656;19,139720916748047;0,7573588490486145;24,049999237060547;55,01840591430664;20,330942153930664;61,933837890625;3,6562917232513428;26,73987579345703;67,55999755859375;118,15961456298828;45129,0
2020-06-08;98,59355163574219;212,04747009277344;57,45000076293945;33,25637435913086;38,22209930419922;34,4385986328125;62,42831039428711;32,34535598754883;103,44820404052734;868,4852294921875;258,4287109375;145,9788055419922;19,82481575012207;0,7809346318244934;27,350000381469727;55,01840591430664;22,01906967163086;61,33253479003906;3,6654210090637207;28,498281478881836;75,30500030517578;128,5529327392578;48881,0
2020-06-09;93,12844848632812;200,1929473876953;54,25;30,505847930908203;37,76652908325195;33,03437042236328;58,36492156982422;29,92743682861328;98,71528625488281;814,5792846679688;243,93038940429688;140,99134826660156;20,03890609741211;0,7661997675895691;26,0;55,01840591430664;20,84471893310547;59,22798538208008;3,5467402935028076;29,10462760925293;73,95999908447266;119,44957733154297;46471,0
2020-06-10;94,38395690917969;199,77357482910156;53,45000076293945;31,589387893676758;38,03987121582031;32,96416091918945;58,22639846801758;30,38364601135254;98,96883392333984;843,5288696289062;236,50686645507812;136,57937622070312;20,03890609741211;0,7691466212272644;28,649999618530273;55,01840591430664;20,77132225036621;59,16786193847656;3,601515769958496;28,467966079711914;72,5199966430664;120,48153686523438;46476,0
2020-06-11;86,1124038696289;181,43910217285156;49,150001525878906;29,33895492553711;36,126487731933594;30,7174072265625;52,36220169067383;27,646381378173828;92,12300109863281;797,6090087890625;227,19007873535156;125,69331359863281;19,35381507873535;0,730836808681488;25,399999618530273;55,01840591430664;19,04649543762207;57,96525955200195;3,4600112438201904;25,70908546447754;66,7750015258789;110,19878387451172;43058,0
2020-06-12;88,32801818847656;185,47959899902344;49,150001525878906;30,214122772216797;36,126487731933594;29,45359992980957;54,44007110595703;27,23579216003418;89,71427917480469;823,064453125;222,40711975097656;122,57616424560547;19,439456939697266;0,730836808681488;25,5;53,527923583984375;19,083194732666016;58,927337646484375;3,5376107692718506;24,92083740234375;66,97000122070312;114,6583023071289;43417,0
2020-06-16;86,29705810546875;179,53326416015625;47,849998474121094;29,714031219482422;37,174293518066406;28,365331649780273;52,36220169067383;26,8252010345459;87,17878723144531;827,5567016601562;216,42843627929688;120,37017059326172;19,39664077758789;0,6954739689826965;25,549999237060547;53,527923583984375;19,523576736450195;58,566566467285156;3,569563627243042;23,223066329956055;65,58499908447266;110,19878387451172;42686,0
2020-06-17;81,20120239257812;166,15402221679688;45,5;27,71364402770996;35,44313049316406;27,241945266723633;48,85292053222656;25,54781150817871;83,20649719238281;812,5828247070312;205,76644897460938;114,27973175048828;19,09691047668457;0,7016278505325317;23,899999618530273;53,527923583984375;19,083194732666016;56,2816162109375;3,560433864593506;21,980056762695312;62,310001373291016;104,00701141357422;40471,0
2020-06-18;75,77303314208984;157,61572265625;42,849998474121094;26,67177963256836;34,03087615966797;25,311138153076172;43,86604309082031;23,084272384643555;78,09326171875;768,1602172851562;193,46031188964844;107,08629608154297;17,983638763427734;0,6647003889083862;21,0;53,527923583984375;17,68865203857422;52,252925872802734;3,4098007678985596;21,76783561706543;58,27000045776367;95,97242736816406;37991,0
2020-06-19;84,15531158447266;171,0711669921875;45,75;29,755706787109375;35,94425964355469;26,048357009887695;47,698551177978516;25,59343147277832;84,38973999023438;817,573974609375;205,56715393066406;114,75929260253906;18,668720245361328;0,6954730749130249;22,350000381469727;53,527923583984375;18,202430725097656;56,221492767333984;3,542175054550171;22,071008682250977;62,185001373291016;104,15441131591797;40952,0
2020-06-22;81,34892272949219;165,84912109375;44,400001525878906;30,25579833984375;36,49094009399414;25,486669540405273;46,59035873413086;26,277748107910156;80,37520599365234;830,0523071289062;196,15072631835938;115,95819854736328;19,182546615600586;0,6893183588981628;21,799999237060547;53,527923583984375;17,651954650878906;58,025386810302734;3,5193519592285156;22,101329803466797;60,8650016784668;101,39025115966797;40344,0
2020-06-23;82,60442352294922;166,6495361328125;44,54999923706055;31,255990982055664;36,67316818237305;25,240930557250977;47,00593185424805;27,0076847076416;83,12199401855469;870,48193359375;198,2930908203125;114,80724334716797;19,610727310180664;0,7200921177864075;21,799999237060547;53,527923583984375;17,21157455444336;60,731239318847656;3,5832571983337402;21,76783561706543;61,11000061035156;100,1739730834961;40804,0
2020-06-24;81,6073989868164;165,5060577392578;44,349998474121094;31,089292526245117;36,67316818237305;24,714345932006836;45,897735595703125;25,684673309326172;80,92455291748047;915,4033813476562;203,72372436523438;112,93695068359375;19,82481575012207;0,7200921177864075;21,25;53,527923583984375;16,734493255615234;58,62668991088867;3,578692674636841;21,313077926635742;59,790000915527344;100,76368713378906;40435,0
2020-06-25;85,85395050048828;173,12950134277344;47,70000076293945;31,005943298339844;37,08318328857422;25,486669540405273;50,19198989868164;26,368989944458008;83,33328247070312;941,8572998046875;206,11520385742188;119,41104888916016;20,467090606689453;0,7385554909706116;22,700000762939453;53,527923583984375;17,284969329833984;61,78351974487305;3,6425979137420654;22,131643295288086;61,845001220703125;111,34127807617188;41997,0
2020-06-26;81,53353881835938;162,26608276367188;45,29999923706055;30,797569274902344;35,85314178466797;24,398395538330078;47,19062423706055;25,867158889770508;81,00907135009766;909,9130249023438;200,28598022460938;113,1767349243164;20,766817092895508;0,717014729976654;21,799999237060547;53,527923583984375;16,95468521118164;61,03187942504883;3,5832571983337402;21,19180679321289;60,8849983215332;104,37554168701172;40590,0
2020-06-29;81,0904312133789;159,55970764160156;45,70000076293945;29,255605697631836;35,352020263671875;23,450542449951172;46,5441780090332;25,54781150817871;79,61454772949219;931,8748168945312;193,5101318359375;114,13585662841797;21,79445457458496;0,710860013961792;21,850000381469727;53,527923583984375;17,028079986572266;59,288116455078125;3,560433864593506;20,85831642150879;61,529998779296875;106,25518798828125;40308,0
2020-06-30;76,21614837646484;152,01242065429688;45,0;27,255224227905273;32,8919563293457;22,221845626831055;44,2816162109375;24,179180145263672;77,07905578613281;913,406982421875;188,57772827148438;109,43614196777344;22,35108757019043;0,680087149143219;20,299999237060547;53,527923583984375;16,220714569091797;57,42409133911133;3,464576482772827;19,918479919433594;60,209999084472656;100,2477035522461;38687,0
2020-07-01;78,24710083007812;157,57757568359375;47,650001525878906;27,130199432373047;34,16755294799805;23,134593963623047;46,821231842041016;24,58976936340332;78,47358703613281;931,3755493164062;192,56350708007812;115,4786376953125;23,121809005737305;0,6831644773483276;20,850000381469727;53,527923583984375;16,404207229614258;57,06331253051758;3,4965286254882812;20,646093368530273;62,30500030517578;103,82273864746094;39847,0
2020-07-02;75,66223907470703;153,5752716064453;46,0;26,838478088378906;33,66642379760742;23,310121536254883;45,8515625;24,68100929260254;80,79779052734375;926,38427734375;192,01547241210938;111,73804473876953;24,534812927246094;0,6831644773483276;21,600000381469727;53,527923583984375;16,294113159179688;58,025386810302734;3,4919636249542236;20,646093368530273;63,31999969482422;101,16911315917969;39501,0
2020-07-03;76,80697631835938;156,5484161376953;47,45000076293945;27,338571548461914;33,39308166503906;23,661176681518555;45,713035583496094;24,68100929260254;82,7416763305664;922,3912353515625;194,55641174316406;113,12877655029297;23,678451538085938;0,686241865158081;21,450000762939453;53,527923583984375;16,734493255615234;59,16786193847656;3,428058385848999;20,85831642150879;62,790000915527344;101,16911315917969;39758,0
2020-07-06;90,50666809082031;182,4683074951172;50,599998474121094;27,130199432373047;34,2586555480957;29,207862854003906;51,715755462646484;27,73762321472168;89,41847229003906;949,8433227539062;211,79495239257812;124,01484680175781;22,950544357299805;0,7139373421669006;23,350000381469727;47,63077926635742;18,49601936340332;60,12994384765625;3,697374105453491;24,98147201538086;67,17500305175781;115,1374282836914;43340,0
2020-07-07;88,549560546875;175,83584594726562;49,79999923706055;26,213359832763672;33,66642379760742;27,87384796142578;50,9307861328125;27,73762321472168;84,43199920654297;915,4033813476562;206,71307373046875;120,37017059326172;22,222631454467773;0,717014729976654;23,25;48,538028717041016;18,422622680664062;59,829288482666016;3,774973154067993;23,708145141601562;66,4000015258789;112,1521224975586;42498,0
2020-07-08;89,3250503540039;178,88525390625;50,900001525878906;26,004985809326172;33,43864059448242;27,628108978271484;50,83843231201172;27,463899612426758;84,51651763916016;910,9112548828125;200,63475036621094;125,64535522460938;22,0085391998291;0,7724066376686096;23,5;48,538028717041016;19,633670806884766;59,829288482666016;3,816054344177246;23,981002807617188;66,98999786376953;113,47894287109375;42748,0
2020-07-13;93,16537475585938;184,48854064941406;51,0;25,54656219482422;33,256412506103516;28,01427459716797;51,02313232421875;27,190168380737305;86,46038818359375;889,44873046875;204,9692840576172;121,8088607788086;22,393903732299805;0,7816386818885803;23,549999237060547;48,538028717041016;20,000654220581055;59,829288482666016;3,8571360111236572;26,04257583618164;68,08999633789062;114,62145233154297;43237,0
2020-07-14;94,45781707763672;187,1186065673828;51,79999923706055;26,42173194885254;33,43864059448242;28,01427459716797;53,05482482910156;27,327035903930664;87,516845703125;886,453857421875;206,26466369628906;122,8159408569336;22,47954559326172;0,7939472794532776;23,149999618530273;48,538028717041016;20,330942153930664;60,43058776855469;3,9256067276000977;25,587818145751953;70,88500213623047;117,01708221435547;44002,0
2020-07-15;97,41193389892578;195,61880493164062;52,70000076293945;27,505271911621094;34,03087615966797;28,43553924560547;55,871482849121094;28,011350631713867;91,86945343017578;900,4295654296875;209,20419311523438;125,59739685058594;22,47954559326172;0,8247210383415222;23,649999618530273;48,538028717041016;20,147449493408203;60,2802619934082;3,9529948234558105;26,64892578125;72,69999694824219;118,52815246582031;45121,0
2020-07-16;97,52268981933594;194,28472900390625;52,349998474121094;27,463598251342773;33,98532485961914;28,75149154663086;55,77914047241211;28,558801651000977;93,98235321044922;907,9166870117188;210,05117797851562;125,21375274658203;22,35108757019043;0,8431843519210815;23,700000762939453;48,538028717041016;19,890560150146484;59,408382415771484;3,9438652992248535;26,16385269165039;73,92500305175781;119,04414367675781;45245,0
2020-07-17;97,19035339355469;195,0089111328125;51,70000076293945;27,922019958496094;34,89645004272461;29,90997314453125;57,16438674926758;28,60442352294922;96,81366729736328;913,906005859375;216,12950134277344;123,4873275756836;21,922914505004883;0,8401070237159729;24,0;48,538028717041016;20,000654220581055;60,12994384765625;4,016899585723877;26,92177963256836;74,56500244140625;117,901611328125;45475,0
2020-07-20;95,63944244384766;189,1007537841797;52,849998474121094;29,422306060791016;35,80759048461914;29,6993408203125;57,07202911376953;28,239456176757812;94,2781753540039;907,4172973632812;221,2113800048828;124,25463104248047;21,965728759765625;0,8124115467071533;23,350000381469727;48,538028717041016;19,633670806884766;59,528648376464844;4,076240062713623;27,61907958984375;75,4000015258789;118,01219177246094;45683,0
2020-07-21;99,47976684570312;194,89456176757812;54,849998474121094;30,214122772216797;36,67316818237305;29,488706588745117;58,91902542114258;29,060636520385742;99,89852142333984;919,8956298828125;226,74166870117188;131,20828247070312;22,09417724609375;0,821643590927124;24,0;48,538028717041016;19,92725944519043;59,829288482666016;4,062546253204346;28,316373825073242;75,8949966430664;119,56011962890625;46781,0
2020-07-22;105,72037506103516;207,7020721435547;56,45000076293945;31,005943298339844;38,859893798828125;30,225927352905273;62,24360656738281;30,79423713684082;106,3640365600586;932,3739624023438;234,1652069091797;130,92054748535156;22,222631454467773;0,8462617993354797;24,5;48,538028717041016;20,58782958984375;59,22798538208008;4,272520065307617;29,195579528808594;76,91000366210938;126,71012878417969;48634,0
2020-07-23;105,64651489257812;206,71099853515625;56,150001525878906;30,130775451660156;37,675418853759766;31,173776626586914;61,689510345458984;30,83985710144043;107,63179016113281;934,370361328125;234,1652069091797;132,59901428222656;22,17981719970703;0,8308757543563843;23,75;48,538028717041016;20,18414878845215;58,746944427490234;4,29990816116333;28,528602600097656;77,31500244140625;128,44235229492188;48408,0
2020-07-24;107,04971313476562;207,4352569580078;57,349998474121094;30,46417236328125;38,085426330566406;31,52482795715332;61,828025817871094;31,11358070373535;108,26567077636719;976,7964477539062;232,72035217285156;138,06602478027344;22,05135726928711;0,8370296955108643;23,850000381469727;48,538028717041016;20,18414878845215;59,769161224365234;4,144710540771484;29,074312210083008;76,69000244140625;127,15242004394531;48605,0
2020-07-27;111,4439468383789;215,21116638183594;55,75;31,88111114501953;39,08767318725586;33,31521987915039;65,47583770751953;31,11358070373535;113,20986938476562;1007,742431640625;226,89112854003906;135,47637939453125;22,0085391998291;0,8554937839508057;23,899999618530273;48,538028717041016;19,780466079711914;61,933837890625;4,089934825897217;30,13541603088379;77,28500366210938;134,19189453125;49450,0
2020-07-28;107,89900970458984;208,69309997558594;54,5;32,42287826538086;38,72322463989258;34,1928596496582;65,66053771972656;30,611751556396484;109,87146759033203;1044,1788330078125;227,19007873535156;129,8175506591797;22,565181732177734;0,9016535878181458;23,799999237060547;48,538028717041016;19,340084075927734;65,24098205566406;4,217745304107666;29,438121795654297;76,7699966430664;129,36378479003906;48934,0
2020-07-29;107,78825378417969;210,2178192138672;53,650001525878906;32,96464920043945;39,81658172607422;33,20989990234375;64,5985107421875;29,836193084716797;112,06890869140625;1059,15283203125;227,0406036376953;131,4001007080078;23,121809005737305;0,9355038404464722;23,200000762939453;48,538028717041016;19,119892120361328;65,84228515625;4,249698162078857;28,71050262451172;75,49500274658203;126,93128204345703;48885,0
2020-07-30;108,63758087158203;205,186279296875;54,54999923706055;33,25637435913086;40,95549774169922;32,40247344970703;65,79906463623047;30,064298629760742;110,71663665771484;1056,6571044921875;226,143798828125;139,025146484375;23,25027084350586;0,9324273467063904;23,399999618530273;48,538028717041016;19,450178146362305;65,09065246582031;4,2907795906066895;27,89193344116211;77,19999694824219;130,9853973388672;49406,0
2020-07-31;110,29924011230469;203,31857299804688;54,20000076293945;33,048004150390625;41,63884735107422;32,472679138183594;65,93759155273438;29,653711318969727;108,68824005126953;1053,6622314453125;220,663330078125;135,5723114013672;24,02099609375;0,9324273467063904;23,700000762939453;48,538028717041016;19,523576736450195;64,63968658447266;4,354684829711914;28,407329559326172;76,0250015258789;128,22125244140625;49254,0
2020-08-03;121,6356430053711;223,0253143310547;59,849998474121094;32,96464920043945;42,823326110839844;34,12264633178711;70,78594207763672;31,524171829223633;115,15373992919922;1117,55078125;229,28262329101562;143,58099365234375;24,96299171447754;0,9632000923156738;24,5;65,45182800292969;20,441038131713867;67,34552764892578;4,646823406219482;30,13541603088379;81,54000091552734;139,2042694091797;52504,0
2020-08-04;117,94300842285156;215,82106018066406;58,95000076293945;32,46455383300781;43,46112060546875;33,1747932434082;68,4310302734375;32,29972839355469;119,29505920410156;1133,02392578125;224,84841918945312;147,2256622314453;25,60527229309082;0,990895688533783;25,549999237060547;65,45182800292969;20,991514205932617;65,99260711669922;4,8659257888793945;29,438121795654297;82,68000030517578;134,67098999023438;52186,0
2020-08-05;114,13958740234375;209,3411102294922;56,900001525878906;31,756086349487305;42,504425048828125;31,805679321289062;67,04578399658203;30,474889755249023;114,8579330444336;1122,0430908203125;221,31103515625;144,8758087158203;25,60527229309082;0,9785869717597961;26,450000762939453;65,45182800292969;20,330942153930664;63,737735748291016;5,002866268157959;28,316373825073242;81,6050033569336;130,0640106201172;50994,0
2020-08-06;115,653564453125;210,59896850585938;57,45000076293945;32,506229400634766;42,549991607666016;31,208879470825195;68,75424194335938;31,022340774536133;124,99992370605469;1119,54736328125;218,0227508544922;146,1226806640625;25,904993057250977;0,9693549871444702;27,600000381469727;65,45182800292969;20,40433692932129;63,43708038330078;4,806585788726807;28,104156494140625;79,7300033569336;129,54803466796875;51084,0
2020-08-07;119,75238037109375;216,6215362548828;58,849998474121094;34,13153839111328;43,643348693847656;30,928037643432617;69,26216888427734;31,706655502319336;124,66185760498047;1142,00830078125;227,3893585205078;145,739013671875;25,648088455200195;1,040132761001587;28,0;82,30081176757812;20,29424285888672;63,737735748291016;4,861362934112549;27,86161994934082;80,87000274658203;132,8650360107422;52326,0
2020-08-10;117,38909912109375;216,4308624267578;58,04999923706055;34,96503448486328;44,78226852416992;30,682296752929688;68,70806884765625;32,34535598754883;123,3095932006836;1149,994140625;219,66688537597656;148,9041290283203;25,690902709960938;1,0555195808410645;27,049999237060547;82,30081176757812;20,40433692932129;63,2867546081543;4,87962007522583;27,982885360717773;79,78500366210938;132,31222534179688;52181,0
2020-08-11;114,28727722167969;208,00706481933594;57,099998474121094;35,04838180541992;47,10566711425781;30,50676918029785;65,79906463623047;31,98038101196289;121,83055114746094;1114,05712890625;214,28607177734375;140,65565490722656;25,56244468688965;1,0278241634368896;25,549999237060547;82,30081176757812;20,22084617614746;62,53514099121094;4,820279598236084;28,073841094970703;75,70999908447266;127,18927001953125;50999,0
2020-08-12;110,29924011230469;196,49549865722656;55,95000076293945;33,58977127075195;45,92118835449219;30,190820693969727;63,72119140625;30,79423713684082;114,94246673583984;1112,0604248046875;207,75933837890625;134,1815643310547;24,063812255859375;0,966277539730072;25,700000762939453;82,30081176757812;19,560272216796875;60,580909729003906;4,637693881988525;27,710031509399414;71,65499877929688;119,56011962890625;48971,0
2020-08-13;110,74234771728516;200,11666870117188;57,900001525878906;33,96484375;46,83231735229492;30,50676918029785;65,06026458740234;31,432931900024414;113,84375;1134,521240234375;207,31094360351562;135,62025451660156;24,449180603027344;0,9816645383834839;25,75;82,30081176757812;19,780466079711914;60,731239318847656;4,697033882141113;27,588764190673828;72,69000244140625;120,7763671875;49627,0
2020-08-14;107,12356567382812;197,94395446777344;57,099998474121094;32,797950744628906;44,5089225769043;29,90997314453125;62,382137298583984;31,66103744506836;111,60406494140625;1121,0447998046875;211,19708251953125;129,1461639404297;23,464359283447266;0,9478132128715515;25,0;82,30081176757812;19,67037010192871;59,528648376464844;4,528141498565674;26,70956039428711;72,38500213623047;115,69026947021484;48548,0
2020-08-18;101,39998626708984;186,88987731933594;55,849998474121094;31,005943298339844;42,2310905456543;31,033355712890625;59,519290924072266;29,471223831176758;112,70277404785156;1085,107421875;204,22195434570312;123,1995849609375;23,036178588867188;0,9201177954673767;23,850000381469727;82,30081176757812;19,083194732666016;58,86720657348633;4,382072925567627;26,557971954345703;70,48500061035156;108,06111907958984;46491,0
2020-08-19;102,06463623046875;188,9863739013672;57,900001525878906;32,38120651245117;43,825565338134766;32,22694396972656;61,27393341064453;29,88181495666504;113,75923919677734;1109,0657958984375;204,7201690673828;124,4944076538086;22,993364334106445;0,9447359442710876;24,600000381469727;82,30081176757812;19,193288803100586;59,408382415771484;4,436849117279053;27,649398803710938;72,12000274658203;111,8941421508789;47472,0
2020-08-20;101,76923370361328;189,7487335205078;58,79999923706055;33,214698791503906;45,4200553894043;32,367366790771484;61,043060302734375;29,836193084716797;115,02698516845703;1108,0673828125;203,9230194091797;122,86389923095703;22,35108757019043;1,0370553731918335;24,5;82,7868423461914;19,523576736450195;58,86720657348633;4,409459590911865;27,28558921813965;72,81500244140625;111,56244659423828;47737,0
2020-08-21;100,29217529296875;187,15672302246094;58,900001525878906;32,922977447509766;44,78226852416992;32,85884475708008;62,61301040649414;29,151880264282227;113,29438781738281;1117,052001953125;203,02621459960938;125,30965423583984;22,47954559326172;1,0493648052215576;24,049999237060547;82,7868423461914;19,633670806884766;58,32604217529297;4,528141498565674;27,649398803710938;71,5199966430664;109,53534698486328;47411,0
2020-08-24;99,84905242919922;185,82261657714844;58,25;32,75627517700195;45,6478385925293;31,243989944458008;61,135414123535156;28,741287231445312;108,56146240234375;1115,5543212890625;186,23606872558594;123,63118743896484;21,409090042114258;1,0899429321289062;23,0;82,7868423461914;19,04649543762207;58,205780029296875;4,519011497497559;26,679241180419922;71,56999969482422;106,51319122314453;46737,0
2020-08-25;98,9259033203125;188,2621612548828;57,75;32,13115692138672;46,55897521972656;31,94610023498535;60,904537200927734;28,285078048706055;110,547607421875;1110,0638427734375;187,4318084716797;117,06119537353516;20,42426872253418;1,0670771598815918;22,299999237060547;82,7868423461914;18,569416046142578;57,72474670410156;4,70616340637207;28,771135330200195;71,7300033569336;110,08822631835938;46579,0
2020-08-26;96,1933364868164;180,6005401611328;58,150001525878906;31,464365005493164;45,4200553894043;31,033355712890625;58,13404846191406;28,741287231445312;105,4343490600586;1110,563232421875;180,05809020996094;114,75929260253906;21,623180389404297;1,0518332719802856;22,200000762939453;82,7868423461914;18,422622680664062;57,36396026611328;4,989172458648682;27,89193344116211;69,92500305175781;106,18148803710938;45832,0
2020-08-27;92,16835021972656;169,0890655517578;57,25;30,04742431640625;43,962242126464844;29,945077896118164;55,54826354980469;28,239456176757812;99,64498138427734;1094,5909423828125;171,53846740722656;108,18928527832031;22,779273986816406;1,0365891456604004;21,549999237060547;82,7868423461914;17,284969329833984;54,718238830566406;5,107853889465332;26,70956039428711;67,48999786376953;99,36316680908203;44255,0
2020-08-28;98,26119995117188;182,1633758544922;59,5;30,75589370727539;43,5522346496582;31,875890731811523;62,24360656738281;30,064298629760742;109,15308380126953;1177,4462890625;175,5242462158203;115,95819854736328;22,47954559326172;1,1318637132644653;22,899999618530273;82,7868423461914;17,87214469909668;57,12343978881836;5,05307674407959;27,740346908569336;71,11499786376953;111,12017822265625;46397,0
2020-08-31;98,48277282714844;184,83155822753906;59,5;31,17264175415039;44,78226852416992;32,05141830444336;63,90589141845703;29,88181495666504;107,58952331542969;1227,359375;173,38189697265625;118,78761291503906;22,565181732177734;1,1814069747924805;22,549999237060547;82,7868423461914;17,76205062866211;57,484222412109375;5,107853889465332;27,073368072509766;72,36000061035156;109,86707305908203;46835,0
2020-09-01;97,44883728027344;184,1073455810547;60,0;30,58919906616211;45,055606842041016;31,033355712890625;61,966556549072266;28,969392776489258;108,18114471435547;1233,847900390625;178,2644805908203;119,55491638183594;22,393903732299805;1,169973373413086;22,100000381469727;82,7868423461914;17,798748016357422;57,18357467651367;5,085029602050781;26,64892578125;72,0199966430664;107,43456268310547;46546,0
2020-09-02;92,94380187988281;179,0377197265625;58,45000076293945;30,005748748779297;43,780025482177734;29,945077896118164;59,3345947265625;28,19383430480957;104,03982543945312;1216,3785400390625;171,78756713867188;113,27264404296875;21,023723602294922;1,1280524730682373;21,850000381469727;82,7868423461914;17,468461990356445;56,161354064941406;4,815715312957764;26,19416618347168;69,2300033569336;103,1224594116211;44878,0
2020-09-03;92,83304595947266;181,6678466796875;58,25;31,589387893676758;43,41556167602539;29,383384704589844;59,3345947265625;27,41827392578125;103,61724090576172;1201,90380859375;165,8088836669922;117,39688110351562;20,723997116088867;1,1356749534606934;21,649999618530273;82,7868423461914;17,39506721496582;55,62019729614258;4,847667217254639;25,70908546447754;67,69000244140625;101,7219467163086;44800,0
2020-09-04;93,12844848632812;179,72381591796875;59,099998474121094;31,92278480529785;44,14447021484375;29,945077896118164;58,73432159423828;27,41827392578125;103,53272247314453;1203,401123046875;165,55978393554688;116,43775939941406;21,2806339263916;1,1509188413619995;21,549999237060547;84,43926239013672;17,17487335205078;55,319541931152344;5,057642459869385;26,285120010375977;67,2249984741211;102,12734985351562;45075,0
2020-09-07;95,97177124023438;183,3831024169922;58,599998474121094;31,547714233398438;44,82781982421875;30,120609283447266;60,073394775390625;27,692001342773438;106,78661346435547;1190,4239501953125;167,1540985107422;117,2050552368164;22,17981719970703;1,1814069747924805;22,149999618530273;84,43926239013672;17,4317626953125;54,77836990356445;5,235664367675781;26,2244815826416;67,71499633789062;104,85467529296875;45691,0
2020-09-08;94,60551452636719;179,6476287841797;59,20000076293945;31,38101577758789;45,10116958618164;29,558916091918945;59,519290924072266;27,783245086669922;106,32177734375;1162,9718017578125;165,95835876464844;116,77345275878906;22,05135726928711;1,173784613609314;21,5;84,43926239013672;18,165733337402344;53,756160736083984;5,468461990356445;25,345279693603516;66,41999816894531;105,26007080078125;45482,0
2020-09-09;97,07957458496094;181,6678466796875;60,5;32,04780960083008;46,2856330871582;29,24296760559082;60,99688720703125;28,011350631713867;105,64563751220703;1178,94384765625;176,1719512939453;116,62958526611328;21,70881462097168;1,1775957345962524;21,799999237060547;79,48196411132812;18,532716751098633;55,01889419555664;5,6327900886535645;25,31496238708496;68,19000244140625;107,58199310302734;46520,0
2020-09-10;98,37200927734375;185,63204956054688;62,0;32,38120651245117;46,65009689331055;28,962127685546875;63,1671028137207;27,920108795166016;106,82887268066406;1217,376708984375;185,58837890625;114,42359924316406;21,409090042114258;1,1928397417068481;22,299999237060547;71,38504791259766;18,936399459838867;54,958763122558594;5,641919136047363;25,405914306640625;66,91999816894531;109,53534698486328;46869,0
2020-09-11;94,23623657226562;177,89422607421875;60,95000076293945;32,29785919189453;45,73895263671875;28,716386795043945;60,5813102722168;27,646381378173828;111,39276885986328;1219,3734130859375;177,51715087890625;115,76636505126953;20,85245132446289;1,1775957345962524;21,899999618530273;72,7070083618164;18,49601936340332;55,1391487121582;5,413686275482178;24,769250869750977;66,81500244140625;106,36579132080078;45840,0
2020-09-14;89,435791015625;172,4052734375;59,099998474121094;31,756086349487305;45,73895263671875;28,540855407714844;57,764652252197266;27,144548416137695;108,35016632080078;1206,395751953125;182,20046997070312;114,27973175048828;20,167356491088867;1,1356749534606934;21,25;71,55029296875;18,1290340423584;53,756160736083984;5,208276271820068;24,46607780456543;64,94000244140625;101,8693618774414;44614,0
2020-09-15;87,55255889892578;171,33798217773438;58,849998474121094;32,589576721191406;45,8300666809082;28,01427459716797;57,67230224609375;27,144548416137695;111,05469512939453;1189,924560546875;195,4532012939453;112,5053482055664;19,91045570373535;1,1089982986450195;21,200000762939453;70,72407531738281;17,68865203857422;52,192787170410156;5,263051509857178;24,25385856628418;65,44000244140625;98,55232238769531;44628,0
2020-09-16;79,65028381347656;157,00582885742188;56,650001525878906;32,96464920043945;45,01005172729492;27,171735763549805;53,79362487792969;25,09160041809082;102,47626495361328;1111,0623779296875;185,38909912109375;105,21599578857422;19,39664077758789;1,0403996706008911;19,850000381469727;69,07164764404297;16,551000595092773;51,110443115234375;4,902443885803223;23,13211441040039;61,3849983215332;90,18610382080078;42168,0
2020-09-17;75,36685180664062;151,97433471679688;55,099998474121094;29,880725860595703;39,63434982299805;26,36431121826172;48,89909362792969;24,13355827331543;92,67236328125;1057,6553955078125;186,23606872558594;101,09175872802734;18,3261775970459;0,9832348227500916;18,649999618530273;69,07164764404297;15,413348197937012;50,20849609375;4,445978164672852;22,859256744384766;58,025001525878906;86,72164154052734;39800,0
2020-09-18;79,35490417480469;159,94090270996094;58,79999923706055;30,922592163085938;40,54548645019531;27,20684242248535;50,099639892578125;25,59343147277832;96,4756088256836;1128,03271484375;193,55996704101562;108,28520202636719;17,940818786621094;1,009912371635437;21,0;69,07164764404297;16,807889938354492;51,110443115234375;4,528141498565674;23,617191314697266;59,67499923706055;90,8494873046875;41484,0
2020-09-21;78,06246948242188;156,35781860351562;59,04999923706055;29,505657196044922;39,17878723144531;27,031314849853516;49,40701675415039;25,13722038269043;98,88432312011719;1127,5335693359375;192,8126220703125;112,21760559082031;17,212907791137695;0,9908571243286133;20,600000381469727;69,07164764404297;17,17487335205078;50,809791564941406;4,37750768661499;24,102270126342773;57,26499938964844;89,08041381835938;40745,0
2020-09-22;77,13928985595703;156,5102996826172;60,400001525878906;30,005748748779297;40,636600494384766;27,698322296142578;47,2368049621582;26,09526252746582;100,57465362548828;1120,0462646484375;194,60623168945312;113,27264404296875;17,427000045776367;1,017533779144287;21,450000762939453;69,07164764404297;17,17487335205078;50,02811050415039;4,4733662605285645;24,375123977661133;55,94499969482422;89,44896697998047;40945,0
2020-09-23;76,21614837646484;153,38467407226562;57,650001525878906;31,756086349487305;42,41331481933594;27,522796630859375;45,5283317565918;26,368989944458008;96,34882354736328;1137,51611328125;197,5955810546875;117,10914611816406;18,754362106323242;1,0251563787460327;22,0;69,07164764404297;17,17487335205078;50,809791564941406;4,62399959564209;23,768783569335938;54,90999984741211;86,86907958984375;40974,0
2020-09-24;81,71817016601562;158,6829833984375;58,0;31,964460372924805;42,9144401550293;28,04937744140625;48,668216705322266;26,96206283569336;100,49014282226562;1149,4951171875;192,86245727539062;113,70425415039062;18,797182083129883;1,0518332719802856;22,450000762939453;69,07164764404297;17,61525535583496;52,07252883911133;4,77919864654541;24,52671241760254;55,10499954223633;90,96005249023438;41876,0
2020-09-25;79,39181518554688;161,42745971679688;60,29999923706055;32,42287826538086;43,23333740234375;29,558916091918945;48,06795120239258;28,148212432861328;103,49047088623047;1154,9854736328125;190,02256774902344;113,8481216430664;18,754362106323242;1,048021912574768;22,5;69,07164764404297;18,2391300201416;51,110443115234375;4,829409122467041;26,436702728271484;54,11000061035156;91,7708740234375;42043,0
2020-09-28;78,2840347290039;160,20767211914062;60,400001525878906;33,25637435913086;44,14447021484375;28,43553924560547;47,0982780456543;27,463899612426758;104,03982543945312;1169,959228515625;193,11155700683594;114,1838150024414;18,8828182220459;1,017533779144287;22,25;69,07164764404297;18,165733337402344;51,110443115234375;4,815715312957764;24,98147201538086;54,560001373291016;91,58660888671875;42078,0
2020-09-29;79,17024993896484;160,0552215576172;60,45000076293945;34,13153839111328;45,37450408935547;27,87384796142578;48,391170501708984;28,376317977905273;104,42015075683594;1155,9840087890625;187,631103515625;113,27264404296875;18,411819458007812;0,9870458841323853;21,799999237060547;69,07164764404297;18,1290340423584;51,411094665527344;4,806585788726807;24,52671241760254;53,970001220703125;90,4072265625;42197,0
2020-09-30;78,21016693115234;158,26373291015625;59,650001525878906;32,29785919189453;42,64109802246094;28,11958885192871;47,79090118408203;27,509517669677734;109,49114990234375;1126,5352783203125;183,34637451171875;111,83395385742188;18,497455596923828;0,9641802906990051;22,75;69,07164764404297;18,1290340423584;53,57577133178711;4,573788166046143;24,46607780456543;51,66999816894531;89,55953979492188;41261,0
2020-10-01;80,46267700195312;163,7907257080078;61,70000076293945;33,548095703125;43,73446273803711;30,33123779296875;50,00728988647461;28,558801651000977;110,88566589355469;1142,00830078125;193,9585418701172;119,93856811523438;18,668720245361328;1,017533779144287;23,299999237060547;69,07164764404297;18,826305389404297;54,718238830566406;4,7837629318237305;25,83035659790039;54,959999084472656;92,50798034667969;42916,0
2020-10-02;80,8319320678711;163,257080078125;64,55000305175781;34,173213958740234;45,46561813354492;30,050395965576172;49,822593688964844;28,969392776489258;114,77342987060547;1131,5267333984375;200,53509521484375;121,61703491210938;18,668720245361328;1,0327781438827515;23,350000381469727;69,07164764404297;19,009798049926758;54,77836990356445;4,797456741333008;25,921308517456055;56,0;94,46134185791016;43654,0
2020-10-05;79,6134033203125;161,35121154785156;65,8499984741211;35,34010696411133;46,37675857543945;30,50676918029785;48,11412048339844;28,92377471923828;120,14022064208984;1132,025634765625;204,91946411132812;124,35053253173828;18,540271759033203;1,0442107915878296;23,100000381469727;69,07164764404297;19,119892120361328;54,53785705566406;4,9207024574279785;26,679241180419922;57,900001525878906;95,7144546508789;44273,0
2020-10-06;77,69318389892578;159,17852783203125;63,150001525878906;39,50757598876953;48,47236251831055;31,208879470825195;46,082435607910156;29,60808753967285;122,21088409423828;1113,0587158203125;210,5493927001953;125,74127197265625;18,62590980529785;0,9946684241294861;21,950000762939453;69,07164764404297;19,009798049926758;53,81629180908203;4,824844837188721;26,73987579345703;56,099998474121094;92,3974380493164;44438,0
2020-10-07;78,65328979492188;160,7413330078125;63,849998474121094;39,71595001220703;49,20126724243164;32,22694396972656;46,17477798461914;30,702993392944336;121,70377349853516;1090,0989990234375;210,49957275390625;123,1995849609375;18,540271759033203;0,9756131768226624;21,5;69,07164764404297;18,2391300201416;53,87641906738281;4,838538646697998;27,164321899414062;56,7599983215332;91,43917846679688;44740,0
2020-10-08;81,20120239257812;165,39166259765625;64,80000305175781;38,715755462646484;48,29013442993164;33,10457992553711;47,28297424316406;31,250446319580078;124,36605072021484;1098,084716796875;220,0654754638672;124,63827514648438;19,182546615600586;1,006101131439209;21,850000381469727;69,07164764404297;18,2391300201416;53,99668502807617;4,8339738845825195;27,649398803710938;58,64500045776367;94,42450714111328;45482,0
2020-10-09;79,6134033203125;166,192138671875;66,6500015258789;39,007476806640625;48,10791015625;33,947120666503906;47,4214973449707;30,702993392944336;122,39065551757812;1061,1490478515625;225,19717407226562;128,52273559570312;19,39664077758789;0,9984786510467529;22,299999237060547;76,0118637084961;18,05563735961914;53,87641906738281;4,893314838409424;28,407329559326172;61,060001373291016;95,16161346435547;45856,0
2020-10-13;79,6134033203125;163,02842712402344;71,05000305175781;38,215660095214844;46,55897521972656;34,89497375488281;46,45182800292969;31,75227928161621;120,69620513916016;1048,1719970703125;230,7274627685547;137,010986328125;21,2806339263916;1,0289669036865234;22,75;76,0118637084961;18,78960609436035;52,97447967529297;4,829409122467041;28,498281478881836;59,45500183105469;93,68738555908203;45995,0
2020-10-14;79,5764389038086;163,98133850097656;75,0999984741211;39,67427062988281;48,01679611206055;35,77260971069336;47,0982780456543;33,257774353027344;124,95404052734375;1087,60302734375;237,50331115722656;144,060546875;22,09417724609375;1,0365891456604004;23,850000381469727;76,0118637084961;19,340084075927734;53,81629180908203;4,856796741485596;29,589704513549805;61,14500045776367;96,34100341796875;47295,0
2020-10-15;81,01658630371094;169,43214416503906;77,3499984741211;41,34125900268555;49,29237747192383;35,52687072753906;48,575870513916016;32,755943298339844;129,08152770996094;1078,11962890625;236,50686645507812;149,19187927246094;22,52235984802246;1,0518332719802856;24,75;76,0118637084961;19,303382873535156;55,01889419555664;4,893314838409424;30,923667907714844;61,70500183105469;98,66291046142578;48239,0
2020-10-16;84,413818359375;175,34030151367188;78,0999984741211;42,591495513916016;48,92793273925781;34,649234771728516;50,60755920410156;32,80156707763672;132,9048614501953;1110,563232421875;239,24710083007812;151,87742614746094;22,607994079589844;1,0365891456604004;26,399999618530273;76,0118637084961;19,376781463623047;55,319541931152344;4,811150550842285;30,953983306884766;60,70000076293945;105,1126708984375;49024,0
2020-10-19;85,18928527832031;176,44573974609375;78,8499984741211;41,34125900268555;46,37675857543945;34,47370529174805;52,685428619384766;34,03333282470703;136,38064575195312;1141,010009765625;242,7346649169922;156,76895141601562;23,592809677124023;1,0670771598815918;29,049999237060547;76,0118637084961;20,77132225036621;57,12343978881836;4,843103408813477;32,136356353759766;58,994998931884766;104,89154052734375;49162,0
2020-10-20;84,00761413574219;171,60482788085938;81,19999694824219;42,75819396972656;46,46786880493164;34,82475662231445;52,038978576660156;35,584449768066406;132,77452087402344;1205,3975830078125;256,0372314453125;159,8861083984375;23,07900047302246;1,078510046005249;29,5;76,0118637084961;21,615386962890625;56,40188217163086;4,934396743774414;34,44047546386719;59,744998931884766;104,78096771240234;49684,0
2020-10-21;84,93080139160156;172,67210388183594;79,55000305175781;43,84173583984375;47,56122970581055;35,94813919067383;52,823951721191406;35,94942092895508;135,51170349121094;1217,376708984375;264,80596923828125;157,05670166015625;23,25027084350586;1,0861315727233887;28,950000762939453;76,0118637084961;21,982372283935547;56,221492767333984;5,002866268157959;33,4703254699707;58,654998779296875;107,65572357177734;50089,0
2020-10-22;88,549560546875;179,0377197265625;84,30000305175781;44,5085334777832;47,65233612060547;36,43962097167969;54,71711730957031;37,181190490722656;137,11924743652344;1282,7626953125;268,9910583496094;163,626708984375;23,464359283447266;1,078510046005249;29,25;76,0118637084961;22,532848358154297;58,32604217529297;4,925267696380615;32,5608024597168;62,26499938964844;115,0637435913086;51672,0
2020-10-23;87,7371826171875;178,0847930908203;85,44999694824219;48,00920104980469;48,10791015625;39,59912109375;54,76329040527344;37,40929412841797;139,8129425048828;1292,7451171875;263,2116394042969;166,50408935546875;23,335906982421875;1,0937540531158447;30,549999237060547;76,0118637084961;22,716341018676758;57,42409133911133;5,080466270446777;33,621910095214844;64,05000305175781;115,7271499633789;52513,0
2020-10-26;82,86289978027344;165,16299438476562;81,5;46,75896072387695;46,74120330810547;37,49278259277344;50,60755920410156;36,26876449584961;128,21258544921875;1231,3521728515625;238,74887084960938;151,1580810546875;23,764089584350586;1,0594547986984253;29,450000762939453;76,0118637084961;21,39519691467285;54,477725982666016;4,838538646697998;30,923667907714844;59,494998931884766;106,36579132080078;49597,0
2020-10-27;78,32096862792969;156,16725158691406;77,6500015258789;42,591495513916016;45,23783874511719;34,47370529174805;47,74472427368164;33,80522537231445;120,95690155029297;1202,902099609375;221,56015014648438;140,99134826660156;22,17981719970703;1,009912371635437;27,649999618530273;76,0118637084961;20,074052810668945;52,13265609741211;4,847667217254639;29,498748779296875;56,20500183105469;99,36316680908203;46708,0
2020-10-28;72,3388671875;141,9113006591797;69,75;40,882835388183594;42,823326110839844;32,472679138183594;46,17477798461914;31,15920639038086;115,74324035644531;1138,5142822265625;204,57070922851562;137,63441467285156;20,980911254882812;0,9222593903541565;25,700000762939453;69,40213012695312;19,193288803100586;52,91434860229492;4,560094356536865;28,286060333251953;51,099998474121094;90,14920043945312;43533,0
2020-10-29;74,25904846191406;146,5235595703125;70,8499984741211;42,75819396972656;44,4633674621582;34,71944046020508;49,36083984375;32,98405075073242;117,2204360961914;1154,9854736328125;206,21484375;147,8970489501953;21,880083084106445;0,9298810362815857;26,75;69,40213012695312;19,707067489624023;53,51564025878906;4,738116264343262;31,711917877197266;51,505001068115234;91,58660888671875;44914,0
2020-10-30;71,19415283203125;141,8732147216797;73,05000305175781;48,259254455566406;46,83231735229492;34,40349197387695;47,79090118408203;31,11358070373535;116,48184204101562;1153,9873046875;195,5528564453125;146,69815063476562;21,880083084106445;0,9070154428482056;26,450000762939453;69,40213012695312;19,193288803100586;53,6960334777832;4,7837629318237305;33,80381393432617;51,040000915527344;92,50798034667969;45290,0
2020-11-02;79,65028381347656;155,51925659179688;74,94999694824219;48,092552185058594;46,923439025878906;37,77362823486328;52,91630172729492;31,889142990112305;119,26246643066406;1236,34375;207,80917358398438;154,22727966308594;23,378721237182617;0,9527475833892822;27,0;69,40213012695312;20,47773551940918;54,29734420776367;4,975478172302246;39,260929107666016;52,14500045776367;102,93817901611328;47468,0
2020-11-03;80,38883209228516;156,3197021484375;74,94999694824219;47,675804138183594;45,46561813354492;38,58106231689453;52,777774810791016;33,48588180541992;124,82368469238281;1269,78564453125;204,22195434570312;157,05670166015625;23,806907653808594;0,9870458841323853;27,25;69,40213012695312;20,697927474975586;55,319541931152344;5,089595794677734;35,77444076538086;54,529998779296875;102,49589538574219;47965,0
2020-11-04;79,28101348876953;151,97433471679688;77,0;45,42537307739258;45,055606842041016;37,56299591064453;51,80810546875;32,43659591674805;123,43339538574219;1255,809814453125;200,68455505371094;149,19187927246094;23,592809677124023;0,9718018770217896;26,600000381469727;69,40213012695312;20,29424285888672;53,03459930419922;4,856796741485596;33,95540237426758;53,44499969482422;100,43199920654297;47028,0
2020-11-05;84,93080139160156;161,54180908203125;75,94999694824219;46,092166900634766;45,32894515991211;38,93211364746094;53,655094146728516;33,66836929321289;124,17198944091797;1257,30712890625;204,07249450683594;150,05508422851562;23,97817611694336;0,9946684241294861;27,450000762939453;69,40213012695312;20,954814910888672;54,116943359375;5,080466270446777;34,9255485534668;57,06999969482422;106,0340576171875;48501,0
2020-11-06;85,11540222167969;163,1808624267578;78,5999984741211;45,59207534790039;45,51117706298828;38,159793853759766;52,685428619384766;35,082618713378906;120,82656860351562;1254,3125;205,71661376953125;153,45997619628906;23,93536376953125;1,009912371635437;27,950000762939453;69,40213012695312;21,248403549194336;55,01889419555664;5,016560077667236;35,592533111572266;55,540000915527344;105,29695892333984;48493,0
2020-11-09;90,3220443725586;173,92996215820312;76,5;44,675228118896484;45,92118835449219;39,63422775268555;55,31739044189453;34,48954772949219;117,69834899902344;1261,79931640625;210,6988525390625;148,76026916503906;24,7489070892334;1,048021912574768;27,600000381469727;77,16857147216797;21,28510093688965;54,05681228637695;5,066771507263184;35,6834831237793;60,875;113,07351684570312;49650,0
2020-11-10;95,08556365966797;187,04238891601562;78,5999984741211;43,75838851928711;44,7367057800293;39,493804931640625;59,56547164916992;35,265106201171875;121,39137268066406;1265,7923583984375;224,69895935058594;149,91122436523438;24,83454132080078;1,0632660388946533;28,799999237060547;77,16857147216797;21,798879623413086;54,597984313964844;5,2676167488098145;37,441890716552734;70,33999633789062;120,03927612304688;51819,0
2020-11-11;92,83304595947266;180,75302124023438;80,94999694824219;43,75838851928711;45,4200553894043;39,31827926635742;57,21055221557617;34,307064056396484;129,47254943847656;1261,79931640625;217,37506103515625;154,1793212890625;24,7489070892334;1,0327781438827515;28,899999618530273;79,9776840209961;22,165864944458008;54,718238830566406;5,468461990356445;37,1083984375;67,01499938964844;116,02197265625;51435,0
2020-11-12;87,95874786376953;171,0711669921875;77,80000305175781;42,25810241699219;45,1467170715332;37,94915771484375;53,74744415283203;32,80156707763672;128,0822296142578;1269,78564453125;203,12586975097656;152,88449096679688;24,363548278808594;1,017533779144287;27,75;79,9776840209961;20,58782958984375;53,15486526489258;5,317828178405762;35,95634078979492;64,88500213623047;109,8302230834961;49553,0
2020-11-13;89,02960205078125;173,20574951171875;78,3499984741211;40,882835388183594;45,01005172729492;37,00130844116211;55,31739044189453;32,98405075073242;126,51813507080078;1306,7210693359375;202,67745971679688;151,58969116210938;24,83454132080078;1,0327781438827515;27,399999618530273;79,9776840209961;20,441038131713867;54,417598724365234;5,290439605712891;37,70906448364258;67,38500213623047;113,51578521728516;49896,0
2020-11-16;91,46676635742188;173,3201141357422;80,44999694824219;41,63298416137695;45,46561813354492;38,756587982177734;55,64060974121094;34,26144027709961;130,6021728515625;1316,20458984375;205,71661376953125;150,58261108398438;24,87735939025879;1,017533779144287;27,75;79,31672668457031;20,47773551940918;53,756160736083984;5,463897228240967;38,84709930419922;70,1050033569336;115,28486633300781;51085,0
2020-11-17;93,8669662475586;178,23724365234375;79,94999694824219;42,591495513916016;45,37450408935547;40,93313980102539;56,74880599975586;34,808895111083984;136,07652282714844;1294,242919921875;200,43544006347656;155,95370483398438;24,83454132080078;1,009912371635437;27,5;79,31672668457031;20,551132202148438;53,87641906738281;5,623660087585449;40,69257736206055;71,80999755859375;117,82794189453125;51912,0
2020-11-18;91,5775375366211;172,55775451660156;78,3499984741211;42,34144973754883;45,01005172729492;42,33736038208008;53,93214797973633;33,85084915161133;134,4689483642578;1284,7591552734375;206,56361389160156;151,11012268066406;24,7489070892334;0,9832348227500916;27,549999237060547;79,31672668457031;19,817163467407227;53,81629180908203;5,6190948486328125;43,0916748046875;72,56999969482422;112,1521224975586;51296,0
2020-11-19;92,27912902832031;174,04432678222656;78,05000305175781;41,75800323486328;43,780025482177734;40,93313980102539;53,14717102050781;34,90013122558594;132,29660034179688;1296,2391357421875;212,8412322998047;148,42457580566406;24,320722579956055;0,9832348227500916;26,700000762939453;79,31672668457031;19,596973419189453;53,33525466918945;5,477590560913086;44,59880828857422;70,8949966430664;112,41012573242188;50950,0
2020-11-20;91,68831634521484;179,152099609375;80,5999984741211;42,008052825927734;43,73446273803711;42,12672805786133;53,19335174560547;33,8964729309082;134,90342712402344;1291,248046875;215,03341674804688;154,89866638183594;24,1922664642334;0,9718018770217896;25,950000762939453;79,31672668457031;19,376781463623047;52,3731803894043;5,477590560913086;43,30698776245117;72,74500274658203;113,99491882324219;51492,0
2020-11-24;97,33805847167969;192,3407440185547;83,44999694824219;43,258296966552734;44,69115447998047;41,880985260009766;55,54826354980469;34,763267517089844;143,1149444580078;1283,26171875;232,47125244140625;161,85232543945312;24,106632232666016;0,9946684241294861;26,5;79,31672668457031;19,817163467407227;52,01240158081055;5,57344913482666;42,69182586669922;80,3550033569336;121,40291595458984;54136,0
2020-11-25;96,85801696777344;192,9124755859375;83,0999984741211;44,00843811035156;46,37675857543945;41,10866165161133;56,14853286743164;35,630069732666016;145,37420654296875;1268,787109375;238,6492156982422;160,22181701660156;23,806907653808594;0,9870458841323853;26,450000762939453;79,31672668457031;19,963956832885742;52,13265609741211;5,568884372711182;41,70758056640625;77,1500015258789;122,6560287475586;54151,0
2020-11-26;97,07957458496094;193,78916931152344;83,19999694824219;45,008628845214844;48,19902420043945;41,52992630004883;56,5179328918457;34,94575500488281;146,63417053222656;1253,813232421875;233,61715698242188;162,0441436767578;23,54999542236328;0,9984786510467529;26,450000762939453;79,31672668457031;19,963956832885742;53,63590621948242;5,509543418884277;40,90787124633789;77,98500061035156;122,91400909423828;54466,0
2020-11-27;100,51373291015625;197,37220764160156;82,9000015258789;44,4251823425293;48,74570083618164;40,72249984741211;57,90317916870117;35,584449768066406;149,45823669433594;1309,715576171875;238,499755859375;158,59130859375;24,534812927246094;0,9984786510467529;27,399999618530273;79,31672668457031;21,431894302368164;53,33525466918945;5,550625801086426;40,3542366027832;81,26499938964844;129,06895446777344;55427,0
2020-11-30;96,45181274414062;188,49087524414062;84,6500015258789;45,25867462158203;47,925682067871094;41,2139778137207;55,59444046020508;35,99504089355469;148,98031616210938;1299,2340087890625;246,770263671875;155,8577880859375;24,449180603027344;0,9832348227500916;26,649999618530273;79,31672668457031;21,46859359741211;54,116943359375;5,536931991577148;39,3699836730957;76,54000091552734;126,48900604248047;54573,0
2020-12-01;97,59654998779297;187,23300170898438;84,0;45,67542266845703;48,10791015625;41,52992630004883;55,59444046020508;35,265106201171875;147,72035217285156;1316,7037353515625;242,93394470214844;160,941162109375;25,60527229309082;1,009912371635437;27,100000381469727;79,31672668457031;22,973228454589844;54,05681228637695;5,5232367515563965;39,4007453918457;78,83999633789062;125,56761169433594;54913,0
2020-12-02;98,1873779296875;189,52005004882812;82,5999984741211;46,25886917114258;48,29013442993164;40,968238830566406;57,81082534790039;36,95308303833008;146,8513946533203;1346,15234375;252,0514373779297;161,66049194335938;25,519634246826172;1,0365891456604004;27,600000381469727;79,31672668457031;23,48700714111328;53,99668502807617;5,541496753692627;39,52377700805664;78,0999984741211;125,0885009765625;55269,0
2020-12-03;98,22428131103516;186,20382690429688;83,75;46,25886917114258;47,56122970581055;41,143768310546875;55,91766357421875;37,08994674682617;149,28445434570312;1351,1434326171875;261,66717529296875;160,8931884765625;25,34836196899414;1,0403996706008911;27,649999618530273;79,31672668457031;23,009929656982422;54,417598724365234;5,559755325317383;43,1224365234375;76,00499725341797;124,16712188720703;55152,0
2020-12-04;96,15642547607422;185,78451538085938;82,44999694824219;45,091976165771484;47,56122970581055;42,12672805786133;55,1326904296875;36,223148345947266;148,02447509765625;1345,6529541015625;256,53546142578125;161,61253356933594;24,149456024169922;1,0289669036865234;27,0;80,47343444824219;22,20256233215332;55,079017639160156;5,57344913482666;41,061668395996094;78,1449966430664;124,20394897460938;54730,0
2020-12-09;92,1314468383789;176,94126892089844;76,30000305175781;42,67484664916992;44,60004806518555;41,354400634765625;53,42422103881836;34,17020034790039;141,0294952392578;1375,600830078125;239,64566040039062;151,9253692626953;23,678451538085938;0,9870458841323853;26,299999237060547;80,47343444824219;21,175004959106445;52,31304931640625;5,422815322875977;42,0766716003418;73,30999755859375;117,27506256103516;51957,0
2020-12-10;95,82408142089844;180,02879333496094;81,0999984741211;45,091976165771484;45,6478385925293;41,10866165161133;54,11684036254883;35,49320602416992;145,72177124023438;1399,06005859375;234,11538696289062;151,6855926513672;24,149456024169922;1,0022900104522705;26,25;80,47343444824219;21,57868766784668;52,13265609741211;5,5232367515563965;43,060916900634766;77,69499969482422;118,56503295898438;53690,0
2020-12-11;95,04862213134766;179,76199340820312;80,0;45,67542266845703;45,055606842041016;41,07355880737305;56,3794059753418;35,31072235107422;145,89556884765625;1381,0911865234375;244,72755432128906;155,80982971191406;23,97817611694336;0,9908571243286133;26,149999618530273;80,47343444824219;21,982372283935547;51,71175003051758;5,509543418884277;42,44576644897461;77,48500061035156;118,85987091064453;53822,0
2020-12-14;93,8300552368164;176,56011962890625;81,0;43,59169006347656;43,73446273803711;41,2139778137207;55,40974044799805;34,580787658691406;145,50454711914062;1377,0982666015625;233,9160919189453;152,5008544921875;24,063812255859375;0,9603691101074219;25,799999237060547;80,47343444824219;21,9456729888916;53,0947380065918;5,441072940826416;40,10817337036133;77,95999908447266;115,61656188964844;53034,0
2020-12-15;94,71627807617188;178,3135223388672;80,0;44,4251823425293;43,73446273803711;40,26612854003906;55,40974044799805;33,98771286010742;147,37277221679688;1415,0321044921875;231,57443237304688;159,16676330566406;23,806907653808594;0,9756131768226624;26,049999237060547;80,47343444824219;22,129165649414062;53,51564025878906;5,509543418884277;41,215457916259766;77,16500091552734;117,49620056152344;53280,0
2020-12-16;93,97775268554688;179,22830200195312;80,5;44,591880798339844;44,78226852416992;38,82679748535156;55,086517333984375;33,34901809692383;149,32789611816406;1444,480712890625;224,30038452148438;158,54335021972656;23,54999542236328;0,9756131768226624;25,899999618530273;80,47343444824219;21,798879623413086;52,31304931640625;5,486720561981201;40,969390869140625;77,87999725341797;113,58948516845703;53206,0
2020-12-17;93,4607925415039;178,35159301757812;82,69999694824219;43,84173583984375;45,46561813354492;38,93211364746094;55,59444046020508;34,03333282470703;154,62843322753906;1469,936279296875;216,52809143066406;154,56297302246094;22,993364334106445;0,9718018770217896;26,200000762939453;80,47343444824219;21,32179832458496;52,01240158081055;5,52780294418335;40,69257736206055;77,16000366210938;110,60420227050781;53116,0
2020-12-18;90,02664184570312;173,6250457763672;81,4000015258789;42,75819396972656;45,51117706298828;38,40553283691406;53,655094146728516;34,307064056396484;156,3228759765625;1482,41455078125;218,17221069335938;151,8294677734375;22,222631454467773;0,9679914712905884;25,649999618530273;80,47343444824219;20,7346248626709;53,0947380065918;5,578012466430664;40,754085540771484;76,25499725341797;107,36084747314453;52347,0
2020-12-21;88,36495208740234;165,01048278808594;76,30000305175781;40,632789611816406;43,051109313964844;37,17683410644531;51,20783615112305;33,30339813232422;149,24099731445312;1476,92431640625;202,82693481445312;144,2044219970703;22,05135726928711;0,9298810362815857;24,850000381469727;80,47343444824219;19,92725944519043;52,01240158081055;5,477590560913086;40,69257736206055;72,05500030517578;105,66549682617188;50160,0
2020-12-22;89,10346984863281;167,9074249267578;75,44999694824219;41,299583435058594;44,554481506347656;38,019371032714844;52,1775016784668;33,0296745300293;148,58929443359375;1492,3970947265625;195,95143127441406;143,8687286376953;23,036178588867188;0,9375033974647522;24,899999618530273;80,47343444824219;19,413480758666992;52,01240158081055;5,564319133758545;39,308467864990234;70,63500213623047;108,8719711303711;50407,0
2020-12-23;92,75918579101562;172,4052734375;76,5999984741211;40,46609115600586;44,14447021484375;39,1778564453125;55,59444046020508;34,215816497802734;153,41192626953125;1541,81103515625;192,3144073486328;147,03384399414062;23,806907653808594;0,9679914712905884;25,75;80,47343444824219;19,560272216796875;52,01240158081055;5,696694850921631;39,769832611083984;73,88500213623047;113,62633514404297;51619,0
2020-12-28;92,53762817382812;170,308837890625;74,30000305175781;39,17417526245117;42,777774810791016;40,93313980102539;53,93214797973633;33,0296745300293;150,6313018798828;1565,76904296875;188,32861328125;140,99134826660156;24,149456024169922;0,9565577507019043;26,049999237060547;80,47343444824219;19,450178146362305;52,01240158081055;5,568884372711182;39,92362976074219;70,53500366210938;110,9727554321289;50484,0
2020-12-29;94,82706451416016;175,53089904785156;76,0999984741211;39,007476806640625;43,09666442871094;42,7235221862793;55,871482849121094;32,98405075073242;151,41334533691406;1570,26123046875;198,1436309814453;146,02676391601562;24,491994857788086;0,9527475833892822;29,700000762939453;80,47343444824219;20,84471893310547;51,9522705078125;5,6190948486328125;38,66255187988281;70,6500015258789;114,03175354003906;51320,0
2020-12-30;92,86996459960938;173,281982421875;77,6500015258789;38,54905700683594;43,00555419921875;45,286231994628906;57,718475341796875;32,755943298339844;157,06149291992188;1593,2215576171875;195,95143127441406;146,8899688720703;24,87735939025879;0,9489363431930542;28,600000381469727;80,47343444824219;21,46859359741211;52,79408645629883;5,623660087585449;39,98514175415039;69,38500213623047;114,73202514648438;51227,0
2021-01-04;91,02362823486328;166,6495361328125;76,69999694824219;41,466285705566406;43,962242126464844;44,7596435546875;56,5179328918457;33,713985443115234;150,50096130371094;1584,7362060546875;186,88375854492188;148,76026916503906;24,491994857788086;0,9222593903541565;28,100000381469727;80,47343444824219;21,46859359741211;52,49344253540039;5,482155799865723;39,64680480957031;67,625;112,22583770751953;50731,0
2021-01-05;91,31905364990234;168,36483764648438;78,0;43,59169006347656;46,46786880493164;45,98834228515625;56,05618667602539;35,0369987487793;152,1085205078125;1569,2630615234375;192,3144073486328;151,54173278808594;24,106632232666016;0,9260698556900024;27,75;80,47343444824219;21,431894302368164;52,85421371459961;5,463897228240967;39,18544006347656;69,02999877929688;110,64102935791016;51595,0
2021-01-06;90,87594604492188;166,3064727783203;77,69999694824219;45,67542266845703;48,10791015625;46,620243072509766;55,825313568115234;34,12458038330078;152,36920166015625;1572,2579345703125;193,75924682617188;147,4654541015625;24,40635871887207;0,933692216873169;27,549999237060547;80,47343444824219;21,32179832458496;52,31304931640625;5,509543418884277;39,2161979675293;69,43000030517578;109,27738189697266;51880,0
2021-01-07;91,50370025634766;169,58456420898438;79,44999694824219;46,008819580078125;48,381248474121094;48,41062927246094;55,31739044189453;33,94209289550781;151,15267944335938;1567,7657470703125;200,036865234375;153,22019958496094;24,106632232666016;0,9298810362815857;27,149999618530273;80,47343444824219;21,064910888671875;51,9522705078125;5,504978656768799;41,95363998413086;72,31999969482422;107,58199310302734;52501,0
2021-01-08;90,58052062988281;168,8984832763672;76,69999694824219;46,008819580078125;48,65458679199219;47,67341232299805;54,99415969848633;33,48588180541992;144,63560485839844;1585,734375;199,23971557617188;149,3357391357422;24,106632232666016;0,9184482097625732;26,899999618530273;80,47343444824219;20,441038131713867;52,252925872802734;5,50041389465332;41,67681884765625;68,97000122070312;107,32402038574219;51674,0
2021-01-11;88,80805969238281;163,2952117919922;74,55000305175781;47,09236145019531;49,019039154052734;47,81382751464844;53,331871032714844;32,93842315673828;144,07080078125;1576,7498779296875;198,1934356689453;152,64471435546875;23,849721908569336;0,9146370887756348;25,799999237060547;80,47343444824219;20,367639541625977;51,411094665527344;5,477590560913086;40,84635925292969;66,75499725341797;101,94309997558594;50968,0
2021-01-12;89,69429779052734;165,77284240722656;76,05000305175781;46,84231185913086;48,47236251831055;55,92322540283203;52,91630172729492;33,39463806152344;147,72035217285156;1555,78662109375;197,99415588378906;154,1793212890625;24,02099609375;0,9146370887756348;26,100000381469727;80,47343444824219;19,963956832885742;51,411094665527344;5,532366752624512;44,13744354248047;64,03500366210938;108,17170715332031;51202,0
2021-01-13;89,50965118408203;162,64720153808594;77,19999694824219;45,92546844482422;48,10791015625;55,8530158996582;53,47039794921875;33,80522537231445;145,89556884765625;1582,7393798828125;195,80197143554688;155,09048461914062;24,106632232666016;0,9108266234397888;26,5;79,48196411132812;19,890560150146484;51,71175003051758;5,518672466278076;44,59880828857422;62,88999938964844;109,05624389648438;50961,0
2021-01-14;89,50965118408203;165,81094360351562;77,0999984741211;45,92546844482422;46,923439025878906;57,99445343017578;52,91630172729492;33,94209289550781;142,50668334960938;1584,7362060546875;199,43899536132812;153,45997619628906;24,106632232666016;0,9070154428482056;26,700000762939453;79,48196411132812;20,18414878845215;51,110443115234375;5,541496753692627;44,87562561035156;63,97999954223633;109,94078063964844;51085,0
2021-01-15;88,66034698486328;162,91403198242188;77,80000305175781;45,17532730102539;47,19677734375;60,80290222167969;53,19335174560547;32,93842315673828;139,03091430664062;1612,687255859375;196,15072631835938;151,11012268066406;24,40635871887207;0,9070154428482056;27,049999237060547;79,48196411132812;20,074052810668945;51,110443115234375;5,445638179779053;42,69182586669922;61,540000915527344;107,76628112792969;50501,0
2021-01-18;87,58946990966797;161,9610595703125;77,0999984741211;45,008628845214844;47,83456802368164;63,01456832885742;52,50072479248047;32,071632385253906;135,16412353515625;1645,6297607421875;194,70587158203125;147,70523071289062;24,491994857788086;0,8917714953422546;26,700000762939453;79,48196411132812;20,18414878845215;51,17057800292969;5,409120559692383;42,53804016113281;61,94499969482422;106,14462280273438;50220,0
2021-01-19;86,37092590332031;161,16061401367188;78,69999694824219;45,92546844482422;48,47236251831055;65,8932113647461;52,26985168457031;32,84718322753906;141,98532104492188;1629,9324951171875;196,30018615722656;153,26815795898438;24,40635871887207;0,8955826163291931;27,350000381469727;79,48196411132812;20,40433692932129;51,591487884521484;5,431944370269775;46,44428253173828;60,869998931884766;105,92351531982422;50517,0
2021-01-20;87,1463623046875;162,30413818359375;80,44999694824219;45,92546844482422;48,74570083618164;61,78586196899414;52,26985168457031;33,212158203125;143,4190673828125;1615,4552001953125;193,55996704101562;153,3161163330078;24,363548278808594;0,8879601955413818;27,25;79,48196411132812;20,22084617614746;52,31304931640625;5,468461990356445;46,013671875;56,90999984741211;108,79825592041016;50225,0
2021-01-21;84,78308868408203;157,9969024658203;76,75;45,42537307739258;48,19902420043945;56,23917770385742;50,74608612060547;32,52783966064453;136,72821044921875;1593,4898681640625;190,76991271972656;149,38369750976562;23,721269607543945;0,8574721813201904;25,700000762939453;79,48196411132812;19,817163467407227;49,84771728515625;5,304133892059326;43,67607879638672;52,005001068115234;104,74409484863281;48473,0
2021-01-22;83,52755737304688;155,51925659179688;74,55000305175781;45,25867462158203;45,92118835449219;55,958335876464844;51,53105545043945;31,797895431518555;135,38136291503906;1601,4771728515625;195,4033966064453;147,4654541015625;23,97817611694336;0,8574721813201904;26,100000381469727;79,48196411132812;19,92725944519043;50,20849609375;5,349780559539795;43,153194427490234;56,040000915527344;103,19615936279297;48471,0
2021-01-25;82,93675994873047;152,66049194335938;74,9000015258789;42,508148193359375;45,055606842041016;53,32541275024414;49,73023986816406;31,47855567932129;131,29733276367188;1592,4915771484375;194,60623168945312;147,6572723388672;24,063812255859375;0,8689058423042297;26,649999618530273;79,48196411132812;20,074052810668945;49,00590133666992;5,418250560760498;42,107425689697266;53,26499938964844;99,879150390625;47470,0
2021-01-26;86,99866485595703;162,91403198242188;80,0999984741211;42,924896240234375;46,012298583984375;56,87107849121094;50,792259216308594;32,254112243652344;138,37921142578125;1589,995361328125;195,60267639160156;151,20602416992188;24,149456024169922;0,8993931412696838;27,149999618530273;79,48196411132812;19,963956832885742;48,88563919067383;5,486720561981201;42,90713119506836;58,744998931884766;104,633544921875;49464,0
2021-01-27;87,7371826171875;162,2279052734375;81,4000015258789;42,508148193359375;46,19452667236328;54,44879150390625;51,854286193847656;32,57345962524414;134,20828247070312;1574,0205078125;195,95143127441406;150,58261108398438;24,235090255737305;0,8993931412696838;27,25;78,98624420166016;20,037353515625;49,24641799926758;5,477590560913086;42,199703216552734;62,65999984741211;109,86707305908203;49970,0
2021-01-28;88,254150390625;160,8556671142578;82,0999984741211;41,59130859375;45,01005172729492;52,272239685058594;51,161659240722656;31,934762954711914;140,50811767578125;1591,991943359375;199,6881103515625;147,51341247558594;23,849721908569336;0,9032041430473328;26,799999237060547;78,98624420166016;19,890560150146484;48,76537322998047;5,477590560913086;41,061668395996094;61,25;106,88175201416016;49630,0
2021-01-29;85,44774627685547;155,29055786132812;78,44999694824219;40,25771713256836;43,73446273803711;51,57012939453125;49,54553985595703;30,97671890258789;136,64132690429688;1557,54638671875;198,2930908203125;145,45127868652344;23,25027084350586;0,9222593903541565;26,100000381469727;78,98624420166016;19,376781463623047;49,00590133666992;5,436509609222412;40,3542366027832;58,82500076293945;104,633544921875;48257,0
2021-02-01;87,99567413330078;158,26373291015625;81,25;41,84135437011719;44,32670211791992;55,15090560913086;50,792259216308594;32,29972839355469;138,50953674316406;1502,1337890625;198,34291076660156;147,41749572753906;23,20745086669922;0,933692216873169;26,399999618530273;78,98624420166016;19,780466079711914;48,224205017089844;5,486720561981201;41,153934478759766;62,6150016784668;104,9652328491211;49577,0
2021-02-02;88,0325927734375;156,77711486816406;80,5999984741211;42,34144973754883;44,78226852416992;55,0806999206543;49,91493606567383;32,16286849975586;143,37562561035156;1475,17626953125;205,91590881347656;149,19187927246094;23,678451538085938;0,9603691101074219;26,899999618530273;78,98624420166016;19,523576736450195;48,3444709777832;5,477590560913086;41,215457916259766;61,875;104,04385375976562;49687,0
2021-02-03;87,40486145019531;158,1874542236328;80,0999984741211;40,92451095581055;44,0078010559082;57,18703079223633;50,238162994384766;32,16286849975586;144,28802490234375;1473,678466796875;204,172119140625;148,37661743164062;24,02099609375;1,0137227773666382;28,25;78,98624420166016;20,22084617614746;49,1862907409668;5,532366752624512;41,400001525878906;64,69000244140625;104,30184173583984;49858,0
2021-02-04;91,17134094238281;162,4185333251953;83,6500015258789;40,84115982055664;43,59779357910156;56,80086898803711;51,53105545043945;32,43659591674805;146,8948516845703;1451,7130126953125;202,2290496826172;150,77442932128906;24,40635871887207;1,0327781438827515;28,450000762939453;78,98624420166016;20,29424285888672;48,70524978637695;5,477590560913086;40,292720794677734;65,50499725341797;106,80802917480469;50683,0
2021-02-05;93,20230102539062;168,93661499023438;84,19999694824219;40,757816314697266;44,32670211791992;56,6955451965332;53,10100173950195;33,212158203125;145,07008361816406;1462,69580078125;202,37852478027344;150,58261108398438;24,320722579956055;0,9984786510467529;27,450000762939453;78,98624420166016;20,110750198364258;49,90784454345703;5,5232367515563965;40,969390869140625;64,1500015258789;111,2307357788086;51053,0
2021-02-08;93,75618743896484;174,5779571533203;84,80000305175781;40,71614074707031;44,372257232666016;59,25825881958008;53,331871032714844;34,12458038330078;148,63275146484375;1484,1617431640625;201,9799346923828;149,8153076171875;23,93536376953125;1,0327781438827515;27,700000762939453;81,29965209960938;21,248403549194336;49,84771728515625;5,550625801086426;41,215457916259766;68,87999725341797;112,92607879638672;52029,0
2021-02-09;93,75618743896484;173,6250457763672;85,5999984741211;41,257911682128906;44,91893768310547;57,78382873535156;54,76329040527344;34,12458038330078;152,36920166015625;1488,155517578125;201,08314514160156;148,4725341796875;23,678451538085938;1,0403996706008911;28,100000381469727;81,29965209960938;21,248403549194336;49,306556701660156;5,509543418884277;41,83061218261719;70,08000183105469;112,44696044921875;52267,0
2021-02-10;93,0176773071289;172,78646850585938;83,9000015258789;42,09140396118164;45,10116958618164;58,41572570800781;53,74744415283203;33,39463806152344;155,1063690185547;1498,63916015625;199,04042053222656;147,2256622314453;23,42154312133789;1,0213452577590942;28,299999237060547;81,29965209960938;20,954814910888672;49,90784454345703;5,436509609222412;42,29197692871094;68,9000015258789;112,00469207763672;51941,0
2021-02-11;92,61148071289062;172,8245391845703;83,1500015258789;42,09140396118164;44,78226852416992;55,81791687011719;54,53241729736328;32,84718322753906;160,40692138671875;1492,6488037109375;194,1578369140625;144,8758087158203;23,335906982421875;0,9984786510467529;27,700000762939453;81,29965209960938;20,77132225036621;49,60719680786133;5,518672466278076;41,33848190307617;67,68499755859375;111,82040405273438;51655,0
2021-02-12;91,46676635742188;170,1945037841797;84,55000305175781;42,34144973754883;44,87338638305664;56,34450149536133;52,96247482299805;31,98038101196289;154,9325714111328;1458,20263671875;194,8553466796875;144,6360321044922;23,036178588867188;1,0137227773666382;27,75;81,29965209960938;20,7346248626709;48,10395431518555;5,628223896026611;40,69257736206055;68,49500274658203;109,64595031738281;51466,0
2021-02-17;93,09150695800781;174,88294982910156;88,25;42,75819396972656;44,0078010559082;58,90719985961914;59,103721618652344;31,75227928161621;155,58428955078125;1434,7398681640625;192,1151123046875;152,06924438476562;22,35108757019043;0,9870458841323853;28,100000381469727;81,29965209960938;20,881418228149414;49,1862907409668;5,678435802459717;40,292720794677734;70,86499786376953;111,56244659423828;52387,0
2021-02-18;95,0116958618164;174,99729919433594;85,6500015258789;42,591495513916016;43,506675720214844;53,85199737548828;63,305625915527344;31,022340774536133;154,9760284423828;1422,7586669921875;186,68447875976562;147,94500732421875;22,222631454467773;0,9908571243286133;28,0;79,9776840209961;21,138307571411133;48,404598236083984;5,66930627822876;38,01664352416992;67,23999786376953;111,93098449707031;51827,0
2021-02-19;93,42387390136719;168,93661499023438;85,25;43,59169006347656;43,051109313964844;53,57115173339844;62,01274108886719;31,29606819152832;152,9774627685547;1419,26416015625;178,66307067871094;143,82077026367188;21,965728759765625;0,9908571243286133;27,850000381469727;79,9776840209961;20,7346248626709;49,306556701660156;5,687564373016357;37,95512390136719;64,06999969482422;109,38793182373047;50993,0
2021-02-22;88,66034698486328;157,50135803222656;83,0;44,5085334777832;41,63884735107422;51,3594970703125;54,99415969848633;30,109922409057617;149,54513549804688;1445,7225341796875;172,3356170654297;136,339599609375;22,17981719970703;0,9527475833892822;27,5;79,9776840209961;19,85386085510254;48,10395431518555;5,687564373016357;38,047401428222656;61,32500076293945;103,01187133789062;49268,0
2021-02-23;84,11839294433594;152,5079803466797;81,1500015258789;42,75819396972656;40,04436492919922;51,254180908203125;51,254005432128906;29,0150146484375;151,67405700683594;1468,1871337890625;170,54200744628906;137,4905548095703;21,751630783081055;0,9375033974647522;27,299999237060547;79,9776840209961;19,486875534057617;46,30005645751953;5,532366752624512;37,95512390136719;59,255001068115234;100,43199920654297;47857,0
2021-02-24;87,29407501220703;162,7615509033203;82,19999694824219;44,09178924560547;41,411067962646484;54,37858581542969;53,23952102661133;29,562467575073242;153,67262268066406;1514,1146240234375;178,712890625;138,20989990234375;22,222631454467773;0,9794244170188904;27,899999618530273;79,9776840209961;20,000654220581055;49,90784454345703;5,651047706604004;38,32421875;63,52000045776367;104,2649917602539;49607,0
2021-02-25;85,22620391845703;156,12911987304688;78,0999984741211;43,008243560791016;42,09441375732422;54,44879150390625;52,36220169067383;29,425600051879883;151,06578063964844;1511,6187744140625;172,3356170654297;135,23660278320312;22,0085391998291;0,9794244170188904;27,600000381469727;79,9776840209961;19,596973419189453;48,10395431518555;5,714953899383545;37,83209228515625;64,63999938964844;101,795654296875;48921,0
2021-02-26;83,19523620605469;154,41387939453125;78,0;43,258296966552734;42,2310905456543;53,2200927734375;52,50072479248047;29,243118286132812;146,93829345703125;1481,1666259765625;171,33917236328125;133,17449951171875;21,965728759765625;0,9718018770217896;27,0;79,9776840209961;19,340084075927734;48,224205017089844;5,628223896026611;36,07889938354492;63,904998779296875;100,9111099243164;48432,0
2021-03-01;85,15233612060547;162,30413818359375;79,9000015258789;42,508148193359375;42,823326110839844;50,90312576293945;54,34771728515625;29,92743682861328;149,8927001953125;1468,1871337890625;170,3427276611328;135,47637939453125;22,136999130249023;0,9527475833892822;27,700000762939453;79,9776840209961;19,083194732666016;48,16407775878906;5,746906280517578;37,093910217285156;64,20500183105469;101,27967071533203;48996,0
2021-03-02;84,82002258300781;161,92298889160156;79,44999694824219;40,59111785888672;41,0921630859375;50,516963958740234;53,00864791870117;29,516843795776367;148,32861328125;1439,23291015625;170,3427276611328;131,68785095214844;22,265453338623047;0,933692216873169;27,549999237060547;79,9776840209961;18,716209411621094;47,44252395629883;5,8884100914001465;37,06315231323242;61,154998779296875;98,51548767089844;48127,0
2021-03-03;82,97367858886719;157,76817321777344;79,9000015258789;39,424224853515625;40,08992004394531;49,84995651245117;50,9307861328125;28,467559814453125;147,63345336914062;1407,283203125;167,80178833007812;126,60448455810547;21,2806339263916;0,9260698556900024;26,799999237060547;79,9776840209961;18,1290340423584;46,54057693481445;5,892974853515625;37,95512390136719;61,06999969482422;97,18866729736328;47325,0
2021-03-04;83,78606414794922;156,8533477783203;82,0;39,46589660644531;40,77326965332031;48,44573211669922;50,65373229980469;27,920108795166016;147,50311279296875;1417,267333984375;165,8088836669922;127,37178802490234;21,194997787475586;0,933692216873169;25,899999618530273;79,9776840209961;17,76205062866211;45,81901550292969;5,892974853515625;37,155426025390625;64,61499786376953;99,879150390625;47808,0
2021-03-05;81,16429138183594;152,5079803466797;82,05000305175781;39,88264465332031;39,45213317871094;47,67341232299805;50,51520919799805;28,69566535949707;141,33360290527344;1445,2236328125;165,5099639892578;131,44805908203125;21,194997787475586;0,9108266234397888;26,0;78,98624420166016;17,284969329833984;46,30005645751953;5,801681995391846;36,232688903808594;63,72999954223633;97,59408569335938;47242,0
2021-03-08;80,94273376464844;149,1155242919922;80,8499984741211;38,215660095214844;37,35651779174805;49,32337951660156;49,86876678466797;29,060636520385742;142,11566162109375;1416,26904296875;162,4209747314453;127,2279052734375;20,63836097717285;0,8879601955413818;25,200000762939453;78,65575408935547;16,661096572875977;45,63862228393555;5,742341041564941;35,309959411621094;60,92499923706055;95,23531341552734;46292,0
2021-03-09;82,01358795166016;153,3084259033203;82,05000305175781;36,757041931152344;36,39983367919922;50,1659049987793;50,00728988647461;29,197498321533203;143,89700317382812;1432,7430419921875;165,46014404296875;128,1390838623047;20,167356491088867;0,8765274286270142;25,899999618530273;78,65575408935547;16,62439727783203;45,75888442993164;5,947751045227051;36,232688903808594;60,994998931884766;96,1198501586914;46476,0
2021-03-10;84,89385986328125;159,63587951660156;82,4000015258789;36,2569465637207;36,21760559082031;49,67442321777344;52,038978576660156;29,37998390197754;146,3734893798828;1412,2752685546875;165,46014404296875;125,9810562133789;20,42426872253418;0,8689058423042297;25,700000762939453;79,9776840209961;16,917984008789062;44,79680633544922;5,924928188323975;36,140419006347656;64,4800033569336;101,1322250366211;47340,0
2021-03-11;86,00164794921875;160,0552215576172;84,0;38,007286071777344;37,903202056884766;51,219078063964844;51,715755462646484;30,064298629760742;154,2374267578125;1473,17919921875;171,2395477294922;131,4960174560547;20,50990867614746;0,8993931412696838;26,299999237060547;79,9776840209961;17,50516128540039;44,49615478515625;5,838198661804199;37,216941833496094;65,29000091552734;104,74409484863281;48361,0
2021-03-12;88,10646057128906;164,70559692382812;86,30000305175781;39,09082794189453;39,40657424926758;51,07865905761719;51,715755462646484;29,836193084716797;155,97531127929688;1470,6834716796875;170,29290771484375;134,08566284179688;20,895273208618164;0,9108266234397888;26,25;79,9776840209961;18,31252670288086;45,75888442993164;5,737776279449463;36,909358978271484;65,6449966430664;106,14462280273438;49071,0
2021-03-15;90,98670959472656;169,62269592285156;87,80000305175781;39,79929733276367;41,27439880371094;53,04456329345703;54,393890380859375;31,706655502319336;158,7124786376953;1484,1617431640625;174,77691650390625;134,61317443847656;21,36627197265625;0,9603691101074219;27,0;79,9776840209961;18,642812728881836;48,46472930908203;5,847327709197998;38,60103988647461;67,33999633789062;110,86219024658203;50458,0
2021-03-16;88,7711410522461;167,7930908203125;87,5;39,007476806640625;41,31995391845703;52,34245681762695;53,83979797363281;30,33802604675293;156,4097900390625;1489,653564453125;171,43882751464844;134,70909118652344;21,194997787475586;0,9679914712905884;26,450000762939453;79,9776840209961;18,1290340423584;47,80329895019531;5,851893424987793;37,216941833496094;65,19000244140625;108,50341033935547;49647,0
2021-03-17;88,95576477050781;170,00389099121094;88,44999694824219;38,88245391845703;41,183284759521484;51,64034652709961;53,05482482910156;29,79057502746582;156,14910888671875;1494,146484375;175,4744415283203;136,38755798339844;21,237815856933594;0,9641802906990051;26,149999618530273;79,9776840209961;17,61525535583496;47,50265121459961;5,810811519622803;37,77057647705078;67,57499694824219;106,51319122314453;49917,0
2021-03-18;87,03558349609375;162,45660400390625;87,5;37,8405876159668;40,181034088134766;49,56911087036133;50,099639892578125;29,151880264282227;154,45465087890625;1485,659423828125;170,54200744628906;131,92762756347656;21,109359741210938;0,9184482097625732;25,649999618530273;79,9776840209961;17,1381778717041;46,660831451416016;5,714953899383545;36,3249626159668;65,09500122070312;101,83248901367188;48599,0
2021-03-19;87,66333770751953;163,60015869140625;87,80000305175781;38,13230895996094;39,54324722290039;50,90312576293945;50,97696304321289;29,197498321533203;155,93185424804688;1596,485107421875;173,5811767578125;130,5848388671875;20,980911254882812;0,9451251029968262;25,899999618530273;79,9776840209961;16,661096572875977;46,660831451416016;5,751470565795898;36,72481155395508;65,61000061035156;102,71703338623047;48976,0
2021-03-22;86,59246063232422;165,01048278808594;88,5;40,38274383544922;40,36326599121094;51,043548583984375;50,65373229980469;28,558801651000977;156,6704559326172;1611,46142578125;174,9263916015625;130,24916076660156;20,723997116088867;0,9184482097625732;25,899999618530273;79,9776840209961;16,95468521118164;47,50265121459961;5,756035327911377;35,648292541503906;64,7699966430664;103,52786254882812;49186,0
2021-03-23;86,07548522949219;165,3535614013672;86,75;40,9661865234375;40,59104537963867;49,95527267456055;50,51520919799805;28,558801651000977;157,1918182373047;1603,973388671875;168,20037841796875;127,56360626220703;20,167356491088867;0,9146370887756348;26,0;79,9776840209961;16,917984008789062;46,781097412109375;5,806245803833008;35,217681884765625;61,83000183105469;102,42218780517578;48615,0
2021-03-25;82,45671844482422;154,2614288330078;84,0;39,17417526245117;38,540992736816406;48,44573211669922;47,51384735107422;27,646381378173828;153,19468688964844;1575,0186767578125;162,62025451660156;125,30965423583984;19,953271865844727;0,8917714953422546;25,299999237060547;79,9776840209961;16,514301300048828;44,19550323486328;5,673871994018555;34,44873809814453;60,10499954223633;97,74152374267578;46856,0
2021-03-26;81,34892272949219;152,5460968017578;81,3499984741211;39,04915237426758;39,269901275634766;48,51594161987305;47,14445114135742;27,37265396118164;154,58499145507812;1586,500732421875;156,44229125976562;125,50149536132812;20,21017837524414;0,8765274286270142;25,149999618530273;79,9776840209961;16,184017181396484;44,49615478515625;5,710388660430908;33,71055221557617;59,61000061035156;95,56703186035156;46441,0
2021-03-29;80,64730834960938;151,0975799560547;85,19999694824219;41,59130859375;41,365516662597656;51,956298828125;46,12860870361328;27,692001342773438;155,49737548828125;1577,0157470703125;157,98678588867188;133,7499542236328;20,50990867614746;0,8803386092185974;25,350000381469727;79,9776840209961;16,367507934570312;45,037322998046875;5,692130088806152;33,526004791259766;59,1349983215332;98,58919525146484;47241,0
2021-03-30;83,26908874511719;151,74562072753906;86,5;42,25810241699219;43,187782287597656;53,36052322387695;47,14445114135742;28,239456176757812;162,4923858642578;1581,5087890625;156,89068603515625;133,89382934570312;20,467090606689453;0,9108266234397888;26,0;83,7861557006836;16,62439727783203;45,09745407104492;5,751470565795898;35,03313446044922;59,7400016784668;97,8889389038086;48091,0
2021-03-31;82,2720718383789;150,10653686523438;86,0;41,75800323486328;42,823326110839844;54,20304870605469;46,2209587097168;29,471223831176758;161,92759704589844;1585,0032958984375;160,82664489746094;133,41427612304688;20,50990867614746;0,9070154428482056;25,549999237060547;83,7861557006836;16,367507934570312;45,398101806640625;5,733211040496826;34,325706481933594;59,810001373291016;95,82501983642578;47982,0
2021-04-05;83,34294891357422;149,83975219726562;87,9000015258789;42,25810241699219;42,959991455078125;56,83597183227539;47,79090118408203;29,88181495666504;164,92544555664062;1591,991943359375;161,42453002929688;136,96302795410156;20,467090606689453;0,9070154428482056;25,950000762939453;83,7861557006836;16,477603912353516;45,037322998046875;5,733211040496826;35,494503021240234;60,619998931884766;97,22553253173828;48598,0
2021-04-06;85,92781066894531;157,3870086669922;90,4000015258789;43,508338928222656;44,32670211791992;59,925262451171875;48,94527053833008;30,611751556396484;168,4446563720703;1614,9561767578125;171,43882751464844;138,20989990234375;20,895273208618164;0,933692216873169;26,899999618530273;83,7861557006836;16,95468521118164;45,1575813293457;5,778858184814453;37,27845764160156;64,66000366210938;100,21085357666016;50328,0
2021-04-07;86,14935302734375;153,8801727294922;88,5;44,00843811035156;43,825565338134766;58,69657516479492;48,34499740600586;30,33802604675293;172,2245330810547;1614,9561767578125;174,47799682617188;133,318359375;21,2806339263916;0,9413137435913086;27,149999618530273;94,1728744506836;17,028079986572266;45,698760986328125;5,78342342376709;36,97087478637695;63,994998931884766;97,96265411376953;50128,0
2021-04-08;85,52159881591797;153,803955078125;87,5999984741211;43,008243560791016;44,2355842590332;59,78485107421875;48,29882049560547;30,33802604675293;166,66331481933594;1606,9686279296875;170,69149780273438;134,4213409423828;21,237815856933594;0,9298810362815857;27,399999618530273;94,1728744506836;16,807889938354492;45,698760986328125;5,746906280517578;36,29420471191406;62,54999923706055;99,47373962402344;49628,0
2021-04-09;83,8229751586914;151,3263397216797;87,0;42,4248046875;43,962242126464844;61,46991729736328;47,32915115356445;29,60808753967285;164,53440856933594;1605,969970703125;162,32131958007812;132,93470764160156;20,723997116088867;0,9260698556900024;27,100000381469727;94,1728744506836;16,734493255615234;46,60070037841797;5,769729137420654;36,81708526611328;60,42499923706055;98,81034851074219;48846,0
2021-04-12;81,3858413696289;146,4853973388672;88,55000305175781;41,75800323486328;42,8688850402832;62,4528694152832;48,252647399902344;28,92377471923828;163,40476989746094;1587,499267578125;156,34263610839844;129,91346740722656;19,996089935302734;0,9070154428482056;27,350000381469727;90,01818084716797;16,62439727783203;44,73667907714844;5,742341041564941;36,663299560546875;59,314998626708984;96,1198501586914;48110,0
2021-04-13;81,45970916748047;147,9720001220703;85,9000015258789;41,92470169067383;42,8688850402832;59,78485107421875;46,59035873413086;28,786907196044922;160,84140014648438;1574,0205078125;152,9547119140625;125,50149536132812;19,953271865844727;0,9032041430473328;26,899999618530273;87,42152404785156;16,807889938354492;44,01511001586914;5,7606000900268555;38,75483322143555;58,84000015258789;95,30902862548828;47679,0
2021-04-14;81,3858413696289;147,01902770996094;84,8499984741211;41,42461013793945;42,41331481933594;58,55615234375;45,6668586730957;28,285078048706055;158,62557983398438;1575,5179443359375;153,8515167236328;123,00776672363281;19,52509117126465;0,8803386092185974;27,0;87,42152404785156;16,25741195678711;43,59420394897461;5,7606000900268555;37,73981857299805;58,81999969482422;94,09280395507812;47299,0
2021-04-15;81,01658630371094;144,27456665039062;84,94999694824219;41,466285705566406;41,0466194152832;60,06568145751953;45,205108642578125;28,011350631713867;159,88555908203125;1576,017333984375;152,10772705078125;123,00776672363281;19,054086685180664;0,8841490149497986;26,399999618530273;87,42152404785156;15,927128791809082;44,55628204345703;5,742341041564941;35,925113677978516;58,599998474121094;93,20824432373047;47093,0
2021-04-16;81,97665405273438;149,42047119140625;87,69999694824219;42,09140396118164;40,68216323852539;59,96037292480469;46,35948181152344;28,878150939941406;158,14767456054688;1587,99853515625;150,16465759277344;125,74127197265625;19,139720916748047;0,8993931412696838;27,0;87,42152404785156;16,220714569091797;45,09745407104492;5,742341041564941;35,159820556640625;59,130001068115234;96,5621337890625;47664,0
2021-04-19;83,12139129638672;151,17388916015625;88,80000305175781;42,591495513916016;40,54548645019531;59,679527282714844;46,728878021240234;29,0150146484375;159,66831970214844;1577,5150146484375;149,46714782714844;132,35923767089844;19,439456939697266;0,9032041430473328;26,75;87,42152404785156;16,220714569091797;44,49615478515625;5,742341041564941;34,72916793823242;59,029998779296875;97,5572509765625;48026,0
2021-04-20;80,75809478759766;146,5235595703125;87,30000305175781;41,63298416137695;39,497684478759766;58,09978103637695;47,00593185424805;28,60442352294922;155,23670959472656;1507,625244140625;145,08279418945312;127,37178802490234;19,011276245117188;0,8917714953422546;26,5;87,42152404785156;15,780333518981934;44,49615478515625;5,751470565795898;34,32927322387695;57,349998474121094;95,38275909423828;46895,0
2021-04-21;81,71817016601562;149,2299041748047;87,1500015258789;42,508148193359375;40,04436492919922;59,3284797668457;48,529693603515625;28,92377471923828;159,3207550048828;1537,5780029296875;144,08633422851562;129,62571716308594;19,268178939819336;0,8955826163291931;27,25;87,42152404785156;16,367507934570312;44,37589645385742;5,842763900756836;33,28340148925781;58,439998626708984;97,37296295166016;47617,0
2021-04-22;80,4996109008789;146,40919494628906;86,19999694824219;42,67484664916992;39,36101150512695;58,45083236694336;47,929420471191406;28,741287231445312;156,62701416015625;1524,5982666015625;142,89059448242188;128,9063720703125;19,567909240722656;0,9108266234397888;27,299999237060547;87,42152404785156;16,844589233398438;43,293556213378906;5,842763900756836;33,960140228271484;57,35499954223633;95,05104064941406;47123,0
2021-04-23;80,868896484375;145,494384765625;84,30000305175781;45,17532730102539;40,36326599121094;58,52104187011719;48,4835205078125;28,421937942504883;159,84210205078125;1518,1085205078125;139,15391540527344;128,9063720703125;19,567909240722656;0,9108266234397888;26,5;87,42152404785156;16,771190643310547;43,83472442626953;5,851893424987793;35,03677749633789;57,16999816894531;93,61368560791016;47375,0
2021-04-26;84,37690734863281;150,18280029296875;83,05000305175781;44,8419303894043;40,54548645019531;60,627384185791016;49,59171676635742;28,239456176757812;161,31930541992188;1501,6346435546875;139,0542755126953;128,37887573242188;19,867637634277344;0,9260698556900024;27,25;87,42152404785156;17,39506721496582;43,89485549926758;5,851893424987793;35,129058837890625;57,95000076293945;96,70954132080078;47931,0
2021-04-27;88,21723175048828;163,86700439453125;82,94999694824219;45,17532730102539;40,8643913269043;61,15395736694336;51,992801666259766;28,421937942504883;162,8834228515625;1523,60009765625;139,70196533203125;130,87258911132812;20,03890609741211;0,9260698556900024;27,399999618530273;87,42152404785156;17,468461990356445;45,578495025634766;5,842763900756836;36,5133056640625;59,41999816894531;99,10516357421875;48962,0
2021-04-28;89,69429779052734;165,5060577392578;85,75;45,92546844482422;42,04886245727539;61,39970397949219;51,623409271240234;29,425600051879883;162,40548706054688;1532,0865478515625;147,9724884033203;136,67529296875;20,55272674560547;0,9413137435913086;27,549999237060547;87,42152404785156;17,68865203857422;45,09745407104492;5,9386210441589355;36,728633880615234;61,630001068115234;102,16421508789062;50044,0
2021-04-29;88,0325927734375;164,89614868164062;86,69999694824219;46,84231185913086;42,4588737487793;60,13591003417969;51,161659240722656;29,653711318969727;161,0586395263672;1585,0032958984375;146,82656860351562;136,53143310546875;20,467090606689453;0,9260698556900024;27,5;87,42152404785156;17,4317626953125;45,51836013793945;5,936329364776611;37,15928649902344;62,02000045776367;102,31166076660156;50065,0
2021-04-30;86,22320556640625;159,5215606689453;84,0;45,84212112426758;41,77552032470703;60,943336486816406;49,86876678466797;29,516843795776367;161,62344360351562;1598,4820556640625;147,4244384765625;133,654052734375;19,91045570373535;0,9260698556900024;27,75;87,42152404785156;17,468461990356445;45,398101806640625;5,9409661293029785;37,928314208984375;59,0099983215332;99,14202880859375;49056,0
2021-05-03;85,33697509765625;159,33099365234375;84,5999984741211;45,67542266845703;41,365516662597656;61,61033248901367;49,40701675415039;29,334362030029297;160,8848419189453;1594,488037109375;146,82656860351562;135,90798950195312;19,567909240722656;0,9184482097625732;27,700000762939453;87,42152404785156;17,468461990356445;47,99810791015625;5,927052974700928;39,18950653076172;58,775001525878906;97,29924011230469;48873,0
2021-05-04;84,413818359375;156,28160095214844;85,0;45,92546844482422;41,0921630859375;62,909236907958984;48,668216705322266;28,65004539489746;161,88414001464844;1570,52587890625;145,1824188232422;132,64697265625;19,268178939819336;0,9260698556900024;27,899999618530273;87,42152404785156;16,917984008789062;47,209102630615234;6,001256942749023;38,94342803955078;58,17499923706055;97,96265411376953;48656,0
2021-05-05;85,55852508544922;158,45428466796875;86,5;45,92546844482422;41,31995391845703;63,08476638793945;48,94527053833008;28,60442352294922;162,23170471191406;1579,0125732421875;144,28562927246094;131,639892578125;19,653545379638672;0,9298810362815857;27,850000381469727;87,42152404785156;16,807889938354492;46,091339111328125;6,029083728790283;39,37407302856445;60,29999923706055;97,63095092773438;49152,0
2021-05-06;87,50577545166016;157,00582885742188;85,9000015258789;45,67542266845703;41,50217819213867;66,27938079833984;49,77641296386719;28,741287231445312;161,79722595214844;1589,49609375;140,6984100341797;130,72872924804688;19,953271865844727;0,9603691101074219;27,399999618530273;87,42152404785156;16,881288528442383;47,27484893798828;6,358364582061768;39,06646728515625;59,52000045776367;98,81034851074219;49389,0
2021-05-07;92,16232299804688;170,2707061767578;90,8499984741211;47,25905990600586;42,73221206665039;69,54419708251953;50,46903991699219;29,562467575073242;162,8834228515625;1595,98583984375;146,6272735595703;134,1815643310547;20,68117904663086;0,9794244170188904;27,450000762939453;87,42152404785156;17,61525535583496;47,34060287475586;6,580976486206055;38,75886154174805;61,91999816894531;105,29695892333984;51420,0
2021-05-10;92,79563903808594;170,9568328857422;90,4000015258789;46,84231185913086;42,0033073425293;73,68666076660156;50,053462982177734;29,562467575073242;163,1875457763672;1579,731201171875;144,73402404785156;133,89382934570312;21,066545486450195;0,9679914712905884;27,5;87,42152404785156;17,4317626953125;47,27484893798828;6,720108985900879;39,06646728515625;63,30500030517578;109,24050903320312;51750,0
2021-05-11;91,45453643798828;164,8580322265625;89,75;46,75896072387695;41,63884735107422;72,38775634765625;48,575870513916016;29,37998390197754;162,4923858642578;1565,751708984375;148,42088317871094;132,35923767089844;20,80963706970215;0,9794244170188904;27,299999237060547;87,42152404785156;17,248271942138672;46,35433578491211;6,6412672996521;37,46689987182617;61,1349983215332;108,50341033935547;51094,0
2021-05-12;89,51742553710938;162,34230041503906;89,0;46,092166900634766;41,0466194152832;69,86016082763672;48,05341339111328;28,832530975341797;163,9261474609375;1584,7239990234375;153,65223693847656;136,0998077392578;20,723997116088867;1,0022900104522705;27,0;87,42152404785156;17,101476669311523;46,748844146728516;6,627354145050049;37,0977668762207;64,43499755859375;103,34359741210938;51020,0
2021-05-13;93,42889404296875;174,23495483398438;94,8499984741211;47,25905990600586;41,82107925415039;69,86016082763672;49,46123123168945;28,786907196044922;165,70745849609375;1596,207763671875;157,43873596191406;141,5188751220703;21,237815856933594;1,0594547986984253;27,700000762939453;87,42152404785156;17,17487335205078;47,80086135864258;6,455757141113281;36,79015350341797;66,45500183105469;109,8302230834961;52626,0
2021-05-14;97,52667236328125;185,1746368408203;99,0;49,259437561035156;43,506675720214844;74,49408721923828;52,55842590332031;29,60808753967285;173,1803741455078;1632,156005859375;161,6736297607422;141,75865173339844;22,136999130249023;1,0708876848220825;27,850000381469727;87,42152404785156;17,76205062866211;48,78711700439453;6,455757141113281;38,48200988769531;70,27999877929688;115,32171630859375;54850,0
2021-05-17;101,51266479492188;191,69271850585938;95,8499984741211;47,842506408691406;44,14447021484375;82,74390411376953;54,81093215942383;29,973054885864258;182,13050842285156;1637,148681640625;162,3711395263672;147,75318908691406;22,35108757019043;1,0937540531158447;28,049999237060547;87,42152404785156;18,018938064575195;48,19536590576172;6,339813232421875;39,95853805541992;74,1449966430664;121,25550842285156;56095,0
2021-05-18;100,58135986328125;190,2061004638672;97,0;48,259254455566406;44,14447021484375;78,67166137695312;56,1248893737793;29,243118286132812;180,74017333984375;1628,16162109375;170,84095764160156;147,56137084960938;22,222631454467773;1,0861315727233887;27,700000762939453;88,97950744628906;17,76205062866211;48,261112213134766;6,311986923217773;38,60505294799805;75,25;119,63382720947266;56079,0
2021-05-19;100,5440902709961;191,15907287597656;96,55000305175781;49,17609405517578;44,554481506347656;76,31958770751953;55,186344146728516;29,37998390197754;184,17251586914062;1628,16162109375;171,43882751464844;145,01968383789062;21,70881462097168;1,0899429321289062;27,649999618530273;88,97950744628906;17,61525535583496;47,99810791015625;6,358364582061768;38,328208923339844;73,58999633789062;118,4544448852539;55990,0
2021-05-20;103,82230377197266;196,9529571533203;97,5;49,75954055786133;45,51117706298828;78,42591857910156;56,5472297668457;29,744949340820312;188,8213653564453;1667,1058349609375;170,84095764160156;146,50631713867188;22,35108757019043;1,1242420673370361;27,700000762939453;90,71063995361328;17,57855796813965;48,52411651611328;6,465032577514648;38,78961944580078;74,41000366210938;125,23591613769531;57109,0
2021-05-21;100,693115234375;190,66354370117188;96,80000305175781;48,84269332885742;44,14447021484375;76,03874206542969;55,46790313720703;29,516843795776367;186,08419799804688;1665,10888671875;171,139892578125;143,8687286376953;22,736448287963867;1,11661958694458;28,450000762939453;90,71063995361328;17,61525535583496;49,773380279541016;6,529961585998535;38,020591735839844;73,42500305175781;124,49880981445312;56222,0
2021-05-26;101,9969482421875;190,12986755371094;97,1500015258789;49,509490966796875;43,825565338134766;74,31856536865234;55,843326568603516;31,067962646484375;187,90896606445312;1682,084228515625;171,2893524169922;139,74449157714844;23,07900047302246;1,1364182233810425;29,950000762939453;90,71063995361328;18,569416046142578;50,7596435546875;6,608802795410156;37,651466369628906;74,0199966430664;123,87226104736328;56599,0
2021-05-27;103,78506469726562;193,63668823242188;96,55000305175781;50,009586334228516;45,556732177734375;71,65052795410156;57,01650619506836;31,889142990112305;186,04074096679688;1726,5205078125;183,2965545654297;142,47799682617188;23,592809677124023;1,1720545291900635;30,850000381469727;90,71063995361328;19,22998809814453;52,33766174316406;7,063302993774414;37,40537643432617;74,65499877929688;128,9215087890625;57500,0
2021-05-28;108,329833984375;205,0719451904297;100,3499984741211;52,093318939208984;47,28788757324219;71,8260726928711;59,17515182495117;32,710323333740234;191,1675262451172;1753,4818115234375;186,68447875976562;146,74610900878906;23,335906982421875;1,1958128213882446;31,25;90,71063995361328;19,413480758666992;54,90194320678711;6,90098237991333;38,05135726928711;76,26000213623047;134,00759887695312;59213,0
2021-05-31;108,1435775756836;204,00460815429688;98,30000305175781;52,84346389770508;48,01679611206055;70,66758728027344;58,98744201660156;33,212158203125;196,3377227783203;1754,4803466796875;188,57772827148438;145,9788055419922;23,20745086669922;1,2037317752838135;30,950000762939453;90,71063995361328;19,340084075927734;56,282711029052734;6,83141565322876;38,88190460205078;74,99500274658203;140,4204864501953;59269,0
2021-06-01;112,12957763671875;209,07431030273438;106,5999984741211;51,25982666015625;47,01454544067383;74,00261688232422;61,28688049316406;35,584449768066406;201,68173217773438;1742,4976806640625;189,1257781982422;158,06378173828125;23,25027084350586;1,2472878694534302;31,25;90,71063995361328;20,18414878845215;56,282711029052734;6,83141565322876;39,98929977416992;80,02999877929688;141,85789489746094;61096,0
2021-06-02;112,42759704589844;212,69541931152344;110,8499984741211;53,510250091552734;48,19902420043945;77,47806549072266;64,47792053222656;36,63373565673828;205,8092041015625;1818,887939453125;190,81973266601562;163,00326538085938;23,335906982421875;1,2552076578140259;32,599998474121094;103,69402313232422;20,624528884887695;57,400482177734375;6,984461784362793;41,7119140625;81,6500015258789;150,1135711669922;62660,0
2021-06-03;116,97239685058594;219,3660125732422;113,19999694824219;55,17723846435547;49,656837463378906;81,26947784423828;66,91814422607422;37,728641510009766;201,85552978515625;1896,7762451171875;189,22540283203125;169,1416778564453;23,678451538085938;1,2472878694534302;34,5;103,69402313232422;20,84471893310547;56,94022750854492;6,951997756958008;43,68061447143555;85,09500122070312;152,21434020996094;64303,0
2021-06-04;122,82103729248047;223,71139526367188;113,80000305175781;57,511024475097656;51,57022476196289;78,77696990966797;70,43768310546875;39,50786209106445;205,15750122070312;1934,7215576171875;194,90516662597656;171,15582275390625;24,149456024169922;1,2631264925003052;36,099998474121094;111,91481018066406;21,615386962890625;58,05799102783203;7,0354766845703125;41,773433685302734;88,82499694824219;155,64190673828125;66190,0
2021-06-07;125,9875259399414;232,8214569091797;117,05000305175781;56,0107307434082;51,02354049682617;84,56940460205078;72,36168670654297;41,2414665222168;208,98085021972656;1961,6829833984375;207,41058349609375;174,033203125;24,577632904052734;1,2552076578140259;41,29999923706055;111,91481018066406;22,312658309936523;59,37301254272461;7,304466724395752;42,2348518371582;95,00499725341797;157,66900634765625;68151,0
2021-06-08;120,39962005615234;223,78759765625;116,1500015258789;55,76068878173828;50,29463195800781;80,84820556640625;68,32595825195312;40,329044342041016;205,33128356933594;1953,195068359375;207,75933837890625;168,27845764160156;24,277908325195312;1,219570517539978;42,099998474121094;111,91481018066406;22,789735794067383;58,84699630737305;7,077216625213623;41,52735137939453;90,91000366210938;154,79425048828125;66390,0
2021-06-09;125,87569427490234;231,37290954589844;115,44999694824219;57,17762756347656;51,66133117675781;83,27050018310547;71,32928466796875;42,655723571777344;209,11117553710938;1985,1490478515625;215,18287658691406;178,78086853027344;24,663272857666016;1,235409140586853;45,900001525878906;111,91481018066406;24,514564514160156;60,162017822265625;7,02156400680542;42,63474655151367;91,01000213623047;164,8927459716797;68105,0
2021-06-10;127,10507202148438;229,61952209472656;114,1500015258789;56,594181060791016;51,93467330932617;82,00669860839844;69,49913787841797;42,24512481689453;210,6318359375;1983,6513671875;215,13304138183594;178,39723205566406;25,134267807006836;1,3066824674606323;41,79999923706055;111,91481018066406;23,230117797851562;59,5045051574707;6,90098237991333;41,7119140625;93,21499633789062;164,70848083496094;68145,0
2021-06-11;121,29369354248047;221,27188110351562;109,8499984741211;57,26097106933594;52,299129486083984;80,46204376220703;68,6544418334961;40,78525161743164;205,0271453857422;1975,1634521484375;203,97283935546875;169,4293975830078;24,83454132080078;1,2948037385940552;42,25;111,91481018066406;23,0466251373291;58,123741149902344;6,924170970916748;40,69680404663086;87,8949966430664;155,97364807128906;66094,0
2021-06-14;122,67201232910156;221,38626098632812;112,19999694824219;58,4278678894043;53,11914825439453;82,07689666748047;70,90695190429688;41,19584655761719;203,33270263671875;1990,6416015625;201,2824249267578;167,70298767089844;24,534812927246094;1,3264812231063843;43,5;111,91481018066406;24,47786521911621;58,189491271972656;6,942721843719482;42,38865280151367;89,11499786376953;157,96385192871094;66837,0
2021-06-15;122,93276977539062;224,20689392089844;112,30000305175781;58,594566345214844;53,210262298583984;80,46204376220703;71,7047119140625;40,87649917602539;205,50506591796875;1992,638427734375;201,13296508789062;171,73130798339844;24,534812927246094;1,3304409980773926;42,45000076293945;111,91481018066406;24,844850540161133;59,175750732421875;6,956634998321533;41,896480560302734;89,48500061035156;157,41102600097656;67006,0
2021-06-16;125,76397705078125;229,84825134277344;113,3499984741211;58,84461212158203;53,93916702270508;80,04077911376953;71,7047119140625;41,1046028137207;206,41748046875;1982,153564453125;201,2824249267578;169,76510620117188;24,491994857788086;1,3304409980773926;42,599998474121094;111,91481018066406;24,66135597229004;61,74003219604492;6,989099025726318;42,41941452026367;89,98500061035156;158,22181701660156;67576,0
2021-06-17;123,5660629272461;222,3010711669922;113,1500015258789;59,178009033203125;53,3013801574707;75,79299926757812;70,10917663574219;41,33271026611328;203,33270263671875;1956,1907958984375;196,99771118164062;163,19508361816406;24,320722579956055;1,3027225732803345;41,900001525878906;111,91481018066406;23,63380241394043;60,49076843261719;7,132869720458984;41,896480560302734;86,13500213623047;156,15792846679688;66440,0
2021-06-18;120,43690490722656;217,6507568359375;110,05000305175781;58,0111198425293;51,93467330932617;73,72176361083984;73,20636749267578;39,23413848876953;200,1176300048828;1958,6871337890625;186,3855438232422;163,67465209960938;23,93536376953125;1,2631264925003052;40,75;111,91481018066406;23,890689849853516;58,51824188232422;7,128232479095459;42,14257049560547;84,79499816894531;154,64682006835938;65136,0
2021-06-22;123,04454803466797;218,71795654296875;114,44999694824219;58,594566345214844;52,208011627197266;72,73881530761719;72,03319549560547;38,823543548583984;204,37545776367188;1971,6683349609375;185,28944396972656;161,61253356933594;23,54999542236328;1,3106423616409302;40,650001525878906;111,91481018066406;22,93653106689453;57,531982421875;7,105043411254883;42,75779342651367;87,43000030517578;155,53138732910156;65902,0
2021-06-23;121,47990417480469;212,54298400878906;111,05000305175781;61,09504699707031;53,7569465637207;73,23029327392578;69,82762145996094;38,960411071777344;207,50363159179688;1954,69287109375;192,76280212402344;166,4081573486328;23,2930908203125;1,334399938583374;41,650001525878906;111,91481018066406;22,753040313720703;58,51824188232422;7,04475212097168;41,681156158447266;85,76499938964844;150,74008178710938;66090,0
2021-06-24;121,0701904296875;212,2379608154297;109,80000305175781;64,01226806640625;54,850303649902344;72,87924194335938;72,36168670654297;39,00603103637695;212,36972045898438;1960,1849365234375;190,76991271972656;166,79180908203125;22,993364334106445;1,3819159269332886;42,0;111,91481018066406;23,48700714111328;58,84699630737305;7,091129779815674;41,958003997802734;87,13999938964844;149,8187255859375;66933,0
2021-06-25;115,85482788085938;205,6055908203125;104,3499984741211;64,26231384277344;54,21250915527344;71,47501373291016;68,09132385253906;38,41295623779297;206,28712463378906;1921,240966796875;189,9229278564453;162,1400604248047;22,05135726928711;1,4413106441497803;42,20000076293945;111,91481018066406;23,19342041015625;57,20323181152344;6,822140216827393;40,66604232788086;83,16500091552734;145,28549194335938;65134,0
2021-06-28;114,69999694824219;202,02252197265625;102,55000305175781;62,34528350830078;53,66582489013672;68,5612564086914;68,18517303466797;37,318050384521484;204,15821838378906;1914,2510986328125;183,8446044921875;157,5362548828125;21,83727264404297;1,5442613363265991;40,650001525878906;111,91481018066406;23,48700714111328;56,21696472167969;6,71083402633667;40,32767105102539;80,69999694824219;140,678466796875;64151,0
2021-06-29;110,67674255371094;196,80044555664062;100,9000015258789;61,261741638183594;54,94142150878906;69,86016082763672;65,93266296386719;37,318050384521484;203,072021484375;1898,2740478515625;184,74139404296875;154,5150146484375;21,66599464416504;1,5284227132797241;38,599998474121094;111,91481018066406;22,973228454589844;55,82245635986328;6,715471267700195;39,98929977416992;78,31500244140625;136,62435913085938;62972,0
2021-06-30;109,22388458251953;194,58966064453125;102,44999694824219;58,84461212158203;53,02803421020508;71,26437377929688;65,04105377197266;38,41295623779297;201,3776092529297;1899,771728515625;181,6025848388672;150,2469024658203;22,0085391998291;1,4927864074707031;39,75;111,91481018066406;23,120023727416992;59,70176696777344;6,627354145050049;40,23539352416992;79,02999877929688;135,8872528076172;62372,0
2021-07-01;108,03181457519531;193,1411895751953;102,0999984741211;58,4278678894043;53,02803421020508;74,14303588867188;64,33714294433594;38,18484878540039;195,55567932128906;1895,2784423828125;174,4281768798828;147,27362060546875;21,922914505004883;1,5759385824203491;39,400001525878906;111,91481018066406;23,120023727416992;58,189491271972656;6,631991863250732;40,08158874511719;80,0;135,18699645996094;62060,0
2021-07-02;109,29840087890625;197,4103240966797;104,5999984741211;61,011695861816406;53,5747184753418;78,95249938964844;65,97959899902344;38,86916732788086;199,42245483398438;1952,69580078125;176,81964111328125;152,40493774414062;22,47954559326172;1,742244005203247;38,70000076293945;111,91481018066406;23,63380241394043;57,663482666015625;6,743298053741455;40,54299545288086;79,40499877929688;139,35171508789062;63330,0
2021-07-05;112,12957763671875;202,7086944580078;107,8499984741211;63,178775787353516;54,759185791015625;80,63756561279297;67,15277862548828;38,823543548583984;211,02285766601562;1971,169189453125;182,6986846923828;155,37823486328125;22,736448287963867;1,9125083684921265;38,75;111,91481018066406;23,780597686767578;57,86073684692383;6,826777935028076;42,2348518371582;79,73500061035156;141,63673400878906;64849,0
2021-07-06;107,95732116699219;192,6456298828125;105,0;63,8455696105957;53,7569465637207;77,30254364013672;65,60417175292969;38,59544372558594;208,45948791503906;1962,18212890625;175,0758514404297;150,67852783203125;22,650819778442383;1,9798229932785034;37,79999923706055;111,91481018066406;23,08332633972168;58,38674545288086;6,910257339477539;41,834957122802734;76,79000091552734;137,54576110839844;63563,0
2021-07-07;108,62787628173828;190,6254119873047;107,9000015258789;63,34547424316406;53,483604431152344;76,63554382324219;65,1349105834961;38,50420379638672;210,02357482910156;1957,1893310546875;174,3783416748047;151,30194091796875;22,52235984802246;1,9323068857192993;37,400001525878906;111,91481018066406;22,532848358154297;58,25524139404297;6,910257339477539;41,896480560302734;76,79000091552734;137,3614959716797;63383,0
2021-07-08;106,05747985839844;186,77561950683594;108,75;62,01188659667969;52,66358184814453;79,40888214111328;63,02318572998047;36,9074592590332;208,8070526123047;1950,19921875;173,13278198242188;148,61639404296875;22,05135726928711;1,9045897722244263;36,599998474121094;111,91481018066406;22,606245040893555;58,189491271972656;6,882430553436279;46,23377990722656;74,4800033569336;133,4547576904297;62372,0
2021-07-12;110,37870025634766;195,50448608398438;112,80000305175781;61,845184326171875;53,02803421020508;79,44397735595703;66,16729736328125;37,865501403808594;219,49505615234375;1962,681396484375;176,4210662841797;157,68011474609375;22,136999130249023;1,9164680242538452;37,95000076293945;111,91481018066406;23,48700714111328;58,84699630737305;6,951997756958008;48,41781997680664;78,87999725341797;141,3418731689453;64215,0
2021-07-13;110,19246673583984;196,8385772705078;113,1500015258789;62,34528350830078;53,210262298583984;80,7077865600586;67,10584259033203;38,276092529296875;215,97584533691406;1962,18212890625;173,83029174804688;157,63217163085938;21,922914505004883;1,8649933338165283;38,349998474121094;111,91481018066406;24,037485122680664;58,84699630737305;6,99373722076416;49,83282470703125;79,36000061035156;142,33700561523438;64375,0
2021-07-14;110,15521240234375;195,88563537597656;108,6500015258789;62,178585052490234;52,66358184814453;78,98760986328125;66,49578857421875;38,276092529296875;223,2749786376953;1955,6915283203125;174,3783416748047;150,77442932128906;21,922914505004883;1,8016388416290283;38,70000076293945;111,91481018066406;24,36777114868164;58,51824188232422;7,02156400680542;50,571083068847656;77,94999694824219;141,82101440429688;63959,0
2021-07-15;107,92008972167969;191,0447235107422;107,5999984741211;62,51198196411133;52,11690139770508;78,39081573486328;65,69802856445312;37,683021545410156;229,9658203125;1958,6871337890625;175,42462158203125;151,6376495361328;21,751630783081055;1,7382841110229492;38,0;111,91481018066406;24,4411678314209;57,794986724853516;6,956634998321533;50,72488784790039;76,44499969482422;137,69313049316406;63485,0
2021-07-16;106,42999267578125;189,1388397216797;110,25;62,59532928466797;52,11690139770508;77,37274932861328;64,38407135009766;37,135562896728516;224,70872497558594;1953,6943359375;177,71644592285156;150,10304260253906;21,83727264404297;1,6749294996261597;37,5;111,91481018066406;24,220975875854492;57,86073684692383;7,02156400680542;49,03303146362305;74,4000015258789;137,91433715820312;63091,0
2021-07-19;104,60462951660156;189,0626220703125;109,0999984741211;60,67829895019531;50,56797409057617;72,28244018554688;63,914794921875;37,135562896728516;222,40603637695312;1921,240966796875;175,4744415283203;148,4725341796875;21,58036231994629;1,6115758419036865;36,900001525878906;111,91481018066406;23,890689849853516;57,005977630615234;7,118956565856934;47,67955017089844;73,66999816894531;135,55557250976562;62133,0
2021-07-20;106,3182373046875;188,5670928955078;114,94999694824219;62,178585052490234;52,025787353515625;76,03874206542969;64,99412536621094;37,04432678222656;230,1830596923828;1936,71875;178,31431579589844;154,89866638183594;21,83727264404297;1,7382841110229492;37,400001525878906;111,91481018066406;24,4411678314209;57,86073684692383;7,132869720458984;48,01792526245117;74,73500061035156;134,928955078125;63392,0
2021-07-21;110,97478485107422;197,79151916503906;116,0;66,51274871826172;53,93916702270508;79,51419067382812;68,18517303466797;37,865501403808594;236,74359130859375;1963,180908203125;183,8446044921875;153,89158630371094;22,136999130249023;1,8412346839904785;39,20000076293945;111,91481018066406;25,211833953857422;59,04425048828125;7,183885097503662;50,509559631347656;78,55500030517578;140,82591247558594;65832,0
2021-07-22;109,89442443847656;192,8743896484375;118,69999694824219;66,26270294189453;54,57696533203125;81,65563201904297;67,10584259033203;37,683021545410156;240,08900451660156;1960,6844482421875;181,35348510742188;154,03546142578125;22,0085391998291;1,8531137704849243;38,45000076293945;111,91481018066406;25,24853515625;59,175750732421875;7,123593807220459;50,448036193847656;78,36000061035156;136,91920471191406;65675,0
2021-07-23;107,80830383300781;188,22401428222656;116,0;66,01264953613281;54,57696533203125;79,86524963378906;64,66563415527344;37,181190490722656;240,08900451660156;1957,688720703125;178,2644805908203;152,45289611816406;21,79445457458496;1,876871943473816;38,849998474121094;111,91481018066406;25,24853515625;58,51824188232422;7,105043411254883;49,92509841918945;76,54499816894531;136,14523315429688;64841,0
2021-07-26;110,37870025634766;190,8160400390625;117,30000305175781;65,42920684814453;54,121395111083984;80,04077911376953;65,51033020019531;38,276092529296875;247,7357177734375;1966,1763916015625;180,05809020996094;156,38531494140625;21,83727264404297;1,8610334396362305;38,70000076293945;111,91481018066406;24,734756469726562;56,874473571777344;7,169971942901611;50,17119598388672;78,23999786376953;139,0199737548828;65531,0
2021-07-27;109,67095184326172;192,11203002929688;119,5999984741211;66,76278686523438;53,848052978515625;77,6886978149414;65,1349105834961;39,00603103637695;247,1708984375;1966,1763916015625;180,75559997558594;157,1046600341797;21,79445457458496;1,8174773454666138;38,75;111,91481018066406;24,514564514160156;57,86073684692383;7,169971942901611;53,06272888183594;77,16999816894531;140,93649291992188;65688,0
2021-07-28;111,04927062988281;192,98867797851562;119,5;69,68002319335938;54,121395111083984;79,90036010742188;66,07344818115234;40,420284271240234;253,64453125;1983,6513671875;183,3961944580078;154,61093139648438;21,537540435791016;1,7858000993728638;38,900001525878906;111,91481018066406;24,184280395507812;57,20323181152344;7,2256245613098145;50,41727828979492;77,58999633789062;141,41558837890625;66554,0
2021-07-29;109,96894836425781;192,18824768066406;119,94999694824219;70,93025970458984;55,032527923583984;81,09394073486328;66,35501098632812;41,05898666381836;258,11956787109375;1986,14794921875;183,34637451171875;155,6659698486328;21,36627197265625;1,742244005203247;39,849998474121094;111,91481018066406;24,62466049194336;57,400482177734375;7,23490047454834;50,41727828979492;80,24500274658203;142,44760131835938;67316,0
2021-07-30;106,20647430419922;187,3854522705078;113,75;70,18010711669922;54,94142150878906;78,81207275390625;65,04105377197266;40,73963928222656;251,6893768310547;1975,6627197265625;181,0047149658203;152,54881286621094;20,80963706970215;1,7145265340805054;39,0;111,91481018066406;23,817293167114258;56,151214599609375;7,23490047454834;50,20194625854492;78,875;139,16741943359375;66005,0
2021-08-02;106,05747985839844;184,48854064941406;111,8499984741211;70,43016052246094;56,0347785949707;80,42694091796875;64,33714294433594;41,83454132080078;251,1245880126953;1986,14794921875;180,35702514648438;153,02838134765625;20,381452560424805;1,781840205192566;40,29999923706055;111,91481018066406;23,743896484375;56,282711029052734;7,281278133392334;49,77130126953125;77,84500122070312;137,28778076171875;65940,0
2021-08-03;108,47887420654297;188,033447265625;111,44999694824219;69,0965805053711;55,670326232910156;78,42591857910156;65,51033020019531;40,73963928222656;253,8617706298828;1990,6416015625;179,46023559570312;156,00164794921875;20,50990867614746;1,781840205192566;41,0;111,91481018066406;23,523706436157227;57,86073684692383;7,327655792236328;48,29477310180664;77,75499725341797;136,36636352539062;65874,0
2021-08-04;106,95149993896484;186,08946228027344;109,6500015258789;69,26327514648438;54,4858512878418;77,47806549072266;65,04105377197266;38,823543548583984;250,55979919433594;1999,129150390625;179,36058044433594;151,73355102539062;20,42426872253418;1,8214362859725952;39,849998474121094;111,91481018066406;23,009929656982422;58,320987701416016;7,327655792236328;47,64878845214844;75,69000244140625;135,37123107910156;65088,0
2021-08-05;108,59063720703125;188,9863739013672;110,0;69,59667205810547;55,5792121887207;77,37274932861328;64,99412536621094;39,23413848876953;249,3866729736328;2112,966064453125;182,05099487304688;158,7831268310547;20,42426872253418;1,9006295204162598;40,0;111,91481018066406;23,92738914489746;59,96475601196289;7,415772914886475;47,61802673339844;78,95999908447266;137,84060668945312;66137,0
2021-08-06;108,329833984375;188,07154846191406;111,0;67,34624481201172;55,5792121887207;76,3897933959961;65,18182373046875;39,23413848876953;246,77984619140625;2131,938232421875;186,23606872558594;164,87356567382812;20,21017837524414;1,9362668991088867;40,29999923706055;111,91481018066406;24,037485122680664;59,175750732421875;7,429687023162842;46,54138946533203;78,67500305175781;137,50889587402344;65861,0
2021-08-09;107,65930938720703;189,36758422851562;109,80000305175781;70,26346588134766;56,0347785949707;74,17814636230469;65,228759765625;39,5991096496582;239,4373016357422;2139,427001953125;179,80897521972656;159,3585968017578;19,91045570373535;1,9085495471954346;39,79999923706055;111,91481018066406;23,670501708984375;59,83325958251953;7,411135673522949;46,079978942871094;80,26499938964844;138,28289794921875;66096,0
2021-08-10;112,83739471435547;198,4776153564453;112,55000305175781;72,0971450805664;56,7636833190918;75,12599182128906;68,41980743408203;41,423954010009766;245,91091918945312;2178,87109375;179,6096954345703;163,7226104736328;20,21017837524414;1,8531137704849243;40,54999923706055;111,91481018066406;24,11087989807129;59,175750732421875;7,448237895965576;46,47987365722656;84,42500305175781;144,43777465820312;68023,0
2021-08-11;115,9293441772461;201,64138793945312;111,9000015258789;73,01399230957031;58,58595657348633;74,35366821289062;70,10917663574219;42,33637237548828;249,43016052246094;2271,238525390625;180,50648498535156;164,969482421875;20,980911254882812;1,9125083684921265;40,900001525878906;111,91481018066406;24,47786521911621;58,189491271972656;7,56417989730835;48,079444885253906;89,4000015258789;146,3542938232422;69475,0
2021-08-12;114,25296783447266;199,5830535888672;113,44999694824219;73,84748840332031;58,22150421142578;74,3887710571289;68,98292541503906;42,473236083984375;247,1708984375;2296,702392578125;178,16485595703125;166,21633911132812;20,595544815063477;1,8412346839904785;40,54999923706055;111,91481018066406;24,62466049194336;60,162017822265625;7,401859760284424;46,35683059692383;87,30999755859375;144,511474609375;69493,0
2021-08-13;112,20410919189453;198,82066345214844;117,1500015258789;75,01437377929688;57,67481994628906;74,35366821289062;69,07678985595703;41,69768142700195;248,300537109375;2287,215087890625;178,11502075195312;164,4899139404297;20,42426872253418;1,809557557106018;41,45000076293945;111,91481018066406;24,771453857421875;58,38674545288086;7,095767974853516;46,11073684692383;86,28500366210938;143,8849639892578;69545,0
2021-08-17;110,49049377441406;193,2555389404297;112,5999984741211;74,5976333618164;55,943668365478516;70,87821197509766;66,542724609375;39,91845703125;240,30624389648438;2266,245361328125;176,91929626464844;159,11880493164062;19,867637634277344;1,7699614763259888;41,900001525878906;111,91481018066406;24,220975875854492;57,86073684692383;7,142145156860352;45,09562301635742;83,875;141,85789489746094;67999,0
2021-08-18;109,14939880371094;193,2555389404297;109,6500015258789;73,01399230957031;55,85254669189453;68,63146209716797;66,35501098632812;40,19218444824219;235,61392211914062;2255,7607421875;179,8588104248047;154,80274963378906;19,567909240722656;1,762041687965393;41,650001525878906;111,91481018066406;24,11087989807129;58,189491271972656;7,100405216217041;43,71137619018555;80,99500274658203;142,44760131835938;67094,0
2021-08-19;111,19828033447266;196,53358459472656;109,94999694824219;73,6807861328125;55,943668365478516;65,82301330566406;65,36953735351562;39,73596954345703;228,66241455078125;2222,308349609375;177,1185760498047;157,15261840820312;19,39664077758789;1,750162959098816;41,70000076293945;111,91481018066406;23,37691307067871;57,86073684692383;6,9659104347229;46,14149856567383;78,49500274658203;141,89471435546875;66682,0
2021-08-20;114,40200805664062;199,43057250976562;111,55000305175781;75,01437377929688;55,85254669189453;67,57828521728516;66,9650650024414;40,557151794433594;230,052734375;2249,76904296875;183,6453094482422;161,32479858398438;19,867637634277344;1,8016388416290283;40,54999923706055;111,91481018066406;23,597105026245117;56,08546829223633;6,849967002868652;47,61802673339844;80,23500061035156;146,79653930664062;67822,0
2021-08-23;118,42524719238281;209,45542907714844;112,9000015258789;75,2644271850586;56,30812072753906;67,85914611816406;69,40526580810547;41,05898666381836;232,22506713867188;2249,27001953125;188,37843322753906;164,92152404785156;20,42426872253418;1,8372751474380493;41,70000076293945;111,91481018066406;24,5512638092041;57,86073684692383;6,924170970916748;48,26401138305664;82,27999877929688;151,32980346679688;69050,0
2021-08-24;126,65800476074219;223,36830139160156;120,19999694824219;74,9310302734375;56,94591522216797;69,61441802978516;72,64324951171875;42,83820343017578;240,26283264160156;2275,232666015625;188,37843322753906;171,683349609375;21,2806339263916;1,8847908973693848;45,400001525878906;111,91481018066406;26,45958137512207;58,84699630737305;6,979824542999268;48,633140563964844;86,15499877929688;161,05975341796875;71354,0
2021-08-25;131,61257934570312;233,5837860107422;120,69999694824219;74,5142822265625;56,399234771728516;69,2282485961914;74,61418914794922;42,70133972167969;239,00282287597656;2288,71337890625;185,53855895996094;171,44357299804688;21,494726181030273;1,8649933338165283;48,95000076293945;111,91481018066406;26,679771423339844;59,175750732421875;6,924170970916748;47,80259704589844;87,125;170,64224243164062;72009,0
2021-08-26;132,50665283203125;231,1824493408203;118,9000015258789;73,2640380859375;55,5792121887207;69,26335906982422;72,73710632324219;43,11193084716797;233,78915405273438;2273,73486328125;185,83749389648438;176,8626251220703;21,494726181030273;1,8808308839797974;53,650001525878906;111,91481018066406;28,294506072998047;60,162017822265625;6,933446407318115;47,0950927734375;86,12000274658203;168,0991973876953;71551,0
2021-08-27;134,44375610351562;237,92921447753906;124,1500015258789;73,7641372680664;56,217010498046875;71,51011657714844;74,5672607421875;43,70500564575195;238,91595458984375;2350,125244140625;188,37843322753906;176,43101501464844;22,0085391998291;1,896669626235962;54,45000076293945;111,91481018066406;28,955078125;61,47703170776367;7,072578430175781;48,01792526245117;89,57499694824219;177,6817169189453;73204,0
2021-08-30;142,7137908935547;255,08212280273438;131,0;75,18107604980469;58,58595657348633;74,17814636230469;82,54487609863281;46,80724334716797;244,8682098388672;2438,997314453125;194,10801696777344;185,3508758544922;22,436723709106445;1,9996203184127808;62,400001525878906;111,91481018066406;32,184539794921875;64,10706329345703;7,336931228637695;50,01738357543945;90,76499938964844;192,6820068359375;76329,0
2021-08-31;140,66493225097656;250,62225341796875;129,8000030517578;75,3477783203125;59,952659606933594;72,98455047607422;81,23092651367188;47,674041748046875;241,87034606933594;2683,146484375;191,36778259277344;184,1519775390625;22,17981719970703;2,039217710494995;62,29999923706055;111,91481018066406;31,854257583618164;65,61933135986328;7,745053768157959;50,817169189453125;91,75;186,41648864746094;76452,0
2021-09-01;138,3552703857422;247,42037963867188;123,44999694824219;76,01457214355469;60,04376983642578;71,22927856445312;78,9784164428711;46,07730484008789;240,6103515625;2764,529541015625;188,02967834472656;179,50021362304688;22,0085391998291;1,975862979888916;63,45000076293945;111,91481018066406;30,71660041809082;65,75083923339844;7,61055850982666;50,755645751953125;88,58499908447266;183,5048828125;75233,0
2021-09-02;136,6416015625;242,31272888183594;123,05000305175781;77,01476287841797;60,590450286865234;72,49308013916016;78,83763885498047;44,617427825927734;240,48004150390625;2765,528564453125;189,3748779296875;178,8767852783203;21,965728759765625;1,928346872329712;65,44999694824219;111,91481018066406;30,34961700439453;67,7233657836914;7,661574363708496;52,293701171875;89,13500213623047;180,9987030029297;75115,0
2021-09-03;136,1946563720703;240,55935668945312;119,69999694824219;79,76528930664062;60,40822982788086;70,70269012451172;80,7147216796875;43,15755081176758;235,78775024414062;2753,546142578125;185,6880340576172;174,033203125;21,965728759765625;2,05505633354187;64,19999694824219;111,91481018066406;30,019330978393555;69,03836822509766;7,61055850982666;51,40162658691406;87,24500274658203;180,11416625976562;74735,0
2021-09-06;138,87681579589844;244,9046630859375;122,94999694824219;82,2657699584961;61,31936264038086;70,98353576660156;82,0286865234375;43,97873306274414;240,04556274414062;2776,013427734375;192,16494750976562;174,80050659179688;22,0085391998291;2,102571487426758;64,8499984741211;111,91481018066406;31,377174377441406;69,03836822509766;7,601282119750977;51,217063903808594;87,22000122070312;180,59332275390625;76003,0
2021-09-07;148,04087829589844;258,55072021484375;130,85000610351562;83,34931182861328;62,412723541259766;74,56431579589844;88,64541625976562;48,22148895263672;241,0013885498047;2792,090576171875;191,5670623779297;183,14488220214844;21,83727264404297;2,1223697662353516;64,8499984741211;111,91481018066406;31,59736442565918;69,20275115966797;7,61055850982666;53,831748962402344;93,86499786376953;193,8613739013672;79005,0
2021-09-08;147,03504943847656;251,57522583007812;124,5999984741211;83,34931182861328;61,501583099365234;72,21222686767578;86,76832580566406;47,26344680786133;232,7898712158203;2761,633056640625;187,4318084716797;177,72584533691406;21,109359741210938;2,0748536586761475;61,849998474121094;111,91481018066406;31,707460403442383;67,7233657836914;7,5224409103393555;52,201412200927734;91,7699966430664;187,0061798095703;77459,0
2021-09-09;144,83718872070312;254,700927734375;122,94999694824219;82,93257141113281;60,22599411010742;71,19417572021484;84,28118896484375;46,031681060791016;228,31483459472656;2770,12158203125;189,52435302734375;176,383056640625;20,895273208618164;2,0590150356292725;59,29999923706055;111,91481018066406;30,533109664916992;68,38086700439453;7,601282119750977;51,49391174316406;94,11499786376953;185,67941284179688;77127,0
2021-09-10;142,45303344726562;254,20538330078125;120,44999694824219;80,76548767089844;59,31486129760742;69,26335906982422;85,36051177978516;44,617427825927734;225,66456604003906;2744,158203125;187,03323364257812;175,2800750732422;20,595544815063477;2,0154590606689453;59,099998474121094;111,91481018066406;29,762441635131836;68,38086700439453;7,360119819641113;50,14042282104492;92,76000213623047;183,8365936279297;75895,0
2021-09-13;153,47972106933594;268,99493408203125;132,5500030517578;83,55768585205078;60,04376983642578;71,26437377929688;88,64541625976562;52,37301254272461;229,18377685546875;2869,981689453125;192,36422729492188;189,5230712890625;21,409090042114258;2,0590150356292725;63,849998474121094;111,91481018066406;32,95520782470703;70,0246353149414;7,7775187492370605;52,355224609375;97,1050033569336;200,1636962890625;80066,0
2021-09-14;149,53094482421875;272,12060546875;129,25;83,1826171875;60,590450286865234;69,3686752319336;86,1113510131836;52,281768798828125;224,8390655517578;2927,401611328125;192,36422729492188;181,3225555419922;20,766817092895508;2,039217710494995;61,849998474121094;133,77464294433594;33,358890533447266;68,87399291992188;7,7914299964904785;50,817169189453125;94,69999694824219;190,5075225830078;78989,0
2021-09-15;146,58802795410156;264,11590576171875;128,4499969482422;83,34931182861328;60,134883880615234;69,2282485961914;82,68566131591797;52,281768798828125;223,0142822265625;3093,6689453125;189,32505798339844;183,38467407226562;20,63836097717285;2,0114998817443848;58,599998474121094;133,77464294433594;34,12955856323242;71,66841125488281;7,786794662475586;49,70977783203125;95,2300033569336;185,56881713867188;78489,0
2021-09-16;148,3761444091797;268,880615234375;132,6999969482422;83,97443389892578;59,497093200683594;70,03569030761719;84,04654693603516;55,931461334228516;225,66456604003906;3236,468994140625;193,46031188964844;186,6936492919922;20,766817092895508;2,007540225982666;62,25;133,77464294433594;36,91864013671875;72,32592010498047;7,884185314178467;51,03249740600586;96,1050033569336;190,10208129882812;79738,0
2021-09-17;147,55661010742188;269,528564453125;129,1999969482422;81,76567077636719;59,31486129760742;67,12191772460938;81,88790893554688;56,296424865722656;229,35757446289062;3259,935791015625;187,23251342773438;184,24789428710938;20,63836097717285;2,0352578163146973;62,75;133,77464294433594;38,239784240722656;72,32592010498047;7,6754865646362305;50,26346969604492;93,21499633789062;184,7580108642578;78512,0
2021-09-20;134,6300048828125;243,45623779296875;120,5999984741211;78,01495361328125;55,39698791503906;62,73371124267578;75,17731475830078;50,18320083618164;226,9245147705078;3194,52783203125;182,89797973632812;171,63539123535156;19,91045570373535;1,975862979888916;58,900001525878906;133,77464294433594;34,496543884277344;70,3533935546875;7,4621500968933105;47,4026985168457;88,12000274658203;166,66183471679688;73635,0
2021-09-21;133,32623291015625;242,2745819091797;124,80000305175781;78,84844970703125;56,854801177978516;63,8922004699707;75,22425079345703;50,41130447387695;234,52777099609375;3166,067138671875;183,34637451171875;171,2037811279297;19,996089935302734;1,9600242376327515;60,150001525878906;133,77464294433594;35,193817138671875;69,69588470458984;7,360119819641113;47,2181282043457;87,32499694824219;165,40872192382812;73919,0
2021-09-22;137,61019897460938;245,7051544189453;128,85000610351562;75,59782409667969;54,759185791015625;66,70064544677734;79,49461364746094;55,79459762573242;232,7898712158203;3197,523681640625;185,63819885253906;178,78086853027344;20,295812606811523;1,9441856145858765;62,45000076293945;133,77464294433594;36,00117874145508;68,7096176147461;7,4992523193359375;48,694664001464844;86,99500274658203;171,4161834716797;74750,0
2021-09-23;136,86512756347656;243,22752380371094;127,9000015258789;75,51447296142578;56,854801177978516;68,3857192993164;79,35382843017578;56,25080490112305;232,96368408203125;3248,4521484375;187,03323364257812;174,99232482910156;20,895273208618164;1,975862979888916;60,45000076293945;115,4646987915039;36,184669494628906;70,0246353149414;7,56417989730835;49,555973052978516;86,50499725341797;170,97393798828125;74743,0
2021-09-24;135,039794921875;237,89111328125;126,9000015258789;76,0979232788086;57,128143310546875;67,19212341308594;78,46222686767578;54,06099319458008;228,5755157470703;3274,4150390625;187,68092346191406;174,6086883544922;20,42426872253418;1,9679442644119263;60,04999923706055;114,1568603515625;35,52410125732422;71,01090240478516;7,596645355224609;48,048683166503906;86,41000366210938;170,86337280273438;74180,0
2021-09-27;140,29238891601562;245,857666015625;128,39999389648438;75,09772491455078;56,672576904296875;68,8069839477539;80,99629211425781;55,338382720947266;235,04916381835938;3285,899169921875;191,51724243164062;177,82174682617188;20,50990867614746;2,007540225982666;62,900001525878906;114,1568603515625;35,634193420410156;70,18901824951172;7,578094482421875;49,27912139892578;89,80500030517578;177,79225158691406;75688,0
2021-09-28;140,14334106445312;243,9518280029297;129,5;76,01457214355469;57,128143310546875;68,63146209716797;81,23092651367188;54,0153694152832;236,7001495361328;3250,44921875;189,07594299316406;179,50021362304688;20,381452560424805;1,9798229932785034;62,45000076293945;114,1568603515625;35,193817138671875;69,69588470458984;7,578094482421875;49,12531661987305;90,62000274658203;178,713623046875;75808,0
2021-09-29;142,3040008544922;250,3936767578125;136,0500030517578;76,01457214355469;57,94816207885742;67,57828521728516;82,45103454589844;55,01903533935547;240,13246154785156;3324,345703125;189,8232879638672;186,1661376953125;20,42426872253418;1,975862979888916;62,599998474121094;121,44345092773438;35,891082763671875;69,03836822509766;7,517803192138672;48,90999221801758;89,44499969482422;179,85621643066406;76589,0
2021-09-30;144,42738342285156;250,24119567871094;135,5;77,76490783691406;57,94816207885742;66,59532928466797;83,15493774414062;55,65773391723633;241,1751708984375;3342,819580078125;195,7521514892578;184,1519775390625;20,295812606811523;1,9639842510223389;63,599998474121094;121,44345092773438;36,55165481567383;69,03836822509766;7,443599700927734;48,602386474609375;91,36000061035156;182,76776123046875;77364,0
2021-10-01;147,2957763671875;252,14703369140625;134,5500030517578;78,68175506591797;57,58370590209961;67,54318237304688;83,20186614990234;55,566490173339844;238,95938110351562;3333,83203125;189,8232879638672;188,56394958496094;20,381452560424805;1,9600242376327515;63,599998474121094;121,44345092773438;37,138832092285156;69,69588470458984;7,420411109924316;53,462615966796875;91,26499938964844;182,32550048828125;77626,0
2021-10-04;146,51348876953125;247,9922332763672;137,64999389648438;77,26480865478516;56,94591522216797;70,35162353515625;84,37504577636719;54,38033676147461;235,04916381835938;3368,783447265625;192,21475219726562;196,28489685058594;20,12454605102539;1,9481453895568848;63,0;121,44345092773438;39,41413497924805;69,86026000976562;7,438961505889893;53,95478820800781;92,20500183105469;179,08221435546875;77579,0
2021-10-05;145,8057098388672;249,0595245361328;139,35000610351562;78,09830474853516;57,31037139892578;70,38673400878906;84,65660095214844;55,74897384643555;230,8782196044922;3414,718994140625;194,25747680664062;192,6881866455078;20,295812606811523;2,0471363067626953;61,75;121,44345092773438;39,26734161376953;68,54523468017578;7,406497478485107;53,92403030395508;94,74500274658203;180,59332275390625;78192,0
2021-10-06;146,58802795410156;247,4585723876953;135,0;76,76471710205078;56,399234771728516;68,877197265625;83,38956451416016;56,25080490112305;228,879638671875;3418,214111328125;192,3144073486328;190,24241638183594;20,25299835205078;2,1184098720550537;63,0;121,44345092773438;38,45997619628906;68,38086700439453;7,364757537841797;52,324459075927734;92,875;180,5196075439453;77443,0
2021-10-07;146,32730102539062;244,2185821533203;139,0;75,3477783203125;56,30812072753906;68,73677062988281;81,93482971191406;57,482574462890625;230,3568572998047;3455,16259765625;193,16139221191406;194,65438842773438;20,25299835205078;2,1223697662353516;64,0;128,1695556640625;38,45997619628906;70,0246353149414;7,295190811157227;52,109134674072266;93,6449966430664;177,7554168701172;77553,0
2021-10-12;146,8115692138672;240,3686981201172;149,64999389648438;75,01437377929688;56,672576904296875;70,87821197509766;82,59180450439453;59,900489807128906;231,13890075683594;3519,18603515625;194,35711669921875;200,88870239257812;20,08172607421875;2,1540470123291016;65,5;128,1695556640625;39,193946838378906;68,38086700439453;7,295190811157227;52,047611236572266;89,84500122070312;175,5072021484375;77928,0
2021-10-13;146,66256713867188;241,24534606933594;151,14999389648438;77,59821319580078;56,94591522216797;69,895263671875;82,59180450439453;61,31474685668945;234,26708984375;3495,218994140625;195,6525115966797;202,6630859375;20,08172607421875;2,1342482566833496;65,80000305175781;128,1695556640625;39,927913665771484;67,55899047851562;7,295190811157227;52,478267669677734;89,51000213623047;174,69639587402344;78428,0
2021-10-14;148,33889770507812;247,7254180908203;152,75;81,01553344726562;60,317108154296875;73,72176361083984;85,9705581665039;64,00639343261719;239,74142456054688;3613,556884765625;203,6739044189453;202,8549041748047;20,338634490966797;2,1382083892822266;65,5;128,1695556640625;40,3682975769043;67,39460754394531;7,281278133392334;53,52414321899414;89,04499816894531;179,56130981445312;80138,0
2021-10-15;155,86383056640625;255,12017822265625;152,5;83,01591491699219;61,0460205078125;75,79299926757812;87,75379943847656;66,65242004394531;244,8247833251953;3733,392822265625;203,474609375;206,78732299804688;21,109359741210938;2,1540470123291016;65,44999694824219;128,1695556640625;41,028865814208984;68,87399291992188;7,39722204208374;54,69306182861328;90,37999725341797;181,95697021484375;81990,0
2021-10-18;157,7264404296875;254,85333251953125;153,1999969482422;84,18280792236328;60,68156433105469;77,79401397705078;87,5191650390625;69,98274993896484;244,8247833251953;3993,53759765625;201,1827850341797;210,76768493652344;21,623180389404297;2,1738457679748535;66,55000305175781;128,1695556640625;41,909629821777344;70,68214416503906;7,448237895965576;56,20034408569336;89,47000122070312;186,490234375;82860,0
2021-10-19;160,07337951660156;257,59783935546875;160,35000610351562;86,68328094482422;61,501583099365234;78,42591857910156;89,02082824707031;71,89884185791016;244,4337158203125;4004,023193359375;205,76644897460938;214,8919219970703;22,35108757019043;2,1896841526031494;67,5;128,1695556640625;43,450965881347656;71,66841125488281;7,4621500968933105;58,10752868652344;90,33999633789062;187,66961669921875;84308,0
2021-10-20;169,57275390625;275,2843322753906;163,4499969482422;87,30841064453125;63,96165084838867;80,18119812011719;94,4643783569336;71,9444580078125;246,9536590576172;4024,994384765625;213,14015197753906;225,15455627441406;22,607994079589844;2,1976029872894287;69,44999694824219;128,1695556640625;46,16665267944336;71,33966064453125;7,513166427612305;58,44589614868164;94,02999877929688;202,96478271484375;87056,0
2021-10-21;168,60415649414062;273,2640686035156;164,0;86,89165496826172;64,87278747558594;80,56737518310547;94,18281555175781;74,31675720214844;241,30555725097656;4002,524658203125;212,0440673828125;225,77798461914062;22,393903732299805;2,1698856353759766;69,3499984741211;128,1695556640625;49,54290771484375;71,33966064453125;7,443599700927734;57,6461181640625;92,13500213623047;201,96966552734375;86795,0
2021-10-22;170,54127502441406;272,3492736816406;162,5;87,10002899169922;65,41947174072266;79,33866882324219;93,71354675292969;76,5065689086914;242,4785919189453;4005,5205078125;211,79495239257812;223,28427124023438;22,222631454467773;2,1342482566833496;73,05000305175781;128,1695556640625;49,90989303588867;71,66841125488281;7,346207141876221;58,75350570678711;90,51000213623047;202,37501525878906;86899,0
2021-10-25;176,83694458007812;278,371826171875;163,75;91,47586822509766;68,7906723022461;78,98760986328125;94,4643783569336;78,60514068603516;242,82620239257812;3990,041748046875;213,18997192382812;233,9305419921875;22,47954559326172;2,1302895545959473;75,0999984741211;128,1695556640625;51,30443572998047;72,16153717041016;7,5224409103393555;61,24515151977539;94,26000213623047;212,95265197753906;89392,0
2021-10-26;175,0115509033203;273,45477294921875;162,60000610351562;89,80888366699219;70,0662612915039;78,70677185058594;93,24427032470703;77,41899871826172;246,91021728515625;3971,567626953125;216,77719116210938;231,4847869873047;22,17981719970703;2,1421685218811035;75,55000305175781;128,1695556640625;51,30443572998047;72,98343658447266;7,596645355224609;61,86037063598633;94,44999694824219;210,40960693359375;88908,0
2021-10-27;166,66700744628906;259,9610595703125;155,0;86,05815887451172;68,88176727294922;77,23233032226562;89,25546264648438;72,0813217163086;240,26283264160156;3934,61767578125;210,35011291503906;219,92733764648438;21,58036231994629;2,1065311431884766;73,30000305175781;128,1695556640625;48,441951751708984;73,31218719482422;7,4853386878967285;60,90678024291992;92,24500274658203;197,3995361328125;85353,0
2021-10-28;170,466796875;260,0373840332031;156,5;86,68328094482422;71,06849670410156;79,40888214111328;88,97390747070312;71,26013946533203;244,12960815429688;3945,6025390625;208,955078125;219,20799255371094;21,36627197265625;2,1302895545959473;71,9000015258789;128,1695556640625;48,295162200927734;74,46281433105469;7,559543609619141;62,41407012939453;90,61000061035156;200,0899658203125;86034,0
2021-10-29;163,9476318359375;249,28814697265625;152,14999389648438;87,51677703857422;69,79290008544922;76,17915344238281;84,8912353515625;66,56116485595703;240,74072265625;3919,638427734375;207,06182861328125;208,41783142089844;20,50990867614746;2,027338981628418;68,69999694824219;128,1695556640625;45,139095306396484;74,79157257080078;7,142145156860352;61,368186950683594;88,21499633789062;189,84408569335938;83561,0
2021-11-01;171,99415588378906;259,4656066894531;156,0;91,89261627197266;74,439697265625;80,07588195800781;88,97390747070312;71,03203582763672;250,9942626953125;3978,5576171875;216,77719116210938;216,47447204589844;21,109359741210938;2,08673357963562;70,80000305175781;128,1695556640625;47,634586334228516;79,06538391113281;7,406497478485107;63,982872009277344;93,6050033569336;198,7632293701172;87460,0
2021-11-02;179,22113037109375;267,1653137207031;156,4499969482422;95,4349594116211;77,66818237304688;79,40888214111328;90,89791107177734;72,30943298339844;258,901611328125;3954,09130859375;218,27186584472656;223,0924530029297;21,194997787475586;2,1382083892822266;70,44999694824219;128,1695556640625;47,634586334228516;78,40787506103516;7,694038391113281;63,982872009277344;91,76000213623047;204,03358459472656;89273,0
2021-11-03;187,30484008789062;275,0937194824219;158,85000610351562;101,6861572265625;81,819091796875;79,37377166748047;94,55824279785156;76,55218505859375;264,15875244140625;3953,092529296875;218,17221069335938;223,95565795898438;21,623180389404297;2,1421685218811035;73,25;128,1695556640625;48,368560791015625;81,03790283203125;7,694038391113281;64,59809875488281;93,25499725341797;211,44158935546875;92095,0
2021-11-04;182,499267578125;267,6227111816406;153,64999389648438;107,1038589477539;84,40189361572266;78,88229370117188;91,55490112304688;74,22550964355469;260,5526123046875;3934,1181640625;214,33590698242188;214,93988037109375;21,36627197265625;2,1263296604156494;72,5;128,1695556640625;47,48779296875;80,3803939819336;7,698675155639648;63,921356201171875;90,7249984741211;203,2227783203125;91258,0
2021-11-05;183,1698760986328;265,9073791503906;158,9499969482422;112,52156829833984;89,19849395751953;79,86524963378906;88,9269790649414;76,09597778320312;269,41583251953125;3795,308349609375;217,22560119628906;219,78346252441406;21,323450088500977;2,1421685218811035;70,5;128,1695556640625;47,92817687988281;78,40787506103516;7,661574363708496;62,5986328125;91,9000015258789;200,82711791992188;92896,0
2021-11-08;191,4770965576172;278,2574768066406;164,8000030517578;114,18855285644531;92,934326171875;79,44397735595703;92,16494750976562;81,43365478515625;270,3716735839844;3787,818603515625;223,20428466796875;229,2308349609375;21,965728759765625;2,3837060928344727;70,4000015258789;128,1695556640625;49,763099670410156;83,5035629272461;7,986217021942139;63,921356201171875;94,99500274658203;207,38746643066406;96045,0
2021-11-09;189,54000854492188;276,38970947265625;159,9499969482422;107,7289810180664;89,65970611572266;78,39081573486328;92,54036712646484;77,92082214355469;267,634521484375;3810,910400390625;224,99789428710938;222,61288452148438;21,83727264404297;2,3916256427764893;68,4000015258789;128,1695556640625;49,24932098388672;83,1748046875;7,888824462890625;63,06005096435547;96,2750015258789;209,6725616455078;94381,0
2021-11-10;191,9241180419922;283,4414367675781;159,25;111,47969818115234;91,13558959960938;76,21427154541016;94,60516357421875;76,0047378540039;270,849609375;3814,905029296875;230,3787078857422;226,30551147460938;21,79445457458496;2,35202956199646;66,3499984741211;128,1695556640625;48,808937072753906;83,9967041015625;7,865634918212891;63,06005096435547;95,28500366210938;212,8052215576172;95131,0
2021-11-11;190,508544921875;288,96844482421875;165,9499969482422;113,98017883300781;93,85674285888672;77,26744079589844;92,02417755126953;76,36969757080078;274,9336242675781;3941,7353515625;235,4107666015625;228,2237548828125;21,83727264404297;2,379747152328491;66,69999694824219;128,1695556640625;46,75382614135742;83,5035629272461;8,153175354003906;62,844722747802734;93,46499633789062;209,89366149902344;95944,0
2021-11-12;185,40496826171875;280,7351989746094;163,60000610351562;113,98017883300781;95,00977325439453;77,96955108642578;91,32026672363281;75,22917938232422;262,46429443359375;3942,734130859375;231,02639770507812;225,39434814453125;21,751630783081055;2,3718271255493164;67,5;128,1695556640625;44,9922981262207;82,51729583740234;8,023319244384766;61,79884719848633;94,80000305175781;207,57171630859375;94963,0
2021-11-15;178,69960021972656;274,2932434082031;156,85000610351562;113,77179718017578;95,24037170410156;75,65258026123047;90,05323028564453;76,36969757080078;252,7321319580078;3966,702392578125;225,69540405273438;221,5098876953125;21,4519100189209;2,3243114948272705;63,900001525878906;128,1695556640625;43,083980560302734;83,5035629272461;8,055784225463867;62,1987419128418;90,9749984741211;199,31600952148438;92999,0
2021-11-16;165,62399291992188;253,02371215820312;152,39999389648438;112,72994232177734;92,47310638427734;75,61746978759766;86,67446899414062;71,67073059082031;247,5618896484375;3969,6982421875;225,69540405273438;217,2417755126953;21,023723602294922;2,308473825454712;59,29999923706055;128,1695556640625;41,4692497253418;80,54476928710938;8,037232398986816;60,90678024291992;87,125;185,93739318847656;89674,0
2021-11-17;158,73228454589844;248,3352813720703;153,5500030517578;108,77084350585938;87,9071044921875;74,84514617919922;84,18733215332031;68,3860092163086;250,64671325683594;3926,755615234375;224,69895935058594;210,7197265625;20,93808937072754;2,292635202407837;61,25;128,1695556640625;41,028865814208984;78,90100860595703;7,967666149139404;59,58405685424805;84,93499755859375;178,97161865234375;87542,0
2021-11-18;163,9476318359375;256,3399963378906;161,14999389648438;110,64620971679688;88,4605712890625;74,49408721923828;84,84432220458984;66,01371765136719;257,1637268066406;3950,22412109375;234,81289672851562;209,13717651367188;21,2806339263916;2,284715175628662;61,349998474121094;128,1695556640625;41,322452545166016;80,70914459228516;8,310859680175781;59,491783142089844;88,75;184,94227600097656;89512,0
2021-11-19;156,161865234375;243,3037109375;154,25;106,68711853027344;83,6639404296875;71,15906524658203;80,66779327392578;62,911476135253906;245,3895721435547;3940,736572265625;222,9053497314453;198,20314025878906;21,109359741210938;2,2649166584014893;58,599998474121094;128,1695556640625;41,24905776977539;80,3803939819336;7,963028430938721;56,53871154785156;84,2249984741211;175,02806091308594;85695,0
2021-11-23;149,15843200683594;233,92686462402344;154,39999389648438;105,85362243652344;80,89666748046875;69,86016082763672;78,79070281982422;62,2271614074707;233,7457275390625;3899,79150390625;209,7522430419922;196,4767303466797;20,723997116088867;2,2134413719177246;59,45000076293945;128,1695556640625;41,322452545166016;76,92847442626953;8,194915771484375;54,78533935546875;82,81999969482422;164,22930908203125;83771,0
2021-11-24;149,75445556640625;232,897705078125;151,3000030517578;103,76988983154297;83,4794692993164;70,10588836669922;79,49461364746094;64,28011322021484;232,74644470214844;3860,843505859375;213,5387420654297;194,75030517578125;21,023723602294922;2,2015628814697266;61,5;128,1695556640625;41,83623123168945;77,58599090576172;8,148538589477539;54,13935852050781;81,06999969482422;162,42340087890625;83481,0
2021-11-25;152,51116943359375;237,0906982421875;150,85000610351562;104,60338592529297;87,99935150146484;72,598388671875;80,52701568603516;65,96810150146484;242,0006866455078;3906,2822265625;213,6383819580078;199,06637573242188;20,80963706970215;2,253037691116333;62,400001525878906;128,1695556640625;42,93718719482422;80,87352752685547;8,394339561462402;56,507957458496094;82,30999755859375;166,73553466796875;84957,0
2021-11-26;144,87442016601562;219,86151123046875;142,0;100,01917266845703;83,57169342041016;68,877197265625;75,8812255859375;59,76362991333008;230,1830596923828;3794,431884765625;205,86610412597656;181,1307373046875;20,338634490966797;2,1698856353759766;59,5;128,1695556640625;40,221500396728516;78,24349212646484;8,436079025268555;55,36980056762695;75,87000274658203;157,00558471679688;80369,0
2021-11-29;139,62184143066406;220,85263061523438;141,5;98,76892852783203;85,32431030273438;68,42082214355469;75,78736877441406;59,58115005493164;221,40675354003906;3769,4658203125;208,45684814453125;174,56072998046875;20,295812606811523;2,1065311431884766;60,599998474121094;127,04853057861328;39,04715347290039;78,24349212646484;8,259843826293945;52,60131072998047;73,75499725341797;151,80894470214844;79095,0
2021-11-30;141,07469177246094;219,97589111328125;144,0;95,8517074584961;83,11048126220703;66,56021881103516;78,22758483886719;59,946109771728516;223,0577392578125;3782,4482421875;213,33946228027344;177,00650024414062;20,25299835205078;2,1659257411956787;62,54999923706055;127,04853057861328;39,193946838378906;77,58599090576172;8,343324661254883;55,40056228637695;76,0250015258789;153,8728485107422;79316,0
2021-12-01;155,75210571289062;242,38897705078125;160,8000030517578;98,76892852783203;86,06224822998047;72,00159454345703;83,90577697753906;68,7966079711914;234,61465454101562;3872,328125;216,57791137695312;185,97430419921875;21,109359741210938;2,260957717895508;63,849998474121094;131,15895080566406;41,909629821777344;81,69540405273438;9,057538032531738;62,75243377685547;82,4749984741211;168,83628845214844;85165,0
2021-12-02;154,70899963378906;244,52357482910156;164,14999389648438;102,311279296875;90,21316528320312;72,42285919189453;86,76832580566406;68,15790557861328;235,7008514404297;3918,766357421875;217,72381591796875;192,25657653808594;21,409090042114258;2,272836446762085;63,25;131,15895080566406;44,03813934326172;81,03790283203125;10,161324501037598;60,62992477416992;88,48500061035156;175,35975646972656;87451,0
2021-12-03;152,6228790283203;239,72073364257812;162,0;102,311279296875;92,15025329589844;71,0888442993164;85,87671661376953;65,01004791259766;235,96151733398438;3908,280029296875;216,42843627929688;192,97592163085938;21,323450088500977;2,241159200668335;61,400001525878906;131,15895080566406;43,74455261230469;80,0516357421875;9,753202438354492;61,55276870727539;86,19999694824219;170,9002227783203;86360,0
2021-12-06;155,528564453125;242,4271240234375;166,6999969482422;104,60338592529297;95,00977325439453;74,73983001708984;87,190673828125;66,83489227294922;237,9166259765625;3907,28125;216,9764862060547;196,23695373535156;21,323450088500977;2,332231044769287;62,849998474121094;131,15895080566406;45,065696716308594;79,2297592163086;9,702187538146973;61,060585021972656;90,11000061035156;173,51699829101562;88287,0
2021-12-07;158,69503784179688;243,60867309570312;165,85000610351562;105,43687438964844;94,54855346679688;74,63451385498047;88,8331298828125;69,89151000976562;242,0006866455078;3919,26513671875;224,10107421875;200,313232421875;21,751630783081055;2,367868423461914;61,150001525878906;131,15895080566406;44,84550476074219;80,87352752685547;9,688274383544922;60,90678024291992;91,81500244140625;169,3154296875;89243,0
2021-12-09;152,77191162109375;234,7654571533203;159,85000610351562;105,85362243652344;92,70372009277344;74,14303588867188;85,07894897460938;67,19986724853516;229,2272186279297;3901,78857421875;217,47470092773438;191,24949645996094;21,4519100189209;2,336190938949585;59,20000076293945;131,15895080566406;44,62531661987305;78,90100860595703;9,326529502868652;59,03036117553711;87,12000274658203;161,90740966796875;86545,0
2021-12-10;148,56240844726562;227,9424591064453;157,0500030517578;106,4787368774414;93,62613677978516;74,73983001708984;82,1225357055664;65,1925277709961;226,794189453125;3912,2744140625;212,5921173095703;190,09854125976562;21,2806339263916;2,284715175628662;58,0;131,15895080566406;44,69871139526367;79,2297592163086;9,5723295211792;58,38438034057617;84,9749984741211;156,74761962890625;85441,0
2021-12-13;139,99435424804688;213,9532928466797;148,35000610351562;104,81175231933594;91,68904113769531;71,40480041503906;75,22425079345703;61,26912307739258;220,277099609375;3892,800537109375;202,37852478027344;178,73292541503906;20,85245132446289;2,209481716156006;54,95000076293945;127,04853057861328;43,74455261230469;79,55850982666016;9,372905731201172;56,323394775390625;80,4749984741211;148,7130584716797;81948,0
2021-12-14;144,94894409179688;219,86151123046875;146,5;105,02013397216797;92,15025329589844;69,29846954345703;75,03653717041016;60,58481216430664;214,88966369628906;3874,824462890625;203,474609375;174,1770782470703;21,109359741210938;2,272836446762085;54,54999923706055;127,04853057861328;43,52436065673828;78,24349212646484;9,377543449401855;54,07783889770508;80,09500122070312;150,66639709472656;82179,0
2021-12-15;142,2667694091797;221,0431365966797;147,60000610351562;105,02013397216797;86,80018615722656;66,66554260253906;73,30023193359375;58,030029296875;209,58909606933594;3844,364990234375;195,4532012939453;171,63539123535156;20,980911254882812;2,292635202407837;53,5;127,04853057861328;41,983028411865234;78,57225036621094;9,275513648986816;52,201412200927734;77,59500122070312;152,03009033203125;80939,0
2021-12-16;148,33889770507812;226,37965393066406;153,75;105,85362243652344;87,99935150146484;67,3676528930664;74,28569793701172;58,3493766784668;217,06202697753906;3867,33447265625;197,89451599121094;175,66371154785156;21,023723602294922;2,336190938949585;54,150001525878906;127,04853057861328;42,203216552734375;78,24349212646484;9,465662002563477;52,416748046875;80,3949966430664;159,88035583496094;82995,0
2021-12-17;146,43902587890625;228,55230712890625;153,8000030517578;106,0619888305664;87,53813934326172;69,68461608886719;73,06559753417969;58,668724060058594;220,88536071777344;3854,85107421875;203,02621459960938;179,35635375976562;21,194997787475586;2,3837060928344727;54,25;127,04853057861328;41,61604309082031;81,36665344238281;9,623345375061035;53,06272888183594;80,23500061035156;159,58546447753906;83234,0
2021-12-20;145,8802032470703;222,49166870117188;154,5;101,2694091796875;85,04757690429688;68,17509460449219;72,97174072265625;58,668724060058594;217,5833740234375;3799,925048828125;201,63119506835938;173,8413848876953;21,409090042114258;2,379747152328491;53,5;127,04853057861328;41,1756591796875;79,06538391113281;9,553779602050781;52,90892028808594;78,81999969482422;157,18988037109375;81908,0
2021-12-21;148,6368865966797;229,31466674804688;166,1999969482422;102,5196533203125;85,97000885009766;68,98251342773438;75,13038635253906;59,85487365722656;222,536376953125;3815,9033203125;206,36431884765625;182,08985900878906;21,70881462097168;2,379747152328491;52,04999923706055;127,04853057861328;41,102264404296875;78,90100860595703;10,096396446228027;55,18523406982422;81,83999633789062;161,05975341796875;84138,0
2021-12-22;147,891845703125;224,8168487548828;162,25;104,39500427246094;83,84842681884766;70,49205017089844;74,23877716064453;59,033687591552734;226,794189453125;3799,42529296875;203,27532958984375;179,26043701171875;21,83727264404297;2,3559889793395996;51,0;127,04853057861328;40,44169235229492;80,21601867675781;9,66044807434082;54,17011642456055;81,5199966430664;157,77955627441406;83652,0
2021-12-23;148,45066833496094;228,2473907470703;161,6999969482422;107,5206069946289;85,87775421142578;70,56227111816406;75,41195678710938;60,76729202270508;232,2685089111328;3802,921142578125;210,25045776367188;180,3154754638672;22,17981719970703;2,3599486351013184;52,25;127,04853057861328;40,44169235229492;81,20227813720703;9,96190071105957;53,67794418334961;81,7249984741211;160,98599243164062;84850,0
2021-12-27;149,08392333984375;227,98056030273438;158,9499969482422;108,3541030883789;85,13983154296875;66,56021881103516;75,8812255859375;60,128597259521484;229,1403350830078;3803,419677734375;212,2433624267578;178,39723205566406;22,17981719970703;2,4272632598876953;53,79999923706055;127,04853057861328;40,00130844116211;81,20227813720703;9,785666465759277;53,52414321899414;81,91000366210938;164,15562438964844;84571,0
2021-12-28;143,90585327148438;216,92652893066406;161,35000610351562;106,68711853027344;80,80442810058594;67,08680725097656;73,44100952148438;57,573814392089844;230,00926208496094;3845,86328125;206,01556396484375;178,58905029296875;22,17981719970703;2,4312222003936768;51,849998474121094;127,04853057861328;38,973751068115234;81,53103637695312;9,470298767089844;51,37086486816406;80,16000366210938;156,04733276367188;82784,0
2021-12-29;146,7742919921875;219,59469604492188;163,75;106,89549255371094;84,65523529052734;66,56021881103516;75,92816162109375;60,17421340942383;230,052734375;3870,830078125;207,56005859375;178,78086853027344;22,17981719970703;2,474778175354004;52,099998474121094;127,04853057861328;39,927913665771484;80,21601867675781;9,539865493774414;51,893802642822266;80,62000274658203;164,8927459716797;84007,0
2021-12-30;145,54493713378906;219,25164794921875;166,1999969482422;103,97826385498047;85,85535430908203;69,0527114868164;76,49127960205078;58,942447662353516;236,5263671875;3877,3212890625;201,5813751220703;173,69752502441406;22,17981719970703;2,538132429122925;57,04999923706055;127,04853057861328;39,70772171020508;81,53103637695312;9,646533966064453;53,216529846191406;77,84500122070312;165,3350067138672;83500,0
2022-01-03;149,94076538085938;224,3212127685547;167,3000030517578;106,4787368774414;86,68622589111328;70,35162353515625;77,89908599853516;62,4096565246582;238,0904541015625;3891,802001953125;207,3607635498047;178,2053985595703;22,17981719970703;2,625244617462158;59,54999923706055;127,04853057861328;39,927913665771484;79,88726043701172;9,887697219848633;53,831748962402344;83,08000183105469;164,81900024414062;85579,0
2022-01-04;146,96055603027344;221,3099822998047;166,3000030517578;108,77084350585938;85,30143737792969;69,86016082763672;76,35050201416016;60,44794464111328;235,22293090820312;3880,317626953125;211,1472625732422;179,3083953857422;22,17981719970703;2,633164882659912;58,70000076293945;127,04853057861328;39,78112030029297;78,73663330078125;9,845956802368164;52,72434997558594;84,38999938964844;160,87550354003906;85286,0
2022-01-05;143,90585327148438;214,4869842529297;158,5500030517578;107,31224060058594;83,91668701171875;68,28038787841797;76,49127960205078;58,942447662353516;237,2215118408203;3852,854248046875;209,652587890625;176,383056640625;22,17981719970703;2,585648775100708;56,29999923706055;127,04853057861328;39,41413497924805;77,25724029541016;10,022192001342773;53,155006408691406;82,83999633789062;156,6739044189453;83836,0
2022-01-06;145,3586883544922;220,62393188476562;159,25;106,4787368774414;82,34728240966797;67,68360900878906;76,44434356689453;58,25812911987305;237,65599060058594;3811,40966796875;207,3607635498047;175,9034881591797;22,17981719970703;2,5420925617218018;56,25;127,04853057861328;39,193946838378906;78,73663330078125;9,915523529052734;52,170654296875;82,9000015258789;160,24891662597656;83748,0
2022-01-07;147,51931762695312;223,3302001953125;162,10000610351562;106,4787368774414;82,9935073852539;68,70166778564453;77,6644515991211;59,76362991333008;238,61181640625;3804,918212890625;208,8056182861328;177,7738037109375;22,17981719970703;2,5302138328552246;54,79999923706055;127,04853057861328;38,826961517333984;81,53103637695312;9,901610374450684;52,201412200927734;83,44000244140625;162,8288116455078;84402,0
2022-01-10;146,6252899169922;221,88177490234375;158,14999389648438;106,27037048339844;82,16265106201172;69,29846954345703;76,6320571899414;58,44062042236328;235,09259033203125;3785,44384765625;209,4532928466797;187,07730102539062;22,565181732177734;2,502495765686035;53,45000076293945;127,04853057861328;38,38657760620117;81,85978698730469;9,748564720153809;51,37086486816406;82,16000366210938;160,69122314453125;83746,0
2022-01-11;149,08392333984375;225,1217498779297;158,64999389648438;105,43687438964844;82,90119171142578;69,6495132446289;76,81976318359375;61,31474685668945;235,1360321044922;3745,996826171875;213,18997192382812;194,60643005371094;22,607994079589844;2,490616798400879;53,25;127,04853057861328;38,753562927246094;80,87352752685547;9,827406883239746;52,262935638427734;84,91500091552734;161,83370971679688;84702,0
2022-01-12;148,7859344482422;225,73165893554688;161,9499969482422;105,64524841308594;82,0703353881836;70,59737396240234;76,39742279052734;64,00639343261719;235,04916381835938;3693,0673828125;212,2433624267578;197,1481170654297;22,650819778442383;2,5143752098083496;53,79999923706055;127,04853057861328;38,68016815185547;80,87352752685547;9,915523529052734;52,416748046875;85,33000183105469;164,52418518066406;85100,0
2022-01-13;148,00364685058594;229,50523376464844;162,25;104,60338592529297;83,82437133789062;71,86117553710938;77,2890396118164;64,14326477050781;233,52850341796875;3665,104248046875;208,955078125;192,0167999267578;22,607994079589844;2,5302138328552246;54,04999923706055;127,04853057861328;38,60676574707031;82,18853759765625;9,864508628845215;51,986087799072266;87,93499755859375;167,91493225097656;85371,0
2022-01-14;147,2957763671875;232,66903686523438;161,4499969482422;105,02013397216797;83,91668701171875;71,43990325927734;75,64659118652344;64,59945678710938;233,224365234375;3604,186279296875;210,59922790527344;189,90672302246094;22,436723709106445;2,550011157989502;52,599998474121094;127,04853057861328;38,753562927246094;84,32544708251953;9,915523529052734;51,92456817626953;89,73999786376953;164,7452850341797;85481,0
2022-01-17;145,99200439453125;228,2092742919922;160,35000610351562;103,76988983154297;83,54742431640625;70,91332244873047;75,13038635253906;65,2837905883789;240,9579315185547;3548,260986328125;212,14370727539062;188,7078094482422;22,607994079589844;2,5460517406463623;53,04999923706055;127,04853057861328;38,38657760620117;83,5035629272461;9,84131908416748;51,37086486816406;88,61000061035156;164,4504852294922;85039,0
2022-01-18;140,77664184570312;225,236083984375;156,85000610351562;102,311279296875;82,716552734375;71,47501373291016;73,48794555664062;61,45161056518555;231,83404541015625;3540,271484375;210,0013427734375;183,43263244628906;22,222631454467773;2,5104153156280518;51,849998474121094;123,68549346923828;38,019596099853516;82,18853759765625;9,910886764526367;52,170654296875;88,02999877929688;159,14321899414062;83351,0
2022-01-19;142,34129333496094;228,70477294921875;160,14999389648438;102,5196533203125;82,716552734375;73,2654037475586;72,31476593017578;60,26546859741211;229,40101623535156;3521,79638671875;209,7522430419922;187,55686950683594;22,136999130249023;2,550011157989502;51,79999923706055;123,68549346923828;37,43241882324219;83,83231353759766;9,915523529052734;52,570552825927734;86,62999725341797;159,2169189453125;83528,0
2022-01-20;145,8057098388672;236,0233612060547;164,85000610351562;103,76988983154297;85,02449035644531;76,53022003173828;74,19184875488281;61,99906539916992;232,181640625;3512,308837890625;221,2113800048828;190,62606811523438;22,09417724609375;2,522294044494629;52,54999923706055;123,68549346923828;37,872798919677734;83,9967041015625;9,910886764526367;55,154476165771484;87,73500061035156;163,71334838867188;85126,0
2022-01-21;141,1119384765625;227,33258056640625;166,25;103,3531494140625;82,9935073852539;74,59941101074219;73,20636749267578;59,946109771728516;226,75074768066406;3464,8720703125;219,4177703857422;187,94052124023438;21,537540435791016;2,4708192348480225;53,29999923706055;123,68549346923828;36,07457733154297;80,21601867675781;9,873785018920898;55,92349624633789;85,16500091552734;161,87057495117188;83623,0
2022-01-24;135,26332092285156;213,07662963867188;163,8000030517578;101,06103515625;78,562255859375;73,33560943603516;70,86001586914062;56,57015609741211;223,4053192138672;3370,498291015625;217,12594604492188;185,0151824951172;21,194997787475586;2,35202956199646;53,349998474121094;123,68549346923828;33,835968017578125;78,24349212646484;9,822768211364746;54,20088195800781;82,62000274658203;153,6885528564453;81004,0
2022-01-25;147,44483947753906;224,13072204589844;176,0500030517578;103,3531494140625;80,59325408935547;78,53124237060547;75,74044036865234;60,17421340942383;231,39955139160156;3417,935302734375;219,4676055908203;193,45547485351562;21,751630783081055;2,4312222003936768;54,400001525878906;123,68549346923828;36,07457733154297;78,24349212646484;9,96190071105957;55,52360153198242;88,95999908447266;163,4185028076172;85180,0
2022-01-26;148,2270965576172;230,4200897216797;174,14999389648438;103,56151580810547;81,79338836669922;78,70677185058594;77,57061004638672;60,31107711791992;231,18234252929688;3447,395751953125;224,35018920898438;195,94921875;22,30826759338379;2,411424398422241;52,849998474121094;123,68549346923828;35,340606689453125;78,90100860595703;10,101035118103027;55,92349624633789;90,11000061035156;165,15072631835938;85782,0
2022-01-27;148,8231658935547;229,00970458984375;174,1999969482422;104,60338592529297;81,97801971435547;77,65359497070312;75,78736877441406;60,128597259521484;229,61825561523438;3457,881591796875;222,2078399658203;201,32029724121094;22,222631454467773;2,4351818561553955;53,0;123,68549346923828;36,147972106933594;77,58599090576172;9,971177101135254;56,78480911254883;91,0;165,85096740722656;85969,0
2022-01-28;156,60888671875;239,41575622558594;176,5500030517578;103,97826385498047;83,73204040527344;78,56633758544922;78,64993286132812;62,09030532836914;231,9644012451172;3473,36083984375;229,18296813964844;202,5192108154297;23,121809005737305;2,4866576194763184;54,79999923706055;123,68549346923828;37,43241882324219;78,73663330078125;10,434952735900879;58,84579849243164;94,58499908447266;175,06492614746094;88270,0
2022-01-31;161,0046844482422;245,6670379638672;179,25;103,97826385498047;85,76303100585938;79,58440399169922;80,33930969238281;69,89151000976562;242,4785919189453;3550,75732421875;231,82354736328125;215,8031005859375;23,93536376953125;2,5420925617218018;64,0;123,68549346923828;42,7903938293457;80,54476928710938;11,112064361572266;60,106998443603516;96,17500305175781;182,14122009277344;90908,0
2022-02-01;160,5576629638672;245,28587341308594;182,14999389648438;104,81175231933594;86,68622589111328;78,56633758544922;79,77617645263672;70,53021240234375;245,12889099121094;3617,168701171875;231,67408752441406;216,52243041992188;24,706087112426758;2,569809913635254;65,19999694824219;123,68549346923828;43,083980560302734;80,87352752685547;11,056412696838379;60,29155731201172;97,0999984741211;179,67193603515625;91417,0
2022-02-02;156,83245849609375;238,8821258544922;177,35000610351562;103,3531494140625;86,68622589111328;76,95149230957031;77,42982482910156;68,02104949951172;240,30624389648438;3677,088623046875;226,84130859375;208,5616912841797;25,34836196899414;2,5579309463500977;63,5;123,68549346923828;42,35000991821289;81,20227813720703;10,625102043151855;58,75350570678711;94,70500183105469;172,964111328125;89663,0
2022-02-03;152,58563232421875;237,4336395263672;172,9499969482422;102,9364013671875;86,13232421875;77,61848449707031;76,9605484008789;65,42064666748047;236,3091278076172;3576,223876953125;227,2897186279297;204,77316284179688;25,134267807006836;2,518333911895752;66,05000305175781;123,68549346923828;42,203216552734375;80,21601867675781;10,365386962890625;57,492313385009766;90,51000213623047;173,18528747558594;88091,0
2022-02-04;151,98959350585938;231,44923400878906;168,75;104,39500427246094;86,9631576538086;78,14507293701172;76,9605484008789;66,78927612304688;233,7457275390625;3564,239501953125;226,34307861328125;202,1835174560547;25,262723922729492;2,534172773361206;66,55000305175781;123,68549346923828;42,5702018737793;79,55850982666016;10,351472854614258;57,523075103759766;89,79499816894531;174,25408935546875;87934,0
2022-02-07;154,52276611328125;235,56593322753906;169,25;106,4787368774414;89,36343383789062;79,93546295166016;78,83763885498047;69,48092651367188;233,4850616455078;3586,709228515625;226,143798828125;205,2047576904297;25,690902709960938;2,5777292251586914;66,69999694824219;123,68549346923828;43,74455261230469;83,66793823242188;10,601913452148438;59,061119079589844;90,23500061035156;173,77500915527344;89189,0
2022-02-08;151,13284301757812;230,1151123046875;165,35000610351562;107,1038589477539;89,45574951171875;79,19824981689453;76,6320571899414;67,88418579101562;232,4857635498047;3500,823974609375;225,19717407226562;199,64183044433594;25,690902709960938;2,5618903636932373;64,1500015258789;123,68549346923828;42,93718719482422;82,024169921875;10,917279243469238;57,523075103759766;88,125;170,60537719726562;88149,0
2022-02-09;148,30162048339844;225,236083984375;163,9499969482422;105,43687438964844;89,45574951171875;81,16415405273438;74,98960876464844;67,97542572021484;233,52850341796875;3422,928466796875;221,2113800048828;194,27073669433594;25,433996200561523;2,5420925617218018;63,0;123,68549346923828;42,42340850830078;83,01042938232422;11,061049461364746;56,63099670410156;88,5199966430664;166,66183471679688;87393,0
2022-02-10;149,12120056152344;227,1800994873047;166,5500030517578;104,39500427246094;90,37891387939453;84,32366180419922;76,02200317382812;66,33306884765625;234,48434448242188;3436,41015625;225,94451904296875;194,27073669433594;25,690902709960938;2,518333911895752;63,5;123,68549346923828;42,12982177734375;84,32544708251953;10,954381942749023;57,83068084716797;88,05000305175781;167,95175170898438;87559,0
2022-02-11;146,8860626220703;227,90432739257812;175,10000610351562;104,18663787841797;91,025146484375;82,63860321044922;75,92816162109375;66,56116485595703;235,39669799804688;3391,470703125;234,21502685546875;201,75192260742188;26,932636260986328;2,538132429122925;64,1500015258789;123,68549346923828;43,377567291259766;85,47608947753906;11,084238052368164;57,707637786865234;89,2300033569336;165,9246826171875;88185,0
2022-02-14;144,79986572265625;221,84361267089844;172,6999969482422;104,39500427246094;91,57904815673828;82,04180145263672;75,22425079345703;65,92247772216797;237,17807006835938;3433,913330078125;230,67764282226562;199,25819396972656;28,602542877197266;2,522294044494629;64,3499984741211;123,68549346923828;42,42340850830078;85,64046478271484;10,880175590515137;57,2154655456543;88,91999816894531;167,03038024902344;87804,0
2022-02-15;146,55076599121094;223,40646362304688;169,3000030517578;105,02013397216797;90,56355285644531;84,00770568847656;75,9750747680664;65,69436645507812;238,39456176757812;3450,890869140625;232,5210723876953;199,59388732910156;30,143999099731445;2,5104153156280518;64,30000305175781;123,68549346923828;42,276615142822266;83,9967041015625;10,870902061462402;58,38438034057617;88,12000274658203;169,5734405517578;88043,0
2022-02-16;152,10133361816406;231,9447784423828;172,4499969482422;106,0619888305664;92,31758880615234;84,74492645263672;78,60299682617188;68,93347930908203;238,82907104492188;3463,37451171875;232,07266235351562;212,06251525878906;30,61500358581543;2,609405994415283;66,0;122,00395202636719;43,377567291259766;85,80484008789062;11,056412696838379;58,999595642089844;93,44499969482422;175,5072021484375;90578,0
2022-02-17;149,08392333984375;227,9424591064453;173,64999389648438;105,22850036621094;91,48672485351562;85,55235290527344;76,35050201416016;67,33673858642578;239,00282287597656;3489,839111328125;227,33953857421875;211,1033935546875;30,572175979614258;2,613365888595581;65,05000305175781;122,00395202636719;44,62531661987305;88,43487548828125;11,144530296325684;58,691986083984375;92,07499694824219;174,3646697998047;89978,0
2022-02-18;150,6485137939453;229,5814666748047;169,10000610351562;103,3531494140625;89,54805755615234;84,49919891357422;76,39742279052734;69,89151000976562;231,83404541015625;3407,947998046875;229,18296813964844;211,7747802734375;30,058364868164062;2,6212847232818604;64,75;122,00395202636719;46,53363800048828;83,33917999267578;11,028585433959961;58,415138244628906;89,95999908447266;179,782470703125;89443,0
2022-02-21;151,72885131835938;233,5837860107422;171,0;103,76988983154297;89,73268127441406;83,90240478515625;78,69686126708984;69,89151000976562;235,04916381835938;3398,959716796875;226,6918487548828;216,47447204589844;30,61500358581543;2,7083981037139893;65,69999694824219;122,00395202636719;47,707984924316406;80,3803939819336;10,810609817504883;58,938072204589844;92,03500366210938;174,8437957763672;90030,0
2022-02-22;155,528564453125;238,6534423828125;170,5;102,9364013671875;90,47124481201172;82,67369842529297;78,50914764404297;73,449951171875;230,052734375;3433,913330078125;226,4925537109375;214,26849365234375;31,55699920654297;2,740074396133423;68,30000305175781;122,00395202636719;48,295162200927734;77,7503662109375;10,838438034057617;58,599708557128906;91,1500015258789;177,8291015625;90441,0
2022-02-23;157,3912353515625;240,8261260986328;173,35000610351562;105,64524841308594;90,84049987792969;84,25345611572266;79,16612243652344;71,62510681152344;227,35897827148438;3440,405029296875;226,09397888183594;229,85426330566406;31,856725692749023;2,7677927017211914;73,3499984741211;122,00395202636719;47,85477828979492;80,0516357421875;10,805973052978516;58,44589614868164;92,11000061035156;181,51467895507812;91360,0
2022-02-24;152,51116943359375;232,36402893066406;169,0;104,39500427246094;87,70171356201172;84,28854370117188;75,74044036865234;69,34405517578125;218,06130981445312;3337,042724609375;217,92311096191406;227,1207733154297;31,25726890563965;2,7083981037139893;70,3499984741211;122,00395202636719;46,313446044921875;83,5035629272461;10,527708053588867;55,80044937133789;88,73500061035156;171,8953399658203;88722,0
2022-02-25;148,71141052246094;229,16213989257812;171,64999389648438;103,14476776123047;85,486083984375;89,23844909667969;75,59966278076172;66,83489227294922;207,6339874267578;3321,563720703125;217,37506103515625;223,0924530029297;31,342906951904297;2,8153076171875;68,19999694824219;122,00395202636719;46,460235595703125;84,16107177734375;10,801336288452148;56,507957458496094;87,9000015258789;170,49481201171875;87970,0
2022-03-02;151,13284301757812;230,15316772460938;189,8000030517578;103,14476776123047;85,76303100585938;95,17129516601562;77,2890396118164;70,0739974975586;200,1610870361328;3302,58837890625;215,53163146972656;230,81338500976562;31,043184280395508;2,83906626701355;69,0;122,00395202636719;47,34100341796875;88,10611724853516;11,116703033447266;56,72328567504883;95,74500274658203;165,74041748046875;90249,0
2022-03-03;153,2189178466797;234,46051025390625;194,60000610351562;107,7289810180664;89,45574951171875;101,5254135131836;77,6644515991211;71,67073059082031;195,12120056152344;3338,041748046875;212,99069213867188;242,61062622070312;30,871904373168945;2,9222183227539062;71,3499984741211;122,00395202636719;46,68042755126953;91,22929382324219;10,847712516784668;58,87656021118164;93,2300033569336;168,20974731445312;91558,0
2022-03-04;145,1351776123047;222,26290893554688;191,5500030517578;107,31224060058594;91,30208587646484;116,97187042236328;73,34716033935547;69,80026245117188;189,08206176757812;3239,173828125;205,46751403808594;246,35122680664062;30,443727493286133;2,846984624862671;69,5;118,26725006103516;46,82722473144531;85,31170654296875;10,481330871582031;59,46101379394531;88,12999725341797;155,015380859375;89515,0
2022-03-07;138,2062530517578;217,5363311767578;191,0;108,5624771118164;92,7791748046875;111,6709213256836;72,73710632324219;68,43163299560547;185,43247985839844;3219,200439453125;196,59913635253906;245,2002716064453;30,486543655395508;2,8232274055480957;66,55000305175781;114,53052520751953;46,019859313964844;87,7773666381836;10,332921028137207;56,046539306640625;85,23999786376953;145,61717224121094;87948,0
2022-03-08;140,47862243652344;227,33258056640625;183,4499969482422;106,27037048339844;92,1329574584961;104,755126953125;73,62872314453125;70,0739974975586;184,21597290039062;3228,18798828125;199,0902557373047;249,1326904296875;30,871904373168945;2,7796714305877686;66,0;114,53052520751953;46,0932502746582;90,57177734375;10,026829719543457;55,43131637573242;88,7699966430664;153,8728485107422;88061,0
2022-03-09;143,57057189941406;224,13072204589844;179,14999389648438;103,3531494140625;89,36343383789062;98,71695709228516;73,01866912841797;68,84221649169922;192,12335205078125;3185,245849609375;198,3927459716797;224,8668212890625;30,829090118408203;2,8747024536132812;65,0;114,53052520751953;45,359283447265625;88,43487548828125;9,896973609924316;55,36980056762695;89,9749984741211;154,79425048828125;87227,0
2022-03-10;148,71141052246094;238,15786743164062;187,0;103,97826385498047;89,82501220703125;105,56254577636719;74,09798431396484;71,35137939453125;194,81707763671875;3387,974853515625;202,12942504882812;241,1239776611328;31,25726890563965;2,9380569458007812;67,1500015258789;114,53052520751953;45,94645690917969;91,06491088867188;11,028585433959961;57,40003204345703;93,51000213623047;161,64944458007812;90283,0
2022-03-11;146,103759765625;228,43798828125;177,14999389648438;104,81175231933594;88,255615234375;107,2827377319336;72,03319549560547;70,57582092285156;192,16680908203125;3338,041748046875;201,382080078125;236,28041076660156;31,685447692871094;3,052886724472046;66,94999694824219;114,53052520751953;45,65287399291992;90,57177734375;11,107426643371582;55,36980056762695;91,08000183105469;158,40614318847656;88999,0
2022-03-14;139,361083984375;217,76507568359375;163,35000610351562;103,3531494140625;85,76303100585938;97,87443542480469;68,6544418334961;67,15425109863281;182,65187072753906;3212,708740234375;191,81617736816406;216,8101806640625;31,214447021484375;3,0014116764068604;64,6500015258789;116,02521514892578;43,30417251586914;88,10611724853516;10,945104598999023;54,13935852050781;85,55999755859375;152,06692504882812;84956,0
2022-03-15;139,6963653564453;218,71795654296875;159,75;100,64429473876953;83,63973236083984;94,75003051757812;68,60751342773438;66,56116485595703;185,08493041992188;3202,22314453125;195,10446166992188;214,3164520263672;31,214447021484375;2,989532947540283;64,6500015258789;116,02521514892578;42,42340850830078;85,9692153930664;11,121341705322266;55,80044937133789;83,36499786376953;151,47723388671875;84055,0
2022-03-16;147,55661010742188;230,15316772460938;163,39999389648438;107,1038589477539;87,42475891113281;98,33080291748047;70,53153228759766;68,24916076660156;195,9032440185547;3294,10009765625;199,18988037109375;221,1741943359375;31,642637252807617;3,3181827068328857;63,5;116,02521514892578;42,7903938293457;84,65420532226562;11,139892578125;57,553836822509766;85,0;162,46026611328125;87451,0
2022-03-17;151,43081665039062;234,8798065185547;168,9499969482422;109,60433959960938;90,56355285644531;105,38703155517578;71,56391906738281;69,80026245117188;199,42245483398438;3393,468017578125;201,78065490722656;219,01617431640625;31,51418685913086;3,3142237663269043;62,20000076293945;116,02521514892578;42,05642318725586;91,39366912841797;11,789176940917969;58,16905212402344;87,88500213623047;161,686279296875;89646,0
2022-03-18;148,93492126464844;239,03453063964844;168,35000610351562;110,64620971679688;90,37891387939453;105,91361999511719;71,28236389160156;68,52288055419922;199,85694885253906;3410,9443359375;203,27532958984375;218,9682159423828;31,043184280395508;3,2746267318725586;62,29999923706055;116,02521514892578;41,83623123168945;90,9005355834961;11,408882141113281;60,90678024291992;84,9800033569336;162,46026611328125;89058,0
2022-03-21;151,9151153564453;244,67596435546875;173,75;107,5206069946289;91,85599517822266;108,93267822265625;70,53153228759766;66,83489227294922;199,85694885253906;3478,354248046875;204,62054443359375;224,43521118164062;30,957544326782227;3,2152318954467773;63,400001525878906;116,02521514892578;41,39585494995117;90,07864379882812;11,557289123535156;61,55276870727539;88,98999786376953;165,40872192382812;90041,0
2022-03-22;154,5600128173828;249,89804077148438;177,5;102,9364013671875;88,80952453613281;107,45825958251953;72,03319549560547;67,47358703613281;199,94383239746094;3439,905517578125;208,1579132080078;225,82594299316406;30,7862606048584;3,3221426010131836;63,099998474121094;116,02521514892578;41,39585494995117;90,07864379882812;11,418158531188965;61,614288330078125;89,98500061035156;169,83139038085938;90170,0
2022-03-23;153,25619506835938;251,49899291992188;179,39999389648438;102,1029052734375;87,33243560791016;107,70399475097656;71,93933868408203;65,739990234375;193,77435302734375;3489,839111328125;213,58856201171875;228,27171325683594;30,700626373291016;3,3538196086883545;63,04999923706055;116,02521514892578;40,14810562133789;89,91426849365234;11,306851387023926;61,460472106933594;92,47000122070312;169,90512084960938;90107,0
2022-03-25;159,21658325195312;258,7031555175781;182,60000610351562;103,3531494140625;90,28660583496094;117,39315032958984;73,7695083618164;68,34040069580078;196,51150512695312;3498,327880859375;225,84486389160156;251,77027893066406;30,743457794189453;3,3894569873809814;65,0999984741211;116,02521514892578;43,15737533569336;89,58551025390625;11,928309440612793;61,52199172973633;94,75499725341797;174,80694580078125;93010,0
2022-03-28;154,9698028564453;255,69195556640625;180,1999969482422;102,72801971435547;90,37891387939453;114,79533386230469;72,87789154052734;67,19986724853516;194,64328002929688;3494,83251953125;222,2078399658203;244,67276000976562;30,700626373291016;3,361738920211792;64,9000015258789;116,02521514892578;43,083980560302734;90,57177734375;11,761350631713867;59,33797073364258;93,16999816894531;170,38424682617188;91663,0
2022-03-29;152,51116943359375;251,04153442382812;172,9499969482422;102,1029052734375;89,27110290527344;107,14230346679688;72,03319549560547;67,06300354003906;194,03501892089844;3452,389404296875;217,22560119628906;240,98011779785156;30,61500358581543;3,238990306854248;64,5999984741211;116,02521514892578;41,83623123168945;88,43487548828125;11,483085632324219;58,44589614868164;91,58499908447266;167,288330078125;89967,0
2022-03-30;154,78353881835938;251,15597534179688;176,8000030517578;101,477783203125;89,27110290527344;108,79226684570312;73,95721435546875;68,15790557861328;192,0364532470703;3399,958984375;226,44273376464844;252,05799865722656;30,743457794189453;3,2271106243133545;66,1500015258789;116,02521514892578;41,1756591796875;88,10611724853516;11,552651405334473;57,2154655456543;93,75499725341797;168,0254669189453;90868,0
2022-03-31;153,36795043945312;250,7747802734375;181,0500030517578;103,76988983154297;88,99415588378906;109,8454360961914;73,53486633300781;69,61779022216797;188,69102478027344;3353,5205078125;226,4925537109375;255,0792694091797;30,743457794189453;3,195434331893921;65,19999694824219;116,02521514892578;40,66188430786133;85,47608947753906;11,4274320602417;57,86144256591797;92,2750015258789;165,85096740722656;90960,0
2022-04-01;156,12466430664062;257,2165832519531;181,14999389648438;106,27037048339844;90,7481918334961;110,6879653930664;74,80189514160156;71,3057632446289;189,55995178222656;3386,476806640625;228,38580322265625;257,71685791015625;30,743457794189453;3,179595708847046;64,75;119,88628387451172;41,4692497253418;84,48983001708984;11,343952178955078;58,599708557128906;94,87000274658203;169,90512084960938;92391,0
2022-04-04;155,15606689453125;255,19638061523438;181,85000610351562;105,02013397216797;91,30208587646484;108,19547271728516;73,86334991455078;72,44629669189453;199,1183319091797;3424,42626953125;241,1403350830078;255,60678100585938;30,829090118408203;3,1993932723999023;64,75;119,88628387451172;41,39585494995117;84,32544708251953;11,302213668823242;58,999595642089844;100,18000030517578;168,20974731445312;93219,0
2022-04-05;149,64273071289062;249,5931396484375;180,5;104,81175231933594;91,025146484375;105,31681060791016;71,84549713134766;71,89884185791016;197,11976623535156;3430,917236328125;233,41787719726562;253,6405792236328;30,7862606048584;3,112281084060669;63,900001525878906;119,88628387451172;41,102264404296875;80,54476928710938;11,371780395507812;57,6461181640625;97,6500015258789;162,79197692871094;91814,0
2022-04-06;148,4133758544922;246,39125061035156;177,75;103,76988983154297;90,0096435546875;104,40406036376953;71,18850708007812;71,71635437011719;195,46878051757812;3486,343505859375;238,35028076171875;250,85910034179688;30,572175979614258;3,1202008724212646;63,75;119,88628387451172;41,68943786621094;80,21601867675781;11,413519859313965;56,87709045410156;95,31500244140625;160,39633178710938;90973,0
2022-04-07;146,51348876953125;246,69618225097656;178,35000610351562;103,97826385498047;89,27110290527344;106,36997985839844;70,4845962524414;72,0813217163086;201,76861572265625;3481,849365234375;239,49620056152344;257,0934143066406;30,657817840576172;3,175635814666748;64,0;119,88628387451172;42,49680709838867;82,8460464477539;11,747437477111816;57,6768798828125;97,46499633789062;158,51669311523438;91558,0
2022-04-08;146,2527618408203;249,402587890625;184,1999969482422;102,311279296875;88,255615234375;111,31986236572266;70,29689025878906;74,63610076904297;201,1168975830078;3528,28759765625;246,02293395996094;260,5462646484375;30,572175979614258;3,2271106243133545;64,0;119,88628387451172;43,15737533569336;81,69540405273438;11,50627326965332;59,27644729614258;98,31999969482422;158,6641082763672;92092,0
2022-04-11;142,60198974609375;244,48548889160156;179,64999389648438;102,1029052734375;86,31694030761719;109,74011993408203;69,40526580810547;73,17622375488281;201,2906951904297;3492,335205078125;239,197265625;262,272705078125;30,572175979614258;3,2152318954467773;62,900001525878906;119,88628387451172;42,12982177734375;80,87352752685547;11,404244422912598;58,691986083984375;95,79000091552734;154,57310485839844;90630,0
2022-04-12;143,049072265625;240,5211944580078;182,0500030517578;101,477783203125;86,68622589111328;110,54753875732422;68,46672821044922;70,89517211914062;198,9879913330078;3479,352783203125;232,1723175048828;259,39532470703125;30,572175979614258;3,2429494857788086;62,849998474121094;119,88628387451172;41,54264450073242;81,85978698730469;11,422794342041016;57,79991912841797;96,73500061035156;151,0349884033203;90346,0
2022-04-13;141,93150329589844;240,8261260986328;184,5;101,477783203125;87,5170669555664;119,92074584960938;67,66897583007812;71,76197814941406;205,5919647216797;3502,82177734375;239,5460205078125;261,93701171875;30,61500358581543;3,219191551208496;62,400001525878906;119,88628387451172;41,102264404296875;82,024169921875;11,37641716003418;60,01470184326172;97,31500244140625;150,37158203125;91041,0
2022-04-18;143,57057189941406;243,6468505859375;181,5500030517578;100,64429473876953;87,6093978881836;124,87063598632812;68,09132385253906;70,66706848144531;211,1966552734375;3436,41015625;237,6029510498047;262,272705078125;30,7862606048584;3,2271106243133545;61,45000076293945;119,88628387451172;40,294898986816406;84,48983001708984;11,316125869750977;59,52253723144531;98,12000274658203;151,47723388671875;91239,0
2022-04-19;144,5391387939453;247,2679443359375;190,9499969482422;100,4359130859375;86,9631576538086;121,95687103271484;68,09132385253906;71,9444580078125;217,19235229492188;3427,92138671875;244,030029296875;266,63671875;30,7862606048584;3,2033531665802;61,599998474121094;119,88628387451172;40,58848571777344;82,18853759765625;11,445982933044434;61,029823303222656;97,79000091552734;154,53627014160156;92038,0
2022-04-20;145,50767517089844;251,49899291992188;191,5;100,22754669189453;87,1478042602539;131,5406951904297;67,9974594116211;70,94078826904297;217,8006134033203;3468,8671875;244,1296844482422;260,8819580078125;30,572175979614258;3,219191551208496;62,25;119,88628387451172;40,221500396728516;81,53103637695312;11,473811149597168;63,09080505371094;98,26000213623047;161,64944458007812;92559,0
2022-04-21;143,4215545654297;247,2679443359375;186,6999969482422;100,22754669189453;86,59390258789062;125,43231964111328;68,51365661621094;70,3021011352539;222,3191375732422;3473,36083984375;240,64212036132812;260,40240478515625;30,486543655395508;3,219191551208496;62,900001525878906;119,88628387451172;38,60676574707031;78,73663330078125;11,339315414428711;65,12104034423828;96,7750015258789;156,4158935546875;91496,0
2022-04-22;143,8686065673828;246,27699279785156;189,0500030517578;101,2694091796875;87,79402923583984;122,4483413696289;69,73377227783203;70,25648498535156;218,17730712890625;3471,36376953125;243,03358459472656;261,8890380859375;30,700626373291016;3,2033531665802;62,95000076293945;122,39598083496094;38,38657760620117;78,73663330078125;11,659319877624512;65,52091979980469;96,25499725341797;156,2684783935547;91717,0
2022-04-25;144,46461486816406;243,57057189941406;188,5;99,60242462158203;87,42475891113281;119,60480499267578;70,95387268066406;71,16889953613281;221,5068817138672;3423,92724609375;235,9089813232422;256,03839111328125;30,572175979614258;3,3854970932006836;62,79999923706055;118,92102813720703;37,79940414428711;78,90100860595703;11,327204704284668;64,50581359863281;94,03500366210938;157,5215606689453;91154,0
2022-04-26;142,00601196289062;233,8125457763672;184,60000610351562;98,76892852783203;86,59390258789062;119,42926788330078;69,68683624267578;70,39334106445312;216,64749145507812;3401,45703125;227,68829345703125;260,1626281738281;30,657817840576172;3,5122053623199463;60,599998474121094;118,92102813720703;37,065433502197266;78,24349212646484;11,317926406860352;62,93700408935547;89,94999694824219;153,13572692871094;89575,0
2022-04-27;142,1177520751953;233,27883911132812;187,8000030517578;101,6861572265625;86,2246322631836;118,23567962646484;69,49913787841797;71,12327575683594;212,46304321289062;3352,522216796875;234,11538696289062;261,601318359375;30,743457794189453;3,5676403045654297;61,45000076293945;118,92102813720703;37,138832092285156;79,2297592163086;11,160218238830566;61,55276870727539;89,3499984741211;152,65663146972656;90033,0
2022-04-28;141,85693359375;232,74522399902344;184,10000610351562;101,89453125;85,39376068115234;117,91972351074219;70,3907470703125;72,0813217163086;215,47764587402344;3308,580810546875;242,03713989257812;262,6563415527344;30,829090118408203;3,5874388217926025;61,0;118,92102813720703;37,138832092285156;79,2297592163086;11,406059265136719;59,737857818603516;90,88500213623047;152,4723663330078;90354,0
2022-04-29;138,65325927734375;230,00074768066406;178,0500030517578;101,477783203125;83,27045440673828;113,42621612548828;67,9974594116211;69,20719146728516;212,05807495117188;3337,042724609375;225,19717407226562;251,6264190673828;30,743457794189453;3,551802396774292;58,849998474121094;116,21825408935547;36,99203872680664;81,53103637695312;11,150940895080566;58,26133346557617;88,13500213623047;149,0447540283203;88251,0
2022-05-02;137,72195434570312;227,4087371826172;174,64999389648438;100,01917266845703;84,37826538085938;107,77420806884766;69,68683624267578;69,61779022216797;211,4281768798828;3312,575439453125;228,98367309570312;250,6193084716797;30,829090118408203;3,5557613372802734;57,79999923706055;116,21825408935547;36,07457733154297;82,18853759765625;11,18804931640625;58,47665786743164;87,80000305175781;146,39109802246094;87608,0
2022-05-03;141,2981719970703;237,77671813964844;178,1999969482422;103,3531494140625;86,13232421875;108,61673736572266;71,28236389160156;70,02837371826172;219,2571563720703;3312,076171875;235,06199645996094;255,60678100585938;31,00035285949707;3,642873764038086;59,20000076293945;116,21825408935547;37,79940414428711;83,33917999267578;11,160218238830566;59,67634201049805;89,36499786376953;153,09889221191406;89585,0
2022-05-04;141,22372436523438;235,9470977783203;177,1999969482422;102,311279296875;86,03999328613281;105,31681060791016;69,12371826171875;69,89151000976562;217,00746154785156;3312,575439453125;231,77374267578125;256,13427734375;31,214447021484375;3,7405600547790527;59,849998474121094;116,21825408935547;37,28562545776367;81,20227813720703;11,373589515686035;60,106998443603516;90,3949966430664;153,7991180419922;89401,0
2022-05-05;139,8922882080078;227,52310180664062;170,3000030517578;97,93544006347656;81,70105743408203;100,5073471069336;67,05891418457031;68,24916076660156;212,1030731201172;3220,19873046875;221,1117401123047;243,23406982421875;31,00035285949707;3,6550838947296143;58,20000076293945;116,21825408935547;36,221370697021484;82,51374816894531;11,132386207580566;58,38438034057617;86,24500274658203;147,38623046875;86434,0
2022-05-06;141,21055603027344;228,39981079101562;171,89999389648438;97,51869201660156;81,51643371582031;98,50633239746094;67,01199340820312;66,65242004394531;209,8983612060547;3220,19873046875;216,47825622558594;240,64442443847656;31,128814697265625;3,651014566421509;58,849998474121094;116,21825408935547;36,11127471923828;82,85612487792969;11,317926406860352;57,738399505615234;87,03500366210938;150,59271240234375;86507,0
2022-05-09;137,41082763671875;217,00265502929688;162,3000030517578;93,55960083007812;76,1620101928711;88,46612548828125;63,727088928222656;61,542850494384766;201,30445861816406;3106,11962890625;204,86964416503906;224,3872528076172;30,829090118408203;3,5085551738739014;55,099998474121094;110,4266586303711;35,083717346191406;78,23399353027344;10,895824432373047;54,60076904296875;81,43000030517578;142,74240112304688;82244,0
2022-05-10;136,75167846679688;221,72930908203125;169,0;97,3103256225586;80,77788543701172;90,74799346923828;64,00865173339844;64,18888092041016;197,2099609375;3162,89697265625;201,88031005859375;226,25755310058594;30,914724349975586;3,5329766273498535;56,0;110,4266586303711;34,533241271972656;82,17137145996094;10,937570571899414;56,569480895996094;82,82499694824219;141,1575927734375;83677,0
2022-05-11;139,42697143554688;229,08592224121094;175,75;98,56056213378906;82,34728240966797;89,87035369873047;64,10250854492188;67,24547576904297;202,02435302734375;3199,8603515625;213,09034729003906;240,02099609375;31,043184280395508;3,6265926361083984;58,45000076293945;113,70858001708984;35,1571159362793;83,1985092163086;11,141664505004883;56,20034408569336;85,46499633789062;144,10604858398438;85763,0
2022-05-12;141,44314575195312;234,6129150390625;173,4499969482422;97,10194396972656;78,28531646728516;88,11506652832031;64,75949096679688;67,47358703613281;200,3145751953125;3210,849853515625;213,18997192382812;243,42588806152344;31,1716365814209;3,716137647628784;57,95000076293945;113,70858001708984;36,66175079345703;82,85612487792969;11,062808990478516;55,67741394042969;85,08499908447266;146,28054809570312;85521,0
2022-05-13;149,2753143310547;253,40493774414062;181,10000610351562;98,35218811035156;77,45446014404297;95,10107421875;67,92525482177734;68,52288055419922;210,57325744628906;3294,76708984375;220,4142303466797;248,9888153076172;31,428539276123047;3,651014566421509;59,95000076293945;113,70858001708984;37,5792121887207;84,05445861816406;11,19268798828125;58,32285690307617;90,68000030517578;154,05711364746094;88796,0
2022-05-16;152,72607421875;258,5888366699219;184,0500030517578;96,47682189941406;75,70042419433594;99,84033203125;71,57257843017578;69,80026245117188;218,7172393798828;3280,781494140625;223,45339965820312;258,8677978515625;31,25726890563965;3,720208168029785;60,20000076293945;113,70858001708984;36,698448181152344;81,65779876708984;11,0906400680542;58,968841552734375;92,8949966430664;158,70095825195312;89965,0
2022-05-17;154,47085571289062;260,7234802246094;185,75;97,3103256225586;78,00836181640625;100,22650909423828;73,23045349121094;70,0739974975586;221,3719024658203;3249,8115234375;229,88047790527344;259,9228515625;31,300085067749023;3,7446298599243164;59,900001525878906;113,70858001708984;37,50581741333008;82,00018310546875;11,141664505004883;57,83068084716797;93,6500015258789;160,43319702148438;90803,0
2022-05-19;150,5160369873047;252,18511962890625;180,85000610351562;95,2265853881836;79,39312744140625;94,64470672607422;69,2989273071289;69,07032775878906;212,46304321289062;3137,9208984375;216,67755126953125;259,1555480957031;31,1716365814209;3,699856996536255;58,650001525878906;113,70858001708984;37,065433502197266;80,63065338134766;11,062808990478516;58,0767707824707;91,26499938964844;156,74761962890625;88634,0
2022-05-20;148,26718139648438;250,20306396484375;181,1999969482422;94,18472290039062;80,40861511230469;92,67880249023438;70,29364013671875;69,34405517578125;217,32241821289062;3057,999755859375;214,58502197265625;251,29071044921875;31,128814697265625;3,6835756301879883;58,75;113,70858001708984;36,66175079345703;79,60350799560547;11,137025833129883;57,83068084716797;90,88999938964844;153,172607421875;88119,0
2022-05-23;151,9505615234375;256,3779602050781;185,75;95,2265853881836;82,9935073852539;98,43610382080078;76,49880981445312;70,62144470214844;221,3719024658203;3071,486572265625;221,41067504882812;261,6972351074219;31,128814697265625;3,7364895343780518;59,0;113,70858001708984;37,43241882324219;79,43231964111328;11,2669038772583;57,83068084716797;93,99500274658203;159,65919494628906;90344,0
2022-05-24;153,6953887939453;270,90081787109375;194,85000610351562;95,01821899414062;83,91668701171875;100,19139099121094;74,55673217773438;70,39334106445312;221,91183471679688;3071,986083984375;221,70960998535156;261,9849548339844;30,957544326782227;3,842315912246704;58,0;113,70858001708984;37,726009368896484;78,23399353027344;11,290096282958984;57,89220428466797;93,20999908447266;162,05484008789062;91272,0
2022-05-26;155,55645751953125;273,45477294921875;206,85000610351562;96,6852035522461;85,30143737792969;106,89656829833984;75,59882354736328;74,27112579345703;225,4663848876953;3095,462646484375;227,6384735107422;270,3772888183594;31,086000442504883;3,899298906326294;60,599998474121094;113,70858001708984;40,80867385864258;79,9458999633789;11,484911918640137;59,70709991455078;96,19499969482422;165,74041748046875;93711,0
2022-05-27;153,81170654296875;267,5845642089844;201,85000610351562;97,10194396972656;85,20913696289062;109,77522277832031;75,31462097167969;74,63610076904297;226,32127380371094;3119,938720703125;231,1758575439453;270,0895690917969;31,00035285949707;3,931861400604248;61,0;113,70858001708984;41,24905776977539;80,11708068847656;11,586958885192871;60,90678024291992;97,75499725341797;163,9713134765625;93683,0
2022-05-30;153,5015106201172;268,4612731933594;199,5500030517578;96,06007385253906;85,486083984375;106,61572265625;74,27253723144531;73,86053466796875;229,20091247558594;3119,439453125;229,48190307617188;271,81597900390625;31,214447021484375;3,996985673904419;61,29999923706055;113,70858001708984;41,028865814208984;81,31541442871094;11,410696983337402;61,49123764038086;97,25;163,89761352539062;93236,0
2022-05-31;151,2139129638672;259,1606140136719;200,85000610351562;96,89356994628906;83,08583068847656;103,10516357421875;72,75677490234375;74,77296447753906;223,5766143798828;3502,563720703125;221,56015014648438;270,6170654296875;31,00035285949707;4,009195804595947;61,099998474121094;113,70858001708984;40,00130844116211;80,63065338134766;11,313287734985352;58,722747802734375;94,58499908447266;156,63702392578125;92288,0
2022-06-01;147,84066772460938;255,920654296875;195,60000610351562;98,35218811035156;84,93218994140625;100,4371337890625;71,52520751953125;74,59048461914062;220,11207580566406;3440,62451171875;220,7629852294922;266,63671875;31,214447021484375;4,021406173706055;62,900001525878906;113,70858001708984;41,102264404296875;80,11708068847656;11,424612045288086;56,29262924194336;91,88999938964844;152,84091186523438;91370,0
2022-06-02;148,61614990234375;255,31076049804688;194,75;97,10194396972656;83,82437133789062;102,82432556152344;71,71467590332031;75,91349792480469;229,11093139648438;3482,08349609375;222,50677490234375;265,8694152832031;31,25726890563965;4,0376877784729;63,099998474121094;113,70858001708984;42,05642318725586;80,80184936523438;11,591598510742188;55,80044937133789;90,26000213623047;151,58778381347656;91452,0
2022-06-03;147,9957733154297;255,62644958496094;196,64999389648438;97,10194396972656;84,0090103149414;102,26261901855469;71,80941772460938;74,45361328125;229,60585021972656;3497,568115234375;214,73448181152344;262,9920349121094;31,59981346130371;3,931861400604248;62,95000076293945;113,70858001708984;43,964744567871094;79,08993530273438;11,665814399719238;54,816104888916016;92,125;154,16769409179688;91775,0
2022-06-06;145,01026916503906;249,0330047607422;193,5500030517578;95,2265853881836;82,16265106201172;98,36590576171875;70,67259216308594;73,449951171875;226,05130004882812;3446,118896484375;214,28607177734375;267,83563232421875;31,685447692871094;3,988844871520996;61,400001525878906;116,02521514892578;42,05642318725586;78,91875457763672;11,582320213317871;54,754581451416016;90,79499816894531;149,5607147216797;90352,0
2022-06-07;144,93275451660156;247,75425720214844;196,3000030517578;96,89356994628906;82,716552734375;100,15628814697266;70,53047943115234;73,26747131347656;231,54058837890625;3432,632080078125;214,88394165039062;270,4252624511719;32,402137756347656;3,9807045459747314;61,04999923706055;116,02521514892578;41,983028411865234;77,54922485351562;11,568406105041504;55,98501968383789;91,25;149,92930603027344;90938,0
2022-06-08;140,43511962890625;238,12384033203125;193,3000030517578;97,51869201660156;84,28594970703125;95,03087615966797;70,10417175292969;72,72000885009766;231,6756134033203;3424,140625;209,5031280517578;272,15167236328125;32,48923873901367;3,964423179626465;59,599998474121094;116,02521514892578;40,882076263427734;78,74755859375;11,484911918640137;55,73892593383789;91,29000091552734;143,8480987548828;89947,0
2022-06-09;136,17007446289062;233,5283966064453;194,6999969482422;97,10194396972656;83,91668701171875;92,5032730102539;70,67259216308594;70,62144470214844;226,8162078857422;3359,204345703125;209,8518829345703;268,8426818847656;32,70699691772461;3,9847750663757324;58,099998474121094;123,41797637939453;39,63432693481445;79,43231964111328;11,373589515686035;55,70817184448242;90,46499633789062;140,678466796875;88870,0
2022-06-10;139,50453186035156;235,76611328125;192,8000030517578;95,6433334350586;83,45509338378906;92,3277359008789;70,909423828125;69,25281524658203;228,70596313476562;3392,171875;216,2789764404297;267,83563232421875;32,619903564453125;3,9766337871551514;57,900001525878906;123,41797637939453;40,66188430786133;79,77470397949219;11,345757484436035;54,939151763916016;91,56999969482422;143,8480987548828;89141,0
2022-06-13;136,0149688720703;232,68917846679688;194,5500030517578;92,93448638916016;81,97801971435547;88,39591217041016;68,49368286132812;69,48092651367188;227,58111572265625;3342,99365234375;220,1651153564453;259,4432678222656;32,619903564453125;4,070250034332275;56,20000076293945;123,41797637939453;39,78112030029297;78,74755859375;10,993231773376465;54,13935852050781;92,08999633789062;141,2313232421875;87938,0
2022-06-14;136,86801147460938;236,80506896972656;194,4499969482422;91,47586822509766;78,93153381347656;87,86933135986328;65,8410873413086;67,65608215332031;227,31114196777344;3370,8095703125;219,9658203125;251,9621124267578;32,794097900390625;4,212708950042725;57,45000076293945;123,41797637939453;40,221500396728516;77,89160919189453;10,983956336975098;53,462615966796875;89,94999694824219;145,2485809326172;87400,0
2022-06-15;139,07801818847656;239,602294921875;197,35000610351562;91,68424224853516;78,93153381347656;93,24048614501953;67,2621078491211;69,3896713256836;229,47085571289062;3416,779296875;222,9053497314453;254,83949279785156;33,18605422973633;4,294113636016846;57,5;123,41797637939453;39,48752975463867;78,23399353027344;11,141664505004883;54,10860061645508;89,44000244140625;150,0030059814453;88466,0
2022-06-16;137,3720245361328;235,28659057617188;194,39999389648438;90,22563171386719;78,4699478149414;88,85228729248047;64,3726806640625;70,25648498535156;219,5721435546875;3376,3056640625;224,25054931640625;244,00135803222656;32,92476272583008;4,334816932678223;56,75;123,41797637939453;38,53337478637695;80,97303771972656;11,364312171936035;50,663368225097656;87,05500030517578;149,67129516601562;87061,0
2022-06-21;136,90676879882812;231,29061889648438;193,0500030517578;87,51677703857422;78,562255859375;86,640625;62,71481704711914;69,70903015136719;221,23692321777344;3389,79638671875;228,13668823242188;250,5713653564453;32,92476272583008;4,538328647613525;56,5;123,41797637939453;38,68016815185547;79,43231964111328;11,50346565246582;52,63207244873047;86,07499694824219;148,1602325439453;86546,0
2022-06-22;136,32518005371094;228,65321350097656;193,6999969482422;86,47490692138672;75,23883056640625;85,27151489257812;64,4674301147461;70,25648498535156;217,90733337402344;3373,307373046875;220,71316528320312;247,2623748779297;32,96831130981445;4,456923961639404;55,29999923706055;123,41797637939453;38,019596099853516;80,80184936523438;11,475635528564453;51,70923614501953;84,20500183105469;149,413330078125;85663,0
2022-06-23;134,03758239746094;219,82188415527344;187,5500030517578;85,22467041015625;73,3001708984375;82,32263946533203;62,43061065673828;67,65608215332031;215,92758178710938;3242,892333984375;218,9195556640625;235,75289916992188;33,01186752319336;4,192357540130615;55,95000076293945;123,41797637939453;37,21223068237305;78,4051742553711;11,415335655212402;52,047611236572266;78,23999786376953;144,99063110351562;83170,0
2022-06-24;131,74996948242188;217,62408447265625;186,25;85,22467041015625;71,54612731933594;85,4470443725586;63,52006912231445;67,88418579101562;215,92758178710938;3184,93017578125;215,28253173828125;232,68370056152344;32,8376579284668;4,058039665222168;54,900001525878906;123,41797637939453;36,2580680847168;78,91875457763672;11,317926406860352;52,293701171875;78,40499877929688;141,747314453125;82606,0
2022-06-27;134,73550415039062;224,41738891601562;209,60000610351562;87,72515106201172;70,71527099609375;88,95760345458984;65,03583526611328;69,5721664428711;224,97145080566406;3156,448486328125;215,4818115234375;245,8716583251953;32,794097900390625;4,212708950042725;54,5;123,41797637939453;37,5792121887207;81,82898712158203;11,280818939208984;55,70817184448242;83,6500015258789;146,0963134765625;85712,0
2022-06-28;137,44956970214844;237,32455444335938;209,5500030517578;90,85074615478516;75,51579284667969;91,27457427978516;66,7410659790039;69,98274993896484;235,45509338378906;3173,437255859375;225,7950439453125;258,9637145996094;32,88121795654297;4,294113636016846;55,20000076293945;123,41797637939453;39,48752975463867;84,91041564941406;11,46172046661377;55,95425796508789;87,1050033569336;151,36668395996094;88195,0
2022-06-29;138,8453826904297;235,76611328125;207,1999969482422;95,4349594116211;76,34664916992188;89,06291198730469;67,92525482177734;68,97909545898438;229,87582397460938;3141,458251953125;224,25054931640625;251,29071044921875;32,57634735107422;4,233059406280518;54,650001525878906;123,41797637939453;39,48752975463867;85,93755340576172;11,350396156311035;54,570011138916016;85,0199966430664;150,81382751464844;88131,0
2022-06-30;136,6353302001953;227,81398010253906;206,89999389648438;98,76892852783203;77,91603088378906;90,15119171142578;68,63577270507812;69,70903015136719;233,160400390625;3170,93896484375;225,69540405273438;249,85202026367188;32,92476272583008;4,395870208740234;55,29999923706055;123,41797637939453;39,04715347290039;86,2799301147461;11,554490089416504;57,2154655456543;83,66000366210938;148,1602325439453;88450,0
2022-07-01;141,05545043945312;236,9250030517578;216,75;98,97731018066406;78,4699478149414;88,85228729248047;69,6304931640625;69,70903015136719;235,5001220703125;3135,462158203125;233,71681213378906;255,3190460205078;32,96831130981445;4,680788040161133;55,20000076293945;123,41797637939453;39,78112030029297;87,1358871459961;11,624067306518555;58,23057556152344;84,5999984741211;150,77696228027344;90051,0
2022-07-04;135,97622680664062;226,82655334472656;218,39999389648438;99,81079864501953;80,03934478759766;86,25447082519531;67,64105987548828;67,83856201171875;227,22116088867188;3078,99853515625;235,5104217529297;248,3174285888672;33,578025817871094;4,782543659210205;54,95000076293945;123,41797637939453;38,31318283081055;88,50540924072266;12,166770935058594;59,33797073364258;83,29499816894531;145,4640350341797;89129,0
2022-07-05;145,04905700683594;249,56158447265625;218,85000610351562;99,81079864501953;81,97801971435547;90,50225067138672;71,09890747070312;74,72735595703125;246,7487030029297;3122,470947265625;243,13323974609375;256,5179443359375;34,93508529663086;4,8842997550964355;55,849998474121094;123,41797637939453;40,00130844116211;89,87493896484375;12,407973289489746;62,10646438598633;86,71499633789062;156,1431427001953;92690,0
2022-07-06;144,81642150878906;251,3755645751953;222,5;103,3531494140625;84,0090103149414;89,48418426513672;72,4725570678711;78,0120620727539;262,6316833496094;3172,43798828125;245,82363891601562;266,972412109375;36,59450149536133;5,148866176605225;57,25;123,41797637939453;41,68943786621094;90,38850402832031;13,530488967895508;61,52199172973633;87,69999694824219;159,12704467773438;95076,0
2022-07-07;149,6630096435547;269,27337646484375;245,60000610351562;111,47969818115234;89,45574951171875;98,22547149658203;75,12515258789062;84,35340118408203;270,4156494140625;3347,324462890625;255,09060668945312;288,8404541015625;39,782318115234375;5,332026958465576;60,5;123,41797637939453;44,03813934326172;95,8666000366211;16,1419620513916;64,90570831298828;92,6500015258789;174,83164978027344;102265,0
2022-07-08;154,62591552734375;272,90130615234375;255,6999969482422;120,43975830078125;96,70266723632812;98,64675903320312;76,83039093017578;87,09066009521484;272,6569519042969;3521,7109375;257,8806457519531;299,0071716308594;40,3936767578125;5,555891036987305;63,599998474121094;123,41797637939453;46,16665267944336;95,8666000366211;17,185625076293945;64,32125091552734;94,56999969482422;175,65615844726562;105850,0
2022-07-11;151,75672912597656;263,4686584472656;248,6999969482422;120,64811706542969;97,62583923339844;94,71492767333984;74,65147399902344;86,40633392333984;274,1863098144531;3465,52099609375;251,70269775390625;292,72491455078125;40,262691497802734;5,718701362609863;63,70000076293945;123,41797637939453;45,432682037353516;92,78516387939453;16,489845275878906;62,93700408935547;92,80500030517578;175,73471069335938;104432,0
2022-07-12;147,6468048095703;257,5834045410156;245,9499969482422;123,35697174072266;101,0877685546875;92,78411102294922;73,08834075927734;84,855224609375;266,4916687011719;3462,85498046875;246,37168884277344;287,64154052734375;40,3936767578125;5,739051818847656;62,70000076293945;123,41797637939453;44,478519439697266;95,6954116821289;15,747688293457031;62,1372184753418;89,1449966430664;175,38131713867188;103210,0
2022-07-13;143,7307586669922;250,8514862060547;247,6999969482422;123,98209381103516;102,01092529296875;92,95964813232422;71,76203918457031;82,2092056274414;267,6864929199219;3487,8466796875;247,61724853515625;283,8050537109375;40,43735885620117;5,555891036987305;62,349998474121094;123,41797637939453;44,478519439697266;92,27159118652344;14,959145545959473;61,55276870727539;89,63500213623047;171,25885009765625;102271,0
2022-07-14;141,63702392578125;245,12744140625;242,9499969482422;118,35601806640625;98,77981567382812;89,80014038085938;70,34101104736328;83,34973907470703;272,0834045410156;3442,86181640625;236,6563262939453;275,1249694824219;39,73865509033203;5,413433074951172;62,54999923706055;123,41797637939453;44,331729888916016;92,44278717041016;15,538956642150879;62,29102325439453;88,51000213623047;167,5290069580078;100518,0
2022-07-15;147,84066772460938;253,35072326660156;253,0;122,52348327636719;103,85728454589844;93,02984619140625;72,33045959472656;85,63078308105469;280,9728698730469;3559,3232421875;243,4321746826172;281,3592834472656;40,43735885620117;5,6779985427856445;65,69999694824219;140,46237182617188;45,21249008178711;94,4970703125;16,513038635253906;63,67527770996094;90,5999984741211;177,5407257080078;104223,0
2022-07-18;150,36093139648438;261,00982666015625;256,1000061035156;120,23137664794922;105,70362854003906;96,50530242919922;74,8409423828125;87,27314758300781;281,2118225097656;3577,817138671875;246,12257385253906;289,4159240722656;40,568363189697266;5,962916374206543;68,30000305175781;140,46237182617188;46,53363800048828;96,38017272949219;16,21154022216797;66,32072448730469;92,98999786376953;183,27288818359375;105441,0
2022-07-19;150,4772491455078;268,3059997558594;261,5;123,56534576416016;110,55030822753906;101,9466781616211;76,59355163574219;87,77497863769531;282,932373046875;3574,818115234375;243,78091430664062;298,5276184082031;40,65570068359375;5,962916374206543;69,1500015258789;140,46237182617188;47,634586334228516;98,7768325805664;16,373886108398438;66,84365844726562;94,49500274658203;182,6839599609375;107185,0
2022-07-20;146,677490234375;257,5834045410156;256,8500061035156;127,9411849975586;115,39698028564453;103,10516357421875;76,119873046875;84,21653747558594;285,5609436035156;3584,314697265625;241,0406951904297;286,2028503417969;40,52469253540039;6,207131385803223;70,6500015258789;140,46237182617188;50,276878356933594;98,94802856445312;16,281116485595703;67,58192443847656;94,11499786376953;180,60308837890625;106949,0
2022-07-21;154,58714294433594;271,73223876953125;270,54998779296875;132,73377990722656;122,32080078125;104,89554595947266;79,57771301269531;86,40633392333984;306,0639953613281;3779,25048828125;253,44647216796875;301,98046875;42,970149993896484;6,369941234588623;72,8499984741211;140,46237182617188;50,864051818847656;102,37183380126953;17,000085830688477;67,67420196533203;99,66500091552734;186,0211944580078;112017,0
2022-07-22;156,2931671142578;272,0951232910156;268,25;138,15147399902344;128,55223083496094;107,9848403930664;94,16696166992188;88,50492095947266;301,38031005859375;3861,72314453125;252,40020751953125;300,6376953125;44,978912353515625;6,451346397399902;74,69999694824219;140,46237182617188;51,524620056152344;102,8853988647461;18,252477645874023;67,24354553222656;96,99500274658203;184,921875;113851,0
2022-07-25;166,21900939941406;289,2269287109375;280,3500061035156;143,77755737304688;133,6297149658203;115,7782974243164;97,38796997070312;94,98311614990234;312,2292175292969;4037,6650390625;257,93048095703125;314,2093200683594;45,852294921875;6,410643577575684;75,5999984741211;140,46237182617188;53,28614807128906;106,82278442382812;18,97144317626953;71,48857116699219;104,83499908447266;197,76039123535156;119508,0
2022-07-26;166,3352813720703;293,6611633300781;287,20001220703125;140,02682495117188;128,7830352783203;122,79940795898438;94,30906677246094;96,99044036865234;313,85418701171875;3991,680419921875;264,85577392578125;314,92864990234375;46,20164489746094;6,227481842041016;75,9000015258789;164,07814025878906;52,62557601928711;106,13802337646484;19,064212799072266;73,118896484375;107,90499877929688;202,3932342529297;120038,0
2022-07-27;174,981689453125;310,027099609375;298,1499938964844;146,0696563720703;135,24525451660156;128,8375701904297;100,51422882080078;107,25518798828125;328,6698913574219;4107,6416015625;281,99468994140625;336,79669189453125;47,77372360229492;6,614156246185303;79,0;164,07814025878906;54,900882720947266;108,53467559814453;20,59491729736328;77,5177230834961;112,74500274658203;215,82070922851562;126362,0
2022-07-28;178,6650848388672;315,8721618652344;298,75;147,1115264892578;136,16842651367188;127,15249633789062;102,5984115600586;111,31546783447266;337,4637145996094;4111,64013671875;273,02667236328125;355,8832702636719;49,08378982543945;6,614156246185303;87,05000305175781;164,07814025878906;56,589012145996094;106,30921173095703;20,270221710205078;76,74869537353516;111,04499816894531;213,1116485595703;127400,0
2022-07-29;175,13674926757812;312,361572265625;277,75;139,61009216308594;133,06361389160156;118,55162811279297;95,91956329345703;104,10733032226562;328,23974609375;3994,179443359375;258,3290710449219;335,3580017089844;49,08378982543945;6,430995464324951;89,0;164,07814025878906;55,63485336303711;104,9396743774414;19,504867553710938;73,026611328125;109,26499938964844;204,12078857421875;122528,0
2022-08-01;169,43714904785156;295,15692138671875;269,0;130,23329162597656;130,9402618408203;112,54857635498047;92,03541564941406;101,37006378173828;321,1664733886719;3872,7197265625;246,12257385253906;317,9978332519531;48,73442459106445;6,247834205627441;85,05000305175781;164,07814025878906;53,35954284667969;101,00230407714844;18,368436813354492;71,98074340820312;104,5199966430664;196,04840087890625;117587,0
2022-08-02;175,13674926757812;307,20831298828125;265,6499938964844;131,27516174316406;130,4684295654297;120,02606964111328;92,65119934082031;98,3134536743164;319,3025207519531;3835,73193359375;249,11192321777344;315,5520935058594;49,000274658203125;6,146078109741211;92,94999694824219;164,07814025878906;54,827484130859375;102,71421813964844;17,974166870117188;75,85662841796875;107,41500091552734;201,66224670410156;118691,0
2022-08-03;174,94290161132812;311,4688720703125;276,3999938964844;132,73377990722656;130,23248291015625;124,41427612304688;94,78274536132812;101,0963363647461;324,32073974609375;3873,21923828125;255,63864135742188;316,4632568359375;48,91276931762695;6,146078109741211;97,3499984741211;164,07814025878906;54,24031066894531;106,13802337646484;18,182899475097656;74,62619018554688;109,44499969482422;203,63890075683594;120390,0
2022-08-04;173,19808959960938;306,6807861328125;279,8500061035156;133,56727600097656;128,34506225585938;125,15147399902344;94,78274536132812;100,68574523925781;321,59661865234375;3931,699951171875;254,0941619873047;317,9019470214844;49,5252799987793;6,3292388916015625;101,30000305175781;164,07814025878906;56,5156135559082;106,13802337646484;18,368436813354492;75,88738250732422;108,65499877929688;200,19947814941406;120437,0
2022-08-05;172,3063201904297;300,3913879394531;275,25;134,4134063720703;128,34506225585938;124,97595977783203;99,9458236694336;103,83360290527344;327,80963134765625;3980,18408203125;252,00161743164062;325,4310607910156;49,5252799987793;6,512399673461914;100,05000305175781;164,07814025878906;61,2130126953125;106,48040771484375;18,57716941833496;75,27217102050781;108,88999938964844;200,83200073242188;121004,0
2022-08-08;177,07540893554688;315,2830810546875;284,5;135,29481506347656;132,8277130126953;125,22169494628906;99,04583740234375;104,83727264404297;335,12188720703125;4037,6650390625;259,97320556640625;340,15362548828125;50,05027389526367;6,512399673461914;98,0;164,69418334960938;63,9286994934082;105,96684265136719;18,57716941833496;75,85662841796875;115,1050033569336;206,0900115966797;123953,0
2022-08-09;172,92669677734375;301,6087341308594;280,70001220703125;134,4134063720703;133,29954528808594;119,74520874023438;96,63008117675781;101,78065490722656;333,1623840332031;4036,16552734375;257,08349609375;330,13079833984375;49,78777313232422;6,451346397399902;98,44999694824219;164,69418334960938;61,43320083618164;106,82278442382812;18,020551681518555;75,05683898925781;114,16999816894531;200,83200073242188;121921,0
2022-08-10;170,25137329101562;294,1019287109375;280,0;133,7523651123047;134,95103454589844;119,35905456542969;101,36685180664062;98,8152847290039;339,7099914550781;4296,07958984375;255,5390167236328;329,8430480957031;50,75027084350586;6,593804836273193;98,30000305175781;169,21197509765625;60,40564727783203;108,19229888916016;18,530786514282227;76,28727722167969;114,37999725341797;201,62266540527344;122130,0
2022-08-11;172,84913635253906;301,68988037109375;281,04998779296875;133,53201293945312;134,00733947753906;122,30791473388672;99,5668716430664;99,54521942138672;328,3353271484375;4364,05712890625;254,6422119140625;345,1410827636719;51,53776550292969;6,512399673461914;99,25;169,21197509765625;60,47904968261719;108,53467559814453;19,0178279876709;75,54901123046875;118,33499908447266;208,26434326171875;123334,0
2022-08-12;178,35487365722656;311,6311950683594;280,45001220703125;133,53201293945312;132,8277130126953;125,8886947631836;102,0773696899414;103,5142593383789;346,78326416015625;4354,060546875;263,01239013671875;362,2135009765625;52,23778533935547;6,410643577575684;100,0;169,21197509765625;61,873592376708984;108,36349487304688;18,85548210144043;75,54901123046875;125,30500030517578;215,14329528808594;125980,0
2022-08-16;180,21597290039062;314,30926513671875;272,3999938964844;131,32850646972656;132,59178161621094;123,99299621582031;104,06680297851562;98,8152847290039;335,93438720703125;4382,05078125;254,99095153808594;343,51055908203125;51,88779067993164;6,207131385803223;98,4000015258789;169,21197509765625;60,55244064331055;108,36349487304688;18,484399795532227;73,395751953125;129,39999389648438;213,83865356445312;124787,0
2022-08-17;179,51805114746094;317,6366271972656;277,3999938964844;131,98956298828125;129,2887725830078;122,20262145996094;105,10889434814453;100,27516174316406;359,8306884765625;4296,57958984375;260,9696350097656;348,54595947265625;51,80028533935547;6,125726222991943;99,9000015258789;169,21197509765625;60,91942596435547;112,47205352783203;18,484399795532227;73,8263931274414;132,77999877929688;215,45956420898438;125963,0
2022-08-18;185,56666564941406;332,77178955078125;297,25;137,9390106201172;134,95103454589844;130,48753356933594;101,3194808959961;104,74602508544922;378,2786560058594;4294,080078125;269,5888977050781;369,50286865234375;52,50028610229492;6,186779975891113;100,25;169,21197509765625;63,85530090332031;121,20277404785156;18,693132400512695;76,31804656982422;141,77999877929688;223,20816040039062;131491,0
2022-08-19;183,12396240234375;324,7781982421875;292,8500061035156;141,68495178222656;134,00733947753906;127,11739349365234;99,37740325927734;105,65845489501953;377,1316223144531;4288,08251953125;270,0373229980469;374,0586853027344;51,7127799987793;6,3292388916015625;102,55000305175781;169,21197509765625;63,78190612792969;123,59943389892578;18,530786514282227;76,71793365478516;140,15499877929688;216,17111206054688;131009,0
2022-08-22;186,6134796142578;332,2442626953125;290,8999938964844;146,9733428955078;131,1761932373047;124,3089370727539;100,70370483398438;105,24785614013672;370,6318054199219;4223,60400390625;264,75616455078125;377,703369140625;52,41278076171875;6,430995464324951;100,0999984741211;169,21197509765625;62,82774353027344;123,4282455444336;19,087406158447266;76,90250396728516;142,8300018310547;221,70587158203125;132253,0
2022-08-23;195,8026580810547;346,5273742675781;298,3999938964844;149,83790588378906;135,65884399414062;131,3651580810547;106,38783264160156;110,53990936279297;373,1648254394531;4209,60791015625;269,9875183105469;397,1736145019531;54,775291442871094;6,369941234588623;101,4000015258789;169,21197509765625;65,69022369384766;123,94181060791016;18,94824981689453;79,97859954833984;153,9149932861328;229,96849060058594;136998,0
2022-08-24;197,15968322753906;350,46337890625;312,29998779296875;156,00770568847656;136,6025390625;138,66714477539062;108,56673431396484;114,60018157958984;380,52490234375;4265,58984375;277,46087646484375;402,5926513671875;55,212806701660156;6,308887481689453;101,75;169,21197509765625;68,84629821777344;124,11299896240234;18,391632080078125;80,50154113769531;158,05499267578125;242,26351928710938;140246,0
2022-08-25;199,21466064453125;348,9214782714844;315,1000061035156;157,10943603515625;137,07440185546875;145,96910095214844;109,51409149169922;123,08570098876953;384,2049560546875;4326,0693359375;290,713623046875;405,13433837890625;55,82530212402344;6,369941234588623;100,4000015258789;169,21197509765625;71,26838684082031;123,25704956054688;17,88139533996582;79,42489624023438;165,5;245,34706115722656;142778,0
2022-08-26;198,59429931640625;352,28936767578125;309,54998779296875;156,6687469482422;138,72592163085938;137,1225128173828;106,38783264160156;119,89221954345703;378,326416015625;4273,0869140625;289,9662780761719;405,7098083496094;56,000301361083984;6,308887481689453;96,69999694824219;169,21197509765625;70,09403991699219;127,70799255371094;17,90458869934082;75,54901123046875;163,07000732421875;246,1377716064453;141460,0
2022-08-29;196,65562438964844;351,31549072265625;306,95001220703125;159,3129425048828;142,02891540527344;139,8958282470703;104,44575500488281;121,80831909179688;378,5176086425781;4480,51904296875;297,78839111328125;421,7272033691406;55,912811279296875;6,512399673461914;98,1500015258789;169,21197509765625;69,80045318603516;130,6182403564453;18,438016891479492;76,90250396728516;171,7949981689453;250,17022705078125;143805,0
2022-08-30;194,1741943359375;352,00531005859375;297,6000061035156;161,07574462890625;145,3319091796875;131,6109161376953;106,95623779296875;115,83194732666016;366,2348937988281;4427,0361328125;290,61395263671875;392,8095703125;55,56280517578125;6,512399673461914;96,0999984741211;169,21197509765625;68,33251953125;126,5096664428711;18,57716941833496;76,04118347167969;163,59500122070312;250,24937438964844;141134,0
2022-08-31;186,0706787109375;337,1135559082031;288,1000061035156;153,58384704589844;136,83847045898438;129,99606323242188;100,94054412841797;113,55088806152344;354,8602600097656;4259,591796875;276,11566162109375;378,4226989746094;55,47530746459961;6,553102970123291;97,05000305175781;169,21197509765625;65,91041564941406;126,33847045898438;17,835012435913086;73,79563903808594;160,48500061035156;234,6334991455078;136241,0
2022-09-01;186,38084411621094;340,0322570800781;284,0;155,34664916992188;138,96182250976562;127,71417999267578;100,89317321777344;112,13664245605469;350,8934631347656;4184,61669921875;267,54620361328125;368,303955078125;55,56280517578125;6,634507179260254;97,05000305175781;169,21197509765625;64,95626068115234;124,62657165527344;17,90458869934082;73,21117401123047;164,06500244140625;229,53353881835938;136302,0
2022-09-05;189,0174102783203;341,1346435546875;294,70001220703125;151,60069274902344;136,36660766601562;138,07034301757812;99,75635528564453;114,96514892578125;347,3568115234375;4213,10693359375;271,4323425292969;391,131103515625;55,82905578613281;6,6548590660095215;97,19999694824219;169,21197509765625;67,08476257324219;132,33013916015625;17,440738677978516;75,30293273925781;171,5800018310547;241,857666015625;138268,0
2022-09-06;191,11117553710938;343,91107177734375;288,0;146,3123016357422;136,6025390625;127,85462188720703;98,90373229980469;116,78999328613281;353,1875305175781;4147,62841796875;264,0586242675781;382,6908264160156;55,91671371459961;6,675210475921631;96,0;169,21197509765625;65,98381805419922;129,41989135742188;17,579893112182617;73,8263931274414;173,84500122070312;237,0841522216797;137309,0
2022-09-07;197,392333984375;362,69293212890625;295,54998779296875;143,44775390625;132,1199188232422;128,7322540283203;102,88261413574219;124,8193130493164;359,5439453125;4139,13134765625;270,68499755859375;413,52667236328125;56,35493087768555;6,492048740386963;96,94999694824219;169,21197509765625;70,46102142333984;129,9334716796875;16,86092758178711;73,88792419433594;187,5850067138672;247,7847137451172;141002,0
2022-09-08;197,9040985107422;362,8970031738281;295,3500061035156;146,9733428955078;130,23248291015625;125,22169494628906;102,45630645751953;119,75537109375;367,90765380859375;4047,162109375;268,09423828125;400,43463134765625;56,880794525146484;6,349589824676514;95,8499984741211;169,21197509765625;69,58026885986328;131,98776245117188;16,675386428833008;77,0562973022461;193,83999633789062;248,34164428710938;141509,0
2022-09-09;207,583740234375;385,516845703125;300,6000061035156;148,2954559326172;132,1199188232422;131,5406951904297;106,05624389648438;123,17694854736328;368,0988464355469;4083,14990234375;271,2330627441406;409,88201904296875;57,58193588256836;6,410643577575684;95,3499984741211;169,21197509765625;69,2132797241211;130,9606170654297;16,837736129760742;79,20957946777344;197,16000366210938;257,37158203125;144642,0
2022-09-12;203,31214904785156;382,2095642089844;300,5;147,85475158691406;133,06361389160156;129,50457763671875;105,77204132080078;124,4543228149414;372,25677490234375;4079,1513671875;277,012451171875;430,7909240722656;58,02015686035156;6,3292388916015625;96,05000305175781;169,21197509765625;70,16743469238281;128,3927459716797;17,092853546142578;78,44054412841797;198,36000061035156;251,36485290527344;144714,0
2022-09-13;196,92434692382812;372,6145935058594;291,95001220703125;149,6175537109375;131,8839874267578;123,18556213378906;104,30364227294922;122,26451873779297;356,5329895019531;4091,147216796875;266,3504638671875;418,849853515625;58,10780334472656;6,186779975891113;95,5;169,21197509765625;68,03892517089844;127,70799255371094;17,185625076293945;76,59489440917969;201,01499938964844;243,76707458496094;142942,0
2022-09-14;201,6270294189453;389,1916198730469;303,29998779296875;149,83790588378906;128,81690979003906;126,30997467041016;107,09834289550781;129,7463836669922;366,61724853515625;4100,64404296875;275,11920166015625;452,27532958984375;58,10780334472656;6,288536548614502;96,44999694824219;169,21197509765625;70,46102142333984;128,9063262939453;17,835012435913086;76,93325805664062;207,89500427246094;250,84776306152344;146750,0
2022-09-15;202,17567443847656;392,9887390136719;301,1499938964844;144,54949951171875;126,69354248046875;122,90473175048828;107,3351821899414;129,5638885498047;370,4884338378906;4070,154296875;272,1298828125;447,4797058105469;58,10780334472656;6,390293598175049;95,69999694824219;169,21197509765625;71,19499206542969;127,70799255371094;17,88139533996582;76,74869537353516;198,97999572753906;247,6654052734375;144766,0
2022-09-16;203,2729949951172;400,62396240234375;304,1499938964844;142,5663604736328;126,2217025756836;122,16751861572266;107,714111328125;127,00911712646484;367,7642517089844;4036,665283203125;264,7063293457031;446,4726257324219;57,14371109008789;6,3292388916015625;97,19999694824219;169,21197509765625;75,23182678222656;128,7351531982422;17,25520133972168;75,39521789550781;210,71499633789062;251,9615936279297;145742,0
2022-09-19;212,20806884765625;423,8970947265625;316,70001220703125;141,02391052246094;125,98578643798828;130,87368774414062;108,85094451904297;135,31216430664062;384,4916687011719;4095,645751953125;278,20819091796875;471,31396484375;57,05607604980469;6,207131385803223;97,80000305175781;169,21197509765625;74,49785614013672;129,7622833251953;17,278392791748047;77,3639144897461;220,0500030517578;270,0611572265625;150262,0
2022-09-20;210,67965698242188;414,09783935546875;307,3999938964844;137,05760192871094;125,2779769897461;126,55570220947266;108,99304962158203;131,34312438964844;383,870361328125;4065,156005859375;271,0835876464844;455,9200134277344;56,793148040771484;6,105374813079834;97,0999984741211;169,21197509765625;74,13086700439453;125,65371704101562;17,278392791748047;75,88738250732422;218,5850067138672;274,1185607910156;147930,0
2022-09-21;210,7972412109375;412,95458984375;308,0;139,9221649169922;126,45762634277344;123,15046691894531;109,13514709472656;125,86859130859375;380,4293212890625;4037,6650390625;266,9981689453125;455,104736328125;56,35493087768555;6,064672470092773;97,25;169,21197509765625;73,17670440673828;125,14014434814453;17,41754722595215;75,08760070800781;211,69000244140625;271,2942810058594;146980,0
2022-09-22;211,5417938232422;417,405029296875;311,75;143,44775390625;127,16542053222656;128,48651123046875;107,572021484375;128,78831481933594;383,296875;4042,16357421875;278,1583557128906;467,5733642578125;56,179649353027344;6,186779975891113;96,55000305175781;169,21197509765625;73,17670440673828;121,88752746582031;17,788625717163086;74,07249450683594;218,02999877929688;275,033447265625;149481,0
2022-09-23;201,9013671875;398,9498596191406;294,8500061035156;143,88845825195312;128,34506225585938;120,93881225585938;107,3351821899414;122,17327117919922;363,1283874511719;3890,2138671875;260,1226501464844;432,1336975097656;56,617855072021484;6,0036187171936035;94,0999984741211;169,21197509765625;69,06648254394531;119,833251953125;17,765432357788086;71,67313385009766;196,1750030517578;254,5074005126953;142932,0
2022-09-26;190,10549926757812;378,82073974609375;279,8500061035156;142,34600830078125;127,40133666992188;116,0240249633789;102,21946716308594;115,9231948852539;353,04412841796875;3744,26171875;244,1296844482422;410,4574890136719;55,1279182434082;5,555891036987305;95,4000015258789;169,21197509765625;65,5434341430664;119,833251953125;17,25520133972168;69,76593780517578;195,38999938964844;244,64219665527344;138148,0
2022-09-27;179,52447509765625;362,9379577636719;275,25;142,1256561279297;125,2779769897461;116,55061340332031;101,60369110107422;115,14762878417969;348,0736999511719;3735,7646484375;245,77381896972656;410,5533752441406;54,25148391723633;5,291325092315674;95,1500015258789;169,21197509765625;63,70851516723633;117,09420013427734;16,582616806030273;69,70442199707031;191,93499755859375;242,61351013183594;135473,0
2022-09-28;182,81634521484375;361,2638244628906;285,20001220703125;141,90530395507812;125,2779769897461;120,16646575927734;102,78787994384766;117,83927917480469;363,1283874511719;3722,76904296875;251,9019775390625;428,4890441894531;54,25148391723633;5,454134941101074;102,5;167,56915283203125;67,0113754272461;117,43657684326172;16,420270919799805;72,87281036376953;197,60499572753906;249,45547485351562;138023,0
2022-09-29;181,17039489746094;361,2638244628906;284,8999938964844;146,09194946289062;126,2217025756836;117,04208374023438;99,9458236694336;121,2152328491211;365,13568115234375;3736,2646484375;251,0051727294922;434,43560791015625;54,16383743286133;5,596593856811523;102,55000305175781;167,56915283203125;68,18572235107422;114,86871337890625;16,095577239990234;74,1340103149414;192,83999633789062;247,90408325195312;138005,0
2022-09-30;183,4825439453125;359,1890869140625;283,45001220703125;145,430908203125;128,5809783935547;119,25374603271484;101,27210998535156;126,41605377197266;372,7347106933594;3813,239013671875;251,30410766601562;439,80670166015625;53,90089797973633;5,779755115509033;105,0;167,56915283203125;67,52515411376953;113,6703872680664;15,886842727661133;76,74869537353516;194,0449981689453;251,28533935546875;139115,0
2022-10-03;195,90542602539062;390,072998046875;298,20001220703125;143,22740173339844;131,41212463378906;122,16751861572266;109,13514709472656;129,8832550048828;391,0870666503906;3806,241455078125;261,0693054199219;455,3924865722656;54,602046966552734;6,085023880004883;106,5999984741211;167,56915283203125;68,11231994628906;118,4637222290039;16,675386428833008;78,7481460571289;211,33999633789062;260,6791687011719;145063,0
2022-10-04;196,10142517089844;394,179931640625;295,54998779296875;138,60006713867188;129,99656677246094;123,3611068725586;111,21932983398438;128,42337036132812;396,6310119628906;3797,744384765625;261,9162902832031;461,1951904296875;54,429813385009766;5,983267307281494;106,5999984741211;167,56915283203125;68,84629821777344;116,40943145751953;17,11604881286621;79,3633804321289;213,97000122070312;262,4394226074219;144927,0
2022-10-05;194,0243682861328;394,7137145996094;300,04998779296875;136,17620849609375;125,51390838623047;122,51856231689453;111,12459564208984;133,03109741210938;398,6383056640625;3773,25244140625;266,49993896484375;488,0027160644531;53,63970184326172;6,105374813079834;106,0999984741211;167,56915283203125;67,67193603515625;114,86871337890625;16,86092758178711;77,79456329345703;230,76499938964844;265,39984130859375;146723,0
2022-10-06;189,0865478515625;382,3930969238281;300,0;135,29481506347656;126,45762634277344;116,936767578125;107,9035873413086;127,37409210205078;401,0279235839844;3758,757080078125;265,2045593261719;490,5923767089844;53,9908561706543;6,146078109741211;105,19999694824219;167,56915283203125;67,0113754272461;116,40943145751953;16,837736129760742;77,67152404785156;223,3000030517578;262,75946044921875;144645,0
2022-10-11;181,40553283691406;360,0926818847656;279,8500061035156;130,22677612304688;119,6156997680664;111,6709213256836;103,26155853271484;119,48162841796875;381,5285339355469;3638,297119140625;251,15464782714844;457,7423400878906;53,28855514526367;5,840809345245361;102,0;167,56915283203125;63,48832321166992;117,77896118164062;16,373886108398438;73,9802017211914;205,57000732421875;243,95668029785156;136982,0
2022-10-12;176,70285034179688;357,4231872558594;274,3500061035156;131,32850646972656;120,32349395751953;113,77725982666016;103,02471923828125;119,52725982666016;387,1202697753906;3644,794921875;245,9232940673828;460,6197204589844;53,9908561706543;5,739051818847656;100,0;167,56915283203125;62,82774353027344;116,06705474853516;16,536231994628906;74,93379974365234;203,6999969482422;239,31600952148438;136396,0
2022-10-13;181,44471740722656;370,44207763671875;288,20001220703125;133,09130859375;120,55941009521484;117,4633560180664;107,714111328125;123,49629211425781;398,39935302734375;3688,7802734375;252,6991424560547;475,9656982421875;54,07865524291992;5,861159801483154;101,94999694824219;167,56915283203125;66,05720520019531;117,09420013427734;16,65219497680664;78,44054412841797;217,25999450683594;250,07763671875;140764,0
2022-10-14;176,93801879882812;362,3924865722656;280,95001220703125;131,32850646972656;119,37977600097656;114,33895111083984;106,10362243652344;119,4360122680664;378,2786560058594;3597,310546875;242,5353546142578;456,4954833984375;53,815284729003906;5,698349952697754;100,19999694824219;167,56915283203125;64,88285827636719;116,75181579589844;16,559423446655273;77,82533264160156;210,5;244,71678161621094;137291,0
2022-10-17;179,60281372070312;367,48504638671875;284,1499938964844;133,31166076660156;117,9642105102539;117,56865692138672;106,10362243652344;122,21890258789062;371,6354675292969;3594,3115234375;250,10836791992188;452,65899658203125;53,727500915527344;5,820457458496094;100,1500015258789;167,56915283203125;64,29568481445312;117,09420013427734;16,420270919799805;76,71793365478516;218,14500427246094;248,23731994628906;138954,0
2022-10-18;178,2704315185547;367,0332946777344;282,79998779296875;131,98956298828125;115,60491943359375;114,02299499511719;106,52992248535156;118,7516860961914;382,3887939453125;3596,81103515625;245,67417907714844;455,2006530761719;53,02516555786133;5,698349952697754;100,19999694824219;167,56915283203125;64,4424819946289;113,6703872680664;16,16515350341797;74,62619018554688;213,77499389648438;242,75648498535156;137542,0
2022-10-19;179,0150146484375;365,1852722167969;282,25;133,09130859375;113,4815673828125;110,23158264160156;103,78260803222656;115,14762878417969;372,3045654296875;3555,32470703125;244,27914428710938;452,4192199707031;52,235069274902344;5,6779985427856445;99,44999694824219;167,56915283203125;62,75434875488281;106,6515884399414;15,794073104858398;73,94944763183594;214,0500030517578;240,7162322998047;136484,0
2022-10-20;182,69876098632812;362,6800537109375;282,1499938964844;132,2099151611328;112,77378845214844;108,51142120361328;104,20891571044922;113,55088806152344;368,9590759277344;3558,323486328125;240,19371032714844;458,4137268066406;51,79611587524414;5,616944789886475;98,55000305175781;162,84600830078125;61,65339279174805;107,33634948730469;15,701301574707031;72,84204864501953;213,2899932861328;240,15609741210938;136139,0
2022-10-21;187,16629028320312;368,67608642578125;287,04998779296875;134,63375854492188;113,71749114990234;112,26771545410156;104,966796875;118,34111022949219;375,21990966796875;3611,8056640625;248,31475830078125;471,0262145996094;51,62051773071289;5,596593856811523;101,0999984741211;162,84600830078125;63,047935485839844;113,49920654296875;15,770879745483398;74,87227630615234;219,0800018310547;248,7574005126953;138945,0
2022-10-24;186,3433380126953;363,3781433105469;285,70001220703125;137,71865844726562;117,25643157958984;109,28373718261719;108,04570007324219;114,91952514648438;382,8667297363281;3638,297119140625;248,0158233642578;456,447509765625;51,97169876098633;5,5355401039123535;101,8499984741211;162,84600830078125;64,4424819946289;115,89585876464844;15,747688293457031;72,59595489501953;225,53500366210938;244,95684814453125;139733,0
2022-10-25;190,26226806640625;373,8507385253906;301,1000061035156;140,5832061767578;119,85163879394531;112,65389251708984;110,79301452636719;122,4013900756836;387,1202697753906;3667,287353515625;258,0799560546875;462,6338806152344;51,35715866088867;5,718701362609863;112,30000305175781;162,84600830078125;69,36007690429688;116,06705474853516;15,886842727661133;76,25652313232422;235,2449951171875;251,3178253173828;143959,0
2022-10-26;187,16629028320312;369,9902648925781;300,95001220703125;144,99021911621094;123,86241149902344;114,19853210449219;110,98249053955078;125,50362396240234;383,5836181640625;3704,275146484375;258,1297607421875;478,9869384765625;50,12810134887695;5,861159801483154;109,1500015258789;162,84600830078125;68,91968536376953;117,6077651977539;15,747688293457031;77,76380920410156;239,22999572753906;245,79696655273438;145029,0
2022-10-27;188,3419952392578;380,8733825683594;310,6499938964844;152,70245361328125;128,34506225585938;111,91667175292969;110,4614486694336;131,5255889892578;383,2012634277344;3743,26220703125;260,72052001953125;501,09478759765625;48,28451919555664;5,861159801483154;112,80000305175781;162,84600830078125;70,3142318725586;117,26539611816406;15,817264556884766;78,25597381591797;242,9600067138672;251,15777587890625;148110,0
2022-10-28;184,69740295410156;374,0581359863281;312,04998779296875;155,12631225585938;130,9402618408203;111,9517822265625;108,70884704589844;133,85226440429688;389,844482421875;3794,245361328125;257,08349609375;501,5743713378906;46,87987518310547;5,922213077545166;113,0;162,84600830078125;72,29594421386719;118,12134552001953;16,18834686279297;79,91707611083984;235,4550018310547;244,95684814453125;147845,0
2022-10-31;187,24465942382812;379,6343078613281;312,25;156,6687469482422;135,65884399414062;114,44426727294922;111,45616912841797;139,23558044433594;406,3329162597656;3927,701416015625;257,93048095703125;514,8102416992188;46,704288482666016;6,064672470092773;110,94999694824219;162,84600830078125;73,10330963134766;118,12134552001953;16,049190521240234;79,2710952758789;236,11000061035156;250,74400329589844;149938,0
2022-11-01;194,69058227539062;389,75396728515625;318,75;157,55015563964844;134,95103454589844;115,04106903076172;113,63507843017578;137,36509704589844;396,00970458984375;3993,679443359375;261,8664245605469;534,0886840820312;47,055458068847656;6,125726222991943;110,5;180,71185302734375;75,96578979492188;116,23823547363281;16,049190521240234;80,44001770019531;250,9499969482422;259,7983093261719;153002,0
2022-11-02;187,36224365234375;376,742919921875;308,3999938964844;153,58384704589844;134,95103454589844;112,197509765625;111,21932983398438;137,5932159423828;380,716064453125;3932,199951171875;255,28990173339844;529,6287841796875;46,9676628112793;5,942564964294434;109,5999984741211;180,71185302734375;74,13086700439453;114,35514831542969;16,002805709838867;79,3633804321289;243,27499389648438;252,83651733398438;149309,0
2022-11-03;189,16493225097656;375,6277770996094;312,6499938964844;151,60069274902344;132,1199188232422;114,51448059082031;112,16668701171875;140,46734619140625;392,8553771972656;3858,224365234375;260,5710754394531;538,7883911132812;46,97100830078125;5,901863098144531;108,94999694824219;172,70301818847656;72,88312530517578;112,47205352783203;15,840459823608398;77,97913360595703;249,97999572753906;253,7620849609375;150451,0
2022-11-04;190,3014373779297;379,6756591796875;316,45001220703125;150,49896240234375;131,1761932373047;119,18354034423828;114,15612030029297;143,0677490234375;403,8954772949219;3870,220458984375;258,7774658203125;551,7845458984375;47,498756408691406;5,942564964294434;109,55000305175781;172,70301818847656;74,49785614013672;115,72467041015625;15,910036087036133;81,10533905029297;246,96499633789062;256,49853515625;151263,0
2022-11-07;186,3433380126953;361,8319396972656;310,0;147,63441467285156;129,98828125;119,5697021484375;113,44561004638672;136,86326599121094;399,5463562011719;3766,2548828125;250,10836791992188;535,6712646484375;47,410797119140625;5,820457458496094;105,75;177,4261474609375;72,36933898925781;116,06705474853516;15,817264556884766;78,4061050415039;243,10499572753906;249,89892578125;147830,0
2022-11-08;184,9717254638672;357,7426452636719;318,79998779296875;150,71929931640625;129,01458740234375;122,37813568115234;112,877197265625;133,57855224609375;391,421630859375;3738,763916015625;252,10125732421875;517,9274291992188;47,498756408691406;5,861159801483154;104,75;177,4261474609375;71,8555679321289;117,09420013427734;15,67811107635498;76,47809600830078;237,6999969482422;251,307373046875;147924,0
2022-11-09;178,30963134765625;339,1140441894531;307,0;152,9228057861328;133,6396484375;115,85179138183594;110,0824966430664;127,73905181884766;370,58404541015625;3662,788818359375;246,12257385253906;489,1057434082031;46,79508590698242;5,739051818847656;103,5999984741211;177,4261474609375;69,9472427368164;114,6975326538086;15,492571830749512;75,64260864257812;220,0;240,44219970703125;143092,0
2022-11-10;181,24874877929688;339,44451904296875;313,0;157,32980346679688;139,23838806152344;115,85179138183594;107,99832916259766;128,7427215576172;364,84893798828125;3643,794921875;249,11192321777344;485,3651123046875;47,850616455078125;5,922213077545166;102,19999694824219;177,4261474609375;72,29594421386719;115,03990936279297;15,863651275634766;77,79557800292969;223,58999633789062;233,88284301757812;144879,0
2022-11-11;187,32305908203125;350,1012268066406;321,95001220703125;162,8385467529297;142,64633178710938;121,28236389160156;110,36670684814453;134,12600708007812;377,561767578125;3732,265869140625;244,8271942138672;505,5546875;50,049625396728516;6,146078109741211;105,75;177,4261474609375;74,86483764648438;117,09420013427734;16,327503204345703;80,044921875;239,27999877929688;237,5447998046875;150413,0
2022-11-14;185,36363220214844;347,78814697265625;336,0;157,9908447265625;144,59373474121094;125,98884582519531;109,9404067993164;137,31947326660156;380,4293212890625;3833,732421875;251,1048126220703;529,4369506835938;51,19312286376953;6,288536548614502;110,05000305175781;177,4261474609375;76,51626586914062;116,40943145751953;16,88412094116211;82,4228286743164;249,2550048828125;235,29132080078125;152685,0
2022-11-15;188,06765747070312;350,2664489746094;345,0;156,22804260253906;146,7845458984375;125,51818084716797;109,89302825927734;139,60052490234375;378,0396728515625;3818,7373046875;256,8841857910156;546,701171875;51,369041442871094;6,512399673461914;113,5;177,4261474609375;78,1677017211914;115,38229370117188;17,324777603149414;82,90482330322266;260,54998779296875;234,607177734375;155159,0
2022-11-16;187,16629028320312;346,9620361328125;341,5;155,787353515625;145,56741333007812;122,36848449707031;109,84565734863281;137,7757110595703;387,88494873046875;3797,744384765625;265,0550842285156;546,701171875;51,63291931152344;6,593804836273193;114,0;177,4261474609375;83,6724624633789;115,72467041015625;17,835012435913086;82,90482330322266;249,5;233,48043823242188;154109,0
2022-11-17;189,0474090576172;351,0925598144531;345,0;159,09259033203125;149,46218872070312;124,54067993164062;105,62994384765625;138,50563049316406;389,031982421875;3747,760986328125;264,0586242675781;546,701171875;51,72087860107422;6,593804836273193;114,0;177,4261474609375;85,1404037475586;116,06705474853516;17,626277923583984;84,83284759521484;248,0;239,75804138183594;155259,0
2022-11-18;189,36093139648438;352,7860412597656;351,0;162,8385467529297;150,43589782714844;124,90272521972656;105,72467803955078;144,39076232910156;400,8845520019531;3742,262939453125;268,54266357421875;552,4559326171875;51,984764099121094;6,695560932159424;118,0;177,4261474609375;88,07627868652344;119,31967163085938;17,997358322143555;85,15418243408203;248,49000549316406;240,64341735839844;157254,0
2022-11-22;189,20416259765625;353,77734375;348,0;165,70309448242188;148,2450714111328;127,07493591308594;105,48783874511719;144,61886596679688;409,86956787109375;3718,7705078125;280,4003601074219;573,556640625;51,72087860107422;7,122937202453613;117,5999984741211;177,4261474609375;87,3423080444336;127,53679656982422;17,67266273498535;84,1901626586914;250,47500610351562;242,655517578125;158169,0
2022-11-23;191,39871215820312;356,8752746582031;346,0;161,73678588867188;144,10687255859375;132,50547790527344;106,10362243652344;151,23390197753906;401,4580383300781;3695,278076171875;282,5925598144531;561,0880737304688;51,457000732421875;7,28574800491333;116,25;176,604736328125;85,50738525390625;121,88752746582031;17,603086471557617;82,90482330322266;250,9949951171875;257,54473876953125;158564,0
2022-11-24;193,35813903808594;367,2014465332031;347,0;164,82168579101562;147,0279541015625;136,12586975097656;107,52465057373047;155,79600524902344;409,5827941894531;3783,748779296875;285,9804992675781;570,6793212890625;51,19312286376953;7,52996301651001;115,5;176,604736328125;88,99374389648438;122,5722885131836;17,811819076538086;83,86883544921875;257,70001220703125;262,776123046875;160936,0
2022-11-25;197,74732971191406;374,4298400878906;355,95001220703125;162,61819458007812;148,48849487304688;138,29808044433594;110,69828033447266;160,58624267578125;401,4580383300781;3758,757080078125;288,4217834472656;581,709228515625;51,544960021972656;7,46890926361084;117,0;176,604736328125;90,27819061279297;122,9146728515625;17,69585609436035;82,4549560546875;268,0;277,2630310058594;163717,0
2022-11-28;196,72840881347656;365,38409423828125;360,5;163,4995880126953;153,35696411132812;136,12586975097656;108,47200775146484;162,8673095703125;392,42523193359375;3772,752685546875;278,0089111328125;577,3931884765625;51,01719665527344;7,570664405822754;118,0;176,604736328125;90,09468841552734;123,59943389892578;17,39435386657715;84,41510009765625;271,8999938964844;283,7017517089844;164278,0
2022-11-29;199,86355590820312;368,85369873046875;376,0;165,70309448242188;159,6859893798828;137,64642333984375;108,47200775146484;166,9731903076172;413,8841552734375;3850,226806640625;291,95916748046875;617,6763916015625;51,72087860107422;7,52996301651001;118,0;176,604736328125;94,6820068359375;128,05038452148438;18,066936492919922;86,76085662841797;278,4599914550781;280,2811584472656;168195,0
2022-11-30;204,17431640625;387,44097900390625;375,0;162,39784240722656;161,87680053710938;140,6875457763672;110,84038543701172;165,6501922607422;415,7958679199219;3858,724365234375;288,9698181152344;623,43115234375;51,89680099487305;7,3875041007995605;117,30000305175781;176,604736328125;96,14994049072266;128,05038452148438;19,0178279876709;89,33155059814453;276,1000061035156;282,41400146484375;168525,0
2022-12-01;206,13372802734375;382,69091796875;380,0;162,39784240722656;163,58074951171875;143,72862243652344;114,58242797851562;168,25054931640625;421,5309753417969;3937,697998046875;286,9769287109375;630,14501953125;54,18377685546875;7,28574800491333;118,75;194,67591857910156;104,04010009765625;130,1046600341797;19,087406158447266;86,76085662841797;275,635009765625;284,9089050292969;170604,0
2022-12-02;209,93507385253906;381,7141418457031;375,1000061035156;163,05889892578125;159,6859893798828;142,85975646972656;112,924560546875;163,2322540283203;408,1490478515625;4298,07861328125;306,9058837890625;618,6834716796875;54,62358474731445;7,326450347900391;118,0;194,67591857910156;108,99439239501953;128,7351531982422;18,901865005493164;96,07962036132812;273,0;277,4593200683594;169692,0
2022-12-05;198,8837890625;365,5151672363281;362,8500061035156;160,19435119628906;161,3899383544922;137,57400512695312;112,73509216308594;156,0241241455078;397,6346435546875;4713,44140625;301,92364501953125;600,4121704101562;52,86477279663086;7,204342365264893;116,0;194,67591857910156;102,5721664428711;130,1046600341797;18,50759506225586;97,17215728759766;261,1000061035156;264,5164794921875;164467,0
2022-12-06;202,99864196777344;377,9758605957031;366,79998779296875;161,95713806152344;163,09390258789062;138,29808044433594;113,68244171142578;158,30520629882812;411,1121826171875;4948,36376953125;306,8560791015625;599,9326171875;52,68856430053711;7,326450347900391;117,5;194,67591857910156;105,69153594970703;130,1046600341797;18,832286834716797;99,77498626708984;262,20001220703125;266,9432678222656;168090,0
2022-12-07;209,9742431640625;389,60589599609375;377,0;165,2624053955078;169,4229278564453;141,0857696533203;118,89289093017578;165,14834594726562;412,9283142089844;4828,40380859375;313,63189697265625;615,2306518554688;53,129112243652344;7,672420501708984;118,5;194,67591857910156;111,37979888916016;136,26751708984375;18,925058364868164;104,85210418701172;265,0;277,5401611328125;171178,0
2022-12-12;201,4310760498047;375,0684509277344;352,5;163,94029235839844;172,83087158203125;139,0221710205078;114,10874938964844;163,91656494140625;402,65289306640625;4727,43701171875;305,4610290527344;600,8917236328125;52,33613967895508;7,591017246246338;118,5;194,67591857910156;111,37979888916016;137,29466247558594;18,80909538269043;101,86367797851562;252,3000030517578;264,5974426269531;166467,0
2022-12-13;200,17701721191406;371,5793762207031;349,0;163,94029235839844;175,0216827392578;143,11318969726562;115,482421875;161,9092559814453;405,281494140625;4753,427734375;294,9485168457031;584,1070556640625;52,60045623779297;7,93698787689209;119,0;194,67591857910156;114,4991683959961;139,00656127929688;18,62355613708496;102,85982513427734;253,8699951171875;262,4942321777344;165500,0
2022-12-14;198,1392059326172;363,4383239746094;341,5;162,39784240722656;172,1005859375;141,19436645507812;114,62979888916016;163,32350158691406;410,0607604980469;4787,91650390625;291,95916748046875;571,638427734375;51,80747604370117;8,018392562866211;120,5;194,67591857910156;114,4991683959961;141,74560546875;18,553977966308594;101,54235076904297;248,5;260,0674743652344;164217,0
2022-12-15;201,3527069091797;363,7706604003906;341,0;162,8385467529297;169,4229278564453;140,83233642578125;113,82455444335938;164,14468383789062;411,8768615722656;4852,8955078125;287,973388671875;568,281494140625;52,24802017211914;8,14050006866455;122,5999984741211;194,67591857910156;116,51757049560547;144,4846649169922;18,414823532104492;102,82769012451172;247,9499969482422;262,0088806152344;164733,0
2022-12-16;200,921630859375;362,93994140625;346,0;160,8553924560547;169,4229278564453;146,11807250976562;113,20877075195312;164,14468383789062;411,8768615722656;4777,419921875;284,68511962890625;579,3114013671875;52,159912109375;8,242256164550781;123,80000305175781;194,67591857910156;114,86614990234375;145,8541717529297;18,669939041137695;103,6952896118164;247,5;264,1929931640625;165110,0
2022-12-19;206,52561950683594;372,3685302734375;365,79998779296875;163,94029235839844;166,9886932373047;147,023193359375;116,52450561523438;166,06077575683594;411,0166015625;4871,38916015625;288,9698181152344;600,4121704101562;52,42423629760742;8,486472129821777;125,25;194,67591857910156;117,98551177978516;153,3865509033203;18,50759506225586;104,2737045288086;261,6000061035156;273,41461181640625;168966,0
2022-12-20;211,62022399902344;381,96331787109375;382,75;160,8553924560547;169,9097900390625;149,44882202148438;115,7192611694336;167,52064514160156;415,7480773925781;4909,37646484375;286,47869873046875;613,6480712890625;52,60045623779297;8,567875862121582;126,5999984741211;194,67591857910156;121,65535736083984;157,15274047851562;18,530786514282227;104,11302947998047;275,135009765625;276,8525390625;172336,0
2022-12-21;233,56602478027344;414,52740478515625;385,0;167,4658966064453;172,83087158203125;148,94198608398438;126,47171783447266;168,34182739257812;419,6670227050781;4978,35400390625;305,6105041503906;659,3983154296875;54,45072555541992;8,995251655578613;128,0;194,67591857910156;123,3067855834961;165,02749633789062;18,832286834716797;105,5911865234375;288,20001220703125;306,580322265625;179852,0
2022-12-22;230,4308624267578;425,49285888671875;397,0;170,99148559570312;171,857177734375;147,34901428222656;131,91900634765625;172,8126678466797;417,2296142578125;4902,37939453125;311,93792724609375;675,223876953125;54,62693405151367;8,581197738647461;133,89999389648438;212,7471160888672;121,83885192871094;174,61415100097656;18,94824981689453;103,88809967041016;291,989990234375;314,588623046875;182460,0
2022-12-23;241,795654296875;439,4488830566406;400,25;182,44967651367188;176,23878479003906;149,99188232421875;139,071533203125;179,97518920898438;416,751708984375;4967,857421875;331,81707763671875;697,2837524414062;55,33179473876953;8,731369972229004;134,0;212,7471160888672;124,04075622558594;179,7498779296875;18,925058364868164;106,04105377197266;303,8999938964844;325,1854553222656;187784,0
2022-12-26;244,5388641357422;445,26385498046875;413,0;188,3991241455078;179,646728515625;150,78836059570312;146,83982849121094;187,4114227294922;431,0894775390625;5048,3310546875;338,7922058105469;722,7005615234375;55,24369430541992;8,709917068481445;134,1999969482422;212,7471160888672;127,16012573242188;177,35321044921875;19,3193302154541;105,39836883544922;308,4949951171875;331,5758972167969;192477,0
2022-12-27;247,2821044921875;449,00213623046875;418,5;196,99276733398438;180,6204376220703;163,2786407470703;144,23460388183594;195,16702270507812;443,13323974609375;5603,1474609375;358,6713562011719;750,9468383789062;55,86043930053711;8,838634490966797;131,85000610351562;226,71121215820312;126,42615509033203;182,831298828125;20,038297653198242;109,70429229736328;300,3800048828125;334,8924560546875;195543,0
2022-12-28;261,0374450683594;475,1697998046875;427,0;202,06082153320312;184,0283660888672;169,1436309814453;146,83982849121094;197,8324432373047;459,76507568359375;5578,15576171875;370,9276428222656;759,5789184570312;58,41558837890625;8,68846321105957;135,3000030517578;226,71121215820312;128,26107788085938;196,868896484375;20,780454635620117;108,9652099609375;313,0;358,3511962890625;202560,0
2022-12-29;257,3536376953125;464,95184326171875;429,95001220703125;198,31488037109375;177,76425170898438;167,985107421875;144,8977508544922;192,83807373046875;447,6735534667969;5398,21533203125;357,8243713378906;770,17724609375;59,73720932006836;8,53829288482666;134,5;226,71121215820312;127,71060180664062;187,96701049804688;20,40937614440918;107,58345794677734;311,1499938964844;353,90203857421875;199361,0
2022-12-30;260,2144470214844;461,87835693359375;438,25;201,84046936035156;176,30316162109375;168,7091827392578;147,31350708007812;197,0000457763672;452,1182556152344;5543,1669921875;373,966796875;779,672607421875;59,649085998535156;8,581197738647461;138,25;229,99688720703125;137,252197265625;187,62461853027344;20,386184692382812;107,6477279663086;316,8450012207031;367,977294921875;202085,0
2023-01-02;264,29010009765625;475,7927551269531;457,0;200,95907592773438;181,1734161376953;171,60549926757812;150,1555633544922;199,54348754882812;471,23529052734375;5555,6630859375;382,5362548828125;804,7057495117188;60,00150680541992;8,624105453491211;146,0;229,99688720703125;139,4541015625;184,54318237304688;20,502147674560547;104,11302947998047;329,5;380,11102294921875;207054,0
2023-01-03;257,47125244140625;454,4017639160156;433,0;202,7218780517578;179,9558563232422;157,77566528320312;143,52407836914062;186,59510803222656;443,80230712890625;5363,2265625;362,208740234375;764,4225463867188;57,710723876953125;8,431028366088867;149,8000030517578;229,99688720703125;138,72015380859375;181,119384765625;20,502147674560547;104,78783416748047;299,79998779296875;351,0709228515625;198361,0
2023-01-04;264,0157775878906;464,37042236328125;438,0;205,36607360839844;181,66046142578125;165,45086669921875;146,36614990234375;189,04603576660156;442,5597229003906;5298,24853515625;367,3404235839844;758,09228515625;58,67990493774414;8,516840934753418;150,5;229,99688720703125;142,75697326660156;190,3636932373047;20,91961097717285;110,47550964355469;300,0;356,1266174316406;201061,0
2023-01-05;283,6525573730469;497,1836242675781;451,0;212,41725158691406;185,06961059570312;170,15736389160156;158,20806884765625;191,4507598876953;439,79638671875;5508,1787109375;372,67144775390625;803,7466430664062;59,82530975341797;8,431028366088867;154,0;229,99688720703125;150,83062744140625;197,89605712890625;21,47623062133789;116,96649169921875;318,04998779296875;376,1473693847656;209646,0
2023-01-06;294,3191223144531;507,1522521972656;458,95001220703125;223,43475341796875;188,96583557128906;170,4469757080078;157,73439025878906;198,84982299804688;458,38958740234375;5398,21533203125;371,67498779296875;794,6349487304688;61,058834075927734;8,366668701171875;157,3000030517578;229,99688720703125;146,79379272460938;204,0589141845703;21,893693923950195;118,8945083618164;323,70001220703125;385,0454406738281;213794,0
2023-01-09;297,4006042480469;512,5518798828125;452,6499938964844;226,96035766601562;192,61851501464844;170,15736389160156;160,102783203125;198,84982299804688;460,47161865234375;5408,2119140625;372,4721374511719;799,91015625;61,67557144165039;8,559745788574219;165,9499969482422;229,99688720703125;149,9131622314453;205,42843627929688;22,07923126220703;120,8225326538086;327,29998779296875;378,9786071777344;215725,0
2023-01-10;300,7981872558594;520,8590087890625;452,75;234,45223999023438;196,7582244873047;166,609375;163,2290496826172;195,10403442382812;455,58123779296875;5334,23681640625;367,19097900390625;765,141845703125;61,14693832397461;8,53829288482666;167,0;229,99688720703125;149,9131622314453;198,58079528808594;22,12561798095703;121,46520233154297;324,3999938964844;376,9562683105469;215811,0
2023-01-11;324,8177185058594;549,2696533203125;484,5;243,26625061035156;196,02767944335938;170,15736389160156;176,3025360107422;201,1157684326172;480,3236999511719;5394,216796875;394,0950622558594;755,7904052734375;62,11611557006836;8,409575462341309;173,5;229,99688720703125;153,03253173828125;209,19461059570312;22,93735694885254;122,10787963867188;331,5;411,53753662109375;224628,0
2023-01-12;349,0743408203125;584,8656616210938;487,0;249,43605041503906;201,62847900390625;172,32955932617188;189,13916015625;205,78643798828125;511,3123474121094;5508,1787109375;408,5435485839844;791,2300415039062;64,31880187988281;8,752823829650879;172,39999389648438;229,99688720703125;153,76651000976562;225,9712371826172;23,099702835083008;129,69142150878906;360,5;425,8958740234375;234154,0
2023-01-13;361,08416748046875;605,13525390625;487,0;256,0465393066406;216,23922729492188;177,1808624267578;196,57589721679688;209,4859619140625;522,9330444335938;5658,12939453125;426,4796142578125;796,0736083984375;69,16475677490234;9,13897705078125;172,0;229,99688720703125;152,66555786132812;227,68316650390625;24,12017059326172;130,55902099609375;387,0;448,14117431640625;242155,0
2023-01-16;367,80010986328125;627,190673828125;503,0;266,1826171875;220,13543701171875;184,63880920410156;204,2494659423828;214,80404663085938;550,048095703125;5848,06640625;443,4192199707031;836,3568725585938;75,7728500366211;9,33205509185791;173,9499969482422;229,99688720703125;154,1334991455078;233,50363159179688;25,697261810302734;138,81736755371094;402,79998779296875;469,1730651855469;250556,0
2023-01-17;390,7136535644531;660,41943359375;508,79998779296875;262,6570129394531;219,4049072265625;193,3276824951172;215,9966583251953;225,3014678955078;548,0145263671875;5861,0615234375;470,32330322265625;813,337890625;80,0020523071289;9,546584129333496;173,5;229,99688720703125;159,27127075195312;242,40554809570312;26,43941879272461;143,89450073242188;435,0050048828125;477,9903259277344;260750,0
2023-01-18;346,862060546875;622,2064819335938;471,0;230,92665100097656;202,6025390625;171,89511108398438;186,62869262695312;205,78643798828125;495,3338317871094;5495,1826171875;417,5115661621094;746,1991577148438;76,6539306640625;9,010258674621582;157,0;279,2818908691406;151,19761657714844;234,1884002685547;25,604490280151367;130,23770141601562;401,6000061035156;431,3561096191406;235372,0
2023-01-19;359,8594970703125;638,3638305664062;472,5;222,9940643310547;198,21929931640625;175,1896514892578;182,8392791748047;193,99417114257812;486,1340637207031;5264,25927734375;413,5257873535156;703,51806640625;74,89176940917969;8,64555835723877;150,5;279,2818908691406;141,8395233154297;230,76458740234375;24,398479461669922;126,2209701538086;401,0;436,0072937011719;235180,0
2023-01-20;391,9778137207031;682,0180053710938;498,0;231,3673553466797;202,35902404785156;181,38047790527344;200,36532592773438;204,39910888671875;505,5019836425781;5395,2158203125;441,42633056640625;730,8531494140625;77,62311553955078;9,074618339538574;161,8000030517578;279,2818908691406;152,29856872558594;249,93792724609375;25,140640258789062;134,92919921875;428,5;467,5552062988281;247680,0
2023-01-23;388,8963928222656;661,9977416992188;497,29998779296875;241,062744140625;204,55062866210938;183,19065856933594;194,01803588867188;208,0986328125;523,6593627929688;5428,205078125;454,7289123535156;761,4971923828125;79,73770904541016;9,203335762023926;162,39999389648438;279,2818908691406;159,6382598876953;250,6226806640625;25,55810546875;134,9613494873047;436,6000061035156;459,4660949707031;250362,0
2023-01-24;382,41729736328125;658,1765747070312;502,0;251,1988525390625;204,06361389160156;185,72494506835938;187,52867126464844;218,1798553466797;517,02587890625;5471,19140625;464,3446350097656;783,6050415039062;78,76851654052734;8,945899963378906;164,0;279,2818908691406;163,67507934570312;245,48696899414062;26,43941879272461;135,60400390625;437,3999938964844;456,5133972167969;252108,0
2023-01-25;400,5110778808594;689,951416015625;519,0;252,96163940429688;205,52468872070312;188,98324584960938;198,2337646484375;228,44607543945312;532,6170043945312;5492,1845703125;491,5476379394531;826,765625;77,00635528564453;9,181882858276367;177,14999389648438;279,2818908691406;178,35446166992188;248,56838989257812;26,62495994567871;143,95877075195312;440,8999938964844;474,6737365722656;260074,0
2023-01-26;402,96044921875;694,4373168945312;517,0;255,1651153564453;206,9857635498047;196,22398376464844;198,9442901611328;233,0704803466797;532,6170043945312;5488,18505859375;498,1241760253906;823,3607788085938;78,06364440917969;9,2247896194458;179,0;279,2818908691406;185,6941680908203;244,80221557617188;27,13519287109375;150,70681762695312;441,6000061035156;474,8355712890625;261499,0
2023-01-27;389,88397216796875;672,8801879882812;504,0;250,3174285888672;207,9597930908203;198,0341796875;192,78648376464844;221,9718780517578;517,1226806640625;5322,23974609375;485,6187744140625;799,046875;77,18257904052734;9,13897705078125;178,25;293,2460021972656;183,49224853515625;239,66650390625;27,13519287109375;152,3456573486328;428,29998779296875;464,44085693359375;254295,0
2023-01-30;369,6965026855469;643,8881225585938;480,5;244,1476287841797;204,06361389160156;183,91473388671875;187,1023712158203;210,4108428955078;502,3062744140625;5250,2646484375;459,3623962402344;763,9429321289062;77,09446716308594;8,795727729797363;171,4499969482422;293,2460021972656;175,78558349609375;232,81886291503906;27,784584045410156;149,1001434326172;414,69500732421875;441,7507019042969;245875,0
2023-01-31;387,1580505371094;671,21875;498,0;241,062744140625;204,55062866210938;183,98715209960938;196,14959716796875;214,15663146972656;506,9545593261719;5308,2451171875;472,216552734375;796,0736083984375;77,00635528564453;9,13897705078125;174,85000610351562;293,2460021972656;178,35446166992188;236,24269104003906;27,64542579650879;152,95619201660156;439,3999938964844;461,0838317871094;253549,0
2023-02-01;379,2568664550781;650,9077758789062;498,70001220703125;245,91043090820312;205,52468872070312;186,81105041503906;191,36546325683594;210,17962646484375;507,4387512207031;5288,251953125;469,8250732421875;777,8502807617188;74,80365753173828;9,117524147033691;169,0;293,2460021972656;180,55638122558594;232,81886291503906;27,69181251525879;157,7762451171875;428,70001220703125;445,7143859863281;251062,0
2023-02-02;379,2568664550781;656,0166015625;491,5;244,5883331298828;204,55062866210938;181,7425079345703;185,25502014160156;207,1737518310547;507,2934875488281;5288,251953125;457,5189514160156;771,1364135742188;74,45122528076172;9,267695426940918;164,0;293,2460021972656;179,45542907714844;227,3407745361328;27,877351760864258;164,46002197265625;413,0;441,62933349609375;248855,0
2023-02-03;359,5039367675781;632,59033203125;475,5;234,45223999023438;205,2811737060547;175,1172332763672;180,94456481933594;202,54934692382812;482,74468994140625;5189,28466796875;425,483154296875;739,4852905273438;72,6890640258789;9,096070289611816;159,75;293,2460021972656;171,19827270507812;225,9712371826172;27,088808059692383;152,6348419189453;411,8999938964844;422,3365783691406;239370,0
2023-02-06;360,6890869140625;623,8679809570312;478,3999938964844;240,62203979492188;201,62847900390625;172,32955932617188;176,49200439453125;201,57823181152344;483,7131042480469;5268,25830078125;425,8817443847656;742,3626708984375;71,98420715332031;9,096070289611816;161,0;293,2460021972656;171,0147705078125;222,54745483398438;27,413501739501953;147,81480407714844;416,5;423,06463623046875;243608,0
2023-02-07;367,4051208496094;630,5136108398438;480,70001220703125;246,79183959960938;201,8719940185547;173,5966796875;181,60769653320312;210,31834411621094;490,0076599121094;5281,25439453125;434,94940185546875;767,68359375;73,12960052490234;9,267695426940918;163,0;279,692626953125;174,31764221191406;227,3407745361328;29,222515106201172;148,13613891601562;423,5;427,1092834472656;246804,0
2023-02-08;373,72607421875;630,5966796875;492,5;255,6058349609375;205,2811737060547;172,69158935546875;184,49713134765625;210,873291015625;489,5718688964844;5326,2392578125;453,8819274902344;806,1444702148438;73,65825653076172;9,246241569519043;165,75;279,692626953125;177,25350952148438;234,1884002685547;28,758665084838867;146,5294647216797;425,0;436,0072937011719;250125,0
2023-02-09;371,355712890625;623,369384765625;479,0;255,6058349609375;206,49874877929688;167,3334503173828;179,99720764160156;211,47445678710938;485,98883056640625;5351,73046875;433,4547424316406;776,89111328125;74,18690490722656;9,696754455566406;161,89999389648438;279,692626953125;180,92335510253906;239,32411193847656;28,94420623779297;139,8135223388672;418,25;432,7716979980469;248239,0
2023-02-10;373,3309631347656;624,449462890625;484,95001220703125;247,67324829101562;202,6025390625;169,65048217773438;183,54977416992188;213,1855010986328;487,8287658691406;5399,71435546875;433,9529724121094;800,8692626953125;74,80365753173828;9,825472831726074;164,9499969482422;279,692626953125;181,29034423828125;231,79171752929688;29,036975860595703;145,24412536621094;428,29998779296875;433,1761779785156;249898,0
2023-02-13;393,87408447265625;655,8504638671875;503,5;255,1651153564453;202,6025390625;183,91473388671875;195,62855529785156;216,42259216308594;499,15899658203125;5463,193359375;449,8961181640625;822,9291381835938;76,6539306640625;9,782567977905273;169,75;279,692626953125;182,75827026367188;226,31362915039062;29,31528663635254;152,31350708007812;450,30499267578125;459,30426025390625;257626,0
2023-02-14;410,0715637207031;670,9696044921875;502,8999938964844;245,91043090820312;203,5765838623047;191,87953186035156;202,73370361328125;216,42259216308594;501,5315856933594;5504,6796875;439,2839660644531;839,2342529296875;77,62311553955078;9,782567977905273;170,6999969482422;279,692626953125;182,75827026367188;215,69985961914062;29,12974739074707;165,16697692871094;449,69500732421875;475,23992919921875;258464,0
2023-02-15;400,7876281738281;657,0965576171875;505,5;235,77435302734375;203,33306884765625;188,7660369873047;198,9442901611328;213,64794921875;483,2288818359375;5492,6845703125;429,3692932128906;832,0887451171875;76,6539306640625;9,782567977905273;171,5;279,692626953125;185,6941680908203;216,3845977783203;29,408056259155273;161,95359802246094;442,0;465,12847900390625;254970,0
2023-02-16;406,9110412597656;663,07763671875;505,25;238,85923767089844;204,30712890625;187,75233459472656;207,94415283203125;216,885009765625;495,8180236816406;5683,12060546875;445,91033935546875;839,2342529296875;77,887451171875;9,8040189743042;179,0;279,692626953125;184,59320068359375;239,66650390625;29,686365127563477;164,8456573486328;441,5;478,8800354003906;257247,0
2023-02-17;392,2938232421875;628,2290649414062;493,0;229,16384887695312;197,73228454589844;185,68870544433594;193,26016235351562;213,7866668701172;478,3869323730469;5612,14453125;422,4938049316406;804,7537231445312;75,42041778564453;9,610942840576172;174,9499969482422;279,692626953125;179,82240295410156;247,8836212158203;28,758665084838867;154,8842010498047;420,5;457,1606750488281;248979,0
2023-02-22;383,2864685058594;618,0943603515625;477,0;221,6719512939453;192,86203002929688;187,53509521484375;188,90232849121094;209,0235137939453;464,82940673828125;5418,2080078125;406,5506591796875;791,757568359375;75,42041778564453;10,082908630371094;168,0;279,692626953125;175,23509216308594;243,09031677246094;28,526742935180664;152,95619201660156;417,0199890136719;451,7812805175781;244719,0
2023-02-23;392,6889343261719;638,2808227539062;486,0;215,50216674804688;192,61851501464844;197,67213439941406;197,99693298339844;213,1855010986328;482,30889892578125;5485,18603515625;418,5080261230469;815,256103515625;74,71553802490234;10,254532814025879;168,0;279,692626953125;168,8128662109375;250,6226806640625;28,758665084838867;156,6515655517578;432,3999938964844;473,2176208496094;248006,0
2023-02-24;389,5284729003906;630,5136108398438;485,0;214,8411102294922;193,83609008789062;194,8120574951172;194,20751953125;211,33572387695312;495,3338317871094;5492,1845703125;407,04888916015625;805,6648559570312;73,7463607788086;10,168722152709961;168,0;270,2463073730469;163,67507934570312;234,87315368652344;28,758665084838867;153,11685180664062;435,1000061035156;491,82275390625;248325,0
2023-02-27;395,8493957519531;643,5143432617188;493,25;217,70565795898438;193,3490447998047;206,72305297851562;203,68106079101562;210,5958251953125;490,9760437011719;5458,19482421875;409,5400085449219;805,6648559570312;73,12960052490234;10,125813484191895;168,0;270,2463073730469;164,4090576171875;225,9712371826172;28,294816970825195;160,0255889892578;446,5;505,6148986816406;250466,0
2023-02-28;387,4740905761719;640,8975830078125;488,0;215,94287109375;193,83609008789062;204,26123046875;202,87579345703125;209,9484100341797;483,2288818359375;5426,2060546875;409,5400085449219;800,4376220703125;72,2485122680664;10,297438621520996;166,0500030517578;270,2463073730469;161,10618591308594;228,71029663085938;27,83096694946289;156,23379516601562;435,8500061035156;505,57440185546875;247459,0
2023-03-01;387,2370910644531;629,682861328125;494,0;215,0614471435547;187,50474548339844;210,48825073242188;199,65480041503906;216,42259216308594;490,0076599121094;5426,2060546875;403,5613098144531;802,7875366210938;72,6890640258789;10,683592796325684;171,0500030517578;270,2463073730469;166,2439727783203;232,81886291503906;27,64542579650879;156,74795532226562;443,79998779296875;506,78778076171875;249581,0
2023-03-02;371,355712890625;609,0811157226562;483,1000061035156;215,94287109375;187,26123046875;201,58212280273438;193,7338409423828;209,39346313476562;486,1340637207031;5397,21533203125;385,625244140625;772,0955200195312;71,54367065429688;10,790858268737793;170,0;270,2463073730469;177,62049865722656;221,52032470703125;27,83096694946289;154,8842010498047;434,5;495,0584411621094;242749,0
2023-03-03;376,096435546875;611,4072265625;485,0;224,75685119628906;191,64447021484375;202,99407958984375;201,3126678466797;205,97140502929688;484,342529296875;5360,22802734375;383,03448486328125;768,83447265625;71,98420715332031;11,005387306213379;165,3000030517578;270,2463073730469;179,08843994140625;230,76458740234375;27,738197326660156;156,58729553222656;443,0050048828125;496,2717590332031;245865,0
2023-03-06;386,1703796386719;631,1781616210938;503,6499938964844;215,2818145751953;196,2711944580078;211,7915802001953;204,62841796875;211,33572387695312;488,07086181640625;5328,23876953125;382,63592529296875;802,7875366210938;72,42475128173828;11,241371154785156;165,0;270,2463073730469;177,62049865722656;226,65603637695312;27,459888458251953;158,09756469726562;474,0;508,4056396484375;253019,0
2023-03-07;376,25445556640625;619,7142944335938;494,5;217,70565795898438;187,9917755126953;209,61936950683594;201,78634643554688;214,80404663085938;477,9027099609375;5264,25927734375;379,6465759277344;772,3832397460938;70,75070190429688;11,28427791595459;164,39999389648438;270,2463073730469;174,31764221191406;216,3845977783203;27,088808059692383;150,0641632080078;445,79998779296875;497,2829895019531;246501,0
2023-03-08;390,95068359375;650,4508056640625;496,1000061035156;211,53585815429688;183,85203552246094;210,05381774902344;206,99679565429688;214,57281494140625;487,586669921875;5328,23876953125;386,17327880859375;778,329833984375;69,781494140625;11,670430183410645;162,5;270,2463073730469;168,26239013671875;229,0526885986328;26,903268814086914;152,92405700683594;454,5;524,1795654296875;250912,0
2023-03-09;385,5777893066406;649,6201171875;497,0;209,77305603027344;192,86203002929688;202,7406463623047;201,3126678466797;210,4108428955078;496,7864074707031;5248,26513671875;378,6501159667969;765,3816528320312;69,60529327392578;11,09119987487793;163,1999969482422;270,2463073730469;166,79444885253906;229,0526885986328;27,181577682495117;154,56288146972656;453,489990234375;509,6190185546875;247554,0
2023-03-10;367,1681213378906;622,2064819335938;473,6499938964844;197,4334716796875;188,96583557128906;195,4999237060547;194,20751953125;196,76882934570312;489,1361083984375;5119,306640625;378,1518859863281;749,1724243164062;67,75501251220703;10,59778118133545;154,0;270,2463073730469;155,60142517089844;219,12367248535156;25,836414337158203;151,67083740234375;421,0;484,78521728515625;236419,0
2023-03-13;351,6422424316406;610,1195678710938;456,6000061035156;186,63632202148438;178,00775146484375;188,7660369873047;188,6654815673828;184,97657775878906;494,5591125488281;4881,38623046875;361,0129699707031;709,8482666015625;67,93123626708984;9,9756441116333;149,8000030517578;266,1392822265625;142,38998413085938;216,3845977783203;24,723176956176758;141,61300659179688;392,3299865722656;464,036376953125;225228,0
2023-03-14;341,2126770019531;596,4127807617188;455,95001220703125;178,04269409179688;174,8420867919922;191,0830841064453;179,19195556640625;178,77984619140625;494,2685852050781;4977,3544921875;352,09478759765625;685,726318359375;66,52152252197266;9,782567977905273;148,5;266,1392822265625;138,3531494140625;225,62887573242188;24,12017059326172;144,60142517089844;387,4200134277344;453,84405517578125;220447,0
2023-03-15;322,60540771484375;556,2060546875;434,5;177,16128540039062;159,50079345703125;185,32667541503906;165,78689575195312;178,17868041992188;473,9807434082031;4783,91845703125;331,0697326660156;638,4414672851562;62,027984619140625;9,28914737701416;137,85000610351562;266,1392822265625;130,646484375;215,3574676513672;22,3343505859375;135,186279296875;368,625;415,62249755859375;209824,0
2023-03-16;343,9385681152344;601,7708740234375;459,75;193,02647399902344;174,35507202148438;191,84335327148438;177,06040954589844;193,30050659179688;496,3022155761719;5043,83203125;351,197998046875;681,7459106445312;65,64043426513672;9,696754455566406;144,5500030517578;266,1392822265625;136,88522338867188;223,91697692871094;23,981016159057617;139,4921875;384,2950134277344;443,93475341796875;223388,0
2023-03-17;333,39056396484375;575,9354248046875;461,6499938964844;200,95907592773438;186,77420043945312;189,7797393798828;166,30795288085938;193,62423706054688;507,97137451171875;4983,3525390625;343,12677001953125;678,9645385742188;66,0809555053711;9,546584129333496;142,0;266,1392822265625;139,08712768554688;230,76458740234375;24,12017059326172;139,909912109375;368,2449951171875;421,4872741699219;221740,0
2023-03-20;327,10906982421875;565,0947265625;455,75;208,6713104248047;195,54066467285156;191,51751708984375;164,79217529296875;186,78009033203125;507,4387512207031;5013,34228515625;338,7922058105469;664,6735229492188;66,1690673828125;9,718208312988281;137,0;266,1392822265625;137,252197265625;243,77505493164062;23,28524398803711;138,81736755371094;369,04998779296875;412,54876708984375;221059,0
2023-03-21;348,2052001953125;595,6649780273438;471,04998779296875;204,70501708984375;199,43685913085938;188,47640991210938;177,0130615234375;196,02891540527344;511,4091491699219;5117,80810546875;350,2513732910156;694,4063720703125;67,75501251220703;9,653849601745605;152,9499969482422;266,1392822265625;141,8395233154297;249,93792724609375;23,65632438659668;142,22354125976562;394,6700134277344;436,77581787109375;228790,0
2023-03-22;337,0249938964844;573,734130859375;452,20001220703125;206,4678192138672;201,3849639892578;177,28945922851562;166,97109985351562;193,1155548095703;509,37554931640625;5184,78564453125;347,112548828125;695,125732421875;65,7285385131836;9,13897705078125;155,0;266,1392822265625;140,55506896972656;247,19886779785156;23,84186553955078;137,62843322753906;388,79998779296875;433,3379211425781;224915,0
2023-03-23;326,9510192871094;551,1387329101562;438,1000061035156;203,82362365722656;201,8719940185547;168,0213165283203;164,36587524414062;184,83782958984375;508,2134704589844;5235,26953125;333,16229248046875;679,1563110351562;63,26152420043945;9,0531644821167;151,8000030517578;266,1392822265625;135,7842559814453;247,8836212158203;24,212940216064453;135,443359375;375,70001220703125;407,4525146484375;219277,0
2023-03-27;346,54595947265625;589,5592041015625;482,6000061035156;217,0446014404297;203,5765838623047;177,9773406982422;172,3710174560547;201,1157684326172;541,0904541015625;5288,251953125;355,7816467285156;735,74462890625;63,87826156616211;9,482224464416504;155,10000610351562;266,1392822265625;145,8763427734375;259,866943359375;25,511720657348633;145,822509765625;404,8800048828125;436,0072937011719;233739,0
2023-03-28;354,60516357421875;596,1220092773438;509,3999938964844;228,28245544433594;211,12547302246094;180,1857452392578;174,92886352539062;208,0061492919922;547,1913452148438;5379,22119140625;387,16973876953125;754,9271850585938;64,14260864257812;9,696754455566406;158,85000610351562;266,1392822265625;151,74807739257812;276,6435852050781;26,99603843688965;149,71066284179688;425,6449890136719;442,23602294921875;242386,0
2023-03-29;363,6125793457031;613,3593139648438;517,7999877929688;238,85923767089844;220,3789520263672;183,55270385742188;176,06570434570312;207,63619995117188;545,593505859375;5342,7333984375;399,0274963378906;781,3031005859375;67,31448364257812;9,911284446716309;158,35000610351562;266,1392822265625;155,2344512939453;289,3116760253906;27,83096694946289;154,2415313720703;444,2900085449219;453,8844299316406;249104,0
2023-03-30;362,5458984375;623,286376953125;524,2000122070312;239,7406463623047;222,08352661132812;183,3354949951172;179,33407592773438;205,04652404785156;561,4751586914062;5346,23193359375;402,61468505859375;797,3204956054688;70,31015014648438;9,99709701538086;169,0;266,1392822265625;151,01412963867188;297,8712158203125;27,69181251525879;155,20553588867188;459,29998779296875;456,9988708496094;251639,0
2023-03-31;349,9040222167969;598,7387084960938;532,9500122070312;228,72315979003906;212,5865478515625;187,02825927734375;174,31307983398438;202,45684814453125;543,6082763671875;5277,7548828125;404,9563293457031;791,0382080078125;69,60529327392578;9,932737350463867;166,14999389648438;266,1392822265625;146,6103057861328;311,55682373046875;27,69181251525879;152,60272216796875;444,43499755859375;434,9557800292969;245716,0
2023-04-03;364,2841796875;621,5003051757812;561,2000122070312;233,5708465576172;219,89193725585938;194,37762451171875;180,99192810058594;206,34136962890625;550,629150390625;5204,77978515625;411,2339782714844;826,7177124023438;70,31015014648438;10,125813484191895;171,4499969482422;266,1392822265625;149,72967529296875;310,43072509765625;28,433971405029297;154,30581665039062;472,44000244140625;448,14117431640625;254697,0
2023-04-04;356,7384948730469;612,404052734375;544,9500122070312;230,92665100097656;226,46678161621094;195,2465057373047;177,06040954589844;202,96554565429688;539,1052856445312;5183,2861328125;399,4260559082031;802,0681762695312;70,31015014648438;10,082908630371094;169,35000610351562;297,2392578125;147,7112579345703;292,7883605957031;29,63998031616211;154,85206604003906;463,5799865722656;445,3504333496094;251488,0
2023-04-05;357,01507568359375;610,0779418945312;551,0499877929688;234,45223999023438;236,6942901611328;188,1505889892578;177,10777282714844;208,19114685058594;527,0487670898438;5177,7880859375;414,9208068847656;796,3613891601562;70,31015014648438;9,696754455566406;164,9499969482422;297,2392578125;146,6103057861328;301,0464782714844;29,361671447753906;150,4497528076172;467,6050109863281;444,25830078125;252849,0
2023-04-10;353,8545227050781;603,3906860351562;560,3499755859375;235,77435302734375;234,01565551757812;189,45388793945312;181,22877502441406;219,33595275878906;526,7098388671875;5151,79638671875;430,913818359375;810,0768432617188;69,781494140625;9,73966121673584;170,9499969482422;297,2392578125;154,3169708251953;318,3135070800781;28,8050479888916;150,99603271484375;494,32501220703125;456,06854248046875;
2023-04-11;366,5755615234375;622,2064819335938;553,7999877929688;236,65576171875;234,25917053222656;189,52630615234375;184,2129364013672;224,60781860351562;527,2908325195312;5098,81396484375;435,2981872558594;830,8898315429688;69,4290542602539;10,040002822875977;175,9499969482422;297,2392578125;166,2439727783203;325,44549560546875;28,57312774658203;153,40606689453125;496,4949951171875;485,7154846191406;259963,0
2023-04-12;389,6075134277344;647,377197265625;581,0499877929688;239,7406463623047;232,5546112060547;198,50482177734375;189,89706420898438;227,1974639892578;545,15771484375;5114,80908203125;442,7216796875;859,5676879882812;69,51718139648438;10,619234085083008;177,9499969482422;297,2392578125;166,06048583984375;328,0730895996094;28,57312774658203;159,38291931152344;499,95001220703125;501,4893798828125;266850,0
2023-04-13;395,0987854003906;670,6372680664062;596,75;245,02903747558594;235,4767303466797;203,1026611328125;190,51284790039062;230,2958221435547;550,1449584960938;5176,2880859375;440,38006591796875;871,4608154296875;69,51718139648438;10,769405364990234;186,25;297,2392578125;172,4827117919922;324,31939697265625;28,526742935180664;158,29037475585938;496,2699890136719;511,0751037597656;270329,0
2023-04-14;404,2641906738281;693,7726440429688;604,25;247,2325439453125;237,1813201904297;206,3248291015625;199,8916473388672;236,86248779296875;551,3070068359375;5243,7666015625;458,1168212890625;879,8052368164062;69,95771026611328;11,048294067382812;194,6999969482422;297,2392578125;176,15255737304688;322,8179016113281;30,032577514648438;161,88934326171875;502,2149963378906;537,4862670898438;275717,0
2023-04-17;418,1702575683594;714,000732421875;617,75;249,87672424316406;243,89401245117188;206,9402618408203;206,09681701660156;245,27896118164062;547,1429443359375;5486,685546875;462,1524353027344;896,4461059570312;73,92259216308594;11,155558586120605;197,39999389648438;297,2392578125;186,42811584472656;325,44549560546875;30,460254669189453;162,21067810058594;504,6400146484375;551,23779296875;281295,0
2023-04-18;414,8517150878906;708,76708984375;625,7999877929688;255,1651153564453;248,12049865722656;205,78176879882812;201,5968780517578;241,4869384765625;563,3151245117188;5453,697265625;462,2520751953125;909,0105590820312;76,5658187866211;11,370088577270508;195,39999389648438;297,2392578125;189,73098754882812;333,3282775878906;31,268098831176758;164,39578247070312;519,469970703125;557,2239379882812;284299,0
2023-04-19;396,718505859375;659,21484375;608,9500122070312;255,6058349609375;250,60667419433594;199,26510620117188;191,649658203125;234,1803436279297;545,7871704101562;5304,24658203125;435,3479919433594;856,4984741210938;71,80799865722656;11,069746971130371;186,8000030517578;297,2392578125;182,20779418945312;327,6977233886719;30,412734985351562;162,78907775878906;505,42498779296875;523,4515380859375;275406,0
2023-04-20;409,0838317871094;673,3370361328125;614,9000244140625;267,5047302246094;253,590087890625;202,0165557861328;196,57589721679688;242,13433837890625;559,489990234375;5442,7001953125;442,6220703125;857,6015014648438;73,92259216308594;11,241371154785156;188,0;297,2392578125;178,72145080566406;335,5804748535156;31,933368682861328;161,79293823242188;507,82000732421875;539,4680786132812;281828,0
2023-04-21;418,80230712890625;682,3087158203125;622,2999877929688;280,7257385253906;275,9656677246094;208,895263671875;203,16001892089844;252,77047729492188;576,1947631835938;5540,16748046875;453,8819274902344;900,2825927734375;75,15608215332031;11,584617614746094;194,89999389648438;297,2392578125;177,43701171875;364,85931396484375;33,834163665771484;166,42019653320312;518,5650024414062;543,5935668945312;290891,0
2023-04-24;426,54547119140625;694,8525390625;648,0499877929688;286,8955078125;296,3523254394531;217,982421875;202,26002502441406;266,135009765625;576,969482421875;5657,1298828125;459,4620361328125;952,123291015625;75,50850677490234;12,056585311889648;208,85000610351562;297,2392578125;179,82240295410156;385,8800354003906;32,97881317138672;166,1309814453125;537,6799926757812;553,705078125;299422,0
2023-04-25;427,4145812988281;699,0892333984375;647,0;302,7607116699219;310,7721862792969;215,04991149902344;199,9863739013672;267,5223693847656;570,0938720703125;5607,14599609375;466,23785400390625;968,476318359375;76,83013153076172;12,142396926879883;204,3000030517578;297,2392578125;179,82240295410156;440,6839599609375;33,454010009765625;164,94203186035156;540,1799926757812;553,0579833984375;303058,0
2023-04-26;424,88629150390625;700,8753051757812;649,75;320,82940673828125;320,2196350097656;215,81019592285156;197,94956970214844;262,85174560546875;561,0878295898438;5566,6591796875;483,5262451171875;993,0299072265625;75,94905090332031;12,52855110168457;202,0;297,2392578125;180,92335510253906;465,0829772949219;33,691612243652344;162,59628295898438;522,780029296875;553,705078125;304797,0
2023-04-27;417,2615051269531;671,0940551757812;627,9500122070312;312,0154113769531;308,2860107421875;207,12130737304688;191,83912658691406;251,15194702148438;551,1618041992188;5533,17041015625;466,18804931640625;966,0305786132812;75,42041778564453;12,271114349365234;198,85000610351562;297,2392578125;179,82240295410156;432,05047607421875;34,07176971435547;160,89320373535156;511,364990234375;527,7791748046875;296809,0
2023-04-28;412,9554748535156;670,304931640625;625,7000122070312;319,06658935546875;313,7555847167969;201,9803924560547;192,26544189453125;255,45265197753906;540,7030639648438;5622,640625;468,62933349609375;995,4757080078125;75,59662628173828;12,421286582946777;201,8000030517578;297,2392578125;181,8408203125;449,69287109375;33,549049377441406;160,7646484375;510,17498779296875;525,9996337890625;297960,0
2023-05-02;411,5331726074219;659,505615234375;624,7999877929688;326,9420471191406;312,2638854980469;201,83555603027344;185,1129150390625;245,7413787841797;531,3580932617188;5646,63330078125;455,87481689453125;984,3499145507812;74,62744140625;12,206754684448242;201,39999389648438;297,2392578125;183,49224853515625;437,10980224609375;32,93128967285156;161,6322784423828;500,6499938964844;513,7039794921875;295631,0
2023-05-03;399,8789978027344;641,146728515625;595,5999755859375;333,1924133300781;291,8772277832031;193,58111572265625;178,19723510742188;241,3019256591797;530,5834350585938;5663,62744140625;459,2627258300781;942,1962890625;72,95340728759766;12,120944023132324;205,25;297,2392578125;182,75827026367188;425,7366027832031;31,600732803344727;170,04129028320312;479,5400085449219;487,7376708984375;288008,0
2023-05-04;390,23956298828125;631,3441772460938;588,3499755859375;310,5949401855469;269,9988708496094;205,6194610595703;174,26571655273438;238,57354736328125;523,9014892578125;5596,6494140625;449,7964782714844;931,5020751953125;72,33663940429688;12,134441375732422;202,1999969482422;297,2392578125;179,08843994140625;421,1873474121094;30,84041404724121;167,77023315429688;476,875;477,3431396484375;281753,0
2023-05-05;422,60443115234375;674,0847778320312;623,4500122070312;311,5565490722656;271,98779296875;222,12904357910156;183,64453125;253,18666076660156;555,5679931640625;5675,62353515625;462,9495849609375;1031,2989501953125;74,45122528076172;12,39633560180664;204,0;297,2392578125;183,85923767089844;440,5217590332031;31,88585090637207;174,47528076171875;520,2550048828125;506,1809997558594;297140,0
2023-05-08;432,9361267089844;684,67626953125;621,9500122070312;333,1924133300781;281,9325256347656;225,3282470703125;194,30226135253906;256,2388000488281;547,046142578125;5727,94677734375;468,52972412109375;1057,1954345703125;75,68473815917969;12,374510765075684;209,39999389648438;297,2392578125;189,364013671875;448,4830017089844;32,123451232910156;185,32589721679688;531,2550048828125;523,2492065429688;304396,0
2023-05-09;434,55438232421875;693,4404296875;626,3499755859375;340,8851623535156;300,82745361328125;216,24403381347656;192,73912048339844;261,37188720703125;544,2861328125;5837,42724609375;468,1809387207031;1066,259033203125;75,8609619140625;12,570932388305664;210,75;301,99285888671875;194,13479614257812;449,6203308105469;31,933368682861328;193,4008026123047;534,0499877929688;526,0400390625;307773,0
2023-05-10;440,77838134765625;688,5392456054688;635,3499755859375;348,0971374511719;303,3136291503906;215,2171173095703;197,4285125732422;264,5165100097656;535,8126831054688;6494,306640625;483,9746398925781;1056,811767578125;75,8609619140625;12,985597610473633;208,1999969482422;301,99285888671875;198,171630859375;440,14263916015625;31,980892181396484;191,74256896972656;528,0700073242188;535,1809692382812;310497,0
2023-05-11;458,4541931152344;702,702880859375;658,9500122070312;333,6732177734375;298,3412780761719;210,9119873046875;201,36004638671875;263,3603820800781;535,4254150390625;6857,2392578125;475,75396728515625;1105,9189453125;79,03282928466797;12,85465145111084;210,0;301,99285888671875;203,6763916015625;443,1755065917969;31,88585090637207;187,4167022705078;537,5;554,4329223632812;313281,0
2023-05-12;460,404296875;717,3649291992188;700,9500122070312;348,0971374511719;304,30810546875;216,44151306152344;207,47047424316406;271,08319091796875;574,887451171875;6815,24755859375;478,6934509277344;1180,8265380859375;79,91392517089844;12,701878547668457;213,75;301,99285888671875;209,18116760253906;446,9665832519531;32,83625030517578;194,9508819580078;531,1199951171875;572,6338500976562;321530,0
2023-05-15;450,6536560058594;714,6652221679688;695,8499755859375;349,5395202636719;304,80535888671875;222,5635223388672;206,14418029785156;273,0716857910156;579,0031127929688;6870,73779296875;477,4479064941406;1148,1204833984375;81,23551940917969;12,723703384399414;210,75;301,99285888671875;208,81417846679688;451,13671875;32,36104965209961;194,3740997314453;528,39501953125;587,3156127929688;320583,0
2023-05-16;435,67474365234375;688,1237182617188;682,2000122070312;362,0402526855469;317,73345947265625;227,0661163330078;196,0548553466797;272,47052001953125;592,0764770507812;6825,74560546875;465,0919494628906;1119,15478515625;80,88311004638672;12,920125007629395;202,75;301,99285888671875;208,81417846679688;452,2740783691406;31,695768356323242;191,7786102294922;521,2849731445312;559,00341796875;318792,0
2023-05-17;453,5166320800781;716,2435302734375;692,1500244140625;368,7713928222656;332,6505432128906;235,0049285888672;203,3021240234375;284,0777893066406;595,0300903320312;6809,748046875;477,04931640625;1162,411376953125;82,2928237915039;13,618509292602539;211,0;301,99285888671875;219,08975219726562;451,5158386230469;31,600732803344727;200,06979370117188;535,885009765625;580,0353393554688;327789,0
2023-05-18;456,1305236816406;714,6236572265625;700,1500244140625;380,7913513183594;340,1091003417969;237,45375061035156;205,85997009277344;280,60943603515625;592,8511962890625;6873,736328125;475,85357666015625;1173,72900390625;82,20472717285156;13,83675479888916;213,5500030517578;301,99285888671875;216,15386962890625;448,1038818359375;32,59865188598633;200,93495178222656;538,9450073242188;575,1820068359375;331211,0
2023-05-19;456,5041198730469;726,5028076171875;717,2000122070312;400,0232238769531;353,0372009277344;249,06573486328125;207,99151611328125;285,6963195800781;594,5458374023438;7410,6376953125;478,0955810546875;1190,8974609375;86,16958618164062;13,771281242370605;215,14999389648438;301,99285888671875;223,49356079101562;442,03814697265625;35,44984436035156;200,39422607421875;533,4299926757812;576,4761352539062;338678,0
2023-05-22;444,55413818359375;710,6776733398438;709,5;401,9464111328125;367,45703125;253,6868438720703;203,06527709960938;299,7082824707031;603,5035400390625;7734,07861328125;465,390869140625;1163,6102294921875;87,66741180419922;13,334789276123047;211,6999969482422;264,7098083496094;226,7964324951172;434,4560546875;36,16264343261719;204,79214477539062;530,635009765625;571,056396484375;338979,0
2023-05-23;452,43780517578125;723,055419921875;718,6500244140625;386,0801086425781;360,4957275390625;260,4407653808594;204,62841796875;302,5754089355469;601,373046875;7843,05859375;473,41229248046875;1182,6009521484375;89,64985656738281;13,531210899353027;217,5500030517578;264,7098083496094;214,68594360351562;443,9337158203125;36,02008056640625;209,5145263671875;550,8350219726562;583,3924560546875;340786,0
2023-05-24;460,404296875;728,0812377929688;724,5499877929688;380,310546875;361,49017333984375;257,123046875;202,117919921875;302,11297607421875;605,4887084960938;7640,09619140625;471,0208435058594;1209,360595703125;89,19408416748047;13,400263786315918;220,6999969482422;264,7098083496094;210,6490936279297;445,0710144042969;35,78248596191406;210,95648193359375;557,135009765625;591,2389526367188;341669,0
2023-05-29;471,0680236816406;723,9691772460938;740,1500244140625;383,6761169433594;364,4736022949219;268,8535461425781;201,12319946289062;307,5235595703125;609,07177734375;7694,5859375;478,19525146484375;1202,9822998046875;91,63472747802734;13,443912506103516;222,75;264,7098083496094;217,98878479003906;443,1755065917969;36,97048568725586;212,65074157714844;562,7249755859375;590,34912109375;346369,0
2023-05-30;473,14276123046875;725,2567749023438;730,75;381,7529296875;365,46807861328125;255,5827178955078;201,97581481933594;307,29229736328125;583,1188354492188;7576,607421875;488,8074035644531;1179,196044921875;91,63472747802734;13,182019233703613;225,39999389648438;264,7098083496094;216,52085876464844;443,1755065917969;36,637840270996094;210,92041015625;551,4500122070312;597,0631103515625;343392,0
2023-05-31;483,4328308105469;713,585205078125;726,0999755859375;384,15692138671875;371,93212890625;246,26148986816406;203,39683532714844;300,4482116699219;588,5418090820312;7545,61328125;474,1596374511719;1152,0528564453125;91,85659790039062;13,225666999816895;232,0500030517578;264,7098083496094;219,08975219726562;443,1755065917969;36,49528121948242;213,19146728515625;539,0;585,6976318359375;342079,0
2023-06-01;495,6733093261719;756,6578979492188;761,9500122070312;381,7529296875;382,37408447265625;255,6616973876953;211,59146118164062;318,80712890625;616,0442504882812;7575,10791015625;504,8502197265625;1222,1649169921875;94,0753402709961;13,640334129333496;245,14999389648438;264,7098083496094;228,9983367919922;461,3725891113281;36,7804069519043;214,81369018554688;560,9299926757812;611,70458984375;353374,0
2023-06-02;484,8852233886719;759,0254516601562;767,5999755859375;382,71453857421875;369,9432067871094;262,77105712890625;208,46519470214844;322,04425048828125;608,9749145507812;7563,6103515625;511,17767333984375;1220,582275390625;92,52220153808594;13,443912506103516;263,6000061035156;264,7098083496094;224,59451293945312;490,94293212890625;36,637840270996094;212,90310668945312;569,0900268554688;609,2374267578125;352937,0
2023-06-05;504,2209167480469;768,7862548828125;779,5499877929688;391,3688659667969;367,95428466796875;268,02410888671875;216,84925842285156;328,8420715332031;617,9325561523438;7578,607421875;543,11376953125;1225,4259033203125;92,96598052978516;13,640334129333496;290,70001220703125;264,7098083496094;230,83323669433594;528,4744262695312;36,97048568725586;218,49061584472656;581,2750244140625;629,541259765625;360826,0
2023-06-06;565,8792114257812;864,2356567382812;811,4000244140625;411,5623474121094;367,95428466796875;282,51934814453125;248,30140686035156;329,39703369140625;635,8963012695312;7695,0859375;590,0963134765625;1231,6121826171875;97,6253662109375;14,076824188232422;292,8999938964844;264,7098083496094;236,33802795410156;533,40283203125;38,01591873168945;239,65113830566406;613,9149780273438;705,4583129882812;380758,0
2023-06-07;588,7002563476562;901,5347900390625;795,5;397,138427734375;358,50677490234375;278,0167541503906;249,8645477294922;330,3681640625;637,1552124023438;7648,5947265625;585,9112548828125;1231,1326904296875;96,73785400390625;13,98952579498291;289,1000061035156;264,7098083496094;228,9983367919922;515,2057495117188;37,54072189331055;232,6937713623047;617,77001953125;731,5054321289062;380431,0
2023-06-08;602,3450317382812;890,4031982421875;789,5;393,29205322265625;360,9929504394531;278,1747741699219;246,69090270996094;330,7843322753906;639,1888427734375;7658,59228515625;579,8329467773438;1242,5462646484375;94,96284484863281;14,055000305175781;293,3999938964844;264,7098083496094;230,46627807617188;533,781982421875;36,87543869018555;231,97279357910156;627,6099853515625;714,8821411132812;380908,0
2023-06-09;607,8880615234375;892,5214233398438;779,0;401,9464111328125;365,46807861328125;277,26629638671875;245,9803924560547;329,3507995605469;634,2984619140625;7692,0859375;570,46630859375;1223,939208984375;95,40660858154297;14,011350631713867;288,8500061035156;264,7098083496094;229,36529541015625;515,9639282226562;36,7804069519043;235,79393005371094;626,2449951171875;728,9169921875;381764,0
2023-06-12;605,8305053710938;916,986083984375;777,75;408,6775817871094;362,9819030761719;279,79412841796875;244,9856719970703;323,8014831542969;620,2567138671875;7638,59619140625;591,0927734375;1221,685302734375;95,85032653808594;13,98952579498291;284,6499938964844;264,7098083496094;228,9983367919922;506,48626708984375;36,40024185180664;234,74853515625;619,9550170898438;729,8472290039062;381673,0
2023-06-13;630,8582153320312;940,412109375;770,5499877929688;406,75439453125;359,99847412109375;279,8335876464844;255,0276336669922;313,9977111816406;613,3811645507812;7603,1025390625;565,5836791992188;1182,121337890625;96,95523834228516;14,076824188232422;278,20001220703125;264,7098083496094;222,7595977783203;509,5191345214844;36,16264343261719;229,37730407714844;618,5999755859375;738,6239013671875;381896,0
2023-06-14;638,4588623046875;927,7025146484375;768,75;390,8880615234375;348,0648498535156;278,8066711425781;253,84344482421875;311,1768493652344;611,3474731445312;7394,64111328125;574,2030029296875;1167,302978515625;94,72124481201172;14,142298698425293;271,1000061035156;264,7098083496094;215,78688049316406;496,6295166015625;35,5924072265625;236,37075805664062;623,72998046875;745,985107421875;378695,0
2023-06-15;670,7093505859375;977,9191284179688;781,0;390,8880615234375;347,0703430175781;286,7060241699219;271,1326599121094;322,22918701171875;625,9702758789062;7496,12255859375;609,3277587890625;1211,27880859375;96,28504943847656;14,491490364074707;287,3999938964844;264,8497009277344;222,02561950683594;492,4593200683594;35,83000564575195;246,6445770263672;677,02001953125;770,89990234375;391831,0
2023-06-16;720,1768188476562;1036,9000244140625;831,0999755859375;382,71453857421875;348,0648498535156;297,60711669921875;288,94287109375;340,0331726074219;639,9635620117188;7648,0947265625;616,7512817382812;1300,1417236328125;98,9658432006836;14,687911987304688;301,5;264,8497009277344;222,02561950683594;503,83251953125;36,30520248413086;262,57806396484375;737,385009765625;806,8563232421875;409417,0
2023-06-21;760,8680419921875;1127,4066162109375;891,2000122070312;381,7529296875;363,4791259765625;336,31378173828125;314,7582702636719;339,3857727050781;688,1896362304688;8287,4775390625;685,0079956054688;1357,7371826171875;100,30622863769531;14,862508773803711;353,6000061035156;264,8497009277344;237,43898010253906;503,83251953125;35,78248596191406;283,84674072265625;780,760009765625;853,9757690429688;429909,0
2023-06-22;708,1250610351562;1071,0423583984375;861,5;380,310546875;373,4238586425781;334,4969482421875;288,13763427734375;322,1829528808594;667,8048706054688;8224,98828125;658,7017211914062;1285,3712158203125;96,73185729980469;14,906157493591309;356,3500061035156;264,8497009277344;234,13612365722656;499,6623840332031;35,06968688964844;272,23907470703125;754,4650268554688;810,1325073242188;415186,0
2023-06-23;727,231689453125;1093,8040771484375;872,0999755859375;378,3873596191406;367,45703125;339,0390625;294,1533508300781;328,703369140625;673,760498046875;8789,384765625;657,2568969726562;1314,62451171875;96,50841522216797;14,92798137664795;366,79998779296875;264,8497009277344;251,01739501953125;493,5966796875;35,35480880737305;291,921630859375;764,4099731445312;817,4935913085938;420737,0
2023-06-26;756,458740234375;1172,5560302734375;868,0999755859375;386,0801086425781;377,4017028808594;340,1844787597656;307,084716796875;335,13128662109375;676,9562377929688;9304,2900390625;643,9542846679688;1364,4510498046875;97,17864227294922;15,386297225952148;428,45001220703125;264,8497009277344;257,2561340332031;480,7070007324219;35,16472625732422;298,12200927734375;788,9199829101562;870,6799926757812;432406,0
2023-06-27;718,0353393554688;1120,9686279296875;853,75;368,7713928222656;354,5289001464844;324,622802734375;294,9585876464844;320,471923828125;702,715576171875;9144,8203125;627,2139892578125;1289,927001953125;94,05106353759766;14,687911987304688;384,20001220703125;264,8497009277344;239,2738800048828;475,0204772949219;34,21432876586914;294,3729553222656;765,5850219726562;830,7194213867188;416376,0
2023-06-28;717,9093017578125;1109,5462646484375;840,5999755859375;363,96343994140625;345,57867431640625;309,8905334472656;293,5375671386719;311,5467834472656;701,3598022460938;9095,328125;627,463134765625;1246,6705322265625;92,9340591430664;14,535140037536621;384,20001220703125;264,8497009277344;235,60403442382812;476,9159851074219;33,786643981933594;283,81072998046875;743,0;808,6763916015625;409623,0
2023-06-29;725,174072265625;1107,9677734375;861,3499755859375;365,40582275390625;348,56207275390625;312,3788146972656;303,1058349609375;321,2580871582031;719,4203491210938;9076,3310546875;632,5947875976562;1295,0103759765625;93,38085174560547;14,644262313842773;378,1499938964844;264,8497009277344;249,91644287109375;483,7398681640625;34,927127838134766;284,8561096191406;767,7999877929688;792,0126342773438;416467,0
2023-06-30;743,9449462890625;1189,710205078125;889,7999877929688;375,0217590332031;361,49017333984375;316,9999084472656;308,6478271484375;327,50103759765625;703,75;9186,3115234375;624,9221801757812;1356,7779541015625;95,16807556152344;14,775209426879883;391,1499938964844;264,8497009277344;253,9532928466797;487,1518249511719;37,018001556396484;299,239501953125;764,7249755859375;825,623291015625;426281,0
2023-07-03;771,8701171875;1252,803466796875;885,25;399,0616149902344;372,42938232421875;317,5924072265625;320,20556640625;324,07891845703125;732,5999755859375;9168,814453125;633,74072265625;1366,08154296875;97,40204620361328;15,189876556396484;393,45001220703125;264,8497009277344;270,4675598144531;494,73394775390625;37,82583999633789;310,81109619140625;770,280029296875;861,3370361328125;436619,0
2023-07-04;778,7149047851562;1250,26953125;897,8499755859375;398,10003662109375;372,9266357421875;332,3641357421875;324,98968505859375;331,33929443359375;729,2999877929688;9187,8115234375;619,391845703125;1398,8836669921875;98,29563903808594;15,822789192199707;404,3500061035156;264,8497009277344;275,2383728027344;497,38775634765625;37,63575744628906;307,819091796875;786,9099731445312;873,5921630859375;441469,0
2023-07-05;772,8359985351562;1204,6632080078125;893,8499755859375;396,65765380859375;371,93212890625;328,532958984375;315,8951110839844;328,4259033203125;715,0499877929688;9189,3115234375;632,893798828125;1365,8896484375;98,74243927001953;16,324750900268555;405,8999938964844;264,8497009277344;278,5412292480469;512,1728515625;36,685359954833984;305,511962890625;772,9949951171875;857,3328857421875;436733,0
2023-07-06;722,9495849609375;1136,959716796875;842,2999877929688;395,2152404785156;367,45703125;311,5098876953125;288,2797546386719;315,80126953125;709,3499755859375;9062,3349609375;622,5805053710938;1298,94287109375;95,83824157714844;16,171979904174805;396,8999938964844;264,8497009277344;268,6326599121094;501,17877197265625;34,87960433959961;296,28350830078125;727,8200073242188;800,627685546875;417549,0
2023-07-07;728,5866088867188;1123,8343505859375;863,5499877929688;397,138427734375;370,4404602050781;326,9136047363281;293,6322937011719;318,3446960449219;702,7999877929688;9192,3115234375;655,66259765625;1366,3692626953125;97,40204620361328;16,739418029785156;391,3999938964844;264,8497009277344;275,6053466796875;501,5578918457031;34,78456497192383;304,8630676269531;742,7150268554688;824,9356689453125;423581,0
2023-07-10;707,607421875;1120,3040771484375;850,9500122070312;400,98480224609375;375,9100341796875;319,40924072265625;290,1270751953125;316,44866943359375;697,2999877929688;9094,328125;645,1002807617188;1337,547607421875;95,83824157714844;16,78306770324707;384,0;264,8497009277344;267,16473388671875;506,8653869628906;34,35688781738281;293,4717102050781;751,39501953125;818,8283081054688;420773,0
2023-07-11;714,6427612304688;1146,9697265625;856,6500244140625;409,63916015625;381,8768615722656;316,1310119628906;292,6375427246094;319,26959228515625;690,25;9017,34375;649,9329833984375;1319,5640869140625;96,06165313720703;16,542997360229492;379,8999938964844;264,8497009277344;265,32977294921875;493,5966796875;34,261844635009766;303,7455749511719;745,4450073242188;823,1559448242188;422765,0
2023-07-12;733,1213989257812;1174,2174072265625;893,6500244140625;411,5623474121094;388,8381652832031;320,001708984375;295,1954345703125;326,8998718261719;696,5999755859375;9112,3251953125;661,890380859375;1337,2117919921875;95,82453918457031;17,415977478027344;381,6499938964844;264,8497009277344;269,7336120605469;501,5578918457031;34,21432876586914;309,0086669921875;767,364990234375;825,8255615234375;431551,0
2023-07-13;777,9188842773438;1262,896240234375;921,7999877929688;430,79425048828125;409,7220153808594;339,2365417480469;321,0108337402344;337,39727783203125;734,3499755859375;9276,294921875;670,2605590820312;1378,7900390625;97,62403106689453;18,72545051574707;418,5;264,8497009277344;273,77044677734375;498,5250244140625;34,4044075012207;311,3879089355469;797,5050048828125;859,2337646484375;451139,0
2023-07-14;750,8369140625;1248,400390625;925,8499755859375;412,5239562988281;407,73309326171875;335,1288757324219;310,8267517089844;335,73248291015625;734,6500244140625;9161,31640625;649,534423828125;1340,5687255859375;96,72428131103516;18,659976959228516;414,70001220703125;264,8497009277344;271,2015686035156;491,7011413574219;35,117210388183594;302,8804016113281;783,75;839,7388305664062;443304,0
2023-07-17;779,9532470703125;1272,283447265625;957,1500244140625;421,17828369140625;415,1916198730469;346,0694580078125;317,3634948730469;349,3282470703125;729,3499755859375;9160,81640625;648,5379638671875;1389,5321044921875;98,97367858886719;20,36229133605957;442,79998779296875;264,8497009277344;278,17425537109375;476,536865234375;36,02008056640625;304,8270568847656;813,5700073242188;864,8558959960938;456843,0
2023-07-18;779,3176879882812;1304,224365234375;946,4000244140625;419,73590087890625;427,6225280761719;343,1861877441406;321,8634338378906;343,0852966308594;720,9000244140625;9094,828125;634,0894775390625;1392,265625;97,8489761352539;19,81667709350586;438,20001220703125;264,8497009277344;274,87139892578125;490,5638122558594;36,21016311645508;298,194091796875;821,0850219726562;864,0064086914062;456881,0
2023-07-19;767,7896118164062;1289,271728515625;926,25;426,9478759765625;436,07550048828125;332,1666564941406;315,9424743652344;335,91748046875;711,9000244140625;9079,3310546875;624,3740844726562;1355,3873291015625;96,04944610595703;19,66390609741211;431,25;264,8497009277344;277,07330322265625;484,1189880371094;36,02008056640625;296,46380615234375;814,4199829101562;867,5252685546875;453207,0
2023-07-20;784,4034423828125;1283,0411376953125;934,4500122070312;442,3333740234375;449,5008850097656;338,36761474609375;320,67926025390625;345,4437255859375;709,5999755859375;9272,796875;623,0787353515625;1370,205810546875;95,37462615966797;19,620256423950195;433,79998779296875;264,8497009277344;275,97235107421875;486,0145568847656;36,35272216796875;291,99371337890625;812,0349731445312;871,4080810546875;459108,0
2023-07-21;811,1463012695312;1346,5076904296875;957,0999755859375;461,56524658203125;459,9428405761719;346,02996826171875;336,4053039550781;357,6522216796875;729,75;9850,6884765625;638,9720458984375;1420,991455078125;96,72428131103516;20,034923553466797;446,1499938964844;264,8497009277344;280,37615966796875;481,8443603515625;36,35272216796875;305,7643127441406;828,02001953125;888,7189331054688;472974,0
2023-07-24;792,6253662109375;1304,1827392578125;950,3499755859375;442,8141784667969;451,987060546875;348,5972595214844;329,6791076660156;352,4728698730469;748,4000244140625;9978,1650390625;641,313720703125;1381,1878662109375;96,2743911743164;19,707555770874023;436,75;264,8497009277344;277,07330322265625;523,5460815429688;36,067604064941406;302,1594543457031;837,9000244140625;863,156982421875;466663,0
2023-07-25;812,5872802734375;1346,2586669921875;955,2999877929688;438,9678039550781;454,4732360839844;350,6905517578125;341,2841796875;354,8775634765625;749,7999877929688;9938,1728515625;665,5772705078125;1387,7578125;96,49932861328125;19,882150650024414;438,5;264,8497009277344;280,37615966796875;513,3101806640625;35,97256088256836;307,3504638671875;846,5349731445312;877,4749145507812;471449,0
2023-07-26;818,1392822265625;1376,8707275390625;950,4000244140625;428,8710632324219;449,99810791015625;350,8090515136719;345,5946350097656;361,9991455078125;748,75;9717,7138671875;685,4563598632812;1379,365478515625;97,39910888671875;19,903976440429688;434,1000061035156;264,8497009277344;279,27520751953125;520,892333984375;35,21224594116211;303,6014099121094;838,7999877929688;889,3660278320312;471103,0
2023-07-27;764,4415283203125;1277,5582275390625;898,0499877929688;430,79425048828125;455,4676818847656;342,47528076171875;324,3265686035156;340,40313720703125;727,0;9595,7373046875;671,0576782226562;1284,4599609375;95,5995864868164;19,66390609741211;410,6499938964844;264,8497009277344;266,7977294921875;512,9310913085938;34,87960433959961;299,0232238769531;785,9199829101562;818,8687133789062;450211,0
2023-07-28;778,3851928710938;1320,34033203125;903,7000122070312;431,2750244140625;463,9206848144531;352,3099060058594;335,8369140625;343,4552307128906;733,5499877929688;9778,7021484375;693,577392578125;1306,7596435546875;97,39910888671875;20,144046783447266;423,3500061035156;264,8497009277344;266,43072509765625;502,6952209472656;35,06968688964844;306,557373046875;803,3300170898438;848,192138671875;457788,0
2023-07-31;790,4639892578125;1255,586181640625;929,8499755859375;419,2550964355469;459,9428405761719;342,75177001953125;334,0369567871094;335,3625183105469;733,4000244140625;9576,2392578125;681,6199951171875;1310,739990234375;98,07392120361328;19,969449996948242;408,54998779296875;264,8497009277344;266,43072509765625;497,0086364746094;34,87960433959961;307,06207275390625;822,030029296875;839,9006958007812;457138,0
2023-08-01;777,8341674804688;1200,093994140625;959,9500122070312;413,9663391113281;449,99810791015625;346,02996826171875;329,1106872558594;332,0329284667969;734,2000122070312;9481,7578125;672,2035522460938;1280,767333984375;97,8489761352539;19,402009963989258;410,0;264,8497009277344;257,9900817871094;483,3608093261719;34,59449005126953;303,0967102050781;820,72998046875;813,9747924804688;453024,0
2023-08-02;761,8562622070312;1159,181640625;942,5999755859375;410,1199645996094;450,9925842285156;336,31378173828125;315,61090087890625;330,5531311035156;722,1500244140625;9140,3203125;667,420654296875;1255,4464111328125;96,49932861328125;18,769100189208984;407,1499938964844;264,8497009277344;250,65040588378906;490,1846923828125;33,786643981933594;300,4291076660156;808,1849975585938;789,34326171875;445226,0
2023-08-03;768,3406372070312;1153,1170654296875;923,4000244140625;392,811279296875;434,58380126953125;330,9027404785156;321,3423767089844;327,50103759765625;746,3499755859375;9153,318359375;665,8761596679688;1272,61474609375;97,17412567138672;18,419906616210938;425,3999938964844;522,2388305664062;242,9437255859375;495,1130676269531;33,834163665771484;301,2582092285156;805,8350219726562;776,8453979492188;441516,0
2023-08-04;807,2252197265625;1206,5738525390625;943,75;398,5808410644531;428,1197509765625;331,8111877441406;331,8580017089844;334,66888427734375;762,2000122070312;9157,81640625;675,541748046875;1300,381591796875;96,94921875;17,961591720581055;423,75;522,2388305664062;248,44850158691406;498,5250244140625;33,834163665771484;311,71234130859375;825,1900024414062;805,2787475585938;451571,0
2023-08-07;812,8294677734375;1203,2093505859375;969,0;398,10003662109375;428,6169738769531;333,9045104980469;330,5317077636719;333,9751892089844;765,9000244140625;8956,353515625;668,5167846679688;1304,457763671875;94,92475128173828;17,306856155395508;412,70001220703125;522,2388305664062;238,5399169921875;512,9310913085938;33,026329040527344;311,892578125;831,5399780273438;798,2008056640625;452401,0
2023-08-08;843,9736938476562;1249,231201171875;980,2999877929688;415,8895263671875;441,0478515625;345,3585205078125;343,5578308105469;354,2301330566406;788,0;8954,853515625;697,5631713867188;1335,2457275390625;96,04944610595703;17,372329711914062;419,8500061035156;522,2388305664062;238,90692138671875;509,8982238769531;33,881690979003906;321,30126953125;851,39501953125;824,0863647460938;466194,0
2023-08-09;828,3588256835938;1226,76025390625;989,0;404,8312072753906;437,5672302246094;337,65667724609375;339,43682861328125;350,39190673828125;762,2999877929688;8869,369140625;673,2996826171875;1356,586181640625;95,37462615966797;17,001314163208008;412,1499938964844;522,2388305664062;244,4116668701172;508,7608947753906;34,166805267333984;316,5068054199219;849,14501953125;815,26904296875;461281,0
2023-08-10;861,2142944335938;1289,4791259765625;1030,699951171875;396,1768493652344;431,1031494140625;345,0030212402344;350,0945739746094;365,05126953125;755,2000122070312;8985,8486328125;672,7516479492188;1401,760986328125;94,02499389648438;17,263206481933594;407,0;522,2388305664062;244,04470825195312;511,03558349609375;34,451927185058594;323,93280029296875;861,1300048828125;849,8907470703125;470381,0
2023-08-11;853,0858764648438;1277,890625;1082,5999755859375;423,582275390625;445,0257568359375;350,8090515136719;358,0997009277344;377,81463623046875;781,7999877929688;9102,3271484375;659,6483764648438;1429,479736328125;94,92475128173828;17,459627151489258;405,79998779296875;522,2388305664062;249,18246459960938;511,79376220703125;36,16264343261719;319,03021240234375;867,114990234375;859,84033203125;480253,0
2023-08-14;830,7973022460938;1283,3319091796875;1147,9000244140625;441,8525695800781;471,37921142578125;384,0652160644531;354,405029296875;392,3815612792969;814,1500244140625;8812,880859375;678,431396484375;1461,5623779296875;99,44293212890625;18,354434967041016;428,3500061035156;522,2388305664062;249,18246459960938;515,5848388671875;38,34855270385742;332,83685302734375;929,4000244140625;829,2633666992188;496115,0
2023-08-15;857,4495849609375;1343,9326171875;1259,949951171875;470,7004089355469;506,6829528808594;407,36822509765625;366,72064208984375;429,97802734375;858,25;8826,3779296875;710,3176879882812;1610,37060546875;102,84074401855469;18,965518951416016;460,79998779296875;522,2388305664062;274,1374206542969;579,2747192382812;40,581993103027344;346,57135009765625;986,4299926757812;869,2240600585938;527243,0
2023-08-16;974,9676513671875;1371,3463134765625;1298,050048828125;487,5282897949219;550,9368896484375;439,3604736328125;378,75201416015625;451,759033203125;908,9000244140625;9029,8408203125;771,7985229492188;1730,3092041015625;107,59767150878906;20,558712005615234;496,54998779296875;522,2388305664062;282,2110900878906;663,0572509765625;42,815425872802734;363,18975830078125;1057,3499755859375;951,8955688476562;563125,0
2023-08-17;948,0586547851562;1385,6346435546875;1332,5;524,5496826171875;604,14111328125;467,758544921875;382,9203796386719;459,2968444824219;942,8499755859375;9364,779296875;824,759765625;1877,774658203125;111,22201538085938;21,8900089263916;516,5999755859375;522,2388305664062;315,23968505859375;699,4514770507812;44,05094528198242;382,7641296386719;1103,22998046875;948,4575805664062;582323,0
2023-08-18;941,7697143554688;1403,24560546875;1344,1500244140625;541,3775634765625;595,6881103515625;474,47296142578125;389,3150329589844;460,6379089355469;971,4000244140625;9408,2705078125;832,0836181640625;1851,3507080078125;109,86290740966797;21,606290817260742;501,29998779296875;522,2388305664062;321,4784240722656;679,7379150390625;43,05302429199219;387,0899963378906;1095,1600341796875;982,1491088867188;584293,0
2023-08-22;966,9677124023438;1443,9091796875;1404,699951171875;548,1087646484375;609,1134643554688;476,329345703125;382,9203796386719;472,4301452636719;974,0999755859375;9143,3203125;819,5782470703125;1867,9915771484375;110,08942413330078;21,45351791381836;499,1000061035156;522,2388305664062;329,55206298828125;678,2214965820312;44,24102783203125;393,3985290527344;1097,6300048828125;1000,2688598632812;593947,0
2023-08-23;1034,4752197265625;1501,768798828125;1426,449951171875;565,8982543945312;645,4116821289062;490,7851257324219;398,9306640625;489,07806396484375;990,0999755859375;9021,341796875;840,9520263671875;1919,92822265625;112,12808990478516;21,562641143798828;520,0999755859375;522,2388305664062;326,24920654296875;679,7379150390625;46,854618072509766;404,1048889160156;1128,1650390625;1052,2823486328125;615499,0
2023-08-24;1017,7909545898438;1553,6470947265625;1417,0999755859375;554,359130859375;645,4116821289062;478,5411682128906;409,3041687011719;498,78936767578125;991,8499755859375;9072,3330078125;856,9450073242188;1888,18115234375;116,20549774169922;21,32257080078125;534,25;522,2388305664062;323,6803283691406;680,875244140625;47,94757843017578;398,0848083496094;1120,60498046875;1050,46240234375;613509,0
2023-08-25;1076,3572998046875;1592,15087890625;1422,449951171875;574,07177734375;644,9144287109375;491,14056396484375;431,4248962402344;513,4024658203125;1014,0999755859375;9167,314453125;861,5286254882812;1914,461181640625;122,54808044433594;21,671764373779297;542,0999755859375;522,2388305664062;323,3133239746094;677,8424072265625;50,51365661621094;402,2664489746094;1144,1650390625;1125,9344482421875;631166,0
2023-08-28;1194,81689453125;1723,196044921875;1500,949951171875;576,95654296875;656,350830078125;517,642822265625;476,4241943359375;545,4034423828125;1045,449951171875;9721,7138671875;928,4899291992188;1984,477294921875;131,60894775390625;23,22130584716797;558,0999755859375;524,1106567382812;350,8371887207031;685,8036499023438;52,0342903137207;423,3188171386719;1173,6199951171875;1223,9754638671875;665524,0
2023-08-29;1252,998046875;1838,83203125;1551,9000244140625;588,4957275390625;652,3729248046875;523,6067504882812;499,9659118652344;547,2994384765625;1074,699951171875;10100,1435546875;956,3905029296875;1990,951416015625;135,68637084960938;23,98516273498535;570,25;524,1106567382812;360,3787536621094;693,764892578125;52,081809997558594;424,97705078125;1190,9000244140625;1301,91455078125;683588,0
2023-08-30;1241,1475830078125;1807,5137939453125;1507,4000244140625;602,9196166992188;642,9254760742188;515,4310302734375;471,64007568359375;544,7097778320312;1079,5999755859375;10103,642578125;925,0023803710938;1943,18701171875;135,23326110839844;23,919689178466797;548,5499877929688;524,1106567382812;355,9749755859375;710,4456176757812;53,269805908203125;419,42559814453125;1170,0699462890625;1253,6627197265625;675841,0
2023-08-31;1208,591796875;1772,83154296875;1429,0999755859375;591,3804931640625;619,0581665039062;489,12628173828125;456,6244812011719;519,3217163085938;1038,0999755859375;9744,208984375;903,0307006835938;1896,4296875;131,38243103027344;22,872112274169922;530,0;524,1106567382812;340,19464111328125;689,9738159179688;51,32149124145508;400,0674743652344;1135,635009765625;1205,8555908203125;653603,0
2023-09-01;1157,8968505859375;1700,849853515625;1409,949951171875;584,6493530273438;603,6438598632812;471,668701171875;432,7038269042969;509,42547607421875;1004,5;9755,70703125;881,3579711914062;1846,1715087890625;128,2111358642578;22,85028839111328;529,7999877929688;524,1106567382812;332,4879455566406;697,5559692382812;50,37109375;399,9593505859375;1088,6650390625;1149,110107421875;634792,0
2023-09-04;1158,581298828125;1668,57666015625;1430,1500244140625;577,9181518554688;598,6715698242188;487,8229064941406;432,3248596191406;501,5177307128906;1025,699951171875;9644,2275390625;875,3792724609375;1821,1383056640625;129,34373474121094;23,50502586364746;533,2000122070312;524,1106567382812;335,423828125;693,764892578125;49,61077117919922;399,4546813964844;1078,699951171875;1138,9581298828125;633243,0
2023-09-05;1095,137939453125;1568,7659912109375;1344,0;532,242431640625;576,2959594726562;450,02459716796875;411,6725769042969;470,53411865234375;956,9000244140625;9481,7578125;833,1298828125;1753,855712890625;123,68070220947266;22,479270935058594;499,04998779296875;524,1106567382812;320,3774719238281;659,2662353515625;45,85670471191406;372,3821105957031;1036,300048828125;1075,2557373046875;598133,0
2023-09-06;1080,2503662109375;1509,57763671875;1307,800048828125;505,798583984375;582,7599487304688;431,066162109375;398,40960693359375;463,0888671875;919,3499755859375;9192,3115234375;807,1226196289062;1704,8924560546875;117,7911376953125;21,8900089263916;483,04998779296875;524,1106567382812;320,0104675292969;677,8424072265625;44,24102783203125;374,905517578125;1024,594970703125;1058,510986328125;583983,0
2023-09-07;1007,0736083984375;1412,50830078125;1210,25;483,2011413574219;557,4009399414062;401,7992248535156;375,81524658203125;425,5848693847656;870,2000122070312;8887,8662109375;774,3394775390625;1613,2960205078125;109,18331909179688;20,53688621520996;454,29998779296875;524,1106567382812;299,0923767089844;675,5678100585938;41,53239440917969;343,6513977050781;961,530029296875;990,3192138671875;548015,0
2023-09-08;976,7536010742188;1342,4788818359375;1155,550048828125;483,6819152832031;561,3788452148438;395,6772155761719;361,8891296386719;411,8966064453125;867,0999755859375;8551,4287109375;769,8056640625;1545,8695068359375;105,10594940185547;20,122220993041992;445,25;524,1106567382812;295,7895202636719;626,6630249023438;40,296875;338,42431640625;929,1849975585938;918,2039794921875;532550,0
2023-09-11;948,8019409179688;1310,6624755859375;1117,8499755859375;451,468505859375;528,561279296875;393,7814025878906;345,0262451171875;400,05804443359375;875,5;8163,9990234375;765,81982421875;1485,49267578125;104,87942504882812;19,57660675048828;430,3999938964844;622,3814086914062;288,8168029785156;581,5493774414062;39,77415466308594;349,6354675292969;885,4749755859375;920,3072509765625;514074,0
2023-09-12;1005,0496826171875;1400,047607421875;1189,199951171875;468,2964172363281;536,51708984375;421,2710266113281;349,95245361328125;417,9545593261719;884,6500244140625;8437,44921875;776,8804321289062;1599,4366455078125;104,8670883178711;20,034923553466797;455,6499938964844;622,3814086914062;296,8904724121094;614,5316162109375;42,24519348144531;364,2351379394531;920,4550170898438;976,4866943359375;538085,0
2023-09-13;1010,4331665039062;1392,2802734375;1215,5999755859375;497,1442565917969;571,82080078125;429,09136962890625;358,76287841796875;426,18603515625;909,7000122070312;8565,92578125;776,78076171875;1637,1781005859375;108,74259185791016;20,886079788208008;465,04998779296875;622,3814086914062;307,1660461425781;624,00927734375;46,28438186645508;368,9214782714844;954,4349975585938;958,1242065429688;553410,0
2023-09-14;1029,2969970703125;1451,17822265625;1232,0;542,8199462890625;610,10791015625;430,23675537109375;371,2205505371094;442,0940246582031;910,25;8770,388671875;792,7737426757812;1682,496826171875;114,89783477783203;21,017026901245117;484,8500061035156;622,3814086914062;315,606689453125;630,8331909179688;49,75333023071289;368,45281982421875;964,8350219726562;980,49072265625;571753,0
2023-09-15;1005,264892578125;1414,5849609375;1198,949951171875;572,1486206054688;635,4669189453125;425,4971618652344;365,53643798828125;428,9144287109375;887,2000122070312;8727,396484375;766,5173950195312;1613,0562744140625;117,6335220336914;20,92972755432129;486,0;622,3814086914062;314,5057373046875;621,734619140625;51,32149124145508;360,0895690917969;941,5499877929688;969,0848388671875;567513,0
2023-09-18;1026,368408203125;1455,041015625;1242,0;604,8428344726562;650,8812255859375;429,7232971191406;365,110107421875;444,3599853515625;928,0;8701,4013671875;784,154541015625;1728,582763671875;121,9649658203125;21,235271453857422;493,8999938964844;622,3814086914062;338,7266845703125;616,8062744140625;51,464054107666016;382,1873474121094;964,0549926757812;979,8843383789062;585205,0
2023-09-19;1004,8343505859375;1408,14697265625;1229,4000244140625;605,8043823242188;636,4613647460938;421,9819641113281;353,4103088378906;435,7123107910156;915,9000244140625;8590,9208984375;793,919677734375;1682,688720703125;117,40552520751953;20,689661026000977;489,70001220703125;622,3814086914062;322,9463806152344;611,1196899414062;50,751258850097656;389,72149658203125;957,8099975585938;966,5369262695312;576676,0
2023-09-20;968,4412841796875;1394,938720703125;1200,199951171875;579,3605346679688;625,0249633789062;415,46502685546875;343,17889404296875;419,66558837890625;906,4000244140625;8576,9248046875;793,3218383789062;1609,9869384765625;114,44188690185547;19,72937774658203;471,3999938964844;622,3814086914062;311,2028503417969;605,8121948242188;50,18101501464844;345,8060302734375;950,9450073242188;952,7042846679688;562033,0
2023-09-21;944,4952392578125;1381,14892578125;1212,050048828125;557,7246704101562;590,2184448242188;404,6429443359375;334,8421936035156;425,4923400878906;900,25;8236,486328125;783,1580810546875;1564,9560546875;110,56636810302734;18,790925979614258;473,75;622,3814086914062;293,95458984375;587,994140625;46,90213394165039;344,36614990234375;983,9149780273438;919,740966796875;553755,0
2023-09-22;946,9931030273438;1357,7640380859375;1212,800048828125;558,686279296875;600,6604614257812;404,24798583984375;336,7369079589844;419,66558837890625;898,8499755859375;8315,4716796875;783,8057250976562;1566,8262939453125;110,56636810302734;19,096467971801758;468,6499938964844;622,3814086914062;295,0555419921875;650,9258422851562;48,850460052490234;362,2013244628906;964,0349731445312;928,7606201171875;553392,0
2023-09-25;932,6942138671875;1350,993896484375;1188,8499755859375;566,3790283203125;602,1522216796875;405,7883605957031;327,68963623046875;410,6017761230469;904,1500244140625;8392,4580078125;782,4605712890625;1527,454345703125;110,56636810302734;18,790925979614258;462,1499938964844;622,3814086914062;291,0187072753906;673,6722412109375;47,8525390625;376,2403869628906;954,0700073242188;897,657470703125;548545,0
2023-09-26;919,5151977539062;1271,2451171875;1189,199951171875;558,2055053710938;616,0747680664062;406,02532958984375;323,42657470703125;408,2432861328125;907,3499755859375;8238,486328125;759,542236328125;1547,356201171875;109,42650604248047;18,33260726928711;478,8500061035156;622,3814086914062;297,6244201660156;676,3259887695312;46,61702346801758;356,14715576171875;938,9199829101562;871,4080810546875;543252,0
2023-09-27;935,4508056640625;1258,8673095703125;1230,5999755859375;569,74462890625;622,0415649414062;421,0340576171875;328,0685729980469;418,2320251464844;959,7999877929688;8202,4921875;777,0797119140625;1610,37060546875;109,19853210449219;18,46355628967285;491,1499938964844;622,3814086914062;314,5057373046875;696,4186401367188;45,76166534423828;375,8476257324219;1000,0999755859375;851,3873291015625;557024,0
2023-09-28;971,6715698242188;1301,93994140625;1282,0999755859375;598,5924682617188;656,350830078125;449,59014892578125;347,34722900390625;456,4297180175781;1007,0499877929688;8436,94921875;813,001708984375;1677,605224609375;111,02230072021484;18,943696975708008;504,6000061035156;594,3040161132812;325,5152587890625;705,1380615234375;46,712059020996094;422,1864013671875;1026,43994140625;902,0255737304688;581469,0
2023-09-29;921,3241577148438;1219,1175537109375;1209,4000244140625;590,4188842773438;653,367431640625;439,0840148925781;339,9578857421875;437,4233703613281;999,0999755859375;8350,9658203125;779,0227661132812;1606,198486328125;110,33840942382812;18,659976959228516;481,75;594,3040161132812;325,5152587890625;661,5408325195312;46,56950759887695;410,4707946777344;1002,1799926757812;828,697021484375;562569,0
2023-10-02;898,6268920898438;1203,16796875;1226,75;566,8598022460938;661,3231811523438;429,8813171386719;329,5843505859375;432,7989501953125;992,0;8651,4091796875;770,552978515625;1587,0638427734375;108,2866439819336;18,74727439880371;479,95001220703125;594,3040161132812;329,9190673828125;622,4928588867188;45,42902374267578;407,16558837890625;1001,0700073242188;835,5729370117188;556828,0
2023-10-03;896,30126953125;1206,615478515625;1245,1500244140625;594,74609375;672,2623291015625;425,1022033691406;316,9371643066406;432,6139831542969;1021,25;8428,451171875;774,3394775390625;1606,006591796875;108,51460266113281;18,17983627319336;460,20001220703125;594,3040161132812;337,625732421875;625,1466064453125;44,85878372192383;400,5223693847656;996,385009765625;844,996826171875;561427,0
2023-10-04;949,8355102539062;1283,663818359375;1310,550048828125;640,902587890625;715,0245971679688;458,3583068847656;333,5632629394531;458,5106506347656;1088,4000244140625;8441,44921875;833,5285034179688;1762,1041259765625;111,02230072021484;18,74727439880371;470,8999938964844;595,993408203125;345,3324279785156;650,5467529296875;45,999263763427734;421,99005126953125;1030,6300048828125;921,6824951171875;593740,0
2023-10-05;969,9055786132812;1294,7958984375;1317,0;701,9638061523438;758,7813110351562;506,0308532714844;345,2630920410156;466,649658203125;1088,199951171875;8471,9423828125;897,7495727539062;1818,5966796875;112,61812591552734;19,140117645263672;495,8999938964844;595,993408203125;354,1400451660156;661,5408325195312;46,56950759887695;430,7276306152344;1029,47998046875;962,5327758789062;613072,0
2023-10-06;951,6445922851562;1343,6834716796875;1336,300048828125;768,3138427734375;836,3500366210938;509,62506103515625;343,13153076171875;496,3846435546875;1056,949951171875;8625,4140625;890,8740234375;1829,0511474609375;117,40552520751953;20,078571319580078;521,25;595,993408203125;370,287353515625;703,2425537109375;47,70998001098633;492,9380798339844;995,5150146484375;968,963623046875;628918,0
2023-10-09;933,211181640625;1310,371826171875;1367,9000244140625;815,9127197265625;909,94091796875;566,9345703125;337,7789611816406;496,1072082519531;1089,949951171875;8667,90625;872,3401489257812;1872,7392578125;119,68525695800781;21,08249855041504;538,6500244140625;595,993408203125;383,86578369140625;696,4186401367188;48,850460052490234;502,9846496582031;1054,344970703125;954,2818603515625;648631,0
2023-10-10;988,0803833007812;1349,9139404296875;1521,25;834,663818359375;988,5040893554688;629,3240356445312;349,5735168457031;543,1836547851562;1205,300048828125;9087,8291015625;937,1590576171875;2066,770263671875;124,47264862060547;23,24312973022461;573,2000122070312;595,993408203125;407,71978759765625;749,8726196289062;55,740840911865234;532,7567138671875;1156,885009765625;975,515625;697834,0
2023-10-11;982,3524169921875;1336,9130859375;1524,550048828125;888,0323486328125;1078,006591796875;636,8185424804688;351,705078125;561,033935546875;1224,4000244140625;9377,7763671875;971,3870239257812;2180,378662109375;124,68944549560547;24,530776977539062;573,3499755859375;595,993408203125;397,0772399902344;768,8280029296875;54,41028594970703;490,0637512207031;1184,989990234375;977,3766479492188;716544,0
2023-10-12;991,9996948242188;1372,8416748046875;1570,6500244140625;1032,271484375;1164,0283203125;638,1658325195312;355,06817626953125;606,168212890625;1304,050048828125;9759,2060546875;997,4441528320312;2251,49755859375;126,52310180664062;24,618074417114258;590,6500244140625;595,993408203125;416,8944091796875;879,14794921875;59,637474060058594;498,4741516113281;1229,425048828125;1032,1806640625;760674,0
2023-10-17;1045,8785400390625;1573,750244140625;1744,25;1100,544677734375;1269,4420166015625;695,0479125976562;377,14154052734375;671,0487670898438;1338,0999755859375;9909,6787109375;1100,1280517578125;2463,08056640625;130,87806701660156;25,4692325592041;604,9000244140625;595,993408203125;416,8944091796875;978,0947875976562;64,72209930419922;538,8287963867188;1361,81005859375;1101,788330078125;823683,0
2023-10-18;1014,912109375;1491,0111083984375;1673,0;1066,888916015625;1209,2767333984375;697,4057006835938;388,6045227050781;646,0769653320312;1272,050048828125;9863,1875;1179,3955078125;2502,2607421875;129,73202514648438;24,465303421020508;606,6500244140625;595,993408203125;426,0690002441406;1019,7964477539062;64,48450469970703;539,9979248046875;1304,6500244140625;1036,184814453125;798907,0
2023-10-19;971,0254516601562;1396,683349609375;1622,9000244140625;1061,60009765625;1074,5257568359375;656,7756958007812;353,83660888671875;607,8330078125;1282,5;9429,7666015625;1143,174560546875;2431,76513671875;130,19046020507812;23,592323303222656;561,4500122070312;595,993408203125;405,15087890625;1075,14599609375;64,57954406738281;530,6447143554688;1215,64501953125;964,3529663085938;764079,0
2023-10-20;995,9619750976562;1463,929443359375;1738,8499755859375;1079,870361328125;1114,3046875;725,1099853515625;392,6781005859375;650,9788208007812;1393,050048828125;9724,712890625;1196,3848876953125;2488,641357421875;136,1498565673828;24,727197647094727;588,7000122070312;595,993408203125;438,17950439453125;1119,50146484375;66,6229019165039;543,5430297851562;1292,5550537109375;1040,4720458984375;800805,0
2023-10-23;972,9635009765625;1498,5289306640625;1534,6500244140625;833,221435546875;898,5044555664062;616,735107421875;374,0626220703125;552,0162963867188;1149,050048828125;11453,89453125;1139,0892333984375;2177,21337890625;126,7523422241211;23,00305938720703;567,2000122070312;595,993408203125;411,7566223144531;1003,1157836914062;59,780033111572266;483,3128662109375;1126,56494140625;1060,6142578125;701205,0
2023-10-24;870,9768676757812;1346,96484375;1455,5;778,891357421875;919,8856811523438;593,0726928710938;337,6368408203125;520,9865112304688;1071,5999755859375;10582,5546875;1009,8997192382812;1998,096923828125;123,77261352539062;21,606290817260742;539,5999755859375;750,85791015625;409,5547180175781;845,0283813476562;55,21812438964844;474,0727844238281;1028,4300537109375;955,5355224609375;654137,0
2023-10-25;933,4696044921875;1410,8885498046875;1483,4000244140625;856,2996826171875;973,5870971679688;615,0508422851562;366,5785217285156;546,1895751953125;1123,199951171875;10137,1376953125;1097,487548828125;2104,75146484375;123,54340362548828;22,522920608520508;551,1500244140625;750,85791015625;411,3896179199219;911,3719482421875;56,40612030029297;460,9103698730469;1029,719970703125;1042,4539794921875;686238,0
2023-10-26;920,20458984375;1437,595947265625;1443,0;836,106201171875;1013,3659057617188;591,0938720703125;356,4418640136719;520,89404296875;1082,5999755859375;10063,650390625;1039,942626953125;2019,005859375;121,93892669677734;22,26102638244629;548,6500244140625;750,85791015625;418,3623352050781;945,4915771484375;53,17477035522461;465,021240234375;1003,030029296875;1021,705322265625;673103,0
2023-10-27;882,43310546875;1381,4810791015625;1354,3499755859375;848,60693359375;1037,233154296875;548,1060180664062;337,5895080566406;502,9512939453125;1065,800048828125;9957,669921875;996,3978881835938;1917,9140625;121,48051452636719;21,169797897338867;514,5999755859375;750,85791015625;405,8848571777344;893,5540771484375;52,414451599121094;462,64520263671875;962,5800170898438;994,0806884765625;655565,0
2023-10-30;819,3377075195312;1238,6396484375;1273,550048828125;726,4844970703125;887,068115234375;517,4966430664062;290,4112548828125;452,7763977050781;990,75;9239,8017578125;911,3012084960938;1707,86572265625;113,9166488647461;20,296817779541016;460,0;750,85791015625;349,7362365722656;835,171630859375;48,993011474609375;399,88812255859375;888,0599975585938;874,805419921875;591692,0
2023-10-31;846,2555541992188;1261,60888671875;1275,550048828125;679,3663330078125;804,5270385742188;482,0453186035156;287,9007873535156;443,0188903808594;976,8499755859375;9884,1826171875;857,144287109375;1680,0989990234375;110,93694305419922;20,253170013427734;441,5;750,85791015625;353,0390930175781;769,9652709960938;51,17892837524414;387,17828369140625;861,1400146484375;926,2933349609375;579150,0
2023-11-01;917,4048461914062;1401,8333740234375;1353,5;689,9439086914062;805,521484375;514,1282958984375;318,02667236328125;483,52874755859375;1040,199951171875;10142,1357421875;933,6216430664062;1844,30126953125;119,18843078613281;21,51898956298828;465,8999938964844;750,85791015625;381,66387939453125;797,260986328125;57,118919372558594;414,785400390625;927,4949951171875;1021,0177001953125;616255,0
2023-11-02;945,0551147460938;1497,199951171875;1374,9000244140625;789,94970703125;899,0017700195312;532,0223999023438;331,5264587402344;510,8128356933594;1092,9000244140625;11282,92578125;975,5222778320312;1864,44287109375;120,79290008544922;23,046707153320312;479,95001220703125;750,85791015625;386,06768798828125;857,1597900390625;63,01138687133789;425,91119384765625;958,655029296875;1048,3187255859375;654095,0
2023-11-03;930,282470703125;1468,7061767578125;1333,8499755859375;767,3522338867188;901,9851684570312;562,5054321289062;337,2579345703125;490,1878967285156;1070,0;11296,9248046875;956,5897827148438;1755,198486328125;118,50080871582031;22,653865814208984;493,0;753,6842041015625;377,9940185546875;864,3628540039062;59,16227722167969;422,40374755859375;940,0;990,9258422851562;637284,0
2023-11-07;891,6067504882812;1380,3594970703125;1260,4000244140625;737,06201171875;843,80859375;569,9157104492188;323,047607421875;476,8695983886719;1072,449951171875;11279,427734375;918,0770263671875;1678,6124267578125;113,68744659423828;22,217376708984375;462,20001220703125;753,6842041015625;380,1959228515625;875,7360229492188;55,17060470581055;410,7876281738281;873,5599975585938;961,4407958984375;611207,0
2023-11-08;864,4306030273438;1302,6461181640625;1221,4000244140625;703,8870239257812;801,0463256835938;527,4752197265625;306,1373596191406;422,2552490234375;1004,0999755859375;11145,4521484375;860,5321655273438;1611,6175537109375;111,39534759521484;21,540815353393555;436,29998779296875;753,6842041015625;362,2137145996094;878,7688598632812;52,129329681396484;409,5807800292969;851,1199951171875;907,2027587890625;584970,0
2023-11-09;890,5301513671875;1354,8978271484375;1248,9000244140625;812,5471801757812;928,8358154296875;557,7898559570312;308,8373107910156;460,0367431640625;1049,050048828125;11508,884765625;919,9205322265625;1666,4794921875;116,43794250488281;22,370147705078125;450,3500061035156;753,6842041015625;388,26959228515625;872,703125;52,46196746826172;414,3705139160156;874,010009765625;956,6276245117188;623996,0
2023-11-10;920,3766479492188;1425,0108642578125;1303,4000244140625;883,7051391601562;994,470947265625;556,5267333984375;313,9056701660156;500,9165344238281;1093,449951171875;11941,8056640625;973,7286987304688;1746,3265380859375;119,18843078613281;22,653865814208984;463,79998779296875;753,6842041015625;410,2886657714844;911,7510986328125;55,93091583251953;434,5478515625;939,9400024414062;998,2061157226562;660275,0
2023-11-13;895,6122436523438;1386,5484619140625;1264,25;839,95263671875;956,6810913085938;547,5165405273438;310,49517822265625;484,1299133300781;1053,0;11943,3037109375;929,3369750976562;1690,0260009765625;117,81319427490234;22,937583923339844;460,95001220703125;753,6842041015625;398,545166015625;947,7662353515625;53,93508529663086;427,3443298339844;895,6950073242188;950,0350341796875;636964,0
2023-11-14;890,8746337890625;1361,8763427734375;1294,3499755859375;806,2968139648438;921,3773803710938;547,0112915039062;317,3634948730469;501,8414306640625;1048,699951171875;11567,8740234375;925,849365234375;1733,906005859375;115,06269073486328;22,741167068481445;470,3999938964844;753,6842041015625;384,5997619628906;909,4765014648438;54,22020721435547;419,65057373046875;917,7449951171875;959,5397338867188;634516,0
2023-11-15;907,111572265625;1375,375244140625;1279,5999755859375;782,2569580078125;902,482421875;543,1378173828125;314,9951171875;500,8702697753906;1037,300048828125;11745,8408203125;923,70703125;1717,0732421875;112,08297729492188;22,370147705078125;482,0;753,6842041015625;399,2791442871094;876,4942626953125;54,07764434814453;420,1031494140625;911,4450073242188;949,3878173828125;629362,0
2023-11-16;878,3416137695312;1296,457275390625;1232,0;721,676513671875;851,764404296875;533,074951171875;307,2742004394531;472,3376770019531;1029,300048828125;11386,408203125;900,9381713867188;1668,3497314453125;110,02011108398438;21,126150131225586;473,75;772,5263671875;369,5533752441406;826,4521484375;55,028045654296875;411,6927490234375;876,1950073242188;922,0059814453125;602278,0
2023-11-17;958,6216430664062;1435,062255859375;1326,949951171875;760,62109375;897,510009765625;562,5475463867188;345,5946350097656;518,7205200195312;1077,75;11156,9501953125;937,9063720703125;1816,4385986328125;111,62455749511719;21,540815353393555;513,4500122070312;772,5263671875;373,2232360839844;801,8102416992188;56,64371871948242;417,0482482910156;965,2449951171875;992,7459716796875;645080,0
2023-11-21;1139,0361328125;1673,145751953125;1613,8499755859375;892,8402709960938;1016,8464965820312;759,256103515625;424,5565490722656;653,8922729492188;1197,4000244140625;10807,013671875;1335,8875732421875;2384,048583984375;129,9612274169922;25,949371337890625;680,7999877929688;772,5263671875;522,2189331054688;951,9364013671875;68,76129150390625;487,6877746582031;1337,9749755859375;1162,1334228515625;792443,0
2023-11-22;1130,4222412109375;1721,90869140625;1687,800048828125;972,652587890625;1073,0341796875;907,9663696289062;444,6878356933594;678,3553466796875;1270,699951171875;10806,513671875;1467,319091796875;2476,076904296875;132,71176147460938;27,47709083557129;708,6500244140625;772,5263671875;550,1097412109375;1056,56982421875;70,61457824707031;543,9579467773438;1492,02001953125;1115,297119140625;838617,0
2023-11-23;1175,9459228515625;1753,26806640625;1806,550048828125;985,1533203125;1104,857177734375;943,1650390625;472,2558288574219;740,0450439453125;1334,5;11152,9501953125;1632,1314697265625;2708,136962890625;139,3588104248047;28,590139389038086;790,3499755859375;781,9473876953125;573,5967407226562;1139,5941162109375;72,46785736083984;640,8467407226562;1578,0250244140625;1136,9761962890625;878971,0
2023-11-24;1309,8892822265625;2109,853515625;1871,5;910,1489868164062;1032,2607421875;892,8931884765625;567,275390625;813,943115234375;1280,75;11050,96875;1562,429931640625;3086,70361328125;151,9652557373047;28,502843856811523;917,7999877929688;781,9473876953125;614,3320922851562;1229,821533203125;70,42449188232422;630,0227661132812;1739,635009765625;1370,0662841796875;917599,0
2023-11-27;1378,6700439453125;2117,827880859375;1710,300048828125;799,0848388671875;907,4547729492188;715,762939453125;580,5857543945312;691,4887084960938;1184,3499755859375;9969,1689453125;1571,995849609375;2532,37744140625;157,46629333496094;26,82235336303711;744,4500122070312;810,2105712890625;560,3853149414062;1339,7623291015625;63,34402847290039;575,9776611328125;1572,8199462890625;1367,8011474609375;843665,0
2023-11-28;1239,38623046875;1910,3150634765625;1566,75;728,4076538085938;829,3887939453125;671,048828125;539,8021240234375;649,7301635742188;1071,5999755859375;10094,6455078125;1366,5283203125;2301,56396484375;149,4439697265625;25,491056442260742;680,5999755859375;895,0;561,4862670898438;1220,722900390625;60,58787155151367;560,81640625;1440,780029296875;1235,4620361328125;773420,0
2023-11-29;1275,0037841796875;1995,92041015625;1574,550048828125;759,6594848632812;890,5487060546875;697,8688354492188;568,3649291992188;655,0945434570312;1085,949951171875;10632,0458984375;1416,649658203125;2265,405029296875;149,90237426757812;27,062423706054688;668,6500244140625;895,0;582,7713623046875;1279,1053466796875;61,06306457519531;576,6942749023438;1430,14501953125;1238,3336181640625;790377,0
2023-11-30;1296,3660888671875;1980,05419921875;1633,4000244140625;794,27685546875;951,21142578125;711,5526123046875;571,72802734375;688,529052734375;1163,050048828125;10668,0400390625;1489,6893310546875;2311,490966796875;149,67320251464844;27,498912811279297;736,0;895,0;584,2393188476562;1321,9443359375;63,67667007446289;592,081787109375;1445,0;1285,3724365234375;813394,0
2023-12-01;1378,4979248046875;2187,940185546875;1738,5;883,7051391601562;1044,1944580078125;725,1099853515625;599,9117431640625;708,22900390625;1260,050048828125;11164,9482421875;1551,568603515625;2455,791259765625;153,34051513671875;28,368515014648438;771,1500244140625;895,0;630,8463134765625;1433,0225830078125;67,62081909179688;635,90625;1529,68994140625;1358,7008056640625;870169,0
2023-12-04;1310,5352783203125;2058,18212890625;1693,25;884,666748046875;1020,3271484375;711,4262084960938;579,5436401367188;670,4475708007812;1215,949951171875;10791,017578125;1531,0418701171875;2317,101806640625;154,486572265625;27,54848861694336;756,7000122070312;895,0;674,1505126953125;1652,1461181640625;69,23650360107422;650,1245727539062;1466,4549560546875;1331,723388671875;845384,0
2023-12-05;1413,81396484375;2120,52783203125;1806,8499755859375;848,1261596679688;980,5484008789062;756,4772338867188;615,2589111328125;739,998779296875;1267,75;10922,4931640625;1590,7291259765625;2391,817626953125;165,4885711669922;28,656633377075195;816,5999755859375;950,0;753,7861328125;1707,8748779296875;72,51536560058594;637,2262573242188;1614,925048828125;1401,77587890625;885270,0
2023-12-06;1405,200439453125;2079,490234375;1800,199951171875;905,3410034179688;1018,8355102539062;739,6357421875;621,2745361328125;779,0750732421875;1272,6500244140625;10759,0224609375;1590,38037109375;2408,41064453125;171,44796752929688;28,257701873779297;810,4000244140625;950,0;751,9512329101562;1678,68359375;73,32321166992188;652,61376953125;1580,030029296875;1397,326904296875;894502,0
2023-12-07;1427,29443359375;2185,57275390625;1901,0999755859375;965,440673828125;1090,9346923828125;807,591064453125;697,8681640625;800,469970703125;1310,9000244140625;11730,8447265625;1624,8076171875;2659,173583984375;176,71978759765625;30,407503128051758;853,0999755859375;950,0;768,8325805664062;1788,6243896484375;78,8830337524414;672,6401977539062;1648,9100341796875;1415,770263671875;941830,0
2023-12-11;1512,871826171875;2303,3681640625;1938,5999755859375;952,93994140625;1112,81298828125;797,612548828125;743,6253662109375;843,4541015625;1313,699951171875;11726,3447265625;1692,01806640625;2777,913330078125;191,84756469726562;30,762109756469727;926,5499877929688;950,0;841,4954223632812;1758,2958984375;84,68046569824219;679,5042724609375;1749,5350341796875;1517,28955078125;976823,0
2023-12-12;1533,97509765625;2254,39794921875;2061,35009765625;964,4790649414062;1109,332275390625;859,1260375976562;724,1098022460938;905,7742309570312;1409,9000244140625;11935,8076171875;1746,2247314453125;2920,391357421875;203,7664031982422;31,183204650878906;1038,0;950,0;878,1939086914062;1910,69677734375;89,6225357055664;702,1708374023438;1821,7149658203125;1501,1922607421875;1010022,0
2023-12-13;1573,986328125;2355,953125;2060,35009765625;893,3211059570312;1038,7249755859375;860,2628784179688;768,3038330078125;931,3699951171875;1397,75;11942,8037109375;1677,9183349609375;2957,365478515625;206,05848693847656;31,316181182861328;1041,8499755859375;950,0;888,1024780273438;2071,437744140625;83,77758026123047;707,6771240234375;1819,1650390625;1527,765380859375;1003484,0
2023-12-14;1540,8663330078125;2393,334716796875;2029,5999755859375;848,1261596679688;1020,8244018554688;851,7158203125;757,3619384765625;951,8187255859375;1399,1500244140625;11844,8232421875;1576,5794677734375;3003,211669921875;207,6628875732422;31,005901336669922;1024,300048828125;950,0;871,5881958007812;1999,40771484375;82,06686401367188;708,9216918945312;1799,5450439453125;1503,8612060546875;989696,0
2023-12-15;1423,41845703125;2240,23388671875;1950,550048828125;778,891357421875;917,8966674804688;812,3067626953125;691,4735107421875;858,7559204101562;1315,5999755859375;11979,298828125;1514,7000732421875;2914,87646484375;199,64065551757812;29,919919967651367;963,6500244140625;950,0;818,0084838867188;1969,4581298828125;78,45535278320312;681,654052734375;1701,5899658203125;1380,3797607421875;925658,0
2023-12-18;1418,4219970703125;2141,9599609375;1944,300048828125;784,1801147460938;946,2390747070312;803,1281127929688;686,8787841796875;851,8005981445312;1301,1500244140625;11619,8642578125;1522,970703125;2863,323486328125;194,13963317871094;29,653963088989258;1037,5999755859375;950,0;828,2839965820312;1909,9385986328125;76,6020736694336;663,1361694335938;1689,969970703125;1383,898681640625;921877,0
2023-12-19;1379,18701171875;2093,654296875;1939,9000244140625;804,8544311523438;984,0289916992188;786,918212890625;673,5685424804688;818,0902709960938;1304,5999755859375;11637,361328125;1515,397705078125;2731,2998046875;198,03616333007812;29,74261474609375;1004,25;950,0;816,9075317382812;2031,252685546875;77,69503784179688;654,4994506835938;1671,4449462890625;1337,7901611328125;914461,0
2023-12-20;1442,75634765625;2185,57275390625;1912,1500244140625;793,3153076171875;947,2335815429688;776,4765014648438;742,4884643554688;802,41748046875;1305,1500244140625;11102,958984375;1549,9244384765625;2756,476806640625;199,86985778808594;29,67612648010254;951,75;950,0;802,2281494140625;2035,8017578125;79,40575408935547;661,74072265625;1678,875;1415,93212890625;919911,0
2023-12-21;1484,2314453125;2331,529541015625;1919,5;825,0479125976562;943,7529296875;767,1294555664062;815,7189331054688;831,0272216796875;1347,699951171875;11095,4609375;1546,38720703125;2763,046875;205,82923889160156;30,119386672973633;938,4000244140625;950,0;842,2294311523438;1913,3504638671875;84,44286346435547;640,80908203125;1712,989990234375;1471,9091796875;942904,0
2023-12-22;1512,6995849609375;2392,794921875;1949,050048828125;813,0279541015625;936,2943725585938;784,265625;800,419189453125;855,6425170898438;1320,300048828125;10669,5400390625;1491,3831787109375;2810,283935546875;207,89218139648438;32,224857330322266;938,4000244140625;950,0;860,9456787109375;2017,98388671875;84,72798156738281;640,9976806640625;1686,6600341796875;1500,1807861328125;948474,0
2023-12-26;1433,4532470703125;2264,90625;1881,25;769,2754516601562;882,095703125;756,8140258789062;772,6616821289062;825,1517944335938;1299,949951171875;10280,111328125;1427,760009765625;2752,49658203125;204,91244506835938;32,31351089477539;935,5;950,0;855,807861328125;1915,2459716796875;82,87470245361328;620,103759765625;1642,5150146484375;1444,850830078125;913125,0
2023-12-27;1378,4979248046875;2120,984619140625;1826,0999755859375;739,4660034179688;835,3555908203125;714,8367309570312;737,799072265625;761,4786987304688;1304,4000244140625;10211,1240234375;1322,834228515625;2634,90771484375;195,74407958984375;31,050228118896484;892,75;950,0;837,4586181640625;1716,973388671875;77,69503784179688;610,6373901367188;1569,68505859375;1407,073974609375;872972,0
2023-12-28;1433,8839111328125;2270,388671875;1864,050048828125;785,1417236328125;865,346435546875;754,4562377929688;750,58837890625;805,1031494140625;1326,5999755859375;10252,1162109375;1333,4462890625;2742,137939453125;205,82923889160156;32,09188461303711;931,1500244140625;950,0;880,7628173828125;1789,00341796875;77,50496673583984;618,9723510742188;1596,8499755859375;1418,19677734375;904067,0
2023-12-29;1444,52197265625;2218,01220703125;1931,5999755859375;816,3935546875;915,5762939453125;775,297607421875;738,4148559570312;835,9186401367188;1393,550048828125;10388,5908203125;1378,087158203125;2835,31689453125;206,5168914794922;32,53514099121094;942,0;895,0;888,1024780273438;1764,3616943359375;80,16606903076172;644,4296875;1668,8199462890625;1436,0335693359375;929704,0
2024-01-02;1452,2310791015625;2316,451904296875;1915,3499755859375;793,3153076171875;897,672607421875;783,592041015625;735,7623291015625;832,5772705078125;1393,5999755859375;10079,6484375;1406,884521484375;2920,822998046875;204,91244506835938;32,756771087646484;993,9500122070312;895,0;905,7177734375;1780,6632080078125;83,01725769042969;639,2250366210938;1653,06494140625;1427,7825927734375;930420,0
2024-01-03;1526,0938720703125;2369,534912109375;2047,0999755859375;831,779052734375;939,9452514648438;800,8545532226562;736,7096557617188;866,1309814453125;1438,9000244140625;10075,1484375;1439,1195068359375;3023,4013671875;204,22479248046875;33,532470703125;1043,3499755859375;895,0;890,3043212890625;1770,806396484375;85,53582000732422;655,7817993164062;1776,0;1440,2802734375;972412,0
2024-01-04;1550,9447021484375;2408,703369140625;2140,5;897,16748046875;1011,0628051757812;838,3267822265625;725,8624267578125;899,034912109375;1453,25;10393,08984375;1516,3941650390625;3080,996826171875;203,3079833984375;34,551963806152344;1042,9000244140625;895,0;868,6522827148438;1770,806396484375;88,05438232421875;694,0621337890625;1808,5;1471,66650390625;1004790,0
2024-01-05;1627,3050537109375;2480,5185546875;2208,60009765625;972,652587890625;1077,704345703125;873,020263671875;746,6568603515625;965,5390014648438;1536,75;12249,7490234375;1641,59765625;3105,838134765625;206,74610900878906;35,15036392211914;1034,300048828125;895,0;869,7532348632812;1965,667236328125;92,56876373291016;693,006103515625;1901,405029296875;1541,2335205078125;1055381,0
2024-01-08;1720,333251953125;2615,593017578125;2366,75;948,1319580078125;1077,704345703125;932,5969848632812;823,1082763671875;1053,06640625;1587,800048828125;14203,8896484375;1697,149658203125;3271,622802734375;208,5797576904297;36,81258010864258;1094,8499755859375;895,0;898,3780517578125;2292,45703125;100,78971099853516;749,5403442382812;1995,574951171875;1650,0328369140625;1104913,0
2024-01-09;1629,932373046875;2470,0517578125;2243,949951171875;904,8602294921875;1051,34619140625;883,1251831054688;785,6878051757812;1027,256103515625;1563,4000244140625;15638,1259765625;1600,1953125;3111,78466796875;210,6426239013672;35,63794708251953;1058,300048828125;895,0;895,8092041015625;2283,737548828125;95,65755462646484;722,9514770507812;1920,4549560546875;1553,6502685546875;1060581,0
2024-01-10;1652,50048828125;2506,935546875;2223,800048828125;911,110595703125;1050,3514404296875;911,8399047851562;817,4715576171875;1041,9266357421875;1582,4000244140625;16029,0546875;1573,98876953125;3194,653076171875;228,97933959960938;39,16184997558594;1073,050048828125;895,0;924,4338989257812;2407,705322265625;97,22572326660156;734,9447631835938;1904,824951171875;1561,53759765625;1070425,0
2024-01-11;1588,7586669921875;2469,386962890625;2180,699951171875;884,1859741210938;1004,5975341796875;879,7147216796875;791,8930053710938;1007,246826171875;1519,199951171875;15097,224609375;1541,00634765625;3105,2626953125;231,9590606689453;39,516456604003906;1044,75;895,0;926,6358032226562;2516,509033203125;97,60587310791016;736,6419677734375;1878,449951171875;1520,2015380859375;1043924,0
2024-01-12;1594,6160888671875;2533,10302734375;2179,699951171875;852,4533081054688;953,870361328125;882,3252563476562;794,0718994140625;993,3191528320312;1514,449951171875;14641,810546875;1513,7535400390625;3180,122314453125;231,50062561035156;38,74075698852539;1060,75;895,0;918,1952514648438;2619,246826171875;98,93643188476562;732,7950439453125;1820,5849609375;1536,21826171875;1033123,0
2024-01-15;1590,782958984375;2523,2587890625;2241,35009765625;847,16455078125;962,3248901367188;925,3551025390625;774,130126953125;990,440673828125;1512,3499755859375;14414,8505859375;1543,3480224609375;3258,3388671875;228,52090454101562;38,275333404541016;1062,6500244140625;895,0;943,1502075195312;2988,117431640625;97,22572326660156;769,8684692382812;1836,0999755859375;1531,9307861328125;1038358,0
2024-01-16;1621,189453125;2544,899169921875;2261,050048828125;884,666748046875;993,1591186523438;920,8501586914062;803,7822875976562;1030,3665771484375;1555,1500244140625;16220,5185546875;1621,270263671875;3274,404296875;232,87588500976562;39,228336334228516;1055,449951171875;895,0;997,4638671875;3242,876953125;99,6017074584961;762,6650390625;1808,68505859375;1544,1456298828125;1057770,0
2024-01-17;1767,9674072265625;2910,53857421875;2400,0;933,7080688476562;1034,9344482421875;955,1224365234375;884,2125854492188;1071,128173828125;1675,300048828125;16407,484375;1717,726318359375;3498,35986328125;241,58580017089844;40,048362731933594;1107,550048828125;895,0;1023,88671875;3132,55712890625;101,02731323242188;780,8057861328125;1910,625;1684,533447265625;1124212,0
2024-01-18;1815,9888916015625;2986,258544921875;2404,35009765625;916,880126953125;1015,0414428710938;962,7853393554688;936,0802001953125;1057,757568359375;1733,050048828125;16153,03125;1729,1854248046875;3418,896484375;243,8778533935547;38,762916564941406;1187,449951171875;895,0;998,1978149414062;3100,7119140625;101,12235260009766;783,7852172851562;1962,2449951171875;1735,29296875;1133638,0
2024-01-19;1937,0546875;3084,07568359375;2490,949951171875;918,3225708007812;1001,6136474609375;989,3107299804688;978,5216674804688;1107,3399658203125;1792,699951171875;16103,541015625;1925,8343505859375;3602,472900390625;256,255126953125;38,94021987915039;1294,449951171875;895,0;1026,8226318359375;3040,43408203125;104,02106475830078;829,193603515625;2017,52001953125;1843,2432861328125;1174875,0
2024-01-22;2069,620361328125;3302,677978515625;2552,25;944,766357421875;1005,0949096679688;1037,1405029296875;1055,7783203125;1122,9853515625;1919,3499755859375;16364,4921875;2057,016845703125;3707,353271484375;258,08880615234375;39,58294677734375;1329,699951171875;895,0;1040,76806640625;3121,183837890625;108,58297729492188;893,7986450195312;2053,18994140625;1994,470458984375;1219960,0
2024-01-23;2044,0372314453125;3244,362060546875;2476,0;963,5174560546875;1030,45849609375;1014,6992797851562;1031,573486328125;1099,3548583984375;1880,5;15847,0869140625;1967,984130859375;3642,276611328125;259,9224548339844;40,53594970703125;1290,0;895,0;1062,787109375;3171,60498046875;112,57464599609375;850,615478515625;2057,5;1964,095947265625;1206469,0
2024-01-24;2132,069091796875;3385,749755859375;2551,64990234375;1041,4066162109375;1069,2498779296875;1020,00439453125;1058,099365234375;1087,9342041015625;1869,800048828125;15941,0703125;1963,5001220703125;3689,08203125;259,46405029296875;40,9127197265625;1281,6500244140625;895,0;1080,4024658203125;3374,427001953125;118,65718078613281;845,3355102539062;2145,195068359375;2026,058837890625;1251660,0
2024-01-25;2241,765625;3561,156005859375;2560,5;1051,984130859375;1080,1910400390625;1028,5513916015625;1113,56689453125;1136,9129638671875;1880,25;15665,62109375;2046,95263671875;3784,8984375;261,2977600097656;41,178672790527344;1274,949951171875;895,0;1100,9534912109375;3523,794677734375;117,94438934326172;879,0523071289062;2218,840087890625;2123,331787109375;1284940,0
2024-01-26;2254,1689453125;3436,09130859375;2466,5;993,8076782226562;1033,9398193359375;1000,7628173828125;1070,1307373046875;1112,029052734375;1770,5;15807,5947265625;1967,834716796875;3648,319091796875;256,255126953125;40,13701629638672;1276,449951171875;895,0;1100,219482421875;3283,820556640625;113,8576889038086;826,6289672851562;2198,175048828125;2120,1767578125;1253620,0
2024-01-29;2299,693115234375;3421,221435546875;2483,199951171875;1005,3468017578125;1018,522705078125;980,5110473632812;1054,3572998046875;1105,6688232421875;1782,949951171875;15352,677734375;1977,8988037109375;3640,070556640625;252,12942504882812;39,53861618041992;1250,3499755859375;895,0;1085,9072265625;3247,42626953125;110,43624877929688;807,8093872070312;2196,0400390625;2062,37939453125;1253608,0
2024-01-30;2363,692626953125;3507,117431640625;2504,199951171875;983,2301635742188;1011,0628051757812;987,1212158203125;1068,378173828125;1128,417236328125;1846,0;15204,7060546875;2030,31201171875;3720,4453125;252,12942504882812;40,02620315551758;1252,1500244140625;895,0;1103,889404296875;3326,659423828125;110,57881164550781;815,4277954101562;2210,294921875;2099,34765625;1267134,0
2024-01-31;2370,153076171875;3552,01806640625;2450,800048828125;982,2685546875;1026,4798583984375;979,0374145507812;1069,7991943359375;1131,388427734375;1804,8499755859375;14843,7724609375;1956,3258056640625;3643,092041015625;248,92042541503906;41,15650939941406;1241,300048828125;895,0;1105,7242431640625;3375,943359375;109,58089447021484;829,7216186523438;2179,93505859375;2102,2998046875;1260563,0
2024-02-01;2417,22705078125;3691,702880859375;2552,550048828125;1011,1163940429688;1064,276611328125;1032,1722412109375;1109,493408203125;1161,193603515625;1874,9000244140625;14938,2548828125;2032,304931640625;3804,9443359375;258,5472106933594;46,608585357666016;1268,050048828125;895,0;1119,669677734375;3532,8935546875;113,14488220214844;853,97216796875;2255,889892578125;2128,71142578125;1302467,0
2024-02-02;2438,45947265625;3737,516357421875;2535,10009765625;1025,540283203125;1065,271240234375;1034,3616943359375;1175,80810546875;1183,570556640625;1854,5999755859375;14893,2626953125;2065,785400390625;3794,777587890625;270,9244384765625;48,58108139038086;1291,0;895,0;1124,4405517578125;3777,796142578125;120,89061737060547;853,2178344726562;2253,760009765625;2152,088623046875;1316204,0
2024-02-05;2319,41796875;3504,832763671875;2440,300048828125;1016,4051513671875;1036,4263916015625;971,7112426757812;1129,62451171875;1111,0076904296875;1759,199951171875;14801,779296875;1952,240234375;3580,8447265625;266,7987365722656;51,262794494628906;1214,9000244140625;895,0;1070,8607177734375;3599,23681640625;118,94231414794922;813,3157958984375;2127,820068359375;2022,904541015625;1260998,0
2024-02-06;2213,124755859375;3396,466552734375;2336,449951171875;958,2286987304688;1013,0520629882812;931,2075805664062;1076,904296875;1053,2080078125;1686,25;14351,3623046875;1934,35400390625;3454,2880859375;261,2977600097656;53,301780700683594;1152,5;895,0;1055,8143310546875;3413,095703125;117,23159790039062;772,6216430664062;2069,320068359375;1970,60791015625;1215654,0
2024-02-07;2078,966064453125;3128,7265625;2211,800048828125;913,995361328125;993,1591186523438;907,8399658203125;972,7901611328125;1010,7286987304688;1615,25;13584,5029296875;1806,858642578125;3177,868408203125;251,67105102539062;50,17681121826172;1162,9000244140625;895,0;953,7926635742188;3216,718505859375;112,09944152832031;754,1038208007812;2002,2550048828125;1809,8349609375;1152888,0
2024-02-08;1984,5594482421875;2985,677490234375;2197,64990234375;884,666748046875;968,2927856445312;856,262939453125;906,5227661132812;969,8743286132812;1567,300048828125;13390,0390625;1726,5947265625;3093,033935546875;245,25315856933594;46,87453842163086;1072,1500244140625;895,0;892,50634765625;2892,961669921875;108,39289855957031;726,6475219726562;1989,8599853515625;1742,3309326171875;1115907,0
2024-02-09;2002,56201171875;3048,479248046875;2164,35009765625;885,1475219726562;988,6831665039062;835,2953491210938;927,4592895507812;967,599365234375;1536,8499755859375;14057,916015625;1792,8585205078125;3142,71630859375;245,25315856933594;49,511924743652344;1102,3499755859375;895,0;887,7354736328125;3225,058837890625;109,20073699951172;742,1105346679688;2053,35009765625;1810,88671875;1128511,0
2024-02-14;2029,3509521484375;3020,48388671875;2071,14990234375;862,0692749023438;935,4693603515625;820,18017578125;917,6541748046875;928,6019897460938;1514,050048828125;13717,978515625;1789,121826171875;3015,53662109375;240,66900634765625;51,1076545715332;1090,449951171875;895,0;869,3862915039062;3049,53271484375;104,35370635986328;735,4727783203125;2006,1800537109375;1771,816162109375;1105580,0
2024-02-15;2022,546142578125;3023,267333984375;2012,0999755859375;858,222900390625;899,661865234375;839,632080078125;911,4964599609375;905,528564453125;1473,949951171875;14000,927734375;1798,737548828125;3016,831298828125;231,50062561035156;50,509254455566406;1110,0;950,0;899,8460083007812;2868,31982421875;104,54377746582031;742,1105346679688;1963,06005859375;1787,9945068359375;1093752,0
2024-02-16;1989,0819091796875;2928,233154296875;1915,4000244140625;845,2413940429688;889,71533203125;802,7070922851562;905,149169921875;873,5878295898438;1438,75;14005,42578125;1726,7442626953125;2904,66162109375;225,5412139892578;52,32661437988281;1049,949951171875;950,0;920,0301513671875;2799,701416015625;101,78762817382812;731,6636352539062;1892,43994140625;1733,1900634765625;1065369,0
2024-02-19;1991,106201171875;2984,51416015625;1933,699951171875;854,8572998046875;907,619140625;839,2109985351562;919,6436157226562;863,3278198242188;1460,800048828125;13931,439453125;1720,2174072265625;2886,677978515625;231,50062561035156;51,972007751464844;1086,1500244140625;1267,0;947,5540161132812;2716,67724609375;102,16778564453125;751,1243286132812;1889,1099853515625;1759,034912109375;1072261,0
2024-02-20;2006,7396240234375;3045,073486328125;1896,6500244140625;803,892822265625;880,2661743164062;799,2545776367188;925,4698486328125;879,2517700195312;1436,3499755859375;13557,0087890625;1712,9931640625;2850,375244140625;233,79269409179688;51,86119079589844;1049,4000244140625;1267,0;970,6739501953125;2497,553466796875;97,3682632446289;742,2614135742188;1881,614990234375;1740,0252685546875;1059716,0
2024-02-21;1983,7412109375;3086,52587890625;1877,300048828125;764,9482421875;821,581787109375;778,8343505859375;890,8914794921875;859,892333984375;1439,300048828125;13002,111328125;1682,103271484375;2786,833251953125;217,74810791015625;48,82487487792969;1065,550048828125;1213,5;980,5826416015625;2261,749267578125;93,61420440673828;710,6565551757812;1881,989990234375;1738,2861328125;1039512,0
2024-02-22;2098,346923828125;3291,630126953125;1909,4000244140625;772,6409912109375;818,5978393554688;781,6552124023438;898,18603515625;880,08740234375;1503,949951171875;13086,5947265625;1734,7655029296875;2989,544189453125;224,3951873779297;48,73622512817383;1069,75;1213,5;947,1869506835938;2562,001708984375;95,65755462646484;739,20654296875;2001,5250244140625;1774,2423095703125;1076030,0
2024-02-23;2130,001953125;3389,48828125;1997,5999755859375;835,6254272460938;881,2608032226562;780,6868286132812;939,86962890625;882,5015869140625;1505,0;12755,65625;1812,4884033203125;3091,4033203125;225,9995880126953;48,58108139038086;1098,449951171875;1213,5;923,7000122070312;2806,146240234375;95,8476333618164;736,6419677734375;2021,010009765625;1891,171875;1105610,0
2024-02-26;2132,715576171875;3353,60107421875;1904,8499755859375;831,779052734375;890,2127075195312;762,876953125;902,4965209960938;835,0546875;1427,25;12238,25;1700,1888427734375;2905,28515625;224,8535919189453;47,827545166015625;998,2000122070312;1213,5;928,1038208007812;2971,81591796875;94,94476318359375;700,0210571289062;1963,1400146484375;1850,9278564453125;1080444,0
2024-02-27;2040,462646484375;3289,26220703125;1833,949951171875;764,4674682617188;820,587158203125;738,6673583984375;867,9181518554688;811,888427734375;1397,5;11484,888671875;1608,6651611328125;2740,028076171875;220,95703125;45,4339485168457;928,7999877929688;1213,5;879,2948608398438;2650,712646484375;94,04187774658203;667,8128051757812;1899,5450439453125;1791,9173583984375;1034335,0
2024-02-28;1997,3509521484375;3306,20947265625;1771,5999755859375;716,8685302734375;747,9776000976562;702,96337890625;826,6608276367188;787,282958984375;1350,199951171875;11180,9453125;1528,5008544921875;2673,560546875;212,47630310058594;43,949039459228516;906,7000122070312;1213,5;815,4395751953125;2436,517578125;91,28573608398438;627,8352661132812;1825,8399658203125;1782,0484619140625;998835,0
2024-02-29;2031,5042724609375;3522,44482421875;1769,199951171875;726,4844970703125;772,3465576171875;694,921630859375;893,7808837890625;789,604248046875;1422,699951171875;11193,9423828125;1558,892578125;2666,319091796875;221,4154510498047;44,879878997802734;907,5499877929688;1213,5;801,1271362304688;2512,3388671875;91,76093292236328;618,4819946289062;1831,050048828125;1805,4263916015625;1014712,0
2024-03-01;2050,32568359375;3497,85546875;1862,9000244140625;781,2953491210938;837,9935302734375;716,39453125;889,707275390625;812,2598266601562;1497,050048828125;11332,4169921875;1581,611572265625;2782,133544921875;234,25111389160156;46,9410285949707;952,1500244140625;1213,5;831,5869140625;2597,258544921875;98,84139251708984;634,5485229492188;1934,635009765625;1860,5543212890625;1054959,0
2024-03-04;2021,340087890625;3508,114501953125;1785,1500244140625;757,2554931640625;801,688720703125;696,6478271484375;881,2284545898438;797,6358032226562;1517,300048828125;11503,884765625;1560,0384521484375;2764,485595703125;242,5026092529297;46,54209518432617;917,8499755859375;1213,5;805,531005859375;2699,996337890625;103,49834442138672;624,74267578125;1986,9749755859375;1876,368408203125;1047614,0
2024-03-05;1918,234130859375;3307,16455078125;1708,550048828125;701,0022583007812;755,934814453125;681,8273315429688;834,4765014648438;771,6375122070312;1420,3499755859375;10892,998046875;1463,0343017578125;2569,255615234375;232,41748046875;43,61659240722656;882,2000122070312;1213,5;739,1067504882812;2461,538330078125;96,370361328125;615,5025634765625;1900,9000244140625;1803,4444580078125;992684,0
2024-03-06;1998,8583984375;3416,52783203125;1715,5999755859375;688,9822998046875;736,5391235351562;690,7532958984375;879,712646484375;756,0850219726562;1386,25;10954,986328125;1423,624755859375;2485,907958984375;227,8332977294922;43,5279426574707;832,75;1213,5;698,7384643554688;2337,94970703125;98,84139251708984;600,6053466796875;1897,875;1933,84228515625;999642,0
2024-03-07;2002,476318359375;3412,665771484375;1622,300048828125;719,7532958984375;751,9561767578125;684,7745971679688;916,8016357421875;741,0431518554688;1355,4000244140625;10696,5341796875;1333,49609375;2411,719482421875;222,7906951904297;41,84355926513672;807,0999755859375;1213,5;669,3796997070312;2277,671875;102,5479507446289;596,0040893554688;1869,8199462890625;2018,859619140625;994808,0
2024-03-08;2015,7840576171875;3469,278564453125;1668,5;704,3677978515625;744,496337890625;706,2053833007812;926,180419921875;764,7201538085938;1415,4000244140625;12063,7822265625;1441,261962890625;2455,599365234375;217,28970336914062;41,688419342041016;839,75;1213,5;669,3796997070312;2300,0390625;99,41162872314453;613,9185791015625;1849,9300537109375;2063,26953125;1002336,0
2024-03-11;1913,7545166015625;3295,61767578125;1604,1500244140625;685,1359252929688;712,66748046875;676,8170166015625;851,2920532226562;732,4080200195312;1357,75;11140,453125;1329,06201171875;2362,85205078125;211,10105895996094;40,3143196105957;801,2999877929688;1213,5;658,3702392578125;2195,026611328125;95,61003875732422;589,4417724609375;1772,7550048828125;1927,9375;957778,0
2024-03-12;2099,29443359375;3554,136474609375;1700,0;707,2526245117188;766,8759765625;727,2993774414062;911,7332763671875;787,5615234375;1435,75;11448,3955078125;1452,422119140625;2573,715576171875;223,93673706054688;43,284149169921875;881,0999755859375;1213,5;725,161376953125;2471,7744140625;102,50041961669922;621,57470703125;1883,85498046875;2086,93017578125;1026837,0
2024-03-13;2198,395263671875;3691,869384765625;1665,1500244140625;721,1957397460938;796,7154541015625;718,7523193359375;1032,9471435546875;768,4806518554688;1448,1500244140625;11723,8447265625;1460,742431640625;2493,197021484375;225,5412139892578;44,65824890136719;819,25;1213,5;770,3004760742188;2727,292236328125;112,62216186523438;643,48681640625;1895,6199951171875;2213,68798828125;1050711,0
2024-03-14;2135,9453125;3652,617919921875;1663,4000244140625;717,8301391601562;791,2449340820312;705,15283203125;988,4689331054688;762,9559936523438;1457,3499755859375;11452,8955078125;1490,885009765625;2493,772705078125;220,26939392089844;42,996028900146484;793,0499877929688;1213,5;746,8134155273438;2456,9892578125;110,38872528076172;651,1428833007812;1907,18505859375;2153,26171875;1039095,0
2024-03-15;2209,24853515625;3894,563232421875;1711,3499755859375;709,17578125;785,2770385742188;715,0050659179688;1086,3779296875;790,254150390625;1483,1500244140625;11961,8017578125;1641,3984375;2626,851318359375;218,66494750976562;43,86038589477539;814,4500122070312;1213,5;781,3099975585938;2532,810546875;112,90728759765625;647,974853515625;1930,02001953125;2261,332763671875;1068974,0
2024-03-18;2299,08984375;4048,702880859375;1839,050048828125;712,5413818359375;785,2770385742188;755,3825073242188;1107,5040283203125;888,3047485351562;1536,25;12289,7421875;1664,61572265625;2806,782958984375;220,95703125;44,613922119140625;915,4500122070312;1213,5;836,7246704101562;2553,661376953125;122,36373901367188;692,2518310546875;2078,669921875;2339,2724609375;1124137,0
2024-03-19;2258,131591796875;4095,721923828125;1817,199951171875;772,6409912109375;849,4320068359375;744,8566284179688;1136,0665283203125;879,9017333984375;1519,550048828125;13847,955078125;1655,4483642578125;2821,36181640625;223,4783477783203;45,69990539550781;923,5;1213,5;846,6332397460938;2508,16845703125;117,51671600341797;687,3866577148438;2051,764892578125;2300,60595703125;1129937,0
2024-03-20;2394,960205078125;4383,27490234375;1921,9000244140625;788,50732421875;891,7047119140625;780,01318359375;1176,7081298828125;942,2047119140625;1580,0;13882,4482421875;1750,1607666015625;3003,02001953125;230,12538146972656;46,74156188964844;1008,3499755859375;1213,5;864,2484741210938;2652,608154296875;123,36165618896484;726,9115600585938;2123,389892578125;2424,128173828125;1185177,0
2024-03-21;2449,22705078125;4621,4814453125;1921,5;840,4334106445312;935,4693603515625;815,0435180664062;1237,196533203125;983,9876098632812;1595,6500244140625;13969,4326171875;1737,3564453125;3060,279541015625;233,3343048095703;48,403778076171875;986,6500244140625;1213,0;874,1570434570312;2693,172607421875;128,0186004638672;767,07763671875;2222,85009765625;2457,576904296875;1225494,0
2024-03-22;2455,7734375;4718,67626953125;1921,5999755859375;826,9710693359375;919,0575561523438;819,2959594726562;1238,0491943359375;982,6412963867188;1580,8499755859375;14208,888671875;1721,1641845703125;3131,206787109375;232,87588500976562;47,716732025146484;1012,0499877929688;1213,0;880,3958129882812;2609,0107421875;130,96484375;755,4992065429688;2217,43505859375;2498,872314453125;1227404,0
2024-03-25;2440,1826171875;4688,02294921875;1863,6500244140625;844,7605590820312;909,1110229492188;804,1807250976562;1233,54931640625;934,45166015625;1522,0;13760,970703125;1665,363037109375;3047,37939453125;235,16795349121094;46,38695526123047;981,5499877929688;1213,0;914,1583251953125;2422,86962890625;129,39666748046875;757,7998657226562;2199,675048828125;2467,97119140625;1212897,0
2024-03-26;2432,21484375;4636,60107421875;1874,5999755859375;875,5316162109375;923,0361938476562;796,4757080078125;1179,076416015625;936,77294921875;1536,3499755859375;13289,55859375;1679,163818359375;3115,429443359375;232,41748046875;46,9410285949707;980,0999755859375;1213,0;950,1229248046875;2386,09619140625;126,0702896118164;765,98388671875;2176,905029296875;2461,782958984375;1214656,0
2024-03-27;2437,468994140625;4628,21044921875;1887,3499755859375;860,6268920898438;883,2501831054688;781,8236694335938;1205,6971435546875;942,4368286132812;1484,6500244140625;13412,5361328125;1660,031982421875;3145,30615234375;232,41748046875;46,80805206298828;977,4000244140625;1213,0;964,0682373046875;2453,5771484375;129,0165252685547;770,2080078125;2184,300048828125;2482,288818359375;1213485,0
2024-04-03;2413,9970703125;4487,65283203125;1887,9000244140625;818,3167114257812;845,9507446289062;814,4961547851562;1181,7291259765625;973,7275390625;1434,550048828125;13173,5791015625;1700,6871337890625;3477,0673828125;233,79269409179688;44,92420196533203;1008,4500122070312;1213,0;968,1051635742188;2412,6337890625;134,4337921142578;747,6168823242188;2223,2099609375;2525,970947265625;1212639,0
2024-04-04;2354,3037109375;4364,87353515625;1843,949951171875;775,5258178710938;812,6298828125;821,3590087890625;1154,7767333984375;963,9318237304688;1373,0;12960,619140625;1696,40234375;3356,985107421875;232,87588500976562;47,11833190917969;967,5999755859375;1213,0;992,3260498046875;2382,684326171875;133,57843017578125;735,9254150390625;2151,280029296875;2461,21728515625;1183127,0
2024-04-05;2474,20703125;4452,22216796875;1959,3499755859375;743,3123779296875;796,7154541015625;841,400390625;1198,5919189453125;1024,4705810546875;1402,0;13171,0791015625;1658,4376220703125;3578,926513671875;229,66696166992188;47,14049530029297;1009,0499877929688;1161,0;1040,76806640625;2359,558837890625;131,96278381347656;774,8092041015625;2210,719970703125;2577,378173828125;1214371,0
2024-04-08;2487,21337890625;4453,6767578125;1921,800048828125;773,121826171875;831,5283203125;848,7685546875;1207,212890625;1034,312744140625;1580,199951171875;12930,1240234375;1671,541015625;3492,125732421875;229,20855712890625;47,76105499267578;1009,0499877929688;1206,0;1081,8702392578125;2316,7197265625;133,76852416992188;805,65966796875;2259,31005859375;2571,917724609375;1229638,0
2024-04-09;2571,97216796875;4487,9033203125;1942,800048828125;813,9895629882812;886,7314453125;858,7891845703125;1200,155029296875;1048,843994140625;1590,8499755859375;12731,16015625;1678,9644775390625;3357,65625;229,20855712890625;50,7530517578125;994,1500244140625;1299,5;1066,0899658203125;2309,89599609375;142,08450317382812;812,7500610351562;2269,969970703125;2578,631591796875;1253210,0
2024-04-10;2605,565673828125;4373,47265625;1906,9000244140625;800,0464477539062;856,3945922851562;846,3685913085938;1165,6240234375;1023,2171020507812;1555,1500244140625;12973,115234375;1651,811279296875;3283,612060546875;231,04222106933594;49,26813507080078;978,3499755859375;1299,5;1047,74072265625;2275,397216796875;137,42755126953125;784,6149291992188;2249,179931640625;2500,1259765625;1233950,0
2024-04-11;2686,664794921875;4502,77294921875;1938,8499755859375;826,4902954101562;867,3357543945312;851,3368530273438;1197,5498046875;1042,6693115234375;1578,9000244140625;14046,91796875;1634,9215087890625;3346,578369140625;237,46006774902344;51,77254104614258;978,3499755859375;1299,5;1007,7394409179688;2561,24365234375;139,99363708496094;782,5029296875;2271,89501953125;2553,757080078125;1259303,0
2024-04-12;2667,9296875;4482,71142578125;1904,4000244140625;826,0094604492188;858,8812255859375;826,8745727539062;1165,6712646484375;996,7545776367188;1567,0;13997,927734375;1568,109619140625;3353,00439453125;250,75416564941406;50,90818786621094;923,5999755859375;1299,5;963,7013549804688;2623,796142578125;148,0244903564453;754,3677978515625;2219,31005859375;2483,94775390625;1244524,0
2024-04-15;2559,999267578125;4202,5517578125;1820,25;818,7975463867188;883,7474365234375;804,0543212890625;1089,598876953125;940,022705078125;1478,25;13161,5810546875;1494,6715087890625;3198,873291015625;242,96102905273438;48,73622512817383;875,2999877929688;1299,5;879,2948608398438;2427,418701171875;133,8219757080078;764,0227661132812;2172,4150390625;2363,9853515625;1197524,0
2024-04-16;2574,38427734375;4313,3271484375;1812,9000244140625;827,451904296875;903,1431274414062;789,8654174804688;1091,77783203125;933,8016967773438;1509,25;13242,0673828125;1538,0169677734375;3234,5048828125;240,2105255126953;47,605918884277344;894,9000244140625;1299,5;868,6522827148438;2405,809814453125;134,25210571289062;748,7860717773438;2171,72509765625;2362,205322265625;1203238,0
2024-04-17;2544,839111328125;4249,4453125;1790,199951171875;775,5258178710938;844,458740234375;777,06591796875;1075,72021484375;903,160888671875;1450,75;13759,470703125;1493,3760986328125;3184,63037109375;237,46006774902344;45,56692886352539;863,0999755859375;1299,5;836,357666015625;2418,3203125;136,64178466796875;746,4100341796875;2100,885009765625;2299,14990234375;1172353,0
2024-04-18;2583,256591796875;4309,54833984375;1789,5999755859375;776,006591796875;843,96142578125;783,88671875;1070,55712890625;885,33349609375;1467,949951171875;13771,4697265625;1483,8101806640625;3170,72314453125;238,37686157226562;45,4339485168457;867,0;1299,5;843,3303833007812;2366,761962890625;137,2631072998047;754,2923583984375;2076,6298828125;2313,3466796875;1172830,0
2024-04-19;2612,327880859375;4405,82763671875;1835,0;775,0449829101562;854,902587890625;825,8220825195312;1108,9249267578125;898,6575927734375;1466,300048828125;13771,4697265625;1516,7926025390625;3258,147216796875;241,58580017089844;47,36212158203125;870,0999755859375;1299,5;846,2662963867188;2416,4248046875;137,2631072998047;775,7897338867188;2046,8050537109375;2457,657958984375;1189210,0
2024-04-22;2821,641357421875;4675,27099609375;1961,25;795,2384643554688;881,7581787109375;858,4945068359375;1242,075439453125;1006,9217529296875;1531,25;14009,9248046875;1630,5870361328125;3447,76611328125;248,4620361328125;49,26813507080078;924,9500122070312;1299,5;902,7817993164062;2422,490478515625;139,79617309570312;812,6368408203125;2224,47509765625;2691,71826171875;1268376,0
2024-04-23;2765,781494140625;4545,05615234375;1912,5;785,1417236328125;845,9507446289062;842,4108276367188;1222,2757568359375;998,4722900390625;1492,4000244140625;13882,4482421875;1623,4124755859375;3344,32470703125;246,1699981689453;47,605918884277344;880,9000244140625;1299,5;880,3958129882812;2339,84521484375;139,7005615234375;789,517822265625;2207,25;2686,13720703125;1245751,0
2024-04-24;2649,453369140625;4295,38427734375;1839,5;783,2185668945312;818,5978393554688;814,1171875;1142,8875732421875;968,5278930664062;1494,25;13846,955078125;1595,4622802734375;3204,963623046875;237,00161743164062;46,098838806152344;876,75;1299,5;859,8447265625;2256,062744140625;132,57933044433594;751,4638061523438;2145,614990234375;2530,986328125;1202669,0
2024-04-25;2750,965576171875;4405,994140625;1900,9000244140625;826,4902954101562;852,9132690429688;846,1580810546875;1221,287841796875;992,8549194335938;1569,0;14026,921875;1633,177734375;3367,055908203125;242,5026092529297;48,20431137084961;887,7999877929688;1299,5;901,6808471679688;2284,49560546875;134,9212188720703;774,5828247070312;2199,81494140625;2616,12548828125;1245144,0
2024-04-26;2853,296630859375;4611,6376953125;1913,3499755859375;830,336669921875;860,8704833984375;840,7688598632812;1289,3284912109375;1017,6460571289062;1570,949951171875;14648,306640625;1723,206787109375;3479,177490234375;245,25315856933594;48,47026824951172;904,4000244140625;1299,5;938,37939453125;2273,501708984375;140,36968994140625;769,0387573242188;2295,6650390625;2720,596923828125;1279459,0
2024-04-29;2934,3095703125;4808,72607421875;1962,199951171875;831,2982788085938;879,7688598632812;862,8311767578125;1361,0068359375;1032,4556884765625;1599,9000244140625;14339,8642578125;1715,3846435546875;3644,003173828125;242,5026092529297;49,02433776855469;925,2000122070312;1299,5;972,1419067382812;2200,334228515625;143,09390258789062;783,9738159179688;2342,090087890625;2774,5927734375;1308069,0
2024-04-30;3060,930908203125;4931,87890625;1947,0999755859375;810,1431884765625;839,4854736328125;878,283203125;1365,628173828125;1062,02880859375;1568,949951171875;13997,427734375;1676,921875;3704,33203125;237,46006774902344;48,91352462768555;942,2000122070312;1299,5;998,5648193359375;2202,229736328125;143,4762725830078;794,5715942382812;2406,844970703125;2838,3349609375;1323586,0
2024-05-02;3071,396728515625;5216,2744140625;2091,25;834,663818359375;858,3838500976562;893,0617065429688;1448,4173583984375;1081,016845703125;1634,6500244140625;14642,310546875;1763,064697265625;3991,2060546875;234,7095489501953;50,30978775024414;975,0;1299,5;1033,4283447265625;2227,629638671875;146,5828399658203;809,0540161132812;2512,02490234375;2920,52099609375;1369674,0
2024-05-03;3315,380615234375;5633,58544921875;2182,800048828125;910,6297607421875;898,1698608398438;920,4710693359375;1526,19189453125;1135,8917236328125;1674,5999755859375;14861,76953125;1893,4498291015625;4113,78271484375;243,41949462890625;51,19630813598633;1039,75;1299,5;1080,035400390625;2423,248779296875;155,9981689453125;874,3002319335938;2609,320068359375;3182,166259765625;1452002,0
2024-05-06;3513,323974609375;5923,54638671875;2207,5;885,6283569335938;899,661865234375;967,6272583007812;1654,1121826171875;1152,3726806640625;1701,949951171875;15248,6982421875;1952,0908203125;4189,45751953125;255,79676818847656;51,28495788574219;1130,050048828125;1299,5;1076,7325439453125;2645,405029296875;160,34739685058594;1006,1506958007812;2658,56494140625;3438,27001953125;1495827,0
2024-05-07;3360,98974609375;5805,1279296875;2184,199951171875;864,4732666015625;865,346435546875;949,9437255859375;1567,094970703125;1113,8861083984375;1659,300048828125;15494,15234375;2035,045166015625;4096,75830078125;278,25921630859375;50,886024475097656;1105,8499755859375;1299,5;1112,3299560546875;2673,838134765625;161,44664001464844;944,0303955078125;2646,364990234375;3242,1884765625;1463624,0
2024-05-08;3346,068603515625;5757,56884765625;2135,550048828125;853,895751953125;853,907958984375;927,5867309570312;1552,8380126953125;1090,5804443359375;1627,699951171875;15607,6318359375;2064,8388671875;4007,703125;276,88397216796875;52,32661437988281;1074,8499755859375;1299,5;1058,0162353515625;2649,575439453125;158,43565368652344;973,1489868164062;2639,360107421875;3296,5966796875;1450499,0
2024-05-09;3288,1787109375;5705,27587890625;2119,0;838,5101928710938;837,4962158203125;908,0927124023438;1548,413330078125;1078,788330078125;1636,0999755859375;15320,6845703125;2011,5787353515625;3951,73828125;275,05029296875;53,700714111328125;1090,8499755859375;1299,5;1051,0435791015625;2522,195556640625;154,89892578125;971,428955078125;2641,260009765625;3228,6748046875;1434922,0
2024-05-10;3253,679931640625;5630,63525390625;2036,5;878,8971557617188;913,5870361328125;938,1295776367188;1519,604248046875;1035,70556640625;1674,050048828125;15478,6552734375;2034,6962890625;3848,296630859375;297,0542297363281;53,16880416870117;1088,699951171875;1299,5;1015,8131713867188;2506,652099609375;162,4980926513672;963,5494995117188;2464,989990234375;3202,840576171875;1407511,0
2024-05-13;3228,067138671875;5466,984375;1975,199951171875;849,0877685546875;877,2822875976562;900,0955200195312;1498,4644775390625;1002,5578002929688;1573,8499755859375;15352,177734375;1934,10498046875;3788,351318359375;297,0542297363281;57,44624328613281;1025,949951171875;1299,5;1005,1705322265625;2572,23779296875;153,41732788085938;926,7913818359375;2459,094970703125;3133,46484375;1376939,0
2024-05-14;3319,236572265625;5697,7158203125;2057,39990234375;844,27978515625;864,84912109375;926,1583862304688;1593,0526123046875;1015,6962280273438;1567,5;15334,681640625;2036,589599609375;3955,670654296875;291,55328369140625;59,972816467285156;1044,8499755859375;1299,5;1047,74072265625;2733,73681640625;152,46145629882812;944,3904418945312;2507,135009765625;3312,465087890625;1409885,0
2024-05-15;3465,85595703125;6075,8994140625;2140,75;868,3196411132812;897,672607421875;952,839599609375;1664,1412353515625;1122,7532958984375;1666,5;16079,044921875;2066,08447265625;4119,5849609375;292,9284973144531;59,81767654418945;1075,4000244140625;1299,5;1064,989013671875;2883,10498046875;158,43565368652344;988,1481323242188;2628,074951171875;3587,87353515625;1477796,0
2024-05-16;3482,71337890625;5963,67041015625;2135,949951171875;893,8018798828125;916,0736694335938;958,2730712890625;1660,40478515625;1116,253662109375;1680,0999755859375;16524,962890625;2008,7388916015625;4108,21923828125;285,5938720703125;59,86199951171875;1072,9000244140625;1299,5;1120,4036865234375;2917,603759765625;159,6304931640625;997,987548828125;2610,094970703125;3623,54443359375;1481343,0
2024-05-17;3480,3740234375;6176,99853515625;2122,199951171875;892,8402709960938;931,988037109375;925,0098266601562;1613,3565673828125;1073,5887451171875;1660,5999755859375;16271,509765625;1978,895263671875;4016,383056640625;289,2611389160156;59,37441635131836;1044,3499755859375;1299,5;1120,03662109375;2902,439208984375;157,0018310546875;999,5875244140625;2592,2548828125;3533,467529296875;1473463,0
2024-05-20;3648,088623046875;6503,2041015625;2232,10009765625;928,9000854492188;963,81689453125;959,9957885742188;1700,6195068359375;1088,584228515625;1705,8499755859375;16432,978515625;2061,75;4263,1181640625;291,09478759765625;60,37174987792969;1094,25;1299,5;1151,2303466796875;2913,8125;157,0018310546875;1026,8260498046875;2713,1298828125;3817,472412109375;1535512,0
2024-05-21;3750,573486328125;6704,0546875;2271,75;964,9598388671875;1022,0039672851562;978,41650390625;1758,5819091796875;1135,6595458984375;1736,5;16457,474609375;2183,864501953125;4433,5546875;287,4274597167969;61,568546295166016;1084,8499755859375;1470,0;1169,57958984375;2951,72314453125;157,24081420898438;1042,265380859375;2821,844970703125;3889,927001953125;1581107,0
2024-05-22;3663,16943359375;6549,21435546875;2272,949951171875;986,5957641601562;1045,3782958984375;1025,8597412109375;1684,39599609375;1123,217529296875;1754,75;16269,509765625;2151,57958984375;4366,60791015625;285,1354064941406;61,50205612182617;1050,0;1470,0;1131,4132080078125;2837,233154296875;157,9577178955078;1015,8267211914062;2740,820068359375;3762,168212890625;1562849,0
2024-05-23;3479,88330078125;5972,33984375;2233,64990234375;980,3453979492188;1021,0093383789062;976,6494750976562;1598,75537109375;1100,1905517578125;1734,949951171875;16665,439453125;2053,329833984375;4305,3193359375;282,38494873046875;62,32208251953125;1014,2999877929688;1470,0;1150,4964599609375;2712,507080078125;154,1342315673828;1021,226318359375;2700,7451171875;3488,043212890625;1513777,0
2024-05-24;3620,0693359375;6213,3505859375;2235,800048828125;955,82470703125;996,1430053710938;968,079833984375;1594,0849609375;1114,1181640625;1714,9000244140625;16530,9609375;1976,9521484375;4269,736328125;276,88397216796875;66,06761169433594;996,4500122070312;1470,0;1175,0843505859375;2784,158203125;153,6562957763672;1020,62646484375;2648,695068359375;3542,363525390625;1520809,0
2024-05-27;3673,51953125;6539,4111328125;2319,35009765625;985,6341552734375;1023,4959106445312;999,3993530273438;1645,5087890625;1136,123779296875;1758,4000244140625;16627,443359375;2099,365966796875;4536,61279296875;292,4701232910156;70,61100769042969;1033,25;1559,5;1224,9942626953125;2858,842041015625;157,4797821044922;1076,66357421875;2736,47998046875;3638,771484375;1520809,0
2024-05-28;3654,37939453125;6299,04638671875;2366,89990234375;993,326904296875;1025,4853515625;1007,6157836914062;1610,9476318359375;1148,1944580078125;1758,199951171875;16359,9931640625;2047,301513671875;4554,11669921875;289,7196044921875;72,27322387695312;1077,300048828125;1523,5;1208,113037109375;2744,351806640625;156,52389526367188;1084,983154296875;2758,485107421875;3526,0673828125;1575417,0
2024-05-29;3709,8837890625;6470,6123046875;2361,60009765625;963,5174560546875;993,1591186523438;986,9863891601562;1627,7611083984375;1135,2880859375;1761,300048828125;17116,353515625;2064,191162109375;4404,4931640625;290,6364440917969;71,94078063964844;1109,25;1533,5;1231,5999755859375;2794,39404296875;154,8511199951172;1075,823486328125;2729,469970703125;3576,153564453125;1567731,0
2024-05-30;3853,19140625;6906,23486328125;2445,0;970,2486572265625;1006,0895385742188;1023,5184936523438;1802,9261474609375;1175,817626953125;1825,1500244140625;17738,23828125;2161,344970703125;4760,6162109375;299,3464050292969;73,47002410888672;1139,25;1581,5;1269,3994140625;2914,57080078125;163,6929473876953;1127,540771484375;2927,324951171875;3960,886474609375;1643011,0
2024-05-31;3903,429931640625;7161,4765625;2468,699951171875;981,3069458007812;1006,0895385742188;1034,871337890625;1786,2601318359375;1154,740478515625;1866,949951171875;17887,71484375;2163,8359375;4698,369140625;301,628173828125;71,87429809570312;1112,25;1606,5;1222,7923583984375;2914,191650390625;162,9760284423828;1130,74072265625;2899,97998046875;4033,5986328125;1651417,0
2024-06-03;3965,046630859375;7288,96826171875;2466,39990234375;988,0381469726562;1018,0253295898438;1036,1524658203125;1787,2926025390625;1135,5667724609375;1889,3499755859375;18727,05859375;2142,362548828125;4704,939453125;297,88702392578125;71,63050079345703;1110,9000244140625;1607,0;1252,8851318359375;2881,20947265625;161,78118896484375;1113,70166015625;2876,18994140625;4166,61865234375;1659248,0
2024-06-04;3844,00048828125;6927,77685546875;2332,300048828125;945,7279663085938;968,7901611328125;985,74951171875;1665,665283203125;1096,987060546875;1828,0;18366,125;2053,4794921875;4477,67431640625;289,9371032714844;68,50553131103516;1069,199951171875;1587,0;1196,7364501953125;2734,874267578125;159,15255737304688;1055,384521484375;2673,925048828125;3879,235595703125;1581164,0
2024-06-05;3809,2451171875;6774,1845703125;2323,949951171875;934,6696166992188;963,81689453125;962,8671264648438;1659,8641357421875;1077,95263671875;1855,949951171875;18186,65625;2018,4044189453125;4449,7158203125;289,0018005371094;67,15359497070312;1071,300048828125;1608,5;1176,9193115234375;2720,84716796875;156,7628631591797;1032,6658935546875;2717,030029296875;3899,466064453125;1570750,0
2024-06-06;3612,306396484375;6452,63916015625;2276,5;888,5131225585938;915,5762939453125;930,7525024414062;1583,36767578125;1049,4940185546875;1837,5;17706,744140625;1938,6885986328125;4284,5068359375;285,2606506347656;64,22808837890625;1026,9000244140625;1530,5;1123,70654296875;2602,9453125;150,3107452392578;996,5877075195312;2619,114990234375;3694,534912109375;1503728,0
2024-06-07;3645,94677734375;6306,3134765625;2287,85009765625;912,552978515625;938,9506225585938;932,0335083007812;1622,4024658203125;1067,6927490234375;1846,199951171875;17745,236328125;1893,2506103515625;4281,0537109375;285,2606506347656;66,5551986694336;1069,050048828125;1562,0;1162,973876953125;2657,53662109375;151,7445526123047;990,8280029296875;2630,7900390625;3707,800048828125;1519209,0
2024-06-10;3829,634765625;6684,4453125;2408,85009765625;914,4761352539062;942,92919921875;944,7557373046875;1670,138916015625;1118,6678466796875;1887,050048828125;18074,677734375;1925,78466796875;4542,84716796875;289,0018005371094;68,86013793945312;1100,0;1627,5;1200,039306640625;2768,61474609375;153,6562957763672;1022,3063354492188;2736,030029296875;3871,087646484375;1576628,0
2024-06-11;3751,01904296875;6475,9013671875;2350,800048828125;899,5714721679688;917,5656127929688;939,23388671875;1618,5185546875;1097,3121337890625;1843,3499755859375;18390,123046875;1867,99072265625;4466,50048828125;284,7929992675781;70,63317108154297;1073,9000244140625;1622,0;1208,846923828125;2783,39990234375;153,17835998535156;988,34814453125;2663,360107421875;3825,42724609375;1544869,0
2024-06-12;3903,742919921875;6667,4609375;2353,10009765625;890,436279296875;920,05224609375;954,0323486328125;1692,8519287109375;1092,1124267578125;1836,0999755859375;18755,052734375;1861,912353515625;4430,62939453125;289,0018005371094;72,82730102539062;1093,4000244140625;1595,0;1189,02978515625;2817,51953125;156,28494262695312;994,1878051757812;2699,5;3923,156494140625;1568096,0
2024-06-13;3969,954345703125;6943,72900390625;2417,75;884,666748046875;906,1271362304688;963,5740356445312;1823,5743408203125;1146,9874267578125;1834,550048828125;19443,927734375;1891,1580810546875;4668,82763671875;294,6134948730469;74,3343734741211;1117,949951171875;1609,0;1250,316162109375;2856,5673828125;164,40985107421875;1028,986083984375;2712,35009765625;4115,63671875;1605208,0
2024-06-14;3867,424072265625;6961,359375;2411,550048828125;871,6852416992188;885,2394409179688;941,7518920898438;1800,762939453125;1127,5350341796875;1828,050048828125;19851,353515625;1896,0406494140625;4640,7255859375;297,88702392578125;73,40353393554688;1094,300048828125;1634,5;1232,700927734375;2819,7939453125;161,78118896484375;1008,787109375;2658,18505859375;3986,955322265625;1582372,0
2024-06-18;3846,633056640625;6927,56201171875;2318,5;831,779052734375;847,4426879882812;922,1827392578125;1759,4176025390625;1129,577880859375;1812,199951171875;19968,330078125;1866,9443359375;4473,74169921875;299,2898864746094;72,69432067871094;1062,050048828125;1567,5;1207,3790283203125;2759,895263671875;156,28494262695312;997,107666015625;2667,534912109375;3944,678955078125;1557430,0
2024-06-19;3878,57861328125;6936,46337890625;2371,050048828125;840,9141845703125;862,8598022460938;925,230712890625;1781,54052734375;1124,7960205078125;1820,25;20100,306640625;1887,6705322265625;4634,58740234375;304,901611328125;74,7554702758789;1078,800048828125;1643,0;1269,3994140625;2707,95751953125;155,56802368164062;1012,3869018554688;2741,614990234375;3884,48876953125;1576462,0
2024-06-24;3853,77197265625;6759,1787109375;2330,699951171875;840,9141845703125;877,2822875976562;916,0866088867188;1738,8677978515625;1094,0623779296875;1824,550048828125;19616,896484375;1851,5989990234375;4677,8916015625;297,41937255859375;79,12156677246094;1067,1500244140625;1625,0;1297,2901611328125;2622,279541015625;154,37319946289062;961,1896362304688;2728,7099609375;3685,5556640625;1554951,0
2024-06-25;3869,558837890625;6819,318359375;2335,949951171875;839,95263671875;879,2715454101562;936,450927734375;1754,7471923828125;1096,290771484375;1815,050048828125;19386,9375;1873,47119140625;4689,44921875;303,4986877441406;83,48765563964844;1086,449951171875;1645,0;1318,5753173828125;3079,102783203125;158,19668579101562;971,8290405273438;2739,699951171875;3734,330322265625;1570620,0
2024-06-26;3798,73876953125;6782,3017578125;2358,39990234375;861,5885009765625;900,1592407226562;967,0637817382812;1750,027587890625;1111,2861328125;1815,1500244140625;19515,912109375;1826,5882568359375;4660,3876953125;309,1103210449219;87,0337142944336;1094,0999755859375;1599,0;1309,400634765625;2984,326416015625;158,67462158203125;961,4695434570312;2735,364990234375;3708,1611328125;1574472,0
2024-06-27;3885,585693359375;6972,7236328125;2447,25;928,4192504882812;971,7741088867188;1001,21044921875;1822,9351806640625;1191,7879638671875;1858,050048828125;19904,841796875;2002,112548828125;4998,287109375;323,1395263671875;85,1277084350586;1123,199951171875;1649,5;1327,3829345703125;3331,208740234375;161,78118896484375;999,1074829101562;2791,35009765625;3853,039794921875;1635667,0
2024-06-28;3776,1826171875;6799,431640625;2408,75;936,5928344726562;981,7205810546875;988,2673950195312;1819,3463134765625;1151,351318359375;1853,0;19820,357421875;1953,6851806640625;4953,64013671875;320,3336486816406;84,57363891601562;1101,25;1682,0;1308,2996826171875;3346,751953125;164,17086791992188;976,5486450195312;2723,85498046875;3779,946533203125;1611295,0
2024-07-01;3608,92724609375;6428,5986328125;2424,39990234375;976,9797973632812;1009,0735473632812;979,6092529296875;1699,587158203125;1132,456298828125;1856,800048828125;19493,41796875;1933,05859375;4865,736328125;327,8159484863281;86,1028823852539;1069,949951171875;1663,0;1270,1334228515625;3241,73974609375;167,75538635253906;953,1499633789062;2739,0400390625;3584,84912109375;1594733,0
2024-07-02;3688,103515625;6662,88720703125;2463,85009765625;992,3652954101562;1062,78466796875;999,090087890625;1746,6844482421875;1157,43310546875;1878,5999755859375;19683,8828125;1986,8668212890625;4961,12109375;329,4451599121094;86,76776123046875;1079,8499755859375;1689,5;1318,9422607421875;3262,9697265625;171,81785583496094;971,428955078125;2856,18505859375;3588,954345703125;1636391,0
2024-07-03;3652,944091796875;6405,2841796875;2413,14990234375;957,26708984375;1001,6136474609375;1000,7687377929688;1723,62744140625;1170,4786376953125;1911,6500244140625;19420,9296875;1951,194091796875;4714,9140625;328,4915771484375;88,8954086303711;1079,5999755859375;1708,0;1309,400634765625;3117,392822265625;171,57888793945312;952,7100219726562;2796,580078125;3491,812255859375;1603517,0
2024-07-04;3649,52001953125;6439,76513671875;2456,949951171875;962,555908203125;999,1270141601562;1007,7041015625;1725,2989501953125;1161,3792724609375;1919,449951171875;19535,912109375;1977,251220703125;4758,0263671875;328,4915771484375;92,95121002197266;1072,800048828125;1833,5;1338,3924560546875;3159,4736328125;171,10093688964844;970,6290893554688;2803,570068359375;3540,586669921875;1612745,0
2024-07-05;3634,953857421875;6382,7275390625;2514,89990234375;1014,0011596679688;1037,91845703125;1002,756591796875;1723,9224853515625;1163,1434326171875;1900,1500244140625;19490,91796875;1925,336181640625;4827,3232421875;325,63104248046875;98,00435638427734;1085,1500244140625;1856,5;1364,4483642578125;3111,326904296875;171,81785583496094;964,349365234375;2800,580078125;3560,867919921875;1629030,0
2024-07-08;3631,301025390625;6402,7939453125;2572,64990234375;1016,8859252929688;1035,9290771484375;1008,1900024414062;1733,8040771484375;1170,6644287109375;1879,699951171875;19872,84765625;1938,838134765625;4880,5546875;327,53814697265625;98,4476089477539;1094,1500244140625;1848,0;1384,99951171875;2983,568115234375;171,81785583496094;963,0294189453125;2857,72998046875;3678,696533203125;1643221,0
2024-07-10;3744,174560546875;6691,451171875;2580,0;1057,753662109375;1049,35693359375;1024,8436279296875;1769,8399658203125;1207,0618896484375;1910,0;20021,322265625;2012,8243408203125;4997,04052734375;332,3057556152344;99,62224578857422;1180,0;1910,0;1401,8807373046875;2922,9111328125;175,1634063720703;1019,9464721679688;2932,5;3905,1572265625;1690009,0
2024-07-11;3753,306884765625;6602,4697265625;2650,0;1043,329833984375;1044,3836669921875;1046,930908203125;1779,67236328125;1230,274658203125;2010,0;21021,134765625;2062,646728515625;5083,36181640625;331,35223388671875;97,96002960205078;1225,0;1940,0;1412,890380859375;3233,778564453125;174,92442321777344;1055,944580078125;3005,0;3914,787353515625;1705676,0
2024-07-12;3753,306884765625;6620,265625;2690,0;1043,329833984375;1059,303466796875;1051,3482666015625;1779,67236328125;1230,274658203125;1975,0;21845,986328125;2057,66455078125;5169,68310546875;330,3986511230469;101,61691284179688;1210,0;2025,0;1390,8712158203125;3192,07666015625;172,5347442626953;1087,9429931640625;3047,5;3881,0810546875;1715610,0
2024-07-15;3273,86962890625;5792,7333984375;2365,0;886,5899047851562;923,0361938476562;914,4080200195312;1543,6937255859375;1063,14306640625;1725,0;19671,384765625;1768,694580078125;4483,90869140625;306,56036376953125;91,64360046386719;1065,0;1790,0;1196,3695068359375;2888,79150390625;152,46145629882812;999,9474487304688;2735,0;3409,1875;1504984,0
2024-07-16;3369,75634765625;6006,2900390625;2375,0;942,3624267578125;957,8489990234375;914,4080200195312;1587,939697265625;1067,7855224609375;1730,0;20246,279296875;1753,7479248046875;4383,20068359375;296,54833984375;98,51410675048828;1085,0;1905,0;1159,6710205078125;2960,82177734375;151,98353576660156;991,9479370117188;2667,5;3442,894775390625;1526268,0
2024-07-17;3264,73779296875;5908,4091796875;2345,0;1009,6740112304688;1029,4638671875;927,6602783203125;1553,526123046875;1039,9302978515625;1775,0;19971,330078125;1748,765625;4282,49267578125;298,9321594238281;100,06550598144531;1045,0;2035,0;1148,6614990234375;2957,030517578125;154,8511199951172;1011,9469604492188;2610,0;3375,48095703125;1524496,0
2024-07-18;3292,134033203125;5961,79833984375;2390,0;990,442138671875;1059,303466796875;905,5731201171875;1543,6937255859375;1021,360107421875;1785,0;19996,32421875;1723,8544921875;4244,12744140625;302,26947021484375;101,83853912353516;1035,0;2105,0;1174,350341796875;2953,23974609375;155,80699157714844;987,9481811523438;2640,0;3327,32861328125;1528791,0
2024-07-19;3459,719970703125;6282,5625;2460,0;990,442138671875;1044,3836669921875;940,91259765625;1592,85595703125;1039,9302978515625;1820,0;19971,330078125;1763,71240234375;4407,1787109375;304,6533203125;104,49808502197266;1090,0;2035,0;1196,3695068359375;3025,269775390625;157,4797821044922;1003,947265625;2712,5;3457,33984375;1569019,0
2024-07-22;3530,23095703125;6338,2421875;2485,0;1028,9058837890625;1059,303466796875;936,4951782226562;1592,85595703125;1090,998291015625;1850,0;20021,322265625;1758,7301025390625;4531,86474609375;309,89776611328125;108,26578521728516;1095,0;1985,0;1200,039306640625;2957,030517578125;155,80699157714844;1003,947265625;2692,5;3442,894775390625;1590407,0
2024-07-23;3708,85791015625;6458,8837890625;2570,0;1057,753662109375;1074,22314453125;949,7474365234375;1705,9290771484375;1118,853515625;1845,0;20346,26171875;1788,62353515625;4747,66796875;321,3401184082031;111,25776672363281;1130,0;1915,0;1196,3695068359375;2949,448486328125;155,80699157714844;1043,9453125;2732,5;3674,02587890625;1635674,0
2024-07-24;3605,44189453125;6217,6025390625;2510,0;1019,2899169921875;1034,4371337890625;923,2428588867188;1622,353271484375;1072,4281005859375;1775,0;19846,353515625;1733,8189697265625;4570,22998046875;322,2936706542969;104,0548324584961;1105,0;1900,0;1159,6710205078125;2953,23974609375;154,61216735839844;1011,9469604492188;2640,0;3548,82958984375;1582113,0
2024-07-25;3483,2236328125;5957,7626953125;2415,0;971,210205078125;987,6884765625;896,73828125;1587,939697265625;1039,9302978515625;1740,0;19796,361328125;1683,99658203125;4459,9306640625;321,81695556640625;105,93867492675781;1085,0;1830,0;1137,6519775390625;2866,045166015625;151,26661682128906;995,9476928710938;2625,0;3428,448486328125;1538280,0
2024-07-26;3506,727294921875;6069,12255859375;2430,0;961,5942993164062;974,758056640625;901,1557006835938;1592,85595703125;1026,002685546875;1730,0;19496,41796875;1679,014404296875;4411,974609375;327,53814697265625;109,15229797363281;1085,0;1775,0;1122,9725341796875;2896,373779296875;152,93939208984375;999,9474487304688;2637,5;3433,263916015625;1542022,0
2024-07-29;3365,705810546875;5920,64306640625;2355,0;910,6297607421875;935,9666748046875;869,3502197265625;1528,945068359375;993,5048217773438;1650,0;18846,537109375;1604,28076171875;4258,51416015625;326,58447265625;102,83586883544922;1050,0;1700,0;1097,28369140625;2767,477294921875;150,54969787597656;947,9502563476562;2497,5;3293,6220703125;1481242,0
2024-07-30;3219,984130859375;5670,08203125;2230,0;866,3964233398438;900,1592407226562;830,4768676757812;1455,2017822265625;942,4368286132812;1585,0;18021,6875;1554,4583740234375;4042,711181640625;323,7239990234375;93,08419036865234;1005,0;1615,0;1042,2359619140625;2623,4169921875;138,601318359375;919,9517211914062;2402,5;3216,57861328125;1411953,0
2024-07-31;3487,92431640625;6069,12255859375;2345,0;907,7449951171875;951,881103515625;887,9034423828125;1587,939697265625;1016,717529296875;1655,0;18496,599609375;1649,1209716796875;4354,4267578125;332,9889221191406;100,39794921875;1065,0;1685,0;1130,312255859375;2767,477294921875;146,248291015625;999,9474487304688;2577,5;3544,014404296875;1481853,0
2024-08-01;3487,92431640625;5994,8828125;2355,0;892,3594970703125;975,752685546875;873,7676391601562;1563,358642578125;1012,0750122070312;1635,0;18546,591796875;1619,2275390625;4272,9013671875;337,857177734375;99,95469665527344;1050,0;1575,0;1156,001220703125;2794,014892578125;148,1600341796875;979,9485473632812;2540,0;3548,82958984375;1500217,0
2024-08-02;3328,100341796875;5651,5224609375;2270,0;851,9725341796875;949,8917846679688;854,3309326171875;1469,950439453125;947,079345703125;1640,0;18221,650390625;1579,36962890625;4105,05419921875;333,47564697265625;93,63826751708984;1025,0;1585,0;1152,331298828125;2695,447265625;139,31822204589844;963,9494018554688;2417,5;3322,51318359375;1433350,0
2024-08-05;3313,998291015625;5623,68212890625;2265,0;818,3167114257812;908,1163940429688;838,42822265625;1445,3692626953125;970,2921142578125;1625,0;17796,73046875;1574,3873291015625;4248,92333984375;326,6601257324219;88,42997741699219;996,0;1540,0;1203,709228515625;2558,968994140625;131,43228149414062;963,9494018554688;2430,0;3351,40478515625;1420523,0
2024-08-06;3440,91748046875;5818,56298828125;2310,0;815,4319458007812;901,1538696289062;854,3309326171875;1499,44775390625;998,1473388671875;1635,0;18146,6640625;1634,1741943359375;4474,3173828125;327,14703369140625;93,970703125;993,0;1590,0;1255,0869140625;2642,372314453125;134,29991149902344;995,9476928710938;2482,5;3534,3837890625;1457571,0
2024-08-07;3483,2236328125;5549,44287109375;2340,0;811,5855712890625;875,2929077148438;839,3117065429688;1474,8665771484375;998,1473388671875;1615,0;18321,6328125;1674,0321044921875;4340,0400390625;329,09429931640625;93,08419036865234;999,0;1560,0;1291,7855224609375;2600,670654296875;131,43228149414062;975,9487915039062;2535,0;3462,155029296875;1452161,0
2024-08-08;3779,3681640625;5911,36181640625;2555,0;831,779052734375;907,1217651367188;876,4180908203125;1671,5155029296875;1039,9302978515625;1765,0;19021,50390625;1773,6768798828125;4474,3173828125;333,96258544921875;97,07351684570312;1060,0;1630,0;1284,4456787109375;2623,4169921875;135,97267150878906;987,9481811523438;2602,5;3722,17822265625;1530366,0
2024-08-09;3901,58642578125;6143,36279296875;2635,0;872,166015625;946,9078369140625;909,9906005859375;1725,593994140625;1072,4281005859375;1790,0;19146,48046875;1818,5169677734375;4824,39794921875;332,5021057128906;101,06283569335938;1105,0;1680,0;1284,4456787109375;2570,342041015625;137,406494140625;1015,9467163085938;2697,5;3847,37451171875;1583895,0
2024-08-12;3920,38916015625;6199,04345703125;2650,0;851,9725341796875;921,046875;892,3208618164062;1745,2587890625;1090,998291015625;1750,0;18846,537109375;1803,5703125;4833,9892578125;332,0152587890625;105,38460540771484;1095,0;1680,0;1240,4075927734375;2558,968994140625;137,406494140625;1019,9464721679688;2747,5;3876,265625;1588905,0
2024-08-13;3934,49072265625;6403,20263671875;2615,0;868,3196411132812;927,0148315429688;887,9034423828125;1769,8399658203125;1086,355712890625;1750,0;19521,412109375;1788,62353515625;4709,30322265625;331,52838134765625;102,28179168701172;1085,0;1660,0;1233,0679931640625;2540,013427734375;137,64544677734375;1019,9464721679688;2745,0;3895,52685546875;1591697,0
2024-08-14;4056,709716796875;6653,763671875;2605,0;856,780517578125;927,0148315429688;878,18505859375;1789,5048828125;1095,640869140625;1775,0;19521,412109375;1793,6058349609375;4603,79931640625;328,60748291015625;100,5087661743164;1080,0;1635,0;1200,039306640625;2596,87939453125;147,68209838867188;1039,9454345703125;2740,0;4025,5380859375;1607310,0
2024-08-15;4117,81884765625;6774,40234375;2675,0;873,1276245117188;928,0094604492188;918,825439453125;1838,6671142578125;1128,138671875;1790,0;19146,48046875;1838,4459228515625;4762,05517578125;329,5811462402344;102,50342559814453;1115,0;1650,0;1222,058349609375;2627,2080078125;152,70042419433594;1115,9415283203125;2785,0;4247,03857421875;1643875,0
2024-08-16;4127,220703125;6774,40234375;2700,0;876,0123901367188;928,0094604492188;909,9906005859375;1809,169677734375;1123,49609375;1800,0;19196,47265625;1848,410400390625;4814,806640625;332,9889221191406;106,1603012084961;1115,0;1660,0;1218,3885498046875;2608,252685546875;153,17835998535156;1103,9420166015625;2805,0;4169,9951171875;1649329,0
2024-08-19;4169,52685546875;6876,48291015625;2710,0;864,4732666015625;915,0789794921875;918,825439453125;1853,415771484375;1118,853515625;1815,0;19046,498046875;1987,9130859375;4790,82861328125;332,9889221191406;106,38192749023438;1170,0;1640,0;1189,02978515625;2524,849365234375;152,70042419433594;1103,9420166015625;2810,0;4280,7451171875;1657075,0
2024-08-20;4230,63671875;6913,6025390625;2720,0;852,9341430664062;909,1110229492188;905,5731201171875;1868,1644287109375;1104,9259033203125;1835,0;19071,494140625;1948,05517578125;4771,64599609375;333,47564697265625;108,70903778076172;1230,0;1650,0;1196,3695068359375;2414,908447265625;153,17835998535156;1083,9432373046875;2805,0;4280,7451171875;1659275,0
2024-08-21;4122,51904296875;6728,0029296875;2660,0;835,6254272460938;881,2608032226562;887,9034423828125;1814,0859375;1095,640869140625;1795,0;19396,435546875;1888,268310546875;4685,3251953125;328,60748291015625;107,93333435058594;1175,0;1635,0;1181,6900634765625;2392,162109375;148,1600341796875;1047,945068359375;2735,0;4160,36572265625;1621076,0
2024-08-22;4019,104248046875;6319,68310546875;2615,0;840,4334106445312;907,1217651367188;858,7483520507812;1710,8453369140625;1030,6451416015625;1745,0;19021,50390625;1788,62353515625;4512,6826171875;326,6601257324219;109,59555053710938;1135,0;1585,0;1126,6424560546875;2312,5498046875;140,99099731445312;1003,947265625;2685,0;3914,787353515625;1577420,0
2024-08-23;4193,03125;6393,92333984375;2655,0;836,5870361328125;902,1484985351562;881,718994140625;1760,007568359375;1058,50048828125;1810,0;18996,5078125;1818,5169677734375;4584,61669921875;324,71282958984375;111,92266082763672;1160,0;1620,0;1137,6519775390625;2441,44580078125;145,77037048339844;1019,9464721679688;2725,0;3982,200927734375;1606967,0
2024-08-26;4108,41845703125;6310,4033203125;2630,0;832,7406616210938;885,2394409179688;878,18505859375;1735,4263916015625;1039,9302978515625;1805,0;19071,494140625;1793,6058349609375;4565,4345703125;320,8182678222656;113,25243377685547;1145,0;1590,0;1111,963134765625;2543,8046875;143,85861206054688;1007,9470825195312;2757,5;3857,0048828125;1593003,0
2024-08-27;4254,14013671875;6375,3623046875;2665,0;839,4718017578125;878,2769165039062;877,3015747070312;1779,67236328125;1044,5728759765625;1785,0;19171,4765625;1783,641357421875;4618,18603515625;319,3577880859375;116,57686614990234;1140,0;1635,0;1163,3408203125;2528,64013671875;143,85861206054688;1019,9464721679688;2812,5;3909,972412109375;1616134,0
2024-08-28;4272,94287109375;6338,2421875;2695,0;832,7406616210938;897,1752319335938;880,8355102539062;1779,67236328125;1039,9302978515625;1765,0;19121,486328125;1763,71240234375;4608,5947265625;311,0816955566406;117,90664672851562;1160,0;1620,0;1178,020263671875;2449,028076171875;141,46893310546875;1011,9469604492188;2822,5;3924,41796875;1617544,0
2024-08-29;4564,38671875;6644,482421875;2735,0;820,2399291992188;903,1431274414062;896,73828125;1848,49951171875;1044,5728759765625;1800,0;19221,466796875;1783,641357421875;4608,5947265625;310,5949401855469;123,22573852539062;1195,0;1680,0;1196,3695068359375;2403,53515625;141,94686889648438;1027,946044921875;2897,5;4112,212890625;1660144,0
2024-08-30;4757,11474609375;7062,0830078125;2820,0;801,9696044921875;903,1431274414062;914,4080200195312;1853,415771484375;1104,9259033203125;1830,0;19796,361328125;1803,5703125;4790,82861328125;320,3313903808594;124,5555191040039;1260,0;1705,0;1273,436279296875;2399,744140625;150,07177734375;1043,9453125;3062,5;4227,7783203125;1717564,0
2024-09-02;4822,92529296875;7321,923828125;2905,0;795,2384643554688;908,1163940429688;954,1648559570312;1882,9130859375;1118,853515625;1870,0;20121,302734375;1813,5347900390625;4872,3544921875;323,25238037109375;129,65298461914062;1265,0;1765,0;1295,455322265625;2388,370849609375;153,6562957763672;1075,943603515625;3177,5;4280,7451171875;1754833,0
2024-09-03;4945,1435546875;7321,923828125;2870,0;769,2754516601562;891,2073364257812;923,2428588867188;1887,829345703125;1081,713134765625;1855,0;20071,3125;1808,552490234375;4824,39794921875;316,43682861328125;126,99343872070312;1230,0;1715,0;1255,0869140625;2365,62451171875;151,26661682128906;1071,9437255859375;3042,5;4381,86572265625;1735253,0
2024-09-04;5133,171875;7739,5234375;2940,0;754,8515014648438;888,2234497070312;967,4171752929688;1981,237548828125;1132,78125;1900,0;20696,1953125;1938,0906982421875;5064,17919921875;327,14703369140625;126,5501708984375;1290,0;1765,0;1291,7855224609375;2395,953125;165,36572265625;1171,9384765625;3117,5;4747,8232421875;1796920,0
2024-09-05;5029,755859375;7516,80322265625;2890,0;726,9652709960938;855,39990234375;971,8345336914062;1946,823974609375;1114,2110595703125;1910,0;20871,1640625;1977,9486083984375;5073,7705078125;326,17333984375;127,65831756591797;1330,0;1800,0;1321,1441650390625;2380,788818359375;158,43565368652344;1207,9366455078125;3047,5;4617,81103515625;1765465,0
2024-09-06;4879,33349609375;7238,40380859375;2835,0;735,61962890625;854,4052734375;927,6602783203125;1863,2481689453125;1095,640869140625;1825,0;21171,109375;1913,1795654296875;4901,1279296875;318,8709411621094;124,99877166748047;1345,0;1780,0;1244,0775146484375;2376,997802734375;154,61216735839844;1187,937744140625;2955,0;4449,27880859375;1721668,0
2024-09-09;4935,74169921875;7368,32373046875;2880,0;758,6978759765625;850,4266357421875;927,6602783203125;1892,7454833984375;1128,138671875;1810,0;21321,080078125;1948,05517578125;4939,4931640625;318,3841247558594;127,43669128417969;1380,0;1855,0;1236,7376708984375;2388,370849609375;157,4797821044922;1211,9364013671875;2907,5;4430,01806640625;1738556,0
2024-09-10;4860,5302734375;7145,603515625;2850,0;768,3138427734375;860,3731689453125;932,0776977539062;1858,3319091796875;1100,2833251953125;1825,0;21096,12109375;1923,14404296875;4790,82861328125;311,0816955566406;124,5555191040039;1345,0;1865,0;1211,048828125;2411,117431640625;158,43565368652344;1195,937255859375;2855,0;4338,52880859375;1715185,0
2024-09-11;5057,9599609375;7377,60302734375;2950,0;796,2000732421875;904,1378173828125;976,2520141601562;1907,494140625;1169,9215087890625;1860,0;21296,0859375;1997,8775634765625;4920,310546875;315,463134765625;124,5555191040039;1425,0;2115,0;1258,7568359375;2498,311767578125;158,67462158203125;1191,9375;2867,5;4401,126953125;1764129,0
2024-09-12;5123,77001953125;7609,6025390625;2965,0;803,892822265625;911,1004028320312;1007,1739501953125;2020,5672607421875;1179,2066650390625;1980,0;21396,068359375;2012,8243408203125;5016,22314453125;315,463134765625;123,890625;1450,0;2005,0;1313,804443359375;2566,551025390625;162,02015686035156;1187,937744140625;2902,5;4439,6474609375;1790058,0
2024-09-13;5302,39697265625;7841,60400390625;2970,0;808,7008056640625;914,0842895507812;1002,756591796875;2045,1484375;1207,0618896484375;2000,0;21421,0625;2007,842041015625;5083,36181640625;314,976318359375;124,33389282226562;1540,0;1995,0;1354,1728515625;2710,611328125;162,737060546875;1203,9368896484375;2920,0;4579,29052734375;1817734,0
2024-09-16;5189,580078125;7739,5234375;2910,0;828,894287109375;921,046875;1011,5914306640625;2010,73486328125;1211,7044677734375;2045,0;22320,8984375;2062,646728515625;5083,36181640625;312,0553894042969;124,33389282226562;1520,0;1990,0;1361,512451171875;2680,282958984375;159,6304931640625;1195,937255859375;2977,5;4531,1376953125;1812872,0
2024-09-17;5264,791015625;8008,64208984375;2905,0;826,9710693359375;914,0842895507812;1002,756591796875;2010,73486328125;1193,13427734375;2090,0;21920,970703125;2022,788818359375;4987,44921875;311,0816955566406;124,5555191040039;1540,0;1975,0;1350,5029296875;2646,163330078125;155,80699157714844;1175,938232421875;2942,5;4492,6162109375;1813298,0
2024-09-18;5349,40478515625;8157,12353515625;2935,0;802,9312133789062;897,1752319335938;985,0868530273438;1991,0699462890625;1188,49169921875;2180,0;21396,068359375;1972,9664306640625;4881,9453125;307,1871337890625;124,11225128173828;1520,0;1990,0;1313,804443359375;2596,87939453125;158,91358947753906;1139,940185546875;2907,5;4646,70361328125;1815099,0
2024-09-19;5387,00927734375;8500,4833984375;3035,0;825,0479125976562;886,2340698242188;989,5042724609375;2020,5672607421875;1193,13427734375;2195,0;21496,048828125;2082,57568359375;4910,71923828125;310,5949401855469;124,5555191040039;1535,0;1975,0;1306,46484375;2585,50634765625;161,542236328125;1163,93896484375;2955,0;4747,8232421875;1847053,0
2024-09-20;5358,80517578125;8398,4033203125;3030,0;817,3551635742188;871,3143310546875;962,9996948242188;2000,90234375;1155,993896484375;2180,0;21146,11328125;2062,646728515625;4824,39794921875;308,1607666015625;124,77714538574219;1495,0;1960,0;1288,1156005859375;2581,71533203125;155,32907104492188;1147,9398193359375;2900,0;4665,96484375;1822928,0
2024-09-23;5255,390625;8212,8037109375;2955,0;807,7391967773438;881,2608032226562;976,2520141601562;1986,1536865234375;1137,4237060546875;2080,0;20496,234375;2017,8065185546875;4795,62451171875;305,2398376464844;123,22573852539062;1460,0;1900,0;1277,1060791015625;2483,147705078125;152,2224884033203;1147,9398193359375;2825,0;4574,474609375;1790228,0
2024-09-24;5104,966796875;7860,162109375;2955,0;837,5486450195312;899,1646118164062;980,6693725585938;1907,494140625;1142,0662841796875;2085,0;20246,279296875;1987,9130859375;4929,90185546875;307,1871337890625;119,01478576660156;1465,0;1880,0;1321,1441650390625;2460,4013671875;148,87693786621094;1131,940673828125;2795,0;4478,16943359375;1774668,0
2024-09-25;4992,150390625;7637,443359375;2925,0;815,4319458007812;893,1966552734375;976,2520141601562;1833,7508544921875;1137,4237060546875;2125,0;20596,216796875;1963,001953125;4814,806640625;303,7793273925781;115,4687271118164;1420,0;1915,0;1284,4456787109375;2380,788818359375;149,8328094482422;1119,9412841796875;2752,5;4300,00634765625;1744131,0
2024-09-26;4982,74853515625;7470,4033203125;2855,0;806,777587890625;878,2769165039062;980,6693725585938;1784,588623046875;1109,5684814453125;2120,0;20421,248046875;1903,215087890625;4555,84326171875;295,9901123046875;111,25776672363281;1405,0;1935,0;1266,096435546875;2331,5048828125;146,7262420654297;1131,940673828125;2720,0;4227,7783203125;1715671,0
2024-09-27;5039,158203125;7581,76318359375;2890,0;819,2783203125;877,2822875976562;985,0868530273438;1794,4210205078125;1114,2110595703125;2045,0;20421,248046875;1898,2327880859375;4450,33935546875;297,9374084472656;117,02013397216797;1405,0;1910,0;1324,8140869140625;2335,296142578125;150,54969787597656;1175,938232421875;2675,0;4304,82275390625;1727777,0
2024-09-30;4916,93994140625;7331,20263671875;2970,0;799,0848388671875;859,3785400390625;949,7474365234375;1750,175048828125;1100,2833251953125;2015,0;20271,275390625;1838,4459228515625;4364,01806640625;295,5032958984375;112,36592102050781;1370,0;1915,0;1357,8426513671875;2304,967529296875;147,44313049316406;1131,940673828125;2640,0;4112,212890625;1697401,0
2024-10-01;4963,94580078125;7516,80322265625;3030,0;811,5855712890625;872,3090209960938;971,8345336914062;1774,7562255859375;1132,78125;2020,0;20746,1875;1958,0196533203125;4498,29541015625;297,4505920410156;115,02546691894531;1375,0;1915,0;1368,8521728515625;2293,59423828125;146,96519470214844;1155,939453125;2705,0;4179,62646484375;1728761,0
2024-10-02;4879,33349609375;7470,4033203125;2955,0;824,0863037109375;883,2501831054688;962,9996948242188;1755,09130859375;1128,138671875;1990,0;20721,193359375;1928,126220703125;4402,38330078125;297,9374084472656;116,57686614990234;1370,0;1860,0;1357,8426513671875;2259,474609375;146,7262420654297;1131,940673828125;2690,0;4150,734375;1715159,0
2024-10-03;5020,35498046875;7693,1240234375;3055,0;818,3167114257812;875,2929077148438;976,2520141601562;1799,3372802734375;1169,9215087890625;2055,0;20871,1640625;1938,0906982421875;4546,251953125;296,9637756347656;118,79315948486328;1375,0;1895,0;1387,201416015625;2316,340576171875;148,1600341796875;1143,93994140625;2760,0;4381,86572265625;1754992,0
2024-10-04;5010,9541015625;7748,80322265625;3090,0;813,5087890625;873,3036499023438;971,8345336914062;1779,67236328125;1132,78125;2020,0;20846,169921875;1948,05517578125;4622,98193359375;296,9637756347656;119,23641967773438;1375,0;2000,0;1394,5411376953125;2373,20654296875;153,6562957763672;1191,9375;2735,0;4415,57177734375;1756515,0
2024-10-07;4879,33349609375;7433,2841796875;2975,0;803,892822265625;864,3517456054688;949,7474365234375;1696,0966796875;1104,9259033203125;2060,0;20746,1875;1863,357177734375;4517,47802734375;295,9901123046875;116,79850006103516;1335,0;1940,0;1379,8616943359375;2323,9228515625;152,93939208984375;1167,938720703125;2680,0;4256,66943359375;1714594,0
2024-10-08;5010,9541015625;7748,80322265625;3000,0;791,39208984375;862,3624877929688;980,6693725585938;1745,2587890625;1114,2110595703125;2045,0;20546,22265625;1883,2861328125;4493,5;295,5032958984375;115,69035339355469;1325,0;1890,0;1346,8331298828125;2274,638916015625;151,50558471679688;1167,938720703125;2680,0;4425,20263671875;1731370,0
2024-10-09;5208,3828125;7813,763671875;3050,0;790,4304809570312;864,3517456054688;980,6693725585938;1789,5048828125;1155,993896484375;2050,0;21021,134765625;1898,2327880859375;4752,4638671875;298,42425537109375;113,47406005859375;1395,0;1860,0;1346,8331298828125;2407,326171875;153,6562957763672;1167,938720703125;2830,0;4492,6162109375;1771933,0
2024-10-10;5321,20068359375;8008,64208984375;3015,0;786,5841064453125;867,3357543945312;1007,1739501953125;1828,8345947265625;1146,7088623046875;2055,0;21271,091796875;1878,3038330078125;4714,0986328125;299,3979187011719;113,03080749511719;1410,0;1855,0;1343,1632080078125;2418,699462890625;152,93939208984375;1171,9384765625;2860,0;4535,95361328125;1782989,0
2024-10-14;5490,4248046875;8157,12353515625;3070,0;771,1986083984375;855,39990234375;998,339111328125;1789,5048828125;1142,0662841796875;2005,0;21346,078125;1848,410400390625;4771,64599609375;313,0289611816406;114,13894653320312;1375,0;1830,0;1321,1441650390625;2392,162109375;150,78866577148438;1171,9384765625;2982,5;4545,58349609375;1804415,0
2024-10-15;5509,22802734375;8212,8037109375;3100,0;769,2754516601562;844,458740234375;980,6693725585938;1848,49951171875;1160,636474609375;1975,0;21795,994140625;1913,1795654296875;4704,50732421875;320,8182678222656;111,7010269165039;1375,0;1830,0;1317,474365234375;2308,758544921875;154,61216735839844;1195,937255859375;3037,5;4540,7685546875;1816251,0
2024-10-16;5443,4189453125;7795,20458984375;3055,0;770,2369995117188;838,4908447265625;940,91259765625;1794,4210205078125;1109,5684814453125;1945,0;21945,96484375;2022,788818359375;4618,18603515625;320,3313903808594;108,93067169189453;1345,0;1795,0;1302,794921875;2240,519287109375;149,8328094482422;1155,939453125;2962,5;4357,7900390625;1776061,0
2024-10-17;5462,2216796875;7943,68212890625;3225,0;768,3138427734375;833,517578125;954,1648559570312;1828,8345947265625;1109,5684814453125;1955,0;22145,931640625;2047,699951171875;4699,7119140625;315,9500427246094;110,14962768554688;1395,0;1870,0;1335,8236083984375;2168,4892578125;152,2224884033203;1179,9381103515625;3005,0;4362,60498046875;1801604,0
2024-10-18;5678,45361328125;8092,16357421875;3250,0;766,390625;830,5336303710938;945,3300170898438;1873,08056640625;1142,0662841796875;1940,0;22820,8046875;2012,8243408203125;4833,9892578125;317,41046142578125;108,70903778076172;1370,0;1850,0;1328,48388671875;2221,564208984375;151,98353576660156;1195,937255859375;2995,0;4473,35546875;1823330,0
2024-10-21;5687,85546875;8073,6044921875;3240,0;752,9283447265625;822,576416015625;936,4951782226562;1907,494140625;1160,636474609375;1950,0;22595,84765625;1987,9130859375;4901,1279296875;320,8182678222656;109,59555053710938;1385,0;1825,0;1328,48388671875;2157,115966796875;150,3107452392578;1163,93896484375;2977,5;4502,24609375;1820705,0
2024-10-22;5678,45361328125;8008,64208984375;3230,0;736,5812377929688;799,699462890625;927,6602783203125;1868,1644287109375;1174,5640869140625;1940,0;21895,9765625;1928,126220703125;4853,171875;319,8445739746094;106,1603012084961;1420,0;1790,0;1343,1632080078125;2168,4892578125;148,1600341796875;1175,938232421875;2965,0;4458,9091796875;1807539,0
2024-10-23;5546,83447265625;7832,32275390625;3165,0;731,7732543945312;780,8010864257812;936,4951782226562;1828,8345947265625;1155,993896484375;1980,0;21721,0078125;1843,42822265625;4776,44189453125;315,9500427246094;104,60890197753906;1435,0;1755,0;1354,1728515625;2122,99658203125;146,00933837890625;1171,9384765625;2880,0;4338,52880859375;1774319,0
2024-10-24;5857,0810546875;8426,2421875;3235,0;761,5827026367188;823,571044921875;976,2520141601562;1971,405029296875;1193,13427734375;2035,0;22070,943359375;1923,14404296875;4949,08447265625;319,3577880859375;105,49541473388672;1530,0;1905,0;1387,201416015625;2198,817626953125;151,26661682128906;1195,937255859375;2977,5;4641,888671875;1849995,0
2024-10-25;5913,4892578125;8584,0048828125;3200,0;759,6594848632812;812,6298828125;985,0868530273438;2010,73486328125;1211,7044677734375;2150,0;22220,91796875;2007,842041015625;4977,85791015625;322,76556396484375;111,47940063476562;1540,0;1960,0;1354,1728515625;2358,04248046875;152,46145629882812;1231,9354248046875;2995,0;5017,47705078125;1872785,0
2024-10-28;5875,8828125;8481,923828125;3120,0;746,1971435546875;821,581787109375;962,9996948242188;2025,4835205078125;1197,77685546875;2110,0;22295,90234375;2012,8243408203125;4901,1279296875;323,25238037109375;106,93600463867188;1515,0;1945,0;1365,182373046875;2361,83349609375;148,1600341796875;1207,9366455078125;2960,0;5123,412109375;1851914,0
2024-10-29;5781,86962890625;8481,923828125;3080,0;755,8131103515625;827,5496826171875;993,9217529296875;2059,89697265625;1207,0618896484375;2095,0;22695,828125;1992,8953857421875;4977,85791015625;324,71282958984375;106,60356140136719;1570,0;1930,0;1475,2777099609375;2308,758544921875;147,68209838867188;1199,93701171875;2870,0;5113,78173828125;1845639,0
2024-10-30;5678,45361328125;8398,4033203125;3105,0;758,6978759765625;821,581787109375;998,339111328125;2020,5672607421875;1211,7044677734375;2105,0;23145,74609375;2077,593505859375;4977,85791015625;322,2786560058594;107,2684555053711;1605,0;1940,0;1504,636474609375;2267,056884765625;145,29241943359375;1207,9366455078125;2845,0;5027,107421875;1837535,0
2024-10-31;5734,86279296875;8407,68359375;3105,0;764,4674682617188;838,4908447265625;985,0868530273438;2084,478271484375;1211,7044677734375;2145,0;23245,728515625;2142,362548828125;4987,44921875;322,76556396484375;106,7143783569336;1665,0;1925,0;1497,2967529296875;2236,728515625;148,3990020751953;1235,9351806640625;2835,0;5084,890625;1848744,0
2024-11-01;5725,46044921875;8249,9228515625;3125,0;785,62255859375;861,3678588867188;1016,0088500976562;2059,89697265625;1225,632080078125;2150,0;23570,66796875;2187,20263671875;5083,36181640625;329,5811462402344;109,59555053710938;1820,0;1935,0;1548,674560546875;2308,758544921875;151,50558471679688;1398,7349853515625;2977,5;5190,826171875;1879879,0
2024-11-04;5791,2705078125;8333,4423828125;3135,0;785,62255859375;875,2929077148438;1038,0960693359375;2089,394287109375;1258,1298828125;2220,0;23170,7421875;2237,025146484375;5256,00439453125;334,44940185546875;111,7010269165039;1855,0;1940,0;1658,77001953125;2342,878173828125;159,6304931640625;1403,2615966796875;3147,5;5161,93310546875;1919066,0
2024-11-05;5697,255859375;8166,40478515625;3210,0;779,8529663085938;874,2982788085938;1085,5511474609375;2064,813232421875;1290,6278076171875;2290,0;23395,701171875;2366,563232421875;5227,23046875;336,8835144042969;111,25776672363281;1880,0;1930,0;1622,071533203125;2278,43017578125;158,43565368652344;1430,4215087890625;3232,5;5219,71728515625;1931281,0
2024-11-06;6026,30517578125;8853,1220703125;3220,0;762,5442504882812;856,3945922851562;1132,7490234375;2187,71875;1272,0576171875;2305,0;23695,646484375;2600,728515625;5121,7265625;340,2913513183594;115,69035339355469;1885,0;1920,0;1596,382568359375;2270,847900390625;158,91358947753906;1398,7349853515625;3282,5;5585,6748046875;1976613,0
2024-11-07;6035,70751953125;8955,205078125;3250,0;751,005126953125;837,4962158203125;1118,5897216796875;2217,216064453125;1304,555419921875;2405,0;23645,654296875;2780,089111328125;5351,91650390625;353,92242431640625;120,12293243408203;1890,0;2020,0;1622,071533203125;2267,056884765625;163,93191528320312;1507,37451171875;3397,5;5893,85009765625;2015558,0
2024-11-08;5875,8828125;8537,603515625;3245,0;734,6580200195312;797,710205078125;1104,4302978515625;2207,3837890625;1248,8448486328125;2405,0;23370,705078125;2660,515380859375;5179,2744140625;357,8170166015625;117,24176025390625;1840,0;1965,0;1489,9571533203125;2248,101318359375;155,09010314941406;1434,9481201171875;3367,5;5681,97900390625;1964487,0
2024-11-11;5922,8916015625;8509,763671875;3300,0;758,6978759765625;806,6619873046875;1094,99072265625;2231,96484375;1267,4150390625;2385,0;23620,66015625;2595,74609375;5256,00439453125;359,7643737792969;115,69035339355469;1835,0;1975,0;1482,6173095703125;2251,892578125;156,52389526367188;1416,841552734375;3467,5;5759,02392578125;1987846,0
2024-11-12;5979,2998046875;8593,2841796875;3360,0;759,6594848632812;806,6619873046875;1113,869873046875;2266,37841796875;1327,76806640625;2380,0;23745,63671875;2506,06591796875;5447,8291015625;363,6589660644531;111,03614044189453;1895,0;2000,0;1519,31591796875;2327,7138671875;160,8253173828125;1444,00146484375;3485,0;5893,85009765625;2012041,0
2024-11-13;5969,89697265625;8528,322265625;3435,0;759,6594848632812;805,6673583984375;1161,0677490234375;2276,2109375;1411,333984375;2450,0;23745,63671875;2645,568603515625;5716,38427734375;363,172119140625;109,0414810180664;1925,0;2095,0;1559,68408203125;2327,7138671875;160,10841369628906;1530,0078125;3555,0;5951,63232421875;2042551,0
2024-11-14;5960,49609375;8491,2041015625;3475,0;780,8145751953125;833,517578125;1179,9468994140625;2369,619140625;1448,474365234375;2435,0;24020,5859375;2944,5029296875;6013,712890625;367,5535583496094;110,4820785522461;1970,0;2085,0;1614,7318115234375;2543,8046875;163,4539794921875;1570,7476806640625;3697,5;5980,52392578125;2087647,0
2024-11-15;5960,49609375;8314,8837890625;3415,0;807,7391967773438;859,3785400390625;1151,628173828125;2349,9541015625;1378,836181640625;2375,0;23870,615234375;2884,716064453125;5860,2529296875;378,2637023925781;112,5875473022461;1905,0;2070,0;1589,0428466796875;2665,11865234375;164,40985107421875;1520,9544677734375;3652,5;5807,17578125;2066915,0
2024-11-19;5932,291015625;8342,724609375;3560,0;800,0464477539062;867,3357543945312;1203,5458984375;2438,446044921875;1429,9041748046875;2450,0;23970,59375;2869,769287109375;6023,30419921875;384,1055908203125;111,25776672363281;2035,0;2170,0;1625,7413330078125;2721,984619140625;168,4722900390625;1543,5877685546875;3935,0;6134,611328125;2124413,0
2024-11-20;5941,6923828125;8352,0048828125;3625,0;794,27685546875;851,4213256835938;1198,8260498046875;2487,6083984375;1434,546630859375;2465,0;24295,533203125;2914,609375;6032,8955078125;380,6977844238281;110,26043701171875;2030,0;2210,0;1622,071533203125;2646,163330078125;169,189208984375;1557,167724609375;4087,5;6192,39453125;2145972,0
2024-11-21;5894,68603515625;8305,6044921875;3660,0;800,0464477539062;854,4052734375;1194,1063232421875;2428,61376953125;1434,546630859375;2410,0;24645,470703125;2844,858154296875;6119,216796875;379,72418212890625;110,70370483398438;2055,0;2335,0;1581,7032470703125;2828,134521484375;169,189208984375;1539,0611572265625;4167,5;6009,416015625;2140096,0
2024-11-22;5800,671875;8352,0048828125;3730,0;903,8986206054688;915,0789794921875;1194,1063232421875;2345,037841796875;1448,474365234375;2365,0;25320,345703125;2969,4140625;6311,04150390625;377,2900390625;117,02013397216797;2035,0;2355,0;1574,363525390625;2850,880859375;174,68545532226562;1530,0078125;4502,5;5845,697265625;2211988,0
2024-11-25;5828,87646484375;8352,0048828125;3710,0;928,9000854492188;957,8489990234375;1255,463623046875;2379,451416015625;1457,7593994140625;2475,0;26895,05859375;2899,662841796875;6234,3115234375;378,75048828125;118,34989929199219;2130,0;2305,0;1614,7318115234375;3108,67333984375;173,72958374023438;1638,6474609375;4370,0;5893,85009765625;2218551,0
2024-11-26;5969,89697265625;8648,962890625;3730,0;927,9384765625;979,7313232421875;1283,7823486328125;2541,686767578125;1434,546630859375;2575,0;27544,939453125;2944,5029296875;6167,1728515625;375,8295593261719;118,34989929199219;2165,0;2300,0;1600,0523681640625;3169,330322265625;174,20751953125;1661,2806396484375;4470,0;6047,93798828125;2252266,0
2024-11-27;5800,671875;8342,724609375;3730,0;912,552978515625;934,9719848632812;1227,1448974609375;2477,77587890625;1392,7637939453125;2535,0;26795,076171875;2929,55615234375;6224,72021484375;374,85589599609375;110,70370483398438;2100,0;2230,0;1607,39208984375;3032,851806640625;172,0568084716797;1683,9139404296875;4385,0;5807,17578125;2205245,0
2024-11-28;5828,87646484375;8546,8818359375;3775,0;908,7066040039062;938,9506225585938;1288,5020751953125;2482,692138671875;1406,69140625;2600,0;26945,046875;2979,378662109375;6349,40673828125;377,2900390625;109,0414810180664;2105,0;2245,0;1633,0810546875;3036,64306640625;171,33990478515625;1747,2869873046875;4467,5;5845,697265625;2230803,0
2024-11-29;5913,4892578125;8593,2841796875;3855,0;925,0537109375;944,9185180664062;1293,221923828125;2640,01123046875;1406,69140625;2665,0;27195,001953125;3034,18310546875;6330,22412109375;375,8295593261719;107,93333435058594;2160,0;2275,0;1622,071533203125;3116,25537109375;173,49061584472656;1733,70703125;4517,5;5942,00244140625;2258295,0
2024-12-02;6176,728515625;8964,4853515625;3880,0;956,7863159179688;972,7687377929688;1312,10107421875;2684,25732421875;1453,1168212890625;2780,0;27195,001953125;2999,3076171875;6176,76416015625;377,77691650390625;105,27378845214844;2230,0;2300,0;1640,4207763671875;3085,927001953125;176,836181640625;1729,180419921875;4470,0;6202,025390625;2295432,0
2024-12-03;6120,3203125;8816,0029296875;3890,0;956,7863159179688;979,7313232421875;1392,33740234375;2669,508544921875;1471,68701171875;2850,0;26920,052734375;3059,094482421875;6272,6767578125;373,88226318359375;103,5007553100586;2370,0;2330,0;1735,836669921875;3142,79296875;180,42068481445312;1711,0738525390625;4442,5;6192,39453125;2303990,0
2024-12-04;5857,0810546875;8472,64453125;3770,0;925,0537109375;946,9078369140625;1359,2989501953125;2546,60302734375;1415,9764404296875;2745,0;26645,1015625;2924,573974609375;6004,12158203125;370,9613342285156;99,06818389892578;2220,0;2235,0;1662,439697265625;3017,687744140625;176,59719848632812;1661,2806396484375;4247,5;5913,11181640625;2216278,0
2024-12-05;5960,49609375;8574,72265625;3740,0;905,8218383789062;926,0201416015625;1368,738525390625;2620,346435546875;1420,6190185546875;2660,0;26820,072265625;2969,4140625;5898,61767578125;369,98760986328125;101,17365264892578;2405,0;2210,0;1614,7318115234375;3017,687744140625;175,40235900878906;1706,547119140625;4195,0;5836,0673828125;2211583,0
2024-12-06;5941,6923828125;8528,322265625;3730,0;889,4747314453125;900,1592407226562;1378,1781005859375;2615,43017578125;1415,9764404296875;2595,0;26970,044921875;2919,591796875;5841,0703125;370,9613342285156;100,2871322631836;2490,0;2225,0;1655,10009765625;2888,79150390625;174,92442321777344;1656,7540283203125;4215,0;5864,958984375;2202444,0
2024-12-09;5932,291015625;8574,72265625;3770,0;883,7051391601562;909,1110229492188;1411,216552734375;2640,01123046875;1439,189208984375;2645,0;26795,076171875;2999,3076171875;5917,80029296875;366,5798645019531;101,72772979736328;2450,0;2195,0;1688,1287841796875;2957,030517578125;173,25164794921875;1679,38720703125;4352,5;6019,0458984375;2228859,0
2024-12-10;5819,47509765625;8481,923828125;3715,0;860,6268920898438;893,1966552734375;1378,1781005859375;2566,267822265625;1420,6190185546875;2620,0;26695,09375;2874,75146484375;5889,02685546875;361,2247619628906;101,61691284179688;2440,0;2150,0;1688,1287841796875;3002,5234375;172,2957763671875;1616,01416015625;4377,5;5778,2841796875;2201246,0
2024-12-11;6139,123046875;8908,8037109375;3870,0;880,8203735351562;889,2180786132812;1411,216552734375;2699,005859375;1480,97216796875;2780,0;26770,078125;2984,36083984375;6243,90283203125;365,1194152832031;100,17632293701172;2505,0;2145,0;1754,1859130859375;2991,150146484375;175,88031005859375;1638,6474609375;4610,0;5922,7412109375;2291149,0
2024-12-12;6214,33447265625;8890,2451171875;3820,0;853,895751953125;886,2340698242188;1392,33740234375;2762,916748046875;1485,6146240234375;2875,0;26595,111328125;2969,4140625;6243,90283203125;369,0140686035156;104,60890197753906;2570,0;2225,0;1721,1572265625;3173,121337890625;180,1817169189453;1629,5941162109375;4735,0;5893,85009765625;2304090,0
2024-12-13;6355,35595703125;9442,4033203125;3890,0;887,551513671875;915,0789794921875;1406,496826171875;2846,49267578125;1555,2529296875;2870,0;26495,1328125;2959,44970703125;6224,72021484375;371,9349365234375;108,8198471069336;2705,0;2350,0;2022,0845947265625;3396,79443359375;189,02352905273438;1625,0675048828125;4852,5;6009,416015625;2370662,0
2024-12-16;7135,67333984375;11066,4052734375;4110,0;917,3609619140625;974,758056640625;1463,13427734375;3382,36083984375;1615,60595703125;2990,0;26745,0859375;3163,721435546875;6426,13671875;383,6187438964844;111,47940063476562;2765,0;2395,0;2256,95458984375;3578,76513671875;202,166748046875;1711,0738525390625;4977,5;6905,04931640625;2543202,0
2024-12-17;7427,1162109375;11252,0068359375;4175,0;929,8616943359375;965,80615234375;1467,85400390625;3505,266357421875;1610,96337890625;2935,0;27045,03125;3069,058837890625;6579,5966796875;407,9601135253906;112,80917358398438;2665,0;2335,0;2227,595947265625;3965,453857421875;205,99024963378906;1733,70703125;5120,0;7088,02880859375;2592201,0
2024-12-18;7145,07373046875;10927,2060546875;4070,0;919,2841186523438;967,7954711914062;1406,496826171875;3426,606689453125;1532,0401611328125;2805,0;26245,17578125;2914,609375;6368,5888671875;410,3941955566406;110,81451416015625;2555,0;2280,0;2139,519775390625;3888,285400390625;208,1409454345703;1656,7540283203125;5025,0;6770,2236328125;2521017,0
2024-12-19;6806,623046875;10300,8046875;3950,0;898,1290893554688;926,0201416015625;1359,2989501953125;3352,863525390625;1457,7593994140625;2710,0;25520,310546875;2750,195556640625;6109,62548828125;408,9337463378906;109,81718444824219;2465,0;2170,0;2143,189453125;3756,7578125;202,64468383789062;1602,4342041015625;4785,0;6423,52587890625;2419894,0
2024-12-20;6966,447265625;10556,00390625;4040,0;876,9739990234375;909,1110229492188;1368,738525390625;3569,17724609375;1494,8997802734375;2750,0;26170,19140625;2800,01806640625;6330,22412109375;410,8810119628906;108,70903778076172;2460,0;2200,0;2047,7734375;4241,76611328125;204,79541015625;1616,01416015625;4940,0;6683,54931640625;2467562,0
2024-12-23;6966,447265625;10672,0048828125;4065,0;881,781982421875;906,1271362304688;1378,1781005859375;3574,093505859375;1532,0401611328125;2780,0;26195,185546875;2844,858154296875;6311,04150390625;410,3941955566406;109,9280014038086;2620,0;2205,0;2106,490966796875;4636,3486328125;220,80624389648438;1643,174072265625;4982,5;6905,04931640625;2501153,0
2024-12-24;7145,07373046875;10857,60546875;4135,0;885,6283569335938;916,0736694335938;1387,61767578125;3638,00439453125;1569,1805419921875;2805,0;25945,23046875;2849,84033203125;6483,68408203125;418,1833801269531;114,36058044433594;2695,0;2220,0;2143,189453125;4899,40380859375;228,45321655273438;1643,174072265625;5040,0;7280,63720703125;2551020,0
2024-12-26;7248,48974609375;11228,806640625;4215,0;858,7036743164062;909,1110229492188;1463,13427734375;3701,915283203125;1597,0357666015625;2930,0;26195,185546875;3059,094482421875;6665,91796875;429,3804626464844;116,57686614990234;2675,0;2260,0;2157,868896484375;4800,75830078125;237,29502868652344;1702,0205078125;5095,0;7492,5087890625;2597389,0
2024-12-27;7154,4755859375;11112,8056640625;4190,0;861,5885009765625;898,1698608398438;1458,4144287109375;3618,33935546875;1597,0357666015625;2985,0;26020,216796875;3123,863525390625;6790,60400390625;441,55108642578125;114,13894653320312;2610,0;2235,0;2099,1513671875;4529,482421875;230,60391235351562;1679,38720703125;5045,0;7521,39892578125;2577546,0
2024-12-30;7004,0537109375;10625,6044921875;4165,0;860,6268920898438;889,3424072265625;1411,216552734375;3515,098876953125;1643,461181640625;2880,0;26070,208984375;3059,094482421875;6733,056640625;434,24871826171875;110,14962768554688;2540,0;2170,0;2018,4146728515625;4282,8681640625;225,34661865234375;1629,5941162109375;5030,0;7280,63720703125;2533635,0
2025-01-02;7586,94091796875;11924,8056640625;4385,0;863,5116577148438;890,3394775390625;1472,5738525390625;3849,40185546875;1689,88671875;2980,0;26570,1171875;3158,7392578125;7375,67041015625;439,6037292480469;115,4687271118164;2765,0;2230,0;2077,132080078125;4340,41162109375;246,61477661132812;1692,9671630859375;5240,0;8253,31640625;2695646,0
2025-01-03;7737,3623046875;12064,0048828125;4445,0;848,1261596679688;887,348388671875;1505,6123046875;3932,977783203125;1759,52490234375;3005,0;26670,099609375;3372,975341796875;7442,80908203125;438,630126953125;120,7878189086914;2635,0;2225,0;2077,132080078125;4562,3642578125;245,1809539794922;1724,65380859375;5250,0;8378,5107421875;2728911,0
2025-01-06;8000,60205078125;12829,60546875;4500,0;832,7406616210938;871,3960571289062;1533,9310302734375;4213,2021484375;1764,16748046875;3060,0;26770,078125;3343,08203125;7414,03515625;439,6037292480469;121,2310791015625;2610,0;2245,0;2176,21826171875;4562,3642578125;254,26173400878906;1751,813720703125;5385,0;9129,689453125;2801221,0
2025-01-07;8085,21484375;12690,4052734375;4555,0;834,663818359375;871,3960571289062;1557,530029296875;4262,36474609375;1782,7376708984375;3080,0;26845,06640625;3387,922119140625;7663,40771484375;441,064208984375;124,99877166748047;2560,0;2250,0;2245,945068359375;4389,734375;249,9603271484375;1702,0205078125;5535,0;8937,0810546875;2822175,0
2025-01-08;7972,39794921875;12690,4052734375;4470,0;830,8174438476562;881,3662719726562;1505,6123046875;4355,77294921875;1740,9547119140625;3000,0;26870,060546875;3283,295166015625;7586,677734375;438,1432800292969;123,00411224365234;2290,0;2385,0;2168,87841796875;4258,20703125;246,61477661132812;1706,547119140625;5430,0;8744,4697265625;2782477,0
2025-01-09;8122,8212890625;13154,4052734375;4575,0;844,27978515625;915,2649536132812;1505,6123046875;4522,92431640625;1736,3121337890625;3000,0;27269,986328125;3268,348388671875;7644,22509765625;438,1432800292969;124,5555191040039;2340,0;2440,0;2143,189453125;4184,22265625;245,6588592529297;1729,180419921875;5510,0;9004,4921875;2829730,0
2025-01-10;8113,41943359375;12690,4052734375;4530,0;866,3964233398438;928,2262573242188;1505,6123046875;4562,25390625;1685,244140625;3040,0;27369,970703125;3228,490478515625;7337,30517578125;439,116943359375;121,00944519042969;2235,0;2410,0;2080,80224609375;4069,135986328125;245,6588592529297;1711,0738525390625;5490,0;9062,275390625;2805140,0
2025-01-13;7624,54638671875;11808,8056640625;4305,0;839,4718017578125;901,3067016601562;1453,6947021484375;4267,28076171875;1592,3931884765625;2790,0;27145,01171875;3039,16552734375;6752,2392578125;436,1959533691406;109,70637512207031;2025,0;2295,0;1945,0179443359375;3933,498046875;233,949462890625;1665,807373046875;5345,0;8320,7314453125;2655179,0
2025-01-14;7925,39111328125;12690,4052734375;4465,0;813,5087890625;870,3990478515625;1482,013427734375;4488,5107421875;1638,8187255859375;2860,0;27219,998046875;3173,685791015625;6963,24658203125;440,090576171875;112,14429473876953;2155,0;2290,0;1963,3671875;3888,285400390625;235,86122131347656;1661,2806396484375;5395,0;8850,4052734375;2733273,0
2025-01-15;7972,39794921875;12690,4052734375;4420,0;787,5457153320312;835,5032958984375;1444,255126953125;4365,60498046875;1597,0357666015625;2765,0;27419,9609375;3074,041015625;6828,96923828125;447,3929748535156;108,48741149902344;2105,0;2265,0;1963,3671875;4044,474365234375;233,949462890625;1683,9139404296875;5350,0;8802,25390625;2704474,0
2025-01-16;7868,9814453125;12365,60546875;4290,0;769,2754516601562;813,56884765625;1373,458251953125;4208,2861328125;1508,827392578125;2660,0;27070,02734375;2954,46728515625;6589,18798828125;446,41937255859375;103,27912902832031;2000,0;2170,0;1867,951171875;3867,734130859375;227,25836181640625;1634,1207275390625;5215,0;8657,7958984375;2629377,0
2025-01-17;7370,7080078125;11437,6064453125;4080,0;765,4290771484375;808,583740234375;1345,1395263671875;3932,977783203125;1420,6190185546875;2525,0;26145,1953125;2879,73388671875;6445,31884765625;437,16961669921875;100,17632293701172;1960,0;2105,0;1820,2431640625;3703,32470703125;221,28416442871094;1588,854248046875;5050,0;8311,099609375;2510886,0
2025-01-20;7494,86962890625;11391,205078125;4045,0;762,5442504882812;809,5807495117188;1354,5791015625;4041,134521484375;1429,9041748046875;2570,0;26745,0859375;2984,36083984375;6416,54541015625;443,49835205078125;105,93867492675781;2005,0;2180,0;1878,960693359375;3863,6240234375;227,25836181640625;1584,32763671875;5095,0;8330,3603515625;2536837,0
2025-01-21;7729,0849609375;11808,8056640625;4210,0;751,9667358398438;800,6076049804688;1415,9364013671875;4100,12939453125;1555,2529296875;2700,0;27269,986328125;2974,396240234375;6723,46533203125;445,9325256347656;111,47940063476562;2130,0;2230,0;1945,0179443359375;3806,08056640625;238,96780395507812;1674,860595703125;5155,0;8782,9921875;2619719,0
2025-01-22;7972,6689453125;12156,8037109375;4235,0;776,9682006835938;835,5032958984375;1430,095703125;4178,78857421875;1610,96337890625;2805,0;27394,96484375;3064,07666015625;7030,38525390625;447,3929748535156;109,59555053710938;2230,0;2290,0;1948,6876220703125;3830,741943359375;247,09271240234375;1674,860595703125;5180,0;9120,05859375;2680946,0
2025-01-23;7822,77001953125;11739,2060546875;4175,0;795,2384643554688;868,4049682617188;1415,9364013671875;4026,385986328125;1550,6103515625;2720,0;27369,970703125;3024,21875;6733,056640625;445,9325256347656;106,7143783569336;2170,0;2225,0;1970,7066650390625;3719,765625;248,048583984375;1670,333984375;5005,0;8811,8828125;2625050,0
2025-01-24;7719,71435546875;11275,2041015625;4040,0;784,6609497070312;873,3900756835938;1477,2935791015625;3878,899169921875;1504,184814453125;2745,0;27045,03125;2904,64501953125;6474,0927734375;439,116943359375;103,0574951171875;2135,0;2230,0;1974,3765869140625;3908,836669921875;248,52651977539062;1697,493896484375;4810,0;8551,8603515625;2566082,0
2025-01-27;7154,4755859375;10602,4052734375;3875,0;767,3522338867188;841,4854125976562;1415,9364013671875;3642,920654296875;1439,189208984375;2645,0;26045,21484375;2869,769287109375;6186,35546875;428,40673828125;100,73040008544922;2115,0;2145,0;1963,3671875;3690,993896484375;237,29502868652344;1593,380859375;4597,5;7906,61865234375;2439099,0
2025-01-28;7304,89892578125;10509,60546875;3800,0;747,1587524414062;818,553955078125;1397,0572509765625;3706,83154296875;1448,474365234375;2650,0;26420,14453125;2934,538330078125;6100,0341796875;427,91998291015625;103,27912902832031;2215,0;2090,0;2011,0751953125;3888,285400390625;235,38328552246094;1575,2742919921875;4565,0;7839,20458984375;2435629,0
2025-01-29;7605,7431640625;11066,4052734375;4065,0;776,9682006835938;846,4705200195312;1434,8155517578125;3918,22900390625;1541,3251953125;2825,0;26470,134765625;2969,4140625;6483,68408203125;427,91998291015625;105,38460540771484;2250,0;2175,0;2084,471923828125;3764,978271484375;236,10018920898438;1602,4342041015625;4745,0;8436,2958984375;2545356,0
2025-01-30;7718,56005859375;11228,806640625;4280,0;805,8160400390625;855,4437255859375;1444,255126953125;3957,558837890625;1597,0357666015625;2950,0;27319,978515625;3024,21875;6713,8740234375;424,51214599609375;105,93867492675781;2320,0;2200,0;2069,792724609375;3822,521484375;236,81707763671875;1661,2806396484375;4777,5;8619,2744140625;2599329,0
2025-01-31;7596,341796875;11089,60546875;4240,0;821,2015380859375;864,4169311523438;1430,095703125;3893,64794921875;1592,3931884765625;2845,0;27145,01171875;2904,64501953125;6474,0927734375;417,2098083496094;103,94401550292969;2305,0;2200,0;2044,1036376953125;3773,19873046875;236,3391571044922;1606,9608154296875;4717,5;8445,923828125;2564659,0
2025-02-03;7295,49658203125;10625,6044921875;4080,0;808,7008056640625;853,44970703125;1382,8978271484375;3696,9990234375;1559,8953857421875;2820,0;27294,984375;2829,911376953125;6358,998046875;401,1445007324219;100,17632293701172;2260,0;2185,0;1915,6591796875;3690,993896484375;228,2142333984375;1575,2742919921875;4620,0;8108,8583984375;2484136,0
2025-02-04;7408,31396484375;10648,8046875;4150,0;817,3551635742188;856,4407348632812;1448,974853515625;3785,490966796875;1610,96337890625;2935,0;27045,03125;2849,84033203125;6474,0927734375;393,3553161621094;100,8412094116211;2355,0;2285,0;1970,7066650390625;3744,427001953125;231,55978393554688;1575,2742919921875;4707,5;8224,42578125;2523647,0
2025-02-05;7276,69384765625;10463,2060546875;4025,0;795,2384643554688;832,5122680664062;1392,33740234375;3701,915283203125;1578,465576171875;2880,0;26745,0859375;2854,822509765625;6406,9541015625;384,5924377441406;99,8438720703125;2315,0;2210,0;1919,328857421875;3769,08837890625;228,2142333984375;1525,481201171875;4660,0;8137,74951171875;2477714,0
2025-02-06;7427,1162109375;11020,0048828125;4055,0;782,7377319335938;824,5360717773438;1397,0572509765625;3810,072021484375;1559,8953857421875;2920,0;26495,1328125;2844,858154296875;6301,4501953125;382,6451721191406;98,95735931396484;2325,0;2175,0;1930,33837890625;3732,096435546875;229,40908813476562;1534,534423828125;4667,5;8474,81640625;2503483,0
2025-02-07;7145,07373046875;10463,2060546875;3890,0;773,121826171875;825,5330810546875;1345,1395263671875;3608,507080078125;1504,184814453125;2885,0;26345,158203125;2790,053466796875;6052,078125;374,85589599609375;96,74107360839844;2285,0;2130,0;1904,649658203125;3514,253662109375;219,85037231445312;1453,0548095703125;4542,5;8060,7060546875;2416382,0
2025-02-10;7051,06005859375;10440,0048828125;3775,0;779,8529663085938;869,4020385742188;1330,980224609375;3544,59619140625;1480,97216796875;2830,0;26170,19140625;2760,16015625;6052,078125;374,36907958984375;93,63826751708984;2330,0;2170,0;1838,5924072265625;3386,83642578125;220,56727600097656;1430,4215087890625;4497,5;7896,98876953125;2391368,0
2025-02-11;6580,98828125;9999,2041015625;3650,0;751,9667358398438;818,553955078125;1269,6229248046875;3308,617431640625;1402,048828125;2685,0;25145,37890625;2545,923828125;5841,0703125;371,9349365234375;88,2083511352539;2210,0;2020,0;1776,2049560546875;3234,757568359375;209,09681701660156;1403,2615966796875;4300,0;7357,6826171875;2273568,0
2025-02-12;6533,982421875;9976,00390625;3720,0;741,3892211914062;791,6343994140625;1283,7823486328125;3313,53369140625;1434,546630859375;2720,0;24995,404296875;2610,69287109375;5946,57421875;369,5008239746094;88,651611328125;2290,0;2070,0;1787,214599609375;3267,639404296875;209,09681701660156;1498,3212890625;4322,5;7348,0517578125;2285846,0
2025-02-13;6665,60302734375;10231,2041015625;3855,0;751,9667358398438;800,6076049804688;1283,7823486328125;3406,94189453125;1467,0445556640625;2795,0;25020,404296875;2670,479736328125;6339,8154296875;372,9086608886719;94,85722351074219;2355,0;2060,0;1834,92236328125;3333,4033203125;215,0709991455078;1525,481201171875;4442,5;7685,11767578125;2353744,0
2025-02-14;6684,4052734375;10231,2041015625;3940,0;787,5457153320312;817,5569458007812;1297,941650390625;3461,020263671875;1504,184814453125;2850,0;25520,310546875;2665,49755859375;6349,40673828125;372,9086608886719;95,85456085205078;2385,0;2020,0;1908,3193359375;3427,938720703125;215,5489501953125;1552,64111328125;4505,0;7868,09716796875;2387386,0
2025-02-17;6251,939453125;9767,203125;3705,0;778,891357421875;808,583740234375;1212,9854736328125;3220,12548828125;1392,7637939453125;2620,0;24870,427734375;2506,06591796875;5917,80029296875;368,0403747558594;89,20568084716797;2245,0;1945,0;1772,53515625;3288,190673828125;205,51229858398438;1457,5814208984375;4300,0;7261,3779296875;2254189,0
2025-02-18;6825,42529296875;10463,2060546875;3940,0;787,5457153320312;806,5897216796875;1255,463623046875;3480,685302734375;1508,827392578125;2850,0;25120,3828125;2735,248779296875;6454,91015625;377,77691650390625;89,87056732177734;2375,0;2060,0;1816,5733642578125;3493,70263671875;209,81370544433594;1566,220947265625;4515,0;7742,9013671875;2391725,0
2025-02-19;6872,43212890625;10393,6044921875;3965,0;784,6609497070312;817,5569458007812;1274,3427734375;3500,35009765625;1494,8997802734375;2860,0;25045,396484375;2894,680419921875;6368,5888671875;378,75048828125;89,64894104003906;2385,0;2045,0;1845,93212890625;3460,820556640625;208,1409454345703;1575,2742919921875;4545,0;7877,7275390625;2401580,0
2025-02-20;6844,22900390625;10486,404296875;3945,0;773,121826171875;811,5748291015625;1250,7437744140625;3500,35009765625;1485,6146240234375;2865,0;25120,3828125;2924,573974609375;6531,64013671875;379,23736572265625;89,98138427734375;2310,0;2055,0;1812,9034423828125;3436,1591796875;211,48651123046875;1584,32763671875;4690,0;7848,8359375;2410221,0
2025-02-21;6722,0107421875;10184,8056640625;3905,0;764,4674682617188;821,5450439453125;1250,7437744140625;3377,444580078125;1457,7593994140625;2740,0;24520,494140625;2824,92919921875;6358,998046875;378,2637023925781;87,98672485351562;2255,0;2010,0;1820,2431640625;3362,1748046875;222,00106811523438;1548,1143798828125;4530,0;7579,18310546875;2364529,0
2025-02-24;6646,79931640625;9952,8046875;3890,0;742,3507690429688;810,5778198242188;1246,0240478515625;3362,69580078125;1462,4019775390625;2815,0;24870,427734375;2914,609375;6291,85888671875;374,36907958984375;86,87858581542969;2210,0;1985,0;1776,2049560546875;3275,85986328125;232,2766876220703;1534,534423828125;4465,0;7550,29150390625;2348398,0
2025-02-25;6571,587890625;9744,0048828125;3775,0;724,0805053710938;802,6016235351562;1212,9854736328125;3234,8740234375;1388,1212158203125;2700,0;24820,4375;2889,6982421875;6052,078125;365,1194152832031;83,2217025756836;2165,0;1905,0;1699,1383056640625;3107,340087890625;224,8686981201172;1475,68798828125;4315,0;7328,78955078125;2282899,0
2025-02-26;6712,609375;9860,005859375;3720,0;708,6950073242188;794,62548828125;1203,5458984375;3264,37158203125;1360,2659912109375;2690,0;24695,4609375;2750,195556640625;5956,16552734375;357,8170166015625;80,5621566772461;2185,0;1865,0;1658,77001953125;3070,347900390625;223,1959228515625;1471,161376953125;4300,0;7357,6826171875;2275037,0
2025-02-27;6411,7646484375;9224,3232421875;3610,0;696,1942749023438;772,6910400390625;1198,8260498046875;3126,71728515625;1327,76806640625;2585,0;23995,58984375;2695,390869140625;5879,435546875;339,31756591796875;75,68631744384766;2110,0;1715,0;1519,31591796875;3012,8046875;210,29165649414062;1434,9481201171875;4237,5;7078,39794921875;2193657,0
2025-02-28;6515,17919921875;9349,603515625;3745,0;692,347900390625;756,7387084960938;1212,9854736328125;3161,130859375;1309,197998046875;2515,0;23845,6171875;2695,390869140625;5812,296875;342,2385559082031;75,24305725097656;2080,0;1735,0;1467,93798828125;2905,9384765625;206,9461212158203;1448,528076171875;4215,0;7271,00830078125;2205801,0
2025-03-05;6750,21484375;9767,203125;3800,0;716,3877563476562;771,6939697265625;1208,265625;3411,858154296875;1392,7637939453125;2660,0;23720,638671875;2800,01806640625;6013,712890625;357,3301696777344;76,68364715576172;2135,0;1805,0;1658,77001953125;2910,048583984375;227,49732971191406;1493,7945556640625;4260,0;7588,8134765625;2290050,0
2025-03-06;6646,79931640625;9604,8046875;3850,0;730,8116455078125;793,62841796875;1179,9468994140625;3333,198486328125;1392,7637939453125;2595,0;23420,6953125;2765,142333984375;5889,02685546875;360,7379455566406;76,7944564819336;2135,0;1805,0;1702,80810546875;2963,481689453125;229,1701202392578;1471,161376953125;4172,5;7463,6181640625;2270181,0
2025-03-07;6618,59521484375;9604,8046875;3875,0;730,8116455078125;807,5867309570312;1208,265625;3288,95263671875;1388,1212158203125;2645,0;23720,638671875;2740,231201171875;5889,02685546875;355,3829040527344;76,68364715576172;2180,0;1755,0;1750,5159912109375;3033,355712890625;224,62973022460938;1466,6346435546875;4085,0;7357,6826171875;2262289,0
2025-03-10;6223,73583984375;9085,1220703125;3670,0;694,2710571289062;787,6463012695312;1184,666748046875;3057,89013671875;1318,4830322265625;2540,0;22820,8046875;2635,60400390625;5572,515625;342,2385559082031;72,14024353027344;1975,0;1600,0;1552,344482421875;2852,50537109375;215,3099822998047;1425,8948974609375;3867,5;6789,48486328125;2138846,0
2025-03-11;6289,5458984375;9280,005859375;3735,0;694,2710571289062;784,6552734375;1179,9468994140625;3062,806396484375;1327,76806640625;2595,0;23070,759765625;2660,515380859375;5735,56689453125;346,1331481933594;69,59151458740234;1970,0;1620,0;1570,693603515625;2868,9462890625;212,68133544921875;1471,161376953125;3915,0;6905,04931640625;2159500,0
2025-03-12;6684,4052734375;9651,2021484375;3975,0;709,6565551757812;799,610595703125;1203,5458984375;3323,3662109375;1420,6190185546875;2625,0;24495,498046875;2710,337646484375;6301,4501953125;350,02783203125;71,14291381835938;2030,0;1715,0;1633,0810546875;3029,24560546875;214,83204650878906;1557,167724609375;4177,5;7319,1591796875;2272937,0
2025-03-13;6646,79931640625;9465,6044921875;3895,0;698,117431640625;785,6522827148438;1212,9854736328125;3180,795654296875;1378,836181640625;2520,0;25970,2265625;2625,6396484375;6023,30419921875;343,21221923828125;68,81581115722656;1955,0;1730,0;1596,382568359375;2971,7021484375;210,53062438964844;1462,1080322265625;4167,5;7193,9638671875;2232180,0
2025-03-14;6938,24169921875;9813,60546875;4080,0;720,234130859375;802,6016235351562;1269,6229248046875;3456,104248046875;1425,2615966796875;2690,0;27594,9296875;2730,2666015625;6512,4580078125;346,1331481933594;72,36187744140625;2045,0;1740,0;1644,090576171875;3058,017333984375;214,1151580810547;1498,3212890625;4430,0;7531,029296875;2335575,0
2025-03-17;6881,8349609375;9674,404296875;4030,0;760,62109375;827,5271606445312;1283,7823486328125;3392,193359375;1425,2615966796875;2745,0;27419,9609375;2755,177734375;6541,2314453125;344,1858825683594;75,02142333984375;2075,0;1775,0;1647,7603759765625;3214,206298828125;214,83204650878906;1552,64111328125;4545,0;7453,98681640625;2346306,0
2025-03-18;6693,80615234375;9419,2041015625;3945,0;762,5442504882812;859,4318237304688;1288,5020751953125;3303,701171875;1402,048828125;2670,0;27045,03125;2670,479736328125;6282,26806640625;339,31756591796875;72,36187744140625;1990,0;1755,0;1578,0333251953125;3074,458251953125;209,09681701660156;1534,534423828125;4355,0;7348,0517578125;2288538,0
2025-03-19;7022,85546875;9906,4033203125;4130,0;779,8529663085938;864,4169311523438;1321,5406494140625;3510,1826171875;1453,1168212890625;2900,0;27195,001953125;2755,177734375;6694,69140625;339,804443359375;75,68631744384766;2085,0;1855,0;1625,7413330078125;3127,891357421875;212,2034149169922;1561,6943359375;4575,0;7839,20458984375;2392030,0
2025-03-20;6834,82763671875;9581,6044921875;4115,0;763,505859375;844,4765014648438;1326,2603759765625;3461,020263671875;1471,68701171875;2810,0;26595,111328125;2785,0712890625;6637,14404296875;336,396728515625;77,12690734863281;2070,0;1835,0;1592,7127685546875;3099,11962890625;207,90199279785156;1557,167724609375;4587,5;7636,96435546875;2361583,0
2025-03-21;7088,6650390625;9906,4033203125;4255,0;788,50732421875;848,464599609375;1349,859375;3672,41796875;1508,827392578125;2910,0;26170,19140625;2879,73388671875;6819,3779296875;333,96258544921875;81,78111267089844;2145,0;1865,0;1607,39208984375;3201,87548828125;209,09681701660156;1593,380859375;4717,5;7877,7275390625;2433538,0
2025-03-25;7192,08203125;10231,2041015625;4345,0;776,9682006835938;870,3990478515625;1397,0572509765625;3849,40185546875;1499,5423583984375;3025,0;26370,15234375;2765,142333984375;7087,9326171875;333,47564697265625;85,77043151855469;2220,0;1900,0;1622,071533203125;3255,30859375;210,29165649414062;1584,32763671875;4882,5;8301,46875;2487680,0
2025-03-26;7032,25634765625;10022,4033203125;4250,0;752,9283447265625;865,4139404296875;1387,61767578125;3741,2451171875;1462,4019775390625;2935,0;25320,345703125;2750,195556640625;7001,611328125;324,71282958984375;83,99739837646484;2155,0;1870,0;1589,0428466796875;3251,198486328125;206,46817016601562;1584,32763671875;4830,0;8137,74951171875;2439966,0
2025-03-27;6872,43212890625;9674,404296875;4185,0;760,62109375;867,407958984375;1406,496826171875;3588,842041015625;1434,546630859375;2875,0;24995,404296875;2730,2666015625;6982,42919921875;317,41046142578125;83,77577209472656;2075,0;1850,0;1578,0333251953125;3341,623779296875;212,44236755371094;1579,8009033203125;4842,5;7935,509765625;2412082,0
2025-03-28;6872,43212890625;9465,6044921875;4145,0;769,2754516601562;870,3990478515625;1411,216552734375;3495,433837890625;1402,048828125;2845,0;24045,580078125;2715,31982421875;6828,96923828125;311,0816955566406;81,67029571533203;2050,0;1840,0;1545,0047607421875;3374,505615234375;213,3982391357422;1552,64111328125;4687,5;7829,57470703125;2378563,0
2025-03-31;6731,41162109375;9215,0439453125;4045,0;788,50732421875;878,3751831054688;1373,458251953125;3377,444580078125;1350,9808349609375;2920,0;23995,58984375;2660,515380859375;6665,91796875;301,83203125;79,6756362915039;2010,0;1815,0;1515,64599609375;3300,521240234375;213,3982391357422;1539,0611572265625;4615,0;7656,22705078125;2338761,0
2025-04-01;6816,025390625;9349,603515625;4145,0;758,6978759765625;863,419921875;1392,33740234375;3377,444580078125;1378,836181640625;2915,0;23570,66796875;2725,284423828125;6838,56005859375;299,3979187011719;80,5621566772461;2030,0;1810,0;1515,64599609375;3251,198486328125;211,00857543945312;1570,7476806640625;4637,5;7704,37890625;2356531,0
2025-04-03;6646,79931640625;9112,962890625;3940,0;723,118896484375;812,5718383789062;1401,7769775390625;3239,790283203125;1355,6234130859375;2805,0;24595,478515625;2730,2666015625;6445,31884765625;298,42425537109375;75,57550048828125;1950,0;1735,0;1453,2586669921875;3136,11181640625;207,6630096435547;1552,64111328125;4425,0;7531,029296875;2275659,0
2025-04-04;6054,509765625;8342,724609375;3660,0;711,5797729492188;790,6373901367188;1326,2603759765625;2895,65478515625;1244,2022705078125;2640,0;23295,720703125;2580,799560546875;5984,93896484375;284,7931823730469;68,04010772705078;1780,0;1605,0;1361,512451171875;2844,284912109375;204,55642700195312;1511,9012451171875;4015,0;6818,375;2107816,0
2025-04-07;5791,2705078125;8120,00341796875;3510,0;682,73193359375;784,6552734375;1274,3427734375;2816,995361328125;1202,41943359375;2460,0;22670,833984375;2550,906005859375;5687,6103515625;271,1620178222656;65,158935546875;1720,0;1525,0;1240,4075927734375;2696,31640625;204,79541015625;1439,474853515625;3860,0;6452,41748046875;2025967,0
2025-04-08;5866,48193359375;8277,763671875;3425,0;653,8840942382812;756,7387084960938;1217,705322265625;2895,65478515625;1165,279052734375;2355,0;22045,947265625;2605,710693359375;5706,79296875;258,9913330078125;60,94798278808594;1620,0;1440,0;1133,9820556640625;2494,91455078125;198,58224487304688;1425,8948974609375;3712,5;6548,72314453125;1990621,0
2025-04-09;6562,1865234375;9558,404296875;3620,0;689,4630737304688;788,6433715820312;1260,183349609375;3323,3662109375;1272,0576171875;2515,0;23220,734375;2834,8935546875;6723,46533203125;266,7805480957031;66,04544830322266;1735,0;1545,0;1167,0107421875;2745,63916015625;220,32830810546875;1534,534423828125;3915,0;7088,02880859375;2182907,0
2025-04-10;6270,74169921875;9057,2841796875;3560,0;715,4261474609375;785,6522827148438;1260,183349609375;3156,214599609375;1262,7724609375;2445,0;21970,96484375;2725,284423828125;6119,216796875;259,9650573730469;68,37255859375;1725,0;1520,0;1122,9725341796875;2651,103759765625;216,26585388183594;1489,2679443359375;3772,5;7059,13720703125;2111490,0
2025-04-11;6787,8203125;9813,60546875;3730,0;737,5427856445312;816,5599365234375;1335,699951171875;3446,271728515625;1337,05322265625;2670,0;22945,783203125;2989,343017578125;6406,9541015625;259,47821044921875;69,14825439453125;1930,0;1660,0;1196,3695068359375;2790,851806640625;223,91282653808594;1543,5877685546875;4017,5;7694,7490234375;2248803,0
2025-04-14;7257,89111328125;10648,8046875;3855,0;746,1971435546875;849,4616088867188;1364,0186767578125;3805,156005859375;1327,76806640625;2780,0;23545,673828125;2790,053466796875;6819,3779296875;271,64886474609375;72,14024353027344;1985,0;1775,0;1357,8426513671875;3271,749755859375;211,50299072265625;1575,2742919921875;4240,0;8291,8369140625;2364950,0
2025-04-15;6966,447265625;10277,6044921875;3740,0;697,1558837890625;804,595703125;1359,2989501953125;3628,171875;1299,912841796875;2695,0;23270,72265625;2680,4443359375;6598,779296875;276,0302429199219;70,14558410644531;2025,0;1775,0;1383,5316162109375;3464,930908203125;206,72325134277344;1552,64111328125;4062,5;7954,77197265625;2284280,0
2025-04-16;6646,79931640625;9836,8056640625;3615,0;661,5768432617188;758,7327270507812;1330,980224609375;3475,76904296875;1225,632080078125;2555,0;22845,80078125;2525,994873046875;6100,0341796875;266,7805480957031;63,718345642089844;1995,0;1695,0;1354,1728515625;3164,883544921875;195,72988891601562;1480,214599609375;3882,5;7627,3349609375;2177975,0
2025-04-21;6430,56591796875;9326,404296875;3360,0;571,18701171875;659,0306396484375;1236,58447265625;3357,77978515625;1151,351318359375;2330,0;21546,0390625;2321,72314453125;5630,06298828125;258,5044860839844;58,731693267822266;1855,0;1570,0;1438,5792236328125;2852,50537109375;187,60433959960938;1412,31494140625;3622,5;7184,33251953125;2045707,0
2025-04-22;6844,22900390625;9999,2041015625;3570,0;579,8413696289062;656,0396118164062;1326,2603759765625;3623,255615234375;1211,7044677734375;2475,0;22120,93359375;2366,563232421875;5917,80029296875;263,859619140625;63,16427230834961;1880,0;1585,0;1508,3062744140625;2778,52099609375;195,72988891601562;1489,2679443359375;3830,0;7714,009765625;2163891,0
2025-04-23;7126,27197265625;10347,2041015625;3660,0;605,8043823242188;696,9174194335938;1307,3812255859375;3741,2451171875;1258,1298828125;2750,0;23095,75390625;2471,190185546875;6023,30419921875;279,9248962402344;66,26707458496094;1985,0;1695,0;1636,7508544921875;2897,718017578125;201,46556091308594;1507,37451171875;3865,0;8118,48974609375;2239402,0
2025-04-24;7126,27197265625;10347,2041015625;3640,0;604,8428344726562;687,9442749023438;1312,10107421875;3696,9990234375;1234,917236328125;2840,0;23420,6953125;2421,367919921875;6119,216796875;278,95123291015625;64,82649230957031;1910,0;1720,0;1633,0810546875;3004,584228515625;198,8367156982422;1548,1143798828125;3880,0;8031,81396484375;2232745,0
2025-04-25;7154,4755859375;10393,6044921875;3650,0;619,2667236328125;691,9323120117188;1316,82080078125;3721,580078125;1225,632080078125;2775,0;23620,66015625;2296,81201171875;5994,5302734375;267,75421142578125;61,9453125;1885,0;1690,0;1607,39208984375;3144,332275390625;196,6858367919922;1552,64111328125;3837,5;8118,48974609375;2225243,0
2025-04-28;6985,25;10068,8046875;3530,0;626,95947265625;690,935302734375;1260,183349609375;3638,00439453125;1193,13427734375;2755,0;23495,681640625;2336,669921875;5946,57421875;261,9123229980469;61,169612884521484;1845,0;1695,0;1625,7413330078125;3021,025146484375;193,8179931640625;1498,3212890625;3762,5;7916,2490234375;2179249,0
2025-04-29;6853,6298828125;9952,8046875;3485,0;602,9196166992188;676,97705078125;1250,7437744140625;3620,0;1207,0618896484375;2720,0;23670,6484375;2326,705322265625;5889,02685546875;268,7279052734375;60,28309631347656;1870,0;1675,0;1607,39208984375;3033,355712890625;196,92481994628906;1530,0078125;3702,5;7945,1416015625;2158848,0
2025-04-30;6759,6162109375;9744,0048828125;3385,0;579,8413696289062;657,03662109375;1231,8646240234375;3515,0;1169,9215087890625;2670,0;24195,552734375;2286,847412109375;5793,1142578125;260,4517822265625;57,955989837646484;1790,0;1610,0;1541,3348388671875;3033,355712890625;190,23318481445312;1493,7945556640625;3560,0;7704,37890625;2100844,0
2025-05-05;6562,1865234375;9349,603515625;3355,0;593,3036499023438;657,03662109375;1212,9854736328125;3325,0;1160,636474609375;2665,0;25045,396484375;2256,9541015625;5898,61767578125;262,399169921875;59,61820983886719;1750,0;1550,0;1548,674560546875;2881,277099609375;186,64840698242188;1507,37451171875;3432,5;7482,87841796875;2059932,0
2025-05-06;6675,00341796875;9651,2021484375;3465,0;609,6507568359375;676,97705078125;1231,8646240234375;3480,0;1197,77685546875;2760,0;25645,2890625;2306,7763671875;6013,712890625;275,54345703125;63,718345642089844;1845,0;1645,0;1603,7222900390625;3025,13525390625;190,9501495361328;1539,0611572265625;3660,0;7704,37890625;2129994,0
2025-05-07;6392,9609375;9326,404296875;3315,0;600,0348510742188;661,0247192382812;1189,386474609375;3340,0;1174,5640869140625;2580,0;25720,2734375;2321,72314453125;5821,8876953125;266,2937927246094;60,61553955078125;1755,0;1715,0;1533,9952392578125;2947,040771484375;189,5162353515625;1516,4278564453125;3542,5;7405,8349609375;2059915,0
2025-05-08;6430,56591796875;9396,00390625;3355,0;575,9949951171875;647,06640625;1194,1063232421875;3325,0;1174,5640869140625;2590,0;25620,2890625;2331,6875;5917,80029296875;266,7805480957031;59,50739288330078;1730,0;1670,0;1493,6268310546875;2930,599853515625;182,82461547851562;1539,0611572265625;3565,0;7444,3564453125;2061722,0
2025-05-09;6425,62451171875;9465,6044921875;3495,0;568,30224609375;629,1200561523438;1241,30419921875;3375,0;1272,0576171875;2660,0;25395,33203125;2401,43896484375;6195,94677734375;266,7805480957031;60,17228317260742;1860,0;1695,0;1541,3348388671875;2967,592041015625;180,9127197265625;1584,32763671875;3777,5;7559,921875;2114386,0
2025-05-12;6908,9677734375;9952,8046875;3745,0;548,1087646484375;618,15283203125;1260,183349609375;3590,0;1323,1256103515625;2760,0;25370,3359375;2456,24365234375;6464,50146484375;277,49078369140625;63,828369140625;1960,0;1705,0;1666,109619140625;2955,26123046875;186,17044067382812;1602,4342041015625;4120,0;7906,61865234375;2230395,0
2025-05-13;6927,92236328125;9999,2041015625;3875,0;591,3804931640625;661,0247192382812;1274,3427734375;3625,0;1364,908447265625;2855,0;24445,5078125;2535,95947265625;6598,779296875;302,8056945800781;71,06893157958984;2080,0;1750,0;1790,8843994140625;2934,710205078125;187,84332275390625;1620,540771484375;4175,0;8157,01220703125;2285483,0
2025-05-14;6861,5810546875;10068,8046875;3880,0;593,3036499023438;676,97705078125;1269,6229248046875;3600,0;1406,69140625;2810,0;25170,375;2555,88818359375;6675,50927734375;317,8973388671875;77,41835021972656;2070,0;1785,0;1911,9891357421875;2889,49755859375;194,29595947265625;1588,854248046875;4190,0;8224,42578125;2301643,0
2025-05-15;6804,71728515625;9929,6044921875;3830,0;595,2268676757812;681,962158203125;1269,6229248046875;3520,0;1434,546630859375;2855,0;24496,578125;2575,817138671875;6982,42919921875;308,6475830078125;77,6411361694336;2070,0;1795,0;2051,443359375;2844,284912109375;194,05697631835938;1602,4342041015625;4177,5;7983,662109375;2298473,0
2025-05-16;6918,44580078125;10092,005859375;3860,0;627,9210815429688;728,8220825195312;1260,183349609375;3580,0;1429,9041748046875;2885,0;24671,5546875;2555,88818359375;6915,2900390625;306,2134704589844;75,74745178222656;2015,0;1760,0;2018,4146728515625;2864,836181640625;194,05697631835938;1606,9608154296875;4212,5;8031,81396484375;2318360,0
2025-05-19;7013,2197265625;10393,6044921875;3960,0;618,3051147460938;725,8310546875;1297,941650390625;3790,0;1467,0445556640625;2955,0;24571,568359375;2650,55078125;7097,52392578125;309,1344299316406;76,9727783203125;2080,0;1795,0;2069,792724609375;2889,49755859375;195,01292419433594;1629,5941162109375;4300,0;8349,62109375;2369505,0
2025-05-20;7022,6962890625;10324,0048828125;3945,0;640,4218139648438;748,7625122070312;1297,941650390625;3845,0;1513,469970703125;3070,0;24221,615234375;2595,74609375;7059,1591796875;308,6475830078125;76,9727783203125;2180,0;1895,0;2022,0845947265625;2992,25341796875;194,29595947265625;1665,807373046875;4280,0;8272,576171875;2378464,0
2025-05-21;6861,5810546875;10045,60546875;3805,0;652,9225463867188;758,7327270507812;1283,7823486328125;3670,0;1453,1168212890625;3025,0;23071,77734375;2511,048095703125;6838,56005859375;303,7793273925781;72,51704406738281;2090,0;1815,0;1904,649658203125;3033,355712890625;189,27725219726562;1634,1207275390625;4192,5;8157,01220703125;2319549,0
2025-05-22;6823,6728515625;10022,4033203125;3765,0;650,0377197265625;759,729736328125;1279,0625;3715,0;1480,97216796875;3095,0;22896,80078125;2421,367919921875;6838,56005859375;307,1871337890625;72,96261596679688;2085,0;1845,0;1842,2620849609375;2967,592041015625;192,86204528808594;1611,487548828125;4200,0;7935,509765625;2314897,0
2025-05-23;6946,8779296875;10138,4052734375;3805,0;652,9225463867188;786,6492919921875;1316,82080078125;3660,0;1471,68701171875;3195,0;23421,728515625;2446,279052734375;6915,2900390625;332,9889221191406;73,51958465576172;2110,0;1875,0;1849,6019287109375;2914,158935546875;200,9875946044922;1616,01416015625;4255,0;8060,7060546875;2345902,0
2025-05-26;6946,8779296875;10161,60546875;3815,0;670,231201171875;805,5927124023438;1321,5406494140625;3685,0;1499,5423583984375;3295,0;23296,74609375;2431,332275390625;6982,42919921875;331,04156494140625;74,6335220336914;2145,0;1900,0;1900,9796142578125;2885,38720703125;208,63514709472656;1638,6474609375;4315,0;8099,2294921875;2370800,0
2025-05-27;6842,62744140625;10068,8046875;3810,0;672,1544189453125;814,5658569335938;1359,2989501953125;3475,0;1494,8997802734375;3240,0;23096,7734375;2421,367919921875;6924,88134765625;337,37030029296875;76,19302368164062;2100,0;1870,0;1878,960693359375;2794,9619140625;211,0250244140625;1652,2274169921875;4310,0;7925,87939453125;2355098,0
2025-05-28;6757,33203125;9836,8056640625;3830,0;685,61669921875;827,5271606445312;1378,1781005859375;3345,0;1471,68701171875;3080,0;22996,7890625;2421,367919921875;6934,47265625;344,6726989746094;74,2993392944336;2100,0;1845,0;1952,357666015625;2996,36376953125;208,87413024902344;1634,1207275390625;4360,0;7868,09716796875;2344330,0
2025-05-29;6596,216796875;9372,8037109375;3740,0;686,5783081054688;832,5122680664062;1368,738525390625;3170,0;1504,184814453125;3120,0;22796,81640625;2401,43896484375;6656,32666015625;358,7906799316406;70,9575424194336;2020,0;1760,0;1956,02734375;2897,718017578125;212,21995544433594;1652,2274169921875;4350,0;7550,29150390625;2308056,0
2025-05-30;6596,216796875;9396,00390625;3700,0;674,0775756835938;794,62548828125;1354,5791015625;3135,0;1453,1168212890625;3045,0;22896,80078125;2346,63427734375;6474,0927734375;351,97509765625;69,06385040283203;1985,0;1730,0;1981,7164306640625;2926,48974609375;210,06907653808594;1643,174072265625;4270,0;7569,552734375;2278992,0
2025-06-02;6425,62451171875;9094,4052734375;3585,0;635,6138305664062;752,7506103515625;1368,738525390625;3045,0;1392,7637939453125;2970,0;22821,810546875;2306,7763671875;6416,54541015625;329,09429931640625;63,828369140625;1930,0;1680,0;1992,725830078125;2868,9462890625;201,70455932617188;1643,174072265625;4145,0;7213,22412109375;2206291,0
2025-06-03;6444,57958984375;9122,244140625;3685,0;623,1130981445312;715,86083984375;1349,859375;3040,0;1397,40625;3010,0;22371,876953125;2336,669921875;6464,50146484375;349,54095458984375;65,83345031738281;1930,0;1730,0;2029,4244384765625;2877,166748046875;199,31468200683594;1647,70068359375;4235,0;7290,267578125;2224638,0
2025-06-04;6141,3056640625;8472,64453125;3455,0;611,573974609375;702,8995361328125;1349,859375;2830,0;1332,41064453125;2990,0;21172,04296875;2291,82958984375;6234,3115234375;350,02783203125;66,72459411621094;1825,0;1665,0;1860,6114501953125;2897,718017578125;195,49090576171875;1620,540771484375;4052,5;6789,48486328125;2126915,0
2025-06-05;6169,73779296875;8398,4033203125;3505,0;614,458740234375;705,890625;1274,3427734375;2840,0;1364,908447265625;2895,0;20522,1328125;2251,9716796875;6260,0;353,92242431640625;64,71951293945312;1830,0;1650,0;1809,233642578125;2844,284912109375;197,4027862548828;1584,32763671875;4060,0;6683,54931640625;2124156,0
2025-06-06;6283,46630859375;8537,603515625;3550,0;620,2283325195312;704,8936157226562;1264,9031982421875;2920,0;1383,4786376953125;2880,0;20597,125;2351,616455078125;6390,0;354,4092712402344;66,05623626708984;1895,0;1635,0;1739,5064697265625;2815,51318359375;200,7486114501953;1620,540771484375;4117,5;6914,6796875;2156778,0
2025-06-09;6150,7822265625;8407,68359375;3500,0;599,0732421875;675,97998046875;1246,0240478515625;2850,0;1350,9808349609375;2845,0;20622,119140625;2256,9541015625;6250,0;354,89605712890625;63,939762115478516;1830,0;1575,0;1706,4779052734375;2745,63916015625;193,8179931640625;1570,7476806640625;4055,0;6770,2236328125;2111197,0
2025-06-10;6482,48876953125;8769,6025390625;3630,0;610,6123657226562;687,9442749023438;1274,3427734375;2990,0;1402,048828125;2930,0;21197,0390625;2406,421142578125;6470,0;359,7643737792969;65,16508483886719;1900,0;1645,0;1809,233642578125;2770,300537109375;199,5536651611328;1616,01416015625;4325,0;7010,98388671875;2202667,0
2025-06-11;6340,32958984375;8611,8447265625;3625,0;612,5355834960938;683,9561767578125;1222,425048828125;2845,0;1364,908447265625;2865,0;21097,052734375;2286,847412109375;6590,0;354,4092712402344;64,16254425048828;1860,0;1610,0;1823,912841796875;2729,1982421875;199,31468200683594;1539,0611572265625;4302,5;6885,78955078125;2171272,0
2025-06-12;6340,32958984375;8639,68359375;3645,0;619,2667236328125;685,9501953125;1236,58447265625;2860,0;1388,1212158203125;2945,0;20672,11328125;2316,740966796875;6750,0;357,3301696777344;64,94229888916016;1850,0;1630,0;1871,620849609375;2692,2060546875;202,89947509765625;1548,1143798828125;4302,5;7165,072265625;2187671,0
2025-06-13;6188,6923828125;8231,361328125;3565,0;597,1500244140625;656,0396118164062;1184,666748046875;2705,0;1360,2659912109375;2770,0;21372,015625;2266,91845703125;6400,0;349,05419921875;61,600502014160156;1740,0;1570,0;1893,64013671875;2585,33984375;192,86204528808594;1493,7945556640625;4325,0;6866,52783203125;2127156,0
2025-06-17;6084,44140625;8055,04443359375;3475,0;572,1486206054688;630,1170654296875;1222,425048828125;2605,0;1309,197998046875;2665,0;21422,005859375;2197,167236328125;6340,0;336,396728515625;59,038455963134766;1680,0;1490,0;1864,2811279296875;2466,14306640625;194,05697631835938;1480,214599609375;4192,5;6500,5693359375;2072440,0
2025-06-18;6008,62255859375;8008,64208984375;3410,0;564,4558715820312;626,1289672851562;1203,5458984375;2555,0;1327,76806640625;2705,0;20897,08203125;2147,3447265625;6500,0;325,1997375488281;57,924522399902344;1690,0;1510,0;1772,53515625;2425,04052734375;189,5162353515625;1457,5814208984375;4147,5;6356,11279296875;2050983,0
2025-06-19;6037,0546875;8036,482421875;3430,0;568,30224609375;620,1468505859375;1222,425048828125;2560,0;1337,05322265625;2770,0;21197,0390625;2142,362548828125;6620,0;326,17333984375;57,924522399902344;1695,0;1520,0;1772,53515625;2429,15087890625;191,6671142578125;1466,6346435546875;4157,5;6471,6787109375;2064099,0
2025-06-23;5695,87060546875;7618,88330078125;3360,0;543,30078125;582,2600708007812;1189,386474609375;2480,0;1262,7724609375;2635,0;20747,103515625;2102,504638671875;6110,0;306,2134704589844;54,35993576049805;1595,0;1465,0;1644,090576171875;2326,394775390625;187,12637329101562;1502,847900390625;4025,0;6230,91748046875;1977116,0
2025-06-24;5961,236328125;8092,16357421875;3425,0;583,687744140625;627,1259765625;1212,9854736328125;2725,0;1327,76806640625;2780,0;21621,98046875;2172,255859375;6330,0;315,463134765625;56,58780288696289;1645,0;1525,0;1680,7890625;2544,237548828125;194,05697631835938;1530,0078125;4100,0;6741,33251953125;2064590,0
2025-06-25;5894,89453125;7943,68212890625;3350,0;591,3804931640625;654,0455322265625;1217,705322265625;2655,0;1285,9852294921875;2675,0;21671,97265625;2117,451416015625;6120,0;313,0289611816406;55,13969039916992;1595,0;1465,0;1611,06201171875;2453,812255859375;191,1891326904297;1520,9544677734375;3977,5;6544,916015625;2024393,0
2025-06-26;5913,849609375;7980,802734375;3380,0;601,9580078125;687,9442749023438;1217,705322265625;2665,0;1309,197998046875;2685,0;21397,01171875;2107,48681640625;6240,0;310,1081237792969;55,25108337402344;1605,0;1465,0;1552,344482421875;2449,701904296875;190,23318481445312;1534,534423828125;4020,0;6554,568359375;2038948,0
2025-06-27;5885,4189453125;7993,0732421875;3390,0;605,8043823242188;703,8966064453125;1222,425048828125;2640,0;1323,1256103515625;2720,0;21147,046875;2117,451416015625;6280,0;307,6739807128906;55,36247634887695;1665,0;1465,0;1545,0047607421875;2441,4814453125;189,5162353515625;1525,481201171875;4010,0;6496,6494140625;2041078,0
2025-06-30;5762,212890625;7853,00830078125;3345,0;592,3421020507812;716,8578491210938;1227,1448974609375;2560,0;1309,197998046875;2650,0;20497,138671875;2122,43359375;6260,0;302,3188781738281;52,80043029785156;1600,0;1440,0;1515,64599609375;2388,04833984375;183,30259704589844;1525,481201171875;3807,5;6351,8505859375;1994825,0
2025-07-01;5866,46240234375;7955,72314453125;3395,0;588,4957275390625;713,8668212890625;1264,9031982421875;2620,0;1350,9808349609375;2780,0;20547,12890625;2167,273681640625;6400,0;317,8973388671875;53,35739517211914;1615,0;1460,0;1467,93798828125;2309,953857421875;185,6924591064453;1620,540771484375;3895,0;6400,1162109375;2031093,0
2025-07-02;5904,37255859375;8002,41064453125;3500,0;613,4971313476562;733,8071899414062;1274,3427734375;2635,0;1355,6234130859375;2785,0;20797,09375;2212,11376953125;6520,0;331,52838134765625;54,91690444946289;1630,0;1500,0;1545,0047607421875;2379,827880859375;189,5162353515625;1625,0675048828125;3962,5;6448,3828125;2063027,0
2025-07-03;5932,8037109375;7955,72314453125;3600,0;621,1898803710938;723,8369750976562;1274,3427734375;2635,0;1341,69580078125;2825,0;20947,072265625;2202,1494140625;6660,0;334,9361572265625;54,24854278564453;1630,0;1535,0;1618,401611328125;2412,7099609375;189,0382537841797;1656,7540283203125;3997,5;6409,76953125;2078161,0
2025-07-04;5923,32666015625;8011,75;3620,0;622,1514892578125;722,8399658203125;1288,5020751953125;2640,0;1323,1256103515625;2820,0;20997,068359375;2192,184814453125;6760,0;335,9098205566406;53,023216247558594;1630,0;1565,0;1633,0810546875;2416,820068359375;185,6924591064453;1647,70068359375;3997,5;6438,72900390625;2078697,0
2025-07-07;5867,3671875;7862,3466796875;3545,0;613,4971313476562;710,875732421875;1297,941650390625;2590,0;1337,05322265625;2750,0;21147,046875;2182,220458984375;6750,0;326,6601257324219;51,01813888549805;1600,0;1500,0;1548,674560546875;2367,497314453125;182,58563232421875;1665,807373046875;3947,5;6303,5830078125;2049934,0
2025-07-08;6057,55615234375;8263,8662109375;3780,0;600,9963989257812;695,92041015625;1302,6614990234375;2755,0;1383,4786376953125;2880,0;21546,990234375;2251,9716796875;7030,0;330,06793212890625;51,46371078491211;1740,0;1520,0;1607,39208984375;2425,04052734375;188,32130432128906;1661,2806396484375;4167,5;6535,26123046875;2129786,0
2025-07-10;5886,38525390625;8002,41064453125;3605,0;604,8428344726562;680,965087890625;1288,5020751953125;2645,0;1350,9808349609375;2730,0;21047,060546875;2197,167236328125;6710,0;327,6337890625;51,68649673461914;1650,0;1475,0;1559,68408203125;2375,7177734375;188,56028747558594;1661,2806396484375;4047,5;6284,27685546875;2068736,0
2025-07-11;5705,70556640625;7759,63232421875;3495,0;598,1116333007812;680,965087890625;1255,463623046875;2530,0;1295,270263671875;2700,0;20922,078125;2137,38037109375;6290,0;325,1997375488281;50,34977722167969;1590,0;1510,0;1607,39208984375;2375,7177734375;183,5415802001953;1611,487548828125;3945,0;5994,6787109375;2007433,0
2025-07-14;5781,78076171875;7871,6845703125;3705,0;632,7290649414062;726,8280639648438;1279,0625;2580,0;1337,05322265625;2745,0;21148,169921875;2202,1494140625;6570,0;326,17333984375;52,02067565917969;1620,0;1510,0;1640,4207763671875;2363,386962890625;183,5415802001953;1679,38720703125;4035,0;6110,517578125;2064025,0
2025-07-15;5781,78076171875;7843,671875;3715,0;629,84423828125;714,8638305664062;1316,82080078125;2580,0;1346,3382568359375;2755,0;21348,15234375;2306,7763671875;6600,0;325,68646240234375;52,24346160888672;1620,0;1480,0;1717,487548828125;2359,27685546875;186,17044067382812;1692,9671630859375;4047,5;6207,05029296875;2075072,0
2025-07-16;5629,62890625;7479,5009765625;3590,0;625,0362548828125;703,8966064453125;1316,82080078125;2470,0;1332,41064453125;2680,0;21748,119140625;2281,865234375;6510,0;325,68646240234375;51,12953186035156;1555,0;1465,0;1750,5159912109375;2338,7255859375;186,88739013671875;1679,38720703125;3930,0;6052,59765625;2027274,0
2025-07-17;5819,8193359375;7796,982421875;3635,0;618,3051147460938;696,9174194335938;1335,699951171875;2555,0;1360,2659912109375;2700,0;22148,083984375;2311,758544921875;6690,0;325,68646240234375;51,90928268432617;1590,0;1450,0;1812,9034423828125;2359,27685546875;184,73651123046875;1738,2337646484375;3970,0;6274,6240234375;2066134,0
2025-07-18;5800,80029296875;7815,65673828125;3695,0;631,7674560546875;720,845947265625;1330,980224609375;2515,0;1369,551025390625;2735,0;21773,115234375;2341,652099609375;6730,0;328,60748291015625;51,01813888549805;1625,0;1450,0;1750,5159912109375;2445,591796875;185,21449279785156;1720,1270751953125;3992,5;6255,31689453125;2075286,0
2025-07-21;5743,74267578125;7824,99462890625;3585,0;606,7659912109375;705,890625;1297,941650390625;2465,0;1355,6234130859375;2740,0;21323,154296875;2311,758544921875;6600,0;325,1997375488281;49,34723663330078;1580,0;1440,0;1710,147705078125;2367,497314453125;182,107666015625;1715,6004638671875;3940,0;6158,78515625;2042466,0
2025-07-22;5734,23388671875;7796,982421875;3520,0;593,3036499023438;686,947265625;1293,221923828125;2450,0;1341,69580078125;2670,0;21523,13671875;2242,00732421875;6480,0;320,8182678222656;47,67633819580078;1525,0;1410,0;1673,4493408203125;2297,623291015625;182,82461547851562;1661,2806396484375;3852,5;5985,025390625;2010482,0
2025-07-23;5924,423828125;8021,08544921875;3670,0;597,1500244140625;688,9412841796875;1335,699951171875;2525,0;1392,7637939453125;2805,0;22473,0546875;2306,7763671875;6720,0;322,76556396484375;49,4586296081543;1595,0;1395,0;1717,487548828125;2404,4892578125;184,258544921875;1715,6004638671875;4097,5;6226,3583984375;2083677,0
2025-07-24;6181,18017578125;8338,5693359375;3780,0;606,7659912109375;689,9382934570312;1354,5791015625;2605,0;1411,333984375;2955,0;22398,0625;2351,616455078125;6860,0;322,76556396484375;49,4586296081543;1635,0;1420,0;1739,5064697265625;2420,930419921875;184,258544921875;1747,2869873046875;4142,5;6448,3828125;2135087,0
2025-07-25;6314,31396484375;8581,34765625;3840,0;634,6522216796875;708,8817138671875;1392,33740234375;2660,0;1453,1168212890625;3010,0;22798,02734375;2436,314697265625;7150,0;343,7152404785156;51,68649673461914;1715,0;1455,0;1867,951171875;2503,135009765625;184,258544921875;1801,6068115234375;4285,0;6612,48779296875;2197099,0
2025-07-28;6295,29443359375;8525,32421875;3875,0;632,7290649414062;705,890625;1420,6561279296875;2605,0;1471,68701171875;3110,0;23048,005859375;2461,225830078125;7220,0;344,2027893066406;56,14222717285156;1855,0;1560,0;1926,668701171875;2593,560302734375;185,6924591064453;1810,66015625;4317,5;6580,35791015625;2213570,0
2025-07-29;6494,9951171875;8904,8125;4070,0;639,460205078125;719,8489379882812;1463,13427734375;2860,0;1532,0401611328125;3145,0;23297,984375;2511,048095703125;7750,0;351,51593017578125;61,377716064453125;1930,0;1645,0;1981,7164306640625;2601,78076171875;191,90609741210938;1901,193115234375;4500,0;6899,697265625;2304343,0
2025-07-30;6514,013671875;8848,4541015625;4110,0;667,346435546875;747,7655029296875;1430,095703125;2830,0;1518,112548828125;3150,0;23372,978515625;2491,119140625;7720,0;352,9785461425781;59,818206787109375;1895,0;1610,0;1989,055908203125;2515,4658203125;193,3400115966797;1869,506591796875;4482,5;6957,76025390625;2306756,0
2025-07-31;6533,03271484375;8867,240234375;4115,0;669,2695922851562;784,6552734375;1430,095703125;2825,0;1532,0401611328125;3175,0;23447,970703125;2496,1015625;7820,0;355,4162292480469;58,48148727416992;1940,0;1550,0;1926,668701171875;2527,796630859375;197,4027862548828;1819,71337890625;4557,5;6957,76025390625;2319511,0
2025-08-01;6361,861328125;8604,2275390625;4065,0;649,076171875;771,6939697265625;1401,7769775390625;2725,0;1532,0401611328125;3185,0;23347,978515625;2471,190185546875;7710,0;351,51593017578125;55,808048248291016;1930,0;1480,0;1967,036865234375;2482,583984375;194,5349578857422;1792,553466796875;4517,5;6725,51171875;2278849,0
2025-08-04;6361,861328125;8773,306640625;4050,0;628,8826904296875;742,7803955078125;1420,6561279296875;2820,0;1504,184814453125;3190,0;24272,900390625;2511,048095703125;7710,0;355,4162292480469;56,25362014770508;1975,0;1500,0;1956,02734375;2556,568115234375;191,1891326904297;1860,4532470703125;4557,5;6919,0517578125;2287329,0
2025-08-05;6523,5234375;9158,4287109375;4180,0;622,1514892578125;722,8399658203125;1448,974853515625;2980,0;1527,3975830078125;3255,0;24272,900390625;2535,95947265625;7890,0;356,87884521484375;58,48148727416992;2015,0;1510,0;2033,0941162109375;2527,796630859375;196,20785522460938;1874,033203125;4712,5;7141,62255859375;2346867,0
2025-08-06;6723,22265625;9440,228515625;4385,0;610,6123657226562;722,8399658203125;1463,13427734375;3115,0;1601,6783447265625;3340,0;24797,853515625;2600,728515625;7900,0;360,77911376953125;62,04607391357422;2075,0;1610,0;2062,452880859375;2610,001220703125;199,31468200683594;1937,4063720703125;4835,0;7393,224609375;2415041,0
2025-08-07;6524,34130859375;9064,498046875;4135,0;592,3421020507812;724,8340454101562;1401,7769775390625;3015,0;1597,0357666015625;3290,0;24447,884765625;2600,728515625;7770,0;368,57977294921875;60,9321403503418;1920,0;1675,0;1948,6876220703125;2671,65478515625;196,20785522460938;1923,826416015625;4755,0;7122,2685546875;2349021,0
2025-08-08;6467,1103515625;8895,4169921875;3980,0;608,689208984375;727,8250732421875;1382,8978271484375;2925,0;1555,2529296875;3035,0;24197,90625;2680,4443359375;7550,0;363,2168273925781;60,709354400634766;1895,0;1670,0;1893,64013671875;2552,4580078125;198,1197509765625;1887,6131591796875;4572,5;7083,5615234375;2300926,0
2025-08-11;6467,1103515625;8886,0234375;4000,0;615,4203491210938;711,8727416992188;1406,496826171875;2925,0;1573,822998046875;3005,0;23747,9453125;2680,4443359375;7670,0;365,65447998046875;61,377716064453125;1885,0;1750,0;1845,93212890625;2577,119384765625;195,49090576171875;1910,2464599609375;4550,0;7122,2685546875;2303302,0
2025-08-12;6552,95703125;9017,5302734375;4045,0;607,7276000976562;721,8429565429688;1415,9364013671875;2910,0;1555,2529296875;3015,0;23023,0078125;2735,248779296875;7710,0;355,9037780761719;59,37263488769531;1960,0;1795,0;1900,9796142578125;2577,119384765625;194,5349578857422;1955,512939453125;4510,0;7151,30029296875;2311836,0
2025-08-13;6514,8037109375;8848,4541015625;4030,0;600,0348510742188;711,8727416992188;1392,33740234375;2875,0;1513,469970703125;2885,0;22423,05859375;2785,0712890625;7600,0;349,0781555175781;60,900001525878906;1940,0;1755,0;1941,347900390625;2523,686279296875;195,72988891601562;1919,2996826171875;4480,0;6986,79052734375;2287631,0
2025-08-14;6152,33935546875;8491,5078125;3910,0;585,6109008789062;705,890625;1330,980224609375;2600,0;1443,831787109375;2815,0;21623,12890625;2555,88818359375;7350,0;336,8897399902344;58,79999923706055;1805,0;1650,0;1842,2620849609375;2408,599609375;186,88739013671875;1846,873291015625;4292,5;6638,419921875;2188543,0
2025-08-18;6085,56982421875;8660,587890625;3900,0;581,7645263671875;704,8936157226562;1349,859375;2635,0;1411,333984375;2740,0;20998,18359375;2600,728515625;7390,0;339,81494140625;60,099998474121094;1820,0;1605,0;1934,0084228515625;2400,379150390625;185,9314422607422;1819,71337890625;4397,5;6793,25048828125;2198382,0
2025-08-19;5789,87646484375;8040,630859375;3700,0;574,07177734375;680,965087890625;1307,3812255859375;2475,0;1332,41064453125;2635,0;20773,201171875;2411,4033203125;7040,0;341,7650146484375;55,900001525878906;1695,0;1525,0;1878,960693359375;2330,505126953125;185,6924591064453;1747,2869873046875;4177,5;6290,046875;2092206,0
2025-08-20;5761,26123046875;8162,744140625;3715,0;559,6478881835938;676,97705078125;1307,3812255859375;2440,0;1332,41064453125;2665,0;20473,228515625;2401,43896484375;7130,0;338,3523254394531;53,29999923706055;1605,0;1465,0;1864,2811279296875;2351,056396484375;181,6296844482422;1774,4468994140625;4112,5;6299,72412109375;2081951,0
2025-08-21;5808,95263671875;8172,138671875;3755,0;574,07177734375;675,97998046875;1345,1395263671875;2440,0;1360,2659912109375;2720,0;20623,21484375;2466,2080078125;7460,0;339,81494140625;52,900001525878906;1615,0;1480,0;1915,6591796875;2375,7177734375;183,06361389160156;1788,02685546875;4175,0;6009,41455078125;2103163,0
2025-08-22;5761,26123046875;8237,890625;3750,0;576,95654296875;689,9382934570312;1382,8978271484375;2415,0;1355,6234130859375;2705,0;20598,21875;2431,332275390625;7420,0;334,9395751953125;52,099998474121094;1575,0;1475,0;1926,668701171875;2367,497314453125;182,82461547851562;1815,186767578125;4250,0;5961,029296875;2106200,0
2025-08-25;5484,64306640625;7702,4736328125;3610,0;580,8029174804688;709,8787231445312;1345,1395263671875;2210,0;1295,270263671875;2690,0;19648,298828125;2351,616455078125;7130,0;309,5455017089844;47,349998474121094;1470,0;1390,0;1812,9034423828125;2227,7490234375;181,6296844482422;1801,6068115234375;4102,5;5622,33544921875;2021852,0
2025-08-26;5389,2587890625;7589,755859375;3685,0;566,3790283203125;722,8399658203125;1345,1395263671875;2250,0;1341,69580078125;2700,0;19523,310546875;2386,4921875;7360,0;314,4278869628906;46,650001525878906;1480,0;1375,0;1860,6114501953125;2404,4892578125;177,80589294433594;1792,553466796875;4182,5;5600,12353515625;2033345,0
2025-08-27;5169,87255859375;7235,11962890625;3590,0;562,5326538085938;734,80419921875;1316,82080078125;2150,0;1299,912841796875;2550,0;18873,3671875;2281,865234375;7270,0;312,9632263183594;43,900001525878906;1435,0;1305,0;1779,8748779296875;2244,190185546875;173,50413513183594;1747,2869873046875;4120,0;5357,48388671875;1974151,0
2025-08-28;5122,1796875;7499,93408203125;3675,0;551,9551391601562;694,9234008789062;1316,82080078125;2135,0;1355,6234130859375;2505,0;19123,345703125;2371,54541015625;7400,0;321,7514953613281;44,29999923706055;1500,0;1285,0;1735,836669921875;2268,8515625;178,7618408203125;1806,1334228515625;4157,5;5444,8349609375;1997379,0
2025-08-29;5055,41064453125;7395,89990234375;3645,0;548,1087646484375;720,845947265625;1279,0625;2105,0;1341,69580078125;2530,0;18623,388671875;2426,35009765625;7360,0;321,2633056640625;42,349998474121094;1455,0;1260,0;1746,84619140625;2248,30029296875;184,01954650878906;1806,1334228515625;4130,0;5357,48388671875;1984845,0
2025-09-01;4960,025390625;7244,57666015625;3535,0;555,801513671875;746,7684936523438;1250,7437744140625;2085,0;1299,912841796875;2445,0;18248,419921875;2321,72314453125;7100,0;314,9161682128906;40,900001525878906;1410,0;1200,0;1717,487548828125;2083,890869140625;177,80589294433594;1729,180419921875;4045,0;5221,60595703125;1939743,0
2025-09-02;5169,87255859375;7499,93408203125;3610,0;531,7616577148438;735,80126953125;1274,3427734375;2125,0;1309,197998046875;2540,0;18173,427734375;2321,72314453125;7210,0;314,4278869628906;40,75;1430,0;1190,0;1680,7890625;2038,67822265625;175,65501403808594;1783,500244140625;4155,0;5454,53955078125;1975730,0
2025-09-03;5045,8720703125;7301,3232421875;3610,0;519,2609252929688;697,9144897460938;1231,8646240234375;2055,0;1281,3426513671875;2495,0;17798,4609375;2256,9541015625;7000,0;305,6395263671875;39,70000076293945;1415,0;1185,0;1661,17138671875;1890,7095947265625;173,26515197753906;1724,65380859375;4065,0;5376,8955078125;1933987,0
2025-09-04;5284,3349609375;7575,59619140625;3725,0;509,64495849609375;693,9263916015625;1250,7437744140625;2160,0;1313,8404541015625;2510,0;17823,45703125;2276,883056640625;7240,0;302,22186279296875;38,900001525878906;1480,0;1195,0;1665,3983154296875;1944,1427001953125;176,84996032714844;1751,813720703125;4252,5;5551,595703125;1990320,0
2025-09-05;5324,46435546875;7698,544921875;3760,0;490,4130859375;683,9561767578125;1260,183349609375;2215,0;1295,270263671875;2490,0;17723,466796875;2341,652099609375;7270,0;304,1748046875;38,79999923706055;1515,0;1240,0;1623,1292724609375;1989,3553466796875;176,37197875976562;1797,0802001953125;4287,5;5473,95166015625;1997624,0
2025-09-08;4251,91015625;6199,50390625;3267,5;490,4130859375;694,4248657226562;1199,77001953125;1758,0;1171,778564453125;2293,0;16473,57421875;2049,69287109375;6170,0;281,7156982421875;34,7599983215332;1258,0;1130,0;1591,8502197265625;1890,7095947265625;151,75637817382812;1655,8486328125;3786,0;4374,79443359375;1732924,0
2025-09-09;4141,7822265625;5963,06201171875;3372,5;500,0290222167969;691,9323120117188;1169,5634765625;1669,0;1142,0662841796875;2286,0;17023,525390625;2050,689208984375;6340,0;278,7862548828125;33,29999923706055;1259,0;1110,0;1636,6553955078125;1944,1427001953125;152,4733428955078;1623,2568359375;3860,0;4270,45751953125;1728447,0
2025-09-10;4419,49755859375;6426,48828125;3580,0;530,3192749023438;699,9085083007812;1206,3778076171875;1792,0;1202,41943359375;2311,0;18023,439453125;2136,3837890625;6730,0;281,47149658203125;34,279998779296875;1351,0;1155,0;1722,0386962890625;2293,512939453125;156,29713439941406;1678,48193359375;4112,0;4517,9501953125;1825228,0
2025-09-11;4330,91552734375;6289,35302734375;3587,5;529,357666015625;679,9680786132812;1201,657958984375;1704,0;1216,3470458984375;2277,0;17723,466796875;2114,4619140625;6515,0;279,03033447265625;34,13999938964844;1297,0;1140,0;1691,60498046875;2445,0;157,7310333251953;1643,174072265625;4088,0;4457,29150390625;1805182,0
2025-09-12;4223,18212890625;6071,82568359375;3512,5;519,2609252929688;664,0157470703125;1183,7227783203125;1614,0;1169,9215087890625;2240,0;16924,595703125;2080,582763671875;6295,0;267,80078125;33,209999084472656;1248,0;1100,0;1611,2939453125;2280,0;157,9700164794922;1591,5701904296875;4020,0;4316,56005859375;1759874,0
2025-09-15;4122,62890625;5986,70703125;3545,0;534,1656494140625;665,0127563476562;1209,2095947265625;1599,0;1153,2083740234375;2243,0;16974,595703125;2106,490478515625;6310,0;254,12997436523438;32,400001525878906;1235,0;1070,0;1529,2921142578125;2245,0;157,49205017089844;1590,6649169921875;4004,0;4192,81396484375;1748702,0
2025-09-16;4251,91015625;6076,55517578125;3637,5;549,5511474609375;682,4606323242188;1226,200927734375;1622,0;1181,063720703125;2253,0;17299,587890625;2135,387451171875;6540,0;255,59471130371094;32,869998931884766;1260,0;1090,0;1528,44677734375;2295,0;161,3158416748047;1594,2862548828125;4098,0;4270,45751953125;1788269,0
2025-09-17;4220,787109375;6062,36767578125;3595,0;548,5895385742188;686,947265625;1291,333984375;1672,0;1161,56494140625;2220,0;17049,59375;2121,43701171875;6570,0;258,5241394042969;33,06999969482422;1244,0;1065,0;1477,7239990234375;2410,0;162,0327911376953;1624,162109375;4084,0;4280,1640625;1783520,0
2025-09-18;4017,28955078125;5821,19775390625;3507,5;522,62646484375;657,53515625;1287,55810546875;1574,0;1117,925048828125;2211,0;15899,62109375;2013,82080078125;6285,0;237,52978515625;30,200000762939453;1166,0;992,5;1315,4110107421875;2335,0;143,391845703125;1607,8662109375;3806,0;4105,462890625;1695530,0
2025-09-19;3914,343505859375;5721,89208984375;3572,5;529,8384399414062;651,0545043945312;1302,6614990234375;1551,0;1116,99658203125;2229,0;15999,6181640625;2079,58642578125;6390,0;238,75035095214844;29,34000015258789;1176,0;952,5;1246,935302734375;2300,0;142,4359130859375;1679,38720703125;3708,0;3889,513671875;1683960,0
2025-09-22;4412,3154296875;6435,94677734375;3677,5;523,1072998046875;641,0842895507812;1289,446044921875;1797,0;1163,4219970703125;2344,0;16874,59765625;2127,415771484375;6560,0;271,2184753417969;35,18000030517578;1322,0;1100,0;1511,5391845703125;2505,0;162,49237060546875;1652,2274169921875;3888,0;4593,16845703125;1811039,0
2025-09-23;4285,4287109375;6431,21728515625;3680,0;537,0504150390625;637,5947265625;1254,5196533203125;1742,0;1189,4202880859375;2242,0;16949,595703125;2094,532958984375;6385,0;288,795166015625;36,70000076293945;1335,0;1165,0;1616,3662109375;2690,0;175,49176025390625;1606,9608154296875;3904,0;4639,27099609375;1815382,0
2025-09-24;4378,79833984375;6464,318359375;3677,5;555,801513671875;660,5261840820312;1254,5196533203125;1778,0;1272,986083984375;2227,0;17399,5859375;2103,5009765625;6435,0;297,2748718261719;36,68000030517578;1330,0;1230,0;1842,0826416015625;2700,0;182,7414093017578;1656,7540283203125;3870,0;4588,31640625;1843319,0
2025-09-25;4101,0830078125;6242,0634765625;3572,5;533,2040405273438;643,0783081054688;1244,1361083984375;1641,0;1221,9180908203125;2192,0;16299,611328125;2077,593505859375;6325,0;294,0967712402344;33,150001525878906;1243,0;1160,0;1681,46044921875;2420,0;176,74169921875;1606,9608154296875;3760,0;4235,125;1767848,0
2025-09-26;4156,1474609375;6266,9228515625;3637,5;545,2239379882812;660,5261840820312;1267,7349853515625;1581,0;1181,063720703125;2243,0;16149,615234375;2151,33056640625;6435,0;302,6531677246094;31,170000076293945;1211,0;1145,0;1571,5611572265625;2305,0;182,7414093017578;1584,32763671875;3838,0;4210,7705078125;1791046,0
2025-09-29;4211,2109375;6281,23046875;3597,5;560,6094970703125;686,947265625;1299,82958984375;1591,0;1154,136962890625;2251,0;15574,62890625;2181,223876953125;6415,0;300,45294189453125;31,450000762939453;1209,0;1120,0;1570,7156982421875;2275,0;183,99136352539062;1638,6474609375;3778,0;4298,44482421875;1793185,0
2025-09-30;4069,95947265625;6147,68798828125;3682,5;554,359130859375;693,9263916015625;1333,81201171875;1517,0;1147,6373291015625;2255,0;15049,6416015625;2227,060546875;6470,0;294,83013916015625;29,899999618530273;1191,0;1080,0;1520,8382568359375;2235,0;178,4916229248047;1634,1207275390625;3738,0;4137,70947265625;1773440,0
2025-10-01;4012,50146484375;6009,37744140625;3660,0;594,2652587890625;729,3206176757812;1350,80322265625;1465,0;1133,709716796875;2227,0;15249,63671875;2260,939697265625;6375,0;292,8744812011719;30,170000076293945;1172,0;1060,0;1531,8282470703125;2215,0;175,2417755126953;1629,5941162109375;3700,0;4069,518798828125;1764590,0
2025-10-02;4153,751953125;6171,53515625;3750,0;610,131591796875;751,2550659179688;1381,0098876953125;1554,0;1157,8509521484375;2307,0;15249,63671875;2297,808349609375;6460,0;293,6077575683594;31,31999969482422;1216,0;1125,0;1608,7578125;2270,0;179,49156188964844;1643,174072265625;3716,0;4145,01513671875;1808661,0
2025-10-03;4189,6640625;6223,998046875;3707,5;632,2482299804688;756,7387084960938;1353,6351318359375;1531,0;1127,2100830078125;2273,0;15649,626953125;2270,904296875;6425,0;288,2294616699219;32,4900016784668;1191,0;1135,0;1630,7376708984375;2230,0;180,2415313720703;1593,380859375;3682,0;4103,6142578125;1805024,0
2025-10-06;4184,87548828125;6309,84619140625;3680,0;613,4971313476562;734,3057250976562;1324,3724365234375;1550,0;1106,782958984375;2302,0;15474,630859375;2284,8544921875;6445,0;281,8732604980469;32,040000915527344;1181,0;1170,0;1620,5931396484375;2190,0;180,2415313720703;1579,8009033203125;3756,0;4115,7900390625;1802570,0
2025-10-07;4177,47998046875;6314,615234375;3730,0;583,2069091796875;696,4189453125;1364,0186767578125;1515,0;1114,2110595703125;2336,0;15424,6318359375;2247,986083984375;6465,0;279,4286193847656;31,299999237060547;1206,0;1140,0;1624,820068359375;2180,0;175,7417449951172;1593,380859375;3752,0;4032,98828125;1793952,0
2025-10-08;4230,419921875;6462,4658203125;3772,5;598,1116333007812;716,8578491210938;1380,06591796875;1544,0;1142,9947509765625;2403,0;15474,630859375;2230,0498046875;6530,0;283,3401184082031;30,979999542236328;1264,0;1120,0;1634,964599609375;2215,0;174,9917755126953;1575,2742919921875;3772,0;4149,8857421875;1819464,0
2025-10-09;4591,37744140625;7106,3271484375;3860,0;600,9963989257812;718,3533935546875;1401,7769775390625;1730,0;1230,274658203125;2456,0;16299,611328125;2270,904296875;6810,0;292,8744812011719;33,900001525878906;1337,0;1200,0;1796,43212890625;2345,0;191,99098205566406;1597,9075927734375;3912,0;4559,03076171875;1924930,0
2025-10-13;4747,79248046875;7306,6396484375;3890,0;584,6493530273438;690,4368286132812;1360,2427978515625;1898,0;1266,486572265625;2398,0;16524,60546875;2250,975341796875;6905,0;318,0547790527344;34,41999816894531;1452,0;1250,0;1869,134765625;2325,0;197,24073791503906;1593,380859375;3976,0;4675,927734375;1958155,0
2025-10-14;4516,77978515625;7087,2490234375;3770,0;570,7062377929688;689,9382934570312;1329,09228515625;1751,0;1233,9886474609375;2310,0;15774,6240234375;2187,20263671875;6640,0;306,564697265625;32,189998626708984;1404,0;1130,0;1695,8319091796875;2250,0;188,2411651611328;1566,220947265625;3846,0;4510,322265625;1884774,0
2025-10-15;4617,84765625;7282,79296875;3857,5;561,0902709960938;702,8995361328125;1335,699951171875;1830,0;1342,624267578125;2321,0;15774,6240234375;2204,142333984375;6630,0;302,40869140625;32,18000030517578;1421,0;1155,0;1689,914306640625;2310,0;180,9915008544922;1570,7476806640625;3870,0;4512,75830078125;1912739,0
2025-10-16;4670,78759765625;7416,3349609375;3847,5;587,0532836914062;735,80126953125;1340,4197998046875;1843,0;1346,3382568359375;2332,0;15524,6298828125;2273,8935546875;6590,0;308,031494140625;31,610000610351562;1391,0;1105,0;1642,572998046875;2270,0;179,74156188964844;1566,220947265625;3912,0;4590,689453125;1929505,0
2025-10-17;4774,26318359375;7816,96044921875;3927,5;615,4203491210938;794,126953125;1397,0572509765625;1953,0;1375,1220703125;2402,0;15674,6259765625;2422,3642578125;6835,0;308,5204162597656;31,790000915527344;1434,0;1110,0;1657,789794921875;2410,0;181,74147033691406;1616,01416015625;4026,0;4722,19970703125;1989555,0
2025-10-20;4822,3896484375;7859,88330078125;3770,0;627,4402465820312;849,4616088867188;1407,440673828125;1929,0;1362,1229248046875;2387,0;15674,6259765625;2385,495849609375;6840,0;310,96514892578125;32,0099983215332;1398,0;1095,0;1599,4586181640625;2405,0;178,74160766601562;1602,4342041015625;3952,0;4768,47216796875;1978419,0
2025-10-21;4923,4580078125;8141,2763671875;3822,5;620,7091064453125;881,3662719726562;1413,1044921875;2001,0;1328,6966552734375;2460,0;15699,6259765625;2347,630859375;6885,0;309,9872741699219;31,93000030517578;1379,0;1095,0;1564,798095703125;2510,0;182,24143981933594;1656,7540283203125;3980,0;4938,94921875;2002849,0
2025-10-22;5106,34326171875;8484,6689453125;3865,0;598,5924682617188;829,022705078125;1401,7769775390625;1942,0;1335,1961669921875;2479,0;15524,6298828125;2306,7763671875;7010,0;309,25384521484375;32,150001525878906;1412,0;1105,0;1554,653564453125;2520,0;182,9914093017578;1656,7540283203125;3982,0;4958,43212890625;2018811,0
2025-10-23;5217,03759765625;8622,9794921875;3892,5;577,9181518554688;791,1359252929688;1381,953857421875;2129,0;1385,335693359375;2527,5;15699,6259765625;2352,613037109375;7045,0;312,6764221191406;32,56999969482422;1460,0;1155,0;1537,745849609375;2580,0;183,99136352539062;1692,9671630859375;4174,0;5109,42529296875;2055520,0
2025-10-24;5342,16943359375;8594,36328125;3920,0;566,8598022460938;800,1090698242188;1381,0098876953125;2127,0;1391,835205078125;2505,0;15599,6279296875;2454,250732421875;7050,0;312,4319763183594;33,13999938964844;1509,0;1195,0;1594,3863525390625;2530,0;191,4910125732422;1670,333984375;4228,0;5143,52099609375;2076859,0
2025-10-27;6824,50048828125;11055,3466796875;4522,5;566,8598022460938;809,5807495117188;1635,87841796875;2912,5;1788,3087158203125;3015,0;18024,5703125;3158,7392578125;8960,0;356,5212097167969;41,290000915527344;1929,0;1455,0;2064,41748046875;2775,0;223,98947143554688;2027,9393310546875;4870,0;6736,2587890625;2529084,0
2025-10-28;7373,15576171875;11770,7470703125;4620,0;594,74609375;880,3692626953125;1660,4329833984375;3170,0;1879,3026123046875;3112,5;19174,54296875;3280,803955078125;9200,0;379,29351806640625;46,81999969482422;2115,0;1620,0;2223,348876953125;3000,0;239,48875427246094;2032,4659423828125;5062,5;7237,091796875;2670388,0
2025-10-29;7594,54248046875;12093,9150390625;4915,0;675,5199584960938;928,7247314453125;1661,35302734375;3440,0;1986,0811767578125;3167,5;20399,513671875;3230,981689453125;9400,0;395,2095947265625;55,70000076293945;2366,0;1770,0;2278,298583984375;3505,0;271,48724365234375;2046,0458984375;5197,5;7515,44189453125;2801881,0
2025-10-30;7705,23681640625;12084,3310546875;4847,5;694,7518920898438;931,7158203125;1609,838134765625;3347,5;1986,0811767578125;3095,0;21149,49609375;3156,248046875;9120,0;394,9647521972656;55,29999923706055;2284,0;1705,0;2284,638916015625;3465,0;278,9869079589844;2005,3060302734375;5165,0;7422,65869140625;2793520,0
2025-10-31;8513,7802734375;12946,814453125;5155,0;701,0022583007812;983,5609130859375;1717,46728515625;3770,0;2176,425537109375;3322,5;23074,44921875;3367,9931640625;9390,0;435,1223449707031;57,5;2502,5;1930,0;2432,58056640625;3825,0;304,9856872558594;2150,158935546875;5460,0;8125,8583984375;3002607,0
2025-11-03;8841,048828125;13090,560546875;5410,0;759,6594848632812;1005,9938354492188;1749,6640625;3930,0;2265,5625;3260,0;22699,458984375;3759,098876953125;9300,0;448,5898742675781;59,400001525878906;2652,5;1995,0;2512,8916015625;4025,0;304,9856872558594;2140,0;5605,0;8692,32421875;3104495,0
2025-11-04;8725,5439453125;12946,814453125;5350,0;780,333740234375;967,6085815429688;1839,0;3830,0;2254,420166015625;3255,0;22024,474609375;3639,525146484375;9075,0;438,30560302734375;60,0;2645,0;1920,0;2544,59326171875;3900,0;317,7350769042969;2015,0;5537,5;8384,673828125;3080710,0
2025-11-05;8475,2802734375;12735,984375;5270,0;768,7946166992188;973,5906982421875;1767,0;3807,5;2154,141357421875;3415,0;21799,48046875;3679,383056640625;8985,0;434,38775634765625;62,70000076293945;2552,5;1875,0;2586,8623046875;3795,0;322,7348327636719;1985,0;5560,0;8409,0908203125;3048197,0
2025-11-06;8350,1455078125;12553,9052734375;5170,0;752,447509765625;963,1219482421875;1687,0;3622,5;2058,5048828125;3282,5;21699,482421875;3646,99853515625;8715,0;432,1839599609375;59,900001525878906;2425,0;1825,0;2597,429443359375;3590,0;312,2353210449219;2020,0;5462,5;8096,55712890625;2973544,0
2025-11-07;7793,07861328125;11911,8369140625;5030,0;715,9069213867188;981,5668334960938;1666,0;3470,0;1982,3670654296875;3200,0;21524,486328125;3495,040283203125;8430,0;427,2867126464844;58,0;2386,0;1760,0;2646,038818359375;3480,0;297,9859924316406;2055,0;5430,0;7637,5244140625;2864647,0
2025-11-10;7933,0166015625;11969,333984375;5175,0;834,663818359375;1094,7286376953125;1720,0;3450,0;2072,432373046875;3345,0;21749,48046875;3637,033935546875;8785,0;429,24566650390625;61,599998474121094;2473,0;1955,0;2787,639892578125;3590,0;293,2362365722656;2100,0;5587,5;7481,2578125;2951889,0
2025-11-11;7860,634765625;11931,0009765625;5185,0;825,5286865234375;1120,6512451171875;1773,0;3390,0;2045,5057373046875;3372,5;23049,451171875;3604,6494140625;9130,0;435,3672180175781;70,30000305175781;2450,0;1905,0;2941,921875;3865,0;284,48663330078125;2180,0;5605,0;7456,84130859375;2958258,0
2025-11-12;7918,53955078125;12266,4111328125;5285,0;818,3167114257812;1074,788330078125;1758,0;3485,0;2047,36279296875;3492,5;23049,451171875;3724,22314453125;8995,0;442,4682922363281;74,69999694824219;2414,0;1875,0;2880,6318359375;3925,0;290,2363586425781;2195,0;5587,5;7622,87451171875;2984608,0
2025-11-13;7542,15576171875;11701,0068359375;5145,0;767,3522338867188;985,554931640625;1724,0;3260,0;2033,43505859375;3395,0;22599,4609375;3646,99853515625;8890,0;440,26446533203125;73,80000305175781;2338,0;1840,0;2717,896240234375;3685,0;284,48663330078125;2170,0;5497,5;7266,39208984375;2883333,0
2025-11-14;7629,01318359375;11873,5029296875;5370,0;793,7960815429688;1117,66015625;1758,0;3467,5;2098,4306640625;3562,5;23299,4453125;3689,34765625;9210,0;442,9580078125;79,9000015258789;2432,0;1910,0;2950,37548828125;3910,0;292,48626708984375;2215,0;5815,0;7661,94140625;2992809,0
2025-11-17;7373,265625;11356,01171875;5255,0;781,2953491210938;1074,788330078125;1759,0;3275,0;2058,5048828125;3530,0;23575,0;3823,867919921875;8905,0;444,42718505859375;80,5999984741211;2312,0;2015,0;3020,119384765625;4085,0;291,4862976074219;2230,0;5685,0;7520,32568359375;2926871,0
2025-11-18;7296,05859375;11193,1005859375;5325,0;799,0848388671875;1060,8299560546875;1775,0;3272,5;2046,4342041015625;3487,5;23425,0;3752,5;9105,0;443,93743896484375;79,0999984741211;2375,0;2005,0;3058,16162109375;4055,0;293,2362365722656;2325,0;5777,5;7466,60888671875;2932664,0
2025-11-19;7049,96142578125;10972,6884765625;5250,0;778,891357421875;1045,8746337890625;1752,0;3135,0;1998,1517333984375;3397,5;23700,0;3675,0;9095,0;442,9580078125;76,30000305175781;2387,0;1915,0;2998,98486328125;3815,0;285,986572265625;2275,0;5655,0;7320,10888671875;2869724,0
2025-11-20;7040,310546875;11164,3505859375;5275,0;767,8330078125;1024,937255859375;1734,0;3085,0;2013,9364013671875;3385,0;23875,0;3555,0;9065,0;451,31866455078125;66,5999984741211;2371,0;1975,0;2952,489013671875;3715,0;285,2366027832031;2285,0;5580,0;7193,1416015625;2850533,0
2025-11-21;6741,1337890625;10694,7783203125;5155,0;761,5827026367188;1006,9908447265625;1674,0;2892,5;1954,5118408203125;3347,5;23950,0;3427,5;8940,0;450,828369140625;65,5;2255,0;1920,0;2859,497314453125;3660,0;276,2370300292969;2245,0;5397,5;6865,958984375;2761615,0
2025-11-25;7199,55029296875;11298,5166015625;5300,0;763,9866333007812;1003,0028076171875;1745,0;3135,0;2026,935546875;3480,0;24725,0;3557,5;8990,0;470,1950988769531;69,80000305175781;2383,0;1880,0;2897,539306640625;3570,0;285,986572265625;2200,0;5457,5;7275,4765625;2865760,0
2025-11-26;7556,63232421875;12212,076171875;5445,0;772,1602172851562;1010,9789428710938;1819,0;3380,0;2135,571044921875;3670,0;25700,0;3660,0;9335,0;473,3820495605469;74,4000015258789;2602,5;1945,0;2899,65283203125;3760,0;292,7362365722656;2305,0;5572,5;7911,95849609375;2985632,0
2025-11-27;7580,75830078125;12587,6845703125;5415,0;785,1417236328125;1031,9163818359375;1849,0;3415,0;2182,925048828125;3757,5;26250,0;3667,5;9290,0;507,9479675292969;75,30000305175781;2587,5;1940,0;2914,447021484375;3780,0;298,2359924316406;2355,0;5617,5;8000,0869140625;3020019,0
2025-11-28;7643,48974609375;12501,0068359375;5405,0;774,0833740234375;1046,8717041015625;1815,0;3402,5;2259,991455078125;3750,0;26200,0;3725,0;9175,0;521,1859741210938;74,0;2572,5;2065,0;2920,787353515625;3860,0;299,4859313964844;2320,0;5610,0;8024,56689453125;3026470,0
2025-12-01;7725,52294921875;12423,9580078125;5470,0;784,1801147460938;1085,7554931640625;1769,0;3462,5;2367,698486328125;3780,0;26650,0;3812,5;9435,0;520,2055053710938;74,0;2670,0;2205,0;3068,728759765625;3775,0;299,98590087890625;2305,0;5570,0;8088,21484375;3060289,0
2025-12-02;7648,3154296875;12212,076171875;5430,0;784,6609497070312;1072,794189453125;1727,0;3385,0;2360,734619140625;3810,0;26650,0;3855,0;9400,0;519,7151489257812;73,80000305175781;2605,0;2260,0;3041,25390625;3765,0;301,23583984375;2290,0;5557,5;8088,21484375;3042001,0
2025-12-03;7822,0302734375;12712,8876953125;5610,0;780,333740234375;1068,80615234375;1785,0;3600,0;2506,974853515625;3852,5;26700,0;3875,0;9780,0;510,88983154296875;74,19999694824219;2717,5;2260,0;3102,5439453125;3725,0;303,7357482910156;2330,0;5670,0;8465,2080078125;3129449,0
2025-12-04;7604,8857421875;13001,818359375;5570,0;779,8529663085938;1064,818115234375;1759,0;3545,0;2453,58544921875;3800,0;26800,0;3862,5;9675,0;500,5935974121094;72,30000305175781;2617,5;2220,0;3227,237548828125;3700,0;299,7359313964844;2295,0;5595,0;8323,22265625;3096396,0
2025-12-05;7433,8623046875;12751,4130859375;5455,0;756,2938842773438;1061,8270263671875;1738,0;3397,5;2430,372802734375;3720,0;27050,0;3817,5;9505,0;501,0838623046875;71,80000305175781;2505,0;2160,0;3345,590576171875;3715,0;301,48583984375;2285,0;5497,5;8235,095703125;3046355,0
2025-12-09;7288,6689453125;12578,0537109375;5400,0;731,29248046875;1023,9402465820312;1707,0;3250,0;2367,698486328125;3710,0;26550,0;3635,0;9470,0;487,35546875;69,0999984741211;2460,0;2110,0;3275,846923828125;3765,0;301,9858093261719;2275,0;5395,0;8122,486328125;2987064,0
2025-12-10;7259,63134765625;12963,2919921875;5475,0;734,6580200195312;990,04150390625;1737,0;3245,0;2360,734619140625;3840,0;26650,0;3647,5;9615,0;486,8652038574219;66,30000305175781;2406,0;2140,0;3339,250244140625;3760,0;304,2357177734375;2285,0;5440,0;8235,095703125;3013647,0
2025-12-11;7114,43798828125;12828,458984375;5445,0;715,4261474609375;933,7098388671875;1758,0;3277,5;2339,843017578125;3877,5;26300,0;3565,0;9590,0;488,58123779296875;62,79999923706055;2323,0;2155,0;3398,427001953125;3675,0;302,98577880859375;2275,0;5335,0;8313,431640625;2980581,0
2025-12-12;7124,11767578125;12664,7314453125;5395,0;774,0833740234375;953,1517333984375;1800,0;3335,0;2293,417724609375;3870,0;26000,0;3557,5;9610,0;481,9622497558594;64,5999984741211;2319,0;2150,0;3421,6748046875;3605,0;299,98590087890625;2330,0;5285,0;8308,53515625;2979065,0
2025-12-15;7259,63134765625;12847,7216796875;5460,0;779,8529663085938;952,6532592773438;1798,0;3447,5;2328,23681640625;3895,0;26550,0;3567,5;9675,0;500,10321044921875;64,19999694824219;2357,0;2145,0;3434,35546875;3530,0;295,23614501953125;2350,0;5355,0;8426,0390625;3012681,0
2025-12-16;7467,73974609375;13011,44921875;5470,0;799,565673828125;1026,9312744140625;1757,0;3480,0;2314,7734375;3822,5;27200,0;3507,5;9565,0;500,10321044921875;62,599998474121094;2376,0;2165,0;3588,637451171875;3665,0;294,73614501953125;2355,0;5320,0;8543,5439453125;3034429,0
2025-12-17;7559,6953125;12963,2919921875;5455,0;707,7333984375;1063,821044921875;1800,0;3462,5;2390,9111328125;3815,0;27450,0;3570,0;9465,0;494,2196350097656;63,0;2394,0;2120,0;3582,297119140625;3640,0;293,9862060546875;2360,0;5320,0;8636,568359375;3035517,0
2025-12-18;8053,35009765625;13791,556640625;5485,0;715,4261474609375;1096,7227783203125;1831,0;3747,5;2548,757568359375;4040,0;27600,0;3610,0;9810,0;502,0644226074219;66,80000305175781;2464,0;2200,0;3633,019775390625;3660,0;296,486083984375;2405,0;5475,0;9395,4501953125;3163224,0
2025-12-19;8101,74755859375;13435,2109375;5495,0;713,0221557617188;1077,779296875;1820,0;3670,0;2486,083251953125;3940,0;27600,0;3545,0;9695,0;510,88983154296875;65,5999984741211;2440,0;2155,0;3647,81396484375;3680,0;298,9859619140625;2380,0;5467,5;9243,6748046875;3139467,0
2025-12-22;8024,31201171875;13492,99609375;5465,0;683,6935424804688;1042,8836669921875;1800,0;3712,5;2546,4365234375;3935,0;27700,0;3522,5;9660,0;524,1278686523438;67,80000305175781;2453,0;2130,0;3573,84326171875;3665,0;295,4861145019531;2365,0;5512,5;9273,048828125;3136090,0
2025-12-23;7995,2734375;13213,6982421875;5435,0;694,2710571289062;1002,0057373046875;1791,0;3720,0;2527,8662109375;3935,0;27650,0;3507,5;9555,0;529,4988403320312;66,80000305175781;2403,0;2265,0;3527,347412109375;3655,0;292,48626708984375;2365,0;5510,0;9163,81640625;3114970,0
2025-12-24;8004,95263671875;13358,1640625;5480,0;695,7134399414062;998,0177001953125;1793,0;3700,0;2506,974853515625;3945,0;27600,0;3472,5;9565,0;533,9154663085938;67,19999694824219;2409,0;2295,0;3673,17529296875;3640,0;296,486083984375;2375,0;5490,0;9100,04296875;3121145,0
2025-12-26;8111,42724609375;13425,5810546875;5375,0;671,1928100585938;1003,9998168945312;1810,0;3685,0;2518,5810546875;3980,0;27500,0;3477,5;9480,0;540,2948608398438;64,9000015258789;2420,0;2370,0;3533,687744140625;3625,0;291,4862976074219;2410,0;5460,0;9134,3828125;3112380,0
2025-12-29;8101,74755859375;13357,88671875;5375,0;662,0576782226562;972,0951538085938;1878,0;3670,0;2472,15576171875;3945,0;27350,0;3500,0;9400,0;541,7670288085938;61,900001525878906;2371,0;2435,0;3193,42236328125;3515,0;284,48663330078125;2485,0;5585,0;9183,4375;3100075,0
2025-12-30;7937,1962890625;13125,7431640625;5260,0;646,1913452148438;990,5400390625;1918,0;3570,0;2425,730224609375;3885,0;27300,0;3527,5;9325,0;540,2948608398438;59,5;2336,0;2535,0;3024,346435546875;3435,0;290,7363586425781;2550,0;5460,0;8967,5888671875;3051617,0
2026-01-02;8082,388671875;13425,59375;5440,0;673,1160278320312;1004,0;1936,0;3595,0;2504,653564453125;3997,5;27000,0;3595,0;9515,0;540,78564453125;61,099998474121094;2320,0;2620,0;2933,468017578125;3490,0;301,23583984375;2555,0;5645,0;9242,3076171875;3126292,0
2026-01-05;8242,1025390625;13599,7021484375;5365,0;697,6366577148438;1022,0;1893,0;3677,5;2467,51318359375;4017,5;26750,0;3580,0;9405,0;538,8226318359375;59,5;2305,0;2525,0;2865,837646484375;3520,0;317,7350769042969;2480,0;5527,5;9222,6845703125;3130197,0
2026-01-06;8198,5439453125;13628,720703125;5235,0;705,3294067382812;1031,0;1881,0;3705,0;2451,26416015625;3920,0;25950,0;3605,0;9185,0;544,2206420898438;59,599998474121094;2281,0;2415,0;2922,90087890625;3470,0;331,9844055175781;2500,0;5437,5;9095,13671875;3112377,0
2026-01-07;8072,70849609375;13512,6474609375;5020,0;727,4461059570312;1001,0;1819,0;3560,0;2323,59423828125;3735,0;24700,0;3492,5;8860,0;543,7300415039062;56,5;2149,0;2265,0;2950,37548828125;3315,0;320,2349548339844;2435,0;5110,0;8908,720703125;3013957,0
2026-01-08;8256,6201171875;13938,2431640625;5085,0;762,0634765625;975,0;1890,0;3632,5;2365,377197265625;3810,0;24525,0;3510,0;9255,0;539,8041381835938;56,79999923706055;2193,0;2300,0;3106,770751953125;3220,0;316,4851379394531;2480,0;5192,5;9227,5908203125;3074880,0
2026-01-09;8294,3681640625;14054,314453125;5065,0;770,7178344726562;1005,0;1905,0;3652,5;2381,6259765625;3805,0;24175,0;3460,0;9170,0;543,7300415039062;56,79999923706055;2219,0;2290,0;3208,216552734375;3210,0;320,2349548339844;2490,0;5187,5;9433,6279296875;3089461,0
2026-01-12;8173,0341796875;14015,6240234375;5070,0;758,2171020507812;995,0;1951,0;3595,0;2363,055908203125;3852,5;23650,0;3590,0;8975,0;552,0723876953125;55,20000076293945;2214,0;2295,0;3208,216552734375;3230,0;322,48486328125;2575,0;5175,0;9512,119140625;3076947,0
2026-01-13;7906,1005859375;13744,791015625;5050,0;734,6580200195312;969,0;1930,0;3450,0;2358,413330078125;3710,0;23350,0;3452,5;8945,0;561,886962890625;52,5;2157,0;2210,0;3168,060791015625;3120,0;320,2349548339844;2565,0;5282,5;9296,26953125;3036293,0
2026-01-14;7537,24658203125;13367,5576171875;4935,0;728,8884887695312;960,0;1919,0;3307,5;2240,49267578125;3595,0;22275,0;3315,0;8920,0;562,3777465820312;49,16999816894531;2027,0;2175,0;2783,4130859375;3025,0;316,4851379394531;2570,0;5282,5;8840,041015625;2950111,0
2026-01-15;7619,75341796875;13174,1064453125;4792,5;754,8515014648438;975,0;1877,0;3250,0;2185,710693359375;3530,0;22300,0;3312,5;8690,0;586,914306640625;50,0;2008,0;2265,0;2863,72412109375;2910,0;315,98516845703125;2500,0;5182,5;8634,001953125;2926727,0
2026-01-16;7537,24658203125;13435,2666015625;4792,5;770,2369995117188;990,0;1885,0;3240,0;2148,5703125;3542,5;22675,0;3287,5;8725,0;591,330810546875;54,599998474121094;2040,0;2295,0;2772,845947265625;2950,0;316,4851379394531;2535,0;5215,0;8638,9072265625;2933230,0
2026-01-19;7527,53955078125;13019,3447265625;4795,0;756,7747192382812;998,0;1862,0;3217,5;2138,356689453125;3477,5;22350,0;3270,0;8715,0;592,8030395507812;60,29999923706055;2038,0;2285,0;2817,228271484375;3010,0;317,4850769042969;2450,0;5162,5;8423,05859375;2912976,0
2026-01-20;7488,71240234375;13357,88671875;4905,0;740,9083862304688;998,5;1879,0;3225,0;2150,42724609375;3497,5;21650,0;3327,5;8910,0;588,8771362304688;60,0;2058,0;2265,0;2827,79541015625;2990,0;316,4851379394531;2470,0;5267,5;8614,3798828125;2942092,0
2026-01-21;7881,83447265625;14247,767578125;5010,0;759,6594848632812;1028,0;1899,0;3400,0;2214,494384765625;3642,5;22300,0;3412,5;9330,0;590,3494262695312;59,099998474121094;2294,0;2245,0;2893,3125;3065,0;322,7348327636719;2485,0;5400,0;8879,287109375;3047554,0
2026-01-22;7862,42041015625;14170,3857421875;5035,0;758,6978759765625;1056,0;1926,0;3407,5;2314,7734375;3552,5;22325,0;3787,5;9255,0;595,2567138671875;58,400001525878906;2337,0;2240,0;2838,36279296875;3165,0;323,9847717285156;2485,0;5382,5;9173,62890625;3066435,0
2026-01-23;7886,68701171875;14228,4228515625;5080,0;738,50439453125;1076,0;1912,0;3487,5;2299,917236328125;3592,5;22225,0;3802,5;9340,0;600,65478515625;57,599998474121094;2242,0;2240,0;2931,3544921875;3210,0;324,2347717285156;2505,0;5515,0;9620,044921875;3093535,0
2026-01-26;7954,6337890625;14392,85546875;5175,0;705,8101806640625;1080,0;1930,0;3522,5;2393,232421875;3620,0;22575,0;3807,5;9640,0;606,5330810546875;58,70000076293945;2311,0;2275,0;3083,52294921875;3315,0;326,9846496582031;2620,0;5527,5;9747,59375;3131277,0
2026-01-27;8163,32763671875;15186,0087890625;5365,0;691,8670654296875;1036,0;2120,0;3710,0;2453,58544921875;3692,5;22575,0;3975,0;10140,0;611,4443969726562;61,900001525878906;2463,0;2280,0;3237,8046875;3255,0;332,484375;2790,0;5772,5;10361,201171875;3244320,0
2026-01-28;8211,8603515625;15119,70703125;5380,0;667,346435546875;1031,0;2062,0;3725,0;2428,051513671875;3592,5;22675,0;3922,5;9875,0;610,462158203125;63,79999923706055;2398,0;2260,0;3096,20361328125;3185,0;340,2340087890625;2735,0;5805,0;10125,2724609375;3230714,0
2026-01-29;8066,26123046875;14847,8056640625;5315,0;670,231201171875;1046,0;2056,0;3717,5;2390,9111328125;3522,5;22825,0;4042,5;9830,0;606,0419921875;61,79999923706055;2336,0;2220,0;3168,060791015625;3140,0;340,9839782714844;2725,0;5907,5;10007,306640625;3211242,0
2026-01-30;8066,26123046875;14847,8056640625;5215,0;677,9239501953125;1045,0;2034,0;3680,0;2365,377197265625;3487,5;22550,0;4047,5;9655,0;608,4976196289062;60,79999923706055;2352,0;2160,0;3250,4853515625;3115,0;335,7342224121094;2635,0;5970,0;9997,4775390625;3199554,0
2026-02-02;7838,15380859375;14352,5537109375;5045,0;686,0975341796875;1022,0;1996,0;3490,0;2266,490966796875;3342,5;21650,0;3875,0;9195,0;606,5330810546875;56,29999923706055;2244,0;2005,0;3256,82568359375;3090,0;334,9842529296875;2520,0;5797,5;9786,125;3106672,0
2026-02-03;7576,0732421875;13925,28125;4970,0;664,9424438476562;989,0;1950,0;3377,5;2256,27734375;3265,0;21150,0;3765,0;8980,0;589,8350830078125;53,5;2125,0;1845,0;3309,662109375;3015,0;334,9842529296875;2465,0;5712,5;9569,8564453125;3038541,0
2026-02-04;7551,8056640625;13595,1123046875;4962,5;673,1160278320312;975,5;1952,0;3317,5;2207,06640625;3165,0;21275,0;3642,5;8920,0;581,9771728515625;52,900001525878906;2059,0;1770,0;3332,909912109375;2950,0;333,73431396484375;2415,0;5837,5;9137,3203125;3015927,0
2026-02-05;7284,87255859375;12993,0439453125;4920,0;657,2496948242188;979,0;1910,0;3147,5;2155,998291015625;3227,5;20575,0;3482,5;8755,0;573,1370239257812;50,20000076293945;2017,0;1790,0;3265,279541015625;2860,0;330,4844665527344;2375,0;5642,5;8601,5654296875;2932838,0
2026-02-06;7274,71337890625;13439,7412109375;4985,0;662,5384521484375;1017,0;1935,0;3272,5;2188,49609375;3315,0;20900,0;3547,5;8865,0;578,0482177734375;51,900001525878906;2087,0;1835,0;3381,519287109375;3065,0;329,9844970703125;2405,0;5690,0;8817,8349609375;2977119,0
2026-02-09;7240,62939453125;13332,921875;4962,5;666,8656616210938;983,5;1873,0;3435,0;2174,568603515625;3375,0;20875,0;3715,0;8860,0;575,5926513671875;52,900001525878906;2197,0;1830,0;3461,830322265625;3000,0;326,9846496582031;2370,0;5667,5;8896,4775390625;2976664,0
2026-02-10;7542,5244140625;13711,642578125;5175,0;682,73193359375;981,5;1911,0;3570,0;2235,85009765625;3487,5;21500,0;3750,0;9260,0;580,994873046875;53,400001525878906;2196,0;1865,0;3423,788330078125;3050,0;327,734619140625;2365,0;5812,5;9102,9150390625;3060606,0
2026-02-11;7372,099609375;13517,42578125;5070,0;670,7120361328125;996,5;1883,0;3460,0;2225,636474609375;3512,5;21300,0;3405,0;9205,0;579,0303955078125;52,70000076293945;2208,0;1830,0;3493,5322265625;3050,0;324,9847412109375;2335,0;5772,5;8822,75;3017641,0
2026-02-12;6768,30810546875;12662,8759765625;4852,5;653,4033203125;963,0;1757,0;3185,0;2120,71484375;3365,0;20900,0;3397,5;8625,0;552,5099487304688;49,63999938964844;2117,0;1805,0;3286,4140625;2925,0;312,7353210449219;2230,0;5525,0;8041,23583984375;2851780,0
2026-02-13;6519,97412109375;12332,708984375;4840,0;675,5199584960938;990,5;1743,0;3102,5;2121,6435546875;3320,0;20850,0;3330,0;8615,0;552,0188598632812;47,66999816894531;2082,0;1740,0;3364,61181640625;2970,0;307,98553466796875;2230,0;5465,0;7820,05224609375;2816128,0
2026-02-18;6266,771484375;11847,169921875;4635,0;647,1529541015625;945,0;1650,0;2970,0;2108,644287109375;3220,0;20575,0;3222,5;8400,0;525,0072631835938;43,59000015258789;1980,0;1685,0;3201,876220703125;3030,0;295,4861145019531;2145,0;5405,0;7549,71826171875;2723175,0
2026-02-19;6670,921875;12915,357421875;4815,0;668,3080444335938;918,0;1692,0;3167,5;2186,63916015625;3287,5;20500,0;3285,0;8795,0;518,6227416992188;46,09000015258789;2037,0;1690,0;3309,662109375;2955,0;301,23583984375;2180,0;5595,0;7874,11962890625;2839106,0
2026-02-20;6982,55712890625;12944,490234375;4802,5;660,1344604492188;893,0;1765,0;3200,0;2195,92431640625;3290,0;20675,0;3297,5;8775,0;521,5694580078125;45,0099983215332;2009,0;1670,0;3387,859619140625;2940,0;325,98468017578125;2360,0;5562,5;8095,30224609375;2873248,0
2026-02-23;6763,4384765625;12342,419921875;4602,5;622,1514892578125;834,0;1695,0;3007,5;2128,14306640625;3092,5;19825,0;3185,0;8565,0;502,39642333984375;42,43000030517578;1938,0;1565,0;3335,0234375;2825,0;312,2353210449219;2295,0;5432,5;7657,85205078125;2763059,0
2026-02-24;6870,56298828125;12730,8525390625;4742,5;611,573974609375;795,5;1715,0;3100,0;2191,28173828125;3175,0;19550,0;3250,0;8605,0;508,29541015625;42,189998626708984;2007,0;1570,0;3387,859619140625;2965,0;313,23529052734375;2345,0;5490,0;8081,38525390625;2812414,0
2026-02-25;6870,56298828125;12695,236328125;4745,0;602,9196166992188;820,0;1702,0;3060,0;2168,997314453125;3187,5;19425,0;3285,0;8800,0;495,0226745605469;43,290000915527344;2006,0;1520,0;3248,3720703125;2920,0;304,4856872558594;2355,0;5465,0;7948,337890625;2799876,0
2026-02-26;6729,35400390625;11924,349609375;4680,0;596,6692504882812;825,5;1695,0;2952,5;2172,71142578125;3105,0;19400,0;3300,0;8850,0;500,9216003417969;43,70000076293945;1962,0;1570,0;3237,8046875;2920,0;314,4852294921875;2360,0;5340,0;7706,88134765625;2754420,0
2026-02-27;6373,896484375;10938,78515625;4495,0;595,7076416015625;811,5;1643,0;2725,0;2154,141357421875;2992,5;19325,0;3375,0;8555,0;496,9889831542969;41,95000076293945;1832,0;1575,0;3121,56494140625;2865,0;316,7351379394531;2280,0;5077,5;7179,62060546875;2642106,0
2026-03-02;6193,732421875;10655,80078125;4537,5;567,3406372070312;755,0;1653,0;2530,0;2087,28857421875;2945,0;18950,0;3307,5;8530,0;498,4637756347656;41,400001525878906;2002,0;1530,0;3184,968505859375;2800,0;315,2351989746094;2265,0;5125,0;6770,6240234375;2603094,0
2026-03-03;6320,33349609375;10704,591796875;4477,5;561,571044921875;710,5;1624,0;2605,0;2042,72021484375;2947,5;18300,0;3232,5;8670,0;501,4132385253906;39,90999984741211;1930,0;1490,0;3231,46435546875;2695,0;305,23565673828125;2195,0;5150,0;6795,26220703125;2597025,0
2026-03-04;6247,29443359375;10558,2216796875;4490,0;587,5341186523438;738,5;1618,0;2592,5;2026,935546875;2927,5;18550,0;3342,5;8390,0;491,58160400390625;40,16999816894531;1903,0;1530,0;3316,00244140625;2705,0;298,4859924316406;2205,0;5062,5;6716,41943359375;2579970,0
2026-03-05;6115,82373046875;10363,060546875;4567,5;591,8612670898438;798,5;1567,0;2460,0;1956,3687744140625;2902,5;18150,0;3207,5;8280,0;491,58160400390625;40,25;1867,0;1460,0;3370,9521484375;2645,0;294,73614501953125;2115,0;5210,0;6745,98583984375;2570733,0
2026-03-06;6023,20361328125;10128,8671875;4695,0;636,0946044921875;851,5;1595,0;2469,0;2004,6513671875;2907,5;18250,0;3247,5;8630,0;491,3358459472656;39,68000030517578;1889,0;1485,0;3392,086669921875;2725,0;306,985595703125;2120,0;5510,0;6770,6240234375;2626115,0
2026-03-09;6120,98291015625;10275,2373046875;4705,0;626,95947265625;868,5;1632,0;2552,5;1977,7244873046875;2942,5;17850,0;3267,5;8595,0;500,9216003417969;40,88999938964844;1881,0;1590,0;3453,376708984375;2690,0;305,7356262207031;2180,0;5385,0;6859,322265625;2632795,0
2026-03-10;6331,208984375;10489,9150390625;4842,5;626,95947265625;863,5;1655,0;2657,5;2098,4306640625;3090,0;18450,0;3410,0;8870,0;511,7364501953125;43,22999954223633;1975,0;1625,0;3459,717041015625;2810,0;318,23504638671875;2220,0;5360,0;6972,65869140625;2700255,0
2026-03-11;6428,98828125;10577,7373046875;4900,0;640,902587890625;876,5;1714,0;2712,5;2143,927734375;3082,5;19225,0;3565,0;9120,0;558,92822265625;46,11000061035156;2026,0;1660,0;3563,27587890625;2925,0;315,73516845703125;2215,0;5695,0;7184,548828125;2770635,0
2026-03-12;6155,2060546875;10060,5595703125;4802,5;620,7091064453125;844,0;1733,0;2587,5;2108,644287109375;3000,0;19200,0;3400,0;8970,0;566,7935791015625;44,150001525878906;2001,0;1625,0;3565,389404296875;2845,0;305,9856262207031;2180,0;5595,0;6888,88720703125;2695424,0
2026-03-13;5935,20263671875;9587,2939453125;4752,5;598,1116333007812;791,0;1722,0;2421,0;2072,432373046875;2930,0;18425,0;3350,0;9075,0;593,8306274414062;42,02000045776367;1929,0;1515,0;3567,5029296875;2785,0;303,4857482910156;2130,0;5622,5;6455,25244140625;2642584,0
2026-03-16;5896,0908203125;9416,5283203125;4717,5;587,0532836914062;798,5;1670,0;2371,0;2038,07763671875;2907,5;18450,0;3307,5;8975,0;593,8306274414062;39,810001373291016;1885,0;1465,0;3554,822265625;2720,0;304,4856872558594;2150,0;5500,0;6238,4345703125;2606351,0
2026-03-17;5964,53662109375;9553,140625;4940,0;605,8043823242188;800,5;1683,0;2378,0;2131,857177734375;2945,0;18950,0;3365,0;9350,0;592,3558349609375;41,119998931884766;1943,0;1440,0;3370,9521484375;2715,0;314,2352294921875;2140,0;5587,5;6317,27783203125;2663049,0
2026-03-18;6023,20361328125;9528,74609375;5010,0;615,4203491210938;811,0;1704,0;2396,0;2132,78564453125;2997,5;18800,0;3327,5;9505,0;587,9315795898438;40,779998779296875;2003,0;1480,0;3132,13232421875;2650,0;315,48516845703125;2105,0;5815,0;6297,5673828125;2693891,0
2026-03-19;6257,87451171875;9923,9462890625;5085,0;610,6123657226562;805,0;1779,0;2507,5;2164,35498046875;2977,5;18575,0;3372,5;9800,0;588,914794921875;44,9900016784668;2119,0;1590,0;3130,018798828125;2635,0;312,4853210449219;2110,0;6097,5;6662,21435546875;2768682,0
2026-03-20;6169,873046875;9640,9638671875;4950,0;599,0732421875;793,0;1751,0;2385,0;2078,00341796875;2960,0;18600,0;3302,5;9570,0;586,4568481445312;44,790000915527344;2049,0;1545,0;3123,678466796875;2620,0;313,23529052734375;2000,0;6155,0;6494,673828125;2725326,0
2026-03-23;6502,322265625;10119,1083984375;4895,0;606,7659912109375;797,0;1820,0;2595,0;2116,072509765625;3152,5;18625,0;3380,0;9605,0;599,2379150390625;45,790000915527344;2157,0;1585,0;3182,85498046875;2685,0;313,7352600097656;2120,0;6010,0;6893,81591796875;2778025,0
2026-03-25;6443,65478515625;10158,140625;4942,5;611,0931396484375;787,5;1827,0;2665,0;2129,071533203125;3110,0;18450,0;3460,0;9845,0;595,3148193359375;46,209999084472656;2089,0;1575,0;3227,237548828125;2625,0;311,9853515625;2235,0;6245,0;7150,0546875;2805317,0
2026-03-26;6306,76416015625;10206,9306640625;4910,0;603,8812255859375;795,5;1763,0;2547,5;2020,4359130859375;2982,5;18275,0;3350,0;9775,0;590,3949584960938;44,93000030517578;2042,0;1560,0;3227,237548828125;2620,0;310,2354431152344;2220,0;6310,0;7002,12744140625;2769369,0
2026-03-27;6150,31689453125;10084,5224609375;4955,0;636,0946044921875;809,0;1781,0;2430,0;2048,291259765625;2962,5;18150,0;3270,0;10130,0;579,571044921875;46,779998779296875;2040,0;1490,0;3294,867919921875;2620,0;306,735595703125;2230,0;6650,0;6868,7060546875;2793847,0
2026-03-30;6233,4296875;10192,537109375;5145,0;647,1529541015625;881,0;1820,0;2502,5;2126,2861328125;3080,0;18350,0;3257,5;10310,0;584,9829711914062;50,29999923706055;2074,0;1540,0;3389,97314453125;2685,0;308,7355041503906;2265,0;6845,0;7036,7177734375;2865754,0
2026-03-31;6736,9931640625;11203,93359375;5200,0;648,5953369140625;937,0;1872,0;2795,0;2314,7734375;3252,5;18375,0;3430,0;10150,0;642,054443359375;52,5;2249,0;1595,0;3542,1416015625;2775,0;326,7346496582031;2370,0;6750,0;7847,126953125;2997780,0
2026-04-01;6736,9931640625;11380,68359375;5170,0;668,788818359375;992,5;1866,0;2847,5;2298,060302734375;3325,0;18650,0;3507,5;10200,0;644,514404296875;54,29999923706055;2303,0;1695,0;3580,18359375;2795,0;329,2345275878906;2475,0;6545,0;7965,72314453125;2999342,0
2026-04-06;6702,77001953125;11223,572265625;5240,0;687,0591430664062;1028,0;1851,0;2805,0;2318,4873046875;3430,0;18675,0;3425,0;10240,0;661,7343139648438;54,29999923706055;2326,0;1705,0;3601,318115234375;2885,0;330,9844665527344;2495,0;6487,5;7812,5361328125;3006248,0
2026-04-07;6570,76806640625;10909,3525390625;5200,0;668,5;969,5;1817,0;2735,0;2290,632080078125;3435,0;18675,0;3385,0;10320,0;662,2262573242188;52,20000076293945;2254,0;1680,0;3597,091064453125;2740,0;325,98468017578125;2410,0;6545,0;7659,34912109375;2972630,0
2026-04-08;6839,66162109375;11704,7236328125;5160,0;676,0;941,0;1846,0;2910,0;2299,917236328125;3535,0;18775,0;3447,5;9940,0;678,9541625976562;51,599998474121094;2302,0;1765,0;3525,23388671875;2730,0;336,23419189453125;2470,0;6410,0;8034,904296875;3011186,0
2026-04-09;6912,99560546875;11685,083984375;5120,0;705,0;975,5;1786,0;2865,0;2295,274658203125;3650,0;18675,0;3400,0;9605,0;694,2060546875;49,75;2190,0;1815,0;3423,788330078125;2715,0;340,9839782714844;2445,0;6295,0;7822,4189453125;2999608,0
2026-04-10;6943,42822265625;11586,890625;5145,0;715,0;997,0;1777,0;2867,5;2284,132568359375;3585,0;18600,0;3385,0;9635,0;692,238037109375;48,59000015258789;2126,0;1840,0;3301,208251953125;2720,0;337,984130859375;2370,0;6327,5;7896,5419921875;2998770,0
2026-04-13;7002,3125;11537,79296875;5090,0;732,5;1010,0;1773,0;2770,0;2207,06640625;3470,0;18300,0;3382,5;9710,0;696,1740112304688;49,22999954223633;2069,0;1775,0;3444,9228515625;2800,0;336,48419189453125;2320,0;6367,5;7832,3017578125;2991782,0
2026-04-14;7036,66162109375;11685,083984375;4900,0;721,5;980,5;1718,0;2802,5;2111,429931640625;3472,5;18275,0;3435,0;9305,0;721,2657470703125;48,619998931884766;1985,0;1775,0;3389,97314453125;2745,0;346,4837341308594;2370,0;6192,5;7728,5302734375;2950635,0
2026-04-15;7041,56884765625;11783,2783203125;4770,0;731,0;966,0;1672,0;2812,5;2085,431640625;3380,0;18450,0;3412,5;9005,0;726,185791015625;49,16999816894531;2010,0;1800,0;3258,939208984375;2670,0;317,75;2315,0;6037,5;7748,29638671875;2917889,0
2026-04-16;6997,4052734375;11694,9033203125;4795,0;719,5;949,0;1690,0;2870,0;2099,359130859375;3362,5;18250,0;3445,0;9125,0;724,7097778320312;49,93000030517578;2018,0;1750,0;3360,384765625;2625,0;314,0;2340,0;6080,0;7950,8984375;2923833,0
2026-04-17;6874,72998046875;11753,8203125;4697,5;717,0;948,5;1694,0;2860,0;2077,074951171875;3395,0;18125,0;3487,5;8885,0;721,2657470703125;48,619998931884766;1978,0;1745,0;3320,229248046875;2490,0;317,5;2330,0;5920,0;7906,4248046875;2889185,0
2026-04-20;6923,80029296875;11901,1103515625;4797,5;731,5;951,0;1706,0;2902,5;2103,0732421875;3502,5;18325,0;3605,0;9105,0;701,5859985351562;48,439998626708984;2084,0;1775,0;3326,569580078125;2515,0;316,75;2310,0;6037,5;8173,26708984375;2931701,0
2026-04-21;6894,35791015625;11655,626953125;4880,0;718,0;950,5;1695,0;2887,5;2083,57470703125;3467,5;18150,0;3552,5;9145,0;682,3981323242188;48,84000015258789;2018,0;1735,0;3218,78369140625;2645,0;319,5;2270,0;6337,5;8015,13818359375;2940100,0
2026-04-22;6683,35595703125;11292,30859375;4862,5;713,0;962,5;1655,0;2810,0;2042,72021484375;3465,0;18500,0;3560,0;9095,0;672,5581665039062;49,15999984741211;1950,0;1730,0;3216,670166015625;2645,0;320,25;2230,0;6357,5;7595,109375;2898692,0
2026-04-23;6295,70166015625;10860,2548828125;4905,0;701,0;980,5;1619,0;2640,0;1997,2232666015625;3312,5;18275,0;3425,0;9055,0;655,830322265625;47,20000076293945;1871,0;1680,0;3216,670166015625;2735,0;315,5;2155,0;6395,0;7071,30859375;2831849,0
2026-04-24;6344,7724609375;10919,171875;4837,5;697,0;994,0;1661,0;2682,5;2022,29296875;3337,5;18800,0;3385,0;9050,0;657,8298950195312;47,83000183105469;1905,0;1735,0;3225,1240234375;2710,0;312,25;2180,0;6425,0;7120,7236328125;2840788,0
2026-04-27;6398,74951171875;11086,1015625;4902,5;695,0;999,5;1711,0;2685,0;2021,364501953125;3302,5;19175,0;3422,5;9245,0;655,8602905273438;47,54999923706055;1894,0;1805,0;3072,95556640625;2595,0;318,0;2220,0;6510,0;7268,96923828125;2866257,0
2026-04-28;6398,74951171875;11164,65625;4935,0;693,0;977,5;1702,0;2682,5;2059,433349609375;3365,0;19175,0;3350,0;9160,0;649,95166015625;47,02000045776367;1900,0;1815,0;3091,976806640625;2650,0;310,0;2185,0;6532,5;7367,79931640625;2869560,0
2026-04-29;6261,3525390625;10752,2412109375;4957,5;672,0;986,0;1679,0;2547,5;1997,2232666015625;3265,0;19075,0;3622,5;9205,0;628,7789916992188;46,189998626708984;1890,0;1805,0;3284,300537109375;2780,0;302,25;2115,0;6702,5;7036,7177734375;2838835,0
2026-04-30;6104,328125;10693,3251953125;4972,5;673,5;970,0;1694,0;2476,0;1986,0811767578125;3325,0;19150,0;3595,0;9165,0;624,8399047851562;45,349998474121094;1884,0;1740,0;3280,07373046875;2750,0;307,5;2085,0;6765,0;7096,01611328125;2832851,0
2026-05-01;6104,328125;10693,3251953125;4972,5;673,5;970,0;1694,0;2476,0;1986,0811767578125;3325,0;19150,0;3595,0;9165,0;624,8399047851562;45,349998474121094;1884,0;1740,0;3280,07373046875;2750,0;307,5;2085,0;6765,0;7096,01611328125;
2026-05-04;5962,02490234375;10163,078125;4815,0;669,5;935,0;1655,0;2384,0;1995,3662109375;3130,0;18500,0;3510,0;9020,0;613,0225830078125;44,119998931884766;1826,0;1705,0;3284,300537109375;2675,0;307,0;2105,0;6647,5;6853,8818359375;2767137,0
2026-05-05;5995,30078125;10182,716796875;4702,5;668,5;910,0;1657,0;2419,0;1966,5823974609375;3335,0;18225,0;3447,5;8825,0;619,4236450195312;43,63999938964844;1820,0;1720,0;3430,128662109375;2670,0;303,25;2155,0;6522,5;7115,78173828125;2759257,0
2026-05-06;6359,10546875;11233,392578125;4925,0;700,5;918,0;1708,0;2592,5;2108,644287109375;3475,0;18600,0;3667,5;9360,0;646,5049438476562;46,369998931884766;1891,0;1765,0;3575,956787109375;2710,0;308,75;2235,0;6420,0;7619,81689453125;2881352,0
2026-05-07;6319,236328125;10899,533203125;4867,5;676,5;908,5;1664,0;2547,5;2013,0079345703125;3322,5;18450,0;3555,0;9095,0;678,5101318359375;44,68000030517578;1831,0;1765,0;3573,84326171875;2680,0;307,0;2190,0;6357,5;7540,7529296875;2834283,0
2026-05-08;6164,74365234375;10673,6875;4702,5;667,0;910,5;1654,0;2399,0;1955,4403076171875;3270,0;18200,0;3507,5;8795,0;684,4187622070312;43,09000015258789;1754,0;1685,0;3428,01513671875;2645,0;302,25;2090,0;6282,5;7288,7353515625;2769127,0
2026-05-11;6408,94140625;10948,6298828125;4832,5;652,0;920,0;1656,0;2443,0;2003,7227783203125;3265,0;18225,0;3427,5;9010,0;661,276611328125;42,349998474121094;1813,0;1640,0;3284,300537109375;2600,0;297,5;2090,0;6642,5;7585,22607421875;2833120,0
2026-05-12;6214,580078125;10644,228515625;4875,0;636,5;926,5;1600,0;2322,0;1977,7244873046875;3145,0;18475,0;3440,0;8875,0;658,8146362304688;44,630001068115234;1789,0;1580,0;3265,279541015625;2620,0;296,0;2030,0;6647,5;7278,8525390625;2792993,0
2026-05-13;6174,71142578125;10379,1044921875;4732,5;625,5;945,0;1575,0;2276,0;1955,4403076171875;3115,0;17850,0;3517,5;8755,0;672,109130859375;43,09000015258789;1720,0;1530,0;3165,947509765625;2555,0;287,75;1985,0;6452,5;7031,7763671875;2738355,0
2026-05-14;6164,74365234375;10447,83984375;4732,5;612,0;944,5;1584,0;2319,0;1964,7254638671875;3162,5;17800,0;3660,0;8805,0;682,44921875;43,16999816894531;1735,0;1490,0;3123,678466796875;2510,0;280,0;2030,0;6530,0;7194,84619140625;2747310,0
2026-05-15;6040,1533203125;10359,4658203125;4720,0;615,0;940,5;1567,0;2244,0;1902,5152587890625;3105,0;17225,0;3505,0;8750,0;675,0634155273438;42,52000045776367;1667,0;1550,0;3083,52294921875;2520,0;272,25;1990,0;6500,0;6982,36181640625;2707869,0
2026-05-18;6264,41650390625;10623,255859375;4890,0;621,0;910,5;1623,0;2330,0;1972,1534423828125;3242,5;17025,0;3550,0;9100,0;672,6015625;44,5;1772,0;1545,0;3220,897216796875;2540,0;276,5;2080,0;7040,0;7199,7880859375;2816245,0
2026-05-19;5945,46435546875;10178,146484375;4902,5;612,0;909,5;1564,0;2211,0;1935,941650390625;3130,0;16475,0;3462,5;9015,0;674,0786743164062;43,25;1737,0;1560,0;3309,662109375;2540,0;279,5;2010,0;7127,5;6883,53125;2774731,0
2026-05-20;6214,580078125;10593,5810546875;4752,5;618,5;915,0;1611,0;2305,0;1925,72802734375;3207,5;16225,0;3490,0;8515,0;679,4949340820312;44,099998474121094;1805,0;1515,0;3273,7333984375;2535,0;278,0;2035,0;6980,0;7278,8525390625;2788517,0
2026-05-21;6468,7451171875;11483,7978515625;4837,5;637,5;928,0;1642,0;2443,0;1988,86669921875;3350,0;16275,0;3530,0;8845,0;676,0482177734375;44,75;1840,0;1575,0;3229,350830078125;2565,0;276,5;2100,0;7085,0;7896,5419921875;2877439,0
2026-05-22;6433,859375;11157,384765625;4782,5;634,0;938,5;1646,0;2356,0;1928,5135498046875;3277,5;16350,0;3492,5;8685,0;666,2005004882812;43,70000076293945;1802,0;1565,0;3288,527587890625;2635,0;285,25;2095,0;7102,5;7506,162109375;2846220,0
2026-05-25;6433,859375;11157,384765625;4782,5;634,0;938,5;1646,0;2356,0;1928,5135498046875;3277,5;16350,0;3492,5;8685,0;666,2005004882812;43,70000076293945;1802,0;1565,0;3288,527587890625;2635,0;285,25;2095,0;7102,5;7506,162109375;
2026-05-26;6772,74609375;11691,515625;4790,0;648,0;967,0;1681,0;2499,0;2000,937255859375;3417,5;16375,0;3790,0;8685,0;668,1699829101562;44,310001373291016;1818,0;1630,0;3237,8046875;2685,0;287,25;2170,0;7210,0;8123,8515625;2924356,0
2026-05-27;7121,599609375;12552,0576171875;4957,5;677,0;994,5;1752,0;2740,0;2137,42822265625;3570,0;17075,0;4155,0;9035,0;668,6624145507812;48,040000915527344;1965,0;1700,0;3284,300537109375;2695,0;291,5;2240,0;7662,5;8524,1142578125;3072011,0
2026-05-28;7211,3046875;12908,14453125;4987,5;670,5;1005,0;1769,0;2762,5;2094,716796875;3505,0;16775,0;4100,0;9130,0;649,95166015625;47,09000015258789;1977,0;1695,0;3351,930908203125;2760,0;292,75;2205,0;7707,5;8637,7685546875;3089497,0
2026-05-29;7470,4541015625;13343,3623046875;5080,0;692,5;1019,0;1770,0;2880,0;2187,567626953125;3592,5;16950,0;4327,5;9135,0;646,0125732421875;49,36000061035156;2062,0;1770,0;3381,519287109375;2745,0;297,0;2295,0;7835,0;8958,9677734375;3166407,0
2026-06-01;7614,978515625;13501,623046875;5240,0;688,5;1030,0;1809,0;2957,5;2223,779541015625;3662,5;17200,0;4335,0;9425,0;665,7080688476562;50,20000076293945;2110,0;1800,0;3461,830322265625;2775,0;301,25;2330,0;8155,0;9245,576171875;3242788,0
2026-06-02;7560,1591796875;13319,2802734375;5185,0;691,0;1000,0;1748,0;3012,5;2198,709716796875;3505,0;17075,0;4172,5;9470,0;651,4288330078125;49,47999954223633;2072,0;1805,0;3244,14501953125;2745,0;293,0;2265,0;8327,5;9339,4638671875;3224264,0
2026-06-03;7325,9287109375;12981,0751953125;5115,0;677,5;1015,0;1701,0;2902,5;2143,927734375;3452,5;16925,0;4052,5;9205,0;646,997314453125;47,90999984741211;2027,0;1760,0;3256,82568359375;2735,0;293,0;2235,0;8305,0;8924,3759765625;3164196,0
2026-06-04;7315,9609375;13130,283203125;5135,0;699,5;1009,0;1713,0;2902,5;2114,21533203125;3457,5;17000,0;4015,0;9245,0;639,6115112304688;47,310001373291016;2025,0;1760,0;3347,7041015625;2755,0;293,5;2330,0;8385,0;8884,8447265625;3174511,0
2026-06-05;7181,4033203125;12752,2900390625;4940,0;684,0;976,0;1656,0;2845,0;2066,861328125;3347,5;16425,0;3990,0;8935,0;622,8703002929688;44,5099983215332;1976,0;1715,0;3311,775390625;2705,0;286,25;2275,0;8107,5;8662,4765625;3084617,0
2026-06-08;7315,9609375;12712,501953125;5020,0;688,0;997,5;1703,0;2850,0;2070,575439453125;3337,5;16875,0;4042,5;9010,0;615,9769287109375;44,13999938964844;1975,0;1730,0;3311,775390625;2670,0;283,25;2360,0;8195,0;8754,33203125;3112024,0
2026-06-09;7520,2900390625;13279,4912109375;5030,0;682,0;1008,0;1729,0;2965,0;2091,002685546875;3522,5;16725,0;4285,0;9035,0;615,4845581054688;43,88999938964844;1979,0;1780,0;3265,279541015625;2690,0;285,0;2335,0;8132,5;9037,2099609375;3150727,0
2026-06-10;7460,486328125;13090,494140625;5035,0;684,0;1016,0;1761,0;2922,5;2121,6435546875;3422,5;16725,0;4280,0;9290,0;616,961669921875;43,95000076293945;1969,0;1745,0;3275,846923828125;2715,0;286,25;2290,0;8212,5;8868,4755859375;3153150,0
2026-06-11;8242,916015625;14493,0478515625;5305,0;700,5;1027,0;1890,0;3242,5;2223,779541015625;3750,0;17275,0;4755,0;9900,0;625,3322143554688;46,060001373291016;2137,0;1820,0;3299,0947265625;2805,0;303,25;2520,0;8370,0;9955,3232421875;3353008,0
2026-06-12;8183,11181640625;14731,7802734375;5290,0;699,5;1029,0;1844,0;3267,5;2201,495361328125;3737,5;17150,0;4555,0;9890,0;622,8703002929688;44,97999954223633;2076,0;1820,0;3377,29248046875;2675,0;304,75;2485,0;8340,0;10243,1640625;3352708,0
2026-06-15;8183,11181640625;14731,7802734375;5290,0;699,5;1029,0;1844,0;3267,5;2201,495361328125;3737,5;17150,0;4555,0;9890,0;622,8703002929688;44,97999954223633;2076,0;1820,0;3377,29248046875;2675,0;304,75;2485,0;8340,0;10243,1640625;
2026-06-16;8133,275390625;14423,4169921875;5110,0;684,0;985,0;1804,0;3267,5;2202,423828125;3607,5;16950,0;4397,5;9405,0;625,0958862304688;43,880001068115234;2048,0;1820,0;3316,00244140625;2615,0;304,25;2510,0;7675,0;10153,833984375;3254706,0
2026-06-17;8337,6044921875;14711,8857421875;5155,0;679,0;1001,0;1755,0;3355,0;2203,352294921875;3575,0;16850,0;4375,0;9550,0;624,10595703125;45,02000045776367;2061,0;1825,0;3290,640869140625;2670,0;313,75;2495,0;7667,5;10491,302734375;3291883,0
2026-06-18;8472,162109375;15278,875;5220,0;680,5;1010,0;1747,0;3457,5;2192,210205078125;3582,5;16825,0;4197,5;9520,0;630,5401000976562;45,79999923706055;2103,0;1780,0;3261,052734375;2720,0;324,5;2515,0;7612,5;10967,728515625;3333407,0
2026-06-19;8232,9482421875;14572,625;5190,0;674,5;1000,0;1804,0;3332,5;2221,92236328125;3552,5;16850,0;4165,0;9730,0;629,0552978515625;45,459999084472656;2072,0;1755,0;3265,279541015625;2710,0;317,75;2500,0;7642,5;10511,1533203125;3291322,0
2026-06-22;8138,25927734375;14841,19921875;5170,0;662,5;1006,0;1761,0;3177,5;2207,994873046875;3627,5;16400,0;4057,5;9665,0;641,4285278320312;44,599998474121094;2038,0;1725,0;3261,052734375;2685,0;317,5;2480,0;7550,0;10610,4091796875;3277512,0
2026-06-23;7933,9306640625;14552,73046875;5120,0;681,0;1033,0;1776,0;3142,5;2177,35400390625;3790,0;16425,0;4025,0;9460,0;644,8930053710938;44,2400016784668;1975,0;1660,0;3203,989501953125;2630,0;318,5;2490,0;7470,0;10451,6005859375;3248428,0
2026-06-24;7600,02783203125;13906,1640625;4967,5;666,5;1027,0;1746,0;2932,5;2048,291259765625;3577,5;16075,0;3952,5;9130,0;630,5401000976562;42,02000045776367;1877,0;1595,0;3083,52294921875;2590,0;308,0;2450,0;7080,0;9751,849609375;3110490,0
2026-06-25;7580,09326171875;13866,375;4960,0;672,5;990,0;1704,0;2917,5;2064,075927734375;3547,5;16050,0;3950,0;9120,0;633,5096435546875;41,02000045776367;1894,0;1600,0;3108,88427734375;2575,0;301,25;2380,0;7075,0;9672,4443359375;3096068,0
2026-06-26;7689,73291015625;14035,4775390625;4972,5;683,5;991,0;1728,0;2957,5;2111,429931640625;3555,0;16075,0;3957,5;9220,0;640,93359375;41,380001068115234;1891,0;1585,0;3165,947509765625;2635,0;305,5;2385,0;7005,0;9791,5517578125;3123411,0
2026-06-29;7859,17626953125;14333,892578125;5085,0;677,0;982,5;1739,0;3045,0;2172,71142578125;3610,0;16075,0;4052,5;9305,0;646,8727416992188;42,31999969482422;1998,0;1600,0;3187,08203125;2650,0;306,0;2395,0;7057,5;10114,1318359375;3176751,0
2026-06-30;7764,4873046875;14333,892578125;5120,0;662,5;981,0;1756,0;3010,0;2142,070556640625;3607,5;16225,0;4045,0;9250,0;648,3575439453125;41,91999816894531;1953,0;1575,0;3142,699462890625;2610,0;310,0;2420,0;7112,5;10094,2802734375;3168608,0
2026-07-01;7659,8310546875;13936,0048828125;5040,0;664,5;983,0;1711,0;2930,0;2109,57275390625;3537,5;16350,0;3967,5;9015,0;643,631103515625;41,40999984741211;1908,0;1540,0;3113,111328125;2575,0;304,25;2420,0;7030,0;10101,796875;3121855,0
2026-07-02;7884,0947265625;14144,896484375;5090,0;663,5;991,0;1736,0;3027,5;2142,070556640625;3685,0;16825,0;3970,0;8970,0;648,107666015625;41,7599983215332;1928,0;1540,0;3068,728759765625;2615,0;302,25;2480,0;7007,5;10201,419921875;3157091,0
2026-07-03;7943,89794921875;14443,3115234375;5135,0;664,0;993,0;1765,0;3050,0;2156,9267578125;3672,5;17300,0;3990,0;9195,0;651,092041015625;42,279998779296875;1956,0;1510,0;3077,1826171875;2670,0;309,25;2450,0;7157,5;10330,9296875;3196900,0
2026-07-06;8301,3984375;14920,0;5150,0;681,5;993,0;1751,0;3170,0;2167,140380859375;3687,5;17375,0;4097,5;9365,0;651,5894775390625;44,04999923706055;2001,0;1565,0;3142,699462890625;2620,0;315,75;2515,0;7265,0;10839,0087890625;3266960,0
2026-07-07;8027,0126953125;14430,0;5180,0;674,5;990,0;1686,0;3085,0;2162,497802734375;3540,0;17300,0;4080,0;9330,0;650,5946655273438;44,20000076293945;1933,0;1560,0;3144,81298828125;2585,0;306,25;2420,0;7442,5;10530,1767578125;3223998,0
2026-07-08;7862,38134765625;14250,0;5205,0;664,5;968,5;1668,0;3007,5;2149,498779296875;3497,5;17200,0;4120,0;9310,0;650,0972900390625;45,41999816894531;1934,0;1555,0;3113,111328125;2550,0;309,75;2405,0;7577,5;10161,5703125;3202490,0
2026-07-09;7862,38134765625;14250,0;5205,0;664,5;968,5;1668,0;3007,5;2149,498779296875;3497,5;17200,0;4120,0;9310,0;650,0972900390625;45,41999816894531;1934,0;1555,0;3113,111328125;2550,0;309,75;2405,0;7577,5;10161,5703125;
2026-07-10;8316,3642578125;14800,0;5180,0;671,0;975,5;1704,0;3085,0;2224,7080078125;3582,5;17250,0;4245,0;9595,0;667,5061645507812;45,90999984741211;1986,0;1580,0;3123,678466796875;2515,0;314,0;2420,0;7440,0;10958,556640625;3280224,0
2026-07-13;8061,93408203125;14280,0;5225,0;664,5;964,5;1682,0;3002,5;2153,212890625;3497,5;17000,0;4250,0;9570,0;655,568603515625;44,779998779296875;1946,0;1545,0;3091,976806640625;2515,0;308,25;2375,0;7717,5;10410,62890625;3235295,0
2026-07-14;7892,31494140625;14300,0;5230,0;662,0;949,0;1698,0;3017,5;2160,640869140625;3532,5;16750,0;4332,5;9710,0;649,599853515625;45,75;1969,0;1520,0;3100,430419921875;2445,0;301,0;2405,0;7777,5;10340,892578125;3229324,0
2026-07-15;8186,654296875;14930,0;5240,0;671,0;959,5;1723,0;3202,5;2176,425537109375;3612,5;16975,0;4315,0;9750,0;649,1024780273438;45,630001068115234;2007,0;1515,0;3098,317138671875;2450,0;304,0;2420,0;7855,0;10639,76171875;3291246,0
2026-07-16;7847,41552734375;14200,0;5110,0;662,0;940,0;1710,0;3032,5;2098,4306640625;3557,5;16750,0;4180,0;9385,0;639,6519165039062;44,459999084472656;1930,0;1500,0;3032,800048828125;2385,0;301,5;2380,0;7607,5;10161,5703125;3185257,0
2026-07-17;7842,42626953125;14190,0;5170,0;664,0;949,5;1701,0;3040,0;2102,144775390625;3522,5;16875,0;4150,0;9370,0;637,662353515625;43,84000015258789;1944,0;1550,0;3079,296142578125;2415,0;297,75;2360,0;7790,0;10201,419921875;3199935,0
2026-07-20;7827,4599609375;14310,0;5270,0;670,5;959,5;1698,0;3025,0;2125,357421875;3572,5;17125,0;4145,0;9500,0;636,6675415039062;42,95000076293945;1978,0;1545,0;3083,52294921875;2405,0;293,75;2380,0;7920,0;10211,3818359375;3223652,0
2026-07-21;7947,19140625;14500,0;5475,0;679,0;973,0;1759,0;3042,5;2172,71142578125;3605,0;16775,0;4255,0;9710,0;636,170166015625;42,869998931884766;2089,0;1585,0;3072,95556640625;2425,0;292,25;2420,0;8062,5;10370,779296875;3281979,0
2026-07-22;8256,498046875;15280,0;5625,0;668,0;974,0;1835,0;3185,0;2238,6357421875;3810,0;16925,0;4420,0;9905,0;636,6675415039062;43,13999938964844;2140,0;1675,0;3085,636474609375;2415,0;295,5;2450,0;8250,0;10789,197265625;3379772,0
2026-07-23;7927,236328125;14550,0;5630,0;680,0;982,5;1779,0;3077,5;2246,9921875;3765,0;16725,0;4325,0;9995,0;634,1806030273438;42,529998779296875;2113,0;1660,0;3064,501953125;2395,0;292,5;2380,0;8247,5;10012,1357421875;3319522,0
2026-07-24;7872,359375;14310,0;5515,0;674,0;972,0;1776,0;3072,5;2195,92431640625;3610,0;16525,0;4380,0;9765,0;631,693603515625;42,40999984741211;2071,0;1640,0;3083,52294921875;2440,0;300,5;2365,0;8200,0;9992,2109375;3283854,0
2026-07-27;7942,20263671875;14740,0;5475,0;674,0;984,5;1844,0;3135,0;2212,637451171875;3707,5;16825,0;4490,0;9710,0;629,2066040039062;42,459999084472656;2090,0;1620,0;3098,317138671875;2415,0;302,75;2475,0;8122,5;10141,6455078125;3305316,0
2026-07-28;7837,4375;14500,0;5450,0;669,0;988,0;1818,0;3060,0;2168,06884765625;3645,0;16525,0;4335,0;9465,0;620,7508544921875;42,52000045776367;2023,0;1575,0;3058,16162109375;2430,0;300,25;2480,0;7952,5;9992,2109375;3256362,0
2026-07-29;7777,5712890625;14370,0;5370,0;658,0;973,0;1804,0;2982,5;2127,214599609375;3672,5;16550,0;4290,0;9510,0;618,7612915039062;42,63999938964844;2033,0;1590,0;3039,140380859375;2395,0;298,0;2465,0;7977,5;9922,474609375;3233105,0
2026-07-30;7997,07958984375;14700,0;5535,0;648,0;979,5;1806,0;3117,5;2232,135986328125;3685,0;16675,0;4315,0;9810,0;619,2586669921875;44,900001525878906;2113,0;1635,0;2979,9638671875;2370,0;297,0;2435,0;8132,5;10221,3447265625;3304918,0
2026-07-31;7872,359375;14470,0;5555,0;659,5;977,5;1766,0;2995,0;2224,7080078125;3620,0;16350,0;4407,5;10050,0;620,7508544921875;44,029998779296875;2121,0;1630,0;2963,056396484375;2330,0;295,5;2400,0;8290,0;9927,4560546875;3291323,0
2026-08-03;7960,5556640625;14610,0;5500,0;654,5;966,5;1770,0;2967,5;2200,566650390625;3587,5;1640,0;4385,0;9890,0;621,0;43,189998626708984;2082,0;1590,0;2998,98486328125;2325,0;292,5;2415,0;8105,0;9975,0;3274443,0
2026-08-04;7730,828125;14460,0;5360,0;644,5;933,0;1727,0;2860,0;2133,714111328125;3477,5;1640,0;4335,0;9430,0;615,5;41,900001525878906;2000,0;1570,0;3032,800048828125;2305,0;291,5;2355,0;7840,0;9600,0;3188971,0
2026-08-05;7630,94677734375;14130,0;5310,0;681,0;940,0;1740,0;2825,0;2101,21630859375;3497,5;1620,0;4335,0;9245,0;614,5;41,45000076293945;2026,0;1560,0;3077,1826171875;2300,0;288,5;2340,0;7685,0;9360,0;3156332,0
2026-08-06;7366,2607421875;13620,0;5185,0;679,5;936,0;1698,0;2737,5;2021,364501953125;3380,0;1625,0;4342,5;9205,0;606,0;41,18000030517578;1954,0;1540,0;3094,090087890625;2285,0;289,5;2315,0;7835,0;9130,0;3100732,0
2026-08-07;7306,33154296875;13270,0;5205,0;715,5;934,5;1718,0;2692,5;2050,148193359375;3265,0;1630,0;4380,0;9135,0;600,5;41,310001373291016;1923,0;1550,0;3089,86328125;2215,0;291,0;2350,0;7775,0;8950,0;3086785,0
2026-08-10;7351,2783203125;;5240,0;754,5;;1704,0;;;;1690,0;4520,0;;597,0;;1910,0;;3049,707763671875;;;;8065,0;9085,0;3122065,0
2026-08-11;7026,66357421875;12740,0;5080,0;765,5;949,5;1667,0;2660,0;1965,6539306640625;3127,5;1670,0;4262,5;8885,0;588,5;41,22999954223633;1836,0;1535,0;2963,056396484375;2200,0;279,75;2290,0;7790,0;8690,0;3022485,0
2026-08-12;7011,68115234375;12620,0;5050,0;750,0;931,0;1694,0;2632,5;1948,9407958984375;3062,5;1630,0;4270,0;8920,0;582,0;40,880001068115234;1806,0;1495,0;2963,056396484375;2200,0;276,25;2325,0;7770,0;8430,0;2999524,0
2026-08-13;7086,59228515625;12730,0;5000,0;740,0;910,0;1676,0;2677,5;1949,8692626953125;2980,0;1625,0;4255,0;8880,0;583,0;40,97999954223633;1893,0;1510,0;2933,468017578125;2345,0;273,75;2320,0;7815,0;8465,0;3000582,0
2026-08-14;6841,8828125;12240,0;4990,0;728,0;898,0;1666,0;2562,5;1923,8709716796875;2957,5;1625,0;4187,5;8870,0;580,5;40,04999923706055;1829,0;1495,0;2886,97216796875;2415,0;265,75;2300,0;7860,0;8100,0;2947349,0
2026-08-17;6841,8828125;12240,0;4990,0;728,0;898,0;1666,0;2562,5;1923,8709716796875;2957,5;1625,0;4187,5;8870,0;580,5;40,04999923706055;1829,0;1495,0;2886,97216796875;2415,0;265,75;2300,0;7860,0;8100,0;
2026-08-18;6642,11962890625;11950,0;4955,0;695,0;869,5;1629,0;2451,0;1886,7305908203125;2902,5;1635,0;4100,0;8725,0;557,5;39,2599983215332;1762,0;1420,0;2728,46337890625;2290,0;259,0;2245,0;7990,0;7835,0;2891651,0
2026-08-19;6542,23828125;11800,0;5005,0;681,0;864,5;1714,0;2409,0;1878,3740234375;2955,0;1625,0;4185,0;8765,0;555,5;40,7599983215332;1747,0;1460,0;2753,82470703125;2410,0;253,75;2320,0;7905,0;7630,0;2874493,0
2026-08-20;6507,27978515625;11530,0;5030,0;672,5;857,0;1734,0;2429,0;1885,8021240234375;2947,5;1610,0;4160,0;8970,0;564,5;39,84000015258789;1757,0;1435,0;2789,75341796875;2420,0;249,5;2295,0;8045,0;7440,0;2875950,0
2026-08-21;6612,1552734375;11650,0;5055,0;697,0;870,5;1769,0;2507,5;1922,9425048828125;2965,0;1640,0;4185,0;8935,0;569,0;40,84000015258789;1775,0;1445,0;2745,37109375;2465,0;254,75;2345,0;8150,0;7490,0;2913184,0
2026-08-24;6941,76416015625;12280,0;5150,0;691,5;874,5;1791,0;2715,0;1980,5101318359375;3087,5;1730,0;4327,5;9095,0;575,5;41,04999923706055;1864,0;1505,0;2815,11474609375;2455,0;263,25;2400,0;8175,0;7875,0;2995130,0
2026-08-25;7066,6162109375;12430,0;5085,0;695,0;873,0;1800,0;2800,0;2009,2938232421875;3120,0;1730,0;4307,5;9100,0;580,5;40,83000183105469;1893,0;1465,0;2958,829345703125;2380,0;270,5;2415,0;8010,0;7880,0;3009029,0
2026-08-26;7036,65185546875;12510,0;5170,0;692,0;854,5;1791,0;2827,5;2034,3636474609375;3125,0;1760,0;4285,0;9055,0;576,0;41,959999084472656;1894,0;1455,0;3102,5439453125;2350,0;270,5;2405,0;8065,0;7985,0;3024971,0
2026-08-27;6871,84716796875;12250,0;5215,0;690,0;849,0;1791,0;2715,0;2011,15087890625;3102,5;1805,0;4170,0;9105,0;573,0;41,540000915527344;1886,0;1475,0;3165,947509765625;2395,0;267,25;2390,0;8120,0;7795,0;3001209,0
2026-08-28;6801,93017578125;12260,0;5175,0;687,5;835,5;1768,0;2692,5;1987,9381103515625;3140,0;1795,0;4197,5;9010,0;572,5;40,95000076293945;1866,0;1445,0;3170,17431640625;2500,0;262,0;2335,0;8070,0;7805,0;2979472,0
2026-08-31;7006,68701171875;12610,0;5240,0;674,0;840,0;1841,0;2780,0;2006,50830078125;3235,0;1790,0;4270,0;9210,0;564,0;41,209999084472656;1888,0;1455,0;3149,039794921875;2445,0;261,5;2380,0;8255,0;8125,0;3033848,0
2026-09-01;7051,6337890625;12500,0;5360,0;668,0;848,5;1854,0;2802,5;2056,647705078125;3235,0;1770,0;4170,0;9260,0;547,0;40,900001525878906;1887,0;1460,0;2998,98486328125;2485,0;263,5;2395,0;8355,0;8045,0;3049455,0
2026-09-02;7161,50341796875;12580,0;5485,0;671,0;849,5;1933,0;2842,5;2107,7158203125;3305,0;1810,0;4227,5;9450,0;555,5;41,7400016784668;1968,0;1475,0;3117,338134765625;2590,0;265,5;2425,0;8590,0;8065,0;3106216,0
2026-09-03;7066,6162109375;12600,0;5385,0;674,0;847,5;1876,0;2790,0;2069,64697265625;3230,0;1845,0;4130,0;9165,0;557,5;40,97999954223633;1946,0;1460,0;3102,5;2500,0;264,5;2395,0;8325,0;7955,0;3058093,0
2026-09-04;6996,69921875;12480,0;5365,0;690,5;845,0;1905,0;2762,5;2061,290283203125;3255,0;1920,0;4112,5;9160,0;544,0;41,15999984741211;1938,0;1450,0;3067,5;2450,0;263,75;2410,0;8355,0;7835,0;3049122,0
2026-09-07;6935,0;12200,0;5380,0;699,5;845,0;1881,0;2725,0;2051,07666015625;3295,0;1895,0;4177,5;9070,0;542,0;40,63999938964844;1930,0;1475,0;3112,5;2500,0;261,0;2340,0;8375,0;7740,0;3034599,0
2026-09-08;7015,0;12480,0;5485,0;700,5;856,0;1918,0;2777,5;2076,146484375;3217,5;1875,0;4170,0;9410,0;540,5;41,52000045776367;1958,0;1490,0;3115,0;2685,0;262,0;2400,0;8465,0;7925,0;3075982,0
2026-09-09;7085,0;12600,0;5485,0;700,0;888,5;1892,0;2785,0;2083,57470703125;3235,0;1920,0;4145,0;9500,0;547,5;41,13999938964844;1972,0;1485,0;3115,0;2720,0;264,0;2455,0;8770,0;8065,0;3110164,0
2026-09-10;7145,0;12640,0;5655,0;676,0;880,0;2011,0;2797,5;2141,14208984375;3212,5;1940,0;4325,0;9845,0;540,5;40,790000915527344;1996,0;1460,0;3140,0;2735,0;267,0;2480,0;9000,0;8195,0;3157852,0
2026-09-11;7000,0;12420,0;5525,0;668,0;871,5;1946,0;2712,5;2091,93115234375;3120,0;1955,0;4237,5;9515,0;535,5;40,880001068115234;1954,0;1470,0;3215,0;2695,0;270,0;2475,0;8835,0;7935,0;3098898,0
2026-09-14;6840,0;12310,0;5535,0;664,5;883,0;1929,0;2677,5;2063,1474609375;3050,0;1895,0;4402,5;9450,0;523,0;41,529998779296875;1935,0;1485,0;3180,0;2735,0;269,75;2435,0;8965,0;7875,0;3084547,0
2026-09-15;6725,0;12140,0;5540,0;670,0;872,0;1890,0;2640,0;2052,933837890625;3080,0;1850,0;4465,0;9440,0;529,0;41,34000015258789;1908,0;1460,0;3162,5;2700,0;268,75;2440,0;9180,0;7755,0;3079779,0
2026-09-16;6760,0;12100,0;5375,0;667,5;850,0;1914,0;2655,0;2025,0784912109375;3050,0;1845,0;4390,0;9300,0;528,5;40,5099983215332;1890,0;1445,0;3065,0;2705,0;261,25;2425,0;8730,0;7710,0;3028871,0
2026-09-17;6800,0;12280,0;5335,0;669,5;861,0;2034,0;2667,5;2130,0;3062,5;1830,0;4497,5;9305,0;547,5;40,7599983215332;1916,0;1440,0;3112,5;2640,0;267,5;2560,0;8690,0;7815,0;3061512,0
2026-09-18;6685,0;12060,0;5215,0;662,0;856,5;2033,0;2585,0;2078,0;3045,0;1775,0;4392,5;9055,0;547,0;40,470001220703125;1881,0;1430,0;3162,5;2615,0;262,0;2480,0;8760,0;7610,0;3021926,0
2026-09-21;6665,0;12040,0;5185,0;663,5;856,0;2020,0;2567,5;2028,0;3080,0;1775,0;4510,0;8890,0;548,5;40,09000015258789;1880,0;1405,0;3140,0;2520,0;260,0;2490,0;8495,0;7595,0;2998956,0
2026-09-22;6640,0;11980,0;5180,0;661,0;850,0;1999,0;2552,5;2038,0;3065,0;1795,0;4555,0;8900,0;544,5;40,08000183105469;1875,0;1385,0;3115,0;2555,0;261,0;2455,0;8530,0;7585,0;2997660,0
2026-09-23;6445,0;11660,0;5165,0;660,0;842,0;2040,0;2475,0;2025,0;3057,5;1785,0;4510,0;8835,0;546,5;39,900001525878906;1836,0;1360,0;3090,0;2535,0;260,5;2415,0;8670,0;7390,0;2969546,0
2026-09-24;6395,0;11440,0;5085,0;655,5;841,5;2050,0;2425,0;2038,0;2995,0;1740,0;4352,5;8790,0;545,0;39,77000045776367;1793,0;1330,0;3052,5;2510,0;257,25;2395,0;8635,0;7280,0;2939964,0
2026-09-25;6290,0;11110,0;5060,0;657,0;844,0;2055,0;2370,0;2021,0;3012,5;1715,0;4237,5;8640,0;545,5;39,5;1736,0;1350,0;3032,5;2460,0;249,75;2385,0;8440,0;7125,0;2893751,0
2026-09-28;6005,0;10690,0;4967,5;640,5;812,5;1919,0;2270,0;1970,0;3002,5;1655,0;3942,5;8390,0;534,0;38,630001068115234;1641,0;1260,0;2910,0;2330,0;237,75;2300,0;8305,0;6760,0;2798924,75
