Fecha;AAPL;MSFT;NVDA;GOOGL;META;AMZN;JPM;BAC;GS;V;XOM;CVX;JNJ;UNH;LLY;WMT;PG;KO;MCD;CAT;BA;GE;TSLA;COPX;GLOB;IBB;MELI;RIO;PBR;QCOM;EWZ;NFLX;MA;AMD;PLTR;HD;CRM;BRK-B;ORCL;INDICE
2016-10-10;144944000;18196500;287876000;29922000;15138700;36542000;13027500;64158500;2532000;7371500;10060000;5982700;3657000;2586000;4608400;26965200;15492400;8983600;3290300;3785700;3343300;7090734;49744500;2700;154800;2488500;381300;3039800;18283400;7029800;16166200;66997000;2376500;13800500;;4349700;22522700;1884100;9475400;2881970000
2016-10-11;256164000;26497400;388540000;34432000;17537900;71764000;15657100;77374000;2680000;6227400;9309000;5337300;6394200;3353600;4218200;25774500;11723100;12249100;3943300;6471900;3607300;6456464;34926000;3100;166700;9365700;462000;3884900;24824000;8910600;19245800;90329000;3412900;32510800;;5113900;16425400;2723000;14964000;3393060000
2016-10-12;150347200;22177500;419920000;18158000;11073000;47608000;11899800;67165800;2404000;3923600;8172600;4935100;4685200;4287900;3629800;26822100;17118000;12216300;3340200;3950000;2264200;4748043;29560500;2200;181800;7533000;301400;5021200;16127000;6615700;7442100;74265000;3467800;33592700;;3545900;6301800;2558100;8944900;2959510000
2016-10-13;140769600;25313700;390116000;27380000;17139300;61828000;17890000;78637000;2713700;6810900;9890300;7883000;7387400;3425700;3565000;27581400;11158100;17655600;4464700;5677000;3544200;5924459;37419000;4600;98400;6831000;2131200;4797200;26401000;7236600;17414200;83193000;3657400;30401700;;3655700;6686800;4657600;14117600;3538030000
2016-10-14;142608800;27402500;330636000;22238000;13345300;59996000;24163800;108865700;5282300;6698100;7991700;5114700;5640500;3452900;3143900;19248000;7369000;9893800;5312500;3601000;2317400;5880390;64048500;1200;52200;4347300;3332400;2556400;25793200;6743100;19694500;95311000;3280200;66934400;;4462100;25005600;2932800;11601200;3187910000
2016-10-17;94499600;23830000;195328000;21128000;11351700;67230000;14963400;101795500;3061400;8473700;7263100;4540800;6956400;3602500;3884700;22480200;7610600;10792500;5655700;4479700;2435100;8290687;68311500;1300;127200;4401900;843300;2891600;19362000;6348200;22769900;265895000;1975500;24261500;;3753000;8777200;2552800;9419000;2832440000
2016-10-18;98214000;19149500;269372000;45786000;13504000;50250000;11870300;71433100;4482500;11680400;5429300;4720900;12598300;10141900;3218300;23573100;10749500;11297300;6198400;3715700;2271000;5751228;85207500;8400;94200;3864600;709500;2744500;27617100;5966900;23846000;421682000;2623700;25314800;;3563300;5248400;2378500;7121900;3172940000
2016-10-19;80138400;22878400;199060000;30002000;16752300;41814000;12705800;97969000;3676000;8440900;9373400;5905700;7400900;5796000;2988500;21369900;12788800;16367400;6433400;5943900;2265900;6090429;104868000;10600;101000;3099000;781500;4149600;27422400;5414700;24760300;219817000;3305200;29420200;;4094800;3668800;2309300;8310900;3364990000
2016-10-20;96503200;49455600;312084000;27878000;13167500;63040000;14122000;88081200;2471100;6945200;6866900;4820900;6973000;5203700;2661900;18882000;10175100;10620500;7250700;4576600;2539700;5932952;76093500;12900;87700;4845600;813700;3467600;24144800;13579000;17945100;144928000;2945300;64607500;;3543200;5054500;2505000;11197000;3339320000
2016-10-21;92770800;80032200;279508000;32316000;19088800;55860000;12175700;77954900;2004400;8043200;10736200;5622400;8422000;3331800;3215000;23533800;13974100;14401500;10108000;3592500;2205000;13386341;44151000;7400;74500;2182200;613100;3523900;20439700;19676600;16457500;188324000;3018800;64243500;;3234100;6789700;3075400;13413400;3456390000
2016-10-24;94154800;54067000;339836000;28952000;17470200;81218000;10197100;68244800;1943200;16267000;8354900;6077300;6141900;2930200;4363200;21490800;10573200;13439200;6173500;5096500;3814200;6497675;41274000;4200;147900;2609700;352600;2908900;38639000;6669600;15613700;159807000;2565600;52998400;;3824800;6329300;2223800;13550500;3359950000
2016-10-25;192516000;35137200;397460000;37814000;13336800;64968000;9945100;49350300;2423300;15085900;6835900;4730700;5595000;3095400;8496000;22889100;20761200;16484700;4879000;11639200;5209100;5525518;36675000;15800;127500;2522700;261700;4359300;27642000;5370000;12725900;82539000;4869300;78862000;;8731900;4447200;2349500;11627100;3756200000
2016-10-26;264536800;29911600;333792000;35898000;13084700;79962000;9801300;58730400;2533800;8748400;8488100;6353700;6429200;3267600;2988700;15151500;8464100;16886200;3763100;6582100;13272000;5082424;84492000;11400;142800;4350900;443100;2911900;28420400;9241200;20424600;86024000;3356000;47619300;;5456100;5748200;2769700;9723100;3778120000
2016-10-27;138248000;28479900;388664000;59470000;16741400;148128000;14210700;97937300;3021900;7039200;9071100;9897800;7548700;3358000;3789900;21394800;6598300;14537000;2960700;5003200;7857100;5306882;196405500;10200;226000;4632600;396300;2672200;24324700;33941700;19417700;69142000;5096100;37804200;;4261600;4019400;2914800;7588900;4209400000
2016-10-28;151446800;33574700;290856000;87098000;24545500;216822000;12766500;115123600;2042800;10919600;19072200;17435400;8813300;4033600;5651500;20858700;7021100;13398400;3304700;4974000;4636100;14162063;64201500;11900;171600;8968200;507500;3112700;20862300;17952700;22784600;70773000;9282800;77261300;;4497700;4827800;2789900;7803300;4028270000
2016-10-31;105677600;26434700;252388000;44854000;15669000;108266000;14336300;70387600;1828200;10024000;16663800;12340800;8552500;3761100;3562100;19167000;8207100;13327500;4181600;4679400;3075900;9090093;70384500;7400;301000;4731000;419300;2089800;24311800;10108300;16549000;65175000;5820000;42345900;;5671500;4113500;3229500;10485300;3926560000
2016-11-01;175303200;24533000;473224000;47118000;22077800;106108000;15564500;88587100;2900600;10881500;13050600;12755600;7591900;3391400;8190500;26515800;8564500;12223400;3935600;5139600;3245000;6679440;105900000;10100;244300;6369600;691700;4180600;32683500;8910100;32017700;69786000;7076500;39906900;;7492600;7141700;3339400;12018200;4539190000
2016-11-02;113326800;22147000;295848000;47014000;39640900;100530000;12449800;119202000;2104800;9170900;11226100;8405200;6591300;3149700;4433900;22935900;7773200;12034300;3512500;5228600;2782100;6442087;63801000;6800;155000;4102500;543400;4922400;25350200;15183000;23411300;48165000;3527500;33852200;;4846000;4084800;3178500;9488400;4289120000
2016-11-03;107730400;21600400;309664000;43504000;63766300;77450000;10369700;69690400;1972700;7563100;8836500;5703200;6227100;2989700;4843200;20411700;6899900;11258000;3890700;3859000;2280800;4799374;39795000;500;263200;9406500;703600;2420200;19519500;15642500;27847200;50413000;3127300;33673600;;5113500;3883200;2691800;12393100;3892100000
2016-11-04;123348000;28697000;328780000;39412000;30545500;102442000;13571300;82437400;1846500;7588100;13877100;7085400;7160600;3520700;3617200;21786300;9378100;14464200;3457400;5745800;2951500;7483645;77190000;11500;255700;6271200;1214400;3161200;25874900;8584300;20544200;50777000;3067200;32215700;;4607600;4280800;3493300;14288900;3841910000
2016-11-07;130240000;31664800;487580000;39852000;23008900;119688000;16515100;91581900;3338800;7277900;13576200;7333800;6398200;3896600;4969400;29266200;8878500;14038500;3842400;3786400;3228200;8608188;58051500;60600;154200;5961900;544100;2985100;25377500;9205300;29256100;58271000;3067500;36999200;;5510400;5977500;5236000;9506900;3739720000
2016-11-08;97016800;22935400;429884000;35382000;19460800;68252000;17531700;95842800;2646200;7152000;9735200;8050000;6675300;4389300;2690800;22863900;7674600;12036600;3300200;3407700;2823800;7476237;49014000;47500;166600;6393300;500400;3861200;25136100;6696600;21516300;46908000;2864300;37728500;;6105900;4031100;3636000;7574700;3921850000
2016-11-09;236705600;49632500;456532000;61970000;31916000;171258000;50948400;319516900;7823800;12158500;15901300;9161800;16220000;8042400;7332700;50338500;11972500;21351000;5099500;19281900;5494400;11277456;122596500;161300;163100;33943800;664100;8236500;33801900;11604400;35156500;77057000;4775000;38479500;;8052500;6880900;8687800;19497300;6267590000
2016-11-10;228538000;57822400;869280000;118192000;67846700;254940000;56192300;304986400;11345400;17171600;14106100;8739500;11904500;6075500;6904800;42963900;22095000;33245500;4437700;14174400;6508300;16969403;101254500;134500;256900;16931400;1090700;10019700;42386600;17774400;65811900;197187000;6584300;71749500;;8737000;10200200;8142500;26707200;6458450000
2016-11-11;136575600;38767800;2175344000;71852000;32840100;132456000;27574300;212952500;6290200;7368000;13812200;7939500;8134800;4475400;3072700;24671700;8905700;13421000;4331200;7369900;3585200;8912459;59827500;194800;263400;7980900;1844200;4362300;44636600;10239800;59164500;110803000;3300300;39492200;;5496100;8881800;4514400;12217700;4993990000
2016-11-14;204702000;41328400;1348796000;73766000;51377000;146426000;46130700;320959900;8248100;21773500;12607500;7656000;10054900;5740400;3221700;38752500;12862500;19514200;7093200;7552800;4490900;7875012;98283000;67800;363000;9624600;1388100;5194700;48186100;8256800;29614200;99324000;7106800;29596400;;11438500;7241700;5520400;15417100;5373670000
2016-11-15;129058000;35904100;626092000;58878000;34681400;135116000;28126300;190293100;4893800;18523400;12883500;12156500;7446700;4910700;3097600;29175300;9464000;16554000;4447900;4645400;3856600;8385295;58530000;53500;1752700;4535400;802100;4841800;33832200;9615200;27581000;74451000;4633100;28909400;;13445400;6216400;4780100;13594300;4548110000
2016-11-16;235362000;27332500;987984000;35968000;32397900;72976000;26054900;126734500;5276200;9997700;8201200;7723700;6594800;3899000;1922300;33577200;8542900;12681400;5371100;3297200;3559700;5272015;51516000;45300;1046000;3587400;551700;3938600;25726800;9552200;23918800;59337000;4567900;78083200;;9793400;10638700;4468900;12597000;3847900000
2016-11-17;110528000;32132700;832988000;30674000;18597800;73802000;19306700;167979200;3572400;8081800;8200500;6638100;5730300;4683000;4519200;70320900;9083700;12398800;2836600;3942200;3656100;3721301;73306500;60700;260400;3670200;439800;2997400;19861200;6982500;33155700;62327000;3096800;124235500;;6801200;12539100;4169100;13316600;3811730000
2016-11-18;113715600;27686300;576060000;36126000;22879300;87468000;19770000;120620200;4278200;7920800;8457800;6815500;7717800;5664800;4571600;33405900;14565500;16345300;3655400;4715900;2214400;5964376;78154500;32900;203900;4932000;406900;3356700;13910200;9889300;21158200;67468000;3275000;62336200;;4428900;19903000;3383300;12890600;3580900000
2016-11-21;117058400;19652600;436436000;32616000;35415400;92292000;11983500;117479100;2860200;8942100;8861500;8476800;5843300;3867800;4060300;25068000;11482100;12307000;3603300;3783200;2825900;4619007;65415000;45300;179700;2853000;532500;3166100;23399400;7868900;18549300;70645000;2650800;65595900;;4072100;8549800;2847400;8073100;3611500000
2016-11-22;103862000;23206700;330368000;27884000;26089200;106226000;14410100;104771800;2945700;18133900;9390200;6440500;11649700;4992100;5208800;32952000;7426500;12743500;3699100;3172800;3770000;5784384;84051000;172100;285300;5725200;791500;4598100;28220000;9803600;17622600;70072000;4570100;71312800;;5535800;7873800;3143300;10993100;3960520000
2016-11-23;109705600;21848900;443236000;26260000;15672100;70806000;13373700;110801300;3717400;12802600;5996300;4472700;7892600;2697200;53877200;22196700;7693300;9281300;2860200;6535900;2857500;5064876;73378500;77400;350100;5626200;662300;6764300;22145000;4820300;20805900;45213000;4952300;34646000;;3582700;8233800;3050700;11070100;3419850000
2016-11-25;45903600;8409600;195564000;12270000;8658600;36742000;6185700;62610400;1974000;6495700;5042300;3238600;3433300;1664500;8620700;12703200;3882900;7402300;1709100;2006900;962300;2746306;35491500;66700;234600;1760400;393700;2818100;11309900;4200100;13268800;16163000;1566900;14214100;;2545800;2346100;1777200;4013100;1584590000
2016-11-28;108776000;20732600;278736000;51508000;18101300;88776000;13007200;108651200;3297400;11793100;7449600;6406700;9065700;5029600;12507700;21297600;6990100;19424400;5931700;4916000;4728800;4609909;67938000;79000;234200;3129000;537500;5484100;18695800;8225200;17738100;52789000;5401700;25907800;;4859000;6436900;4204300;12118300;3515100000
2016-11-29;114115200;22366700;444568000;31240000;18891000;65446000;14144100;114216800;2577600;8575200;9181100;7461900;7799600;5827400;8930000;21930300;6183100;11421900;6370900;3806000;3945600;6556935;66589500;82600;193100;3050700;502900;4229600;22362400;6544900;13524500;70823000;3356600;54831400;;4127100;7435000;2973300;10157400;3709190000
2016-11-30;144649200;34655400;440500000;45582000;30188900;92518000;25351900;191699600;6507900;15353900;22696200;17301900;11178500;7142400;9085300;27978300;12115500;22410400;5696100;4641900;3991000;9522691;53206500;30500;353200;4829100;2699900;3387400;42463700;12470000;23330400;77151000;6889200;36511900;;6973800;6261900;5145600;14374600;5538400000
2016-12-01;148347600;34542100;1035524000;57342000;43277000;93320000;23823600;199233900;7606500;21053000;13005600;11792300;8143300;5250200;7168100;20549400;12516900;20409900;4445000;9361600;2843900;9327613;76896000;33300;284800;6024300;910800;2885100;46239900;16563900;40230800;86369000;5452100;56682400;;5398700;10907300;4578600;22740200;5067470000
2016-12-02;106112000;25515700;478292000;34376000;25070400;71226000;16931500;128468700;5297400;13629600;9706600;6167400;6167700;3480000;12272200;20022600;9079400;11176300;3348700;5038300;2105600;4465577;60634500;47000;134300;5086200;592500;2444100;30826000;9687000;21542600;89536000;3981100;42398900;;3738300;15967600;3854400;19120300;3782370000
2016-12-05;137298000;23552700;602284000;33770000;20201500;86294000;18529800;130377300;4599300;12119200;11741100;6909800;5451600;5854200;7286000;31583700;8597500;15977800;5191900;4980300;2855900;4619424;61083000;57700;205400;3119700;1000000;2676700;33376600;8708200;13676800;76263000;5427900;31410100;;4065400;10209600;4870400;13681500;3898530000
2016-12-06;104782000;19907000;498796000;34682000;19131200;75894000;16130000;120789200;5259300;13896600;11293600;6033600;6530400;3216700;4617200;23334000;7327200;11303500;3368000;3663100;3476300;3666882;50874000;206300;954500;3092700;710100;2634500;39412200;6701800;17147000;115132000;4975200;92242900;;4292600;4234100;3543600;13524700;3857290000
2016-12-07;119994800;30809000;480804000;40588000;21913700;73698000;18996900;168005200;6595200;13919800;11182600;6434100;11761100;4552300;5835900;20898600;8567700;13726500;4059900;4901100;2955800;6864357;81928500;48500;266600;12656700;794300;5568600;27947200;7202700;17631500;82047000;5423500;54897300;;6987300;4919700;6043200;15170600;4504070000
2016-12-08;108273200;21220800;381544000;32250000;22442800;63792000;20844900;182693900;7343700;13320100;9086700;5519700;7774900;3407500;4811400;20532600;7522800;13077100;3255100;3861600;2928400;5872815;47911500;87800;554900;7899900;627300;9437100;28210600;5552600;17954100;89877000;3024700;104613000;;4975400;5426600;4902500;10109700;4203270000
2016-12-09;137610400;27349400;382312000;38090000;17464700;49418000;14567200;130590400;5456000;10728300;8021700;5771600;7672100;4007200;4350800;32270100;8004500;28125800;2623700;6550200;2707900;6515975;40837500;137100;630600;6594000;789700;3853500;21652800;5551800;16499300;47008000;2541000;60600800;;5174600;5126800;3887900;11219100;3886460000
2016-12-12;105497600;20198100;601332000;32572000;17805500;59278000;14511300;136986000;5022000;11942300;15545400;10044700;9544600;3471200;5273700;27252300;7494100;17561900;4172000;3596700;4250600;6477017;36583500;60000;306700;3477900;559300;3032400;26035700;5615200;14327100;39176000;3827700;63342900;;6276500;6100900;6759700;10891400;4038850000
2016-12-13;174935200;35718900;387796000;42564000;29768000;105706000;16669000;118204100;4680500;12995100;18829300;8644200;7051600;3868900;6010900;26662500;11795900;18986000;4308000;3803300;5650400;7198926;102358500;120400;364100;3881700;395500;3303800;18621300;8494200;12636300;55645000;4297700;46967800;;6886300;5895400;4359100;12493100;3875630000
2016-12-14;136127200;30352700;983980000;35994000;25913100;109096000;22622600;225340900;6172400;20146200;16325400;7878400;9378700;3885700;6140300;26008200;12292200;17937900;4967400;5647400;3640200;9113379;62263500;30300;265900;2978700;331300;2975800;28747800;9957700;28596400;61103000;3515800;46968600;;7036300;5071600;4537400;25102400;4409670000
2016-12-15;186098000;27669900;746548000;35394000;20139600;76038000;19438900;162025800;4829700;14070900;11155100;7458300;6738100;4422700;14320800;21408900;8768100;14265300;4402800;4200100;2889300;9051219;48294000;46400;241800;2952000;396400;4518300;33867200;7162400;26875800;73762000;3774100;48871300;;5839800;4740200;3985500;17783500;4173360000
2016-12-16;177404400;42453100;1089528000;51978000;25324300;96964000;23008500;147497700;6876400;19141700;20560400;13752300;11291100;7605300;17584700;53534400;21172400;19675200;10793800;7872700;5888300;15018704;56953500;46100;575000;4992300;357800;3672800;21841500;18155600;22899700;78680000;4659700;77777700;;9429300;7224800;7046200;46224200;5928980000
2016-12-19;111117600;34338200;744656000;25272000;15918100;62264000;21685100;97508900;3743300;8699100;9674400;5772500;6310800;4732600;6102400;17667900;6431200;8687300;3545500;3856300;3002800;7293116;52321500;71300;308900;3778200;365700;2808100;21981000;7884700;13987700;48673000;2980900;46085800;;3463600;4526000;2972500;15135100;3252840000
2016-12-20;85700000;26028400;848056000;25438000;13684400;54072000;14587300;83879500;4487700;6917400;7221000;4319100;5715200;3131200;6001500;18324300;7485400;10603500;2768800;4302400;2270100;8308549;70336500;46900;674800;3290100;622800;2468000;17269500;6685400;17307500;39378000;2354400;59314200;;4301500;5262100;3103100;14006400;3306250000
2016-12-21;95132800;17096300;576136000;29192000;10767600;40892000;11400500;61079100;3277800;9343600;7308000;5024600;5907600;2767700;5054100;15303000;6099300;9693600;2762800;2829300;2326000;5835173;78114000;54500;286900;2932800;308300;1943900;19479500;5211400;16848400;65148000;1952500;44814100;;2704700;3515800;2480500;11966400;2854880000
2016-12-22;104343600;22176600;718612000;22632000;16258600;50872000;13924200;67123500;2636500;12074000;8003100;4992500;4602300;2741700;4827500;36320400;7864800;11894100;3037100;2534900;3958500;5048329;46666500;13700;157600;2445900;478400;1961800;14120400;5900200;14069600;41607000;2463900;36450800;;4094800;3468600;2511600;11226300;2880670000
2016-12-23;56998000;12403800;647692000;15310000;10890000;39632000;10759400;38187800;2187500;6192900;4266500;2682900;2992500;2044400;2570100;14411700;5284200;6436600;2164100;1545900;2135800;3127553;70057500;27400;176200;3762900;170900;999800;16673700;3088100;12471500;20104000;1610700;32288200;;2337300;2274000;2043100;8143600;2021230000
2016-12-27;73187600;11763200;1194272000;19520000;12051500;52774000;6946400;39988600;1998200;3776000;4960600;2986900;3232600;1344000;2786700;13307100;3782600;6999200;1919300;1735200;1858700;3266793;88735500;16400;115500;2555100;332400;868100;13155000;3028200;7654200;52882000;2160700;44336500;;2254900;2939700;2133800;5073700;1989730000
2016-12-28;83623600;14653300;2295764000;24296000;12087400;66020000;9455600;52652900;3053000;7587100;6745900;4086700;3278300;1669100;3256800;14627100;4298800;8988000;1980200;2700300;1810400;3940730;56737500;8400;109400;2617200;313400;1923900;14336500;6547200;12581500;43892000;2552300;71254500;;3369400;4313700;2626800;8264100;2402750000
2016-12-29;60158000;10250600;2175368000;21148000;9934900;63166000;14689000;79188400;2619000;6241100;6684700;3214500;2993600;2476300;3031600;12895200;3718300;6875300;1943300;2387200;1804000;3357811;60675000;16900;124900;2149200;293100;1766800;13073600;3700800;20819600;34451000;2858600;50234300;;2777900;3229100;2545300;5711800;2338700000
2016-12-30;122345200;25579900;1212932000;34718000;18684100;82788000;13617800;72605900;2355500;7127300;9117800;5020500;5506700;2855600;2933900;20668500;6209800;11470200;3574600;3471200;2027700;5311535;69639000;110800;282300;3537300;239700;2868600;12726700;5941900;14596200;44554000;3834700;44095400;;4149100;4523300;4041400;10820200;2671550000
2017-01-03;115127600;20694100;1501996000;39180000;20663900;70422000;20550700;99298100;4384200;13785200;10360600;7404800;5953000;3539700;3622700;31419600;8792700;14711000;5123800;5054900;3426100;6708382;88849500;40200;200000;3725100;523600;2426000;22779400;9519800;20781100;94379000;4711300;55182000;;5299700;8112200;4091000;11051300;3773010000
2017-01-04;84472400;21340000;1199220000;30306000;19630900;50210000;15266600;76875100;2728700;8033100;9434200;6679900;5828900;2695200;3021600;23754000;8096700;9959400;3780800;3772100;3189800;4474320;168202500;42400;156900;6222900;559700;3119700;13942000;6221700;13846700;78436000;3299000;40781200;;4055300;9289500;3568900;9545500;3768890000
2017-01-05;88774400;24876000;984296000;26810000;19492200;116602000;14300800;86826400;3562600;7805100;14443200;5928600;6217200;2961100;3310800;21297600;6852400;8968300;4261100;4698800;2796000;5395334;88675500;22600;176400;3709200;905200;3898100;18250600;5998900;13077500;101855000;3262200;38855200;;3821100;4695600;2982500;12064700;3785080000
2017-01-06;127007600;19922900;822856000;40342000;28545300;119724000;12893300;66281500;3591100;8898300;16518100;4762500;5221400;3081300;2296500;28473300;4799900;10246600;4089200;4023100;2426000;4615772;82918500;17300;223700;4624500;389700;3582600;24727100;6749400;12121400;106579000;3044600;34453500;;3827500;4466100;2697000;14829700;3342080000
2017-01-09;134247600;20382700;916248000;28178000;22880400;68922000;12806600;75901500;3022800;7305300;13762300;6891800;5457500;3040800;3204100;26055600;11000600;14822500;3021800;3095000;2839400;4436678;59692500;17500;210500;4605600;456000;4089800;12760900;4769200;24442600;57718000;2500700;37304800;;4310200;3933100;3564700;15587900;3219730000
2017-01-10;97848400;18593000;880920000;23948000;17324600;51168000;13989000;100977700;3432900;6017500;13283100;6184400;5312800;3500700;3559400;30769500;10918200;19706800;3108400;3980200;2988300;5676131;54900000;46500;210300;4728900;498700;5717800;14546600;6076000;15983300;59858000;3162200;29201600;;5928300;3994800;2671300;11316600;3640560000
2017-01-11;110354400;21517300;525664000;26508000;18356500;59856000;14713100;92385600;3532600;7499200;11183700;6158200;8887200;3330600;7701700;20092800;9572300;9266200;3565200;3720500;2416500;5922894;54762000;39300;565600;16901100;508900;4782600;24927700;8349800;21222600;56151000;2499000;39377000;;4643700;7591300;3305900;10403100;3625080000
2017-01-12;108344800;20968200;625616000;26990000;18653900;97478000;21337400;120474200;4022300;6884000;10407000;4940000;6627300;2555900;11900700;19634700;6545400;8541200;3480700;3102700;3020500;6242356;56853000;58300;872400;5598300;315400;5007800;13129500;6113600;19758400;53889000;3288500;75244100;;3600000;4681700;3229400;11526900;3466220000
2017-01-13;104447600;19422300;457820000;25804000;24884300;75838000;28296000;161930900;4186100;7291200;8415600;4953000;4935200;3183300;5602600;30037500;6762800;8123500;2877400;2609500;2435400;5075455;91395000;65200;456100;4142700;291700;3089700;10234600;6177400;14507700;105150000;4661900;38377500;;3117600;3690000;3081600;9455300;3090680000
2017-01-17;137759200;20664000;580612000;28818000;15294500;73410000;30024600;152495900;6277200;6326500;13237300;4669700;6255400;5475800;4913300;39502500;13145100;12469400;4077600;5040300;2758800;6015165;69262500;83400;673400;6395700;713700;3514200;13761000;22426300;21582800;122202000;2898200;70491800;;3976900;3152500;4712800;11081400;3586950000
2017-01-18;94852000;19670100;654424000;20554000;13145900;47084000;21270100;124366000;7590500;8512300;11831700;4855300;5014600;6591600;3360300;21964500;10520400;10390500;3395000;3425700;2087000;5154246;56535000;31100;312800;3516600;346400;4121200;17546400;15883200;15508700;161686000;2652300;51797600;;3869700;3969500;3074700;10394000;3317670000
2017-01-19;102389200;18451700;644872000;21410000;12195500;50816000;16555600;75990800;4561800;6479400;16382900;3427800;5540800;4976900;4439200;20463300;14074500;10987100;3155200;3540100;3144000;7866123;115984500;27500;276500;2042700;253300;1832700;11972800;9429200;23827900;232034000;1885300;46151300;;5078700;3274300;3172800;12232400;3168390000
2017-01-20;130391600;30213500;492024000;26124000;19097200;67524000;18436800;102564900;5211800;9048500;18739700;6730900;7502400;3579100;4371200;36164100;22944400;14695400;4887100;5045200;3384500;17434281;63064500;10500;396700;3489300;447900;2422700;13653800;20936900;26899900;94974000;4173300;27982100;;4853900;4593600;4176100;25439100;3536850000
2017-01-23;88200800;23097600;369904000;49148000;16593600;55950000;12179200;61385600;3136200;7414200;11433900;5104100;7989800;4062600;5055100;23854200;9408900;11628900;7022600;3254900;3931200;12330552;93943500;32800;252200;3442500;438800;2830700;15275100;94436000;28922300;74339000;3678200;27905700;;7056200;3770900;3434300;13251200;3155240000
2017-01-24;92844000;24672900;428052000;33768000;15162700;59434000;15175300;98508700;4448200;8397500;11858100;5024400;12450300;3514100;6594300;32131800;8704700;17040100;3495200;5768200;3927500;7029095;74482500;143100;252600;3882600;484100;5937300;22684600;41751800;17856300;77547000;2899600;43991200;;4055100;3730300;4012500;12216500;3816950000
2017-01-25;129510400;23672700;522760000;33108000;18731300;78452000;17551000;99753300;3716800;9360900;9578500;5276800;9385500;3605800;4830800;26168700;8082900;12538200;3968300;7557900;7480000;7956640;77139000;160700;275900;3215400;247000;5233300;17630700;27307900;12952400;72381000;3848300;61778100;;3631700;5690400;4500000;13164800;3849340000
2017-01-26;105350400;43554600;458800000;69866000;20020100;71726000;15962800;84146400;4195600;8428200;8779400;6937300;10164300;4202400;3748000;19512300;6542300;8976800;2497300;9097300;5436800;5585279;47281500;46600;100400;2890500;160500;3439900;15483300;37888200;18921400;60383000;2568700;35866600;;2931200;4121000;3132400;10556500;3611510000
2017-01-27;82251600;44818000;471996000;75050000;19539500;59974000;12535400;54590200;3253100;5445900;10947900;11698900;8886100;3110400;3132800;40300800;9332300;12967400;3592700;6371400;4883200;6261031;47494500;24400;210700;2463900;149800;2939000;16342800;23474400;9060100;83239000;2591600;32719200;;3149500;2219300;2520300;9232700;3137420000
2017-01-30;121510000;31651400;496004000;70338000;18956100;74946000;13661900;91561200;3803300;8792800;12789200;8252900;6969400;2784600;5909600;25924500;7350000;11626200;3778000;5221800;5456300;5469409;57016500;33200;333400;2744100;314700;2872600;17966400;14853900;11740800;81225000;4304400;37725000;;2705000;4964000;3194400;10589600;3595040000
2017-01-31;196804000;25270500;362756000;40404000;19790500;62744000;15655100;91044300;5156400;7479400;19128100;7951000;8713400;3037000;6964100;27962700;9712400;12678000;3733300;5724700;5350700;8075932;61741500;60000;234500;7958400;329800;2654900;17607600;13995400;10519500;44116000;6470200;53704900;;3227000;7835200;3099600;10766700;4089730000
2017-02-01;447940000;39671500;590004000;45020000;50139800;77004000;15430900;103630900;4024500;7534400;15111800;5889300;7082300;3718500;4959200;27150000;8291000;11136100;3233400;3582500;3138000;5358922;59382000;58000;159600;4413000;401400;3194100;20453700;16102100;9357300;60334000;6149100;165939300;;2968800;6199700;2906900;11837000;3919190000
2017-02-02;134841600;45827000;483240000;33784000;54366400;147010000;11081400;88679100;2775700;11142300;12200100;6289000;7826300;4714000;3830900;26996100;8997200;9459700;3236600;3807500;3791700;4529950;37497000;40100;336400;3757200;422900;3291200;19252300;14481200;8173100;34624000;4112000;116324500;;2197600;7676100;3041200;10120300;3809760000
2017-02-03;98029200;30301800;372744000;30562000;24804900;217376000;17885200;116035100;7381000;28079600;12746300;6623500;7267600;2762300;3836300;22875900;7161900;11882400;3183000;4677900;2981700;6490288;32800500;48000;222400;3100800;186600;5409600;19833600;10965300;12518000;35126000;7132600;60036700;;2654700;4975400;3352700;12941200;3605970000
2017-02-06;107383600;19796400;506768000;27018000;17058500;77946000;11828400;92228400;4639200;9665300;9938200;5637300;6178400;3479400;2835500;27291600;7483000;15742800;2760300;4621300;3110500;4950529;53437500;26200;132800;2888100;215700;7227500;14454600;8215100;9535100;35521000;3445100;140474100;;3864100;2664200;2798300;7871300;3112390000
2017-02-07;152735200;20277200;746224000;33332000;14596400;69322000;9392800;87982900;2660200;8600300;11705200;6038400;5507900;2942700;3346800;17417100;6646100;13315200;2847200;4995600;4243200;4961630;63672000;24200;184100;3411900;362400;5102700;14168700;10374100;7513000;85735000;3204800;158683800;;3242000;3628200;2446800;8848700;3452460000
2017-02-08;92016400;18096400;449580000;26044000;22390600;57160000;13970900;102264500;2744700;7587700;14006300;5188800;5272000;2339700;2820800;22982400;6815800;14219700;2835200;4083500;3041600;6715038;58995000;39200;271600;3217800;302000;3627700;25021000;9229000;11056700;68871000;2993600;75942900;;2882700;2568000;2247100;8883300;3611950000
2017-02-09;113399600;22644400;842568000;23884000;16470600;49698000;13749100;102634200;3550800;6554700;9603000;4607800;5854600;3056800;2962600;33241500;9914100;27240300;2493600;3994300;3451100;4520873;117303000;40500;184200;3184800;368400;4377800;12816900;7615100;11799400;45551000;2679200;73339900;;2931900;5147500;2878300;10977100;3681600000
2017-02-10;80262000;18170700;1651092000;28302000;15061900;48592000;10992500;90548300;3072800;10432000;8739800;6194300;6438500;1905900;2598600;37336800;11057600;28847300;3681400;5600200;2689700;4754804;54295500;91400;396700;2292300;477400;5837100;21270700;14042200;16044700;61719000;2078400;54579300;;3297000;3061900;3066200;13168700;3496600000
2017-02-13;92141600;22920100;1180724000;25914000;13526200;83452000;18739100;105342500;2998200;6046300;9071600;4858500;5710800;3275800;2097500;25122900;6905100;23617100;2993800;6995100;3765000;7724671;105444000;128400;231300;2349000;337400;10257300;19451100;14516200;11784900;47904000;2337100;57413100;;2753000;4327500;2958400;12779800;3352370000
2017-02-14;132904800;23108400;850632000;27266000;14364900;55848000;17932100;139711400;4141500;5952000;11370500;5811200;5539100;2969400;3311200;25386900;20123400;32177800;2663100;4342600;2580300;7309078;110178000;108500;292200;4371000;311600;3547900;15638200;13072000;14993200;83678000;2336800;40479100;;4775800;4809500;3057900;9623000;3528040000
2017-02-15;142492400;17005200;373020000;27144000;13226500;59378000;17381800;151233300;4296600;8049700;11768500;7048100;5979700;4537900;4272800;25689900;25847700;26600800;2974900;4326000;4033200;5315103;74218500;126300;246600;5337300;331700;2168600;14796000;14149200;29231000;53091000;2920000;33722300;;4343500;5271900;4349600;9243600;3785870000
2017-02-16;90338400;20546300;647176000;20102000;12831100;54294000;17672700;98144500;2286300;8680600;10615000;9478200;7119300;3191600;3629600;25241400;12408500;22214800;3006000;3062400;3070100;5411130;106159500;105400;305000;4772400;226400;2409500;15683800;11622900;19482900;28475000;2146400;52502500;;4295800;5234700;3152200;10132700;3675900000
2017-02-17;88792800;21248800;563740000;29224000;12276500;62246000;15776600;85789200;3262300;5887200;15646000;8111000;8691400;12033600;3111100;38512200;12152400;15065100;3677400;3631500;4982900;4559141;93856500;189800;706000;2805900;325800;2245600;9155300;12456600;10992600;45881000;2850900;40888000;;5108400;3674100;3716900;18545300;3516830000
2017-02-21;98028800;20655900;551952000;25206000;14759100;70154000;14068300;78571500;2794900;9301300;16419600;6619100;8595100;5419000;3178800;67238700;9018700;17072600;4495200;3916600;4231700;6310150;85150500;87100;294700;2834700;647300;3233300;16923700;9878200;17182100;35715000;3117200;66357100;;9275900;4325000;4416900;12394700;3587520000
2017-02-22;83347600;19292700;433772000;24488000;27360100;52340000;11839000;81531900;2378800;8389900;12917400;5732000;5103900;2725300;3468800;45728100;6749900;11186800;3670700;3031100;2832100;6285841;131325000;92200;464800;2687700;348600;2902800;11602700;8711500;9611900;34820000;3049300;71505000;;5037800;2741400;3299400;11602800;3473170000
2017-02-23;83152800;20273100;1592888000;27734000;18422500;69240000;11067000;85846000;2594700;6040500;13847000;8659700;9980900;2459600;6193500;38399100;7611600;12856800;3178000;6024800;3502600;6040329;223728000;87800;458200;2841300;562500;10057400;15437700;10152800;17418900;46680000;4162200;80317600;;4184000;5595200;3377100;15484000;4021770000
2017-02-24;87106400;21796800;1029904000;26924000;12625700;73760000;15062300;97074400;3565400;5151300;11338700;6189400;10835000;2715700;4016000;41669700;6643400;13215300;3537200;5018200;4197200;5701420;122574000;123000;234200;5527200;1003900;6574600;24926100;10644800;21906300;33027000;2471700;46288600;;3516900;4434200;4023400;11426700;3832410000
2017-02-27;81029600;15871500;715400000;20206000;14306700;54272000;12361000;69129100;2372600;6131600;13465900;7275800;5946200;4071800;3104200;27764100;11840300;12186400;5184000;5445000;2892600;4918541;171912000;63700;178400;7717200;481200;4609200;18597400;7127600;8724600;39074000;2361200;95422900;;4388400;3289300;3738600;13876500;3584680000
2017-02-28;93931600;23239800;625360000;27662000;16112100;55874000;15183500;90242000;3627100;8521900;16834200;7030200;8885500;4382100;3672000;47857800;10535600;15946800;4619300;3951700;4785100;8161171;91171500;69300;225800;5241300;519700;2896500;12414300;10388200;15334100;38622000;3367200;141783000;;4211900;10533000;6464500;14450300;4212460000
2017-03-01;145658400;26937500;504804000;36374000;16257000;55202000;24451400;143947500;5218300;11131400;17482100;7353800;9393900;3514200;3420600;40568100;8792200;14662000;5471600;5564900;5461800;7696084;72142500;139200;283200;5556000;524200;4902400;19108600;11082400;19288000;41706000;3218700;73450400;;6213500;14319200;7137600;11402200;4347630000
2017-03-02;104844000;24539600;754332000;25018000;12294800;42642000;16862500;99824600;3020000;10544200;14170300;5892500;6950200;1889800;3371600;26748900;7031200;15507600;6738100;23059200;4909000;5767504;50277000;72500;221000;4108800;240200;4255700;22940500;8451700;22080700;61199000;2690800;104330900;;4053400;5884800;4154800;9431600;3824030000
2017-03-03;84432400;18135900;864692000;20100000;11160600;38822000;12817500;92456100;3163700;5700600;12190400;4905600;5585200;2254400;2649100;27893700;8334900;11740000;4067700;8163300;3917500;4164269;43791000;49200;173900;3012900;276200;2590300;11383300;6971400;16820900;53998000;2938200;163395900;;3412300;6217200;3552000;8917100;3556670000
2017-03-06;87000000;18750300;883568000;20958000;12748200;52208000;15059200;75660400;2467000;7347600;9617200;4731900;6670700;2576500;3960100;27547800;9533800;16307800;3271500;4706100;4244000;4886991;50332500;122500;102100;3171000;295900;3035200;9521900;7241600;8038700;71161000;2175800;117192600;;3998000;5328500;3379100;9196000;3251800000
2017-03-07;69785200;18521000;603400000;20774000;13527100;44952000;11156800;64053700;2497300;5688400;12711500;6660300;6644000;2702300;5570600;21848700;5363000;11273700;3332400;4683100;2452000;6256295;51892500;98400;157700;5643900;394900;3483500;9219900;7131700;11179900;42410000;2474200;76666300;;3996300;5431800;2645400;9492900;3526300000
2017-03-08;74828800;21510900;638712000;20576000;10184500;45730000;17378400;105314600;3574400;5866800;16817700;9071600;7909900;2048200;4491800;23939400;5503700;14636000;3571700;9370400;2321700;6741538;55878000;53900;135800;4475100;287900;8132500;29306600;13201700;16863600;40855000;2355400;71294700;;3614500;3732400;3334400;9217100;3814080000
2017-03-09;88623600;19846800;478060000;26954000;15535300;40964000;13726200;78984600;3061500;5953900;14721800;7247400;8571100;3631400;5861600;22693500;5587400;14496400;3265700;9260900;3100500;5412736;58189500;254600;209000;2581200;261500;5291700;30201300;9875600;19763800;26527000;3195400;45244200;;3594000;3646900;2955800;10308400;3718450000
2017-03-10;78451200;19538200;499740000;26732000;16314100;48728000;13729900;86998800;3365900;12246700;11355200;6560300;7395400;3716600;3629400;21296400;6797800;16369700;3178900;7169000;4595600;12355279;45994500;73400;133200;4374900;247400;4955000;20209500;9752000;19258900;33185000;2735400;65142200;;3123200;3930000;3789700;12244500;3434400000
2017-03-13;69686800;20100000;774136000;23332000;10955500;38194000;10004300;56886200;1801100;8944100;9571400;6369300;7162500;3130200;2248500;20407500;7397500;12831500;3130800;4376100;3499000;6299049;45339000;63600;195500;2473800;506500;3743300;14049900;7737900;13202200;49224000;3123000;73078100;;2933300;3463700;3333500;12440800;3166650000
2017-03-14;61236400;14280200;522016000;21234000;12944000;42612000;10237700;63182700;2144200;6009400;11335700;9935700;7679700;2522600;2839100;29875200;6686400;9844500;2492700;5781100;2346700;4757830;113976000;60700;145800;2897100;276300;3521100;36234900;6276900;12656300;46603000;2891400;52554500;;3272500;2933500;2972300;10291000;3173760000
2017-03-15;102767200;24833800;615036000;26658000;19344800;51244000;16601400;114662700;3427000;6350700;11970300;9472100;8360600;2807600;4883900;26441400;7855300;22757800;3529300;6434600;3569000;5246349;79962000;54300;212000;3560100;305100;7646500;28797900;9029500;24865700;59872000;3305500;55179600;;3670500;3074100;3928500;18393200;3909490000
2017-03-16;76928000;20674300;523100000;22090000;13612900;36846000;14492000;70306200;2940600;9174400;9923800;8894700;7610700;3138600;4742800;21183000;6601200;16004200;3945700;3717900;3100700;4425097;106983000;50900;83100;4371600;335100;6785500;23584000;7206200;14485600;52865000;2746400;44494800;;3544500;3762100;3119600;67535400;3368880000
2017-03-17;175540000;49219700;1119688000;37366000;20592800;67688000;21734700;105222400;5438100;8613400;18834100;14353400;13300800;5622900;5786900;42235200;37010100;37526500;12532700;7141400;5037400;9105805;97462500;60100;142300;5106600;464400;3210900;35888600;20057800;20570800;62813000;4119200;224892300;;9002000;7828200;6710700;31688700;5179820000
2017-03-20;86168000;14598100;748568000;30844000;12099500;45654000;14623600;87287500;2759100;9438000;7700300;5301900;5827500;3928600;3121900;22398600;7772900;11484200;3415500;6516200;2062200;3938998;54214500;29700;63800;2405100;457300;2175700;24122900;7498200;16387000;34210000;2435400;91565600;;5906100;3428700;3340700;21452600;3061560000
2017-03-21;158119600;26640500;913484000;50760000;29894800;87658000;33089200;259545800;5660900;11092100;13387700;7406300;7578600;4953100;4066200;26240400;8211000;17187300;4062400;7720200;3239600;5599405;103629000;45300;192400;7747200;622100;6132400;34681600;10092600;23932700;76698000;3734000;72552700;;4530000;4206200;4973900;21974500;4278890000
2017-03-22;103440800;20680000;616764000;27334000;17055400;53174000;21741000;167984400;6291300;7828600;11168400;8106800;10272700;2999800;2850300;19366800;7798000;11605500;3174200;5035600;2505700;5425360;60889500;54800;124400;4785900;379200;3774000;36537200;9129700;15864500;64869000;2576200;61239500;;3169000;3057000;3257000;14339700;3575160000
2017-03-23;81385200;19269200;533940000;65754000;13022800;39060000;16090100;111666800;4770700;7710700;8928000;5451200;8508100;3947400;3021100;20696400;6831400;11503300;2774500;2585700;2006400;5148737;49803000;79400;128400;2151000;560700;2742400;31579800;7718700;11087200;37126000;3107000;44549900;;3219400;3056700;3142900;16190500;3262400000
2017-03-24;89582400;22617100;439500000;42114000;16664700;42766000;16093200;113499100;6387300;7597600;9128500;6339900;6490300;5243900;2479100;17577000;9252000;13804400;3568200;3634600;2386800;5817541;84709500;48000;181100;3378600;405800;6281500;25362800;5621400;8609200;35466000;3221900;50099500;;4735400;3701800;4131900;13110200;2978530000
2017-03-27;94300400;18614700;506644000;38692000;12800500;55116000;16689300;119513500;9194800;5230000;8481200;6479400;5004300;4383000;2340300;17377800;10072000;12387400;2540400;3425700;2750700;6048425;93462000;35500;170700;3636900;297400;5055900;21062500;4726300;9116400;47717000;2724200;42686800;;2943000;3403000;4884700;8933100;3242300000
2017-03-28;133499200;20080400;432444000;30384000;14679400;60832000;16264400;95761700;4471200;7045500;11028600;6331500;5287600;7327100;2755000;21756600;11855800;14123800;3487400;3866100;2412600;5810759;119814000;15000;261300;2371500;244200;3192800;20693300;5953500;14551000;46380000;2986100;37420200;;4635600;3216000;4598000;14008800;3369120000
2017-03-29;116760000;13618400;349992000;29146000;16527600;89716000;10207600;67204500;2636000;4738000;8495500;4919900;3971800;5900400;2066600;20973000;4252800;9580100;3197800;2513700;1640600;5750477;55143000;52300;157200;2686200;370400;3056500;20845800;4042600;13836100;38550000;1783800;37863500;;3730000;2874000;4776400;10636200;3107670000
2017-03-30;84829200;15122800;525532000;18988000;12404000;55254000;11631000;79189200;3156800;6227100;44704900;6797700;4711700;2993800;3204100;24424500;3691900;11999900;2018000;3672600;1737200;7503760;62226000;31300;192700;1966800;285600;2920500;18405900;6359000;10620500;44611000;2029400;44132800;;2450800;3483000;3393700;7792500;3159680000
2017-03-31;78646800;21040300;440808000;28820000;11478300;79152000;16987600;77158300;2858400;6429800;21750400;6159000;5657600;3496100;3151900;29819400;6942400;11551800;3041700;4020600;2032700;10599304;49419000;21700;192600;2045100;316000;2423600;22064700;10065000;11828300;38882000;2507700;84566200;;3248700;3174000;3564700;10652800;3356740000
2017-04-03;79942800;20400900;445232000;39388000;13564000;68446000;19831800;88076600;3735600;9125800;11438700;5800900;4956400;3473700;2429900;24873900;6967400;11240000;3287100;3685800;2934800;6241563;208329000;20100;159200;2086200;939500;2671400;18621700;11343500;12370300;46093000;3170100;48423700;;3775300;4224200;3986900;16044300;3418730000
2017-04-04;79565600;12997400;1271280000;26970000;12948600;99694000;14280800;75244400;3042700;4859900;9270900;4687400;5358500;2886000;4624600;16701900;5680800;10946200;3414000;5797500;2326500;5228488;152019000;69000;124400;1732200;431600;2565500;18283300;7123900;11020800;43689000;2169700;58413000;;3124200;4441500;2853000;9161300;3208340000
2017-04-05;110871600;21448600;747048000;37104000;17158100;150168000;17635500;97453300;5286900;7251600;13809100;6398800;5646300;3541600;4056300;19063500;6320100;10142800;4052200;6061300;2567200;5391307;118213500;36600;185400;2672100;373500;3463100;22794400;7857700;18968100;46076000;2486600;58816700;;3390400;13289300;5231100;9445100;3780650000
2017-04-06;84596000;18103500;635120000;30672000;15103400;126882000;14379600;82975200;2927200;8473900;9554900;3934500;4324200;2923600;2684600;17823300;7231500;14597800;3856900;5421600;2343600;4496668;82809000;29100;228000;2232600;410700;5023200;22534100;5757800;15996200;33124000;2238500;139500100;;2699100;5014400;3892300;11557800;3203250000
2017-04-07;66688800;14108500;429068000;22232000;11818300;74218000;13097100;79519400;2853300;5439500;8909600;4889400;3615100;2927800;2808500;32304000;4739100;11028800;2176600;4463800;2806900;3959509;68694000;18200;206300;2375100;315700;3305600;24379200;5229800;14424700;30405000;1995100;70441000;;2869100;4876400;2593400;13446600;3054700000
2017-04-10;75733600;17952700;756332000;20924000;9039400;63686000;15081600;63254700;2653900;5999400;8885300;4812100;4594200;3234900;1994900;22487700;5956000;9426900;2709300;5168300;2309300;3861334;114967500;43700;183700;1436400;217900;2822900;20124600;6039800;14699900;58074000;1862800;47178000;;5044500;3401300;3015900;11668600;2792570000
2017-04-11;121517600;18791500;618148000;19486000;16638100;60254000;14690500;94206700;3374700;7058500;8576500;3956500;4161500;3172900;2699200;17431500;5186000;8909400;3677600;4250400;2266300;4598954;85869000;33100;130100;2289600;264600;4012600;23703200;17301800;16826900;46215000;2045800;59916600;;2844800;2536200;3488200;15422400;3120900000
2017-04-12;81400000;17108500;414092000;22716000;11612500;49122000;14730600;76556300;2947500;5912500;9516100;5053300;5556600;2978700;2545100;19881900;6286300;13417200;3195500;4773900;2922700;5642494;90760500;40000;105400;1473300;562800;5776600;21057700;24822200;12627800;43870000;2651200;37385400;;4445600;3098400;3419700;8457000;3201300000
2017-04-13;71291600;17896500;506892000;21474000;10965600;63492000;30529800;88061800;3653700;7242700;8667900;6894800;5396500;1979800;2172500;16009200;5040100;9891900;2429200;4706000;2024100;4172824;139269000;43600;147000;2325300;371500;2975000;25557800;17014400;13884800;36858000;2690300;53442600;;2346900;2594700;3655100;11838300;3146380000
2017-04-17;66328400;16689300;497292000;20982000;11519700;57094000;19071700;85053200;4190900;6122800;9577200;5278800;5367500;4396700;12424500;16396200;6931700;11318100;3236400;3719100;2450200;4543951;62080500;84200;148800;1462500;503600;2345600;24231000;10471700;18783900;163647000;1731200;38188200;;3467700;2960800;3414100;10999300;2826890000
2017-04-18;58790000;15155600;370116000;18724000;14807500;59984000;14127000;146488400;12464000;6823500;8821400;4252700;13485700;5526200;8210800;19883700;7087800;13181600;3617400;3310400;2960200;5363993;45535500;85200;120200;2818200;143800;4297400;17029300;11262800;11068400;196710000;2141000;37172000;;2969400;2498200;2985800;10446700;3272210000
2017-04-19;69313600;26992800;380828000;21606000;15563900;57404000;17588500;101771800;6428800;7301300;10764400;6667900;6993100;4703400;5504500;17821800;6919000;13893100;3132800;5550400;2124500;5549243;58470000;15800;205800;2063700;259000;3513800;29994200;15441500;11120500;123951000;2242400;36491100;;3461000;2840600;3932900;10712000;3521160000
2017-04-20;93278400;22299500;404016000;23776000;15968200;56288000;15635800;103802600;5168200;12178300;11649100;4988100;6330100;3652100;3267200;23043900;6983500;10838300;2697300;4852500;2335200;7737524;92241000;11200;123200;2672700;301900;3470300;24791500;24664600;14171400;72482000;3459600;41976100;;3700500;4012300;3729200;10880900;3648990000
2017-04-21;69283600;32522600;341896000;23458000;12382000;48410000;19820600;127235400;3845700;19442600;9816700;5432600;6021700;2982300;3204000;17267100;9061200;13833800;3466100;4128700;3146600;15096994;67647000;20800;78100;3210900;231300;2973600;24606200;10951500;13761000;68248000;4067400;25689600;;5019900;2946100;5122400;11556000;3524160000
2017-04-24;68537200;29770000;371820000;33930000;14407200;62458000;25468300;138638900;5353500;11705400;8729700;4538200;5679000;2830300;4813600;23437500;8338500;16703800;5041000;6739400;3141900;10137889;76252500;28800;267500;2742600;233500;3008300;20136600;10784400;11959000;48009000;3207800;36120300;;5077200;3193800;4135500;10848900;3711170000
2017-04-25;75486000;30242700;388440000;40760000;17767500;67612000;18253800;131531100;3996900;7769200;10733800;4619000;5090000;3394700;9221100;17161200;9088400;18745100;10893800;18383500;3735400;8316040;101065500;37300;223900;3427500;652600;2695600;17238300;11688700;15643600;206742000;2873700;35881000;;5496500;3016500;4268500;12436800;4005820000
2017-04-26;80164800;26190800;327004000;26466000;12395000;52178000;12832200;95172200;3765300;11295200;9445900;6687400;5021800;2817500;4421700;20845500;11951300;13626600;7132200;9856100;4471600;7797368;70425000;25700;185600;2561400;380700;2249400;20754600;7373800;13105300;92741000;2202700;36644500;;5120200;2165000;4084300;10122400;4111350000
2017-04-27;56985200;34971000;319700000;46846000;11275100;106110000;13329000;80024200;2805800;5856800;12385300;5781800;4225200;2438600;3219200;18156600;8517500;10386200;5183700;6727400;3129100;6873288;52029000;29000;137400;2015400;336000;2789300;24161100;6956200;11527000;77194000;3350800;31327600;;5881400;2944500;4290200;8221000;4099940000
2017-04-28;83441600;39548800;348248000;76918000;30652200;147294000;10755600;69384900;2936600;6888500;12072200;6848400;4381800;2010800;3161800;21991200;8295400;10337800;4779900;4016000;2181600;5024416;67582500;99900;293100;1708800;200600;1575000;24102900;34374100;17780000;63662000;3536000;50376000;;4983000;2919200;3045000;12962700;3721350000
2017-05-01;134411600;31954400;307732000;46556000;25218300;109330000;15712300;72382900;3004800;9042100;8664100;4955500;4556400;2709700;2397200;18497700;4546600;13208200;3747200;4512100;3516700;5011187;132444000;50100;176000;2511300;314800;1775000;13156500;12987700;8359600;90316000;3556600;68036300;;3152900;3290000;3135400;9118300;3201500000
2017-05-02;181408800;23906100;629972000;35026000;21870400;76976000;14414200;60262600;2602400;11627700;9102900;5112200;4881600;4951000;3626500;21955200;13197500;11823900;3774100;4516400;1979800;7044432;80742000;25400;194200;2848800;279400;3097500;28446900;10445400;19169800;53848000;6802600;268336500;;3295100;3503200;2781200;11649600;3861360000
2017-05-03;182788000;28928000;336904000;36496000;29782500;71654000;11540500;64272800;3042200;4909000;10289000;5663000;3736500;3622200;3373200;16570800;6122000;10389000;4278400;4278400;2983200;5611612;107001000;40700;161900;1898100;372300;3225300;23890200;18428300;9684300;39312000;3640900;140899400;;2445500;2786700;2982200;10695900;3896760000
2017-05-04;93487600;21749400;209788000;38752000;36225500;48368000;11540100;68133400;2935400;5257000;16164500;8039900;3753700;2585200;3567100;16502400;5986200;10193100;4178800;7271600;2289300;4092740;212280000;413800;124100;3174900;545200;3830600;41802000;11993400;15488700;55823000;2560400;77031400;;3793100;2140100;3643500;15505200;4367860000
2017-05-05;109310800;19128800;228428000;32310000;17148500;57328000;9436000;56678800;2435800;8844500;10213000;5060000;4139800;2189000;3135600;16793400;4506200;8133000;2452700;4086800;2636900;3532044;122659500;76500;102100;2111700;1735800;3220600;28826900;9108800;11542700;53417000;2335900;51759000;;2500600;2595800;3578500;8443400;3543240000
2017-05-08;195009600;18566100;365240000;37534000;15827500;68314000;8162200;56016500;2316800;5223600;8097100;5175100;3608600;2505900;4712900;19536600;4634600;14284300;2813000;5094600;1963400;4513424;105097500;25200;116600;4045800;602700;2181300;27098400;7033400;11133800;48188000;2562400;35101100;;3184600;2168400;5163900;7559600;3429990000
2017-05-09;156521600;22858400;847672000;33758000;17453900;65242000;10273900;61622000;2145400;3969500;8647100;5024000;3762500;1653700;3988100;24765900;9577600;8694400;3053800;9742000;3004000;4974233;145147500;15100;132900;2652000;550100;4299300;25192100;8332900;14141500;39110000;2350700;51017300;;3004400;2887000;3840700;6530600;3657840000
2017-05-10;103222800;17977800;2129096000;22920000;12080700;41930000;8334900;48495300;2630400;6747600;9520300;5582800;4237400;1568700;4018500;22535700;6178500;7597700;2273300;4696700;7060100;5435063;86124000;7500;74800;2245800;707300;2094200;25891700;8517700;15761200;68699000;1812500;65995900;;2617600;2920700;3237400;6906100;3649370000
2017-05-11;109020400;28789400;1939792000;20622000;11841900;43882000;10907400;68350800;2440300;7052200;10047300;4632100;4095900;1901300;3920500;25048200;6064700;6860100;1941900;5220300;2883800;5845752;71307000;6800;76400;3217200;1172700;2243100;23894400;13514700;12192200;56774000;2239000;72946500;;3929100;2731600;3285900;8996400;3727710000
2017-05-12;130108000;18714100;962620000;24298000;9598200;72518000;8738800;62589000;2166100;5898800;7480200;4488200;4097100;2335400;2935200;17678700;5892400;7275800;2747900;4112000;3479200;14279415;61824000;9500;106900;1562100;527800;1582400;29608300;9107600;22975300;50929000;3195200;56072600;;2926400;5586600;3592300;7965100;3304620000
2017-05-15;104038800;31530300;1087540000;26754000;15064700;85412000;8835600;50688800;2468100;7040100;10881500;6647500;9854600;2831400;2559100;26531700;5820700;8493000;3332800;3756100;3365000;8297970;114330000;10100;117900;1684200;574300;2532300;27928200;10686100;16380800;49720000;2998200;52565000;;6068900;4053900;2959000;9694000;3490080000
2017-05-16;80194000;34956000;1120700000;22030000;14550800;62522000;9795000;55774800;1710700;5497400;9574200;5001400;7233800;4343700;7170100;25115400;6554500;10454100;3540900;3115900;2156100;6157451;62287500;11400;187300;1545300;611900;4109100;16267500;9599300;18132500;34649000;2375700;164186900;;10120900;6422300;2434900;7944500;3421810000
2017-05-17;203070800;30548800;1271368000;48982000;28300100;102912000;24679700;190353300;7525700;8240200;11151100;6384300;6480800;4442300;4486000;32913000;7805800;14538800;3875600;4618500;2535700;10946789;100678500;17500;307500;3506400;1026400;4817000;17944600;14811300;20321500;81845000;4195000;160109500;;5937000;5619200;4797400;18489200;4164760000
2017-05-18;134272800;25201300;1156032000;36010000;23031600;78786000;23350100;108444100;4792400;8239800;9905800;5618100;6571300;3908000;2928200;57500400;6985600;13832200;2730900;5931500;3118100;10109177;84807000;8600;327000;2278800;2765300;3995800;153993000;13125300;166606800;68027000;5088400;86900100;;4858600;10180000;3645600;12777600;4319440000
2017-05-19;107843200;26961100;1018372000;27206000;16187900;79442000;13412900;89566700;3747100;9361300;13028500;8383500;6957200;3877300;5091800;55745100;7320700;11796800;4071200;4636500;4038900;10117753;70314000;14900;1001200;2019300;629600;4370500;39367500;16643800;54404700;40915000;4360500;50319700;;4781800;15733500;4164900;11519200;3831700000
2017-05-22;91865600;16237600;836608000;27748000;12586700;52844000;11636000;74839400;2506100;9186200;9218700;4491100;4858200;3480300;6936500;26692800;4260000;12857900;3294500;4376300;2946800;5803039;64938000;34300;505200;2629800;652000;3363500;42224400;20771500;38466700;37441000;2578200;78696400;;3802100;6058400;4350800;9805800;3176580000
2017-05-23;79675600;15425800;681248000;30908000;12817800;48312000;11753000;79020000;3308800;7616100;6857200;3457100;3972500;2471500;5884800;22754700;4394200;11996100;3262300;3327200;2123800;4982246;64776000;33800;277500;1985400;480600;2934700;22071200;14223400;30406400;33709000;2857100;49799600;;4640900;4344600;3352200;6873700;3216560000
2017-05-24;76712000;14593900;815996000;22660000;17862400;48920000;9833800;58823200;4141600;6825300;8136000;3457200;3965200;1612300;2253800;22281000;4878800;12738300;3348900;5170900;2424700;11205008;75499500;11000;213900;2144400;575300;2867600;25863100;8592600;28933600;29708000;2509000;42903900;;4558700;4577200;2597300;7653600;3389240000
2017-05-25;76942400;21854100;608228000;39082000;19891400;96440000;12238500;60443500;2640000;7262400;12370900;5293800;5294300;3212200;1736700;18405000;4368000;16704200;3408100;5220000;2363300;8190905;75210000;34800;222800;2277900;584200;3156900;30557400;9556500;19679600;85610000;4689200;33584300;;3110800;7407100;2605300;7597600;3538210000
2017-05-26;87710400;19827900;779140000;32728000;14996200;69384000;8113500;50399500;1787100;4133900;8227100;3752500;4005200;1583600;2238900;18377400;4337000;11341400;3258200;2894100;1735800;6390068;117033000;8000;273800;1858500;488300;2046900;22845300;8261900;23143100;48343000;2141600;31907600;;4284700;5284500;2156300;6899700;2806930000
2017-05-30;80507600;17072800;989652000;30324000;13226000;65262000;12603200;61307900;3097800;6292700;8973600;4288000;3665400;2285700;3244900;16231200;4594500;13093500;3113900;3211700;2231600;7602749;116743500;7200;329800;2865600;778100;1237500;21082600;11553700;11321300;48286000;3405500;35339000;;3504300;4626500;3048300;10769800;3205860000
2017-05-31;97804800;30436400;887316000;34482000;18023900;78262000;28327900;138636300;8312000;9866000;13572300;8037900;8813500;3320400;5163900;24605100;10146600;14148000;6415700;4131400;5186700;7430561;149451000;16000;232200;4801800;999200;2881800;23066100;14082600;14579300;53289000;4708500;42929000;;7158400;6030100;5674900;14757600;4518040000
2017-06-01;65616400;21603600;503340000;26128000;14530600;49096000;17123500;69725100;4057900;8911900;9884100;4769400;5790900;2890600;3093100;24459300;6251300;11049300;4349800;4211300;2870200;6758085;114120000;7200;258700;3387000;519900;1873800;11539000;11560100;16180700;38963000;3279000;48002000;;3385100;4890600;3330900;8138900;3860620000
2017-06-02;111082800;34770300;487456000;34710000;16854400;75046000;14998500;79722300;3692000;8570200;21687300;5864000;6562600;2610100;4005700;23989500;6136400;9923700;4316700;3702800;3034300;7722083;83853000;12400;358600;3573900;342400;2329500;12337500;9538000;16114300;42591000;3731900;43056200;;3485600;4969200;3919900;11794600;3465500000
2017-06-05;101326800;33316800;817376000;27578000;12520400;54398000;9080200;51590300;2696600;14510500;11527100;4523300;4634700;2640600;2814800;30437100;4115300;10015200;2633700;4319500;2522100;9078783;101766000;24200;278700;2733000;346200;1587500;9441200;7960800;19925700;38752000;4617400;66207300;;2651800;5537300;2303200;8617300;2916720000
2017-06-06;106499600;31511100;758728000;31042000;13457100;66928000;12196800;71735600;2891300;7030300;12208600;4683900;5619100;3443900;2688000;34577700;6503000;9836700;3661900;3800200;2725000;7036336;166302000;7600;328500;1388700;465200;2052800;15322600;7871500;17451800;43821000;2712100;114998600;;3260300;4296700;2752300;7449500;3376750000
2017-06-07;84278400;22301800;612612000;27482000;12066700;56460000;13711100;66429700;2679400;6720300;13096500;7197100;5765200;3783600;2899900;25533600;4781600;12776300;2922900;5121700;2383500;9084960;140970000;5500;311100;1403100;392700;3218800;25202400;10126500;13661700;33531000;3219700;151005900;;3159000;3484000;2987300;7688700;3576220000
2017-06-08;85003200;24588300;1161744000;33758000;17799400;55358000;17951000;93685900;3765600;7720300;11720700;6493600;8101700;3079900;4610400;32799000;7712100;12879000;3709900;4649300;2340300;8538411;135922500;38600;335900;1732800;454700;2591300;21823900;10322200;15859300;37191000;3332400;89515100;;4041600;3804900;4387400;12889500;3735980000
2017-06-09;259530800;49187400;3692928000;72958000;35577700;152954000;19120200;108254300;4455400;16887100;13553900;6595600;5992500;2392200;4599300;28215300;9696900;9358800;4143100;3881000;3344900;5292255;258921000;15200;528800;3776700;642000;2837900;15531900;13624800;13364800;102920000;3556700;167454400;;4705300;11672200;3781300;12188400;4029860000
2017-06-12;289229200;47761700;1697532000;84042000;33170200;188944000;16053400;85829900;3388200;15610000;18172900;8690600;8020700;3705600;2842400;31231800;7867700;11228500;5902600;4167400;2730100;29022706;157765500;12800;534500;3865200;830100;5171800;16467500;9985100;21677900;141145000;6574200;125781800;;4473900;9281600;4662700;16189900;4031840000
2017-06-13;136661600;25258600;1672504000;40108000;20483400;91600000;12557200;68047300;2767800;8700100;12175500;6099700;5733800;2458500;4492900;16584000;6419300;10023400;4267700;3522700;1882700;12274276;177118500;20800;465200;2431200;534400;2172800;12817800;7111500;16070200;84847000;3938200;87302300;;3753800;5308000;3145400;10705800;3278240000
2017-06-14;126124800;25510700;1184640000;30110000;20808800;79498000;16175700;102352400;3652900;6347000;13714000;6202300;7329400;2039300;4025600;15019500;6183900;11497500;2675500;4100200;2210000;8580248;192276000;8100;348800;3177300;547400;3817300;19251400;6740000;18109800;64618000;2940000;51909400;;5999400;3554800;3344500;12024600;3558640000
2017-06-15;128661600;26068700;963824000;48552000;18994200;107478000;12509700;69707500;3378900;12793900;11862600;5441400;5265000;3078700;3484800;33891600;7047500;9908700;2517500;5974100;2894100;9988258;156397500;35800;249100;5649300;939400;3258600;14291800;5416600;12508900;73197000;3492600;61666000;;3972300;6661600;3275200;10394600;3371980000
2017-06-16;201444400;48345100;924960000;51184000;22882400;229454000;16936600;57745800;3758300;14705100;39726100;11633900;12639600;4473300;4903200;168699000;13855000;27025300;5443900;7350400;6939100;17019649;100965000;11800;260900;2242500;1543200;3250400;16143700;14555600;14622100;69097000;3804900;59779500;;9105400;8005000;6505900;15930900;5299380000
2017-06-19;130165600;23798300;778176000;29376000;19026500;100868000;15972300;58587800;2900900;5984300;10445700;4577800;7488700;3887100;2538000;48285300;5246200;7624700;3263800;4347600;2726400;6365174;98239500;30500;166700;3571800;596500;2430800;13016300;7166200;21970400;65443000;2547100;61803600;;5196100;4835500;2869000;12787700;3271480000
2017-06-20;99600400;21512200;1095444000;25946000;14743900;81536000;11197800;59693500;2264200;5626700;13232600;5171200;5201200;2742600;3694700;30057600;5674200;14920900;3614400;5314100;3077400;9920401;111580500;10300;235800;11655900;588700;4195300;26338300;8181600;29422100;48787000;3015300;118001500;;4201200;3095500;2470100;15299600;3422700000
2017-06-21;85063200;19891100;682652000;23232000;15039800;58450000;10005900;72432800;3015300;5611400;11422300;6989400;5841100;2866300;3781400;27034200;4164500;9515800;2448500;6274100;3151100;7044036;73848000;10800;341000;15264300;563600;3200700;22799300;8324900;14202200;58034000;2384100;188796100;;4071300;3794700;2365100;30757300;3599190000
2017-06-22;76425200;22965700;469132000;20190000;13005500;45068000;12180600;64763300;3344600;5846500;8139900;4197400;7311000;3841300;4891600;24333900;4536700;7446300;2003800;3652500;3339300;7592087;112947000;8400;258300;11516700;577000;5617400;15208400;5560100;18085800;37692000;2160600;149594200;;3347400;4413000;2673900;63193900;3477250000
2017-06-23;141757600;27617300;1088588000;31280000;18027000;57582000;18812000;85399600;4448700;11637300;10611200;5773300;9007100;3438500;3928000;39240900;8782100;9544800;2214700;12089800;4310100;6622204;96687000;6000;3256800;7870800;483600;2726200;9909700;11847900;11722400;62508000;3381500;200777300;;11422200;4890900;4046800;42812500;5282460000
2017-06-26;102769600;19607000;1063960000;30358000;18049700;67724000;10082400;61307800;2589500;6970800;7718700;3602500;5561800;2327400;2952800;25762500;4373300;7747100;2360900;2857700;3077600;5947203;99061500;11000;316100;4661700;406200;1794900;14070700;7339100;14216200;60160000;2376700;101012500;;4128500;4866500;2543000;29453400;3243660000
2017-06-27;99047600;25215100;999492000;48872000;19360800;75648000;15415200;88257800;2899400;6283600;9221600;4170300;6120500;2682800;2365800;19363200;5180400;11432200;2139000;3380700;2296900;8623879;104946000;21700;178000;5651700;739100;5701900;20585300;6814400;16233300;74243000;2516400;89319700;;4567100;5370800;2995600;17876400;3564770000
2017-06-28;88329600;25806200;994948000;54912000;16719100;74752000;17466200;119049300;3482800;5571300;9189700;4162300;6557900;2451200;3035300;20966700;4875000;9218800;1302800;4118300;2096800;6471822;94537500;14100;223100;4929900;917000;3386500;15580500;7542400;13440400;55899000;2574900;85266900;;5087000;4257800;3210900;15981600;3479980000
2017-06-29;125997600;28918700;1064424000;64134000;23973500;86060000;27697800;150501200;5063400;8872500;20525100;4288600;5750000;2193600;2366800;21190500;8123500;9283500;1975900;3550000;2428900;7664597;123315000;80000;182800;4397700;763900;3158200;11290500;8456900;12063300;71425000;4147400;87634400;;2855400;5215600;3545500;13929100;3869560000
2017-06-30;92096400;24161100;731060000;45754000;17666000;67806000;16892700;84005200;3154300;9036600;14000600;5497000;5264400;2392000;5713900;20889900;6070300;9352800;2508200;4702100;2225600;5478256;87727500;27200;222100;2150100;475000;2719800;14174100;8781900;11255000;52133000;3574000;59267400;;3640900;3943500;3627800;13146400;3366030000
2017-07-03;57111200;16165500;709072000;33896000;13862700;58182000;13208100;58129700;2846600;6197700;8422300;4419100;2931000;2087000;1464700;14545800;3607400;6434500;1100700;2404900;1511200;4312002;94581000;26700;212300;1565400;236600;3051000;10309600;4379600;7280700;39082000;2314200;39929100;;1658500;2741300;2493400;10883200;1901480000
2017-07-05;86278400;21176300;820188000;41882000;14334300;73060000;17535400;76172500;2772000;9339600;9830800;4482700;4302700;2587400;2263600;18110700;4974300;6853600;2497300;3483600;2716700;4438284;255700500;47400;296600;4525200;789600;4896300;17238700;6823800;18135200;46278000;3856500;99450200;;4432500;4719800;2558600;15775300;3368150000
2017-07-06;96515200;21117600;746284000;40298000;14951800;65192000;16596100;84465400;3076600;8215700;9822400;5084800;4282200;1844700;3391000;18485400;6038900;13113000;2019800;2921700;2737400;15993094;289867500;7100;512700;3297900;613300;3800500;18040800;5663000;23152300;54865000;2702600;88927800;;3408500;3275000;3182000;14411900;3368710000
2017-07-07;76806800;16878300;654972000;33266000;13615900;52868000;12817800;54478800;2697600;6175800;10777800;6457000;4994100;2252500;1803700;15921300;5142200;9566000;4117800;2767900;3090400;8459808;212653500;23900;291400;2269200;577100;3721300;18543400;5356000;12326600;55613000;2119000;88392100;;3775400;2454300;2967200;10889400;2929390000
2017-07-10;84362400;15014500;958492000;29030000;13378700;70926000;13987200;54632800;2357500;8851800;6338300;4629000;4019600;2612000;2269700;45200100;5356400;9672000;2402200;2951500;2701900;9756038;207313500;74900;258700;1921200;597300;4726100;12948100;5098100;17304500;53606000;2886900;78320200;;5081100;2332100;2504500;10098500;3009880000
2017-07-11;79127200;17460000;757956000;29224000;13667700;59654000;13262300;69410600;2742900;5554100;9681100;4322400;3733100;2664500;2708900;22597800;5838600;10300700;2008800;2559900;2815800;8607645;173391000;34000;245200;3229200;594400;4563500;22060100;6124900;13744400;48986000;3885700;71102300;;5642000;2414700;3525600;9751100;3108800000
2017-07-12;99538000;17750900;1145208000;32042000;22739400;72172000;13540100;68708700;2567300;5974800;7974000;3978100;5053200;3342800;3527000;17100600;4374200;7737400;2094900;3611600;2817400;10638908;155191500;30600;570300;3323100;805100;2660300;33114700;6126800;33903400;84818000;2770400;78508400;;4275900;4273500;3018200;14461400;3176900000
2017-07-13;100797600;20269800;1369132000;30492000;13929200;57616000;12820100;55533400;2852600;6721700;5582300;4439100;4424400;2379300;2944100;24481500;5448900;6371900;3169700;3051100;1943600;5794045;128917500;11900;338000;6099000;728400;2438300;15806900;6219200;17966900;67001000;3330900;111656900;;3288000;3211100;3170500;11959900;3068510000
2017-07-14;80528400;25868100;941948000;21592000;16371200;42050000;22235200;92625400;3703600;6195800;7497200;3644300;4383100;2716700;2005700;27455700;4577700;8558700;2440200;4480200;3229000;4394069;84378000;36500;342900;2446200;476000;3529400;16111600;4440100;15195700;55492000;2690800;82084600;;3588400;1978000;2941500;9875900;2738460000
2017-07-17;95174000;21803900;930792000;33210000;12858800;74252000;14374200;81522000;2551800;5914900;7914700;5572400;4939400;2444600;1989100;26506800;5227800;7189200;2408700;2969500;2416000;5779022;148153500;62000;333400;2411100;787200;2513400;13741400;5123600;11966900;174967000;2291700;71690800;;4166600;2485700;3044400;8093600;2800580000
2017-07-18;71475200;26435300;776640000;28266000;23722900;80152000;14719400;107981400;6400700;7435000;8046100;4339400;10256000;4235800;1704500;12944700;7492300;9037200;3890300;3984400;1942300;5455700;95605500;20800;207400;2240700;463500;3872400;13873200;7441000;12629400;415874000;3732800;78366500;;3783600;3813100;2599700;14104800;2974090000
2017-07-19;83692000;22416200;687044000;28242000;26273600;59280000;11651200;74140100;4884600;6390400;9393200;4932000;5503300;3401600;2297400;15940800;6008500;6986900;3072200;2857900;2258400;5173234;95355000;22300;180200;3086400;518600;2167700;14794800;8783700;14264200;173443000;2550400;51957800;;2808400;4463000;1923200;13312800;3063810000
2017-07-20;68974800;42361000;699596000;28368000;18523100;61950000;11561700;62793500;3497800;8572900;9681000;5367800;6088600;3099600;2980600;14896200;7285000;7430300;2240200;3759700;2235100;11509404;77493000;25500;192800;4112100;504000;2950300;15249300;35943900;13497800;79072000;2350300;47707500;;18264100;3481000;2137900;8772500;3223820000
2017-07-21;105010400;46717100;648332000;29266000;14744000;54692000;10971300;65922500;3446600;17400200;12268600;5304100;6773500;4911500;3064400;21459900;5714800;8545600;3522400;4258100;2098400;18915198;73524000;29400;213400;3873600;403400;3276100;15100500;12113100;8509900;92774000;4375500;51045700;;9120200;2928700;2419800;8791900;3066880000
2017-07-24;85972800;21394800;652524000;79690000;17367000;65760000;10725100;51382700;3123100;9186000;9403000;4080400;8306700;2356500;3952200;22164000;6202000;9103600;5307400;5980400;2392700;11867093;129556500;6800;152800;3100500;435400;4568100;10041400;8832200;8920800;87973000;3065400;71014900;;7295900;2393500;2649600;7639100;3019920000
2017-07-25;75415600;22018700;496556000;118672000;15383200;48952000;16447700;86154700;3509500;6774900;11465300;7093800;6262900;1960100;13319900;34512000;6766700;14096300;9511400;14264600;2889000;9636328;104838000;114500;284400;4994700;708500;6872400;14278200;7112100;12651700;53745000;2476000;98047400;;5002400;3346000;2921100;10536200;4116360000
2017-07-26;63124000;16252200;640404000;44432000;35236900;58426000;11815500;65704700;2792500;7205400;10465100;5881400;5382200;2683500;7030500;20148300;6987000;13608900;4679000;5741200;14140000;8499516;72312000;77900;251800;2288400;693600;4256700;12014000;7581500;19234000;44793000;3547800;236083000;;2836000;3638100;2849500;5724500;3597830000
2017-07-27;129905200;36844200;782856000;74358000;68910700;219834000;12332400;62902100;2812500;10543900;11149700;5888400;5838100;2631400;5577400;24157500;11089200;15195200;4624100;5583500;10860600;8323113;124536000;43700;299000;5549400;1422400;3077400;13577000;14069200;13050000;112210000;4914500;130303700;;5399000;3572100;3522600;16508800;4035740000
2017-07-28;68854800;18306700;513348000;36276000;24557600;154188000;9351900;50143400;2483200;6558800;22800800;7812600;4970900;1925000;3820100;14925600;6137500;11945300;3964500;4704500;4602400;5902383;73206000;27800;105200;2196300;742300;3720300;11655200;6644300;10928800;62019000;5257900;66763800;;3421100;2108800;2401800;8996400;3302850000
2017-07-31;79383600;23600100;559672000;45670000;25478900;147042000;11520300;62272000;1994900;7576600;12820200;7561200;5440800;3767100;4083000;18789600;7835700;13622900;4272400;4477200;5777300;6388461;128026500;66800;147800;1941300;752100;4547400;17713900;11302700;10373800;48836000;3347500;69108700;;5253300;3002900;3477000;10066600;3475930000
2017-08-01;141474400;22132300;431384000;28052000;14385000;91452000;12523700;52782500;2986800;6018100;10421200;8162900;3837600;3336800;3439400;17179500;8662100;10306800;4185100;3683700;5018400;8745299;124546500;109100;176800;2835600;781300;3056400;10778500;9372100;16687200;51127000;4010500;49149900;;4110600;3157500;2666000;6066200;3470260000
2017-08-02;279747200;26499200;478444000;40788000;17433800;81400000;10165600;55317100;1863300;5955600;10410100;6212300;4032100;2463800;4574400;26019000;7167700;10187900;3326000;2830600;5119900;5714629;196372500;111300;272000;2047500;863700;3787300;20451500;23084000;17474600;57713000;3578600;67502200;;3754200;3636900;3174500;8720700;3487150000
2017-08-03;108389200;18214400;442420000;22478000;10793800;65116000;11078800;53210600;2106400;5697500;10136700;5605400;4327300;2886100;3688300;29840700;6413200;14261400;3666100;2438900;5112700;6451143;203025000;67000;138700;2361000;955500;1874200;14108200;8643500;11154000;46277000;2568100;52557400;;5146600;2351400;2856200;9490100;3662410000
2017-08-04;82239600;22579000;589096000;25092000;10777700;54606000;14324000;105206600;3400300;4618000;8292200;4643500;3192800;2892300;2802600;21425400;5824400;9523600;4435400;2631900;5590500;4864539;139033500;124700;115100;2042400;4299500;2267800;10123600;8677900;16877300;44911000;2208100;64254000;;3258600;1987600;2636600;7025300;3239980000
2017-08-07;87481200;18705700;717412000;28916000;12787800;53532000;7978300;41860900;3809800;7047100;7893800;4762800;3010800;2074800;2769700;16453500;5011300;6226300;3252100;2269400;3674700;3937537;94867500;60200;195000;1615500;1543800;2989800;11340100;6561800;10586400;46098000;1585600;57486800;;3833600;1903300;3279200;8280300;2935130000
2017-08-08;144823600;22044600;755336000;30102000;14393500;58056000;13745400;73399300;3322500;6283700;9028400;4107300;5535800;1741000;3292600;22144200;5623400;5747900;4234300;2601200;4871500;5663840;111747000;39400;198300;1926900;854100;3563700;13232900;10462200;12401500;61040000;2062800;47338000;;3218900;2366700;2925000;14684300;3347480000
2017-08-09;104526000;22213400;530784000;28018000;10815000;71394000;11214400;56910400;2571100;6902100;8087100;3966800;6332300;2125900;2392100;19819500;5572800;9635300;3006500;3170100;5680400;6191213;103381500;57900;203900;2559300;1309600;3812900;10400500;8085300;17070500;96705000;1789900;58861500;;3844900;3055400;2804100;15872400;3310960000
2017-08-10;163217200;24734500;1328088000;54148000;20832700;113682000;13252300;78023700;3325500;8560800;12580300;4950700;5607900;2698600;3367500;24135000;6338200;8901600;3874500;3186700;6817700;6192861;106393500;72800;125300;4984500;1908900;2259800;18393400;10768000;24461700;96931000;2590400;83113400;;4433700;3961500;3084300;13391100;3635820000
2017-08-11;105028400;21443700;1497196000;32334000;13791200;69360000;10679500;68157400;2956600;5268200;10192400;3383000;4270600;2210700;2446400;23716500;7094200;8357600;2925000;2130300;3461700;4009922;65487000;52900;163100;3467100;1296800;5583500;13897500;5894200;19222800;50223000;2484300;63558800;;3650500;2881500;2580000;11704600;3161830000
2017-08-14;88490800;20096600;1279020000;23012000;12954200;63458000;10994800;54989500;2266100;5657600;8862500;4286100;3041100;2322000;1879600;23376000;5398400;8421200;2809100;1968900;2953500;5068840;67788000;26100;295100;1600800;876400;2486500;12807800;8118200;21263200;74684000;2793300;64426100;;6662500;4906900;2710100;9229100;2824320000
2017-08-15;117862000;19181400;764532000;22130000;8729200;50986000;8812700;45143200;1867000;5386000;10350900;5310700;3931800;1595200;1949500;21198300;5293400;9638100;2160100;2826800;2851100;5703757;46276500;15000;115800;1647300;579700;3159400;10935500;7876300;15376700;56561000;2155600;57990300;;13528700;2531700;2670000;10663500;2922430000
2017-08-16;110686400;18150400;596632000;26906000;15779900;62642000;11085400;59188900;2393900;13408300;9117100;4186600;4469900;1881600;3970500;34608000;7965500;8087300;2921800;2268600;3012700;5732741;51207000;41000;164300;1862700;623700;2830200;15809900;7414900;16823400;70136000;2000700;64639400;;6043900;4273700;2299200;9881200;2956570000
2017-08-17;111762400;22977500;525444000;33914000;17216000;70248000;13837500;78969300;3460300;7381600;13400400;5870300;5741400;2440900;7318200;51881100;5711400;8477000;3071600;2905100;2810900;6514785;75415500;39200;255300;2977200;802000;1994900;11354500;6589400;18494700;52292000;2673000;47371000;;4460900;3630500;4189500;9661600;3164950000
2017-08-18;109712400;18761500;601204000;26748000;15093600;65696000;13040700;60461200;3149300;5670900;14324300;5467400;4792800;2858500;4061300;29259000;6815000;10879800;2595700;3875700;2939500;7151497;81123000;14500;697200;2810100;672800;1906600;21559200;6696400;21809200;73857000;3167300;37521700;;6989100;3046800;3586100;10248400;3426970000
2017-08-21;105474000;17734800;623672000;26024000;11907500;63290000;11502100;70124800;2203300;5395000;10084900;3560400;4660000;1930500;3638100;28841700;4334300;9429700;2195100;3137400;2545400;9609933;97431000;86700;292200;1707600;733800;2226000;14224000;5205700;11788500;64807000;1807600;58888500;;4222500;3512500;2878400;7293400;2803650000
2017-08-22;86418400;14343700;450456000;35502000;11391000;55000000;9211800;59228600;2021300;5481000;9503600;5630900;4150300;2021900;2131900;19638300;4731500;10536700;2122600;3881100;2915700;6253415;64830000;83400;238000;2728200;756200;4196700;20174500;4443300;22662500;48863000;2180100;39033200;;3268100;11254400;2928600;9233000;2780990000
2017-08-23;77596400;13766500;579520000;22690000;9856500;53366000;8811300;39825500;2568000;5057200;7054300;4185800;5129900;1547000;1801500;23397900;3631900;6528400;2190700;2447600;2518300;7205853;74317500;40000;165000;1436700;325800;7937300;15698700;5259300;19662500;46323000;2006400;44345400;;5235400;12034900;2444600;6895400;2796950000
2017-08-24;79275600;17098300;469700000;25892000;14030400;103914000;8623200;39178700;2263000;4082300;8678300;5059700;5398400;1923700;4188400;57384000;5173700;7534400;1634800;1861200;2553100;5330878;68770500;95900;176400;1984800;528800;3737800;10114400;6198600;11367300;53617000;2046600;37269700;;3736000;5494400;3250100;7365500;2849680000
2017-08-25;101920400;12794300;357200000;23746000;12614500;66496000;11794600;43511900;2232500;4467400;6844900;4384200;4133300;1375000;2171500;29706600;4933000;8807100;2019600;3282200;2270300;4771643;52260000;199100;145300;2266500;667800;3351000;11096600;8684700;14042200;40640000;2215500;29732000;;3048000;5311000;2284600;7853300;2593350000
2017-08-28;103864000;14569700;389496000;20988000;8553700;51934000;7292900;37155000;2641600;3919900;8229700;3681600;5349200;2009900;1923200;25864500;5386500;8024000;2027300;2011000;2395000;4994870;56460000;55700;142400;3081300;452500;1703900;12641500;4519000;13873900;36573000;2154700;35969600;;6845400;5536100;2986500;6211300;2682920000
2017-08-29;118067600;11478400;324096000;23172000;11121000;57486000;10886100;60897200;2369100;7135300;7060400;3230600;3277900;2072200;2154300;22995600;3676300;7762200;3283400;4355700;3535500;4989131;61105500;99800;99200;2082300;611800;2793200;9786000;4980900;9346000;46209000;2122000;33618100;;5368700;3242800;2499300;7245900;2739460000
2017-08-30;109078400;16897800;384400000;22406000;11138300;58092000;9165300;58412900;2411400;8712700;8218000;3126000;5430800;1506700;5036900;17489400;4709600;7134900;2236500;3401000;2801100;7068637;51193500;38500;126200;4439700;1344800;3006800;16278500;4876200;11649300;80347000;3224500;43933000;;3641000;3808100;3303500;6957400;2637780000
2017-08-31;107140400;27652800;612684000;33866000;17226500;66630000;13217400;62362400;2240600;13766000;15641700;5508200;7407100;2990200;3939500;24584400;5864400;14264600;2717000;3357700;3075800;11535738;61092000;91800;125300;5669700;948300;4176100;15838500;8215800;13329500;69410000;4374700;51822100;;6083300;5098200;4376300;12958100;3353860000
2017-09-01;66364400;21736200;445432000;20858000;11677600;50718000;9815800;56233900;2346900;4466800;7361100;3660300;3820800;2241800;4345000;19423200;4960700;7391200;1878300;2992200;3270700;12279368;45742500;46800;225600;3744300;513400;2535400;22329000;5301300;21447000;38130000;2446600;53158600;;3383000;3679600;2536800;8716800;2712780000
2017-09-05;117874000;21556000;695364000;29148000;13210900;57664000;16897300;108605400;5646200;6337500;12784800;5198500;5146600;2700800;3384000;36205500;6532100;9916700;4000500;3826800;3866600;9293476;57526500;90200;314800;3507600;595800;4863000;24629200;17811100;23363800;45895000;2726500;51445500;;7488800;4069500;4880700;15610700;3502190000
2017-09-06;86606800;16535800;397672000;27830000;13906300;42598000;11845700;64188900;3613600;6372200;18574400;8577300;5601900;3040200;2689200;25278300;6747200;9238900;4143300;4292600;4252700;11481632;61371000;41800;481800;2396700;465900;2098200;31135300;16206900;27108600;87426000;3652100;34182400;;8126000;4105200;4270300;15615600;3400200000
2017-09-07;87714000;17471200;352868000;22332000;18049500;51336000;14592300;103501200;3594600;6508600;9836400;5937800;3800200;2684600;6249300;20462400;7735400;9418400;2965400;3270100;2994500;16715628;63588000;22300;251600;1802100;432000;1986500;17857500;10035500;15367700;60361000;7269000;35816900;;8273100;4917300;4620600;11516800;3365780000
2017-09-08;114446000;14703800;498856000;19998000;10998500;52106000;14242200;68365000;3120900;5787200;8436000;4033100;4854400;2206000;3961300;29998800;6070100;10534900;2984200;2787000;3404200;9307268;48952500;163500;183100;2083800;342500;3285200;17266200;12809400;16227600;45908000;4451300;60886200;;10088600;3316400;3736400;10356500;3308360000
2017-09-11;126323200;17910400;567444000;26748000;12372000;43734000;13219000;73741000;2971500;6956000;12955800;5973400;5724200;3307900;4389200;21000600;10177300;10430300;2333600;3527500;3628100;9036446;115006500;32300;171600;2620200;1285000;2116600;16225800;7473500;21034500;59794000;5457600;43346100;;8847900;4471500;4107600;16526300;3293460000
2017-09-12;286856000;14394900;411488000;25696000;11186300;49622000;14003800;99658500;3745800;5212400;7644400;5110100;5465200;2554700;2566400;18015000;5804000;8567600;10324100;5554000;2702700;10362702;89593500;26500;244900;1920000;1106100;2701900;13794300;4526800;24609300;66896000;3775000;54413100;;5794600;4743200;2348500;13352400;3234280000
2017-09-13;179629600;13380800;580960000;21908000;9119300;67494000;12485400;86339800;2383500;6215700;8369700;5889400;4679500;2394400;2454900;26471100;5369300;10218000;4705600;2532200;4529100;8060554;62778000;115000;276200;1388700;380600;2265700;13767200;6191400;18572200;43203000;3613800;37210700;;4713700;5610300;2679400;14463000;3371370000
2017-09-14;95042800;15733900;513712000;28548000;15615700;78266000;10562800;70051000;1986600;8154000;9072600;5819100;6274500;2378600;3370300;20817900;5492300;13768800;3109700;2904900;4995200;8781440;108037500;67100;173700;4056300;465200;2715800;12351000;7741300;16080100;45107000;4179400;37220200;;5290800;5054600;3304100;21901600;3422470000
2017-09-15;196458400;38578400;1364792000;39886000;15660500;75204000;18171800;85937600;4365800;12622900;16043700;8387600;15522000;4198700;5374500;39953400;12428800;16141400;7425100;4610100;9033300;13888549;81307500;38500;195700;2964000;810300;3392000;12938800;13177900;25992400;55917000;6152500;50337400;;9124200;6081700;9234800;66367900;4862970000
2017-09-18;113077600;23307000;1684460000;29474000;12954000;68226000;11318700;68076400;2466800;7330300;8594400;4954600;5260800;1915200;2200000;24528300;6177700;8535300;3831900;4349000;5193000;10955699;107820000;74900;140500;2065800;606000;2019700;12819100;6002700;17535100;53596000;2843500;83517400;;4010600;5990700;3698600;29434700;3204700000
2017-09-19;83242400;16093300;874280000;24854000;13168600;53422000;12626100;56218100;1858000;9754400;9277100;6188000;4903800;3819000;2259200;18523200;6587200;7297900;3554600;3050000;4124700;9460843;96778500;37700;242000;1186200;463600;2079600;8880100;5825200;11279700;49821000;4179000;65455200;;3713400;3521000;3159000;23070700;3253760000
2017-09-20;211805600;21587900;724920000;40080000;12264100;57776000;15311600;82289900;2682300;8198600;10606900;5378200;8705500;2788500;2849900;15954600;5941500;11026600;3641100;3151600;3853200;8298554;73786500;93300;117000;2156100;720500;3282200;27272700;8400300;19275600;46250000;2749700;102682400;;4599200;3362600;3742100;21257300;3584570000
2017-09-21;150046800;19186100;1075600000;27414000;11161400;46752000;10851500;57864000;1800800;4777600;11984200;4334500;6051800;1895000;4426700;19290900;9376700;7555300;2503400;2615400;2809400;10874529;69273000;22900;111300;1073100;581500;3621400;16301800;5750600;12265600;71481000;2835300;166821900;;3082100;2896100;2369000;15656300;2965590000
2017-09-22;186581600;14111400;491232000;21496000;12097100;52836000;8358300;61446000;1861800;4959400;10205800;5307100;4334900;5660200;3148700;17265900;6837700;8024800;2442700;2616700;3475600;8287537;122391000;46300;168700;2238600;507300;2006700;13276800;4105100;9983100;54643000;1860400;50547000;;3576500;2254400;2688100;15341900;2877980000
2017-09-25;177549200;24149200;874580000;37468000;41251600;102480000;10463400;62361700;2261800;9395300;10496600;5980300;6017400;3105900;4223800;25643400;6436200;9215300;3661500;3268500;3479200;8865635;114088500;47900;118800;8910300;1102900;2300000;13301300;8178400;12343800;93672000;5541200;84172200;;4897700;5821100;2424600;15663600;3314530000
2017-09-26;146640000;18019600;1125620000;33454000;23363300;71296000;9358100;53012700;1770000;6263600;8755100;4874700;4516200;2775400;2347200;17505900;4885200;6480100;6420000;2301900;2173600;8503648;107344500;14300;136500;2345100;546300;2929800;19742600;9378800;13886400;56025000;3162600;68302000;;3222600;4558200;2382000;18679900;3070770000
2017-09-27;102016800;19565100;713720000;46692000;19242500;62978000;15090200;92877400;3072100;8337400;9724500;3926800;5796100;3267200;3085200;18943800;9631200;14816200;3915900;2140600;3840100;11787113;90904500;15100;197800;2156400;499400;1970100;18261400;8200600;21885000;57105000;3716800;59947200;;3966200;2945100;2593900;14499200;3485070000
2017-09-28;88022000;10883800;435244000;28018000;12178700;50452000;10270400;64991400;2121800;5947800;15581700;4949000;3992700;2088400;2841000;37118400;4999800;8789500;4210200;2067800;2586100;7544053;79794000;25500;163900;3078600;585600;2406400;17192500;5732900;14574400;40770000;2732000;35812300;;4614100;3017600;1930800;12997700;3173030000
2017-09-29;105199200;17079100;619092000;40622000;15340400;50876000;11438400;66232600;1902300;7676300;9944000;4874800;5736900;2646300;3506100;31060200;6634500;10082200;3670100;2273500;2531100;7026425;76606500;19100;159400;2643300;657200;1546300;10642500;5371200;21891400;42279000;2603200;33926900;;3467400;4629700;2761600;44896600;3220260000
2017-10-02;74795200;15304800;503480000;30782000;13392300;48858000;13797200;54001400;2501300;4885600;6777900;4285600;4492900;2893600;3071100;23127600;7302400;10707800;2407000;2502600;2685100;8868389;79302000;36200;268800;5541900;612100;1803900;10276500;4439200;10137200;73420000;2300700;34461100;;2721400;2755900;2577500;26097300;3226370000
2017-10-03;64921200;12190400;390332000;21666000;8190300;53332000;9633500;55946900;2010800;4411100;6082000;3892200;3900800;2533800;2128800;23810100;5909900;12038100;2188400;2166100;3163400;7075210;152304000;196500;141300;2390400;646000;2229700;25103400;4378000;17650800;39569000;2514500;85174000;;3046400;4996800;3173900;12710800;3073480000
2017-10-04;80655200;13317700;427848000;21156000;12127900;50548000;12166600;53402800;1840400;4146800;6357100;3443400;3589000;2286400;2317700;18520200;6140700;14060300;1823100;2792300;3031000;6708361;122452500;39900;79500;3184800;679100;1373900;15851000;4587700;15844600;92359000;3245700;42303200;;2746500;3128300;2071300;15204500;3020770000
2017-10-05;85135200;21195300;437364000;35618000;14580600;64584000;14236200;62636900;3521300;4396100;7375900;5470900;3741100;4069000;5221000;15416100;6912800;10215300;2796000;2496200;3940200;7252865;62575500;91700;303200;2173800;590900;1864500;15401700;5179100;22192400;194127000;2723000;34758600;;3504900;3956300;2786100;13886100;3059730000
2017-10-06;69630400;13959800;318800000;31060000;13124500;75642000;10231900;53900600;2396100;4587000;6070600;3533300;2469500;3361900;2297200;18740100;5241900;5437900;3548500;2697400;2736400;8498765;64462500;241300;156000;1710000;427600;2709100;12136600;4795300;20436200;153484000;3067400;28258700;;2916300;4402900;2600600;16340400;2898270000
2017-10-09;65051600;11386500;563492000;25910000;14570400;58772000;7765100;55172500;2165200;4787000;7489900;2951900;3750500;3365400;1701400;40479000;5149000;5268300;2120000;1979600;2146100;29275875;112405500;28700;110400;1509600;390000;3612100;9342500;5817500;11686400;69717000;2557700;54032500;;2131800;2031300;2036700;10173000;2486940000
2017-10-10;62468000;13944500;974876000;23268000;11341100;61698000;10631500;46133800;2187100;4015600;7218500;5683100;4184600;2499100;4943700;75372000;17125600;6310400;2909600;4414300;2740700;16812134;104677500;30800;139500;1119300;651900;2010600;11345100;8761700;15347100;62338000;2593400;43304000;;2755400;2028900;2212800;15630500;2962610000
2017-10-11;67622400;15388900;529508000;36300000;11283700;46742000;14283600;51652300;2175700;6473100;7023700;3926100;8269400;2935600;3433200;55683000;7115400;6638200;3572500;2177800;2890300;16937707;67512000;21000;94300;1473900;572900;1808100;8912700;9427300;14390200;64502000;3341900;38746600;;2319300;2640800;2750600;12588300;2991320000
2017-10-12;64500400;16876500;528292000;30614000;10351000;81346000;18251600;71770000;2148200;6496100;6647500;3929700;5172800;2954700;1941100;38631000;5984900;7710200;3023600;3372300;2577900;12509021;61305000;46200;179700;2249700;3157100;2230400;9606700;7062300;13369200;77533000;3226200;69874100;;3397800;3118600;2640700;11715600;3157280000
2017-10-13;65576800;15335700;628728000;26552000;13658300;48630000;13190600;104196900;2491000;5154600;7180000;4640100;4106600;5435000;3026500;28167000;6956700;7126000;2957400;3478200;2243900;8428237;53107500;33900;179900;2973600;1306300;3803100;15045200;7005600;22542800;120813000;2337300;37515800;;3259000;2496000;2830200;10142300;3150470000
2017-10-16;96486000;12380100;576640000;21420000;11498800;40178000;12434000;71927200;2969200;5552200;5734000;5500700;5120100;2927400;3800700;27900900;4159100;12708600;2132300;2914200;1818900;10382567;80632500;46100;342600;4217400;2235200;2595900;9867900;5930900;20291000;221054000;2590100;34136800;;2586700;2544300;2316700;9378100;2918030000
2017-10-17;75989200;16824000;478596000;20260000;15990100;46394000;10335700;48644400;7088400;5979400;6444100;4844300;11717300;8949700;3643700;17554500;5316100;7699400;2379700;2380300;2515900;12235757;49399500;67900;88300;1809300;1097200;1936300;12146900;7662900;16256000;239001000;3002400;28995600;;4189200;2528300;2273100;14191300;2901890000
2017-10-18;65496800;13300700;567316000;25596000;12752400;49994000;10158600;55382500;4235900;4817300;6367100;5505100;6827700;4796300;4002200;16416300;7399700;6272200;2798300;2511400;2051700;7297059;74086500;33300;164700;1960500;1233700;5009300;10517800;6032600;16897800;111989000;2525900;39020300;;2757900;2876700;2192900;12064100;2999320000
2017-10-19;170336800;15092800;570772000;34284000;14048400;62164000;9133900;54542700;2710900;10840200;7945500;4576600;9181300;3471800;3233400;21087000;8585000;7515500;2478100;4837600;2589200;15769450;75927000;33200;390100;2235300;859000;2202000;12404900;6825200;14723900;70346000;4169900;33795700;;2676100;2534100;2831900;10048600;3019520000
2017-10-20;95896400;22866400;451620000;32120000;12602200;47302000;15326600;83764700;3022800;7848900;9574100;4924300;5634500;5138800;3223200;22853400;19997800;9646800;5577700;3086800;3955900;40147504;73956000;33300;125300;2924100;782900;2163600;9182300;8845000;14977700;59956000;3547300;32538900;;4166500;4588800;2934900;15501500;3394450000
2017-10-23;87937200;20627200;428696000;32786000;13852700;69882000;9238600;69607700;1963300;6316700;9829900;3872400;6686000;2261400;4909800;31758000;13358200;7153600;6214800;5549500;3302400;39090944;86209500;18700;67900;2601000;1239100;1115100;11072900;9775400;22365400;69800000;2514500;49838000;;3995100;4024900;2418200;14633400;3214470000
2017-10-24;71028800;17517200;407244000;28902000;12267900;54478000;13000800;90346500;2285300;10511200;7551200;4472400;6585800;3459900;8696100;23102700;11519000;9539500;7855200;18886700;4401600;27880573;67375500;42000;276900;3416700;1099100;1712900;10199200;11415700;19691800;70691000;2918400;84891600;;3686700;3651400;2888600;17562400;3435660000
2017-10-25;84828400;20410800;828160000;30574000;15868200;60662000;14632700;81265300;2904300;13261300;9153300;4553100;6563600;2908300;3916000;19224000;9024300;11994200;3716200;7438600;7895300;23060959;128911500;349100;245400;3887100;860900;1941200;11721200;7581500;18989300;53153000;3439700;166762100;;4189400;4687200;3394200;20635800;3885470000
2017-10-26;68002000;32120700;322744000;47396000;11833100;112374000;13054400;55342500;1948800;7380100;9154500;4092900;5841100;4346000;3820700;19454700;6233800;10569100;2934400;5745400;3419100;18004137;75352500;204900;150100;7059000;1045000;2291800;11584700;5270800;30352600;51858000;2574900;87625400;;3750500;3863300;2740900;16952900;3891750000
2017-10-27;177816800;71066700;572192000;103682000;30285300;331300000;10400400;58856700;2111500;7862700;14866200;14534100;5140100;4385300;2892900;19851000;7433800;9988000;2298100;4064600;2899200;20560436;104695500;32800;136700;3754200;872300;1788500;18211400;8962400;17347900;81286000;3491900;115650400;;3720400;4030400;2978800;15099500;3896100000
2017-10-30;178803200;31756700;504056000;46804000;24353200;132262000;8839500;51357600;1764400;5148600;7811100;7517800;6034300;2477400;4667200;21156000;5387100;7201900;2051000;3044500;3025900;20529324;63816000;19200;145800;3804900;694500;1738100;20790500;7081500;28392300;54396000;6555700;137785100;;3906300;2374600;2473700;9049800;3660230000
2017-10-31;144187200;27086600;411908000;30326000;20174200;69540000;8690200;50311200;2658700;8002500;9754200;7154800;4832100;3749600;3853300;18020700;7119000;6560500;2873000;3988300;2742800;20450366;85084500;17600;216700;2780400;436500;1845100;13636600;29914100;24550700;55186000;7613700;78600000;;2922400;5111800;3290400;14453100;3844420000
2017-11-01;134551200;22307400;502576000;43262000;40918300;75110000;8418200;46527700;2969600;6167300;9430000;5030300;5006800;1902900;3309300;18528300;4884100;7067600;2186100;3629000;2929500;19137318;126859500;15100;212700;3384000;688700;2660900;18674100;15624400;16066700;50174000;4531700;66875500;;3568300;3760800;2727800;10128000;3841200000
2017-11-02;165573600;23992900;342308000;26694000;35529900;73698000;8731800;59692000;2509100;5506600;7775500;4329600;3494100;2825900;2716100;15549300;5021200;8317800;2291000;2722600;2529900;17012575;296871000;26900;233900;3062100;1014900;1899600;12061500;17337800;16336400;36063000;3883600;47942500;;6518900;3212600;3340900;10389800;4050140000
2017-11-03;237594400;17633500;353640000;27770000;17822100;75030000;7103500;37816100;1954600;3757600;6903500;4101800;2737000;2196900;1534800;19536300;5106500;4730400;1959500;2105400;2610800;14160018;133410000;17900;566400;3376800;2935300;1358400;19295400;80964500;28296700;36788000;2338700;44264300;;3080900;3265500;2159900;15814500;3568710000
2017-11-06;140105200;19860900;389944000;18294000;13312700;67622000;8121500;37261000;1744800;4094700;9276700;5950300;4220700;2293700;1861700;15772200;5186700;7451300;3087700;2780900;2911600;12661511;97290000;42400;329100;2568300;773400;2318200;18881600;58900800;17622700;58466000;3142900;96349800;;3275500;7046800;2602600;9678000;3541970000
2017-11-07;97446000;17939700;427700000;26104000;12928200;53780000;18822600;68342100;2483900;3697900;8471800;5219500;4201900;1845800;2851900;16047900;6875100;9868000;2506000;3222100;3205400;8693113;79414500;36000;174300;2484600;608100;2144200;28382500;23424600;20249600;64680000;2683400;67900200;;3198100;5277100;2500600;6796500;3815190000
2017-11-08;97638000;18034200;522988000;24276000;10494100;51630000;18524700;83128200;2349800;4417800;8691600;5092800;4440700;2261100;2328700;20302500;6910000;7586900;2605000;1933300;2841800;8280233;70879500;56000;234900;1791600;564000;2300400;17828800;26515400;25633800;42374000;3786800;59065000;;2912900;6674500;4118800;7977900;3898450000
2017-11-09;117930400;21178400;978564000;35892000;12610300;74654000;13697800;95448600;2122400;4334700;10528800;5103300;3517100;1839700;2098600;20713500;5280000;6532400;4219000;2940300;3215900;10610572;81706500;52700;112400;2837700;1246200;3413100;11890700;15954900;18397600;59799000;2716400;76821200;;3405200;5128600;3633000;16195400;3844100000
2017-11-10;100582000;19397800;1253256000;19442000;11070200;43598000;9314000;61105300;1845600;4198900;8693700;5156900;4240800;1384700;2692500;22943400;7227300;8022900;4226800;2016900;1740600;21019137;69381000;14700;151200;3202500;839300;1695600;10674300;9626200;16797100;66222000;1795900;50209900;;3554900;4675700;3043300;9944200;3489740000
2017-11-13;67928400;14196900;582376000;18814000;9523400;58368000;9303100;55902200;1953900;7185600;6720400;4279200;4322300;2662200;2478700;25474800;6873500;7653600;2605600;1894100;2604100;54577114;113773500;26100;310600;2012100;497500;1957500;12380500;24411600;19488300;46070000;1750500;54068300;;7189300;4609500;1889900;6566700;3405200000
2017-11-14;99130000;18801300;529292000;21012000;9585900;62768000;11043800;61596800;3000200;5679600;9251700;6996500;4078200;1993900;2684800;29502300;5035500;17200700;2180900;3041300;2358200;65218755;85141500;113000;430600;6211200;383600;2870900;36860100;14036700;35805400;34505000;3062300;37245000;;10284000;4366800;3088000;8498900;3643580000
2017-11-15;116632400;19383100;501948000;18106000;10253700;78574000;15384100;98274900;2564100;6895100;9663600;5372600;4811500;1816300;1838100;25300200;6688100;12419100;2019300;3746200;2510500;30124129;89680500;46600;438600;4297500;361100;3204300;16483600;10565400;13935700;42031000;3058100;33524700;;5534500;4148400;4004500;9425100;3586590000
2017-11-16;94550000;20962800;441768000;23768000;15607600;44266000;9808000;54565200;2304300;5655100;10527200;5888700;4193800;1919600;2599700;114367200;7205100;12506400;2293400;2812900;2710200;18649508;87331500;107800;604600;2822100;705100;1895300;22167800;12339800;26019300;56784000;2715400;31800400;;4587900;3708500;3944000;11738500;3329730000
2017-11-17;87598000;22079000;515664000;26712000;13018000;48268000;9017900;48420700;2826400;8812400;9536400;4337500;4247400;1887500;4097800;70726500;5941800;19720700;2221400;2312700;1724800;12615126;206026500;63000;1219700;2194800;676400;1933100;12295000;13334000;24020500;39063000;3186400;56775600;;4530100;4407900;2715900;10035100;3309800000
2017-11-20;65049600;16315000;396100000;17526000;10052400;43278000;9483200;46328800;2000700;6873200;8468600;4634200;4266300;2040400;2205900;49182900;4926200;19160900;2442300;2124000;2447400;13340623;123715500;14000;315100;2645700;508800;2454400;7083500;9749400;13807200;38275000;2048700;35960200;;4699900;5578500;2428800;11525100;3023940000
2017-11-21;100525200;21237500;399176000;22206000;14504000;49588000;13389400;57749100;2223800;6456500;8838400;4596000;5660600;2327200;3529900;38239500;6196400;10280800;2653100;2221400;2267100;16258721;108919500;44500;249900;2373300;371700;2579500;20291200;11215800;20667700;47873000;3999000;31881700;;6229000;10682700;3047000;18313300;3351230000
2017-11-22;102355600;20553100;356640000;14538000;10376300;71106000;7342200;38103200;2177200;4067600;7941600;3951000;3917000;2257800;2230900;26754600;6006900;8434400;2719200;4887500;1471400;11444448;73764000;18100;284800;1557300;313900;1934200;11246000;15489400;14988200;58954000;2658600;23816500;;4133500;9009600;3017000;10618900;2764110000
2017-11-24;56106800;7425600;180752000;16492000;9426300;70560000;3680000;14273600;1268500;3045600;3851300;1744200;2606800;744000;817600;13488300;2196700;2996300;963200;944400;788900;5195206;48661500;19400;99800;1072200;243100;1084700;5271200;9233500;8689000;21605000;1577500;11035800;;1853600;4000000;1038600;6008300;1385890000
2017-11-27;82867200;18265200;422896000;35430000;12344500;134880000;13076200;44828600;1999600;6620500;9127500;4490300;3933100;2856300;2980900;26714700;6199700;5649200;2082400;2585400;1772200;16453507;68338500;17600;160500;2555100;648600;1317500;10714300;20404600;18481300;32101000;3260200;41798300;;4539100;5144200;2985200;13395600;3017720000
2017-11-28;105715200;21926000;512752000;36424000;14379700;91188000;16773000;99765000;3212900;6671300;9794600;4004700;5052800;2905700;2659400;26128800;4841300;8432800;2909900;2592700;2262100;11709157;74242500;33400;143800;2913300;498600;2108700;10479300;12861300;21801100;69811000;3874500;65325700;;6049000;4794300;3721000;13930600;3493340000
2017-11-29;166665600;27381100;1396788000;55866000;41933500;185150000;21105500;119728400;4500000;14505400;9725000;3661000;5851400;4247200;2316000;34272000;5158900;16502100;4590300;3098200;3029100;11509697;131511000;35100;173400;2691000;830100;2171800;19225400;17022200;23310100;142027000;7217000;63333800;;4902200;6851000;4898000;14377600;4090630000
2017-11-30;166108800;33054600;823768000;45092000;25307600;90184000;23945900;122131900;6364600;18533300;18592700;7896600;8941900;6846400;5002100;38564100;9789900;17147600;6023700;7507800;4820300;14200582;65274000;47000;205700;3077100;865800;1809400;21188900;15555600;28535100;66301000;6943700;43205000;;9180700;5201800;6420400;24701100;4965700000
2017-12-01;159037200;29532100;811548000;37762000;20182500;82142000;19683500;137774800;4765400;13101800;13779300;6831800;5990500;3325800;2736300;24888600;7953200;12468800;4279200;5481600;4592500;17116050;64393500;27400;167600;2822700;727400;2624000;15352400;15851100;20829500;62195000;3933000;42128800;;4683400;4797600;5177300;15899500;3950930000
2017-12-04;130169600;39094900;1240844000;38778000;24459400;118638000;23576600;145661700;3326100;18909100;12597700;7366400;5916700;5591500;4228300;26869500;9003700;17523600;3943100;4922300;5523000;14261616;87526500;20100;206800;2351200;864800;1895500;14704900;17325100;17131100;90698000;7490100;97328300;;6193800;9116000;4899500;13473900;4025840000
2017-12-05;109400800;26152300;981488000;38998000;20184900;81596000;17193900;91349800;2526800;12081500;9357200;4380700;6745300;3246300;3876800;27030300;8683000;13670800;3228700;3884100;2806100;13733075;69697500;22300;175800;3054800;910700;2886200;13638300;9661200;14085800;57837000;6807100;67304100;;6347600;5323800;3411700;17858900;3547570000
2017-12-06;114240000;26162100;467032000;28710000;20255800;57066000;15476200;74593800;2331400;7532100;13398900;4852500;5591700;2397500;3130900;21423000;6737400;8154000;2618700;2881400;2538100;9163104;107929500;22200;146500;3020300;573300;3001300;17984900;6952300;17570200;54901000;3752000;38952200;;6892500;4571000;3315700;12974500;3253080000
2017-12-07;102693200;23184500;542600000;30866000;20404500;50232000;13371800;80706100;2667000;7384900;11359600;4908500;4713100;2661600;4344900;22507800;7273600;9106500;2284800;2977100;4264400;11598420;71709000;69300;124200;2132200;379900;2682400;17669600;8755000;25450600;46595000;3417900;32665600;;5484300;3900100;2650700;13482800;3297060000
2017-12-08;93420800;24489100;466876000;31170000;19883800;61002000;13506900;60991300;1959100;7594900;11988600;4122200;5101300;2233300;3777100;17463300;5883400;13238600;2241100;2490100;4440500;11360294;52027500;79900;74500;2811500;444900;2329100;17995000;9371900;16872100;49873000;2521500;34897000;;5092100;4171500;3953400;14732300;3126750000
2017-12-11;141095200;22857900;372748000;23254000;13168600;47270000;10591200;54001900;1494200;7538600;8760700;5929700;4358600;1599500;3336800;26786700;4856000;9698700;2340800;1913500;4065200;12138124;119070000;44000;371600;2544200;887900;1932000;11113300;12185000;9602000;52986000;3394800;29956400;;6038900;3357200;3605000;15852800;3141480000
2017-12-12;77636800;23924100;455016000;33882000;16854100;44718000;15508800;76017200;3464200;8754400;11307000;4300200;8016700;2294100;4252500;23431800;6558900;13999300;2805900;3397100;5517600;13945388;130998000;12300;311100;1728300;975400;3417400;22834200;7021200;27534400;42659000;3360300;36211000;;5275500;4683600;4343000;17464000;3568910000
2017-12-13;95273600;22062700;554280000;27680000;14615700;52336000;15020300;79980600;3482300;8088900;10172700;4399800;6118400;3059400;5786800;23638200;7141000;12418700;2554000;6486500;5003300;8785613;93322500;71800;360500;2902800;1739200;4166500;18641600;6490400;38831800;47100000;3618700;41494800;;5177400;4067500;4151900;17196900;3568360000
2017-12-14;81906000;19306000;438164000;30962000;13591000;64286000;13034200;60615800;3353200;9815600;9492400;3736900;5337900;2811700;4388400;28157400;5853500;9029000;2666900;4616900;3913400;10129668;86998500;36900;141200;2640800;880000;3277200;14924800;7122000;22659200;77928000;3016700;29006800;;3542500;4464900;3593900;22259300;3442760000
2017-12-15;160677200;53936700;670036000;63760000;28463100;95572000;29350600;129859400;5283400;16388000;26582300;11226900;12517000;6293400;7346400;48428400;15924000;21181600;7435200;7931700;6933500;18441952;103998000;52300;202200;3038100;862000;3388800;17771700;18833000;24318600;72856000;5067300;45462300;;8202200;7261100;9169400;75176000;5736910000
2017-12-18;117684400;22283800;477704000;30292000;17265400;58952000;12713100;70548600;2575600;8961800;9363500;4654100;5833200;3194100;3796000;23893200;7405700;10156800;2426300;3534800;2901600;11249683;82143000;41300;291200;1985700;555800;2297200;13941400;7440900;16891800;50110000;3531500;63797700;;5011900;3931400;4600100;25156800;3727770000
2017-12-19;109745600;23524800;373100000;26350000;14920600;51756000;12149900;67984100;2195500;7899400;10285100;4599300;6580100;2340200;4027600;36036600;5644400;8253200;3122500;3554100;2728400;13666553;102375000;45400;223400;1451000;708700;1740200;8296700;7130000;19745800;70330000;2712700;43852900;;4576300;3942100;3645200;28664300;3407680000
2017-12-20;93902400;23674900;288820000;28728000;11860500;47424000;13091500;81271200;2052400;6201900;10620300;6286700;6289800;2633200;3016900;32189400;6938500;7311000;2749400;3076000;2533700;15725818;89307000;80100;462600;1391100;1297300;2754700;11454400;6933600;10649700;65454000;1992500;31420300;;5383700;3673500;3914300;11432200;3246230000
2017-12-21;83799600;17990700;300904000;25640000;11600700;42462000;12323700;72953200;3337800;8866400;13578100;10109000;6284700;2955300;2024300;22107300;4860400;9657100;2343300;4017400;5398300;14163503;65778000;74700;310600;1489700;530300;2560900;18638300;5451100;17971800;47298000;2789000;21884300;;5859100;2486800;3262400;18396800;3293130000
2017-12-22;65397600;14145800;466276000;17788000;8509500;31702000;14573400;54203000;2100600;6190100;10161400;4735100;4665600;1959700;1834800;16436100;4919400;5406300;3234100;2486400;2257400;9675745;63237000;67500;210900;1041600;450000;1619400;9237900;4444300;7556800;38789000;1892300;50744500;;3256600;3538300;3786800;11197300;2401030000
2017-12-26;132742000;9891200;355080000;18376000;8897300;40104000;7403700;42371200;1289300;3948900;4777200;3348500;3271100;1482400;1099900;12887700;3431900;6100400;1280200;1870600;1394700;11546922;65676000;31400;197900;992000;537700;2299500;8383300;4236500;10401200;30457000;1200700;20437900;;2969200;2524600;1769600;7650200;1970660000
2017-12-27;85992800;14678000;329488000;22324000;9496100;37344000;9496500;35111800;1567900;7073100;7000600;3452300;3753600;1861900;1332800;15422400;4276700;5660600;1596800;2520500;1447800;12546163;70681500;130800;131300;1679000;581100;1887700;9820800;4899600;7315400;40021000;1730200;22921800;;5912600;2038600;3343200;8132200;2202900000
2017-12-28;65920800;10594300;240248000;19884000;12220800;36834000;7440600;37914900;1301000;6937100;7495300;2191800;2485000;1452600;1731700;29291700;3005400;6538900;1800100;4064000;1436800;12714804;64744500;194000;107500;1067100;464900;2387400;6975300;2451300;12388700;101074000;1570600;18609400;;3175700;2719400;2340000;7777600;2174890000
2017-12-29;103999600;18717400;279964000;23606000;10261500;53768000;8925700;40672000;2519300;5249000;8523400;3829000;4452900;2350200;2563800;21432900;4346700;8371500;2201800;2616100;1824600;15889514;56658000;125400;349300;1965300;416200;2964200;9124900;6631800;8810900;51876000;2258800;26678900;;4637800;2498800;3566000;9750000;2447760000
2018-01-02;102223600;22483800;355616000;31766000;18151900;53890000;13578800;57121600;2258300;6080900;11469300;5626000;6842100;3485000;3456700;30451500;7558900;10872200;3696900;5108400;2978900;16185981;65283000;91300;559500;3765800;366900;3907400;14023400;6329600;19866800;109669000;3168900;44146300;;4684700;4669200;4113000;25380000;3397430000
2018-01-03;118071600;26061400;914704000;31318000;16886600;62176000;11901000;57865700;2988200;6946100;13957700;5805500;5350500;2417600;3078400;26710800;5863600;12635600;3789600;4146100;3211200;17000180;67822500;272600;280800;3637600;443500;2849200;21504100;6844200;19379500;85914000;3732400;154066700;;4530500;3888700;3526700;24165000;3544030000
2018-01-04;89738400;21912000;583268000;26052000;13880900;60442000;12953700;76512500;2583200;7805300;10863000;4598300;4837600;2749100;2462500;20491200;6322500;12709400;2756400;4865800;4171700;17225995;149194500;57300;111700;2437600;389200;2377700;22945100;5060100;19276300;60296000;3247200;109503000;;4047400;4540200;3900000;19815100;3697340000
2018-01-05;94640000;23407100;580124000;30250000;13574500;70894000;14155000;56445200;2594700;8590500;11047600;4189200;6158800;2432800;2946300;21852000;5949700;13113100;3737700;3945400;6177700;16667865;68868000;72600;99300;2010900;589000;3631800;12230100;5421800;12516700;70332000;2747700;63808900;;4224800;3368400;4207600;14496400;3239280000
2018-01-08;82271200;22113000;881216000;24644000;17994700;85590000;12466500;42914800;2940500;6660700;10927100;4826100;5129800;2850800;3251400;26531700;4860700;7068600;2060800;5929200;4124900;17130657;147891000;61900;298200;3548000;491200;2781600;13495800;4266900;18325100;55802000;3143100;63346000;;3508500;2933600;3887900;15075000;3246160000
2018-01-09;86336000;19484300;497000000;26808000;12393100;73226000;13292300;69479100;2637300;6562400;8131600;4422300;8897000;2672200;2426000;21938100;6630100;9962400;2674300;4522900;5641300;13855205;107199000;170200;274200;3759300;285800;2735100;14627800;7632300;15757100;61259000;2573900;62560900;;3012300;3302300;3834900;14153700;3467460000
2018-01-10;95839600;18652200;582664000;20734000;10529900;53720000;15834500;63532800;2927200;7490300;10822300;5292200;6558600;2311600;1674600;23791200;6564700;10700700;2172500;5478600;4479300;17177522;64648500;56600;193100;1728300;658900;2497600;14336100;6569300;14298800;59515000;2416900;52561200;;3119500;3113300;3793100;13476600;3579900000
2018-01-11;74670800;17808900;406032000;22424000;9588600;62500000;13676800;59318300;2422400;5982100;14366000;11641300;4962200;2543600;2647500;19613100;5469700;7583200;3078000;4199000;4635300;20808952;99682500;120200;177200;1770800;311200;2578000;28129900;4233100;14419800;76595000;2804000;38354900;;3899200;3668100;3641500;11687800;3645690000
2018-01-12;101672400;24271500;359916000;38586000;77551300;108874000;18884200;66371600;2849200;5585800;9834500;7232900;5450600;3943800;2728900;20853600;8111000;14570100;2901600;4127900;6559300;18169606;72376500;55600;162200;2199100;305300;2363800;18580700;5007200;19845700;81994000;3041000;47149300;;6748400;5749500;4184400;15978200;3587220000
2018-01-16;118263600;36599700;702348000;36462000;36183800;144414000;22703300;104467900;4445500;8803800;10882800;6254200;8804000;6852600;4878300;21512100;9465300;16459300;3662600;8530600;12305500;42912819;97114500;119800;366400;3959700;381600;3844900;27411700;24478800;15563200;135161000;4673400;42686600;;5692700;5790800;6220000;17152600;4362880000
2018-01-17;137547200;25621200;538408000;27830000;27992400;105076000;14940300;124382900;8608100;7991500;10546000;5632700;10619700;5124800;4083300;26045700;8345500;12143100;4129600;5571400;9699900;39131904;106552500;109300;207200;2192300;405100;2347800;23951800;12559100;18020900;91231000;3136000;39020800;;3996100;4254700;4600700;23183100;3790340000
2018-01-18;124773600;24159700;408632000;27498000;23304900;80538000;14572900;76463800;4984500;8661000;9223700;5890000;5554800;6234200;4445800;36923700;7699800;11952900;2154800;4668800;9458600;35944841;85287000;65500;188900;1458900;1036900;2059100;31938500;6797900;19035500;82253000;4150600;62086200;;4474600;3842800;5141500;17119200;3703300000
2018-01-19;129700400;36875000;609380000;30552000;26826500;91570000;18785500;66491000;4643400;8250700;13090000;6048900;8738800;4293600;5826900;25135800;9364000;16187400;3746300;5796700;7264400;44851332;73324500;33300;218100;2119500;337200;2510600;15712200;8864300;16999300;105486000;2947800;46800700;;5809600;3120900;5140200;14011500;3724230000
2018-01-22;108434400;23601600;550944000;29550000;21059500;82802000;12475700;53848800;5264700;9355000;10270400;5248800;7010400;4012200;6374000;21924900;8658000;9577400;3217900;3540900;6792900;28005019;93156000;46400;137700;3390800;491700;2278000;12338700;8566200;15254700;177033000;2275900;34758600;;4857700;2214700;3267200;16840000;3489480000
2018-01-23;130756400;23412800;475228000;39138000;25678800;103386000;12320800;56531400;4003600;5683300;10281800;5747300;17473600;3300000;5728100;24863400;18756300;11463700;3197600;5036500;4537800;25714786;81981000;56500;207200;3569400;467400;2684100;25448100;7825600;22451100;277053000;3035300;46417200;;3621700;2816800;3659100;14141400;3541140000
2018-01-24;204420400;33277500;579972000;37128000;24334500;136150000;15904500;81585000;4314000;6425200;10316100;6868200;13034400;2733300;5977700;20469300;15141900;15964500;2810800;8241000;4205400;34850262;79312500;86800;127400;2823100;523000;2116900;63096500;12383100;46043500;173524000;3912400;41956400;;4370700;4975500;4294200;17205600;4079270000
2018-01-25;166116000;26383200;409884000;29984000;17377700;95060000;13510000;62265800;5055000;7166400;11271900;4597200;7938800;2420500;5201600;17571300;11264400;11755000;2815800;16937100;4747500;19834813;101104500;65300;299200;2208800;536900;2522800;35283000;9122200;26026200;153364000;2088900;42966600;;3537700;4715100;3088300;13904300;3873100000
2018-01-26;156572000;29172200;516356000;42170000;17759200;97146000;13883900;52699900;3535400;5604900;10514400;6310500;8065600;2615300;6394100;20358900;11503100;16671200;3957700;9045300;5236300;18965005;68091000;28300;231700;2631700;926900;1413900;41107900;7919000;28682400;110218000;2191600;44239000;;3778100;3927400;3640800;14909200;3474680000
2018-01-29;202561600;31569900;455116000;31494000;20453200;114038000;11679900;59126500;3881100;6257900;9315700;6350700;8013400;2564700;5324500;25065600;11685800;11662600;6091900;9496800;3324900;15469060;71206500;86000;188700;2519200;1078100;2507800;22798800;9745300;14295200;175297000;3082800;66645400;;3632900;3181500;3021300;12234900;3587420000
2018-01-30;184192800;38635100;570832000;37338000;20858600;117438000;14279100;60555800;3970400;8154400;12408000;8084000;8376100;11565500;5388400;27541500;9662900;12404800;9613000;8694800;4983100;14242064;70765500;56000;210900;4559700;659100;1914400;30150600;8059500;14414000;124829000;4227100;91236400;;5979600;3737700;5040100;16863500;4012070000
2018-01-31;129915600;48756300;478576000;36022000;43275100;128494000;13141400;65734100;3710200;7338200;14404700;9626800;13137400;5187400;10558500;29438400;11798100;10960100;7004200;7014000;11409600;16018822;93211500;129900;253700;3730600;361100;2124100;19051900;13915600;21155300;116951000;5815300;140977800;;4547300;4181800;4626300;16806800;4276270000
2018-02-01;188923200;47227900;519224000;73514000;54211300;182276000;13800600;62367400;3388200;11169700;17971000;7844500;9393600;4268300;8410700;19160400;8606300;10279400;4751300;4323600;6067600;11022366;62965500;29200;182900;2864100;402800;2255700;18716700;16838500;15779800;96690000;6848400;67543300;;3553800;4302800;4508900;11674100;3977380000
2018-02-02;346375200;47867800;718464000;117842000;26677500;222514000;16477300;96971900;5913900;13937700;29822100;13182600;9262500;3959900;5152500;27759300;12846300;12912300;4604500;7602800;5486100;17171805;55572000;91800;160200;4360400;590700;4950600;17592100;10971700;24978200;91236000;6556500;79432600;;6179000;4403800;6080600;17562200;4340220000
2018-02-05;290954000;51031500;1165204000;83550000;33128200;229900000;30097600;155908300;6528500;16623900;30452700;15414700;19954100;6290000;8145200;37684800;17462200;23261500;7309300;11390500;10511300;25715850;66961500;77000;204000;6085600;610800;3873600;31071500;35996000;28146700;118961000;7196000;116568900;;10618500;6124000;10746500;19725800;5310840000
2018-02-06;272975200;67998600;1114800000;76630000;37758500;221336000;33114800;165878400;6739900;19053300;36262800;18416300;19193500;7064800;10558800;49241400;19955500;25184300;7020000;13908700;11935100;26462505;76326000;92900;149800;7984300;1057000;6956300;30022500;24458700;31118700;125958000;7259900;87123200;;11682700;6857900;10663000;25921200;5917350000
2018-02-07;206434400;41107600;802932000;51942000;27601900;143254000;21878300;101180500;4125000;9294000;21994500;11535700;10550400;5589200;8240300;33495600;11851800;18041600;4974000;7156500;7946700;15859821;104538000;117500;180300;3007700;726500;4165400;27209400;15021200;28692600;89815000;4364800;55758400;;6016800;4515400;5758000;15138000;4646300000
2018-02-08;217562000;55628700;1144000000;66792000;38478300;171572000;27425800;128981300;4166200;12673400;25650800;9927500;11680200;4902400;8059600;41925300;14596100;23295300;5656000;9101900;8295900;28928098;154719000;82500;211200;4131400;1017400;4991900;23899300;13451600;26891500;93067000;6557700;56471800;;7241800;6803800;8044400;21255400;5333840000
2018-02-09;282690400;63499100;1674604000;98360000;39887600;282830000;28188000;143071100;5978600;17695500;29491600;10922400;15030900;6225300;8939700;42553800;18838800;22853100;7187100;9528100;8833000;26929053;194005500;304000;320100;7967100;1575400;5096700;28764500;23095000;31057100;169069000;6303000;85458200;;9059200;6615800;8931700;23191000;5690110000
2018-02-12;243278000;35720300;1093172000;56240000;32092100;134778000;18043300;95055100;3692500;11526300;19340400;8358200;9963900;4912000;6454200;27405300;10769000;14689000;5255900;5756800;6885000;15771182;93417000;235800;241600;3049700;1121100;5615000;12162500;13692100;19257000;85349000;5227400;63160900;;6783700;4624100;5128900;16261600;4069220000
2018-02-13;130196800;26407700;625524000;31586000;21809400;118358000;16358200;76727300;2700500;7803900;11926600;7065900;6339000;3536800;4041200;19868400;9278700;13163200;5406000;5512100;4030200;15378459;68403000;65800;453600;1809400;542600;3191000;10971400;7695900;11918900;68552000;3471000;33661400;;4273800;7542800;3967700;12633100;3503540000
2018-02-14;162579600;34960900;744988000;41304000;28929700;119184000;15186900;97251500;3793800;9206400;17188400;7031900;6259700;2878400;4361100;21922800;9412000;13457900;5865600;5560100;4340200;17926577;59260500;39400;579000;4541400;435900;5440700;24648200;10370900;27701300;109720000;4203700;51756800;;6767000;7428000;4348100;14271400;4011940000
2018-02-15;204588800;27823900;698900000;37396000;20922100;113054000;12130200;68117400;3523100;6921300;14432400;5405000;5606400;4662700;4810700;22484700;8910700;13467300;5012100;4914500;5827500;11452419;88693500;49900;306800;2053800;536900;3404600;12793200;15548400;14943200;107597000;3915000;59593800;;5113300;8341900;4357900;14132500;3696140000
2018-02-16;160704400;30596900;637656000;39948000;20645300;89452000;13214300;62137800;2602500;6371400;13722400;5950400;7970100;3621700;4699600;48192900;10371700;17202300;7165800;5991600;5211600;13505612;84639000;27600;987900;1927000;447300;3362000;12424300;11760300;16155200;83124000;4213100;47332300;;7619200;4667300;4382500;11098800;3646920000
2018-02-20;135722000;30911700;686240000;33754000;21204900;129984000;13461500;58573900;2618400;6182800;13387300;6810900;6563500;3172300;3195000;156265500;7087700;14137300;5211100;5094600;4303400;12867294;60141000;36600;622500;2587900;523200;3964300;19060500;27494600;17771700;77690000;3750100;47096500;;8922100;4287800;4116700;14144900;3646920000
2018-02-21;149886400;26922500;892292000;41486000;23200800;126088000;14212500;72210300;3017900;7676100;11715000;6892300;6578000;3371900;3871100;148511100;9134500;12792900;7833400;4179400;5258600;20472151;48294000;17700;367100;1770200;462100;2268000;17438000;14895600;16398600;93711000;5999500;40195800;;7527200;4976500;4994400;13050800;3789040000
2018-02-22;123967600;24392800;534364000;28010000;18464200;97162000;17070400;64749700;2678900;4994000;14020200;8176700;5732200;2767900;7687400;61095000;10277700;12377800;4398200;4723300;3414300;16379390;104547000;27700;323700;2496500;755200;2319200;15427100;11722300;11386200;88915000;5605800;37886300;;5653900;4763400;4034000;9513200;3720620000
2018-02-23;135249600;26329200;415300000;25292000;19007300;88362000;12162500;53626300;2507100;5036900;13378800;6460200;5126800;2393900;5170300;38374500;10321800;8277200;4272400;4450800;3355400;11040854;87261000;21400;301500;2392800;1939100;1287900;21132200;6762200;12861000;73018000;3093800;33317600;;4315400;4173500;4128400;8866800;3200360000
2018-02-26;152648800;30199800;469312000;30912000;17599700;99100000;16511200;61796300;2751400;6270500;16940400;7405800;6684400;3307000;6015900;44097900;9422200;12713300;4525200;6254400;4148100;30302034;65100000;45500;218400;2021500;814600;2900100;24390000;27374300;15899600;102686000;4088100;42265200;;4648000;5418900;8254100;12956000;3436590000
2018-02-27;155712400;25869100;455436000;42964000;15849800;96176000;17563300;69235500;3140600;7287200;14629500;6059700;7158600;2899500;4860400;40128300;8919600;12774400;4907500;4127700;4774100;19410582;71961000;34000;220100;1842600;1005700;4201900;20808200;14326000;11397500;94165000;3815900;55975300;;4618800;5908200;5903400;14339600;3752070000
2018-02-28;151128400;31167300;523116000;49292000;18783000;90300000;17735600;72044000;3104300;6780900;17087800;7441000;7985900;4368600;6123400;42431100;16862000;11929400;6116800;7298600;5472900;18490403;91045500;55500;250400;3109200;975200;5776800;22195300;9582100;17612700;76535000;4145700;43387500;;6419900;9684400;5378300;14947900;4244570000
2018-03-01;195208000;37135600;1040120000;55338000;23201600;136704000;18690000;90547100;3483500;8819600;15696700;7516700;9424000;3514600;6258400;56728800;13504200;17746800;5609000;9434800;8978000;19170976;103284000;56900;226500;7605300;469900;4861600;16970500;10799200;18132600;119321000;4658500;63207400;;6123900;15555500;6984000;16539800;4514490000
2018-03-02;153816000;32830400;913428000;50162000;20025900;131752000;18353700;82739100;3122800;7581900;15630300;6607300;6910400;2613600;3216700;57130200;9317700;14050100;11754300;9509400;10021300;15572368;76392000;22400;181200;4076500;560200;5408000;14487800;10612700;13599800;133453000;4190100;58123500;;5671000;10627500;5025500;17291000;3891250000
2018-03-05;113605600;23901600;620776000;28648000;16189300;104678000;13933000;70543100;2445800;5810200;14891000;7814900;5799800;2627300;3816600;40149600;8177000;11992700;6397800;8453000;8140200;18247395;57357000;15200;127000;5538200;600000;2914800;20092600;15445500;12294200;189861000;4826500;43734800;;5748600;10121300;4041100;18771500;3733640000
2018-03-06;95154000;22175800;636808000;23382000;15086800;91234000;10674400;50832600;2217300;7464400;10754300;7957900;5546500;2652800;2962700;33164100;9085300;10010500;5015400;5795600;4888300;12124707;64285500;17900;127100;3840200;812200;4165200;18417200;23450400;16243800;185258000;3820900;46751200;;5306800;8154800;3203300;13907100;3389030000
2018-03-07;126814000;26716100;581208000;30748000;19097300;83482000;13006500;52763900;2509400;7254100;27255500;6660000;6391700;3242200;2266500;34359000;9089500;10881700;4492000;5491000;4575700;17318787;75109500;20100;178500;3092700;565800;3759500;22955000;12602400;12822200;171322000;2766100;127603200;;4799200;6750400;3622800;11727300;3406690000
2018-03-08;95096400;25887800;411912000;33862000;17225900;77252000;11173700;53139800;2565400;6948900;19299800;6095100;6423400;3500900;3497200;28766100;7951700;12361100;4291400;4105000;4319900;10348638;53493000;33600;169000;2399600;950200;4681200;11418900;8902100;13224900;113401000;2235300;76011200;;4750700;6127900;3084500;15864400;3206040000
2018-03-09;128740800;36937300;505524000;42662000;18526300;90686000;15366600;73905800;4410600;6397700;19714100;8833300;7557800;4834600;4399500;29263200;7662200;9778600;5076500;4576700;3538300;13386967;82602000;56800;201200;3099900;497300;3275500;13814000;7655300;13260400;145002000;4168900;89674400;;4477200;5637800;5494300;16218600;3376870000
2018-03-12;128828400;26073700;605060000;44306000;15301200;103484000;12339300;60322800;3065600;8636000;14226700;6877000;4942000;3117300;5059600;25422000;7182000;11857700;4461500;4880400;6088800;14653629;123960000;35200;106700;2128600;562100;2079700;8808800;15801300;10004500;203692000;3589000;83748700;;4993300;5609800;4967000;14108400;3216960000
2018-03-13;126774000;35387800;619772000;43140000;18067500;130638000;13312300;63347500;2288100;9479500;13739700;6793100;9152300;3343800;4863200;21519000;9620200;11342100;4333100;4819100;5443800;24772029;89487000;95100;125400;2139100;477200;2551600;10828600;38572700;12602200;129172000;3286600;174302600;;6128100;4641800;4698200;12864400;3324290000
2018-03-14;117473600;32132000;505496000;41870000;16821700;85188000;12905100;58011400;2478700;7855000;14820700;5051000;6770600;3048200;3167900;33121800;8898100;15321200;3879000;4873600;13057900;11907699;119511000;20500;158300;1547700;315600;2944400;10097900;29759100;18011500;104751000;2820700;80540800;;4531500;5402400;4015400;10885500;3394630000
2018-03-15;90975200;27611000;401952000;33382000;15614300;81394000;8748000;41964200;2255200;5861900;15640600;4519700;6147200;3330200;3910100;49845600;6996900;12456700;5925700;5268800;8766000;9895779;98472000;96100;88600;1506800;667000;5063200;15001300;10494300;12106300;56429000;2258200;66373900;;3936700;4603500;4127200;14155200;3543710000
2018-03-16;157618800;49081300;399456000;58656000;24403400;108500000;19888900;83447600;4114400;9447100;32109700;14909400;14233500;5690300;8326300;85188000;17715400;26603300;14293800;10897600;9329000;23889514;91759500;24500;141700;2627600;717300;2006700;12949000;25574500;11726000;73337000;4605000;37591000;;8410900;6662900;5961800;21011500;5429140000
2018-03-19;133787200;33344100;713772000;63656000;88140100;131616000;13214900;57363200;2426900;17387800;12744800;4803500;6017000;3407300;5117000;36160200;8368200;12380300;4307600;5479200;6328900;13810133;112264500;27100;217200;3181700;1416100;2816700;13684300;14131400;8923600;99252000;3770000;53308600;;4744500;6830400;4261300;25777400;3327460000
2018-03-20;78597600;23075200;554696000;54598000;129851800;91632000;9921200;44784500;1514800;7779700;13003200;4587200;6214300;3429100;3943800;24774000;8465500;13559800;3105100;3557600;6500500;18554546;71464500;31400;179600;2741300;632000;2106700;13167600;10615400;10683300;59919000;2859300;65116900;;4148300;7113600;2939300;68601000;3272590000
2018-03-21;148219600;24457100;438688000;44898000;106598800;95016000;13633000;64546300;2817600;7359500;15418500;6829600;5158700;3419800;4052000;35508000;9822800;13054000;3871900;3887400;4056300;13592791;89376000;31300;126200;1904100;440400;3824200;17312800;12231900;14634600;52639000;3238400;44691700;;3494400;14824000;3235600;34597700;3434780000
2018-03-22;165963200;38604700;551196000;69312000;73743000;126412000;22550400;110271900;4489300;10501500;17737000;6297200;7560100;5894800;3816900;36744600;10481600;12274100;3669400;8225600;7282200;14862500;74097000;21700;170700;3040700;699100;4288800;13563500;13554600;15576000;80633000;4387300;59944200;;5255100;10950500;7113400;25610100;3765460000
2018-03-23;164115200;44068900;735620000;49880000;53609700;160120000;23081500;115740200;3634200;10024300;20157300;6227200;8452500;5741200;4298100;30375300;11728300;13475200;3447400;6533100;7237500;17536442;99823500;36600;200000;3398500;571700;3124300;15027200;14713300;17650400;95299000;4324100;54844500;;6021300;10902100;7257000;21398900;3829380000
2018-03-26;150164800;56396800;611424000;65984000;126116600;112494000;20217500;83297000;3787200;8735400;15032700;6868700;8358200;3561300;3488700;27599400;12937000;11276100;3477000;5454900;5392900;22000434;125628000;50800;307400;3036000;476600;2292100;13820500;12093900;11296500;119883000;5470100;75878500;;7323600;13171700;5223700;20754800;3538080000
2018-03-27;163690400;56569000;1409000000;60816000;79117000;139992000;18039900;85821800;2981500;9008600;15821900;5530800;7789900;3722100;4070600;19637400;11288200;11627000;3519100;4915300;5355500;32336072;208080000;61800;273000;2791100;1360000;3806300;16785400;12243200;15803800;120686000;5069100;68551300;;4713900;8304700;5149200;18925300;3761320000
2018-03-28;166674000;52501100;945904000;77698000;60029200;274106000;19189300;79396100;2660200;9420400;18163900;6985300;6868500;3179500;4257500;34728900;12857800;16277400;3913200;4933900;5634700;29025877;315021000;52500;264700;2971100;822400;3365100;12391000;12925500;11300600;189729000;5166600;64832100;;4318600;6489500;4388800;22156900;3875720000
2018-03-29;153594000;45867500;916628000;69338000;59434300;251622000;13274600;65678300;3073900;12918100;14882900;6627800;6119400;5529400;3424000;27823800;10036400;10450500;5289500;4209400;3652100;15548310;227560500;46300;338400;2623200;573700;3074000;12428900;8482500;17058900;191455000;3719200;48681400;;4423500;7794700;5714600;14256400;3572360000
2018-04-02;150347200;48515400;922092000;65068000;36796000;209272000;18822500;86644200;3429900;9877100;17891100;6228600;8916900;6220700;6282600;57386700;12017200;14207900;6960100;5397500;5024900;15041824;241710000;42000;313700;3223300;536800;2179700;10677200;16469600;12715400;134058000;4222400;64824600;;7229300;6461300;6178200;15343300;3635780000
2018-04-03;121112000;37213800;667432000;51322000;42543900;204624000;14050700;69698700;2488200;7084800;15999200;6717300;8035000;4652000;3610600;29086500;11933100;15484600;4719400;4845700;4783100;12474884;282666000;31200;233300;2645200;414800;2950900;10995100;7930700;11629900;126949000;3612600;54891600;;5283300;5193300;4192900;15734600;3395840000
2018-04-04;138422000;35560000;789168000;50724000;49885600;139646000;15302600;66640800;2853200;8425700;13122200;5727200;7717100;4674000;3022200;19609800;9030800;13563300;4888000;6188200;8235700;11929712;298450500;55300;1563800;3285400;530200;2624400;15567900;7496700;15915400;129140000;4628300;67356900;;4757300;6389300;4100700;18505900;3369230000
2018-04-05;107732800;29771900;701240000;35836000;41449600;128270000;16627000;55765500;1924800;6816000;14200000;7204900;5621700;3348100;2213100;19142700;7864700;11707800;4503900;4584800;6220000;11168889;286816500;19300;406500;2150700;698000;3076600;16893300;5823300;21463700;106552000;3434100;65758800;;3799900;5052400;4661300;12313000;3230430000
2018-04-06;140021200;38026000;662988000;40134000;41644800;117646000;18906000;79687600;3621900;8383800;14299600;7094500;6399300;3231700;4012800;19050000;8300800;11495100;4321900;5707400;5713600;13242927;202804500;12300;268300;2840400;371700;2545100;17083800;8322200;24031900;114448000;5005500;51087100;;5236900;5385500;5580600;13893600;3312390000
2018-04-09;116070800;31533900;499524000;33220000;34915200;84164000;15974300;65917500;3256700;7024800;11103100;6933800;6395800;3031500;5377500;25104300;9031200;11913400;3581500;4050800;4931700;14258423;153747000;25700;351100;3161000;362000;3645400;13234900;7608500;18223300;98536000;3910700;38382600;;5079800;4104200;3873100;15200000;3076140000
2018-04-10;113634400;26812000;761676000;36620000;57889300;85082000;13951400;60540500;3113900;8947200;19006100;7612800;6019300;2737500;3657200;27382200;6779000;10379500;3902600;3991600;5552000;11982984;164847000;15900;430400;2762700;734000;4436400;17120000;12009000;18170500;106605000;3149900;42849200;;4783000;3693000;3250500;14868900;3579130000
2018-04-11;89726400;24872100;460244000;34060000;56144600;71650000;14503300;62211500;3322000;5874900;13734000;6246800;4575400;3482100;2830000;18837000;7143500;8424300;2711100;3218900;4573500;10479010;112243500;8700;747400;2009600;1199600;3228200;15988300;6205300;13348400;148774000;2783000;29169300;;4228400;3059400;3522100;14911400;3054520000
2018-04-12;91557200;26758900;593920000;32896000;38263000;62700000;16435500;57989100;3059100;5666000;13270400;6702000;4559800;2664500;2121100;20568900;8282300;8476400;5178900;3958000;4325000;13277419;114132000;26400;643600;2177000;1001300;2604300;11744100;7412700;8700200;102494000;3065600;47784400;;3396700;4419900;3707900;13970300;3045330000
2018-04-13;100497200;23346100;503036000;25410000;19990600;73706000;39152800;99254500;3026200;9174300;10925000;5508100;4742300;2496600;2652400;22677600;6198500;10774200;2452800;3603200;4733500;14850168;109908000;32500;451300;2168600;1001200;2687900;14943400;12588200;14242900;120466000;3059600;38935700;;4311200;4933100;3150900;12493600;2988540000
2018-04-16;86313600;20288100;350792000;29776000;18119400;56172000;16580500;110588900;3257400;6903200;10743600;4598000;6379600;4510600;2743000;21062100;5962200;8962100;3115200;3055600;3901400;12160618;95077500;18300;378400;2602200;822000;2414500;11603400;7850500;17010900;203079000;4668200;28875100;;3534200;4464700;3819000;11639000;3020740000
2018-04-17;106421600;26771000;447224000;54584000;22743000;102288000;15501400;83475900;10134400;5979600;10478100;6488300;11008700;6180300;3782400;20405700;6492400;8406400;2861900;3817200;3381800;15050609;105000000;33100;636700;1814700;992500;4476400;10155400;7089700;11268400;338665000;4210200;45360300;;3106500;5524600;4658300;10762700;3286190000
2018-04-18;83018000;21043300;391364000;31126000;20969600;104550000;16081400;79743200;4524800;5171000;12061400;9132500;9383600;2940100;4261000;17562000;7349400;7429000;2503100;3087100;3117500;8969027;98365500;84500;370500;2040000;742800;5314600;12450200;4796800;15728100;112211000;3150600;42449600;;5858900;4321800;2872900;11312900;3412030000
2018-04-19;139235200;23552500;471996000;39884000;22235000;130474000;17911000;80902600;3990000;7294100;11291500;7159400;5959500;2734900;4989400;19764900;16955600;10370400;3276600;4013200;3006800;18316838;91359000;45200;279000;2129400;1323800;2666000;13674900;19179500;13969600;84388000;3560400;57841600;;5407300;3657000;2726500;8563200;3375120000
2018-04-20;261964400;31154400;386200000;42434000;19119400;110832000;15584400;65554600;2930600;7479400;12072200;7561200;7743900;2842000;5424100;24974700;14085000;14690700;3961200;4057800;3038000;39371615;84418500;24400;335900;2099500;745500;2489500;11915900;11838200;14791000;91587000;4233000;39011900;;5008600;2971000;3705800;15675600;3428260000
2018-04-23;146062000;22331800;427508000;69590000;23088100;89308000;11285800;50686300;3775900;8004300;11729800;6113100;7501900;3051700;4015900;22081500;13653400;11878500;3051900;5350300;2765600;15298437;73401000;12400;206200;2084400;540200;3019600;9617200;10961500;14288000;89680000;4355000;42971300;;2987700;3932700;2672600;14904400;3030390000
2018-04-24;134768000;34524800;414596000;128220000;35079900;149894000;16453100;81486800;4705100;9434400;14102000;7980500;6577500;2771200;6394900;25409100;16551700;18523900;2904400;24122300;7051800;15495602;85279500;11100;190900;2084600;699900;2321400;9575900;11670000;15653200;138932000;5369000;44992200;;4435400;5379300;3718200;13357000;3716020000
2018-04-25;113528400;33729300;588492000;57860000;41083600;131746000;13548200;65893500;5041400;8001200;13867500;5331100;5859600;3118800;5379000;20281200;14208800;20774700;3710200;9963700;11023600;23216120;60204000;47200;247200;1891200;883200;2535300;17288600;9619200;19166000;149197000;3396200;90578000;;5587300;5080500;3204400;12637500;3563680000
2018-04-26;111852000;42529000;375824000;50926000;77556900;176022000;10299500;45936700;2891100;14345800;14554400;6268400;8211100;2252800;5058700;17347500;11204300;13561000;3680600;6558900;5273600;13533448;65340000;29000;316900;3178400;776400;1910100;15552600;13684000;12053500;92667000;4784400;145284100;;8782500;4998800;2388500;12175800;3690920000
2018-04-27;142623200;48272800;400848000;40746000;29804700;261064000;9384000;47411200;2136800;6842700;16346800;8836600;4266800;2301800;3209600;16953300;8144800;9777900;4141500;3860600;3390400;10188469;65469000;48300;115600;1205300;530400;2835600;11736600;9443100;13468100;70744000;3781000;74347800;;4382400;3801200;2558900;14420800;3234510000
2018-04-30;169709600;41523600;327844000;34492000;20750500;109282000;13744900;55153900;2790500;8449200;15028800;7631600;8219400;3446900;5483500;26057700;13076500;16037700;12954700;4764800;3721600;10127373;63423000;49100;455300;2294700;297900;1855400;8345600;9469600;10080400;60888000;4323900;50608800;;4173200;2788300;4247500;13896600;3749510000
2018-05-01;214277600;31408900;253788000;35326000;26025900;91442000;10503400;52871700;3269800;6407300;16231000;7093700;5122600;2633500;6306100;20873100;8103800;11514200;6560100;5004400;4313100;10719493;69384000;52200;123400;2358100;310300;2493400;9464200;6780500;14018000;60366000;4828300;43441600;;3423900;3873900;3235000;8838000;3562820000
2018-05-02;266157600;27471000;268248000;34698000;30424500;87206000;12162100;68234600;3710900;8515300;13883700;5909100;7390800;3542700;5166300;18249000;10830900;13736400;4318400;4637600;3436100;10783239;134556000;44600;431500;2249000;639100;2115000;11606600;8143000;18121300;56971000;10133100;29267300;;3866500;3671000;3885500;10715200;4047020000
2018-05-03;136272800;31142500;443144000;39282000;24026100;85038000;15379100;110672700;4511400;6778600;12243100;6727700;7282900;2731600;4469300;20628300;9386500;18352200;3450100;7703200;6383200;12665163;260281500;62500;518000;2504100;678100;1911000;11310000;8609200;21453500;61358000;5785700;33310600;;4123900;4435600;5059400;15370200;3867530000
2018-05-04;224805200;22531300;400660000;36892000;17677800;68872000;11967900;58281900;2622300;5798400;9887200;5403100;6127600;1999900;3367500;20914500;8107400;10946200;4283600;4678400;3655100;8744820;128541000;36200;443700;2723700;847600;1997600;16071200;9880600;14487500;82095000;3593600;47884900;;3896200;6341200;4919100;10571800;3335260000
2018-05-07;169805600;24242000;687616000;34400000;18697200;76038000;9356700;46765200;1979400;5737300;15071500;6999700;6707900;3237800;3722600;32350800;6633600;9336000;3379000;6844600;4192200;6858410;130173000;19000;355200;2689000;625000;1757500;22388600;9571700;13946300;71178000;4077300;54001700;;3582300;4342000;3692100;9006000;3266810000
2018-05-08;113611200;23484600;506616000;26030000;15577200;61358000;12543200;65119800;3267000;5044700;17430400;8937000;5951800;2698300;4591700;19654200;8084100;15062200;2808100;3853600;4014100;12381195;88950000;56000;630900;2597200;396600;2571300;16840000;9930000;19011400;47357000;3396400;35218400;;4168200;4467800;4189600;9830600;3745100000
2018-05-09;92844800;27327400;596760000;47160000;23282800;72746000;11368100;72266500;2434000;6119400;17142100;11442700;6808600;3504200;3325200;96795600;7528400;9295200;2762500;4668200;4347000;10614202;85911000;20700;249400;2294500;1357100;3765900;38361600;7016100;21032300;56334000;2933900;49605700;;3392300;4605300;3290600;11822400;3913650000
2018-05-10;111957200;22388100;994080000;36414000;21071400;56350000;9159700;54773200;2599000;6585800;17710300;5446000;4948000;2169000;3718400;47572800;7618500;7924200;1675100;3911000;3920400;7820843;84774000;45400;620200;2787300;1857500;2198700;40482800;12267200;26150500;53023000;2821200;49744500;;3850100;3772400;2957300;10974200;3380640000
2018-05-11;104848800;16778300;1214456000;30504000;21207800;45278000;10253000;42024800;1540100;5437100;14751000;8092300;5716700;3044900;4393800;29804400;7586200;6331900;2258500;3507900;2332200;5970052;70194000;43100;1392400;5060300;835900;2502900;29426400;9639100;23671500;45897000;3301700;43863700;;5355100;3233200;3917700;9498100;2874850000
2018-05-14;83115200;19454100;523140000;39338000;15646700;50190000;8710700;41791600;1928500;5017000;11852100;6212400;6101600;3893600;4739700;28497600;8646900;10715500;2537300;3563900;2520300;8562032;109302000;20000;421000;3458500;1020400;1983700;26500300;15400300;18389900;40898000;2877200;50263800;;7035900;4169800;3264600;9689500;2994360000
2018-05-15;94780800;24594000;963528000;35738000;15429400;101550000;11536200;64433500;2165700;5532300;12595700;5201700;5875700;2396600;3662700;27968700;11502800;16449700;3471300;4127200;3009100;7357154;142788000;26100;496300;2117900;1201500;1449300;25213200;12050500;25638200;47461000;2747500;44183200;;10147000;2933100;3380000;11304900;3291190000
2018-05-16;76732400;17384700;553828000;25628000;16975500;51412000;7571100;43590100;1965200;5124200;9570000;5405100;3818100;1906100;3614500;41200800;8325000;11590500;2522000;2693400;2230100;11397833;85110000;20400;444400;1393700;1383100;2722200;20438900;8675600;19449900;36717000;2109300;73364000;;5044800;2439900;2927400;9874200;3248480000
2018-05-17;69176000;17246700;519784000;25738000;14840700;42952000;8617200;45981500;2462700;4911700;11224100;5241600;6473400;2418700;2808400;89162100;8053600;14857400;2975500;2885800;2483300;10585136;66309000;30900;343200;2489200;765500;1521300;34138300;11450700;33272500;49357000;2378300;38692500;;4227700;5557000;2604200;10162300;3478150000
2018-05-18;73190800;17865800;483716000;35482000;13130500;52852000;11806300;58641700;2699000;6082700;10030900;6385800;5433900;2283600;4002300;36129300;7042700;11950200;2318000;3889300;4327700;7170422;108778500;10600;387200;5527100;605500;1965200;25603400;11999700;37339700;35777000;4208500;54063400;;4697900;3612300;3137100;13517300;3383270000
2018-05-21;73603200;19422500;640624000;25180000;13532900;58504000;9441900;34983300;1951700;5591800;8822400;5081200;5558700;3040700;2505900;32147100;6428400;9110200;2424000;5849700;6785400;16258282;137739000;31200;217200;2515200;493500;2269500;26281900;14286400;20987700;66573000;2632600;49714200;;4147800;2887200;3005500;13416300;3053480000
2018-05-22;60962800;15441200;518264000;22226000;12731400;42312000;11507600;61103000;2551500;6645500;10753400;5444200;7172700;2644100;2620700;24201900;7744200;8222900;3224000;3512400;5389400;13717258;134187000;96400;159100;2129600;677300;4043000;24279600;9432500;26682300;59644000;2620200;43267000;;4585600;2789800;3162000;18505100;3384140000
2018-05-23;80233600;21251200;442956000;23740000;16628100;67238000;11453900;73893100;3114000;6569100;15140900;6017200;4940800;3047800;2516900;28197600;6592500;8971400;3835100;4010000;4497500;30743980;89776500;34600;133300;1505300;687300;2611600;21263800;11322500;27741300;100491000;2529900;44517800;;7387400;4303900;4036300;9204400;3333160000
2018-05-24;92936000;26649300;437372000;20604000;12354700;68600000;14084800;62146200;2308700;6035200;13360500;5906200;6923600;2610400;2481800;25728600;6508900;9269600;3378000;2891000;3932100;21995906;62650500;10900;142000;1967100;1383400;1468700;97632700;12487200;31182400;147586000;2912900;47785700;;3941300;5972400;3206200;12497700;3285750000
2018-05-25;69844000;18363900;292112000;22224000;10965100;53968000;8283500;44166700;1985600;7509600;14562000;8936600;4594800;1554900;2338100;17740500;7546500;8806500;2582100;2359700;2463700;10370235;58126500;18100;139600;2078800;1544000;1229300;48258900;11501500;33143600;78174000;2459600;43850100;;2730400;4031800;3031000;11354300;3015260000
2018-05-29;90056400;28671000;352684000;36076000;16398900;76930000;30643800;135895000;5323600;10401900;14644800;7385700;9821900;2837800;3459300;25284600;8905600;14826900;3197100;3795800;4249600;15867583;84999000;54100;251600;3021700;2464400;2025100;62216200;14696300;55972500;97179000;4545000;39578500;;4725500;8141900;8912100;12427800;3743310000
2018-05-30;74762000;22158500;390996000;28686000;13736900;58148000;17490800;79435300;3348600;10631300;16627500;7125300;6423700;2071900;3475400;27942300;8128600;10114200;2396500;2688200;2825200;10893914;112345500;61600;153700;2797900;1076800;2375700;41737800;9146000;38041400;56855000;2764200;58186400;;3976000;14170900;4307600;11906500;3566490000
2018-05-31;109931200;34140900;493868000;79368000;30782600;63326000;19808200;97509300;5334900;11086000;15803100;7460700;10337500;2966100;9526400;34406100;15526000;15571300;4881100;4546000;4406300;11571648;88795500;36200;255600;3137100;1028000;1629200;19041600;12813200;21493500;69217000;4641400;46797700;;4839900;6408300;5787500;13062400;4241100000
2018-06-01;93770000;28655600;421968000;63202000;17307200;66268000;13594200;64796600;3330900;8323400;9906100;5749900;5741000;2371400;4057700;15713700;7209300;10664700;3203800;2755500;2657800;11870536;81366000;21200;252600;2076800;558600;1590500;181044300;8869700;50283200;71123000;4194900;71677900;;3706200;6132800;3817800;10863200;3694310000
2018-06-04;105064800;27281600;642024000;44754000;18939800;63754000;9415400;43777000;2133600;7178000;10954700;5760500;4853000;2188900;4263100;32766000;8743800;11727600;3174600;2470900;2950300;17197157;71967000;47300;142600;2479000;478800;1157900;39787400;9696700;34403800;76820000;3917200;74546000;;4103300;4860700;4444500;12178400;3410090000
2018-06-05;86264000;23514400;391712000;32964000;15544300;95644000;10415200;47690800;1986200;6198200;12059300;5672600;5125400;1531900;3667600;24844200;6910100;9975900;2952300;2916600;2567800;14699910;89928000;78400;195200;2133200;634900;1889900;34238200;6562700;51308700;83580000;2655500;56122700;;4231300;5123200;4325000;13430900;3523550000
2018-06-06;83734400;21122900;371356000;34934000;22558900;109464000;15453600;74995800;2566400;8065800;11603300;6213400;6799300;2650300;2720100;22088400;7002900;9202900;3586200;3689300;4488400;12967368;281509500;53600;183500;1560600;759000;4521200;41296200;6236700;42168600;77123000;3233100;97089000;;4134700;4766900;4017500;13299100;3662780000
2018-06-07;85388800;28232200;369448000;36108000;21503200;75314000;13444400;68402700;2905000;8309200;13502500;8607200;7414100;2117200;3123600;23117100;13476100;11948100;8342500;3149100;4517800;14811336;215179500;94700;233500;1985100;1475700;2969400;81713100;14786100;118712100;82780000;4084100;99860300;;4378700;6564100;4340300;13714100;3742080000
2018-06-08;106627200;22165100;360456000;27284000;12677100;59102000;10383200;49572900;2253100;5261000;14350400;5108800;6208100;3034600;3172300;22807200;13625300;12078800;5056600;3254100;3292900;10484206;123078000;40400;212900;1261900;1437400;1929900;56562000;7035300;96224400;52257000;2296700;81930500;;4006200;3486600;3757800;14515400;3138850000
2018-06-11;73234000;23490900;265372000;24796000;12928900;46710000;12642900;46732800;1936800;7988700;10831600;6085100;5571400;2775200;3506900;18756900;9049400;7526100;3246500;2758300;2468500;9098022;197752500;28900;201500;2639900;1462400;2422800;30239700;7369500;31861300;44324000;2616900;80737600;;4243000;3443100;3465600;12521100;3262130000
2018-06-12;67644400;18325200;319160000;26092000;11562700;45184000;15294100;49644600;2080000;5743300;12351800;4543000;5227300;2567200;3016900;24185100;8786000;8243300;2985300;2595600;2440400;8663462;335211000;22600;208300;1332900;528700;1472100;25038000;7153500;29406200;42910000;2660500;67002600;;4616700;5319900;3047000;14713600;3435700000
2018-06-13;86553600;29492900;338208000;34302000;15853800;66550000;14979700;68900200;3637400;4881600;12049300;6317900;5836900;3138300;3052100;19075200;8022400;16745000;3140500;4189300;3867600;7407462;142047000;16400;335000;2685900;858800;1677400;27075400;9676300;42152600;182228000;2686100;90227300;;5128100;5809300;3704900;18053300;3820770000
2018-06-14;86440400;25691800;430016000;35422000;19120900;63488000;20487300;77863200;2899600;6464100;11477300;5056800;5239200;2456600;3115100;22552200;8895200;12696200;2390000;3967600;4039500;12659759;164715000;27300;218300;1783700;1849200;1959800;18448100;8372900;38659500;145983000;2846900;113048600;;4305900;6494900;4947200;37001300;3540930000
2018-06-15;246876800;65738600;432260000;44438000;21860900;95552000;26028600;105079500;4738100;10044500;23797500;13223800;13173500;4772200;5575200;37509000;14943500;21562500;7384400;8852500;9946000;20069141;162724500;29900;184300;2545800;821300;3674200;21687300;13804900;53376900;135881000;4162100;77612200;;7820900;7711100;7341000;28120400;5451990000
2018-06-18;73939600;23586000;356268000;33038000;16826000;62154000;9786800;52644100;2327500;8713300;9192600;7696800;6787400;1961900;2903900;25506900;7384900;12161900;4297700;3651600;3363200;14260009;181098000;43100;335700;3346100;993600;2698100;19230900;6946600;22095000;68248000;2081300;104317400;;3396300;4202400;3773800;21474100;3316120000
2018-06-19;134314000;28653100;594932000;47282000;19994000;85802000;12707200;65466200;3326600;6557600;8759700;5947800;8572400;2370200;3044500;28057500;8514000;12936400;3350400;6792000;6857300;16249456;191428500;173300;347600;3046400;648700;4656700;48766800;7958300;36012200;166971000;2666200;92542900;;5501100;4833700;4035300;22764900;3671160000
2018-06-20;82514800;26180800;369780000;51686000;28230900;86652000;8876900;52256500;2678300;7192000;8917700;7980700;6277200;2580400;4675500;23899800;6603500;10893700;3649500;4128300;4540000;20120367;125755500;19000;1301800;2969100;767500;2452500;42510000;6526400;22324200;164946000;3898600;76280600;;3389600;5341400;5234200;59129000;3332140000
2018-06-21;102847600;23198200;359516000;44966000;19045700;98822000;11048700;68322600;3094600;8689800;10990700;7290800;4417200;2150300;2856400;24276000;8691200;10465200;4655800;5914900;4048300;14750782;119506500;44500;3122300;2822400;595300;2221600;28793400;6605400;26734600;183899000;2678200;95638400;;4695100;3912800;4977900;32635100;3336580000
2018-06-22;108801600;38923100;434160000;34220000;17420200;81502000;19478900;76079200;2731800;6031900;16012200;8535200;9501400;2604000;3769500;32439000;11446400;14924400;8703600;5114700;3192000;14178026;153991500;31400;716600;2432600;481100;2400100;23906300;8074100;29151700;104286000;2993600;59257100;;6785800;7466000;5268000;29735100;5468110000
2018-06-25;126652400;35433300;665816000;57682000;25275100;150224000;16907600;73616400;3817700;10086200;10557200;5801900;8170500;3060800;3414100;47818500;11300500;12092400;6126800;6078200;5006200;16029380;103969500;42100;623400;2356500;577200;2767400;21481800;8635900;33550800;224909000;4780600;94418400;;5127200;6969800;6062400;24640500;3663280000
2018-06-26;98276800;26897200;478884000;34688000;17897600;87732000;17086800;56369300;2692900;7733900;10382800;4592800;5496400;2158000;2840600;30378600;9558500;13974700;3375100;4285300;3112400;44618882;111787500;56000;631600;4988600;984800;5309800;20121900;8934700;19352900;151912000;4271200;54213500;;3270600;7043100;4324600;20717500;3568900000
2018-06-27;101141200;31298400;453892000;34538000;18734400;97444000;16276800;61764400;3104200;7282100;12725900;6339500;5666000;2481000;3005400;30899100;7873300;15332600;4962100;5665000;4578900;28252972;125005500;19800;431300;3008000;691800;6252700;32987800;11832400;33517600;165414000;3233000;56014300;;3771700;6851600;4451600;26360100;3803990000
2018-06-28;69460800;26650700;338012000;29726000;18172400;90594000;14491300;71292100;3072600;6576500;9390700;3814800;5296800;3556900;2564600;25401000;5714400;12668900;4136500;4215900;3348000;13444307;125970000;25400;388400;2165800;675700;5145700;30304700;11723600;32789800;122199000;2621100;48716800;;2994000;6333700;4218500;20918400;3461100000
2018-06-29;90950800;28053200;392300000;31562000;15811600;90870000;18972400;102307600;3393700;7259000;17323200;5669700;7308700;2772600;2964000;24766800;7679900;11485600;4024500;4107900;3108500;15015178;97386000;26200;396400;3219500;537600;3292100;21167900;11274000;17841000;92525000;3006900;41527800;;4106600;5229500;5185700;22144900;3586800000
2018-07-02;70925200;19564500;357572000;23216000;13961600;63714000;11130000;52534300;1723200;7554400;9998300;5073500;5481400;1793300;2347000;24375300;6092800;9232500;3024000;3172600;2820700;13098533;281397000;17700;343200;1941700;591500;4498600;14640200;7299900;11488000;81425000;3018300;43398800;;3822800;6399200;3521000;20655500;3095040000
2018-07-03;55819200;14670300;222732000;16448000;13489500;43546000;8311700;40599000;1204400;3621600;7197300;3919600;4248100;1248000;2163500;13188600;5897200;8214300;1437700;1837400;1464400;6721507;184239000;48700;225300;1488700;225200;2389600;15707700;3618900;15800000;52803000;1567400;32094000;;1608400;3164700;2031200;16783300;1911460000
2018-07-05;66416800;18977400;306216000;28594000;19684200;59662000;10723400;44506800;2218200;4729300;9035700;5926900;7319100;2182900;2675500;16102500;7956100;11653000;2248300;3366300;2427900;11172227;262146000;21700;316000;2414100;429600;1847700;21271900;11728300;19633400;84489000;3101900;40703300;;3040600;5576700;3310200;21916200;2980160000
2018-07-06;69940800;19234600;296352000;21820000;19740100;53006000;12173700;39424900;1846400;4839800;7637100;4020000;7297900;1572300;2290500;16841100;7244000;8733900;3298800;3179600;2105100;12524399;132982500;28200;369300;4152500;503800;4809500;13076300;8806200;25217300;86296000;2050300;65101700;;2552400;5045800;2818800;20764300;2590250000
2018-07-09;79026400;18212000;303880000;21584000;18149400;60240000;13900800;61758900;2743900;8960700;7158600;4602200;6706100;2039600;2718300;19726200;9095900;7373100;2477300;5562300;3128700;13993109;113952000;54800;751800;3054200;588600;4294100;18007000;4577100;16797700;111275000;2377300;58525500;;2575100;5183100;3504700;25125700;3070060000
2018-07-10;63756400;19293100;360016000;21334000;13190100;60058000;14575900;58858400;2524800;6561900;8806200;5092100;5075600;2012200;2227200;18145200;12773500;10606100;2187500;3761700;3278300;12585475;142072500;44900;399400;4210200;590800;5835100;13771300;6848900;16051100;93829000;2265100;37093000;;2842400;3643700;2685500;27422000;3080140000
2018-07-11;75326000;19644600;367508000;33252000;12927400;64196000;10186500;50218900;2527000;10648700;10405300;6631800;4827400;1486000;2449500;16787700;7851600;7715600;3203800;5231700;3056900;9862643;73261500;55500;256700;1543900;392200;6101000;21245700;8702000;22573600;97139000;2827900;42544100;;3309300;6168000;3343100;22802600;2986180000
2018-07-12;72164400;24335900;345508000;44148000;15454700;90654000;12456800;51700700;2223100;11816100;9762200;3745200;6199000;1592700;2604500;14665800;8556800;6331600;2360800;4250800;2030700;8309863;85818000;46300;730200;2066200;715900;2413200;13389500;8426400;25966500;127433000;3970800;44188100;;2709200;4681000;3040600;24857900;2834230000
2018-07-13;50055600;24635200;246988000;32612000;11486800;87664000;21289100;75178000;2541500;7865700;8720000;3352800;8250200;2356200;3335000;19165800;6021300;5585900;5186500;2838700;2272300;10121259;88047000;37400;347300;1342300;932900;1494400;11328800;5266100;22725200;157190000;2590800;40614100;;2308100;3941800;2693700;25771400;2619790000
2018-07-16;60172400;21786900;197036000;26784000;11078200;109324000;24662600;129172000;3271200;4969900;8306900;4317800;7314400;3625400;3175200;13341600;6931200;5831400;2818200;3723100;2889000;8943299;117280500;17600;215500;1416800;1031800;1793100;12561100;5907100;12266200;229600000;2955000;65275300;;2530500;3592100;2626700;22949600;2819860000
2018-07-17;62138000;25901700;362136000;40162000;15349900;113658000;14821900;87778900;9280200;5412600;7373300;4135200;12858700;6932300;2179400;17734500;8983400;11592200;1877500;3306000;2730500;12334350;104943000;22700;233700;919500;1706000;2114700;14917600;7560300;23063500;584104000;2919000;42313500;;4662800;5133900;3725000;18823100;3064920000
2018-07-18;65573600;29493900;277640000;38948000;15334900;97238000;14244900;59109200;6149900;7008600;8711900;6061300;7152000;3359800;3021400;15136500;9105100;7351600;3824000;4394800;3090100;8562449;84363000;19400;214800;1424400;2050700;2194200;16650800;6795100;17691300;217463000;3595400;40881500;;3787800;2908100;10469600;19234700;3111560000
2018-07-19;81147200;40171600;235752000;38338000;11350400;93538000;16775300;59260600;4638500;7937000;8659100;4471400;5984600;2307600;3171000;14649300;8010600;10097500;4869700;3576700;2711700;15641895;88729500;39700;355000;3570000;948100;3211700;21793600;8150200;28941700;168787000;2264600;41267800;;3691100;3590600;4670800;16656500;3278360000
2018-07-20;82704800;56004000;222352000;37938000;16163900;77688000;13578100;80432700;2683500;7153600;9196300;5394700;5835500;1959600;3829800;14445300;8234700;8588400;2695500;5247000;1816700;35732423;77433000;132900;234600;1723400;774700;2712500;37383100;10859700;43896400;150967000;2801000;42879800;;3564100;2462200;4073900;17232900;3243250000
2018-07-23;63957600;29707000;301584000;65446000;16732000;77770000;18140000;74080200;2788500;7723600;8425900;5359400;4631100;1479600;3145300;12450000;5881600;9055700;2754300;3542300;1943700;18849031;164893500;27800;175400;3203200;961300;2040200;12231100;8011800;15164400;115052000;2717900;44940800;;2264300;2538100;3587600;17990200;2928490000
2018-07-24;74791600;26316600;354620000;107600000;28468700;85574000;14000400;64761500;2887400;8336700;11121000;4423500;7158800;2476500;9910000;16768500;8297100;13786100;3388400;5064700;3182000;11824171;143862000;70400;373300;4365800;671700;5503300;17006200;6637600;20374200;128515000;3509100;58201500;;5058100;4052300;3346600;19885500;3430410000
2018-07-25;66839600;30702100;319112000;51104000;58954200;74764000;13329100;57644100;2181500;8376000;9523600;4278800;6523000;3016900;8476800;17427300;6208400;21330600;4193400;5041800;7378100;11132811;106131000;23500;173900;2744200;504100;2692600;15890300;13143100;24489400;84678000;4967900;82604900;;4382700;4056900;3743100;16354900;3584400000
2018-07-26;76304000;31372100;325124000;54686000;169803700;198488000;11897800;46215000;1885500;10520800;13210100;5544100;7640600;2021300;4826100;19644900;9771100;12673100;7409800;5385600;3191200;11374588;69457500;32100;217500;4051500;397400;3633400;17014400;31025100;22107700;69937000;7279900;192661100;;4280000;3414300;3766100;15229900;3667290000
2018-07-27;96096000;37005300;295420000;48362000;60073700;193620000;12802700;57198900;1998200;7014900;18220800;7580900;6620400;1656800;3975500;14038200;7492900;10516900;4234100;4649400;2914700;8206805;85549500;26600;492900;4095000;562500;2174400;21371900;13488800;19456100;89495000;4913000;161903800;;3871200;5924400;3939400;14856100;3434370000
2018-07-30;84118000;34668300;340340000;43896000;65280800;131246000;13411600;58721000;2454100;12812400;11282800;5729300;11013100;1681500;5356000;18032100;7090700;8967900;3274800;13837700;3080400;8255716;102211500;14600;348400;2426800;787200;2921600;17549800;9547700;15333900;182607000;5939300;160823400;;2331100;9522000;3988300;20167300;3261190000
2018-07-31;157492000;27655200;283988000;39382000;40356500;114774000;15843800;64066000;2503700;7683300;11716800;5894400;7598900;2355900;4957800;20124300;9878200;12438800;3530000;7608700;2728400;14959799;76153500;15900;281000;1955700;658400;2822100;18841700;22350800;21298000;140854000;4416600;118403400;;2795900;7442900;4911700;18808100;3906890000
2018-08-01;271742800;23628700;283556000;36994000;34042100;83062000;13531600;69070700;2510500;7087700;8936300;4661000;5770400;3006700;4971800;15150000;7556700;9904100;4252800;6364500;2717800;9291368;151941000;40100;203400;1305500;580900;2389500;10734100;10706200;20540100;77905000;4614200;75495200;;3086800;5098100;4004600;22933600;3501350000
2018-08-02;249616000;26104300;269668000;34704000;32400000;87094000;11058100;46427200;2579700;12300000;8364300;4639600;6563300;1854400;4321000;12918300;9261700;12009700;6245900;4195000;2655900;7631879;348225000;32400;169000;1686500;661600;6363100;20769200;10618500;25790900;71313000;3615000;52867100;;3543500;3779200;3269900;14227400;3501380000
2018-08-03;133789600;18659600;214288000;21264000;24763400;69210000;11016100;50153800;3053100;4617500;7811100;5299400;6498700;1422300;4572100;17241600;7102800;11462800;3673100;3594100;2285200;7354316;204847500;20500;219300;1296000;381000;6532300;29684400;7809400;31687800;88484000;2722800;53232100;;2309000;3463500;5028000;14295800;3043690000
2018-08-06;101701600;20265900;207508000;22114000;49716200;67836000;9857400;41261500;2259600;5143000;10041800;4455900;5840000;1398100;5090900;13954800;5669200;10056100;2375200;3125200;3251100;6779285;128464500;108500;305300;1670000;339900;3486600;12005900;10878400;22201100;81981000;3061300;83579700;;2515700;3247300;6673100;13529300;2879020000
2018-08-07;102349600;16080200;258132000;42506000;33398600;67550000;10562100;43946200;2399500;10034500;10698100;4542000;4664600;1462800;5095100;13580100;6418000;8632900;1929300;4813000;2267400;11811088;463137000;19700;397200;1031800;893900;3017700;22338900;7810900;34005100;79709000;2422200;72822600;;3052500;3928300;6160100;11608000;3185440000
2018-08-08;90102000;15487500;262100000;34344000;22205200;79260000;8997100;43689600;2522400;5389500;7275000;5957200;3721500;1494300;3901600;15123300;4891300;6810000;2988000;3435100;2333600;8429823;368568000;13100;201400;1333100;669000;3059100;15865900;7912200;24354300;53947000;2697900;52081400;;2176700;3026700;3869000;10849400;2978070000
2018-08-09;93970400;13677200;204280000;27326000;19732100;97208000;9694200;38219100;2951900;5679300;9828500;5218300;4057800;2315000;3298100;14183700;5167400;8924100;2764500;3338500;2301800;6778847;257757000;10100;132700;1147600;2099000;1724700;15693000;6629700;24906500;48203000;2444900;46653400;;2466000;3572600;4685700;14708000;3066180000
2018-08-10;98444800;18183700;256396000;26602000;21500400;72798000;12630600;55679800;3863400;6523500;12954300;6128000;4324000;1625000;2783800;24734700;5566000;7535400;3343200;6268600;2745700;10110158;173280000;194100;242500;3414000;986400;4540900;21914400;8736000;41254000;43284000;2567000;65821100;;2873000;2748500;4383100;10502200;3265590000
2018-08-13;103563600;18472500;375208000;27500000;17423300;110630000;10336300;63960600;2662700;4817500;10308500;4360000;3778000;1635100;2816400;17637600;5068100;8143400;2879600;3879400;1877200;14001101;156958500;194700;82300;4782000;726100;2337600;21037700;7092400;32845600;68889000;2014000;81411300;;5294400;2880400;3837900;12152100;3173630000
2018-08-14;82992000;16788300;466220000;28080000;19102000;79722000;10597600;42521200;2359000;5888700;8005900;3622200;4542800;1941600;3283900;17510400;6226900;6846100;3111600;3537900;2017300;10349974;104796000;44800;187700;1046400;267300;2571300;11456900;7844200;28243000;58052000;2076600;89195500;;11488000;3474700;2774500;11513700;2986500000
2018-08-15;115230400;29982800;591136000;37052000;33020200;154014000;10152100;59747900;3218500;5288400;16307800;9476700;5377300;2017700;3143200;25850700;8753500;9686400;3355500;5682200;3798600;13501919;136519500;49100;225800;1548800;1156900;4388700;19851000;13524800;32750400;117845000;2955700;86355700;;6049300;4476900;3547200;14091000;3656680000
2018-08-16;114001600;21384300;801260000;32176000;31351800;79142000;10118600;44015400;2438300;5931700;11519900;5455200;7861500;2115900;4427200;127893900;12368000;10600700;2822100;5539400;5867900;10847153;90960000;174600;190800;1057400;717000;2363200;19097200;9958800;25924000;66897000;2894000;69733700;;5690100;3704000;3576500;11874300;3232000000
2018-08-17;141708000;18061500;1143188000;33092000;24893200;82086000;8505100;39843500;2107200;7699600;10178400;6112900;6700900;1969700;3824300;49389900;8409300;8885700;2527400;6611700;3069200;9795746;284379000;121500;108200;1498300;859900;2067900;22812400;15170500;28793600;104079000;2308900;60616600;;3885800;2865600;2749900;11412000;3037640000
2018-08-20;121150800;17914200;854388000;22218000;21518000;57240000;8618700;40011000;2604900;4662200;8152100;5403600;7935000;1786200;2765500;38037900;6795800;6392000;2659500;3311100;3018200;7878350;261034500;46800;239900;1130400;863400;2059100;21944500;13966900;21623500;135911000;2469300;62983200;;2956700;2882200;2527300;11936700;2757150000
2018-08-21;104639200;22881900;673988000;23082000;19578500;62112000;10976700;53510600;2437300;6854300;9192200;4875800;5832100;1559300;2775500;31593900;8534500;13986300;1920900;3021400;2967200;12091467;197583000;27300;305900;2637600;1182900;2433500;28961500;12181400;30796500;147832000;1979600;55629000;;4124600;4063700;2665300;10187600;3174010000
2018-08-22;76072400;18000600;749856000;22296000;16894100;61610000;8314700;33062900;1870900;4191700;10098200;3636900;4688400;2148500;1964400;23297100;5132600;7159100;2361500;2209500;2682900;9065575;89190000;12300;244700;977900;1663900;2713500;35671700;13860300;38464500;89307000;1905300;62002700;;5007000;4245300;2454600;11639400;2701250000
2018-08-23;75532800;18167700;720684000;24666000;18053600;71260000;9265400;38259100;2064700;4426800;7203900;3962500;5057600;1603500;2043400;18289200;4323200;13144900;2755500;3905300;1833400;7940552;77209500;350900;539200;1271400;653900;2061500;21348000;12038100;42235900;113364000;2247600;113444100;;3595000;6196300;2363000;11026700;2724450000
2018-08-24;73905600;17234000;531512000;24454000;14631600;56018000;8845700;43585000;1948100;5714000;6545200;4415400;4809400;2238600;3089900;25782900;5356000;10952900;2199400;2565400;1954100;8068963;54039000;38100;1348500;985200;1453200;2036400;18835200;16001400;25990600;147291000;2722600;164328200;;3054300;4882000;2415700;14011700;2603010000
2018-08-27;82100400;19662300;505776000;28580000;17921900;71380000;13768000;47729300;4106900;7194900;6671900;3901900;4325900;2614000;2452500;21120900;3941500;9581200;2627100;4770900;2279500;9324212;196189500;62900;464600;4242900;658400;2067500;26240300;12578000;29325300;174273000;2550200;325058400;;2521300;5814800;3166700;12253300;2865070000
2018-08-28;91107200;19151500;475384000;27330000;15910700;62014000;8302600;38539000;2951000;4925700;8823400;4685700;6037500;2603900;2516800;29949000;5405200;8476800;2138000;3234000;2475100;12325524;114736500;14500;653100;2253300;578500;3616900;15634400;24952700;30059500;92226000;2240200;215771200;;3516300;5266900;2885200;15475700;2687770000
2018-08-29;109019200;20818000;420108000;36926000;18494100;130636000;7221700;46401800;1911700;5192900;8004800;4101700;4648700;2880600;2949500;23588400;4520400;12410900;3168200;3369900;1850100;9971648;111711000;20700;308900;2645400;638000;1552800;36924300;11874300;26962200;81187000;3172100;143223200;;2488000;9018600;3176900;17307700;2805520000
2018-08-30;195175200;22798700;346608000;30104000;24216500;145546000;8991800;47358900;1963700;7804600;7450900;3353000;4821900;2976300;2928600;21176100;4549700;9716500;3038400;4773300;3257700;9320414;108250500;23500;287500;1634800;1831500;2074500;24320800;12027500;42548300;109810000;3083000;103607300;;2825400;14441000;4737900;15154900;2810450000
2018-08-31;173360400;23222700;306592000;42308000;18065200;84088000;13065700;49266000;1965500;5786600;10700000;5287000;6139500;2961500;3278900;18974100;6674900;19834100;3649700;4552200;3462700;10517216;80626500;10400;530400;1103900;883300;1501400;23759500;11166900;36310000;79434000;3020000;65206400;;4023300;6210500;4526200;17844100;2887220000
2018-09-04;109560400;22634600;391720000;41458000;29809000;114422000;10174200;44745600;2083500;7638100;8855000;4590900;4406800;2097300;3107000;24842100;5800700;11138500;3296300;3955600;2699400;9355782;125257500;31000;525900;1713000;708100;3222100;17460900;13024100;38674400;76052000;3776500;192541300;;4612800;5310900;2775800;17289000;3087420000
2018-09-05;133332000;32872400;393156000;53988000;31226700;164412000;11462400;48516700;2092000;11363400;13878400;4619400;6174800;2230600;3366600;28423800;7651900;10554900;2749200;4579400;2959000;11491355;115812000;10900;322400;1219400;1269200;2562900;20013900;15310700;33280400;130928000;3869500;257349000;;3667100;7287400;3708900;16437700;3248780000
2018-09-06;137160000;23477600;322796000;46854000;41514800;149774000;9877600;42666000;2651400;9589200;13320600;8191100;6562000;2556100;3180700;18452400;7541100;11439400;3133800;4588100;3585900;8475812;112212000;22500;449500;1916200;992900;2625100;19029900;11997700;34053600;130502000;3032800;143942900;;3490400;4190300;3601800;18456100;3144240000
2018-09-07;150479200;22498600;295420000;32658000;24300600;97852000;10955600;49103800;1952900;13626200;16417800;6637800;6375200;2958000;3822900;20017200;11110900;10208100;2868300;4173400;3921900;9570746;337378500;22600;568000;1312000;554500;3224300;24111100;24421900;29507200;91058000;3298500;123348700;;3672700;3866800;4050100;20513900;2976580000
2018-09-10;158066000;20727900;220140000;27670000;20197700;90896000;8276900;34156200;1948100;5362700;10817900;5870900;4892200;4146200;2950800;24997800;6783000;8568900;3080100;3069100;3065500;9050656;214252500;7400;153900;1301400;426200;2242100;24298600;14636000;27575200;57522000;3326300;162253800;;5586600;3872300;4137200;20390600;2751100000
2018-09-11;142996000;24301800;243112000;29254000;20457100;100672000;9333800;53071000;2719400;9895900;11891900;5605300;7856800;2283300;3516400;19390500;5210300;9278300;2946400;2583200;2731800;8378597;137550000;32200;152000;1333400;568100;2082300;26159800;9501100;40350400;61981000;2728500;159902500;;5969500;4151000;3601500;14877200;2904500000
2018-09-12;197114800;18891100;419092000;35716000;24078100;88280000;10800800;59482300;3577700;6964100;11556300;5067800;6767700;2236300;3926000;17700000;5925200;13216400;2613300;5630600;4003800;8385211;150231000;16300;200100;1463800;696300;2609600;19195500;12638300;34164500;104808000;2291300;197889600;;5660100;5180800;3463200;17058700;3341280000
2018-09-13;166825600;26055600;305536000;40068000;25453800;72430000;12470800;59219500;3003600;5803400;11162700;6297700;6456100;2734500;5167400;22958700;5328400;8294800;3663600;3670700;3166500;11408558;95104500;19700;199900;1025900;532100;3187400;19301500;24617700;35991300;83661000;3898000;304147100;;4701100;6213500;4071600;22124400;3274090000
2018-09-14;127997200;19122300;386936000;24176000;21770400;72840000;10337900;33743900;2228300;4928300;9442600;4947800;4534800;2084600;3103100;18958200;5004100;7612900;3939800;4699600;2835800;14600045;101484000;12000;184000;2329100;745400;1461400;15550900;13450700;37785100;47564000;2638000;217762800;;3622400;4615300;3279000;20066100;3179410000
2018-09-17;148780400;20736500;205528000;34096000;21005300;141004000;9561300;35026600;1918800;7708600;8403300;5560200;5295500;1940400;4972200;15989400;7098800;8527300;5360000;3827100;2554500;10573242;103314000;4600;206200;3265100;530900;1777500;28177700;11558300;38350100;70719000;2500900;180410600;;3074700;3899600;3076900;29225000;2967980000
2018-09-18;126286800;22170900;299520000;32314000;22465200;85374000;7944200;49921700;2498100;5692100;9219900;4966300;4581200;3557000;3668800;20279400;6022800;9847400;3722800;4496400;3003500;8950101;248212500;20200;184300;1166700;827900;2478200;26501900;11692000;30171400;104140000;2851000;176673200;;4338500;3749600;3576600;33451100;3091190000
2018-09-19;108495200;21728400;224860000;25962000;19629000;81136000;16052800;92666300;3716500;7432300;10413600;4855300;5049900;2274300;3270400;17025300;6157600;7119000;2822000;6000100;4753400;12958354;124423500;194900;207100;991000;799500;3317600;18506100;12383200;31667900;118768000;2883000;124287000;;2579100;5546000;4288000;20904800;3302460000
2018-09-20;106435200;23714500;430584000;29244000;18936000;63098000;15590000;83357400;2503000;7172700;11198200;5846700;5019300;2095000;3762000;16656900;10053000;9736700;3218700;6774100;4011100;18430204;110241000;18900;212600;1311700;520600;6404500;13528300;12013900;28576200;67681000;3108500;123116500;;4020800;4655600;5340200;26973500;3406520000
2018-09-21;384986800;71229700;435128000;91222000;45994800;137118000;24788200;85992100;3760300;15628100;26639400;13703600;13283400;5671600;5333700;28590300;17402500;19240300;8805500;5932100;7144000;19910349;75757500;62800;255100;2235500;643800;2754500;22520300;23465400;34874000;119306000;7177800;129792900;;9749200;17991600;13363200;50751900;5652470000
2018-09-24;110773600;27334500;293912000;31150000;19222800;84274000;12492500;45587700;2057000;6706700;13549500;6534100;6708000;2699800;3095500;16011000;6389400;10778900;4375300;3844500;2800200;31005079;72645000;25200;278800;1512000;1042500;2471300;20229800;15446100;36579000;93225000;2520000;118332600;;4623700;5082100;4539500;23906100;3392030000
2018-09-25;98217600;22668000;280388000;33152000;27622800;90768000;9308300;40949900;2003200;4230700;12200700;5396400;7982800;3789700;3775700;18579600;5657200;7919100;5282900;3454600;2969200;27896911;67225500;44900;107400;1675600;800300;3001400;16063300;20741900;24865600;67998000;2181300;118570200;;4443300;5699600;3280300;18665800;3330880000
2018-09-26;95938800;19352000;268548000;37650000;25252200;86270000;14023600;57882400;2372700;5852400;10275500;4231400;7133300;2238000;3707300;17755800;6581000;10162600;3092600;3096100;2368600;19483739;117648000;100000;154200;1420100;949700;2289900;18813400;11306000;33100000;137997000;2963600;79347300;;2965800;4079700;4122100;18131000;3417540000
2018-09-27;120724800;19091300;214428000;36274000;27266900;86588000;13283000;45879700;2451500;5868500;7895400;4533400;6450500;2761400;2093700;16090200;6277600;10826900;2390700;2674100;2355900;17151231;127636500;37200;127500;1486500;1018500;1763600;33441600;12498300;31156300;73262000;2645200;87934400;;3218800;3930300;3053500;17993500;3101360000
2018-09-28;91717600;21647800;709396000;35612000;34265600;81702000;15815100;74707600;3097800;6035900;9884900;5202900;6638500;2875100;2812300;18918900;5125800;9071900;3390200;3599900;3600500;15978112;504745500;41600;110300;1349000;487300;2353200;29971500;20080800;27047700;71149000;2955000;165453500;;3966100;4607700;4482500;16234200;3461680000
2018-10-01;94403200;18883100;622060000;33164000;26407700;69210000;10146300;53900900;2451300;9802100;8566900;5348200;4871800;3314500;2707500;14982900;4899900;9364700;3118200;3736300;4755700;64290209;326664000;18800;175900;1920100;875200;1736000;17691600;9340200;17510800;83766000;2955500;94742900;;3670500;4297600;2993000;19217800;3375890000
2018-10-02;99152800;20787200;383964000;40180000;36031000;108014000;13753100;42940300;2272700;8047500;8453100;5445400;6439100;2777300;3787900;23263800;7390900;7462700;3071200;4344000;4622600;31029263;176152500;8300;169100;1451800;1053700;2061600;52974900;9221200;53247700;86387000;3060700;145276500;;4428000;4137000;2934800;22406800;3432620000
2018-10-03;114619200;16648000;320552000;26246000;23109500;105062000;17142000;61080300;2573900;7521100;10206700;4479500;5411800;3002200;5097200;18982200;7958700;10542300;3830300;6043300;4794300;17311880;119925000;6600;210700;1465300;716700;2185400;71224200;7079800;88000200;57986000;2662400;190137200;;4162500;3561600;3275100;21207600;3625510000
2018-10-04;128168000;34821700;391220000;46576000;25739600;145140000;16357400;72325700;2903600;9208900;10204600;4824300;4738700;2186600;10940700;18135900;7029900;9582300;3230400;4130800;3822300;15631315;147213000;49800;457400;2272600;595700;1954900;43445000;8599500;41792800;90744000;5664900;95831200;;5996200;6206400;4428500;19034000;3510370000
2018-10-05;134322000;29068900;426636000;31852000;25744000;136446000;13777600;51931000;1722400;7085700;9217400;4318000;4309300;2045700;8330300;20080200;5454600;8734100;2822500;4955100;2899700;31541445;269167500;51000;251300;2413200;635300;3675400;43524300;23411300;45405600;135230000;4268300;88008500;;5016600;4963600;4075700;16900200;3340820000
2018-10-08;118655600;29640600;408612000;46190000;24046000;147864000;14370900;47471600;2522900;11637300;13242400;6267700;5174100;1865000;6002300;17287800;7192300;9808100;2560500;3463200;3324000;36025406;202090500;20500;338000;1820300;1110100;1920400;81787500;10104600;84516900;123755000;5611000;103789500;;3731800;10238700;5641200;16295800;3381820000
2018-10-09;107564000;26198600;273500000;33690000;18844400;95458000;14069500;58868600;1862900;10798000;10177900;6797900;4475300;2510100;4716000;34796700;6268100;10824500;4157900;4996900;2862700;23046331;180909000;25900;188200;1805800;495600;3889500;45985100;10329200;43459100;87550000;5659400;105461800;;4466800;5593300;4516500;19009800;3531690000
2018-10-10;167962400;61376300;684940000;58980000;30610000;219778000;23086400;88454400;3955500;15450100;16573400;6504400;7265600;4267300;5602900;27008400;9295800;13917000;4190500;9419300;6033100;19185019;192229500;34000;261600;2657200;835200;3665500;44912900;22296800;39068000;171831000;8455000;147682900;;6157900;13660600;7922100;20885400;4554260000
2018-10-11;212497600;63904300;725436000;67696000;35338900;278718000;33705600;111417300;6217400;15657200;20320100;8589900;11603200;4558500;7226300;29779500;12560300;17677900;5430700;7608300;6266800;24238585;122515500;17000;256500;3933800;945000;4585300;51749100;25852600;43813700;160821000;9185200;147013800;;5831400;10499300;8322700;26387600;4914090000
2018-10-12;161351600;47742100;608236000;49370000;25293500;188892000;32075700;102279200;4161300;12993300;15216300;7450700;6998000;4006300;4519100;25661700;9878700;12420100;3446100;5596200;5509700;25708943;108021000;172500;357400;2547000;1350700;2658300;25930000;15760900;36656400;148708000;6160300;111059400;;5450200;9371700;5734700;23152800;4024010000
2018-10-15;123164000;32068100;449760000;30074000;15433500;128744000;18903200;114636100;3333800;7953000;10558800;6047300;6398700;3583400;3884700;24916500;9691500;11608500;4265900;3741700;2979800;13070635;93000000;15500;160500;1885000;1291400;2768600;33498200;12314700;31467100;112150000;3969200;70523500;;3642800;6040800;4541100;15693400;3327160000
2018-10-16;116736000;31610200;408712000;38378000;19180100;117198000;19302800;87887800;5924200;11059500;9781800;4846100;9592800;6453600;4192800;33725100;9462600;10442500;4094700;3573400;2822500;18046308;142896000;17700;266300;1693400;1242200;2205400;27006800;15931400;26889200;201564000;4694900;92529000;;4057400;5383100;4776200;13600200;3460260000
2018-10-17;91541600;26548200;329668000;35652000;17592000;105904000;18794500;79068700;4953700;9170600;12247700;6978700;8261100;3985100;4402100;28618200;10375300;11055800;3608400;4807500;2238200;17409325;129832500;6700;142300;1009300;536900;2943300;28070300;14779100;28501000;326109000;4431200;89466900;;8985700;3377900;3807800;15071100;3347090000
2018-10-18;130325200;32506200;524020000;46152000;21675100;117480000;17582500;77369200;2995400;10222600;17448600;7391600;7583900;3132100;3619600;34195200;9869500;12716900;3378600;10250200;3254900;17010175;81318000;36500;237200;1471900;499100;2767200;25860600;12218600;35402700;184610000;6264500;79623700;;9262000;5338200;3144900;15084800;3639300000
2018-10-19;132314800;32785500;613608000;41286000;19761300;118144000;15234500;64305400;2759100;8696900;12098700;7944400;5924800;3336600;4224000;26852100;30276400;13989200;3510000;7055100;3491600;18108844;140632500;18500;128900;1550500;418400;2101500;26798200;10673000;33204400;167172000;4832500;130799900;;7004300;5141600;4814500;17768400;3593940000
2018-10-22;115168400;26545600;368844000;27116000;15424700;90000000;16199100;89942900;2736800;6099500;9474100;5644900;4864300;2618100;2938300;21368700;14124100;14283600;5703500;7858900;2263500;10483914;84004500;5200;141100;2028200;580900;2054900;20625600;12890400;23374300;170972000;4045100;114158900;;4866700;4234900;3252400;16480200;3331270000
2018-10-23;155071200;43770400;626436000;37686000;19095000;134478000;21407500;102392500;3318200;10736100;15465100;8095300;8282700;4081800;3757000;28217400;16269500;17483900;12918300;24113300;4389600;17086295;285417000;29000;221600;2522600;505600;2484700;29222200;13441000;30560700;149073000;5076800;101763000;;7004900;6462000;4705700;18921500;4373710000
2018-10-24;163702000;63897800;884288000;49286000;27744600;138568000;23168900;86386600;4152700;13849600;16085700;8035200;8279200;5265600;6739400;31094100;26703500;21626000;7866400;15304200;8442600;17394134;300874500;20500;174700;7129700;490800;3465900;28668900;23384300;37306500;190393000;4415900;134489100;;6791700;7251500;4705900;20028200;4738670000
2018-10-25;119423200;61646800;951720000;72956000;22105700;205714000;17464700;73780400;3179700;14985900;12315500;5734000;9720700;4675600;4114800;32211300;14647000;14220200;4646400;13568900;4003500;18412572;312610500;106800;179000;6733900;601800;2582900;29704700;20385700;37577300;133469000;4940700;189173700;;5228000;7792900;4571900;19349300;4663930000
2018-10-26;189033600;55523100;664784000;106438000;31303300;299276000;19174900;91103500;3557900;12034900;18160100;8035500;11371400;4830600;4464500;44776800;14335900;21458000;4741600;10820400;4073000;24541312;411382500;14200;201100;3109500;725100;3774100;40901600;17049300;49430200;196160000;6523600;119689000;;9472200;7457000;6734600;23088700;4804330000
2018-10-29;183742000;55162000;758016000;81290000;31336800;277322000;18445200;89367000;3278200;12768200;15707000;8598300;6783000;3697700;3587800;38118300;12878900;20932200;3485200;8069600;7462000;25007880;217290000;13200;168200;2243100;956200;4223400;59941500;14778300;74208200;216988000;6623800;94479600;;5918400;9212500;4936400;19248700;4701260000
2018-10-30;146640000;65350900;807192000;59768000;50528300;249202000;18019700;79004800;3897400;15107600;17758200;7523800;9646200;4169200;3325900;38125500;13844000;20895400;5582900;8057600;5774000;71983559;136900500;30200;349000;1496500;868600;2822800;41269500;18865300;50214700;236857000;9239200;99049400;;5657100;10037900;6054300;24438200;5125600000
2018-10-31;153435600;51062400;745772000;70916000;60101300;187804000;20860000;92296300;4369600;13205300;16629100;7429800;9968900;4230200;4349200;37064700;13362400;25309400;5424700;10341300;4175600;42124411;114364500;52800;206300;1791700;1042300;3232900;29986200;12917500;30450200;203603000;7683500;110463700;;6339500;6666400;5663000;21082900;5133380000
2018-11-01;233292800;33384200;566528000;40132000;25640800;162710000;13065000;49827300;2557600;16024000;14159300;10572000;6913500;2771300;3639400;23205300;9732400;16494500;3701200;10138900;3760700;49320916;120001500;38700;220100;2338000;845900;2587600;23031600;11003900;31287100;151215000;4439000;136896500;;5225300;4668800;3895100;17764900;4730250000
2018-11-02;365314800;37680200;452960000;43438000;24708700;139110000;19009200;69010200;3699000;17063100;19350400;9890400;7673200;2593600;3577200;21909600;11336000;17584900;4190900;7683900;4029800;54985507;117120000;31300;237100;2314400;1361400;2326600;20162600;13707900;27696700;134046000;4261500;123788000;;4730600;4481400;5060000;17289300;4261230000
2018-11-05;264654800;27922100;379332000;45358000;15971200;112494000;10276400;41103100;2565200;6280000;15815000;8758700;5601400;3287000;7368600;22850400;12270100;16543500;4747300;4844200;2253900;25955269;117465000;14200;229100;1393100;386500;1946100;20925400;13373800;26228400;102830000;3110800;108016700;;3885300;4629900;7667600;13125800;3650910000
2018-11-06;127531600;24340200;299012000;28660000;16667100;85148000;10825000;43514400;2275600;4732700;9063200;5273200;5798900;2582400;6803700;19106100;8857800;14373400;4864700;4728200;2471900;23563834;101443500;14000;132200;1177200;593300;1723500;24067100;8774100;20868800;97104000;2916000;144995700;;3338800;4667100;3879800;12362700;3543800000
2018-11-07;133697600;37901700;483812000;43388000;21877400;163844000;12679600;56679200;3514300;20502100;12699800;4848800;7173600;5796800;5875400;26017800;9019800;12239700;4363900;7551900;4015300;25878418;110617500;24100;160800;2555600;549200;1694500;25700600;18493500;24031500;133283000;4922800;121115800;;4673400;5804000;4741900;14329800;3929080000
2018-11-08;101450400;25644100;511352000;33694000;24145800;130698000;11662500;49421200;2404800;5927400;16865500;9532400;5497100;3809100;3666300;17884200;6614400;9762800;3318600;6269400;2751800;33760858;106360500;12700;113900;1045000;568300;1865400;26125200;32155200;27677600;110239000;3922200;92387600;;4054000;3986700;4166000;11966600;3673550000
2018-11-09;137463200;32039200;413240000;34860000;17326900;118044000;10432200;43270600;3721700;8339800;15070100;6565700;5343100;2904300;5054400;25351200;10713500;12398100;3237000;7248400;2590300;57077908;76482000;34500;142500;1602100;427900;2856300;28162700;21745200;28157700;134808000;3229700;85900700;;4761100;5252500;3971700;15316100;4029030000
2018-11-12;204542000;33621800;617116000;34002000;18542100;136124000;13279700;50307500;11019400;11335100;11906600;10550800;7013600;3140600;5078900;26829300;12522100;13918300;3080800;5870100;3088700;51161628;104122500;27800;370600;2374900;596300;2331900;18146800;24447800;18621300;109248000;3507300;95948200;;7590400;7571200;3355200;14374400;3701570000
2018-11-13;187531600;35374600;644712000;25750000;15141700;118666000;13746100;57423400;6984800;6287000;15530200;6846200;7432300;2516900;4239700;23870100;13438700;13872900;2358100;5820200;4960000;42945997;81729000;21400;159800;1634400;396400;2187200;41991600;20883800;34308600;122322000;2852000;76126000;;14274000;6176300;4089600;13550600;4112820000
2018-11-14;243204000;39495100;526580000;34666000;22068400;129738000;18361400;69213300;5742500;6613900;18552100;6783500;6433100;3511900;5392800;31445700;11623000;12106800;3407500;5516300;3445800;35507986;75604500;26300;158700;3460000;614800;4223600;27390300;14071900;29037700;168536000;3218600;106344300;;7561100;5729600;4409100;16094000;4449060000
2018-11-15;185915200;38505200;840708000;41584000;30320300;168546000;19100000;66174800;4260000;8565000;18976000;7218100;6657900;3657600;4796800;48247800;12506000;12080100;3351100;5815200;4863000;26807841;69385500;15900;264300;1871900;624700;5689000;19312400;18856300;32587300;99671000;3424600;97715500;;8663100;6468700;4258800;24922800;4204960000
2018-11-16;147713200;33502100;1963520000;35366000;37250600;121322000;13798600;52456100;2829600;8628000;13704900;6706900;8494300;3857800;4766400;42705600;13013500;13405800;3759500;5957700;4425200;36851582;108093000;22700;308700;2693800;450400;2287800;20144800;57303300;34930100;90995000;2939500;112376600;;6834900;5126900;4347900;20929600;3996970000
2018-11-19;167701200;44773900;1697820000;45684000;44362700;155800000;13987000;46000000;3419100;16253000;9430800;5328300;8714600;3670800;4869800;27643200;9458300;13575800;3745900;5385600;6782800;30898119;145633500;6200;366000;1649600;519800;2030400;22689400;20321400;23061800;129938000;4488100;93578200;;6203400;14284700;4321000;19520500;3806940000
2018-11-20;271300800;64052500;1692032000;54458000;41939500;217576000;18936200;92330600;5513800;12720200;15533700;7983500;8937700;3617700;4877300;37861800;12074000;16255300;3708300;7746200;6875900;29903260;120070500;14900;311700;2044400;1136800;2205500;25455200;20658300;26755100;166938000;7892900;109869400;;8661000;13829500;7680900;19389600;4370820000
2018-11-21;124496800;28130600;1025496000;29698000;25469700;114336000;10619600;40364400;4111700;7416300;9685300;5624400;10275400;3234300;3619700;28052700;8911800;13559200;3410600;4759500;4401000;17620011;70302000;13200;159000;1379900;692000;1078800;20458600;13015500;18089800;110230000;3950200;81585600;;5752100;7311300;2840700;13859500;3237400000
2018-11-23;94496000;13823100;411968000;14178000;11886100;54152000;6488400;22974100;1862600;3676000;10875400;5577800;3404900;1159300;1897000;14670000;4399600;4792500;1747700;3130100;1599400;9070771;63039000;12800;63700;1701500;480000;1927000;27162200;4671900;9435500;52451000;2601000;54611300;;2711000;3009600;2274000;7807300;1651680000
2018-11-26;179994000;32336200;814832000;31558000;24263600;125154000;13948300;53210700;3143300;9144600;13741100;6953000;7590900;3879800;3296200;30103800;8171400;9341900;3843300;4696600;3362300;33103782;119881500;11300;103900;1171400;644200;2004900;26476400;10373700;36574900;124986000;6917200;83211000;;6140500;9321200;3973900;21603800;3523520000
2018-11-27;165549600;29124500;738060000;33048000;20750300;115664000;9238200;43617100;2345400;7877900;10344500;6339200;5962100;3497300;3263200;27126900;9023400;9180700;2194200;4049400;2946400;23037755;95374500;5800;105100;1530800;391100;3035500;24560700;9719000;30179100;111495000;3976300;119230100;;7084200;10558800;4050600;28054600;3494380000
2018-11-28;184250000;46788500;804524000;46042000;29847500;169174000;13977300;61388100;3762900;11265100;11482100;6841700;8411400;5044300;4814500;30212400;8093700;11368700;3279500;5745200;6117600;25938200;61914000;11000;168300;1614800;658500;4852000;23629900;17483500;27656400;148013000;6203000;134425300;;7133600;25705400;4013400;29352900;3984540000
2018-11-29;167080000;28123200;549172000;31004000;24238700;132264000;11144300;46824600;2665700;8751500;10255200;6656900;6900000;4177800;4688300;18723900;6126900;11564300;4617100;4999600;5331900;25745417;46210500;8300;156700;1127400;616400;2592200;21210400;26949000;18644800;154315000;5447700;79853700;;4329300;7763000;3960900;17052100;3599200000
2018-11-30;158126000;33665600;729564000;59668000;25732600;115236000;18652700;64284600;6220000;11362800;14040100;6712500;12517600;6143200;8965600;31992000;16291800;25538200;6635700;8458200;5374000;39037109;84436500;24000;160400;2223500;915400;3802300;16435200;18197800;20153500;118601000;7944700;82370700;;8942400;9401400;5153200;22884500;4668310000
2018-12-03;163210000;34732800;890804000;57532000;24819200;137246000;16034500;59908700;4017000;11285600;19415100;8237600;8827200;4178800;4290100;27246300;13934700;14877200;4401700;9365800;6573400;27268484;124597500;24400;185100;2174000;788900;3330800;23142800;17114500;23197200;141174000;6599900;139607400;;7610600;7358900;5153200;21966600;4221580000
2018-12-04;165377200;45197000;812112000;45630000;30307400;173890000;23555900;103565700;5797500;13988900;18540700;8288100;9803500;4635500;5676600;31278900;11123600;19059900;4436200;8113400;5199100;27820875;126928500;13100;184200;1738700;718800;3466400;22692300;15836500;27673800;128006000;6628600;127392900;;7059600;6978400;7689800;24643500;4515710000
2018-12-06;172393600;49107400;692308000;47436000;28218100;175788000;27213900;133294200;5275500;16391900;23218100;10715700;11572500;6694600;5064400;31101600;14199200;17674900;4878000;6595200;9297400;23571659;117637500;12000;192500;2981500;600800;3785200;27537600;18203300;33901700;130743000;6558900;103434700;;7571200;9186600;8386700;39877000;5180430000
2018-12-07;169126400;45044900;681676000;42682000;21195500;151522000;19248600;107477600;3921200;14007700;16224700;9114400;9444500;3506900;4128100;25489500;7996800;15565700;3088000;6413700;4526300;23887657;172668000;2600;149800;2011000;390000;2450400;22208300;17054700;32676700;124667000;4968100;105764500;;6226100;6225300;5483500;23978000;4242240000
2018-12-10;248104000;40801500;629472000;33652000;26422200;149896000;23636400;110166900;4528300;15744300;17946200;7674300;6848100;4061300;3832600;21830700;9307600;12331100;3084900;5970900;4400500;23545806;99202500;23200;108400;1815700;446900;3905500;23437300;20484900;31767600;96056000;4101000;77984500;;5373800;5897000;5593700;26375500;4162880000
2018-12-11;189126800;42381900;671912000;33852000;20300300;124894000;16860700;78545000;4713900;12466300;15742400;5929400;9857400;3102800;3806800;19357500;8743800;18083600;2889100;4449900;3566400;25995248;94632000;13500;107100;1239100;591700;2923600;20167100;13116300;25738200;98432000;3582400;88027400;;5229400;4548700;4483700;22680200;3963440000
2018-12-12;142510800;36183000;654136000;28960000;23696900;131960000;22621500;87191800;3677300;10387200;14559800;7891400;8869200;3167900;3758800;28917600;9644000;12316900;3024600;5544100;3424800;22080622;75405000;4200;462500;1489700;487800;2711200;21401800;13246500;40400100;114567000;5160100;100340700;;5912500;6794300;4164200;21404000;4029300000
2018-12-13;127594400;31333400;471384000;24986000;18148600;105426000;17250900;64860100;4008600;8780900;13749700;7030500;6008300;2350400;3609900;24126900;18541300;13766200;2737500;4544100;2247700;43251895;110488500;6800;106000;1918500;721500;3038900;13014700;8949900;26322000;83793000;5246200;88108300;;6102200;5122800;4508000;23295400;3978340000
2018-12-14;162814800;47043100;471820000;36358000;21785800;127344000;19879500;92762600;5078300;9351200;12669300;6195400;58140200;3360500;5306100;34480800;12657300;13835900;4450000;4483300;3298400;26875823;95064000;10400;171900;1614500;497400;3038300;12513800;13551000;25352500;99153000;3801700;84713600;;4265200;5354400;4995200;21434300;4064370000
2018-12-17;177151600;56957300;662868000;49932000;24334000;176596000;25113500;98602800;8395800;11796200;15464100;7132400;36933100;5806800;6121700;27005400;12427600;18482700;4566700;5662300;4968400;27069962;115110000;10800;208500;2263700;535100;3151300;17165700;16648200;31486000;96347000;5459900;115437900;;5631700;8392400;5991600;30441100;4661420000
2018-12-18;135366000;49319200;564372000;43640000;24709100;130460000;20837200;89046300;5150800;12761900;18681200;9658600;24640100;5065500;6864400;28820100;12250600;14765700;4269000;5377900;5881100;30626065;106500000;58500;252300;3584800;454800;3534100;22750400;12384200;21913600;103501000;4345200;101512900;;4462200;6668400;6593100;42855600;4519190000
2018-12-19;196189200;68198200;745364000;58264000;57404900;175844000;28767900;121887600;5316100;13819000;21679600;10472400;21232100;5468500;8362800;36694500;10825600;17903800;3883800;6416500;4871500;45795945;124113000;11900;144700;3392500;747800;5236100;34042000;17376400;40627600;137884000;6100600;120644500;;6996900;7350700;6278800;34397300;5152830000
2018-12-20;259092000;70334200;749588000;53674000;40297900;199836000;31825200;112594000;6488200;18091700;28723700;11612800;16609600;7311700;8362300;49121400;14439200;21130000;5775300;7563500;5368600;38050283;136078500;29800;447100;5164500;489500;4521400;24607600;21742300;37896000;167929000;6562600;119394500;;7675600;12265100;8976100;35165200;5619780000
2018-12-21;382978400;111242100;863740000;104656000;56901500;272806000;41313900;160800400;8960000;25448600;47287300;19912800;19732900;12209700;13154500;44764500;24030000;32477700;8536900;10034100;7641700;38738388;120252000;48200;544800;4818300;1423600;4374300;21219300;38202300;26578700;213976000;8374300;132246000;;13034100;12568600;14907700;58768400;7657890000
2018-12-24;148676800;43935200;463840000;36360000;22066000;144400000;17009300;64859100;3783500;8617700;14262800;5619500;7531900;3091000;3284000;18330900;7396300;10733700;2400900;2986600;3435300;14608516;83398500;4300;103900;2415100;1005400;2174900;7663400;8275000;10079200;95476000;4351900;62933100;;4547400;4721500;5020600;17230400;2613670000
2018-12-26;234330000;51634800;695100000;46318000;39723400;208236000;22542900;100877800;7054700;13499500;24887700;10779400;9253000;4159300;3792400;30084900;8630900;14342600;4065500;5093700;4843400;27092394;122446500;30200;235400;4231800;1031400;2372400;27181900;18451600;23611100;144027000;5261400;108811800;;6141500;8110900;7158200;21428900;4249740000
2018-12-27;212468400;49498500;637044000;45996000;31202500;194440000;20304700;91575400;4973000;10883000;22077000;10655100;9918700;4295800;4101600;29644500;11360100;16966500;3934500;4599000;4341100;24993253;128626500;46300;158400;3389300;579300;2937300;14140700;15804800;16442500;122352000;4695200;111373000;;5069300;7967700;7386800;19048700;4139010000
2018-12-28;169165600;38196300;628728000;34398000;22627600;176580000;17963300;78693800;4110500;7381300;19710600;6445400;6537200;3312700;3984000;29622000;9611800;13218200;2896800;3813500;3725200;25388083;149085000;14500;180100;3059200;736200;1879700;16520100;12749600;32681400;109928000;4830300;109214400;;4552000;7276200;5420600;39141200;3728440000
2018-12-31;140014000;33173800;465140000;33110000;24625300;139090000;13237200;56257300;4550000;7976000;15807000;6309600;7409900;3123200;2731000;21017400;7239500;10576300;2482600;3455200;3557700;22610937;94534500;48800;131200;3309400;390300;1894100;10571600;8877000;10646500;135089000;3658500;84732200;;4206000;5467700;5451900;14932600;3461920000
2019-01-02;148158800;35329300;508752000;31868000;28146200;159662000;15670900;71836300;3999400;8788000;16727200;6384800;7631700;4063600;4247100;24458100;9843900;11603700;2571500;4783200;3292200;26991297;174879000;42900;178600;1367100;349000;3149600;31001800;9896600;41926700;116795000;4294000;87148700;;4242900;4783900;4802100;14320400;3733160000
2019-01-03;365248800;42579100;705552000;41960000;22717900;139512000;16286400;66599600;4060200;9428300;13866100;6496200;8654500;4623200;4203300;24831900;9820200;14714400;3728200;6165800;5705600;25654795;104478000;44400;411900;3774600;564400;2501400;25681900;14422200;24851700;149696000;5070900;117277600;;4810500;6365700;8540600;19868700;3858830000
2019-01-04;234428400;44060600;585620000;46022000;29002100;183652000;16935200;83829100;3788300;11065800;16043600;7952500;8831700;5367600;5795200;24087300;10565700;13013700;3194300;5456600;4448800;25056937;110911500;17000;247500;2995900;606600;3196200;21083900;14177300;40899800;193301000;4452900;111878600;;4762600;6650600;6611200;20984000;4234140000
2019-01-07;219111200;35656100;709160000;47446000;20089300;159864000;15430700;57016300;3152100;12928000;10844200;5712700;8404700;4133000;7749600;23369100;9012500;13135500;3283000;4653400;4030300;37493322;113268000;10700;208900;3158600;467700;2791900;37305100;12352000;26407700;186201000;4219200;107157000;;4928800;9064800;5423000;17967900;4133120000
2019-01-08;164101200;31514400;786016000;35414000;26263800;177628000;13578800;67339400;2692700;9243000;11439000;5674900;9351600;3618600;3428900;21602700;9551300;15420700;2941400;4202600;4736500;30669237;105127500;15100;131200;2291700;500900;2997600;17556900;12110000;23524800;153592000;5069700;121271000;;4722400;9057300;4476800;16255700;4120060000
2019-01-09;180396400;32280800;617260000;26998000;22205900;126976000;14230300;69707200;3321400;9987600;13473500;7097000;7403500;3425400;5820100;18816900;15015600;18032500;2680700;4865600;4213900;24268716;81493500;7800;339300;2171800;590200;4223900;19822300;10971000;38010000;133432000;5471500;163944100;;4922000;5445900;3607500;19100200;4088740000
2019-01-10;143122800;30067600;523156000;26598000;16125000;130154000;14376100;65235800;2808700;12514900;13151100;6078300;6224400;3374100;4282300;28188900;11102300;15976600;2498500;3418500;5358100;23441412;90846000;11900;183500;2108400;620200;2388300;15290900;10958200;31156900;134725000;3693600;115629400;;3605300;5116900;3627700;16652700;3721300000
2019-01-11;108092800;28314200;874764000;30864000;12908000;93724000;15439900;63476000;3182700;5860100;9790100;4491700;5300400;3967100;2648800;16183800;7166600;11088600;2348900;2908600;3158900;16832625;75586500;3900;255500;1631400;431900;1500800;10191300;12024300;13875400;195004000;2500100;85110800;;3285100;5185200;3535200;16397400;3447460000
2019-01-14;129756800;28437100;730168000;28490000;20520300;120118000;21258500;76715400;3361700;8666700;11012400;6121700;7374400;4955500;4404600;21255300;7952000;11514300;1886200;4482300;2476400;17043123;78709500;34700;140400;2924100;400700;1279100;9270400;9449400;21208100;104996000;3336500;71350200;;3871400;5815500;3954300;14869400;3689370000
2019-01-15;114843600;31587600;617012000;37518000;24069000;119970000;26504900;80625500;2911800;7594900;10298300;4226100;5194400;5325600;5097700;21174600;7834500;11342900;3860200;3224100;2940900;19626381;90849000;20100;164400;1624800;513200;2322900;12807300;17423400;19891000;211812000;3783000;62785800;;5016100;5350400;3206700;12142100;3601180000
2019-01-16;122278800;29853900;470104000;38280000;18025700;127338000;18533000;163131700;15194200;7258000;12595600;5624100;6264200;6069400;2920600;16230000;7964500;16907800;3375600;3636900;2731100;17583057;70375500;28800;386100;2208000;643600;1987200;14210400;13856000;18320200;153855000;3546300;70849300;;4075400;3936800;5069600;14114000;3882180000
2019-01-17;119284800;28393000;493436000;24896000;15787900;84178000;14247600;107428800;8177000;5864900;10141700;4442700;7632000;3583600;4401900;16843500;8044500;12044600;3061000;6878500;4270400;22074822;55150500;10700;214800;1267300;388100;1832100;15210300;18365000;22797600;188712000;2764100;85018400;;6499200;3743200;4161000;12711200;3802410000
2019-01-18;135004000;37427600;651336000;44892000;31029600;120410000;16428700;97928200;5650900;10263500;15759200;9382000;10593000;4844800;8887000;18361800;9100300;12760700;3498000;6122400;4256500;19350175;362262000;29500;451200;2524300;475900;2373500;16033100;28020000;29408800;266210000;4866600;88131000;;6371100;6151200;5941200;15930600;4009010000
2019-01-22;121576000;32371300;661552000;39632000;22378700;128336000;17083700;84861400;4648500;8102300;15035600;7242000;10568100;4052700;4377500;24189600;13518500;11700400;3190300;5188700;4336500;22571396;181000500;12700;331600;3550200;622200;3697600;11906100;17867500;30949600;179414000;4457700;78513700;;6272700;5203300;5397700;13318700;3923950000
2019-01-23;92522400;25874300;591020000;25194000;20098400;104504000;12146700;79425900;3410700;5465800;13187200;6082300;9267800;2971100;4012100;25037400;22869000;12058300;2530700;3123600;2924900;15104193;187950000;5800;177200;2062300;420500;2751100;11565300;33788600;28834000;134801000;3086100;77811300;;4910400;3335400;3705400;15551200;3358770000
2019-01-24;101766000;23164800;708972000;29114000;20955500;81798000;11296800;59492300;2631800;4924800;11272500;8470700;9917000;2927300;6946200;22829100;12146400;10272000;3214200;3943600;2801300;18848780;120183000;11800;140800;1512600;456300;2070800;10608600;32782700;30082100;111316000;2792000;97433400;;3860100;6734700;4074800;11442200;3449230000
2019-01-25;134142000;31225600;1154572000;23260000;22237200;98918000;14369400;72182100;3275000;9756300;8996200;6261800;7585100;2809100;4599100;21654600;10618000;12066500;4405600;6417400;3185600;23434130;108744000;12000;376200;2023200;469700;4541300;12509700;19516200;21799300;111529000;4677500;110239500;;4501800;4600800;3823300;16656600;3821000000
2019-01-28;104768400;29476700;2511528000;29334000;15508500;96754000;12283100;59963800;2369600;9857200;13678400;6886600;6927700;2837300;3590900;17627400;9765600;9966900;4138700;17421400;3128900;19120938;96349500;28300;214600;2615900;468600;3991900;24560400;24457600;30253600;86521000;3277200;135164100;;4091400;4054700;3718000;11799100;3630820000
2019-01-29;166348800;31490500;1153932000;19704000;17632100;92656000;9743300;51451900;2694100;7457700;10513200;5359900;6669300;2173000;3767400;15760200;9769800;11998600;3666700;8550800;3202700;23885070;69325500;7500;191000;1214900;453100;4308300;13686800;26266600;21493000;76552000;3661900;131202500;;3686900;3915100;2815400;10838600;3518070000
2019-01-30;244439200;49471900;974228000;29452000;44613200;115676000;12526300;66475800;2773300;8078100;11524700;7941700;7299300;3659000;4362900;35547900;7750200;12952500;9489900;7181600;12705300;18035624;168754500;72200;144100;1755600;575400;4056900;15787300;18124100;32022600;92345000;4079500;211421200;;5197700;4653400;4519900;13483800;3883270000
2019-01-31;162958400;55636400;842852000;40232000;77233600;218206000;17520600;100201200;5604500;20095700;19876700;11225600;17298100;4055100;5746100;44169000;16044400;32181500;10440100;6643300;6878500;72747847;188538000;17700;295400;2154300;733800;2706500;24818100;24736300;27113800;85355000;11316200;182575600;;5138000;8615900;8676200;20403600;4953800000
2019-02-01;130672400;35535700;625048000;33116000;30806500;230124000;13000800;64244100;3174200;13248300;22968700;10934300;9575200;3946800;4171500;37775700;12720800;19130100;6529200;5646700;5625700;33002372;109251000;18900;249500;1588600;495400;2254500;15004900;15533200;20050200;98278000;6470100;105356200;;4513100;5959200;5992600;14849600;3782490000
2019-02-04;125982000;31315100;528592000;78408000;20036000;98582000;9871500;55195900;2400200;11882700;15483800;7987900;7759000;3398900;4518400;21805800;11887500;15105700;4533800;4541700;4256600;21543088;110281500;15300;232600;1632800;358400;3742900;15855800;10880000;18766100;90514000;4397500;70843800;;3050200;5264700;3730900;12221200;3369450000
2019-02-05;144406400;27325400;542424000;82296000;22557000;89062000;12763000;46622600;2601000;8455700;12786700;6887400;6449800;3597000;8832400;18299700;9772300;12651900;4495900;3614500;7230400;21455283;101142000;8600;227400;1876000;451100;2551700;11779100;15454200;17413600;90466000;3091500;122226000;;4135200;4575600;4243700;13345500;3597620000
2019-02-06;112958400;20609800;702464000;48256000;13281200;78798000;8745000;35606900;2063100;6146900;10866900;4990400;5066100;2570000;7421000;12794700;8693900;8689100;3965200;3098200;5356000;25140965;75577500;60200;205800;2201400;501500;5543000;19404100;11052900;42121900;67177000;2698000;78684300;;3072500;4205100;3708800;9220900;3486590000
2019-02-07;126966800;29760700;637120000;38298000;17517600;92532000;13177500;62289200;2948800;10675300;14418900;7281900;6085300;2458200;7935000;21030300;8732500;10047800;4176300;3682100;5211400;22682446;97809000;9200;107500;2893400;332200;4054700;20246000;10623300;38518400;78645000;2742900;86723900;;2793400;4545500;4908700;14905000;4114040000
2019-02-08;95280000;21461100;461604000;21766000;12561400;113150000;12892600;50031300;2757500;5950700;11959500;5671000;4436700;4547000;16195100;18507600;7483200;9813300;4051600;3135000;4570900;24736786;87663000;47100;160000;2529700;908100;5001900;10686100;12461200;30687300;75614000;3248400;78129300;;2792300;3018700;4666700;11535600;3649510000
2019-02-11;83973600;18914100;495180000;18498000;12811200;66346000;10978500;47724400;2056500;7600100;10434800;4859600;4962200;4856200;7203100;16628400;8494100;9369300;3216400;2648100;3046900;14749801;106945500;7800;153200;1852200;559900;1903200;13448200;9971800;27476000;54549000;2974400;60578700;;3729200;7125500;3600100;9714500;3395330000
2019-02-12;89134000;25056600;591060000;35036000;16292300;97172000;12852300;49178100;2392900;6090000;12599200;5400700;6262300;4327900;6975500;17643900;11238800;10983300;4692800;4505600;3263300;14005879;82764000;24400;127700;1360600;526900;4602500;16769000;16637600;36852600;104294000;3411400;67595400;;3773200;5631700;3517900;14188500;3843020000
2019-02-13;89960800;18394900;605372000;28042000;14205100;71206000;10754100;48951200;2757300;6885600;13214600;5935900;7902200;3066400;12738600;16375500;11587200;12748800;5283000;3189600;3078700;20644401;77124000;252400;207300;1280000;228200;2570300;15030400;11004000;24779900;105591000;2996600;57544200;;4146900;5296000;3326900;11342600;3684910000
2019-02-14;87342800;21784700;827264000;21106000;12755200;82410000;11518500;47756600;2865000;6314000;12772900;5406500;3910400;3015300;17847000;21602400;7930100;58905400;4428800;2877500;2724300;19486347;78012000;9300;400000;1251400;373600;2474500;18571100;17895000;41495100;92953000;2875600;64441200;;2600600;5061100;3627300;11155300;3845390000
2019-02-15;98507200;26606900;1516748000;27826000;15504400;86878000;14716900;65867000;3065400;6536000;14330300;6209800;6665000;3673700;10366400;28443000;12069100;35701600;4648600;5217500;4017300;16347527;58573500;20800;591400;1683600;243200;2428200;11342000;12239500;27715900;92300000;2758500;78644100;;4997900;5282000;5044700;13822200;3648680000
2019-02-19;75891200;18038500;551892000;21980000;14345400;73634000;12764900;40841300;2558200;8406700;13551500;4277800;5935500;2486700;17861300;62091900;10098200;25511300;4765400;3881300;3051500;13264315;62526000;109900;337700;1193200;488900;2530100;11174000;8258400;22515000;73966000;2836700;57517900;;3828400;3883200;3204000;12357500;3535270000
2019-02-20;104457600;21607700;540988000;24090000;11770700;66752000;10030300;42806300;2266000;5283100;12633100;5940600;6089800;2802800;19880300;52895400;8947400;27464000;3707400;6199000;3990100;10151119;107131500;164000;204900;1347700;399200;2202700;16370700;12863700;32090900;81107000;3103600;57091600;;3970100;7047200;3309300;13440900;3904830000
2019-02-21;68998800;29063200;448548000;33272000;15607800;69668000;8400100;42754100;2785900;8573400;10266000;5139400;6665500;2554300;20798700;19239600;7444800;23121200;4391000;4051100;2880500;10335701;133638000;111800;149300;1280400;427100;2514600;13823400;7826200;31578200;62279000;3528800;49608200;;3094200;4463000;3661400;14759500;3598260000
2019-02-22;75652800;27763200;401740000;29436000;15858500;61924000;10647300;47887800;2626600;9680800;9519300;4517600;5223900;3191100;19574000;24260700;7925400;24728400;3073500;3485000;3132300;10587786;86109000;241700;174500;1340300;304700;2230100;11548800;13394500;21582500;70882000;3295300;52650700;;3321600;4175000;5575000;11689700;3429350000
2019-02-25;87493600;23750600;656020000;26208000;18737100;63690000;11230700;61227400;3032200;9731200;9274400;5196600;6846600;3679100;13682400;27705000;7436100;23774400;3090800;4444100;3276100;60560499;99397500;140100;202100;3085900;548300;2361700;15846400;15341700;22945400;75693000;3359200;63221000;;6190700;5076700;5146500;14722200;3860260000
2019-02-26;68280800;21536700;488464000;35026000;13784100;53316000;15465400;53153200;2499800;7332500;10990600;5445600;5106900;3212900;20790900;25464300;7115300;20463200;2219100;7275600;2503700;20864323;128737500;329800;114000;1576800;781200;2608500;12902000;11366700;15693800;49446000;2852300;48470100;;13635100;4496300;4892500;12041300;3676200000
2019-02-27;111341600;21487100;500256000;22092000;12697500;62976000;9968800;48128600;1804200;9731200;12398200;5289800;4378100;8952900;32135600;23706900;6013600;17827500;2261700;3441000;4603800;21835966;167758500;76000;184900;1172200;2625300;4280400;12406000;10426200;17233200;56299000;2119500;62649300;;8766200;4278300;4247200;10674200;3771790000
2019-02-28;112861600;29083900;324944000;27422000;11114200;60518000;15156900;62358100;2964300;6250200;14597900;6406500;10133200;11034300;36023600;34127700;10575400;22533900;3297900;4024000;5063100;18230265;157810500;29900;256400;1656000;1136500;3645800;27927100;19000200;30507000;61868000;3240400;39384900;;8060600;6908100;3619000;31856900;4445780000
2019-03-01;103544800;23501200;357188000;34086000;11097800;99498000;13813300;45771500;2580500;7016800;15419400;7743600;5641600;6921300;43290900;31057500;7733200;16291600;2691000;3811000;5124200;17856700;343671000;19300;196000;2363000;1408300;2538100;14622800;12659000;30186900;55265000;3001400;48084000;;5481300;6919900;3529400;15757700;3994950000
2019-03-04;109744800;26608000;409992000;35490000;18894700;123348000;12466300;56893200;2683600;6979700;18089900;7499500;8377700;8646300;59468600;23051400;6895300;15973800;4899800;3859800;5971000;13996993;256452000;132100;162600;4013800;724700;2590200;8322800;14021700;18768700;74870000;2977700;48147700;;5046800;17886300;4640300;14850100;3949730000
2019-03-05;78949600;19538300;362924000;40094000;28187900;73630000;10856600;39932500;2338600;9678600;13745500;7345200;6568900;6924500;53212600;18357900;6274600;13062300;3362500;3122900;2844300;35870538;281470500;37500;126300;2686300;705400;2167900;6169300;10092800;15167500;59378000;2779100;35462600;;3691000;16042900;5268400;16291900;3631380000
2019-03-06;83241600;17687000;403524000;23602000;21531700;79920000;9070800;41672000;2247500;8186400;18633600;7599900;6236900;4878700;74822500;14089800;4622300;14232100;2083900;3886000;4159400;41286543;155032500;24200;186200;4948600;448100;2881200;11150800;20521300;34452700;62119000;2849300;60479400;;4460900;7436300;3216600;12389300;3800180000
2019-03-07;99185600;25339000;450104000;30086000;18306500;99140000;12705700;53908600;3567800;8761700;16541700;7201100;6100400;5033500;60615600;18379800;8408600;12084000;3268100;4290800;4893600;25577378;141637500;60200;201600;3179500;1317200;4522000;10543300;13667300;34958500;61513000;3879600;52186300;;4122200;6916500;5105700;16624100;3932150000
2019-03-08;95997600;22818400;422416000;23694000;13184800;93340000;10582400;40860700;3162700;5168100;16211300;7014100;7046700;4921700;50169800;16977000;5144500;15579100;2757200;4238000;3794900;17559457;132294000;25000;132700;2828100;588300;3593000;12613200;10117100;35364800;68988000;2691800;49967700;;3867100;4800700;3755200;15071100;3424300000
2019-03-11;128044000;26491600;859728000;30032000;18884000;77528000;9763200;40709300;2669000;9361500;11060900;6088600;6150400;4539600;61771200;16035900;7544400;22126900;2071500;3914800;34742200;21277594;110884500;130900;178500;2063500;1142800;1972500;20210200;10738800;32570500;53873000;2670100;54420200;;3866200;5699500;3999300;20027700;3764850000
2019-03-12;129870400;26132700;579576000;42220000;12155300;72290000;10219100;34450000;1977400;9465100;11320000;6184300;5552900;4235800;8077600;15211500;7597500;19348500;2191800;4208800;36922600;19937161;112561500;33200;105500;2139500;1488500;1737600;11024700;9575300;20364100;51646000;2478700;56410600;;3777000;4082100;3756100;18048500;3432340000
2019-03-13;124130000;35513800;768900000;25888000;11973300;71040000;13022200;54683300;1904500;8308900;10260200;4707000;6446900;4881600;68139300;16446900;9883300;16222500;2612100;4285200;32662300;14880115;102670500;33200;294700;1433700;3285300;1720600;13786500;9198900;28651500;64441000;2690400;56705800;;4528300;5230600;3693600;19490800;3782250000
2019-03-14;94318000;30763400;519384000;27302000;18037400;58932000;10926500;45219100;1482300;9364900;9976700;5146400;8493600;3865200;42768700;14777400;8590200;18504100;2375300;3742200;13514100;26859385;106551000;21400;263700;2436900;1063900;1525400;14013700;7306100;24990200;52714000;2838700;42818600;;4393000;3247200;3084200;24000300;3505670000
2019-03-15;156171600;54681100;661484000;51886000;37135400;151018000;24811700;82346200;2985200;20162000;25316400;10449700;11922500;6466200;47331000;43800000;30802700;47254500;6010500;7049900;26697700;37959266;221782500;27500;200800;2552800;1120800;1533600;24297800;27985600;26606100;84445000;3894200;46519900;;8059100;6743700;7738700;43340200;5969780000
2019-03-18;104879200;31207600;486992000;24442000;37524200;108582000;12935500;58568600;3354900;9689400;9840600;5586900;7369600;3927400;16052200;17310300;8442800;24006400;3669200;4095400;13119200;18387845;154215000;11000;169000;3012400;885700;3528900;22896400;13089300;24192200;71947000;2734100;34731800;;4395800;3575500;3964600;21953600;3620770000
2019-03-19;126585600;37588700;854972000;29788000;25611500;127284000;12889300;55455100;3284900;9236100;13936500;5096800;5882500;4164800;13726300;16243200;7334100;14987000;4102800;3315900;9856100;10970991;177009000;14600;106900;2245800;687500;7251400;32183400;9363700;24377000;75414000;3212000;156052200;;4437100;4379000;3881500;19214000;3650740000
2019-03-20;124140800;28113300;719148000;41508000;20211500;125312000;14920700;81689900;5033500;6391400;13133600;6708500;5475700;4193500;7520700;18969300;7513800;13376100;3522400;3522100;8737600;9704794;103623000;20500;100800;2845100;760800;2992000;21208900;8804800;32752900;109172000;3747400;151292100;;4772600;4391000;4053100;24111600;3779160000
2019-03-21;204136800;29854400;824312000;28150000;16223000;115356000;19751000;77444400;4031500;7027100;10117000;5050400;5765100;2699700;5704300;19653000;8221000;20043000;2830200;2635700;6951000;10135942;89206500;85000;116600;3856500;463400;2154600;30482800;19542700;65808200;85440000;4441100;129610300;;4755700;4277800;4182300;16686300;3612620000
2019-03-22;169630800;33624500;747644000;34422000;16389200;127260000;31115200;118851600;5703100;8119800;12497700;5786800;6528800;3777900;15332900;20124300;11035900;19055900;3319600;5745800;10143900;16364625;131184000;33300;175000;3560100;702900;3280500;35511900;10243500;77966800;86613000;3709400;115323300;;5173600;5614300;5872400;16201500;4253730000
2019-03-25;175381200;27067100;525212000;27576000;12631200;102076000;21032300;65568000;3751000;7568000;11320400;3837500;4500300;4110900;5972800;16222200;6955500;11668200;2651600;3199800;7939600;9977198;153225000;10300;125700;2534000;402400;2982900;19599500;6929600;38969800;84738000;3506500;78438200;;3845900;3795400;4113100;11755900;3406110000
2019-03-26;199202000;26097700;703508000;30752000;15437900;97318000;15987100;59878500;2910100;15594400;9472800;4079800;4758600;4416200;5872900;14837700;6909400;11434900;2609600;2638200;6479700;9555279;110263500;63600;141400;1852000;489400;6422700;17771500;16051800;36051200;76665000;3046900;75754100;;4143300;6910300;3737800;11657600;3288570000
2019-03-27;119393600;22733400;474372000;29428000;10620300;86496000;12753200;57621700;2343800;12253800;7258700;3727800;6764900;4819200;7675100;25413600;6037100;11543600;1684800;2378300;9600000;11064769;131688000;21000;103900;3342200;634600;5049800;23959700;11934400;77111600;78524000;2640700;88585300;;4298400;8218700;3619200;12636000;3422400000
2019-03-28;83121600;18334800;480264000;22402000;10443000;60860000;12454100;45872300;2343400;16902200;7412300;4057700;4602100;3601500;6112900;24162900;6793700;11121100;1977100;2487200;4921300;9068655;101611500;9800;105800;2379700;553000;5061300;19276800;11064300;63285400;43610000;2712100;64667500;;3326100;4424800;3233600;9103100;3185460000
2019-03-29;94256000;25399800;456896000;30890000;13455500;66416000;14523400;83446300;2632800;12164400;10889200;5318600;7168400;4294200;5729100;22319700;7535400;16045600;2952000;4681600;7694700;9734708;89869500;41800;135700;2439200;389500;5531500;14067200;8529100;37980900;47056000;3453900;53502800;;4674100;4913100;4619400;11485700;3752520000
2019-04-01;111448000;22789100;483824000;27706000;10381500;84776000;17499300;91751100;3562600;6420100;10816400;5506300;5885200;4809500;5132300;25517400;6626500;11522700;3195100;5081500;7735700;10301888;121656000;139500;296200;2180800;648000;3186300;15011700;12066500;32593700;70361000;3475900;63000300;;5381400;4601100;4671600;15191700;3560090000
2019-04-02;91062800;18142300;440920000;18288000;23946500;68962000;10295400;66694000;2247000;6215100;7646000;4362700;5517800;4057100;3214600;18822000;6088800;8495000;1797700;2529000;6401000;10382584;82183500;22700;240700;1658900;575800;2640900;14331100;7614500;28810700;51587000;3386400;53358800;;2717800;3158400;2599500;10812100;3267210000
2019-04-03;93087200;22860700;783504000;22180000;27391100;78522000;11499200;63110600;3227900;8209300;8562900;3595400;5947000;2851400;4425300;17062500;5226500;12854500;2512300;4821800;7350300;11263640;118791000;182400;239100;2670500;775000;2860400;17728300;11563400;31307800;53689000;2911700;197650500;;4581500;3819100;2864500;12853400;3570000000
2019-04-04;76457200;20112800;457376000;21022000;17847700;72478000;11952100;53712100;2582300;5100200;9360600;3715400;5844600;2255500;5539800;12078900;4786100;7814900;2324900;2988900;9388100;8232943;355810500;28100;184300;1767500;708200;2334400;16270800;9905100;32380900;46273000;3096300;82191100;;3138400;6295200;2436500;9978800;3038740000
2019-04-05;74106400;15826200;481744000;20012000;9594100;72810000;9933700;46383400;2447100;4178300;10059100;5551400;4759700;3343000;4656400;13968000;4281800;7677600;2438400;2812300;6857200;8678979;195574500;27700;482300;2544500;391200;1697400;20962800;12332600;25001000;39055000;2590000;65662700;;3615300;4315300;3363500;10016300;3155970000
2019-04-08;103526800;15116200;424192000;21750000;7297400;75056000;8056300;35272800;1891500;5604700;9108200;5483100;4329600;2195400;3430900;16267200;8468600;9421300;2290100;2497300;14482600;35313691;156156000;64000;145300;2737700;210900;2807300;27438400;8942400;25163600;46538000;2714500;58002500;;3040900;2848400;2624000;10126700;3056460000
2019-04-09;143072800;17612000;439972000;19668000;19751000;74288000;9092200;40535300;2400900;6364100;8561600;4143400;5210300;2903800;4215600;13102500;5820300;8641800;2279500;3316500;7980100;16687089;88560000;111800;318700;2035200;240200;1918400;14970800;11713400;25172800;54392000;2491300;75539800;;3721700;5642900;2589700;9789000;3032480000
2019-04-10;86781200;16477200;444772000;15510000;11701500;59280000;10882300;42669700;1907100;3918600;10324300;3970000;4194100;2753700;4227100;12273300;5394300;8059900;2406800;3310600;8285000;10808576;105919500;19900;375800;1290300;348000;3456500;19349300;15976500;18535300;45456000;1984200;64368100;;3587500;3414700;2632200;8477300;3092230000
2019-04-11;83603200;14209100;374600000;16998000;8071000;53096000;11183800;50440100;2802100;5771400;9115100;3248300;4485200;8223400;5520700;16820700;5078400;7352400;1740400;2762900;6598400;10997856;147538500;20400;212700;4255200;387300;3029300;21872800;13903800;27271400;65269000;1908200;44801200;;2465100;2578400;2988300;8147600;2970650000
2019-04-12;111042800;19745100;471708000;24312000;12329800;62288000;25834100;100192000;5096600;6745100;16638700;42693700;5756800;13979400;5470400;15486000;6707900;10690000;3238800;4383000;7334600;13735824;101190000;14500;233800;2850900;358200;1768500;62158200;13483500;54610300;156462000;3452100;41048800;;3097900;2844200;4778900;9014000;3726050000
2019-04-15;70146400;15792600;440092000;23796000;10834800;74488000;15163800;57438800;6617200;8142800;8536100;13369100;5380900;10021800;4549100;15335700;5639200;10261300;1973500;3030200;3822100;16642146;150579000;12900;139500;2408600;496400;2094200;29316600;10712500;22905100;88423000;3437500;40812500;;3049900;2608400;2587500;7694900;3114530000
2019-04-16;102785600;14071800;394964000;22622000;11215200;60892000;11583200;105168400;4852600;6021400;7005700;11942900;10745700;27361400;6573400;14485200;8136100;10804600;1559200;2672800;7083800;12085548;109093500;21900;141500;2448300;469600;5802800;23810100;86755900;26447600;187402000;2564300;47340100;;3271400;3004800;2644800;7265200;3403120000
2019-04-17;115627200;19300900;351004000;30366000;9973700;57870000;17791900;94831600;4195300;4609100;8311400;11898100;9543700;22101400;14842800;11187600;6778100;11849300;1875000;3469400;4424400;9643619;76897500;82500;235700;7447500;502300;3401300;20409400;156019300;41485600;180541000;2829200;48240800;;3271900;4765500;2883000;7792200;3648100000
2019-04-18;96783200;27991000;380988000;24750000;11655600;54998000;12501900;61796600;2874300;7859400;9493900;9546500;10485300;13927200;9805800;11183400;7248900;12167000;2918400;4504500;4703100;10334612;88144500;81000;193500;6185600;663600;1392600;25562300;41621200;37319100;83532000;3016800;39880900;;3162500;4391500;2590900;8233000;3507100000
2019-04-22;77758000;15648700;279936000;19084000;13389900;67476000;7975900;34763400;1591400;4602600;10770600;7946200;4666500;11191800;7519700;15238200;9057200;9834700;1738400;3637500;4147700;13467232;182206500;15900;104200;4224200;432700;1578600;11953700;33292500;20155800;119805000;2217700;36477300;;2593900;2943300;1929100;6088100;3010130000
2019-04-23;93292000;24025500;346856000;31868000;19954800;92808000;9193100;41889700;2120900;6522900;10595100;9079200;5790500;10261400;5891500;15152400;15979800;25327800;2192900;5930500;4894500;8126706;164158500;44500;276400;4124500;661800;1404800;13804200;56973700;29271700;100898000;3108400;41777500;;3702600;3418400;3475400;10923400;3674480000
2019-04-24;70162400;31257000;318204000;23396000;37289900;73516000;9245700;40078100;4606100;7376500;11684000;22115000;5676300;6104100;4254100;14093400;10094800;15997300;3070100;8694400;9855100;5775345;160912500;16800;325900;3576100;777500;2552800;16465700;40290400;33678700;65419000;3255200;51784700;;2750900;3384900;3208500;8769800;3468480000
2019-04-25;74172800;38033900;499296000;31344000;54148800;121982000;9311800;43243800;2075300;8862500;11135000;10636400;5218100;5954500;3425000;11883300;6085300;11444400;2040800;5094700;6615000;12515311;327741000;67800;160300;2452900;1223900;2404100;12961900;20732200;29817800;62555000;3152400;57329700;;3292100;5498400;3152100;8226100;3440010000
2019-04-26;74596400;23654900;868988000;27228000;22075000;168652000;7889300;40627500;1543100;7525400;18053500;11626700;4613600;6186200;3372500;24323100;7747400;10154300;2302100;5119200;4259600;14905235;335410500;23000;119800;1547900;425000;2558000;10893700;18860600;49112600;56219000;3349300;48827900;;3560300;3342900;3155400;7101600;3264390000
2019-04-29;88818800;16324200;391920000;72368000;19641300;80426000;14242200;68408600;2997000;10003600;10023700;9404000;4275200;5345300;4097200;19139100;4787600;9731500;3456100;3374300;5457300;13243923;250717500;23200;117400;1741000;437700;1712700;9135800;17930000;16698800;38217000;3274900;44532700;;3785200;4509700;3467600;6443000;3150390000
2019-04-30;186139600;24166500;362920000;133178000;23494700;70120000;11389100;47764200;1833000;6432700;13721500;21431500;6003700;7632300;7548300;18400800;8251300;17912900;6162300;3862000;3732800;35549901;141969000;17500;172200;3892200;451700;2183000;12911200;17582400;27081900;38701000;7179600;73165900;;3415600;3581800;3611100;10562300;3939760000
2019-05-01;259309200;26821700;354280000;74340000;15996600;62340000;10412900;56161000;1981800;5248100;13909800;10097000;6656300;4823200;5392100;16011600;6733800;10551200;4059600;3652000;2765600;19938144;160566000;19100;108200;1519000;320100;3054400;11287500;28211500;26663200;92573000;5146000;136066900;;4644700;2707700;3769200;7792700;3669330000
2019-05-02;127985200;27350200;394684000;45098000;13209500;79258000;8613300;40634100;1514700;6054900;15360400;9495600;8835600;5499200;4168800;15021000;6270300;8724600;2418000;5405700;2438800;15895597;272389500;37600;221900;2539300;508300;3696000;15573700;40342000;22873800;53982000;4747300;100514800;;2810000;3181100;2646700;9652200;3802290000
2019-05-03;83569600;24911100;336824000;41588000;14575400;127632000;8185400;35256100;1897600;4317500;12180700;7364900;5281600;4323100;5695500;15950700;4793400;7076900;2915200;4154800;2953800;13806910;355602000;54200;256000;1783000;2195100;2394700;9813900;21068400;19024700;51303000;3194200;55503100;;3583400;3131000;3382600;11066500;3357180000
2019-05-06;129772400;24239800;422176000;31774000;13994900;108356000;9387000;39882000;1927800;10442400;13367100;11035000;5818900;7180200;5952100;13841100;4890400;8657800;2371300;4866500;4747600;8754137;162508500;35800;300100;2306800;625100;2313400;11335100;15682100;19949000;57931000;3022000;70344100;;2619400;2520600;5657200;9305400;3203260000
2019-05-07;155054800;36017700;555220000;36604000;16253000;118042000;15017700;58528400;2839500;6413600;13498800;9165200;6606700;5104700;5127200;13726800;6021700;12487500;3072500;5622900;9740300;11415060;151971000;20600;252100;3152600;727000;2861200;13871200;21579500;31458800;69749000;4257500;75868800;;4622100;6541900;5266700;11712400;3793060000
2019-05-08;105358000;28419000;419168000;25520000;12505700;81572000;9575800;39903400;1817600;5445900;11352900;6229000;4667300;3768400;2992600;17646000;5392600;9281400;2040900;4140500;6030000;9500004;92646000;221400;256100;2725300;541200;2533300;21063000;15500700;26309200;65720000;3050700;65967500;;3122600;4061300;3838200;10729800;3543110000
2019-05-09;139634400;27235800;660248000;29556000;12967000;106166000;12205900;44173500;2333400;6813700;13221600;16496300;5604200;4299500;5818900;18720300;6901700;11450500;1923600;5906200;6075200;11937839;100671000;107300;379000;3257700;546700;2794100;17390300;14516000;24627900;58826000;3891000;73150900;;2917700;5809300;4251300;10711800;3659050000
2019-05-10;164834800;30915100;569500000;31650000;12578500;114360000;13189000;59649900;2089400;5192500;11056000;8787900;4771600;4374400;3660500;26228100;5815800;9653800;2668800;5240600;4574100;12666230;105124500;144400;656400;5118600;544400;2772300;11401500;15955600;25853800;56571000;2816200;82930100;;3863600;4462200;4075700;11200300;3566780000
2019-05-13;229722400;33944900;656912000;45626000;16833300;115668000;13783700;72547000;3605600;9730000;12176100;7701200;5560000;4684400;4284600;22084500;7575500;11911500;2809400;8580700;7757800;12065484;162522000;41500;294400;3798300;664500;3400900;14187100;16689000;37158900;80267000;4136900;99017900;;3325900;5694600;5185800;10664700;3900270000
2019-05-14;146118800;25266300;524880000;40392000;17628100;92582000;10503600;52216100;2463300;9756700;10548400;6858500;7179400;5329700;3668400;19061100;7004000;16844200;2787700;4019100;4747800;14148995;108786000;10400;305000;2591000;660000;2417400;12956000;14353700;25370700;53530000;3862100;82980400;;3663600;4954000;4005200;11520800;3354860000
2019-05-15;106178800;24722700;502320000;59302000;16746900;93852000;10142000;51973200;2271100;7547000;8918000;6945000;6429400;5099700;3724400;20220900;5535600;11422500;1899000;2875900;4810000;10777477;109440000;11300;282100;1723900;583100;1653100;12869700;11784800;21082100;63401000;4186900;55689900;;3355800;7783800;4024300;8573000;3140900000
2019-05-16;132125600;30112200;781088000;35308000;12953100;94156000;9672700;42791500;2008100;9745500;8105200;8543300;6857200;4456400;3914100;51366000;9284200;17771300;2520500;4316600;6036500;10935800;112249500;15100;401300;2315400;698100;3963500;19905700;22498800;33156700;64415000;4911900;67330100;;3854000;5048100;3074000;10013800;3338470000
2019-05-17;131516400;25770500;1022068000;25362000;10485400;94732000;9570100;43772500;1928300;4582500;9279400;6870900;6915300;4486400;3109800;37113900;6370200;11257000;2239600;6122600;5282900;7436095;266800500;10400;235000;2947900;551600;3287100;17738600;19523400;32718500;47254000;3129800;65385400;;5223800;5314000;4614600;9057100;3316040000
2019-05-20;154449200;23706900;572064000;30602000;10352000;75964000;8518200;41717600;2483400;4747400;7154300;4569700;4771100;5390800;3042800;21582300;6565300;13850500;2217400;6312500;3219900;10474656;307893000;18500;192300;2510900;510500;2291500;14474900;32679300;31498400;46215000;2951500;69757400;;4782800;5437600;2645300;9820200;3293750000
2019-05-21;113459200;15293300;361848000;20562000;7502800;80102000;7967900;39258700;2327600;9095700;8489900;4859400;4859000;5345300;2611100;20667300;5226400;10587400;2264600;5492900;4022600;12121141;270058500;3700;319400;1575400;366300;1328800;14535600;17282200;35850700;40264000;2881600;46079200;;8555600;3803100;2664400;8482000;3223050000
2019-05-22;118994400;15396500;325868000;18826000;9213800;58732000;7918900;29177600;2427200;5416400;7858300;5763300;5456800;4038000;3934200;22022700;4889700;16050400;1760300;4620400;3841400;10361698;280278000;29500;408800;2414900;653500;2138100;15955300;66150700;21035300;62294000;2936000;40035300;;5706000;3170100;2775700;8389700;3194000000
2019-05-23;146118800;23603800;591844000;25214000;12768800;88486000;14558000;59772900;3184100;6138000;14657200;11000200;6951800;3934600;3653500;19363800;6175600;12199400;3560400;4964900;5305400;11404487;398206500;167100;458400;2583900;424600;2455600;15275400;31820700;22949400;56304000;5072500;67809200;;7754000;4508200;4737400;11213900;3899320000
2019-05-24;94858800;14123400;357584000;18554000;8807700;67394000;8537300;35524400;1637200;4105600;7056400;4890800;5473300;2973900;2086400;13449600;4372100;6887600;2105800;3802500;5387500;9536881;212049000;119700;415300;1342100;512600;2329900;7448000;21420000;20977300;38310000;2710800;39835800;;3799500;3151700;3314300;9090700;2889230000
2019-05-28;111792800;23128400;428356000;20948000;14843300;64000000;11665500;44273400;3040000;10202300;14912900;8145100;11919600;6172700;5007200;30815100;7615500;18614000;3675100;4889400;3504300;14488312;154693500;15600;5145500;2439100;593700;3646800;10866200;22667300;46951700;47171000;6252100;146949600;;5165800;4934100;6914900;28230400;4146980000
2019-05-29;113924800;22763100;559800000;36230000;12797700;85580000;9966400;49818900;2815800;6456000;13645200;7451300;23247400;3958400;5915800;19560600;7137300;12534600;2925100;5330000;4160500;8945986;179529000;19000;489200;2533700;936500;4238000;8950600;16312600;33616700;56589000;4014300;99969600;;4569900;4359500;4625700;12448700;3701110000
2019-05-30;84873600;16829600;394300000;18088000;8581500;62938000;10367800;58649300;1919300;4750600;9362100;5807900;7360600;2646600;2392800;15058800;4729200;9087200;2685000;2878300;2183900;10138450;118897500;321500;413100;1511400;399900;1840600;14211500;11554600;34993100;40080000;2817400;65289100;;3029800;4418100;3646300;8569500;3276030000
2019-05-31;108174400;26646800;389720000;31582000;15226500;92376000;10952800;68304200;2640100;5079000;13983300;6899800;7811000;3285700;6098400;17782500;10282300;11368600;3669100;4711500;3217600;9297080;156100500;9600;322000;2053800;522700;3632300;14241800;15060300;38996200;50234000;5041400;68667800;;3681500;5326900;3685200;11847100;3982670000
2019-06-03;161584400;37983600;478644000;96890000;56059600;181974000;11680700;50109900;2857800;8034600;11831000;6100800;8434600;4999400;4722000;19844100;8532900;14167200;3211800;4161800;5148000;9484896;195966000;32200;688500;2039100;688100;2283200;12957600;13620700;27706800;78496000;5452100;147532200;;4620200;8835200;3979000;17434400;3952360000
2019-06-04;123872000;29382600;641836000;60512000;46044300;113582000;12858600;58426400;2420800;6684800;10423000;5235600;6648900;4992000;3122700;17894700;6906400;12010600;3829900;4060400;3592300;12320032;207112500;92800;372100;2523800;1173800;1556100;8787600;15866700;25510400;78916000;4862200;107549500;;5118100;12375100;4112600;17073200;3814130000
2019-06-05;119093600;24926100;511616000;46988000;19758300;84796000;8340500;44874400;1967800;7769300;10617800;5105700;6860600;3194400;4175800;20708700;6481700;15837600;4294600;3598400;3188400;8258886;202662000;34600;336500;2136200;700000;2613400;14076100;11779200;27843000;50201000;4742400;79481500;;3704600;12072400;3210600;15855300;3570760000
2019-06-06;90105200;21459000;408140000;29020000;12446400;73786000;8726700;38633600;1653500;13738500;11738900;7370100;9115800;2630100;3882800;24191100;6681600;15190400;4657600;3295700;2582300;7730128;303633000;5100;204500;2021000;555400;2650100;10725700;10781700;18125700;37100000;3443500;131267800;;3732900;5601200;3005200;10266900;3445140000
2019-06-07;122737600;33885600;348856000;43828000;16917300;96164000;10618900;51317200;1838600;10528800;9095500;5343100;6533900;2837400;2726300;20428200;8063400;15293600;4345000;2547500;2470700;8243075;240052500;18100;146800;1269200;695300;1779400;13682100;10495600;23061400;47773000;3691800;86841100;;3522300;7175300;2672700;11591800;3244380000
2019-06-10;104883600;26477100;402780000;28510000;14767900;107420000;11380600;48305800;2372000;7565900;7760400;5708800;4994700;2331000;8172400;18977100;4767000;9737400;4647500;3705000;2560800;10486695;158775000;33400;325700;1216600;564700;1841900;16234000;15229200;23477300;78103000;4469000;97668800;;3154500;29856300;2865500;12984600;3209890000
2019-06-11;107731600;23913700;383872000;33508000;15266600;80854000;9847700;38691800;1632200;6082900;9415100;5625100;8230500;3043000;5681200;20241900;8074400;9915600;2991400;4516200;2702700;7816341;174802500;20400;400200;1327800;455700;2438700;13796700;11839500;31285600;53967000;3119600;82834900;;3708500;15214300;2545700;11288400;3551000000
2019-06-12;73012800;17092500;358892000;23670000;17699800;53566000;9670500;33528900;2059400;6772000;7920800;4000100;9216500;3251800;3793800;13905300;7687800;11088100;2874000;3034600;2738300;11029015;227962500;24600;441100;912900;625300;1705100;12604700;9396200;35745700;45847000;2295300;56298700;;2551500;7161300;2835900;10235400;3039870000
2019-06-13;86698400;17200800;308080000;20814000;12253600;55916000;8406900;33404200;1411400;6901400;8986400;3993300;7500800;3107800;8477300;16455000;8611400;10353600;2277800;3495200;2621300;12462684;122524500;7900;460900;1385300;568000;2175500;12689600;6790500;26641700;62093000;4331000;63556000;;3630900;5173800;2257600;11289100;3100640000
2019-06-14;75046000;17821700;394428000;24582000;16773700;57024000;9077400;37322100;1403900;4999900;8575900;3366800;6548100;2165500;3188100;13577700;6438100;8694300;2715800;2530100;2258400;6892891;111501000;34400;265200;1361900;621700;2095800;11567100;12119500;36764300;50190000;3158200;70373000;;4898000;6248200;2512400;12973000;2992810000
2019-06-17;58676400;14517800;276040000;19770000;29459900;52686000;8128600;33410100;1155600;6410200;9355700;4219100;5562800;2270300;3032300;12441000;6020000;12322400;2694400;2607900;3746400;9239377;184752000;140100;296200;2051500;460000;1378100;8463400;9411100;18242700;53582000;3332200;70865700;;4620500;4491800;2820000;15207900;2828400000
2019-06-18;106204000;25934500;581920000;34526000;37571400;77914000;11057300;60170700;2363000;6969300;10091500;4884300;7122700;3482500;2868700;14733600;7731200;9221100;2470900;4756100;9199200;14759552;190737000;135100;384800;2549500;465300;2456800;11106900;14508000;25231500;54285000;3921300;86444500;;3891300;7317800;3670700;20999700;3441540000
2019-06-19;84496800;23744400;331644000;26714000;21417100;57906000;13126500;61953500;2196800;6323900;9757400;3847100;6393400;4204600;3320600;11773800;7028000;9414100;2328400;3847200;5716000;12161930;98626500;12400;194600;1399000;390900;4422000;11434400;11999300;23033900;56672000;4326500;63233900;;3648200;8095300;3320600;35449500;3300220000
2019-06-20;86056000;33042600;350168000;24018000;14635700;64344000;13638000;60887200;2749300;11474100;16229700;7771700;7335800;3800800;2840100;15004500;7044200;10656600;2162200;3803600;3794500;13234293;177952500;21100;318600;1766100;581800;2521500;15275300;9871800;49358300;58995000;4667300;72418200;;5171500;10153600;3836900;54173900;3943060000
2019-06-21;191202400;36727900;434428000;50774000;22751200;78672000;27089500;69444000;3365500;11728200;23108100;14287900;11272200;6323500;4024600;39535800;13799400;21264400;4267400;5742500;4923700;13156947;123031500;21100;747400;1866300;454900;1750100;17336400;15244500;33690000;74484000;4285800;81861300;;9855000;9706900;5994400;45169000;5003540000
2019-06-24;72881600;20628800;282948000;24236000;15509000;45660000;13039600;40046400;2069800;5554900;10011800;5542600;5894700;3163800;2570500;18098400;5518100;10780000;2486800;3197700;2323200;7343060;86262000;66400;364000;3633000;357700;1748100;14795700;8893000;18547100;48302000;2538100;55724800;;4943500;6378200;3164000;19544200;3136960000
2019-06-25;84281200;33327400;311868000;31644000;16750300;60246000;18660100;46901300;1828300;9899900;9740000;4713300;7517000;3182700;2110100;18315000;6805600;11519900;3020900;3751800;3005400;7121838;92731500;8500;433700;2886100;389100;2651900;21493200;8953400;36632000;57504000;3138000;53680900;;3587900;7362500;3727400;25462100;3579430000
2019-06-26;104270000;23657700;584072000;34698000;12808600;48838000;10324600;42312300;1649900;7129900;11365500;5054800;7674100;3852900;4677500;12485100;7170300;12405100;2576000;3343700;4542000;6847327;127608000;20100;434300;2019300;462200;1918600;58240700;13808000;35440200;36697000;3869400;65064200;;3071200;5844900;3937800;15045200;3511350000
2019-06-27;83598800;16557500;445440000;24078000;11159000;42834000;10906600;35575600;2239200;5873400;8147800;3551700;5233500;3366200;3615900;16443900;5613300;12374900;2253500;3594400;8980000;6677849;95095500;16300;378000;1633400;573300;2242900;30350500;11151900;32637300;41386000;2186900;55623300;;2286800;6832800;4182500;12605800;3162500000
2019-06-28;124442400;30043000;397668000;33672000;16378900;60748000;21634700;101856900;4854900;8442700;14781300;7048300;12792400;6727600;8958700;19520100;12152000;16339900;3658200;10469400;4737100;8832104;102771000;21300;385800;4102700;375100;2088500;11905200;29217500;21892200;45927000;4400300;50090900;;11069000;6936600;7472400;42570500;5422650000
2019-07-01;109012000;22613500;709756000;29196000;14181800;63842000;12724500;48029900;2465700;6103200;11437900;5526900;5872300;4102700;3236400;16544100;6775900;14976400;2689500;4834800;6392600;8010518;123201000;22500;279600;1916800;501000;2174200;17152400;17693000;24213000;49926000;2646800;60275900;;4097700;6476400;3462600;20413000;3524860000
2019-07-02;67740800;15237800;400228000;20630000;9050000;52918000;10174900;32263500;1621400;5238100;10475400;5747700;4501200;3863500;2343400;12188700;6578200;8569200;3120000;3204900;3774700;6043516;138885000;22600;256400;1965400;424900;3021700;18061600;7075600;28271200;36250000;2649100;37721700;;3160500;4736300;3054400;17569600;3224490000
2019-07-03;45448000;13629300;246636000;20154000;10246100;33806000;6849400;26642300;978800;4066600;5246100;2725800;3436300;2559400;3707700;9621900;6223300;7253700;2306000;2538600;2164900;4449238;213016500;9800;174900;852500;207500;1896600;7403100;5290400;17381700;37990000;1896800;23462000;;2183700;3885400;2489100;9989100;1963570000
2019-07-05;69062000;18141100;396552000;29794000;11164100;52568000;7929400;33092000;1511400;5840400;6880800;3458900;4652400;2965000;2444000;10738200;8694800;8916300;1876200;3071800;3208200;6072809;105985500;45700;202800;3780700;300900;4933400;10830300;9220800;29116200;37322000;2561000;34011900;;2547800;3940900;3324200;13838900;2434680000
2019-07-08;101354400;16779700;329788000;29888000;9723900;57668000;6917200;30924400;1853900;6720300;7876100;3505200;4078100;1902500;2998700;14147100;5317800;9495100;1818000;2742100;3262300;9659269;88207500;9800;281900;4555900;313600;2191200;17642000;7924900;20252700;31134000;2291700;49689400;;2705300;4717400;2978400;16105600;2922360000
2019-07-09;82312000;19953100;342860000;29472000;14698600;86914000;8947300;28750100;1812100;4894300;7863000;3955600;4217400;2774800;2717700;16270200;7537700;10584900;1618800;2618700;4828200;7113732;92862000;23900;257900;2548700;339400;1934800;13560300;7506500;24164100;69328000;2477400;61419800;;2397400;4979100;2687000;14348600;3033330000
2019-07-10;71588400;24204400;452076000;30710000;20571700;98638000;9242300;40574800;1779800;5110600;8077400;4743500;4874400;2753000;3339100;13737000;5600700;7620900;1842300;3933300;2946700;7845233;137185500;10200;385000;2374900;755000;1607300;23702400;15075700;31608700;58788000;2323000;60388400;;3457400;4966300;3705000;16059100;3157800000
2019-07-11;80767200;22327900;682560000;26004000;13678500;86356000;11595200;37376800;3691600;6986600;6404000;3548000;5817400;10268800;6589600;11689800;4625300;10376500;1922800;3164200;5059200;6755455;112716000;38300;224200;3505800;467800;1942300;23231200;14298400;28972500;43363000;2583900;63081800;;3450100;7083200;3119600;11150200;3155710000
2019-07-12;70380800;18936800;506392000;21878000;15366300;50186000;10783400;29632900;2626000;7196700;6139000;3974400;17780100;5336100;7211100;11229900;7058600;7347400;1960100;4149800;3592800;7864053;138007500;16700;337400;3450900;514700;1672600;19439900;8028100;19890400;66369000;2299700;51509700;;4429800;4348000;2360500;11234300;2984140000
2019-07-15;67789600;16651500;289840000;21164000;16030300;59626000;12946600;46462100;2600200;4490400;7116400;3739200;10038200;2611400;4405200;10038000;6240700;5876100;2408500;4498700;4814600;8445819;165001500;11700;208900;1438100;636700;2218700;12330400;8898200;17460900;79447000;3349500;65565200;;3141300;3603700;2715300;10721600;2876100000
2019-07-16;67467200;22726100;341444000;25352000;12132700;52364000;16945000;54920400;5283700;6800200;10197400;4697600;10214500;3121600;2206500;10464600;7644300;7132500;2380400;4051600;2960400;7931808;122235000;16900;265700;2059000;572000;2668300;12981500;9909600;24716600;58632000;2976000;66912700;;2657400;6913100;2709300;9698900;3297030000
2019-07-17;56430000;20211000;348204000;19538000;12083700;51176000;13120900;84958300;2583500;3994200;7419300;3874200;8862100;3995200;3507300;8065500;7861700;8264200;1698400;3750200;4010000;10770776;146470500;40600;275100;1112200;383800;1746800;11388200;20602300;19833600;136395000;2318900;42557900;;3037300;4160500;4324400;9090900;3185650000
2019-07-18;74162400;30381800;442192000;25450000;11937900;69738000;9397200;49468800;2858100;4736300;11424500;5770700;6203100;5825800;3232900;9670800;5828700;11911800;2259800;3548200;4582800;9059787;71379000;27600;219400;2428000;562600;1561500;10354200;12580800;21119900;312871000;3241000;58473900;;3068000;3724000;3610600;11882300;3369820000
2019-07-19;83717200;48992400;344896000;23184000;12098300;63712000;10402800;44863200;1822300;5327100;11243100;4880900;8340200;4413200;4820600;11388900;6547000;10355500;2860500;4837100;9504000;6952842;105726000;58400;202600;3076500;479100;1597300;10866200;14477400;31782300;163025000;3048200;44617700;;3254800;5218800;3513100;11663500;3285890000
2019-07-22;89111600;25074900;315940000;28914000;13589000;58000000;9061100;31224300;1907100;4862100;8368800;3275800;12624800;4104300;2894400;13550700;4018800;12090700;2580000;3267800;4265100;8692963;102636000;22200;324000;1536000;316500;1672000;9424200;9645800;14274100;177180000;2092400;37777300;;2764900;2909500;3083900;8761700;3016200000
2019-07-23;73420800;18034600;428176000;20648000;14583700;54070000;12752200;64030300;3330600;7193000;8551200;4295300;5803600;2889300;5098200;17262600;8194600;33417900;2503600;4122200;3354900;14906960;75346500;11400;247900;1981600;417000;1527100;16055000;14420400;17221900;91711000;2275400;38532500;;2589900;4865800;2846200;8141100;3333810000
2019-07-24;59966400;20738300;366236000;27192000;32532500;52626000;10011000;53171900;3180000;8169300;8260200;4796900;6838600;4864000;3762700;12531900;9635900;15633400;2971600;12664900;7447900;9008083;166092000;26400;286100;1896300;581900;3187300;11108700;14012700;15974500;119618000;2805200;41952300;;2207100;4110500;3105200;10778700;3433220000
2019-07-25;55638400;18356900;392700000;54762000;39889900;82730000;10138400;43251900;2776700;6085800;9083900;4586800;8897800;3362800;4596700;11554500;7809400;19135000;3789000;4823200;9663700;9253562;336274500;20300;198300;3440300;558300;1948000;13285100;7299500;24889700;107985000;2312200;36705600;;2335300;6934500;3022200;8175900;3657050000
2019-07-26;70475600;19037600;274160000;121216000;24434000;98542000;12800400;46978800;2304500;5056300;7677300;6971700;4894600;3362600;3470700;14187000;5559600;11451900;5029300;4238000;4441100;5420359;150415500;21100;206200;1719800;397600;1240100;19329100;8262500;19898200;108475000;2942100;43502800;;2675500;4979100;3654600;6057200;3260170000
2019-07-29;86693600;16605900;248160000;41382000;16530800;89864000;8500400;39176700;1372800;4621800;7091900;4377500;7832000;2005500;3192500;11239800;7768700;12283900;4278600;2715600;4116600;7497670;139099500;39800;210300;1641400;312900;1102800;10817700;8237500;17305800;57828000;3677700;45922000;;2407200;8880500;2834100;7439300;3224490000
2019-07-30;135742800;16846500;197772000;28616000;11903600;58218000;7121100;37598300;1644600;5236600;6961200;3871700;5509600;1908800;4664200;9105600;18788800;8127100;2808500;3257200;4528000;9091748;121635000;38800;227300;2261000;466100;2286700;13177100;7397900;13609100;60293000;3957900;72198900;;2172600;4241600;1977500;6367200;3632770000
2019-07-31;277125600;38598800;359416000;39960000;14593500;89414000;13648000;60607600;1991100;7981200;13104600;7199500;8559200;3532400;5535700;18633900;12641800;16865500;4048800;4322000;5219700;34604621;137673000;48300;446300;1819900;427100;3222700;16161400;14052800;29916500;62595000;5513100;119190000;;3426400;7454200;4631800;11966700;4626330000
2019-08-01;216071600;40557500;421212000;35426000;17777000;94266000;15664500;76913400;3070100;8417300;17132800;7928400;7870700;3613600;3679000;22365000;11308600;19527200;3231800;5530100;6465300;17640313;123892500;38200;341200;2960600;455900;3637600;23904100;29729800;33397400;65632000;4988100;80878900;;3431500;26124700;4823100;10215200;4793810000
2019-08-02;163448400;30791600;428348000;34910000;15297000;99124000;11025500;57492300;2503000;8264600;21376700;9026200;6574900;2677600;4477700;16970100;12266100;13102300;3517800;5968600;4675400;12900213;92047500;33000;238900;2026600;341800;3184200;22373900;12649400;22958500;62803000;4438000;60410900;;2884900;13138900;5695300;12644400;3882810000
2019-08-05;209572000;42749600;589156000;47840000;23086700;121164000;15855300;96207700;2794200;16858300;19080900;8620300;9480000;5812400;4765800;22710000;12974800;19986500;3685600;5482500;5876100;14093359;105424500;38300;267600;2928700;887200;3707800;22565800;13071800;38600900;86925000;6861300;74333200;;4553200;13070100;7606200;16204600;4542850000
2019-08-06;143299200;32696700;361272000;36014000;18035700;101406000;10203500;65115800;2349400;10281300;12282400;6788000;7880600;3533000;5490000;21049200;9490600;19903100;2970300;3713900;3653300;13321830;83463000;17700;223100;2231100;566000;3193900;21047900;13189900;28381000;61791000;4918500;60578400;;3646800;6694000;5500500;13149500;4156640000
2019-08-07;133457600;33414500;372560000;30686000;15833200;90538000;17320900;75388500;2454200;8292800;15231100;6853700;6771700;3205800;4231700;21835500;9507600;17937000;3767200;5048700;4187600;15406967;71647500;22100;371000;1884600;637700;2615200;24318200;8934900;19560700;93224000;4476000;58577500;;3901100;7635500;5325600;16344100;4512720000
2019-08-08;108038000;27496500;309300000;30116000;14828900;74024000;10903300;53141900;2342200;7602800;14304100;8868100;5260500;2830700;4815900;13123200;7416600;10799000;3724300;3734800;3673000;9912773;79114500;36800;569500;2907200;1140900;2398400;18616200;8367900;27926700;59059000;4135500;167278800;;2968000;8670300;4143400;12460700;4118530000
2019-08-09;98478800;23466700;341816000;20418000;11058800;57596000;9980800;53499600;1790100;5373700;13686600;5051700;4677300;2535000;2788100;12580500;6939500;9260900;3784000;3805600;3102900;15393002;58473000;27700;259800;2352300;544400;3055000;11900200;8702200;20443800;53491000;3410500;132483900;;2912100;5286700;4334400;8471300;3356850000
2019-08-12;89927600;20484300;279200000;22064000;10930900;58110000;9393700;55674700;1479300;7394400;9542600;3936500;6852100;2667400;2318400;17605200;4996200;6588600;2338200;4321500;2683400;13156727;69958500;49900;632000;1799500;1761200;1869700;11298300;7364300;28072800;65317000;3322600;106936000;;2005000;4389500;2538800;6580100;3328570000
2019-08-13;188874000;25154600;351956000;28434000;13577000;79880000;12124700;69919200;2115900;6667700;12403300;5806400;5013200;2763400;5247200;20025900;6722000;8581200;2913300;4331900;3689700;14852407;72721500;58700;229900;1501100;794200;2803900;12920600;10134800;25571100;52894000;3899800;102009700;;3876700;5205800;3913600;11014800;3857190000
2019-08-14;146189600;32527300;419880000;35430000;18903700;97872000;19491800;106591700;3025100;7293500;18114400;7175600;7736200;3464300;4937900;27938400;10148300;17088900;3233700;5543100;5110400;17895704;143439000;21100;245200;10952700;464900;1894600;17874900;10336900;41240400;73558000;3750300;127521500;;4582100;8607800;5838200;12489200;4325150000
2019-08-15;108909600;28074400;477200000;28506000;12925900;75182000;13365600;70192000;1981900;6698000;12874400;6272600;7251200;2513500;3939900;59438700;7758000;12393200;2774100;4171900;4721800;80465058;122394000;20800;466900;2287600;412400;1684000;15936100;9107000;28339200;96292000;3364300;71674400;;4199700;6647700;4642900;11257000;4041720000
2019-08-16;110481600;24449100;1007960000;24916000;12654600;60360000;11830600;70841700;1878700;8312200;12649000;6239100;5858900;2810000;3497600;32895600;8302400;14288700;2475900;3551900;3866600;49935166;76477500;15400;736000;2866500;350900;1544300;14542700;10090600;29404300;69058000;2718100;70469800;;4093600;5341100;4786200;9913100;3524080000
2019-08-19;97654400;24355700;815112000;24450000;9691200;56326000;8265400;44964800;1646100;5285000;10032800;6443700;4958000;2672300;2903500;21534300;5867100;10936200;2721100;2630900;2335600;22398591;79644000;39300;847600;3254500;611600;2054200;16040500;9688400;36012400;49422000;2502300;67596900;;6413600;4632100;4216500;8273100;3221050000
2019-08-20;107537200;21170800;463188000;20206000;10083400;38590000;8374000;47665000;1545600;3793600;9743500;5150900;7302000;3201300;2074800;18336900;6744300;8176700;2333800;2402000;2039000;20525588;61878000;11200;529900;2817400;362200;2027900;13600100;9387300;28224800;73499000;2583600;47924000;;12452600;6259200;4043000;7577800;3067710000
2019-08-21;86141600;14970300;427244000;14152000;8398200;40636000;8189300;47785400;1160800;3695900;10134200;4578400;6912800;2761900;2207300;24469200;4037400;10886500;2053200;2783000;3265600;17105978;116914500;43800;320100;1185300;348400;2691500;35671400;11004100;29320900;56854000;2492200;41441500;;7938600;6142400;3531800;6113100;3016540000
2019-08-22;89014800;18697000;303488000;17352000;10821400;53070000;9343400;49353700;1275900;6659900;8972000;4362100;7213500;4498200;1840200;17986200;4558400;7467900;2550600;2118200;8320900;13672704;98385000;13700;460600;1471500;278000;2459100;11898000;7198800;27933500;49742000;2975800;47667900;;4544600;11744500;3214300;6744900;2893660000
2019-08-23;187272000;38508600;568056000;36254000;17323400;105416000;14762300;81880700;2200500;7051900;15371900;7653400;15714000;4826600;3870100;18710100;7336800;14160400;3662300;6102000;11518700;25801529;128079000;47100;529000;3694800;405000;1955500;22167500;16479400;48837700;63249000;4415000;83681100;;5769300;26531900;5946700;11374500;3942520000
2019-08-26;104174400;20312600;318208000;21166000;8773600;61600000;8209500;41499100;1441900;7754400;7343900;3966400;8889500;2918300;2565500;17807100;5661500;9226900;2553100;5200400;4661100;11634356;75778500;19600;210500;1427100;332000;1386900;17463000;11153800;29475000;46957000;2184400;50612500;;3680200;8975400;3094900;8582300;2859790000
2019-08-27;103493200;23102100;290968000;23460000;14399600;60394000;14331800;52517000;1513300;4022100;9490900;4237100;20183800;4988100;2945200;17201100;6996300;13537000;2070000;3160700;3740300;13255982;81243000;54900;521300;1946400;504000;1591700;17806800;7303100;35365200;63094000;2169400;53229200;;4311700;6516500;3069000;13853100;3537490000
2019-08-28;63755200;17393300;255612000;16810000;9386100;48394000;10585500;45897900;1437800;4401900;9647400;4153500;9878800;4847600;1744400;16113000;4600300;10046400;2146100;3187900;2402000;11576392;48382500;32800;227000;2338400;385300;2746300;11361500;5678500;19637300;39557000;2306900;55835900;;3066700;5326800;3404900;7499000;3102480000
2019-08-29;83962000;20168700;357976000;19636000;10128700;60302000;10002200;55432900;1816800;4679200;9004100;4467300;6749900;4052500;2708600;15811500;5011500;9262800;2729800;3442900;2717500;11785596;77692500;34200;306400;1490100;394800;1838700;15625300;7348400;19795100;43885000;2297200;44422800;;4184200;5979900;3328100;6858000;3177150000
2019-08-30;84573600;23940100;290616000;18064000;10774500;61174000;10170300;41326200;1529600;4061200;9180800;4881100;7371100;3384100;2870700;17115900;6007100;8746700;2733700;2912000;3147000;9494847;139809000;41400;228900;1349100;289800;3027000;10814700;8465300;18764900;44464000;2600300;40307000;;3768300;7591000;3632000;7920000;3009910000
2019-09-03;80092000;18869300;296140000;25908000;9779400;70860000;9868800;50743100;2633600;4644000;9849700;5672500;5710200;3382300;3710300;17828100;4959300;12991400;3183100;3780600;4272200;13572847;80311500;21000;297800;3332800;419300;1391400;14793000;7580700;27719100;36828000;2350800;38029300;;4139400;4953800;3637000;10128000;3427830000
2019-09-04;76752400;17995900;227728000;21312000;11308000;46482000;6929200;40862500;1720600;4154800;6959200;4595600;4807200;4526100;3756400;17348700;5586900;10718100;2252200;3688400;2737100;18790362;86415000;37000;217000;2092700;379200;2254800;18704300;4923700;20068900;46525000;2631000;46614600;;3132900;3604500;3209100;10558300;3167900000
2019-09-05;95654800;26101800;695676000;26394000;13876700;66216000;13224700;63413700;2237900;6386800;9901500;5394300;4754100;4256900;4045900;17479200;7491900;13677000;2752100;5355100;3643300;17433537;110929500;53300;221200;1947400;306600;2848700;14098000;13480300;20749500;89668000;3808300;57861200;;3373100;5065400;3968800;10414500;3902600000
2019-09-06;77449200;20824500;376976000;18972000;15226800;49938000;7836600;56054100;1438800;7990900;10418500;4578200;6758300;4183200;2904700;13039200;5306900;9093500;1976500;3315700;3022600;8596517;62841000;35400;103100;1701700;198300;1910000;11194700;5128000;16202200;51666000;2783300;51673000;;3237900;4722300;3409400;11636100;3209340000
2019-09-09;109237600;25773900;417524000;31854000;14722400;59990000;13985100;68629300;2734500;7290500;12840200;5048000;7684700;3895600;4982300;17921100;7662400;10814900;2569600;4433300;4183300;10023906;72040500;11600;172000;2149900;583900;1721500;20136200;6885100;19617700;82327000;4795900;54413200;;4449100;6265500;4565000;17803800;4031120000
2019-09-10;127111600;28903400;352812000;27922000;15455900;52278000;14333100;71066200;2615800;15255200;13810800;8728800;8239500;4257600;6589500;14572200;9582200;12038200;6407600;8479700;4547200;12563304;73255500;37400;452800;1778000;1074000;1961300;19732300;9373900;17647900;123202000;8683800;48604800;;4210600;6249700;3878300;19976400;4393040000
2019-09-11;177158400;24726100;361512000;23522000;11761700;48656000;9919200;53982200;1886300;9113600;10525700;5509500;6203600;3168100;3404100;15852300;7565500;9740400;3393300;7592600;8437000;11455328;150642000;20900;426600;2421400;672900;1395400;16005900;6575700;20085500;74059000;6342300;50631700;;2978300;6242400;4437300;16749400;3934370000
2019-09-12;128906800;27010000;327840000;31644000;11419800;56470000;12283500;72943900;2913800;7748800;9100700;5818300;5250000;4713700;3578500;13422900;6194300;12357900;3439100;5594600;4495300;13666384;128718000;85700;229700;2400800;371800;2066800;10100100;5847100;16329600;50109000;5497900;53618300;;3366100;4993500;4598400;28184400;3796990000
2019-09-13;159053200;23363100;324592000;23676000;11441100;39426000;16257200;79657000;2722400;6103200;7337200;4885400;5369800;4523200;2842600;16915800;6777400;11486100;3791800;3704900;3628900;9146903;79696500;64000;207000;1435700;415600;2489900;8697300;5343700;16329800;65831000;4631100;47758800;;3805500;3763500;4244700;14736700;3557010000
2019-09-16;84632400;16731400;231832000;28218000;8444800;73510000;11993900;43391300;2205500;4253600;19830200;10683900;5101700;2973600;1728900;18270900;9626700;11172000;3437700;2876500;3055500;9178805;70921500;50800;243100;1664900;514800;2255000;29350600;3756500;14697200;53074000;2755100;52248500;;3120200;2592300;3472600;15204200;4285860000
2019-09-17;73274800;17814200;223048000;20806000;9671100;39648000;10735400;48284900;2429100;5924700;14452200;7246500;4976400;2392900;2438100;13813500;6377100;11347400;3667900;2888900;3269500;7614962;57981000;58700;229900;1286000;431300;1580700;14433600;4400800;17311500;47771000;2929500;35011700;;3732500;3028500;3862700;11111400;3673250000
2019-09-18;101360000;23982100;258152000;17440000;9681900;50112000;10665600;66640400;2474900;9542500;7292200;4801500;4373600;2960500;3132500;11868000;5684200;9700400;2534800;3005700;4186400;8079777;62553000;37700;334400;1591300;559400;1405600;8453800;5147500;14256800;78111000;2975900;47027500;;3341800;2951200;2732800;8911800;3458800000
2019-09-19;88242400;35772100;245476000;16554000;10392700;40630000;9382600;43035700;1596200;6964500;8050200;4034500;4730100;2666700;3929800;10141800;4525800;7560300;2552000;2725700;2928800;6808664;71937000;63700;246500;2598800;448200;1623400;9960300;5180900;25822600;84613000;2623800;41603000;;3134000;2947000;2735500;14855000;3265660000
2019-09-20;221652400;39167300;350244000;37692000;19934200;106838000;21862800;167269000;5458900;12820400;19736600;10420700;12053100;6220100;7517700;33997200;15362000;19211500;5979300;6412300;6643000;11542705;95295000;49200;492100;2630000;487900;1967400;9077900;9122000;25205800;238328000;5540800;79957400;;7687700;11733000;10700800;59517000;6103440000
2019-09-23;76662000;17139300;249712000;20798000;13327600;58446000;9135100;52048300;1485500;8803500;7495200;4705500;5183700;3281200;2611300;15487500;6060400;6485300;2812100;2723500;2674900;6723554;65103000;47600;219100;1609600;299800;1324500;7422400;5815700;15708100;134786000;3092000;44366800;;2754000;3642200;3075800;13863100;3187250000
2019-09-24;124763200;29773200;317268000;35804000;18546600;92320000;11696500;64806900;2837600;10039900;13307100;6232100;7102600;5006800;3480200;21819300;7633200;10093000;3049800;3370700;3533300;10702559;193372500;23400;244700;2825900;451600;2161500;5972000;10177800;15920100;163382000;4120300;72963000;;4511300;4120800;3709800;15354800;3872800000
2019-09-25;87613600;21382000;308432000;26798000;18068300;69864000;9389400;45807700;1593400;7797300;8035200;3762500;4522900;4658000;3093400;13840800;5812600;10248400;2414500;2354100;4705500;8799802;141406500;20500;174000;1834500;367900;1528900;10888800;5571600;14442200;116438000;4083600;58234800;;3716700;3445000;3291900;11607200;3331200000
2019-09-26;75334000;17456600;234564000;23166000;16083300;70736000;9899200;33198100;1685500;10419000;8420200;7834400;7545800;10444400;2266400;11960700;6984800;10031200;3053100;2227400;2520400;7469661;178267500;10200;206800;3019300;314100;1714300;8985700;3760300;15040000;76840000;2924600;40745400;;4200600;3837300;2823000;13324300;3084910000
2019-09-27;101408000;22477700;362056000;34122000;14656200;78144000;10207800;41336600;1530900;9212600;8224000;6850700;6006500;4834900;1906300;10304100;5589800;7939900;2333200;2214300;2730800;6121624;166746000;40500;184000;3503100;337300;5485400;9034100;5013200;15712600;73283000;3175700;54091100;;3152000;5858200;2843500;12391100;3246480000
2019-09-30;103909600;17280900;186184000;24470000;10740000;52894000;9755000;39191000;1794500;16464000;9768900;6108300;6552100;5286300;2516600;10204200;5206900;9808700;2488000;2795300;3183300;7040620;88197000;12600;169600;1781300;313900;1475900;5271200;4775800;21562100;67272000;3128700;37295600;;3249200;3671200;3167500;17445100;3249130000
2019-10-01;139223200;21466600;366008000;24504000;17073000;61690000;11250300;49434400;3156200;8146200;10279100;7116600;7673000;5523600;2203400;11187900;5415700;14261500;4811900;3718200;2943800;13799506;92439000;18500;137300;3441400;272900;1903100;12300100;7043700;20476000;86503000;3066400;37081800;;3335400;3172900;3511800;16443200;3560750000
2019-10-02;138449200;30521700;293372000;33030000;16151700;66022000;12548700;52293100;3386800;10596200;14503700;9702400;12051800;4921200;4483900;17833500;6755100;14343600;4171400;4255800;3698300;9534413;84471000;40300;210500;4262100;267200;3017800;14073600;5997500;30159200;76591000;4308900;43640700;;4336100;4432400;5938500;15923700;3914180000
2019-10-03;114426000;24132900;450588000;28368000;16086300;69364000;12735200;53015800;2914500;7242800;10788400;5315300;6997600;3375800;2735000;15619500;5171000;13817500;3499900;3110200;2623900;11762643;226267500;16000;363800;3077900;305300;2641200;15622900;5419400;28788300;89510000;3948100;56325200;;2777700;3660900;4307600;11268500;3515130000
2019-10-04;138478800;22897700;265524000;24282000;10430200;49438000;9453100;42641800;3021100;6027600;10534800;4757300;7233300;3700500;2865300;13881000;4377900;9295400;2220300;2442300;2008400;10487838;119925000;21000;100600;2642400;241400;1637700;13709200;4893600;23645900;98904000;2671400;34446700;;3163100;3259000;3571900;13659500;3005600000
2019-10-07;122306000;15303700;480984000;17040000;9178300;43094000;6771600;36742400;2202200;5248300;10993000;4694000;5427200;3843200;1460800;14085000;4749700;5964900;3057000;2334500;1931800;6454560;120963000;19200;127300;1931100;263800;1317600;10889000;4215500;26483800;65256000;2861900;39337200;;2917600;2704700;2720600;12352100;2959050000
2019-10-08;111820000;25550500;444436000;20086000;9466900;50840000;10806300;58201100;2654900;5336500;9748700;5323900;7870400;4817000;2802500;15375300;5545300;13301900;2555900;3530000;4030200;9129448;130173000;15400;115900;2957500;337600;1363400;13718200;8489600;29775800;62764000;2818900;44265700;;3438500;2613200;4185500;14771500;3370700000
2019-10-09;74770400;19749900;292412000;15948000;7556900;40870000;7273700;37511400;2443500;6277300;8580900;4601700;7787700;4483100;1636600;11710200;3775600;7135000;1745900;2557300;2774100;6589067;103416000;16900;126600;1487400;426100;1850200;9755100;5137500;17952200;67944000;2169600;35661500;;2657600;2273000;3206900;12803100;2735350000
2019-10-10;113013600;17654600;309124000;12842000;8605000;51504000;10994100;48239300;2108000;4762400;7100100;3555500;5119700;5252200;2736900;13024500;3943400;8942900;1853100;3242900;2723700;6128666;94249500;34600;90200;1357200;402700;2530000;12014200;5580600;20853600;108091000;2194700;40660100;;2781500;2687400;2979200;13789000;3234400000
2019-10-11;166795600;25446000;446404000;22330000;14930500;65100000;15076500;70008600;3334300;8754400;10101900;5134200;7161400;5891600;2554900;18383700;6292200;8981700;3945700;6747800;3935400;11202546;127131000;62900;140500;4992900;492400;3372200;13278700;7280800;37347000;87861000;3493000;66256900;;3459200;4663900;4408400;18675200;3581320000
2019-10-14;96427600;13304300;200040000;13296000;7006000;38204000;8779000;36040100;2286100;7240900;6234600;2571300;5700000;4075300;1341300;13719900;7360200;7306300;3088000;2851500;2124500;6832219;153075000;9700;245200;1206600;211600;1257300;8464100;4545300;15649600;55132000;2042500;44473700;;2183900;1556900;1902600;11079600;2559270000
2019-10-15;87360000;19695700;664124000;27584000;15039100;62234000;23379000;78656000;8241900;4400200;6645700;3742700;10008800;13397700;1760000;13550100;11113900;9564300;3766800;3289000;2836600;7791583;96492000;16900;122300;1542200;416600;6116200;9794500;5222500;17852000;76856000;3006600;41600700;;2663300;3942600;3055400;9150100;3345090000
2019-10-16;73903200;20751600;428944000;22986000;10516900;55268000;11087700;87131700;3405800;6509000;9765800;3608900;12434200;5368600;2314600;11344800;7973100;10454800;2891400;3038300;3657100;11605123;100261500;9800;228100;2232500;406900;2280600;11891300;6218000;29023100;161759000;2689400;42804400;;2388100;8988600;3233900;8912300;3230320000
2019-10-17;67585200;21460600;263436000;20958000;9603000;52948000;10818500;55575900;2876500;4887900;9757200;3722400;8434000;6301200;2018900;11732700;5956900;13190300;3340500;3418300;2397100;6552993;71539500;17100;186100;1442900;378100;2676200;16252800;5916700;23602000;382589000;2396600;36884400;;2250500;5024400;3575400;9917700;3103470000
2019-10-18;97433600;32273500;307440000;31624000;16874200;67250000;10417400;48872900;2207000;6311900;13472700;5679900;25868700;4922100;2207100;16776900;9016700;18122400;3518800;4329200;13544300;7827417;86247000;30300;358700;1788100;303000;2522500;15068700;6107000;21746900;234299000;4052300;39681700;;3662500;6080000;3581400;12562900;3268970000
2019-10-21;87247200;20078200;261868000;18094000;8122600;42608000;12714600;61087400;1934900;4898200;10199300;3926300;13823600;3029200;3944900;10230300;6731600;12778900;3684200;4225200;15493100;12155530;75304500;35900;225100;1389800;253300;3338200;9162200;5119800;22276400;125992000;2921200;52182800;;2041700;3358000;3337300;8256600;3271960000
2019-10-22;82293600;27431000;328720000;22862000;19537600;42234000;12549100;58662100;1868000;10094700;9536000;4095000;7613700;5660800;5708500;7634100;14410500;9533400;10265400;4681600;7949700;11459381;69012000;16900;330000;4385500;275300;1774100;25726000;4944500;32731600;118024000;5619500;36185200;;2003200;4460500;2716800;7777100;3527540000
2019-10-23;75828800;29844600;279916000;21282000;12300400;42764000;8828300;47771200;1574500;7122300;8641800;4148500;6693400;3706600;9047500;8520000;8249300;8556600;7943700;11295900;10960800;9547274;78916500;10800;223900;1642700;236000;1126200;19977700;5785700;30147500;71335000;5367000;26582200;;2110500;4761400;2413800;10491000;3413600000
2019-10-24;69275200;37029300;232020000;20224000;11413500;88922000;8020500;39491000;1266500;7872600;9003600;3873900;12111600;2546900;3304500;8700900;6725600;11051400;4955600;3916200;5382700;6848069;445813500;30300;224300;1440100;198500;1461400;21364400;5271200;18791200;48274000;3791900;27808000;;2173900;5280100;3147200;6449200;3696510000
2019-10-25;73477200;25959700;423092000;27104000;8061200;192528000;9055700;43702000;2602100;10130100;7607200;3369100;6947300;2815100;4234600;7692900;6093300;9782400;4773700;8319500;4058000;8458780;450091500;69000;277700;1659200;270100;1383600;25418700;6712300;26030500;47478000;2760200;45368800;;2210900;4991400;2539200;6307000;3379060000
2019-10-28;96572800;35280100;330792000;65428000;13657900;74178000;9522200;58790300;2707800;10086500;11209600;5076300;7876300;2957100;4168500;10213800;5459500;8866100;7711400;6174000;3234500;6371196;283054500;53100;292500;1098400;415200;1698200;16640700;9949800;18366000;62484000;3796600;51223600;;2705000;7576700;3521900;7280200;3524970000
2019-10-29;142839600;20589500;211236000;52654000;13574900;45538000;9797300;48266600;2030800;7572800;13894400;4548400;4506300;3528900;2987800;14373300;5659800;7999700;4454600;4427900;6113600;9180931;190264500;52300;239000;1771400;272100;1284200;17416800;4993600;16062000;43562000;4706700;78700100;;2558000;5477300;2630400;8333900;3594430000
2019-10-30;124522000;18496600;205960000;29204000;28734600;48988000;8513700;45262400;1584900;5374800;12840600;4690900;9627600;3299600;2424700;8988600;4734500;8620900;6332600;3948100;3997600;43326155;144627000;27500;106000;1630700;316100;1467400;24623400;3971000;24002100;93456000;3485500;78228800;;1956700;4724500;3296900;6284900;3779660000
2019-10-31;139162000;24605100;209732000;31904000;42286500;55624000;11589100;49430900;1876200;6830800;16169100;7177700;7686700;3960400;4124400;14643900;6399500;13982000;4961000;4037600;3868400;17381933;76005000;34100;208600;1978100;961500;1991900;22749200;5693700;27495700;50900000;5356000;67881600;;2824100;4578300;4305500;8260600;4149310000
2019-11-01;151125200;33128400;283640000;28812000;21711800;55808000;11682600;41985300;2112300;7000200;14108700;7684700;5541800;2919600;2629100;11287800;6010200;9889500;4192400;6220200;3538200;16462897;95758500;29900;123700;2133600;2169600;2355800;36600800;8620300;36244000;55943000;2880000;64238600;;2197400;4771100;4777800;7313600;3956290000
2019-11-04;103272000;16912000;376716000;30632000;16371300;55438000;9159900;54228600;2538100;7154800;15858200;10348800;6140300;3186400;3002100;13938000;10351400;17515100;17662100;5437800;3703000;19618249;131805000;64200;172000;1879700;1366200;2413700;33084500;8389200;16092600;55662000;3726600;83343800;;2542400;5748100;4149200;8757000;4178040000
2019-11-05;79897600;18250200;300868000;25148000;9942000;37710000;13747600;68785600;2525100;7447500;14930400;6971200;6257300;5393400;3357300;12651300;9239600;19284000;10496000;4516700;5468900;14321783;104151000;111600;233300;1357000;668500;1895700;25375200;7280000;19556200;40624000;4717500;84848600;;3624600;4015000;5321800;10759300;4490590000
2019-11-06;75864400;16575800;269012000;24626000;10973000;40596000;11231100;47524500;1863000;6992500;13996500;6104700;5450000;3668600;3973700;10843200;6756300;13288900;6473500;3736600;3815700;15650118;119113500;21200;171500;3852000;628000;1525600;37914100;9755300;29910100;34383000;3742900;51675100;;2631900;4207400;3662900;10572100;4465510000
2019-11-07;94940400;17786700;280340000;45140000;13473000;53022000;13528900;68310700;3748600;7227200;13073800;5440700;5873700;3646300;3076200;13324200;8909700;11725500;4820200;3816700;2834500;14261713;217009500;68600;233300;1261300;454300;2365100;19478700;30254000;23364200;59285000;4277800;54350200;;2832500;3802300;4394900;9677700;4151990000
2019-11-08;69986400;16732700;189100000;30392000;10760800;42466000;9293400;38724000;1610800;3894100;12106000;4249800;5003000;2200300;2224100;11498100;4249900;7141800;3499400;2776600;3218200;12535897;91038000;140800;185500;1611800;387600;2458500;24048500;16371300;40974000;45090000;2241300;39353900;;2088400;3265300;3346100;5869600;3508160000
2019-11-11;81821200;14362600;243436000;17234000;8631200;38920000;8679000;27784000;2754500;3617300;8674000;3870800;4371400;1765600;1770200;13317000;3850400;8198300;2746700;2205100;11483400;9144135;149800500;30600;165200;1866400;263700;1664300;12258900;11297700;19863000;39443000;2132600;43511100;;2309600;3541200;2380400;5018000;3041120000
2019-11-12;87388800;18641600;283504000;28852000;17615500;40752000;9099000;37282200;1891600;6118700;13918600;4503600;5228700;1892500;2273200;15189300;4759600;12656900;2930600;2843100;5769700;9819738;110391000;55400;264200;2516900;726100;1667100;18275200;9332100;40625500;57728000;2217200;58664500;;2991100;3710600;2657700;6184900;3495560000
2019-11-13;102734400;16919200;300188000;20538000;10860700;59790000;8023300;48887800;1756000;6138300;11773700;5076400;5885400;3289800;3250600;23135400;7262800;12257900;3405000;3194400;3453700;10830626;126301500;23200;215800;1689000;723700;1175900;20613800;9353200;36017800;91589000;3320600;67648300;;2399600;5389700;3190700;6802300;3513720000
2019-11-14;89182800;19729800;518080000;28948000;9040500;45296000;8483400;35554600;1483100;9811000;11279800;4882800;4217500;2101900;2627100;67512600;5188300;8660300;3173900;2581700;5339600;6177722;96973500;15500;480000;3426000;870700;1706300;19077400;8793600;21983100;65290000;2365900;65829500;;2282200;3820700;2831200;9056100;3282090000
2019-11-15;100206400;23485700;1053628000;39286000;11524300;78552000;10163600;36398300;1693100;7808800;11252800;5589600;10495100;10136000;4857400;30413100;7108600;8982400;2991300;2827400;5493100;7671582;72135000;375800;692300;2175600;864400;1984700;7297400;25490200;19268000;63338000;2544200;62958500;;3524700;3693000;3477000;7216900;3359800000
2019-11-18;86703200;21534000;574588000;27984000;16167200;56790000;8749300;31133700;1603400;7173700;10095600;4885300;9291800;6985200;3361600;19644000;7493700;13782000;3420300;2638600;3823800;10226930;66006000;42400;528700;1957500;624900;1134200;12656200;10360500;27592900;86166000;2715900;66102800;;5747400;5556700;3894200;6923300;3440140000
2019-11-19;76167200;23935700;414564000;21864000;19056800;45416000;8824500;33183700;1817100;8549900;12605500;8723000;5192200;4002000;3781600;11146200;5989000;12679500;2910500;2085100;6670200;9396375;115872000;48600;398200;2788000;512400;1430200;19430800;18091300;14172300;59180000;3013800;94373000;;14972200;4952900;3378100;7199500;3613670000
2019-11-20;106234400;25696800;472588000;28892000;12355400;55800000;11782800;43612200;2177700;6040500;16930700;5903100;7594400;4141600;3638200;15227700;6480000;11970300;3131300;3484700;3774800;9367744;100876500;53200;327200;4992300;584100;1323200;15963000;13045100;17550500;51118000;2903900;79767900;;10225400;8450300;4966000;9117000;4041010000
2019-11-21;121395200;18576100;288388000;25546000;12131000;53258000;7705500;42787600;1677700;5112200;14080900;5810900;6424900;3309900;2909500;12908400;7094200;7856100;3509500;3297700;2703800;8364300;91650000;45400;587400;3851400;638000;1089600;24467800;10180400;21463200;74884000;2777000;88069400;;7823700;5724200;3707600;8067100;3744010000
2019-11-22;65325200;15901800;224100000;27776000;9959800;49582000;8167900;38783900;1529100;6865600;12143600;4786800;9235800;2802700;3120100;11529300;4414900;9113300;2417700;2258300;3915700;7720858;253059000;36900;290800;4064400;433900;1178800;19382300;6166700;17604000;59701000;2968100;56931900;;5786500;3761900;2392800;6346900;3235270000
2019-11-25;84020400;22420900;506476000;23590000;15272300;69724000;10068500;50238800;2181800;5457800;10670000;7390000;6111900;4082900;2939300;17644500;5134300;10963500;3999600;3085200;3324400;11378143;185092500;41700;340600;4700200;463900;1103200;11056900;8964100;19792600;78739000;3760200;45769500;;8865400;5509300;3648500;7977700;3514310000
2019-11-26;105207600;24620100;385244000;21910000;11735500;63624000;10490700;50626600;1926300;7079000;15457000;10053100;10636500;2998600;4704900;18877500;8235200;13219800;3877200;2468100;2859000;12879647;119211000;20300;762600;2827800;525600;1204900;20629700;11584500;35957800;53210000;5712800;43603300;;9981400;5881400;3717800;12076900;4600450000
2019-11-27;65235600;15184400;215784000;18808000;12736600;60512000;6607900;32097700;1614600;11452700;8393900;4106100;5523000;2323900;1798200;10302300;3751400;9595200;4133000;2660200;4145000;9128706;83334000;36300;343500;1750500;229800;857800;14182500;5215000;17854600;40969000;2163500;33630100;;6687500;4012800;3945500;5790000;3035470000
2019-11-29;46617600;11977300;141556000;12802000;7985200;38468000;5712000;19503400;770400;3139100;7980800;3271000;3278900;1520900;1243900;9471900;2927300;7222300;2815500;1652500;1390900;4562336;36984000;41600;176800;1345200;297900;820800;9071600;3882400;12996700;24117000;1754400;17609900;;2952900;2432500;2256500;6479400;1743420000
2019-12-02;94487200;27418400;372036000;26538000;11503400;78512000;8615600;47158800;2118500;6883200;11116900;5195200;4717100;2517100;2199700;17012700;6146200;13173800;3197500;2896200;4794500;13785963;91117500;26700;508700;2708300;506900;1924200;12078900;7668800;22724300;62188000;3062300;35710200;;4416300;5117400;3888100;14314000;3285750000
2019-12-03;114430400;24066000;465232000;25270000;11595300;67618000;10361300;58745100;3207100;4543300;12245800;6135800;5741400;3239200;2786000;19784400;6396200;14498300;3745300;3839600;4683500;12850515;98605500;34800;521300;1997000;414800;1089200;11834000;11126100;11465600;49928000;2528300;51556400;;6505400;6216400;4480100;11963700;3671580000
2019-12-04;67181600;17574700;273424000;35506000;8456300;53402000;10318200;46637900;1583600;10650400;11049700;5706700;7257300;2694200;2597000;16669800;6857300;13624000;2217200;2484600;3014200;8777551;82995000;16000;221400;1698600;251300;1300000;18338600;8477400;16684100;35121000;2743300;44299400;;4256200;17803300;2667700;11436800;3702980000
2019-12-05;74424400;17869100;184884000;24408000;9740400;56476000;9587400;38304500;1329300;4638600;13109000;5517500;5472900;3357300;3003200;13058400;7029200;14068100;2819600;2277700;4719600;9484775;55869000;11900;216000;3594200;266000;1107100;19538900;6358300;18898500;46155000;2580300;35574000;;4580500;7126600;2319300;10557400;3360480000
2019-12-06;106075600;16403500;232236000;32968000;12270600;62348000;10170600;50908500;4229400;14526700;13710800;6735300;6640400;2828900;2462800;13022400;7150900;7843500;3095100;2271400;2856100;10151591;114186000;31400;282000;3085600;315500;839100;12016100;6860400;22502500;44578000;2425200;31101400;;4193700;4751200;3447700;9088600;3483310000
2019-12-09;128042400;16687400;211880000;30842000;11954800;48856000;8498200;32974500;2134600;10233100;12397700;4736100;4241000;2697100;2335100;14448000;7452800;13887200;2227500;1585100;2844600;5356135;135346500;45300;110600;1899800;364700;1416700;13185900;8382900;19348200;57484000;1903000;27928100;;5111100;3709000;2601000;11996700;3400470000
2019-12-10;90420400;16476100;256388000;17606000;9475700;50286000;7532900;41960100;1854100;8625700;14281800;4886800;5310300;2515300;3592600;12846900;4740100;8993900;2470100;1888900;2920900;4971956;132424500;19400;172900;1664000;306700;1325400;11455300;8082200;14702500;104761000;2514300;33733600;;4663000;4074700;2688900;10719700;3346310000
2019-12-11;78756800;18856600;233796000;20480000;8036800;41952000;9011900;43107800;1778600;7138800;13748400;7039600;6631500;2751300;3438100;10519200;4823300;8879100;2490300;2265700;7369100;7365872;103467000;828800;113800;1795700;462500;2063700;14980800;9571500;18237900;55898000;2298100;31698300;;8284800;4867500;3546600;12159600;3257650000
2019-12-12;137310400;24612100;404348000;29114000;23734800;61918000;13717400;64942500;2974300;11192100;17068500;6462000;5012400;2996200;2959400;12447000;5897800;11233300;3024700;3714100;5970000;20039606;116458500;748600;317100;1847000;365400;1809200;13028100;12164600;32938800;47666000;2746400;86878000;;9915100;5353900;5121900;15413200;4003200000
2019-12-13;133587600;23845400;454704000;33170000;18798000;54914000;10592100;48539600;1908200;8558100;12274500;4863400;4257200;3599300;3343900;16098900;5471600;13072200;2077900;3311700;4526300;10560930;98563500;251100;169600;2851200;631400;1651000;31002700;12269100;31512800;38797000;3565400;79927800;;6869200;5742300;3160500;21427700;3757650000
2019-12-16;128186000;24144200;320976000;28128000;14911500;62904000;11372000;50777100;3218400;8249900;15208700;5619300;5353100;4663600;3468400;16052100;8281900;9538100;3650100;2414800;16488200;11137921;272613000;129900;167600;1964000;379600;1797300;20585900;8719100;31379300;46589000;4210700;58824900;;5850300;5370000;4278800;19951000;4070200000
2019-12-17;114158400;25425600;321196000;32948000;10175700;72888000;11546800;50840500;3590000;10208700;14450700;6755500;10722400;4409100;6718800;13727400;8832200;9230000;3338200;2850800;13526400;8376439;127452000;394500;221900;1462700;253200;1392800;12608100;7485900;22327800;104271000;3354500;44852000;;7574400;4789600;4867400;19778400;3842940000
2019-12-18;116028400;24129200;343548000;23330000;23274400;67028000;10381500;48757900;2280800;8968500;13652300;7496700;7849200;3621600;8173000;15309000;8607600;15132100;4287700;2629500;7029300;15133639;211815000;130900;305700;1735700;464800;1313300;21844500;5860600;31047500;112074000;2902700;39083300;;6677400;4144800;5962300;14123100;4029950000
2019-12-19;98369200;24958900;445360000;28922000;16514600;53056000;9350400;45409500;2418100;5854200;13273200;6220300;9414700;2905900;4423400;13392300;6629100;13385900;3345700;3576800;5492600;9090163;271606500;92500;346400;1722900;556300;1462700;10588500;7471400;26323000;98223000;2536900;45883000;;5405000;4185400;4432600;11910100;3784360000
2019-12-20;275978000;53477500;603044000;50090000;27306900;103016000;29992600;109395500;3715500;11259500;35092000;12171100;14532800;6608300;9229900;23863200;16250500;23832800;6415500;6805400;9489400;14775102;221290500;30100;374100;3751500;550500;1369300;14233600;17538000;29466500;99149000;5099400;68104700;;7778200;8586700;11572200;27423700;6457480000
2019-12-23;98572000;17718200;355060000;19936000;13348900;42728000;9738400;33995400;1670400;5831700;14172500;5875000;6558700;2098900;2473400;13457400;6619500;9300800;2388900;2346500;9534800;8834673;199794000;44000;161800;4348700;264800;1459900;12685600;7274700;25643900;57653000;3590500;55886500;;3943700;4368600;3504100;10591500;3064530000
2019-12-24;48478800;8989200;138864000;13468000;6046300;17626000;3324300;13805400;467700;2420900;3979400;1640100;4238900;714000;1215800;6682200;2022100;3359300;1152500;966200;4120100;4167022;120820500;13300;50900;973200;109000;405200;2875700;2435200;2671200;20193000;641100;44432200;;2260700;1238000;961100;3331700;1296530000
2019-12-26;93121200;14520600;182852000;23662000;9350700;120108000;6770900;26992100;1704000;5237000;8840200;3648600;3019300;1050600;1272000;12671400;4760400;6228500;1809600;1576900;4593400;6092672;159508500;96600;135500;2539500;175000;775400;9118300;5070000;18172400;35899000;1369200;57562800;;2649200;2155500;1725700;6702000;2164540000
2019-12-27;146266000;18412800;254644000;23212000;10284200;123732000;7868200;28111300;1343900;5448600;10516100;4138300;3432700;1547100;2161300;10632000;5192000;6895500;2263900;1544500;4124000;6013441;149185500;119300;147700;3284500;309200;728200;10012400;5808900;19300700;50361000;2042600;36581300;;3082800;3409900;2769400;7262000;2429150000
2019-12-30;144114400;16348400;258056000;19994000;10524300;73494000;6963000;30705100;1494500;4833600;12689400;4580200;2923300;1511700;1856200;8837400;3884300;6431700;2242400;1789200;4525500;9659851;188796000;57300;122400;4155100;333900;800400;9106300;6543100;22963000;43115000;2717600;41149700;;3952400;3197100;2769700;5936100;3021720000
2019-12-31;100805600;18369400;231004000;19514000;8953500;50130000;7201600;29630100;1447200;5273000;13151800;4215700;4435000;2224200;1549800;14736000;4798900;7982600;2278700;1952500;4958800;11367670;154285500;44000;110000;3002900;445200;784500;6602600;5173400;12361700;37133000;2478600;31673200;;3789900;3273500;3145200;7094500;2894760000
2020-01-02;135480400;22622100;237536000;27278000;12077100;80580000;10803700;37614200;3736300;8733000;12456400;5205000;5777000;2543400;2204200;20294700;8130800;11867700;3554200;3311900;4544400;17540015;142981500;70500;150400;2844400;589200;1814300;13764800;8413900;32603400;44858000;3272400;80331100;;3935700;5189300;3764000;13899600;3459930000
2020-01-03;146322800;21116200;205384000;23408000;11188400;75288000;10386800;50357900;2274500;4899700;17386900;6360900;5752400;2711400;1963500;16197600;7970500;11354500;2767600;3100600;3875900;17231837;266677500;83000;156200;5480900;320900;1561700;17661700;8340300;25873100;38069000;2501300;73127400;;3423200;3205400;3023900;11026700;3484700000
2020-01-06;118387200;20813700;262636000;46768000;17058900;81236000;10259000;42185000;3329300;10109500;20081900;9953000;7731300;3079100;2102900;19336500;6674400;14698300;4660400;2549600;5355000;22461009;151995000;74600;323600;2199100;209700;1492600;16614500;8381400;29152000;56631000;3307200;47934900;;5682800;8836200;4263000;10982400;3702460000
2020-01-07;108872000;21634100;314856000;34330000;14912400;80898000;10531300;34149000;5255200;4392300;17387700;7856900;7382900;2492900;2448300;20540700;7583400;9973900;4047400;2841900;9898600;14160793;268231500;78900;179500;1718400;480900;1627600;11277300;8377400;16933300;47032000;3182000;58061400;;5685400;8272700;3517000;12015400;3435910000
2020-01-08;132079200;27746500;277108000;35314000;13475000;70160000;9695300;45311600;3564700;5712000;15137700;7295900;6605800;3379200;5188600;17627400;5385100;10676000;5284200;2153200;8239200;11115771;467164500;44500;226300;3388200;334600;1420400;22534200;7619900;20006400;71045000;3224400;53767000;;4916200;7225100;3780300;11856700;3726840000
2020-01-09;170108400;21385000;255112000;33200000;12642800;63346000;9469000;39861600;3980700;6748000;14811800;7345300;6112700;2838200;4522800;16691100;5944000;15398000;5971600;2272500;8175600;7900488;426606000;41000;175500;1979400;413800;1778800;13372500;9155500;21390400;47093000;3292600;76512800;;4843600;5952900;3497300;10671000;3641230000
2020-01-10;140644800;20725900;316296000;26258000;12119400;57074000;10190900;39730400;2248100;6586400;11995600;6393800;5042600;2477900;4177600;18164400;3927100;13040100;2336400;2393700;7161700;11767739;194392500;84700;379500;2498500;680200;1104800;10099200;9668300;21494000;47183000;2948000;44133700;;4226600;5111800;2572900;9734800;3214580000
2020-01-13;121532000;21626500;319840000;30730000;14463400;55616000;12355200;37956100;3359200;11290500;9953900;6846700;4593200;6994900;5117100;18337800;8409200;14302900;2784200;3355200;5648500;13274420;397764000;106700;174600;3960100;660800;1370200;19171900;10367800;16496300;62900000;3236400;34266800;;6060900;6202600;3286700;10858900;3459390000
2020-01-14;161954400;23477400;359088000;26076000;13288900;68818000;24906000;66719300;4302800;6236500;16261000;7189100;7037500;6056300;4685200;19757400;7829700;16345300;2622700;2742200;6945300;9034667;434943000;49200;190200;3855900;976500;1148300;12522800;7800100;15596400;71994000;4951400;38563200;;3915100;4342300;3355400;12627200;3687620000
2020-01-15;121923600;21417900;263104000;21550000;10036500;57932000;16293400;74745500;5411200;10831100;11390300;5808800;4960300;6081300;3676500;22362600;4843700;17735400;3369400;2640500;4578300;9239517;260532000;95800;299700;4309800;592400;1497100;18859300;7259100;24454600;51580000;4664200;40199900;;3444300;3886600;2662500;9090800;3721490000
2020-01-16;108829200;23865400;284192000;26080000;10015300;53190000;10783800;50368500;3968400;9983700;13340300;7022000;6476000;3710300;3794800;16108200;6233700;10234100;2726700;3070900;4024100;7358067;326050500;45300;177800;1908000;315200;1003300;16989500;9295500;21051900;50160000;3323300;58898900;;5390800;3485300;3036400;9866000;3540580000
2020-01-17;137816400;34371700;253792000;52424000;15905900;79946000;14697700;54156100;3108400;12518900;18144100;7885900;9083600;4632200;5393200;30135000;11315200;14264300;3540400;3331500;11061700;9345794;204436500;58200;189300;1907100;359200;1762100;18986400;23694400;30371300;60665000;4821000;57722500;;7979200;4577000;6603800;11166600;3726220000
2020-01-21;110843200;29517200;217916000;48930000;14275800;74156000;8474200;50811000;2492400;14861700;17982600;8470300;9543900;4962800;4849500;22061100;8553100;11968900;4100500;2476700;19318000;8775485;267052500;100100;295500;2795100;590900;2107400;18235400;10868500;24647200;143503000;5998600;49095000;;4873500;6302400;5840700;8773000;4104840000
2020-01-22;101832400;24138800;239240000;28458000;12212800;64326000;7549100;38879700;2030900;8065000;17033100;5589900;10305300;3117600;2742100;14778300;7396700;12869600;2757400;3602400;18792600;12428998;470535000;54500;335900;1395400;357200;2038900;11145500;8342300;17764500;217300000;3518500;40772200;;4030800;4781800;3164300;6380500;3623780000
2020-01-23;104472000;19680800;244516000;26650000;11195000;49692000;9345700;45717100;2806800;8520800;19605900;8007800;8671900;3169600;3138700;12915300;11096500;12858900;3378200;3182700;9702100;14679157;294765000;132100;304000;3413300;265900;2689200;20195400;11282000;20861500;182003000;4188300;40135400;;4617900;4369000;4750000;6583200;3766710000
2020-01-24;146537600;24918100;373512000;29786000;11905800;75324000;15166400;47797200;2877400;7812900;18238600;6920000;9051900;3678500;3183300;13150200;9508600;8594300;3106300;2526200;17798200;11912960;215304000;37100;191900;4309700;272900;1736400;19882500;9471700;17432500;179397000;3634700;80004900;;4467500;4653600;4022500;6426000;3708780000
2020-01-27;161940000;32078100;470536000;34132000;13810700;70570000;12860500;57096200;2506200;7198900;21231000;7609800;7587100;4399400;2826400;21055200;9338400;14359900;3389300;2920500;7468100;9602991;204121500;123800;883000;2580300;338200;2357400;21233900;9240200;33508800;77095000;4367500;48878600;;3595600;4239400;5454000;8259100;3831050000
2020-01-28;162234000;24899900;310976000;29724000;13413800;56160000;13062800;38834600;3123000;7215700;19664700;5771900;7336600;4341000;2649100;15810600;6200200;15240200;3855200;2763800;5502200;12625782;176827500;48100;285500;2347300;359600;1479400;18520900;9187000;19273700;68216000;3486200;62343800;;3621900;3445300;3609300;8620300;3531570000
2020-01-29;216229200;34754500;258848000;21566000;33181300;41760000;9326000;37414700;3711600;7041700;14202800;4772800;6288600;3963800;2815500;11326500;5271000;13163600;5734800;2620000;12454700;44278356;267022500;31800;365700;1585400;367400;1067500;17033300;8158500;20125500;76435000;4389400;112349900;;2564000;2785500;2310400;6332500;3600250000
2020-01-30;126743200;51597500;290504000;27110000;48775500;126548000;9048900;50542800;3261700;8571900;18544700;8382700;6470600;4211800;5243400;13744500;5894400;20225600;3560700;3862600;6022000;19154638;435085500;37500;280800;4027100;266800;1367600;20339800;8379400;33372200;53281000;3512100;70460200;;4685700;3715700;3350900;7176200;3790350000
2020-01-31;199588400;36142700;370420000;43822000;31359900;311346000;12785200;54845300;3482800;16699600;34282900;13699600;8651700;5532600;3913500;23327400;6612900;17685200;3920800;6785700;4999600;15646447;235789500;52200;284600;3398500;302000;3023700;17441700;9503600;32579400;52300000;5586800;60322400;;5304700;4193300;3948200;8884700;4529700000
2020-02-03;173788400;30107000;255564000;71636000;15495600;117834000;10021100;48485500;2733000;10885900;27389300;8785500;5765200;5646800;5137800;13041300;6052300;12333600;3539200;4385300;4841800;10105766;705975000;38300;219800;2085500;340000;1325100;13380100;7792700;21865600;66706000;4240100;46983500;;5100900;4755200;3525000;8892500;3760460000
2020-02-04;136616400;36433300;271544000;95880000;19628900;105786000;9157100;45061600;3052500;10205900;31922100;9909000;6541400;4290200;3177500;15696600;6512200;15417900;3367900;3501600;3779800;8905297;914082000;72800;204300;3072900;506100;1809700;23990800;9236400;24420900;71615000;4158200;46302100;;3505100;3983200;3642600;9769800;3996900000
2020-02-05;118826800;39186300;208220000;36376000;12538200;87524000;10150700;54604800;3126600;8672400;32099200;6914100;5979900;5761000;4060900;17048700;6125400;11414900;2911400;4448100;6071800;10046658;726357000;60400;299200;7266900;654300;1602400;32985300;14220900;25665500;64370000;3868000;42737100;;3868600;6162700;3360500;9612900;4121480000
2020-02-06;105425600;27751400;218284000;37822000;10567500;63660000;8992300;39511500;2225600;7001200;16055400;6274000;6201200;3044000;3285000;16058700;9102700;9347000;2903300;2283800;12845500;12763278;598212000;59400;314000;3570500;395500;1229300;104398900;21059000;30893800;39204000;3422000;48670600;;3930300;4102700;2799400;8832000;3887250000
2020-02-07;117684000;33529100;189752000;28360000;12242500;101906000;6379800;31263000;3006500;5691100;15112500;4830100;5700300;3425900;2670400;11068800;5915100;8757800;2421600;3812300;5337800;13369743;255952500;69200;157900;2062900;960400;1305900;39589600;10725100;26130000;43852000;2584200;53107600;;2456100;3713100;2882800;7864800;3733920000
2020-02-10;109348800;35844300;529608000;38302000;11856400;101124000;5960700;24373800;2591300;6239500;20934500;6011800;4835600;3147400;4892100;18434700;5216100;7984900;2318800;2331600;5876400;6720424;370338000;46800;277300;1948200;696300;1190600;29054300;7481300;32519100;52941000;3848100;60971700;;2568000;3873500;2944600;7198200;3462730000
2020-02-11;94323200;53159900;638556000;34852000;25030800;114920000;6578600;32476300;2238800;10231900;14908700;6072700;3715300;2992200;2976400;17390400;6105700;7431200;2694500;2381900;5311500;8202487;175462500;43400;277300;2229200;1452100;1528100;26408400;9452800;28919800;47729000;3449300;74719100;;2692400;4299200;2916400;8466600;3762940000
2020-02-12;113730400;47062900;374644000;31042000;13813700;66686000;7958000;36656700;2119200;7355800;17862100;5725700;5166800;6701900;3953200;14206800;6031700;9179100;2844900;3222000;4421500;13184414;180337500;86000;288900;2463800;926500;1620700;24175400;9824200;23323500;46248000;2451000;45994900;;3592100;4535400;3785200;7541100;3930910000
2020-02-13;94747600;35295800;528016000;22914000;15396600;60636000;7447500;31775100;1461300;9495300;16949400;5991900;5480200;3565500;3455500;15999600;7159000;8173200;2853400;3318800;3783100;10234936;394339500;38700;180400;2553900;1111000;1053700;21952600;8428300;22242500;44854000;3001000;51640000;;2468100;3132100;2838500;8480100;3500890000
2020-02-14;80113600;23149500;1041924000;23198000;10741700;52124000;6627600;26447700;1718700;6548800;10855300;5148700;5716300;2485600;2273700;24391800;5889100;9965500;1720400;2813400;4199800;7416954;235405500;14200;189600;1374300;967900;1369200;14207900;6256500;19206400;37363000;2716300;52365400;;2841600;3599400;2506200;7496800;3419700000
2020-02-18;152531200;27792200;620164000;25642000;15609200;58912000;8996400;40318000;2736500;7651500;18948500;4975800;7230700;3241700;2858200;34539600;6767600;10075700;2712600;3869700;2904600;8820688;245725500;50100;188900;1951400;914800;796700;20754800;7248100;20304600;51739000;3597300;70133200;;2892600;4957000;3153000;7185700;3750400000
2020-02-19;93984000;29997500;694332000;22746000;12135100;51224000;7071200;29632100;2207100;5927500;12804900;5887500;6115200;3021100;3082800;21563400;4734000;6265700;2229500;2134900;4935700;11010597;381345000;32800;266200;1405500;530000;904800;16214300;7820900;16095500;48964000;3040300;58597300;;2713300;3903200;3187000;6819200;3614200000
2020-02-20;100566000;36862400;810052000;25962000;13109200;62626000;7422800;42604100;3183700;8531900;14817200;4466600;7464700;2885500;3417000;15068700;6094600;7597200;2869400;2678200;2807500;7937566;264523500;76800;461200;2381300;730800;1242200;21453600;9754900;29010400;40794000;4316000;74203400;;3701800;5451200;3547700;6114600;4019180000
2020-02-21;129554000;48572600;768180000;42520000;14092300;92926000;9772800;46675500;3081600;9231500;20315700;6443900;7776800;2987100;2900900;18726300;8723900;10842400;2791200;2855600;3709900;8611565;214722000;70900;823100;2149200;562800;2570100;22637200;12257600;28883300;39301000;4997100;88271100;;3881100;5242100;4699100;9078600;3908780000
2020-02-24;222195200;68311100;856916000;49560000;23080100;130940000;13618400;79159600;4139400;13316800;32096600;9539800;10588900;8790600;4727400;19848000;7533900;14415500;4218800;4964800;6073200;14240786;227883000;81600;632400;4531700;1280900;2846500;38318000;12158500;40702800;69364000;7816000;86624100;;5350100;8463300;7932400;10992500;4851160000
2020-02-25;230673600;68073300;1055496000;51580000;21433500;124382000;20797200;91586800;5343100;18539000;36414500;12871900;10529000;8171200;3401600;23292900;8903200;15915100;5053700;4840200;8052500;16269102;259357500;76800;441300;4565200;1260900;2730600;26389700;14725000;35755900;64812000;12715700;88699400;;8061500;11361100;8558600;12202600;5596760000
2020-02-26;198054800;56206100;747732000;49776000;16524500;104492000;24825600;80012800;4171100;14214700;29801000;11990400;10093800;6806600;4659000;20019900;6894200;15837800;4190800;3902500;6987300;18682881;211282500;38400;466200;5381800;1290200;2398100;41263500;13125000;60971400;89341000;9403300;86378400;;6963000;13923100;6901700;16413100;5484650000
2020-02-27;320605600;93174900;906416000;62290000;21682600;162880000;23005500;121148300;5848200;17536600;48141300;15783700;12566700;7604300;4292800;28476900;13298900;23754000;6406200;7369000;10982400;18910102;364158000;223000;729100;6086300;869700;4810000;41795900;17898300;64789800;109677000;13814600;106416200;;7612800;9927300;10941800;16161100;7064710000
2020-02-28;426510000;97012700;1133252000;80198000;32568900;189620000;45931400;171198800;6727100;22659000;62446700;20835100;19820300;9961000;7898300;52369200;22784300;40890600;11324000;8300700;15364300;30359552;363343500;81100;583100;8506700;1050900;7003300;46881600;20843300;57037100;111686000;12846000;100331800;;11809600;12640800;15147200;24426000;8569570000
2020-03-02;341397200;71030800;890744000;55430000;24949000;135234000;27355400;147776300;5285500;17434500;38127600;15050800;11508200;8866300;7355700;51222600;12399800;25698600;6154200;6100200;11012300;25039892;302925000;41700;516200;6159600;644400;6370300;29931200;15043400;58050300;69979000;9688100;102324700;;7150800;7761000;10395800;17328500;6381330000
2020-03-03;319475600;71677000;652792000;56602000;27984100;150690000;32547700;138698500;5677200;15226400;50580700;16525500;13662500;9188100;6936600;33340800;12510900;27099200;5115200;6358100;7499300;21919391;386760000;51600;414300;7118900;606500;6984400;37360900;16356200;63787600;83646000;8051100;141972300;;8432500;8323500;10716100;21830500;6376510000
2020-03-04;219178400;49814400;597408000;47598000;23062500;95458000;25795900;111239800;3520400;10789100;24079600;14753000;10560500;14533000;5301900;24625200;9459300;20526100;4260400;5074700;6986100;16665500;225735000;10600;247900;4937600;471600;3222800;23901800;9894900;32017500;54873000;6463800;93311800;;6770000;5846300;7408700;14813700;5073020000
2020-03-05;187572800;47817300;540328000;54380000;19333400;94964000;25025600;110878700;4151500;10106900;40788200;12814400;11339200;5908400;6882100;25638300;9363500;17948500;4107200;6015300;14669100;21686251;162790500;26100;173400;3456900;403400;4025300;42527900;9396200;54432300;87470000;6621300;98302700;;6473900;5797500;8112700;15843000;5579290000
2020-03-06;226176800;72821100;515412000;64640000;24559600;105472000;38159400;119121200;5071900;15183200;55640500;16861900;12239100;5361900;8010700;29411100;9817400;22353900;6360100;5767900;12861800;29787216;189943500;29200;353400;3915500;599800;4163800;52078200;11536500;75505100;81472000;7061500;124590900;;7399900;9757700;9443500;24581400;6555240000
2020-03-09;286744800;70419300;614160000;69252000;29949000;156264000;40352000;145196000;6443000;20486400;72896300;30595500;13848600;8070700;5351300;59243400;13116500;27898300;7788500;8636200;11585500;24558063;256105500;64700;616300;4898000;1046300;6536000;95745000;13898500;73650500;74055000;8498300;80859800;;10120500;9657100;13950500;25949300;8441290000
2020-03-10;285290000;65354400;580648000;54872000;24517800;142666000;31102700;134863600;6803900;16119400;60445900;22642900;12698100;7366000;5961200;37797300;11419100;27457400;5835200;8293200;13059600;19850767;233916000;593600;390100;4877800;808800;5030100;54755700;13615600;47720100;76044000;8131400;76228200;;7206600;11443900;10929200;27067700;7642040000
2020-03-11;255598800;56371600;499964000;54732000;20373900;112496000;38127000;127347000;5314000;14598200;51986100;18412800;17763400;7744600;7211800;31620000;16456000;22653900;5625100;6543600;28503500;20746329;199837500;301100;367100;6625100;579800;5598100;55715500;13376500;76176800;60360000;8366800;101601100;;7253900;10341300;9573900;24139200;7431200000
2020-03-12;418474000;93226400;816540000;94326000;43266300;226924000;49725200;139552600;8357700;27467700;65725300;25768200;21539200;10496600;7836300;56323200;20988000;31913100;9079300;10285900;31734400;31583435;283636500;68800;405900;7480200;1437400;6720900;86571700;19386200;72411400;120716000;15031500;107461500;;10928700;13213000;22293800;24123800;8850810000
2020-03-13;370732000;92727400;634836000;79400000;35028600;176194000;38543300;128357400;6368400;19948900;79891500;23497500;20084200;9308400;6841700;42962100;17378700;33697200;8042600;8718600;21168500;22099041;339604500;30500;393700;8756000;1229400;4905700;59809100;15971400;61942200;94582000;9934900;86689700;;10292300;13765400;14859100;28339400;8299070000
2020-03-16;322423600;87905900;726972000;96520000;39120400;178346000;38589700;121688800;6888000;23692000;48924700;17535300;18877900;10303500;6619700;36753900;17367400;28682300;9341300;9899000;26844400;23255932;307342500;166900;576800;4581500;906800;3482600;35275300;16134700;61370300;105599000;12111500;84545900;;12536600;13845300;14168600;27493700;7805450000
2020-03-17;324056000;81059800;833632000;83194000;34255600;218342000;35239800;120065700;6876300;22298000;41204400;22684200;18911800;9642200;8909200;52806000;19451400;32106700;13708200;7206100;54492200;24121739;359919000;45600;544400;4414300;1124600;2965500;51896200;16864500;50296100;100139000;12665200;92741900;;16234400;12191500;15072400;25588900;8370250000
2020-03-18;300233600;81593200;874268000;93044000;37553100;192904000;41525600;148272500;9543200;22787500;54036400;24947300;17521100;12917500;6734600;77355900;23139200;35408300;12627600;6995100;61943200;27873844;356793000;70300;612400;6421900;1072100;3420800;49017000;18381200;38725100;125936000;11352800;106949300;;14681900;12988200;16669300;29557000;8799300000
2020-03-19;271857200;85922700;765512000;74064000;39862300;207998000;32175100;122461300;6548200;19362800;49412400;29871000;18482300;8065200;6554800;57100500;16428100;41956900;12773400;6870800;40210600;19861762;452932500;71700;571700;4073000;673000;3744400;56339600;17127400;49162100;106160000;9126400;88939000;;13499100;10444000;12488100;20159100;7956100000
2020-03-20;401693200;84866200;804636000;82878000;32568400;196358000;30150800;150910400;7561300;18692100;76534600;26960400;19785100;9364100;9113500;55423500;19922900;51513500;12000000;7650300;41370700;25306037;424282500;54300;837400;5778000;822200;3702000;38227800;16591500;45808500;108538000;10518600;106859500;;12602400;12450100;15213600;26340800;9053950000
2020-03-23;336752800;78975200;643876000;83672000;29830800;156170000;32536600;181898500;5472600;30344100;56952500;23764000;20815200;10654500;7299300;39366000;17776800;44978500;10660400;6737500;46140100;21193467;246817500;478100;551800;3351500;897700;4318800;35837600;14920300;50448200;134494000;11588700;101704700;;12241600;11898300;16501500;23063700;7411380000
2020-03-24;287531200;82516700;1101644000;72468000;30440400;142942000;34363200;147882400;6647400;24488300;61835600;29198800;17604800;8894400;6827300;42705000;14625500;49096200;11678400;7417100;43683100;23974833;343428000;87500;519100;3932900;839200;4076500;40989000;18966800;38398900;116387000;11654800;106794200;;14676600;11834400;14075100;19323700;7563150000
2020-03-25;303602000;75638200;793432000;90324000;35184300;129582000;38111700;146991300;8587800;20619600;56607700;22560100;13986100;10014000;6472100;53287500;13789100;42511700;9708700;6578100;77826000;27665082;318340500;98700;396100;2555200;880000;4558700;48862700;15969800;45768900;87672000;12642700;93760400;;11497400;10639300;13851200;25625800;8300010000
2020-03-26;252087200;64568100;696108000;76562000;26556800;124426000;29826300;116111400;6762200;17062900;46722000;24129100;15066800;7517600;6723600;58250700;15796000;37821700;8259900;6059600;63267300;24714600;260710500;57600;524700;3225600;1047700;3325500;41292300;15820300;42902500;72296000;9957900;73680200;;10170300;8573100;14131400;22417900;7766990000
2020-03-27;204216800;57042300;638828000;62794000;24879900;107758000;30041500;91522800;4186700;14950700;51558600;20411500;12133200;4879500;4717400;36160500;16073100;23297900;6441400;5746500;47880200;18719196;215661000;25400;296400;1783700;578200;2730500;35197200;9739100;54952700;79488000;7819300;74599200;;7121700;8273500;10259500;20025300;6201670000
2020-03-30;167976400;63420300;602252000;58736000;22515200;122522000;21656900;80449100;4152800;15714500;45835000;18486800;21754000;5329000;5057400;29212500;14571600;23446000;5621700;5725600;51052500;17425331;179971500;33300;294400;2800800;640000;3321100;25862600;9880800;36712500;86220000;5765800;68486600;;6936700;7650400;7672600;20611900;5751120000
2020-03-31;197002000;77927200;949960000;65228000;23676300;102472000;23379300;95213700;3588200;20613100;41491600;18514200;15746100;5450000;7560100;26258400;21691000;25373900;4519900;8970800;29954000;24307107;266572500;78200;249800;2075700;662000;3434400;37015700;13213900;25303900;93665000;10373900;83483700;;7335400;10429700;8996800;15802000;6576210000
2020-04-01;176218400;57969900;656912000;51970000;19507600;82438000;28029600;83961300;4689100;12595200;36045900;14362000;12606100;4548800;3297900;28269600;11095800;21936400;4668900;6847000;41899700;19974760;200298000;58700;516600;3146000;965500;3913100;26865900;14167900;24245700;66725000;6646200;92083100;;7858200;8737600;8682700;17918200;5964000000
2020-04-02;165934000;49630700;675764000;56410000;20886300;86720000;24018000;70007400;4446900;14051100;62000200;23220600;11594500;4636800;4725000;29515500;9168800;17621900;4803200;8106500;42372400;19561750;297876000;68700;869400;2055700;795000;2874700;60850400;15432900;26836500;45925000;6446600;79024100;;6353900;8150500;7271900;16434400;6464190000
2020-04-03;129880000;41243300;663212000;51374000;25983300;72198000;21199400;68293500;2801600;11994700;48425700;14905400;10071200;4650300;4013200;28625100;7768700;14207100;5050400;5036400;37347400;19622924;338431500;44500;570400;1616700;868500;3410800;37905400;8600700;28789200;48608000;4163000;79335000;;7299800;6004400;6643700;13362500;6096970000
2020-04-06;201820400;67111700;727884000;63320000;28453600;115464000;26820800;97766200;4689400;16479100;41301900;17334900;14994400;6365900;4159900;47768700;16848400;22850000;8330900;5785600;51085500;19672140;223527000;70100;688300;4806100;688300;3474500;38784400;12153100;33005300;81839000;8636700;82294000;;7454000;12296800;9935500;13845800;6403840000
2020-04-07;202887200;62769000;784520000;61620000;31411900;102280000;22563800;94560300;4953500;15379000;48921800;16394800;11567100;4984100;3900600;41369700;14438400;21279600;7848300;8489900;56699100;19278732;268797000;117200;556300;4070300;711400;3004400;41449700;11285600;39329600;70464000;8627300;102098700;;6438800;7859500;8148200;14063000;7050410000
2020-04-08;168895200;48318200;542444000;40334000;21664200;79546000;22903300;81212300;5194800;11146500;33355600;12284800;10758200;6390200;4006600;27876600;12564500;18937100;5665700;4686100;41351000;18589124;189840000;64400;295100;2276200;391200;1916600;31724500;10695600;25857600;69089000;5690100;64930800;;6094700;7665500;6109900;15710700;5875710000
2020-04-09;161834800;51385100;525564000;54028000;23534300;92930000;42055900;125275700;6445800;12231800;60107300;17023800;11125400;4923300;4415300;32828700;12747300;19165300;4901300;4752100;37874200;25701070;204750000;87600;612800;2762900;497000;3412600;53332400;15459400;27283300;77113000;6662900;80270100;;7125100;7094600;10519600;15521200;7899550000
2020-04-13;131022800;41905300;398408000;38702000;19355400;134334000;26911900;83164700;4774300;14043700;29651900;13854700;8153200;2964900;2289000;24194100;7926700;19586000;3182500;10519600;26034100;18874790;337131000;60200;197800;1764600;401100;1557800;29172000;7896500;18622700;116929000;7114400;64290100;;4415600;5138600;7888600;12694800;5319530000
2020-04-14;194994800;52874300;530948000;63358000;21011800;161744000;46151300;88991100;4149600;9980500;30769000;14797600;13838000;4778900;3809600;34098900;10474200;21801900;3863800;7166300;33970500;21481602;458647500;97100;339100;6610500;644500;3106300;24979900;11314100;20940300;115810000;6354400;85306800;;5655400;7334300;7032000;11674600;5615730000
2020-04-15;131154400;40940800;366148000;42236000;17423000;137332000;30118600;99082200;6042700;12118700;33125000;13982300;11962300;7841800;3614400;22435200;14192900;12893200;4961500;5652800;39297600;27732155;353655000;60600;263300;1809300;667000;3019600;25391400;9951700;24076400;135612000;10240700;83814000;;5693900;4042600;6138300;10398100;5208000000
2020-04-16;157125200;50479600;745620000;57896000;23593200;240764000;32449600;89213300;4662200;20308200;30934000;12291900;12181700;7738900;3512900;31882200;12020200;17606800;7120800;5926400;41364800;33241115;309868500;32000;336500;2737200;932500;2940100;20187500;8819700;19866900;161287000;11455400;103106500;;7262800;4391500;6228200;14098300;5228810000
2020-04-17;215250000;52765600;539120000;51050000;20974800;158600000;30191900;92800300;5426700;15375800;40829100;16130100;10920000;5857500;3709900;30915300;15899800;19844600;6467600;4132300;52389400;33287181;196923000;58400;262800;6166000;558200;2250700;36342800;9926000;23776900;126163000;10412100;76908800;;6717600;7312900;8272200;13608800;5804810000
2020-04-20;130015200;36669600;449388000;35292000;16110700;115414000;23679400;74446300;4674800;10505200;39260800;15749000;12226200;4072600;2562200;24401700;10832000;18957900;3856500;4083800;34983800;20001786;221199000;38800;174200;3997600;550600;2552600;50129100;7217700;22623300;126558000;6042700;72367300;;4753100;4686000;6474700;10358900;5228630000
2020-04-21;180991600;56203700;735160000;49648000;24850500;149534000;23035000;78871300;3819000;10562100;44381600;19620600;9951100;3977500;4270200;27900600;9465400;26863700;4758300;5743300;27043800;15539929;303136500;78700;188200;3534900;546700;2617900;36410800;9273800;20317900;231776000;5964600;123906400;;4845000;13737900;5882500;14111700;5121010000
2020-04-22;116862400;34620200;483356000;46296000;33242000;84244000;16662400;49669500;2314500;14502500;27074200;10320700;11515600;3663300;3278000;19448100;10259400;15811600;4243600;3794000;22734500;15398901;212482500;16200;231100;1971600;670000;2239700;32269600;7365300;21411100;210848000;5083200;63041600;;4067700;6660900;5470000;9668300;5084920000
2020-04-23;124814400;32790800;424160000;34202000;21426600;101332000;16638800;50614800;2013300;11411300;35271000;14226500;10665000;4420500;5692900;28839900;17277000;17668200;5050100;3545400;25936400;16611930;198550500;18500;243900;3038500;429300;1471900;30422000;7673800;23384500;139523000;4270600;69662700;;3565500;6281400;6211900;10330200;5773530000
2020-04-24;126161200;34277600;352328000;37402000;28792000;76498000;15809200;47633500;2024400;8391400;28653800;9175500;8653400;3265000;4414000;17343600;12751100;15175000;3319600;3045300;35884700;31222349;198180000;31500;303800;2627000;728600;2377500;53720500;6071300;44240400;86589000;3824200;72761000;;5025200;6710500;5205500;9403500;5382810000
2020-04-27;117087600;33194400;479388000;44186000;29197800;112912000;22870200;66916700;2743100;9903300;28274400;12037100;8924000;3706200;3210300;17923800;10635700;19175500;4048200;5344800;34563000;21475783;310221000;22500;261800;2245100;398800;1403300;23890600;7219500;20660500;62775000;4099900;62568100;;5472800;5036400;6622400;9123200;5203930000
2020-04-28;112004800;34392700;442904000;80700000;21731000;105388000;20238900;65504900;3344700;8614400;26545100;10645200;8558700;3862900;3270200;20732100;9958000;17246700;3805000;5604600;37806900;28223273;228330000;38800;812600;2997200;456600;1502700;40582100;6250500;27961500;101012000;4344000;80501800;;5080700;4731800;6674600;8350500;5691160000
2020-04-29;137280800;51286600;379160000;108358000;45954500;91832000;20462600;73493900;3086300;12862800;29502500;12342800;9285200;4258400;3240700;44612100;8707900;15780000;3465200;4261100;60454400;45188986;243240000;73400;479400;3420100;497200;2338600;38428500;11950200;24234000;96931000;8505000;110800900;;4381100;5256700;7645000;9064100;6645640000
2020-04-30;183064000;53875900;375916000;55842000;46230100;190692000;19127600;55244100;2695400;11331600;37076300;12222000;14829600;7631700;4175800;40497900;10026400;20801100;7127200;4040500;37876600;35254082;427078500;53700;201500;1885800;604100;2416200;32703300;17113500;23441100;79540000;5898900;65543900;;5152700;6830700;8217800;11808800;6544980000
2020-05-01;240616800;39370500;342096000;48872000;30415600;195452000;18547700;51772600;2650200;10109600;35399300;13250100;7309000;3526100;2576400;31143900;7366400;14290400;3764800;3960400;36613100;24151935;487977000;44900;167500;2447200;699100;2865500;20857400;9742100;16593600;82999000;5067800;69562700;;3819300;4276900;7513700;8702400;4759810000
2020-05-04;133568000;30372900;317556000;30806000;19250700;97318000;15725900;45886100;2990100;9386200;27465600;11192400;7198400;2894200;2228500;17807700;5636000;22544200;4027100;4500700;30708900;27457604;288556500;21900;255300;2635300;415700;2329900;19880800;7202400;24726900;77991000;3747100;62590600;;4090900;5974200;9448600;7567900;4735930000
2020-05-05;147751200;36839200;368896000;39666000;21071200;64850000;18064100;45691900;3272600;13513000;29276200;13608700;6562300;2501300;2862600;19337400;5425200;13370500;3828400;3477400;30621000;23474184;254875500;82600;357200;2711600;861800;1972800;27466300;7540800;21735600;62863000;3926200;56560500;;4655200;5264800;9016300;7271800;5140290000
2020-05-06;142333600;32139300;323464000;31732000;21857000;62356000;20978000;53874600;2408700;8540500;22659000;11145900;6191600;2579200;1964800;17309100;7892200;11892900;3916900;4465300;29627700;23525367;166848000;69700;279300;2801800;2359100;1485900;25828000;8179700;22066900;66607000;3261900;48138100;;3321100;4112600;9003000;7050000;4892570000
2020-05-07;115215200;28316000;373732000;30652000;15152000;67928000;16771900;51884300;2480100;9262200;22160300;9749600;5570500;3162300;2330600;27345600;8762800;16466000;3039600;4377900;29525000;20196745;172915500;36800;333800;2633700;852800;1781900;32219500;7291800;29147600;56419000;4371400;48956600;;4501300;6460900;6698000;7154700;5178790000
2020-05-08;133838400;30877800;339216000;33326000;12506000;64132000;20487800;45181000;2277500;6470100;19977400;8585900;4712100;3200000;1966600;20830800;9279900;13985100;3411600;3911300;22695700;18787072;241297500;33200;383500;2166100;629400;1615200;26792800;7887200;22081500;50493000;3215400;40686100;;4365200;5403400;5793600;8130800;4876030000
2020-05-11;145946400;30892700;469060000;32718000;12911900;65184000;31907600;68951800;2212200;8683100;22258000;7101000;5887500;3490700;3196200;25341900;6947500;10874600;2631300;4207300;20055400;14414337;247794000;123800;253200;5590600;501000;1721600;26111400;6604600;24706400;54860000;4056900;68746400;;4378300;8696000;9235700;8138600;4819730000
2020-05-12;162301200;32038200;493060000;33918000;14704600;61498000;27962900;69588700;3549200;8219700;25439100;8749100;7039200;4214300;2329400;19100100;6734400;13424400;3610600;3874100;22579000;19191335;238603500;35900;248400;7037200;512500;1521100;24931300;7318100;28110100;45982000;4031400;55631100;;4399600;5904600;6470900;8598800;5119630000
2020-05-13;200622400;44711500;625852000;40368000;20684600;95658000;35451600;112113400;3445300;13377100;30827900;12215100;6970500;5474100;2650000;29175300;9312600;15854800;4729100;5376100;26002000;47299141;285982500;54400;586000;5363900;645800;2890100;24260900;9584800;28730900;70146000;4802100;76824700;;6237200;12534900;10258900;10274300;6151650000
2020-05-14;158929200;41873900;602312000;36660000;17178900;72962000;35152500;88359100;4176700;9695100;24856500;10678200;6871400;5704600;2393900;22233000;9310000;18000800;4868400;5542400;37499200;28130338;205233000;35600;603600;3568000;487300;3766000;52660600;9956800;47429500;90075000;6294200;73814000;;6434500;7442300;7013600;13794000;5651130000
2020-05-15;166348400;46610400;987660000;41544000;19383200;84700000;26099000;64484000;2867800;10785900;22445600;10113000;10340400;12182800;2824500;31770000;10694800;31579400;6879600;6583100;26756800;25779038;157776000;29200;716700;3740100;350500;3319100;29547500;29597800;34955800;72440000;3813300;66950900;;16176300;5673800;5937500;39055700;5507700000
2020-05-18;135178400;35264500;774460000;47094000;20151900;87144000;30504400;86589400;4505800;11802200;32026100;12304300;7388400;4015100;2703700;38633700;10020800;26118500;4653000;5603500;43781800;51073738;174987000;65100;573700;3870700;426100;2931000;39704900;13191000;31474800;77735000;6037800;48569200;;8314800;6398300;7458900;9901900;6373670000
2020-05-19;101729600;26799100;717320000;31586000;31843200;86410000;19597300;62179000;2210500;7446800;21771600;7749300;6107300;3059400;2339400;74746200;8047600;17839900;3365000;3404900;32373000;21766084;144547500;34500;705100;2817100;672500;2150200;28879000;8118400;32020600;48105000;5211800;60388500;;9387000;5264000;5574800;9805100;4984330000
2020-05-20;111504800;31261300;587536000;38262000;50162900;79962000;20552400;59789500;2599900;9545600;19352400;9160000;5713400;3200600;3780800;32246400;6593800;22295900;4920800;3735700;21835500;18315596;109639500;59700;359800;2585600;526700;1999200;24482300;11379200;25495700;56073000;4592200;50888200;;7534200;4951200;5455600;9115900;5005380000
2020-05-21;102688800;29119500;761068000;30894000;47782600;102288000;14621400;57726000;2153500;11338100;19130700;8830900;6487300;3604900;3049800;22448100;6552700;13193500;2913600;2342300;48263900;19827132;183819000;46700;279000;2890600;482300;1962800;24158500;8141500;30696500;91173000;3944100;48496100;;4772700;4429700;4059900;7464000;4976620000
2020-05-22;81803200;20826900;1038764000;28544000;33925600;57342000;13557900;48107000;2176400;5807600;15406400;8563100;6140900;2922800;2355000;22359600;5571900;13008400;2475200;2735100;21098800;13961540;149812500;28700;294900;2322100;440500;1508800;23153400;5530400;25859300;54223000;2897000;43524100;;3041800;4965100;3584800;7211700;3970860000
2020-05-26;125522000;36073600;770780000;44590000;33178300;71364000;41233900;119485500;5971200;9662200;20356500;9430000;7072300;4567800;5013400;23730600;10432400;22223100;3990900;4185100;30338300;25984590;121345500;101800;444600;4892100;546300;2344900;28735600;10067300;53136400;78811000;5246900;51618900;;4535200;8353600;7107600;11200600;5848500000
2020-05-27;112945200;39517100;1175892000;31684000;34697600;101138000;39402000;117672700;8182100;7650300;20788300;7822600;7950000;5618900;5376100;31073700;8279700;18447600;3993400;4462700;32799900;29644242;173242500;31600;402700;6186700;647700;2208400;25581300;9125900;37363800;104463000;5147900;102414500;;4664800;6340200;7410500;9228100;6398000000
2020-05-28;133560800;33810200;734896000;35170000;29377200;63804000;24713900;84340800;4886100;8352200;19698000;9633300;6189600;4387700;3982700;24424800;6586700;16230600;3567600;3743700;34734300;27831269;108834000;66900;332000;3999000;360300;2259000;22364900;11161700;34560900;56551000;4520800;53670200;;5259300;10275200;6313100;9465400;5447020000
2020-05-29;153532400;42130400;745256000;37044000;23241500;70198000;26526400;113811100;3822600;10211900;25874700;17010000;8504000;6251500;9466300;29311200;7868000;51125000;5717200;4219000;33853900;25942336;176467500;33700;743800;4893700;554900;2739100;28670000;10558700;35863100;52549000;4930100;64666700;;5341600;19588900;10630200;14734800;7297550000
2020-06-01;80791200;22622400;389876000;25162000;18223800;58578000;15176800;58375500;2230800;6011300;19031000;7344000;6141800;2894000;5233800;20550300;5105600;17010700;2168200;2131300;27127300;15083601;224092500;33900;515800;3155600;298900;1715300;20565300;6474800;26482400;37437000;2841800;36864400;;3407800;5711600;5718800;7363200;4684170000
2020-06-02;87642800;30794600;391320000;23442000;20919000;50598000;21195000;71118100;4128700;8462100;22319000;7880300;6078300;2756800;3269400;19187700;6327900;15255100;3125500;2977500;24780500;22787385;203484000;122300;389100;2791200;469000;3110600;30439000;13255300;38191800;34948000;4131300;42855200;;5301000;8571800;5803000;8756300;5197150000
2020-06-03;104491200;27311000;365440000;27732000;15380300;53420000;25941100;86744600;3471900;8879400;23418000;8440200;6339500;4360000;3190300;20262900;6171000;15508300;3881500;3712600;66486400;24642090;119242500;90200;350800;3318200;489400;1850900;34278000;13029300;48952000;43160000;3429700;46765300;;4638100;6004000;6706700;9188700;6005560000
2020-06-04;87560400;28761800;424280000;26982000;17041500;58974000;26784700;94545300;3522300;7829800;18731400;6371700;8170500;4374300;3328700;24015000;6895800;13604700;3469100;3076700;67155600;25118482;133315500;58600;656600;4044600;452600;2416000;37424000;12109000;33018600;54105000;4147700;44869100;;4759400;7301600;5809800;9696000;6451290000
2020-06-05;137250400;39893600;481748000;42642000;16750400;66128000;42231000;118767900;4737600;8561200;41328900;12760100;9725400;5554300;4578800;39337200;7337800;20504800;4728300;5591900;99846000;33669153;117178500;119400;1969800;5814000;414000;3684200;32100800;11882100;45397800;50996000;5058200;53908300;;5054300;8232200;10390400;12210100;8639300000
2020-06-08;95654400;33211600;387736000;33878000;15466500;79414000;24881800;79598500;3260300;7628100;33579400;11090700;7555600;4635500;4076400;28344300;6926700;19896700;4443900;4139200;80902800;31792699;212620500;84100;661000;3325300;571100;2492700;31333600;9748300;35785200;58515000;3724300;39681700;;3811900;4592600;6695100;11519500;8498300000
2020-06-09;147712400;29783900;468488000;33624000;27462900;103520000;17031100;77773400;2478400;6892300;27276900;10745400;8247200;3061500;4302100;20746200;5563200;16713700;3728600;3819600;66688700;23603936;170823000;51600;669600;4825700;388500;2212100;29185100;7327700;33089300;67970000;3314800;79919100;;3716100;4025600;7711800;8852500;6410930000
2020-06-10;166651600;43872300;632180000;31762000;20720700;98920000;24913300;90415300;3091200;8405300;31156800;10486300;10137100;3296100;4940200;28141500;6678200;15716600;3459900;4018700;90384900;23465356;278451000;48400;846500;4905500;448300;2239200;33793500;9079700;50420100;48969000;4089000;78719400;;3589800;8127200;7337400;7436700;6598870000
2020-06-11;201662400;52854700;583652000;47144000;26708200;116002000;36259200;149875500;4923400;11974600;39183000;14944800;11913300;6638900;4547400;34162800;8937500;26070400;5796000;5969300;103212800;24979842;238747500;155400;578500;6498100;485300;2898900;43265600;15241700;53591700;74629000;6505300;78715400;;6563700;6521200;15372400;12805700;7037320000
2020-06-12;200146000;43373600;570908000;36676000;22091400;108722000;24856800;73729700;3380800;11706300;30978100;9532400;8687400;5416800;3973200;32359200;7998500;21822700;4108600;4492700;89550100;20261430;251451000;67300;501900;5871300;761700;3307700;33620800;10113200;64288400;64611000;4512200;71189100;;5238500;5443800;9476800;11537200;5845330000
2020-06-15;138808800;32770200;400004000;30468000;15340300;77302000;22153600;76538900;3467400;6752700;27929300;12289500;8649600;4494600;3709900;32703300;8786000;15622300;4499000;4093100;78612900;20497800;235458000;36500;514500;3564900;647800;2710200;31250200;9852600;44367400;44679000;5932900;56740700;;6250900;6000000;8105200;16038100;5757480000
2020-06-16;165428800;42556700;535716000;30648000;15236700;71712000;22193600;96796500;3099100;11057200;26203400;8726700;7579100;4245400;15029300;25167600;8165200;18803500;5434800;6892400;76496900;19694772;210766500;63900;477100;3433800;633300;2533100;31029900;12639800;31623300;55079000;4013100;50949700;;5291600;5824100;9407600;19380200;5845810000
2020-06-17;114406400;25687800;408304000;30610000;19578100;59186000;15639800;58349500;1798300;5968900;19279400;6019900;5100100;2538000;4711200;20166900;6320800;12602800;3154100;3228100;53085400;15090141;148362000;33300;324600;2525200;491800;1683200;16590400;7620300;24727700;65296000;2566400;45146500;;4234000;5038600;6448500;28692600;4560450000
2020-06-18;96820400;23061600;254408000;34862000;15782500;49756000;16591900;53419000;2051700;5803200;21478700;7064100;4797400;2926600;3631600;20070000;6274400;9380800;3153300;2467700;60849900;15729550;146278500;94700;265100;2794900;439800;2362500;13821400;5709500;21871200;42776000;2776600;40354700;;3347800;8677800;4920900;19259500;4448690000
2020-06-19;264476000;44441100;524160000;52784000;30081300;115540000;40371200;127563600;4962400;11483300;48899900;14838800;12206900;5172800;6004900;40078800;17506200;30464600;6267700;6488000;67262100;17792356;130195500;112000;573500;4642000;507200;2479800;20771400;23213800;34489600;59345000;4533500;52801500;;11114600;11841000;8767900;33051200;8346650000
2020-06-22;135445200;32818900;398468000;29442000;18917800;64176000;16216900;55484300;1806900;6674500;17565400;5939200;5285600;2174100;2647300;27338400;5695600;20876200;3223200;2806300;53901500;15707761;95436000;45500;389000;4959500;502100;1887400;19376000;8028000;18600700;62721000;3489200;44704800;;3815200;6252200;5816900;16705900;4686690000
2020-06-23;212155600;30917400;375108000;37752000;24017900;84634000;15381400;46108300;2451800;9866800;18916600;6317700;5921600;4023400;2771500;19727700;5340400;14675300;2951900;2357100;50281300;16168082;95479500;54100;417000;3330000;457000;2283800;24729800;7778700;17131500;59484000;3801500;48089000;;3105300;6950800;6378100;18695000;4711850000
2020-06-24;192623200;36740600;449372000;31592000;20834900;90532000;22919800;75437100;2756700;9453100;27626900;8974500;8211200;3399900;3096000;20614800;6547800;17631800;4146600;3766500;56534800;29025298;164394000;159200;348000;5051800;460300;2027800;22209100;8208800;32746800;48262000;5086000;53535500;;3873000;4903100;8081200;18287400;5597680000
2020-06-25;137522400;27803900;376072000;23958000;18704300;59374000;25743600;65031900;3466500;9936600;19353600;7398000;7421200;3112500;3735400;20569800;5489300;13829700;3145200;2903400;57335700;14836396;138817500;68800;573100;2493100;333100;1686500;16884400;7062600;23941700;41345000;3294800;51129600;;2938400;4022400;6380000;16008700;4847690000
2020-06-26;205256800;54675800;592084000;97640000;76343900;130016000;41896300;118139200;9530700;11836000;31518600;13766000;12849700;5043200;5290400;26991600;23201700;21955100;5107400;3645800;50644400;17938840;132823500;116300;2919000;5036700;500800;1722600;21574100;9126500;28954300;68047000;4922500;65485700;;5002700;7595700;14772100;17969400;8107850000
2020-06-29;130646000;26701600;342248000;45074000;58514300;84468000;18499700;66269200;3736000;8020400;17052100;7022200;5309800;2356700;2640300;16511400;6866900;17603900;2622200;2798700;78499900;15103383;135396000;26900;462700;2122200;335500;1296900;12311100;5870400;20036500;48440000;3642200;49905800;;3468300;3972100;5218200;14366900;4473970000
2020-06-30;140223200;34310300;367892000;40286000;33927100;75394000;19137000;61716200;3102800;9040100;22153600;8263600;7738300;2932900;3296300;20509200;7818000;23679800;3163100;2778800;65493100;13947676;253777500;188100;270700;3148200;301000;1786600;16117200;9378500;38380100;41985000;4283500;42275700;;4524600;4478900;6763800;18885900;4705850000
2020-07-01;110737200;32061200;326648000;42182000;43399700;127268000;18755700;57379900;2620100;6394100;17290100;6379400;6174800;2303800;2065100;19733700;6501200;14316500;2193800;2807800;49036700;24202957;199903500;46700;330400;3454700;525600;2369900;19239700;6990600;25900800;97059000;3801300;32370900;;3677300;4754600;4619800;17856800;4449230000
2020-07-02;114041600;29315800;364056000;57218000;30633600;131868000;27845600;56000200;2699400;6299300;18216600;5832800;5152200;1971700;1960200;17695800;6150900;15111900;2690200;2527500;41792300;14877567;258751500;103800;481100;2786400;316700;1869500;20518600;8317300;23777900;63515000;3290100;29081400;;3369800;4200300;5163100;15478900;4197720000
2020-07-06;118655600;31897600;315892000;44712000;26206200;137612000;18625300;59589000;3567700;7292200;22692000;6747500;6156400;2395000;2760100;21695100;6023300;15146000;3171500;2491900;49471700;15133900;308548500;166600;788700;3107800;626400;2120000;23552400;6933100;19433500;78390000;3013300;36769400;;3133800;5794200;6443300;15309700;4759160000
2020-07-07;112424400;33600700;357800000;42364000;27887800;105150000;25757200;60645800;2853500;7660100;17407600;5898000;5622600;2075700;3273300;93458100;6866300;13043600;2399600;2018100;37105300;12526487;322345500;113800;312400;2752900;408300;2802100;18439400;6722400;20539400;56699000;3633100;32153100;;2927800;5431500;4952100;13232100;4571330000
2020-07-08;117092000;33600000;365480000;31766000;29791300;100752000;18762200;52922600;2789700;8368000;18291400;6736400;6257400;1987400;2781800;52217100;6494100;13851200;2776400;2279500;38116200;12928884;244669500;124100;422000;2240200;386000;1983400;14069700;6692700;19622700;56917000;4115000;35608300;;2294000;4233700;5547800;12582200;4937310000
2020-07-09;125642800;33121700;494548000;41836000;22174900;127774000;25600800;79385900;3160100;8548200;25882000;8833600;5738600;3061700;2955200;42771600;5341000;16087100;2333500;2663500;33514500;14997186;175764000;142000;536500;2807000;455500;2337300;20634800;6287700;23832600;58405000;5042800;87216300;;2994700;6062800;5420600;15692600;4843650000
2020-07-10;90257200;26177600;497676000;35918000;22982700;109720000;28954200;81142900;4414800;7674200;18951000;6218100;4282400;2391600;2245100;44236800;6752600;15627800;2714100;2691400;40955600;12725057;350064000;74800;206700;2913500;292500;1501900;15849900;5687600;14061900;216056000;3030900;59839700;;2745300;3783200;5482300;12615800;4524190000
2020-07-13;191649200;38135600;457076000;42954000;24674900;154408000;32079200;73598100;4449600;8564100;20028300;7074000;6951900;4263300;3455600;42338400;7681500;16705300;3221600;3708400;43364700;13742084;584781000;256300;387000;4882700;539000;3181500;21534400;7606400;27049900;183990000;4853700;57741800;;4437500;5555400;7885600;15965600;4902440000
2020-07-14;170989200;37591800;542676000;38108000;23378100;144638000;42731700;67423100;5202000;8003900;21444100;7440500;7447100;4234900;2642900;26455800;6272100;17080100;4138600;6540800;39256200;13946091;351271500;121000;473500;5507900;659600;3333900;23180300;6571000;33143900;150833000;4795900;54890100;;4614200;5854700;14683400;15510300;4507140000
2020-07-15;153198000;32179400;403984000;31026000;19133600;115778000;22508400;57384400;12516700;7681100;17332400;5935200;8512800;5116900;2346200;31731300;8145000;23738000;3735400;4915200;48044800;18022606;245517000;55200;398700;4253800;528500;2249400;19705900;6154100;24876100;100667000;5257300;42360300;;4343700;7681800;7558200;10570800;4686830000
2020-07-16;110577600;29940700;344964000;26484000;18880700;127884000;16886900;78067100;5769600;5064000;14673700;4795700;9304700;3844500;1486800;17676600;3959300;13306100;2111100;3621500;35050000;10502384;214512000;82800;225800;3067300;329500;2440000;16486000;6178700;27120100;244990000;3312100;36887100;;2511200;7350000;4771300;8779300;3972860000
2020-07-17;92186800;31635300;266284000;34264000;18152400;95226000;16137700;66659100;3614300;6395000;17958900;5964000;7441100;3016500;2935800;18189600;4868600;13899800;1972600;2458200;26170500;12029771;139950000;37100;202900;2705500;302800;1995200;19855900;5985700;17078600;249914000;3169800;34710400;;3091300;4324300;5186800;14344800;4012850000
2020-07-20;90318000;36884800;284852000;30166000;20872200;151964000;14458100;61114000;2268700;6985300;18553900;14974800;6191500;2375500;1806200;18342600;4242100;16633200;2157100;2478000;25294300;9844356;256821000;91500;238400;4717800;458700;1782800;15777500;5407500;23424200;119403000;5279400;45034300;;2451100;5729000;4089400;11469300;3979340000
2020-07-21;103433200;37990400;277036000;27486000;19364200;122426000;17798100;75499300;3393500;7218700;28821800;15115000;5575900;2340200;1540700;21712500;5162300;25681500;3505400;3221100;40740500;14019625;241608000;68600;196900;2808600;405100;2048100;39696000;7098600;27580400;91137000;3562100;44741000;;2439900;5376800;5256300;11875100;4556610000
2020-07-22;89001600;49605700;367292000;24482000;15427900;82084000;14271200;52193700;4978400;6823400;21345400;10317500;5910200;1935800;1686500;16164600;5929200;29831200;3484400;2156800;29790300;13143364;212416500;132700;185900;1882100;341800;1193900;21068100;4366400;35150900;69541000;3303100;135159400;;2750000;2833000;4182700;13842400;4267160000
2020-07-23;197004400;67457000;411660000;33910000;21771800;113138000;12870200;61047600;4088600;6106700;17934400;6586300;6566300;2367700;2408800;16796400;6664800;15935000;2702200;1613700;29587200;13769391;364927500;113500;242200;3003700;379600;1267700;21949200;9438500;30919600;77220000;3118500;106829100;;2680100;3639500;6036800;12576000;4296760000
2020-07-24;185438800;39827000;473292000;29902000;18325800;112648000;12744200;50217600;3191500;7160300;16415300;6620500;5405900;2415700;2247900;13037400;6014200;16196800;2199900;2036300;28548000;13131567;290949000;81600;293300;3652600;449400;1302100;16933400;9520000;20949900;77462000;2500300;205314500;;2984500;3908400;5140800;8939700;3689410000
2020-07-27;121214000;30160900;292132000;27124000;13163100;83410000;11959100;54721300;2601200;5604700;18547900;7599700;5675200;2060500;2709700;14045700;6464600;17346500;4541700;2506900;30243800;14185812;240730500;130200;215000;2642000;563000;2036300;16362900;8021700;23522000;78631000;2311600;107918100;;2412500;3015700;4309100;10319600;3970310000
2020-07-28;103625600;23251400;271636000;30910000;14170100;62534000;11754300;48406500;2139600;6897300;19190500;6787300;4842200;2257400;3483100;14414100;7644400;13872700;6051000;2029900;25349100;15255125;237130500;82200;170800;1683100;298000;1927500;11541200;5818400;15288100;59867000;2116300;94181400;;2227000;3114200;4412300;13030100;4053180000
2020-07-29;90329200;19632600;284508000;22676000;13588300;59482000;12743500;71393500;2635000;9471300;14143200;6386900;4489100;2672700;3108900;14223300;6702000;13758100;3342900;2338300;51709600;29782982;141403500;106900;331400;2138600;475500;1626400;14563100;11453000;22280300;66118000;3542400;132969700;;2874100;3747800;4067300;7242700;4478200000
2020-07-30;158130000;25079600;308880000;36042000;20615300;122566000;14834800;61755900;3057900;10499400;29901100;10112800;5922500;2205300;6638100;13788300;10400700;17276500;2705700;3063500;29140000;25586567;114315000;97500;322200;1770600;781800;1733600;19479000;42122500;20272300;66086000;3941600;80286900;;2347800;3587400;4819600;7633200;4264920000
2020-07-31;374336800;51044000;386080000;91468000;53005100;161710000;14535000;61955800;2399700;14180800;32116200;19119800;8259600;3913500;5342700;21631500;8487000;14849200;3194700;6780900;30263100;28609840;183123000;52000;188200;4527500;726400;3109800;22468300;16765100;29785600;59163000;4684400;71621600;;3640600;3734000;5936500;9355800;5007530000
2020-08-03;308151200;78983000;412720000;45482000;23124900;101494000;12962800;58284000;2294600;11405200;23033600;11220100;4078700;2628500;3615000;14971500;7769400;14137500;3143500;2851100;38520500;18011050;132139500;48500;231600;2615800;521100;2189000;24082600;18899400;23757800;58731000;3907800;42628800;;2363500;6557500;6251000;9164900;4438940000
2020-08-04;173071600;49280100;310336000;37212000;17183500;93886000;13366200;37985300;1944700;8204000;17724000;9077900;4162200;3594900;3260000;18219600;7773700;11717200;3699900;2301800;30853500;14253587;126225000;32500;269100;2362600;396400;3299200;31166100;10205400;27371900;56080000;3409200;155676100;;2224000;4480300;3838800;6364300;4414380000
2020-08-05;121776800;28806400;249924000;29134000;13050100;78330000;15260900;51322600;2232400;8876800;17175100;7324200;5467500;2982200;2386400;25483500;5680000;10498700;2259600;2767800;46189200;21286984;74217000;185400;266300;2504300;619400;3357200;24291800;7967400;20677400;43082000;5677200;65642600;;1959900;3559100;5184500;6629000;4535060000
2020-08-06;202428800;32656800;244316000;33306000;45241600;78812000;10482100;51999700;1882400;7480300;14434900;7035600;4837900;3305300;2176200;14496300;3974100;10745000;3158900;2446400;32921600;14027650;89884500;551000;235000;3862900;423900;2424900;13933400;6392200;18353500;37259000;4839800;53961700;;2203400;5113300;3380700;8169600;4278930000
2020-08-07;198045600;27820400;342516000;27718000;72766400;78722000;14743700;63354500;3075000;5654000;18757900;7185000;3635100;2600800;2017100;16558500;4934900;11669700;2980000;2223700;19318000;16665861;133446000;167600;275400;2705400;878200;2051800;13290600;11155900;29174100;59103000;3662500;66543200;;2846300;5423400;6186000;8772300;4110030000
2020-08-10;212403600;36716500;427796000;20546000;30248800;63346000;14989900;64051100;2432800;5525400;24367800;8150200;4096600;2563600;1745200;17683200;5812700;11888000;2783600;5181600;35857700;18929062;112834500;72900;344000;1699700;1101600;1609000;26035200;10087100;19727000;46912000;3752100;70536100;;2393100;5528200;6633800;10046900;4327920000
2020-08-11;187902400;36446500;354512000;31098000;28238300;74362000;31518600;81441000;4042700;11549600;28987500;9074300;6388400;3018200;2103400;25360200;5329900;16531600;2478400;4206000;61036600;18687596;129387000;122500;195000;4092900;670200;2063700;18359100;17803000;26667300;73292000;5273300;77877700;;3321300;5015400;5688200;8075100;4880540000
2020-08-12;165598000;28013100;464412000;22512000;21415700;70442000;19240800;61971300;2439400;5432500;22503200;9057400;5257300;2915800;2430400;19094400;5920400;9562200;2167100;2541200;40674400;14073295;327441000;69900;241600;3022600;566800;3013900;16799300;18664700;36319300;54392000;3125900;88513700;;3867900;3980300;4791900;9068200;3772250000
2020-08-13;210082000;22588900;374460000;22388000;17374000;62980000;13598600;55955500;2219900;7014800;17338700;7314600;5155500;2159500;2077700;19867200;4989500;9882900;1795000;2939900;22958800;10719714;306379500;110200;337300;3876500;839000;1566700;15852000;9958400;33080000;30089000;2526700;57407400;;2202400;4711600;4535600;8260300;3438730000
2020-08-14;165565200;17958900;366436000;21942000;14792700;55034000;12134400;50931900;2287600;5014400;13595700;6343000;4240200;1787200;1538000;20106300;5845200;10075800;2060200;2038500;32414100;10111524;188664000;48900;344000;3318900;351100;853500;13593000;6641000;21262800;29435000;1444900;42389500;;2490400;2833000;3441500;5454400;3200060000
2020-08-17;119561600;20184800;621300000;19990000;13351100;53824000;14988000;57518700;3922600;6256200;15554600;10473800;4306900;2772500;2704700;39465000;5603800;9102400;2619000;2284000;23352100;11843460;303634500;104600;167000;1842300;429000;1750900;16793700;10283000;28300400;24235000;2904100;31450200;;5584400;3574500;5484400;9523700;3460330000
2020-08-18;105633600;21336200;503448000;28378000;18690400;106920000;13246500;45850100;3067900;6519900;13014000;7981500;4322600;2520000;1959700;80232600;8670700;9829000;2921500;1563200;21488500;8564375;247117500;82500;167100;2067500;443200;1816600;12460200;6387000;25771300;35055000;3021700;30970500;;6934300;7284800;3500100;21102600;3669550000
2020-08-19;145538000;27627600;622624000;30472000;23291500;83702000;13533000;59856000;2458500;9467600;14473100;9120300;7816300;2066700;1938800;38155200;6827700;17371000;2711100;1849500;25601500;10907008;183079500;117500;348000;2571300;411600;1283100;14317400;7747600;27592600;31562000;3421000;37507400;;4986800;7080700;5829000;16751500;3679480000
2020-08-20;126907200;26981500;921388000;26382000;20299700;66650000;13672600;49403700;1764200;8849200;15678500;7872300;4874700;2245600;1830200;26810700;4352200;11308700;2084900;2279700;23213400;12793394;309177000;90200;205500;3071100;252900;1892600;27922000;7200300;41305100;51325000;2966000;42948900;;3530000;5175100;4133800;10974800;3431040000
2020-08-21;338054800;36249300;999868000;34838000;15538600;71518000;12228300;55010700;1780900;9998300;25517700;9003600;6722800;2488500;3112000;24864000;5706600;14734100;3484800;2524600;16945900;12008403;322344000;58200;182700;2040200;291400;1639500;11050000;8546900;23898300;39213000;2680900;48280300;;5519100;5727800;4785300;9552000;3505010000
2020-08-24;345937600;25460100;490564000;25638000;23685600;93326000;17898300;54579500;3097400;6159600;18208900;8738700;5387900;2922200;2268400;19813800;7420500;9257700;2463900;2921700;39317100;20622516;300954000;74500;158600;3466600;278900;1079400;14780100;10235000;13330000;47622000;2753900;38036100;;4430900;5699000;5039500;7892100;3743410000
2020-08-25;211495600;23043700;289076000;25150000;42127200;79856000;13648900;57304700;2627600;5828300;31285600;6835800;3863500;1879300;2216100;21722400;4718300;7827800;2302400;2467500;31318500;13934033;159883500;54900;182100;3267900;274400;1194700;9712200;6208000;15354300;57277000;2862700;49234400;;2854500;27096500;3675900;7427000;3627650000
2020-08-26;163022400;39600800;321244000;52188000;69015200;130174000;12052400;39478000;2563200;7035200;26795000;7486500;8008300;3178900;3029700;18814800;4746200;10124200;2316700;2379900;16189800;11497281;213591000;68400;186900;2353300;463600;1265000;16977600;7487400;27605600;203737000;3512000;47157300;;4001900;63253400;4639000;11597600;3780530000
2020-08-27;155552400;57602200;317604000;31350000;30301300;85296000;22163900;52934800;3692400;8619600;32034300;7438200;5575400;2321000;3146100;119018700;6156100;10931600;3226800;3010300;29548100;14724301;355395000;212900;201800;2450300;253300;1214000;16403800;8206200;26318400;90629000;3811700;42194200;;3430900;22817100;4814200;15834700;3955890000
2020-08-28;187630000;26292900;537160000;22418000;17157400;57940000;13756700;46466400;3697400;7349800;33477100;7307900;5395700;2883500;2102600;64050900;4166300;16420300;3212500;3698700;20383900;11870004;301218000;219600;203100;2428900;587200;2143900;19391200;6280300;28761300;44175000;3544700;40723300;;3100100;28068000;4290400;8613800;3868510000
2020-08-31;225702700;28774200;500840000;26422000;17345100;83718000;14219400;49416200;3046200;9326900;25259600;9437500;6362700;4341600;4430700;45236400;5596800;18510800;2900900;2886500;16264300;28464920;355123200;209800;284800;2927000;705900;1233300;16515000;9694600;28129100;49414000;3948200;90655900;;4105400;16010100;6131900;18683500;4348280000
2020-09-01;151948100;25725500;511316000;22652000;17295900;68644000;11595600;46109200;2457000;5642900;22464100;8990600;6307700;2487100;2358700;106798200;5671800;12588400;2926700;2673900;18977300;18695642;269523300;112400;350400;3360300;671300;2378100;21387300;9091900;22085600;95727000;4409600;55825600;;3235100;13293600;4134300;10169500;4101490000
2020-09-02;200119000;34080800;874012000;49522000;24341400;78630000;14475700;57300900;3565200;9863800;26413400;10821900;6881900;2846500;2406800;51666000;8384800;26332600;4092000;4515500;16552100;16816680;288528300;86700;285000;2839300;717600;1403600;20711300;9167700;20098000;58869000;4127200;50366900;;3464600;12963800;5493900;14342800;4295640000
2020-09-03;257599600;58400300;945128000;63726000;32294100;163222000;23281200;86192500;3533500;11310200;28817200;16179900;8672800;3872500;4226100;48015000;7277900;22289400;3126700;4479100;27799400;18884902;262788300;175600;401900;4831600;1097600;2695100;28646600;13560800;35693500;90711000;6297400;87462700;;5380100;14000600;7084700;15387400;4911830000
2020-09-04;332607200;59664100;1463684000;55850000;30333700;175636000;26325500;99621400;3668900;13243600;24632500;10516600;7200100;2901000;4361800;33982200;7437700;21019500;3828600;5129400;18867300;17992270;330965700;76600;449600;4930400;899700;2044000;26057000;11064300;29223000;82701000;6571200;82267800;;5253500;14374300;6041400;14697200;4438720000
2020-09-08;231366600;52924300;795728000;54032000;24864000;121884000;22108600;74978600;4574700;14186900;38496400;14942500;8756800;2594500;4351200;33966900;6847500;17776700;4107600;4775200;22622700;24206006;346397100;214100;174600;3747800;714200;1321700;19531700;10245200;24178600;55727000;4425700;54955700;;5241200;15229600;7001200;16472800;4694330000
2020-09-09;176940500;45679000;736200000;39242000;22918800;103774000;13434000;53822700;4681400;7532600;25886100;9269800;6960700;2195600;2328500;33669000;6002900;15252300;3213200;5345100;21951400;21878280;238397400;156000;287900;2043700;667800;1808200;14444500;9708400;22228300;68481000;3344900;54163900;;4754700;9988600;5417000;13993200;3932520000
2020-09-10;182274400;35461500;698684000;33024000;24814700;106614000;15922800;56609600;2510300;7243000;34381200;11845900;6191800;2421200;3961300;33709200;5242500;15439500;3325600;4387000;14532600;19526919;254791800;141300;256400;3225100;689100;2100300;21914700;6166300;28767800;62402000;2845900;51499400;;3156300;5945000;3837300;20500900;4208630000
2020-09-11;180860300;33620100;636928000;30706000;18913900;101880000;13784300;47708300;2376400;7439000;26838600;13732400;3934700;3085900;3001400;28879800;4398000;18272300;3616500;3237100;14722400;14429505;182152500;72700;207100;2569500;405300;3796500;24911100;6740200;34083400;50352000;2920400;54763000;;3729200;5455200;3437100;40220600;3710090000
2020-09-14;140150100;30375800;1201744000;42660000;24093800;90592000;19017400;47802400;2756900;11730500;26129900;8182800;4375800;1795500;3072500;45733800;4767400;10911700;2543800;2569300;17228400;14847532;249061800;82300;221100;4988900;449400;1788000;20571500;5397300;21087600;73591000;3416100;47448700;;3055800;4255200;4068800;50107400;3839580000
2020-09-15;184642000;21823900;727556000;23042000;18478500;80430000;23683000;63820200;3717600;6328600;23724200;11732000;3658800;1468300;2923500;30427800;4046500;12838400;2640700;4092400;14881700;17325133;291894600;62800;150100;3205500;451300;3486600;18203800;8773700;16270100;53370000;2396400;57874400;;4174900;4133600;3855800;30385600;4057190000
2020-09-16;154679000;26328100;556384000;22128000;29183400;90244000;19270600;64598600;3571400;6135000;30890900;13019000;4323000;3438200;3618800;27860400;6049900;15353900;3463700;3302000;21851400;51360267;216837900;73600;249900;2507200;462900;3231000;16936600;6340100;16490500;43949000;3049000;38393500;;3379100;5441200;5658400;21223300;4718900000
2020-09-17;178011000;34011300;792512000;40008000;31281400;128982000;18290100;48862000;4274800;7474900;24696200;10515100;5461400;2394100;3620700;37245000;4648500;13287100;3376600;4487000;19717800;52374245;230337600;67900;245500;2657100;737900;2169700;26578000;7418100;15258100;53793000;3713000;55619100;;3166600;5279500;6940800;22831200;4379840000
2020-09-18;287104900;55225300;698460000;63056000;28130800;177852000;20121600;94055800;9066300;9084100;46853800;14517800;12174000;3795400;13209800;54709200;10192800;23816600;3861400;5113500;22057100;29148649;259220400;119900;349900;2643900;609700;1627300;28460200;15443200;34522100;67177000;4006000;51082900;;6072900;6595600;11862200;49311700;7076400000
2020-09-21;195713800;39839700;721044000;56908000;24709400;122358000;28378800;75218600;4871300;9656000;35351800;16199100;7574500;4124700;3501600;47275500;7092600;17514800;2831800;4278200;23125300;32651524;328430400;150000;160900;3273500;423600;2611000;20085100;8197600;25948100;54575000;4466000;61312000;;3548000;5561600;8341400;32560400;4836070000
2020-09-22;183055400;33517100;646452000;33950000;30293100;138976000;19257000;68665300;3355800;7543100;27303200;9155000;5295900;3163600;2926400;33102000;4722800;13034600;2475600;2579500;17768900;28269901;238742400;80300;261200;3491900;626800;1883500;16624700;6911200;19961000;34823000;3375300;56044700;;2972000;3600800;5289400;13306000;3974510000
2020-09-23;150718700;30803800;647012000;37726000;19641300;113054000;19952700;59950300;3116100;6310600;31251400;16649200;8784400;3709900;3545700;23133300;6373700;17121200;2777700;2420100;18247500;17785373;285222600;284000;167900;2615500;547300;1979100;27661300;6553300;26917100;37264000;2893900;42327500;;4467600;7507900;4421200;15513500;4378650000
2020-09-24;167743300;31202500;731240000;34552000;20006800;110588000;18366500;53570700;5114600;9865300;26796000;15203500;5614800;2869100;3424200;29453100;5708200;16788100;1727000;2138800;27098100;19154738;289683300;117700;209400;3637900;553700;1869900;25846000;6849000;39303800;37272000;3706300;57540900;;3095600;4166800;3962000;9560500;4601920000
2020-09-25;149981400;29437300;588016000;30326000;18351300;92304000;13293100;42111300;3106000;5496100;23486000;11070500;5531200;2455800;2440600;22618800;4969900;12603400;2196800;1848900;29123000;16006529;201625500;60500;155600;3167900;419500;2219800;25956500;11718000;27633000;37694000;3077500;48206200;;2457700;5117800;3562400;9371900;3803330000
2020-09-28;137672400;32004900;573808000;30784000;18826300;84484000;20894100;47996900;3280100;5565300;23396500;12863800;5843200;2575700;2427100;21197100;5810800;11215700;2111700;2212700;38868200;16711586;149158800;120200;144500;1816100;472400;3094400;25892400;9043600;36932200;47735000;3122500;48005500;;3061100;4088300;5042800;9356300;3950910000
2020-09-29;99382200;24221900;621460000;31816000;20200200;69916000;12848200;45695200;2400000;5513500;20770500;10553000;6768600;1797800;3308300;27702900;4492100;12426600;1731700;1605600;19874700;14761158;150657900;59000;128200;1858700;235000;2619900;24890200;5655700;27348000;35415000;2679500;61568900;;2048900;3983700;4036900;6340600;3661590000
2020-09-30;142675200;33829100;689184000;40924000;20142500;97922000;16400600;56226100;3075800;9157600;22223700;10466500;8487700;3497300;5083900;34826400;8727800;15755900;3034100;3642800;38436700;19417934;144436800;60600;211100;3192100;347900;2283300;26777500;5829700;29440500;46341000;3285200;51533700;338584400,0;4778800;8188500;5821800;11001500;4738640000
2020-10-01;116120400;27158400;525004000;32884000;20009800;99438000;15778700;44782200;2288700;7234600;36890200;14930700;6457800;2731200;3809200;43290900;5713400;17577300;2443000;2157400;30677100;15885525;152224500;75200;186100;2298900;423900;1692100;33171000;5316800;24408400;81537000;2503600;52177100;124297600,0;2696900;4318000;4758500;7357700;4076340000
2020-10-02;144712000;33154800;552496000;31222000;16367600;112262000;15149600;51682100;2541200;6019700;32694300;9854800;5485600;2338000;3880000;24585000;6077900;13610100;3833100;3220500;31773800;18072625;214290000;89000;170900;2711100;405300;2398600;27393800;5834300;24470600;60712000;2184600;52855100;55018300,0;2943600;4494500;4420000;7329800;3975180000
2020-10-05;106243800;21331600;479820000;21602000;12822300;75506000;13871900;44396800;2551600;6090500;22965200;12049800;4992800;1638600;2790600;14259000;6333900;10628700;2913800;2597700;19082100;11693825;134168400;46700;424900;3115000;315100;1289100;30156000;5835900;22328100;40881000;2081600;47056500;36316900,0;2330700;3403500;3648500;6899200;3692720000
2020-10-06;161498200;28554300;784420000;26096000;18696900;101738000;19220400;67541100;2833100;5841100;26731800;15294500;5118200;2434400;2409200;21475500;6042900;10077400;2453600;2559800;47132500;34121508;147438900;94100;248400;2865000;412500;2844200;19169100;7637000;38111800;41990000;2553400;52725400;90864000,0;2992500;4448100;5313600;9743600;4453390000
2020-10-07;96849000;25681100;418084000;36108000;23133400;86188000;16358500;47648000;2326600;6713400;23779300;15410300;5603100;2596600;4602800;16949100;4640900;10135600;1972500;2334200;26019100;16710242;129383100;129400;151200;1775700;555600;1983400;15091500;7410300;28017800;79887000;3068200;43045700;54672400,0;3423700;4963200;3758500;8690900;3814750000
2020-10-08;83477200;19925800;378900000;26076000;16312800;63482000;15659000;52080600;2330600;3955600;34413700;11590900;4413500;2056700;4686100;14676900;4569800;12143900;3195800;1842900;20598600;20699139;121263300;39900;150300;1522400;448200;1387100;18404200;4757500;20823800;53865000;1991800;54240700;34989200,0;2256200;4150400;3611100;7202800;3867640000
2020-10-09;100506900;26458000;346892000;32966000;14107800;98158000;13689100;44511500;3040900;5562900;29228600;12260900;5054100;2028900;4590600;14494800;6551700;11407800;3237700;4084200;17406000;34410686;86777100;56700;101600;2394200;455200;4041200;20611800;11073400;24036600;47813000;3116500;80354400;19653500,0;2240100;4225000;3090700;7355700;3944090000
2020-10-12;240226800;40461400;434744000;55344000;31019300;167284000;16058000;48362900;3474200;6622700;17912800;9056900;7273200;2424200;3242700;18402300;5791500;11386500;2412400;4279800;12176600;17863963;116373300;104300;94800;2006400;542100;2086500;7573400;7893800;9801900;53911000;2942900;47669700;20623600,0;2411900;4317000;3902000;8275000;3435760000
2020-10-13;262330500;28950800;344604000;39072000;18063300;114894000;21697300;61186900;3317300;5621700;20995100;10440300;11057600;2713500;5963900;23800200;4509400;14365300;2098900;3319000;15182600;15105450;103391100;80700;94400;1863600;583400;1681500;14253500;7605700;19420200;56025000;2523800;42764100;21847200,0;2699900;3713200;4848700;8896300;3611100000
2020-10-14;150712000;23421700;276100000;33174000;15577800;116254000;15204100;127409500;7550100;5320000;17743000;7057500;7706400;4455400;2710200;19710900;3860700;10582100;1862600;4087100;10505500;19652097;143639100;30900;125300;2090000;605400;1365100;17813000;13177100;18072400;94990000;2234300;40403000;13652600,0;2221000;5129500;5026300;6651100;3858510000
2020-10-15;112559200;22733100;267224000;31210000;15416100;104468000;17171200;66832400;4325700;8885500;23251600;10052100;5978600;3172200;3785900;13692600;4997100;9961700;2177300;2958500;13226800;17907361;107017200;35400;130800;2351200;468100;1441400;19157000;7376600;16098100;51131000;3727300;33696400;12924100,0;2699400;5256800;3063200;6251600;3724550000
2020-10-16;115393800;26057900;242392000;34194000;16622700;129488000;13275000;58357700;3244500;6385900;22627200;9305600;6097000;3293300;2918900;16935000;6806100;13569800;2162800;5569000;31780600;33937143;98327700;56700;69400;3973100;363800;1206700;20611300;6625400;21329000;63474000;3324600;31474300;11142500,0;3108600;3092300;3630400;6070800;4688030000
2020-10-19;120639300;27625800;298068000;29734000;13587000;104472000;11725700;51377900;3235300;7449600;23645800;8357100;7250800;2482100;3158900;14643300;6427600;9930400;2009500;2757700;16519600;26250714;108863400;22000;137600;3152900;645100;1867500;23320100;5765800;19925200;75675000;2937600;36689100;9126400,0;2428100;3242300;3410900;8311000;4091080000
2020-10-20;124423700;22753500;229212000;41670000;18763200;90194000;11257100;62476400;3335500;7427000;23040600;7753200;5325400;1988600;2188700;14523000;7582100;10970700;1883200;3007100;12319900;19746677;94968900;73300;105900;2505600;741600;1367000;25849900;4409800;24956700;100472000;2677800;38219400;11138200,0;2281500;2989300;3888500;9241200;3917850000
2020-10-21;89946000;22724900;219596000;60322000;28998600;91854000;10730500;41564900;3083600;6067200;28619300;9800600;5221300;2139000;1983700;13114200;5649700;12517400;1518200;2502000;11450600;14809210;97111500;144100;155100;3162300;708200;1978200;20563600;4344000;25783100;174057000;2725300;36426400;9190000,0;2304500;2794000;3192000;10114900;4103960000
2020-10-22;101988000;22351500;290480000;30512000;16720000;84240000;14837200;55402000;2136900;4908200;31831500;9810100;5279700;2100600;3056600;13344000;4502900;20189200;1961300;2356800;14238200;19214348;119979600;72900;162700;3150200;377400;1113100;18347500;3895100;17518600;69979000;2256000;38006800;17928600,0;2787000;3685700;2949900;11900600;4172060000
2020-10-23;82572600;18879600;233484000;30548000;17535200;69334000;15087600;51007400;2110200;5877200;27429100;8727200;4154400;2349500;2427200;10540500;4278100;13491300;2278100;2857300;10024200;26597033;101151000;52700;149700;1580700;262100;1312100;16959600;3943100;21115400;49279000;2945400;46557700;12618000,0;1750600;3159600;2830800;9739300;3651600000
2020-10-26;111850700;37111600;336896000;35826000;21322900;118024000;12410700;59450200;3249700;12608700;30888700;9710900;6929500;2408500;2947100;16111800;5315500;14696400;2537800;4506600;16151100;20917251;84717600;121300;179400;2267700;346400;1816700;16123700;6065900;15308200;61861000;5173300;69423700;23767300,0;2911900;5864100;4714100;18876900;4002210000
2020-10-27;92276800;36700300;250520000;25902000;16287200;85820000;10391700;55009300;3430400;8690400;27100700;14251700;4890100;2427700;11374600;11831100;6806700;13892100;1801900;4857900;15491900;19696497;68059500;43700;164000;1959000;328200;2190300;18336600;5825500;19621800;36272000;4314900;156669500;53695900,0;3014100;4285600;3037800;10806500;3962400000
2020-10-28;143937800;51195600;376520000;45174000;23121800;111766000;16389500;81942500;4214600;17809500;42136400;15961900;8426100;3301400;6188000;16849200;8192200;19886200;3272900;5645100;20279800;50860201;76354200;186600;176900;2653200;325100;3917700;35790500;8234800;27276500;59927000;11518200;76529900;30941700,0;3255900;4425400;7533600;13910600;5139970000
2020-10-29;146129200;31432600;320080000;55406000;32368100;131930000;14208800;57490400;3581200;16820900;38622800;12292200;7205400;3279200;4099900;15153900;5476900;15369900;2477600;3867200;14554300;24738095;67965900;136600;121200;2237800;394500;2861400;40394500;7053300;27450000;111207000;9582300;52784100;20515700,0;2872500;4589000;5224400;13573700;4911860000
2020-10-30;190272600;36953700;416820000;99878000;47247800;167728000;15194500;66453400;3658800;10252900;47885700;17191600;7364100;3556800;4335300;18601800;6422000;15804000;3450900;4373500;15374700;20539191;127533900;36500;201000;3326700;620100;2324000;23101400;7811200;26105900;78079000;6892800;51349000;19705500,0;3872800;5741200;5754000;12602300;4843930000
2020-11-02;122866900;30842200;299652000;44228000;27165700;145148000;15011600;59756400;2459600;8057100;40130300;11475500;7088000;4519000;3449500;16575600;6682800;15156100;2983200;4072400;13854600;21844975;87063300;141800;249800;4223200;406600;2180100;15856000;5860300;16797000;44082000;5094900;45760700;11677800,0;2956400;3953400;5937500;11413200;4314690000
2020-11-03;107624400;27512000;272900000;31432000;17961900;97958000;17482600;65106200;4545500;6467900;36773000;8608000;6363000;4043900;3628400;15413100;6244200;15285100;2615000;4843600;12249800;19636808;103055100;129400;127400;4654900;334800;2032100;26670200;5832800;17717000;36902000;4097700;41231800;21652800,0;3037500;4151400;5469900;8911200;4241380000
2020-11-04;138235500;42311800;410228000;71342000;35364400;136780000;18886500;88845500;3868500;8102700;35410100;10925700;10263500;10344900;12211700;17927400;5820600;12930800;3360800;9081700;11344700;25465824;96429300;101700;200600;10946700;610100;2445500;18854800;12608900;24350900;51373000;4790100;66579700;15783400,0;3525300;6505400;5974400;12054900;4790400000
2020-11-05;126387100;36080100;319028000;39758000;23823600;115786000;17837400;74722600;2892800;7132100;30824100;10627700;8016200;4786500;5731000;14202600;5673100;12452400;3622000;4821600;12328300;17215987;85243500;258100;294100;3220000;902200;1827200;16712400;27910900;36418100;53728000;3794400;46542300;48560400,0;2516600;8961700;5933800;9017100;4858150000
2020-11-06;114457900;25231900;383348000;28622000;13891000;92946000;12552800;55454500;2475100;6180500;33985600;8366900;5942500;2994900;6229800;16198500;4702300;9294900;3916100;2983000;8995600;16878656;65118000;119100;127400;6017500;567700;2086100;16560700;7278500;29220300;42363000;2978500;53829900;89977600,0;2839100;3798600;4305600;7510400;4842460000
2020-11-09;154515300;44395000;582976000;53440000;25117700;143808000;47792400;178378800;6960500;17916900;76879400;24015200;12351600;4635300;5493800;28198500;12664700;33442000;7981200;5969600;49014400;38779589;104499000;213400;296300;5203300;961700;3005600;50456700;10666300;40938900;104197000;10933700;58580700;60099000,0;7856400;8777500;11340800;11486600;8570510000
2020-11-10;138023400;44045100;644068000;43022000;29067700;131820000;20539300;77694600;4166500;7943600;49055400;15039700;7386500;3733200;5377000;18199200;7854000;29706700;4255600;3499100;46404300;33051594;90852600;205400;342300;2631700;1031200;3277900;51354800;12019900;29916600;83061000;5330400;67137200;38078700,0;4828500;6863200;7057300;9015900;6037470000
2020-11-11;112295000;29440800;404744000;31838000;14957000;87338000;14443400;48360900;2680700;5337200;34124500;11640600;6382400;2048200;3046800;18805800;5554300;17399900;4126900;2345500;29907800;17543666;52073100;106600;370700;2493800;699700;1846900;27626000;10222700;25120700;54605000;2969900;44611300;47027900,0;2987900;4163400;4786100;7724400;4635560000
2020-11-12;103162300;21593900;365812000;26474000;12899500;87240000;22063000;67912600;3005500;7302500;30933700;8920700;4710300;2907300;3463400;12564300;5631700;15024400;4253200;2185500;20288400;15954303;59565300;82600;356900;2406000;631800;1301400;21011100;8580700;21657500;50637000;3207700;37242600;97904000,0;3818600;5607000;5109800;7324000;4909660000
2020-11-13;81581900;18621100;346312000;29744000;10391200;75124000;11847900;52421000;2832100;6377500;29241500;10890300;5893500;2442100;2142700;19738200;6466800;12447900;3072100;2120200;19724500;26078809;59313300;90100;299900;1937200;446100;1090800;26882500;5899200;21180600;30027000;2393700;30423200;76354800,0;3939200;5160000;4789500;5870300;4719580000
2020-11-16;91183000;24953300;413776000;25468000;12970400;76174000;19858600;57396700;3004700;12083200;38596800;18980200;6266400;2790100;4957600;34560300;7976600;14908200;3702100;3902400;40562800;23830013;80515800;183300;212600;3306600;445800;1452200;25153300;7598500;25744000;39536000;3312800;38640800;65326000,0;5360200;5712600;5766600;6309200;5295510000
2020-11-17;74271000;24154100;312028000;21314000;15040300;68894000;14553200;46402300;2722900;7268800;26521100;14329000;7297700;2557600;3619200;42711600;6396800;14248400;2443100;2110800;38299300;18127238;183564900;134000;349000;3116700;400000;1864600;28084800;7438600;40057100;36981000;3412700;29473500;116618500,0;8532200;5090700;5038400;5569700;4812180000
2020-11-18;76322100;28372800;510924000;20108000;12152900;58336000;12571200;54416700;2856200;6977900;31068000;10583700;6661000;2722500;2795100;24936900;6097100;15278200;3095200;3165100;65990700;29867932;234132000;131700;172900;4035100;498300;1489100;27630000;12124500;34950200;36292000;3203400;29968000;89957900,0;5122200;5880500;4740600;8998800;5284810000
2020-11-19;74113000;24792700;565936000;20106000;12963700;60206000;10202500;46423000;1505200;5657200;26954400;8820200;7987700;3935600;4626100;18590700;5284100;17189500;2840500;2012100;34236100;17490999;187425900;143700;159400;2776300;484900;1051400;15046700;7743700;20625400;22547000;2718700;50116800;56225400,0;3929400;8084600;4621800;9643100;4363370000
2020-11-20;73604300;22843100;341088000;27694000;18114700;67488000;12718900;40538000;1848100;9653500;18351000;8294600;6354900;3702000;5063800;21937200;4726900;15645600;3932600;2449800;18230900;16078116;98735700;99300;182400;2958100;615200;1251200;14427600;5551900;33855900;42534000;4142400;35008400;72104000,0;4111000;7286100;4027300;8395800;4236370000
2020-11-23;127959300;25683500;361356000;22530000;20990800;94178000;13209200;45421200;3371300;6101900;29367600;13379300;7318300;2535700;3794200;18557100;4770600;13191900;3010300;2403500;28372400;21708341;150780900;245300;109000;2156800;638800;1760000;25540200;11649400;21252200;54166000;3219000;46505000;84716300,0;3294200;5383600;3630100;8235900;5057550000
2020-11-24;113874200;33979700;346500000;27984000;16930400;72042000;20121600;80387800;3915200;10110800;46979300;17257400;11034800;3759700;4127000;17155200;7101800;13827600;3870900;3447000;31132000;35369990;160945500;237900;174800;3006600;582400;2075500;43398800;10800800;20478800;35505000;3529700;36839200;115468800,0;4773400;5797300;4712500;10427200;6280290000
2020-11-25;76499200;21012900;259916000;19600000;12467000;75808000;11715600;57249900;2272800;6772900;28178200;10556600;7594600;3145100;3223700;13833300;8411300;10194800;1889200;2506400;19254100;22044528;146790600;165100;209800;1079100;489400;2918600;22298400;6398900;20509100;35986000;2535200;41349700;202563700,0;3001700;26394900;3249600;6848900;4910440000
2020-11-27;46691300;14512200;167276000;14790000;7808400;47858000;5983600;25971600;1050400;3512900;14971900;4627700;3059000;1558600;1754000;10999500;4252200;8499300;1394400;976900;9970200;10865436;112683300;256300;133400;2271600;286800;1541500;16310700;3878000;11370800;28058000;1402300;22717600;207834000,0;1625300;7395000;1935800;5627000;2778390000
2020-11-30;169410200;33064800;286952000;32418000;16693300;81278000;14411800;63567900;2705400;7725500;45614300;14288400;15663200;5265700;5842200;32695500;11640400;43203600;3413600;2382600;16501900;25100464;189009300;263700;458400;3013800;722600;2372500;30115800;8712500;26559700;35309000;4276200;84483000;137243000,0;4624100;18966400;5989000;26676900;6308410000
2020-12-01;127728200;30904500;296948000;37350000;20738900;90740000;12668900;50255100;2577600;8047900;32472900;9913600;9738200;3817700;3954400;22935300;7169700;18968800;4224800;2710200;15754200;17408658;120310500;269800;179700;4457700;558100;3138400;24243400;11906100;38587800;50527000;4210400;58583600;84050000,0;3942400;18872000;4442400;11855300;5418480000
2020-12-02;89004200;23724500;283360000;29424000;17361600;62586000;10811300;45257500;2136300;9728900;29369500;10509600;7745500;2864300;3757400;23547000;6963000;14913100;6223700;1971000;25912300;15496290;143327100;245900;275100;2932900;468500;4145700;29829100;7800300;26898600;30284000;2972100;57988800;149062100,0;4168600;52225500;4679100;9330400;5041250000
2020-12-03;78967600;25120900;199520000;24728000;12921700;57840000;12904400;54013700;2142600;9203300;27038900;8249800;7310500;4169200;4059600;25725900;8742500;17318900;3732500;2903900;45945100;18348801;127656000;251800;208000;1728000;402700;2748000;25754300;6355300;39675500;28261000;3080300;35859700;85634300,0;4168900;21395300;4694500;9783900;5065340000
2020-12-04;78260400;24666000;202244000;20544000;10880300;58272000;13583700;66188200;2373000;5720100;28723600;10791100;6747100;3255100;3058600;20889300;6617200;18122400;3151100;6086200;29378400;27090138;88203900;346700;248900;2695800;290900;2017700;29540300;12759900;31452300;36662000;4323600;45570300;56044100,0;7732800;20504800;4749600;10872700;5099620000
2020-12-07;86712000;24620000;223244000;22288000;13007700;55026000;9724300;42197800;1788600;10624500;24899400;9398400;6634700;2999400;2637200;18479100;6918000;16210900;3826000;4587400;33246700;19542810;168929100;299100;330500;3192000;358800;1504300;34896100;7009300;37473900;42893000;2389800;39815700;118463700,0;6379000;12864100;4649300;14922900;4804500000
2020-12-08;82225500;23284100;271920000;19936000;10747700;65726000;9592100;33869100;1371800;8646200;32573800;7627300;8339800;2471200;2754400;20716500;6493500;12485800;2709400;2001600;19682000;18735107;192795000;223600;234400;3146700;401400;1675100;18420700;6088300;21715600;42290000;2224600;33907500;124754300,0;5338100;12116800;4587200;15237800;4584390000
2020-12-09;115089200;32440600;401300000;31728000;25189700;82016000;13073900;54886300;3552300;6251100;37824800;11129400;8440100;2600400;8364400;20139600;6773400;11508400;3010900;2915500;19043600;25307401;213873600;164600;185300;2672100;858000;2028300;26335400;7947200;26470900;41788000;2962600;52170400;79634700,0;4550100;15651800;4873800;12204100;5232800000
2020-12-10;81312200;26733300;207764000;28688000;20065100;60604000;13668400;58859600;2541700;10492000;38058700;11992100;7392900;2896900;6430600;20652300;6800500;12097300;2956400;3109400;16185000;19195227;201249600;195400;150800;1989100;447200;1999100;32580100;7522200;36414100;30182000;3506800;33804400;57774800,0;4234300;9258600;4567400;14219900;4658480000
2020-12-11;86939800;30979400;209264000;18628000;14391400;61294000;9981600;40538400;2077300;9227600;25478800;9584500;5977400;3071700;3441900;16860900;6548000;10638100;2770800;2673400;17311800;17853791;139425000;246000;146200;1533100;479200;2875000;23718200;25923100;33727500;32109000;4179400;28368100;52764400,0;3454500;8214400;4028100;16209900;4375470000
2020-12-14;79184500;28798400;270156000;33050000;16376900;83116000;12112400;40267100;1927800;11967700;30595000;12198400;8547300;2479000;4390100;25088100;6485300;22292000;4745000;2533600;19231200;15913996;156121800;127900;303400;3102600;479700;2650500;19330200;12258500;24447900;57704000;3552400;48026400;44734500,0;4576800;8508500;6541600;16193600;4623850000
2020-12-15;157243700;27000600;193016000;21352000;23979500;66390000;12590200;43672700;2348000;9796100;27138400;11775300;7612600;2616500;6974300;31871400;5397000;16193700;3798200;2360300;18993700;17377921;135214500;88600;211600;2428800;528400;3011700;16748400;6616400;19848500;33949000;3104600;57232700;49273200,0;3754100;10766800;5168000;15506700;4387080000
2020-12-16;98208600;35023300;223116000;24676000;15885000;88552000;11169400;42463200;2400900;7504400;34273000;9892900;8486100;2365600;6009900;25650900;5382500;15679600;2682000;2031800;17858400;11800604;126287400;111500;190600;2599100;514400;1264100;19360500;6610900;22087400;36824000;3393300;34909000;44013400,0;4669600;8821400;7537400;16119900;4067040000
2020-12-17;94359800;32515800;231384000;34880000;16377800;69486000;11618000;43182700;2983600;6517200;21204600;11748900;9920300;2525700;3521100;30679500;7405300;12677300;2558800;2296500;17465600;12528955;168810300;284700;303200;2711800;375700;1638200;19572200;7039000;30095800;31934000;2725500;32023700;53829800,0;4247000;9946900;7388000;15320500;4192810000
2020-12-18;192541500;63354900;342064000;85256000;26693200;119914000;28954800;82817200;4088100;13298200;46596800;27427600;17137200;8742700;7356400;41384100;19988800;35480100;7929100;5262700;19092800;23023775;666378600;209100;409900;5067000;531800;1308400;14711200;13288300;39979200;45027000;8443700;51823100;71042900,0;9817000;11845400;20663300;33728700;7097100000
2020-12-21;121251600;37181900;302332000;33974000;16553700;76736000;28323600;93397400;7408500;7576700;27869500;11430500;7893400;2892700;3655900;25553100;6732400;14926600;4342500;2071000;18726500;17218374;174135900;171800;286400;1856900;457100;2955500;21454400;7024600;31897100;38940000;3642500;47093900;76729100,0;4339000;9219000;7372500;18210200;4748580000
2020-12-22;168904800;22612200;185580000;20370000;17312900;47388000;11788200;39054300;3599800;7396200;21792900;8585800;4699500;2069700;2447900;37599000;5023100;9689500;2772800;2493300;13280000;17858164;155148000;253400;204300;3421500;309800;1375600;14460900;5751500;27447600;19066000;2403100;35673700;66033100,0;3140100;10339600;6157300;17136000;4053310000
2020-12-23;88223700;18699600;179144000;22974000;14329000;41876000;14973200;52537200;3376100;6523100;19085900;7223100;4607300;2348100;1697300;20430600;6004200;7040300;1658800;1862500;10869000;12139419;99519000;135400;175400;1454500;419100;1210700;12348400;5186700;14534600;23932000;2760600;25993300;58772200,0;2337100;7090500;4983900;13075200;3779160000
2020-12-24;54930100;10550600;97884000;9312000;6702000;29038000;4164900;22632300;968100;3367900;8039000;3335600;2114900;1360600;627200;9054600;2588200;3265500;1047700;585700;6398500;6029070;68596800;50100;51800;844200;132800;378200;7408900;2120200;5832700;11440000;1308900;16705900;26306800,0;1093900;6146300;2387000;3796500;1883780000
2020-12-28;124486200;17933500;212564000;27650000;23299700;113736000;8072600;32861200;2793400;5816200;23877500;8051900;3855500;2308200;1482000;19344900;3714700;9020500;2550100;1508800;9090600;10793588;96835800;203100;117000;1557700;285900;762700;13948000;4576600;22646900;28919000;3449100;30627300;55878700,0;2633800;6422500;3505500;6463500;3535460000
2020-12-29;121047300;17403200;170372000;19726000;16383000;97458000;8389200;33291900;1430900;6093400;20287700;7670800;5212000;2275700;1712000;17938200;5139300;8320600;1665700;1490300;14593800;10640944;68732400;182800;117300;3564600;278300;1524000;13216100;3543800;18188500;40224000;2822700;31748200;47302400,0;2572100;6122400;3799500;7770200;3393290000
2020-12-30;96452100;20272300;225396000;21026000;11803800;64186000;7398000;26370100;1566500;8875100;23807300;7901800;5412800;1866000;1413300;18751200;3261400;8142700;1855000;2720600;10812600;10156427;128538000;200100;138100;2107100;304300;1198200;17277200;3965600;21775300;18763000;4200600;25845000;34586700,0;2511400;4724000;3257400;6192000;3154850000
2020-12-31;99116600;20942100;192424000;21070000;12900400;59144000;8580200;28716000;2043100;5922200;22786500;8350700;5099900;1969000;1643600;17814000;4076400;8495000;2610900;1717800;10487600;9570828;148949700;119300;89800;2499800;254200;1006400;11681200;4941700;7458700;53923000;2881700;24930700;39922500,0;2607900;6011100;4228100;6928600;3179040000
2021-01-04;143301900;37130100;560640000;37324000;15106100;88228000;16819900;51483900;3572000;10318300;27764700;9234900;11765900;4203800;3164800;32182200;8330900;25611100;4055400;4078300;21225600;16040798;145914600;652600;175000;4303400;851000;2593800;30198200;9827000;23196000;44444000;4638400;51802600;44970400,0;5002000;10319900;7404900;11249900;5015000000
2021-01-05;97664900;23823000;322760000;20360000;9871600;53110000;13731200;48507000;4207100;6869700;44035100;13414800;9602300;3160500;2322600;26498100;6856400;20323800;2576100;2933700;19338300;16793346;96735600;412400;158200;3352100;530400;2265400;27312900;8507200;26691000;31339000;2990700;34208000;29050400,0;3822600;8657200;5524900;11005700;4591020000
2021-01-06;155088000;35930700;580424000;46588000;24354100;87896000;24909100;107002800;6383500;7206200;36484800;13916800;8230100;6561400;3619700;21918900;10578000;38724500;3083400;8034700;16202200;26400690;134100000;504100;229400;3667600;584700;2771800;26415900;7174600;41032700;53462000;3966800;51911700;32732900,0;3949200;9789800;9009400;8685400;6064110000
2021-01-07;109578200;27694500;461480000;41936000;15789800;70290000;21940400;74358500;4009700;10967900;29528100;9286600;7747200;3366700;3025500;20538000;7355400;53225700;3142000;5297500;14474100;15105891;154496700;409400;205300;2737900;1170800;2888300;21690900;8482300;26476700;36864000;3100200;42897200;32240000,0;3833200;8443100;4691600;7382800;5099160000
2021-01-08;105158200;22956200;292528000;35484000;18528300;70754000;12035100;44641400;2800800;6513000;28628200;11152100;8228900;2947800;3438100;24478200;7448500;29674000;2639100;3186600;14144000;14590235;225166500;680000;237900;4413500;737300;2835900;19692000;6252400;39274000;29739000;3371500;39816400;41313800,0;3757700;7301700;4850400;7751700;4773040000
2021-01-11;100384500;23031300;518344000;34796000;30412300;73668000;15937900;51868200;2649700;7353100;38246200;10635000;7066200;2695100;11396500;26264400;7239900;19304400;2545400;2540800;16770300;13493535;177904800;478800;231700;3752800;594100;3097600;15140400;5147800;26048800;38062000;2403000;48600200;32609000,0;3764400;7199000;3882000;6284700;4465430000
2021-01-12;91951100;23249300;291476000;29528000;26383500;70292000;18033500;68166200;4814400;9331600;36915100;10923900;6903200;2372500;7179300;23373300;6333500;18538700;2952000;2466100;12836200;18346073;138812100;341800;120500;3240900;616300;1685600;29407700;4385700;39750100;59904000;4858100;67672300;26887200,0;4030900;10736000;5616600;7758200;4994950000
2021-01-13;88636800;20087100;210028000;23432000;19528900;66424000;14816800;43172800;2413800;6688500;29000300;9723300;6643100;1974500;7303900;16069500;6078800;18864100;2069800;3154700;8570500;10776915;99937500;217400;126200;1790900;506700;2024300;25981400;5479900;29166900;50321000;4125700;60712900;51216600,0;3921400;6839200;3827500;8298000;4602510000
2021-01-14;90221800;29480800;283120000;29212000;29739400;61418000;18565600;48483500;3192200;12887500;35474800;13950200;10030800;2919900;4413200;23017200;6172800;34303600;3666700;2486600;12446800;11879594;93798900;237000;348800;1753500;547000;1599000;27792900;10102400;33748700;41774000;8712200;53408200;32908000,0;4641400;6548000;4528700;10258600;5198480000
2021-01-15;111598500;31746500;277780000;31444000;24942900;84880000;27881000;57684300;3863700;8755000;42411300;10244600;7630800;3777000;6624600;35920500;7757600;24366800;3593700;3317100;11103300;14768762;116332800;411000;123100;2222700;534800;2044900;35725700;8607400;34510800;58958000;7911500;49340300;92285500,0;5131700;8525600;5225000;7532600;5369820000
2021-01-19;90757300;30480900;226188000;41660000;28028500;66102000;19843800;78130200;6727800;9772000;24932600;9574800;9057600;3361300;7729100;24123600;9184900;29114500;3331600;2361200;11947200;12740305;76101000;369300;246700;4840800;707400;1557300;21975800;8209000;24243000;123158000;4625200;45115100;48675800,0;3615800;7753800;5502100;8903400;5014440000
2021-01-20;104319500;37777300;258572000;64152000;25199900;106196000;16028800;53920000;4792600;12675700;22342400;8735400;6839900;3036800;5335800;23775600;12506600;23115800;4077700;2501100;9727000;11840751;76997700;254500;151700;1868700;639400;1420600;17514800;7943300;22458100;326375000;5081000;35185800;37459000,0;3498400;9857700;4876200;7025000;4566190000
2021-01-21;120150900;30709400;337780000;58634000;20838700;98722000;13411700;49626600;2516000;6513500;29044500;10393100;6818000;3749800;8698800;14325900;8761600;19702500;2674900;1951200;11091300;13162304;61563300;296300;206800;2790500;617900;1410300;14824300;6295700;30223500;118021000;3484900;54221900;29891400,0;4397900;6785900;4317300;6943600;4501760000
2021-01-22;114459400;30172700;246820000;32744000;21954000;56438000;12933200;45314500;2568800;7316200;23264800;7810600;8137000;2585100;6128800;19219500;7202800;15400300;2196400;2027000;7514600;10617570;60199500;283800;222200;1371200;515800;1287700;32292300;5062300;40010300;75508000;3846600;71294700;156844700,0;4501900;10186100;4465000;9896700;5110890000
2021-01-25;157611700;33152100;251112000;50586000;19087000;74996000;14212800;48078400;4575000;19282400;26395800;7689400;9924400;2506300;5959100;19031100;9640000;16604200;2615300;3837100;14276200;18462763;123520200;332900;306300;2456100;587500;1213500;18169400;5370800;23439000;72073000;6257700;55086900;191345300,0;4025900;8213500;5097700;8524700;7000840000
2021-01-26;98390600;49169600;163980000;31462000;19373600;59104000;11307800;36373000;3296800;9605300;23976800;7827800;14205700;2467500;6601500;15031500;5996700;12922600;2907800;2506000;11011800;42495519;69394800;240100;170100;3364100;713700;1435000;32797000;6554200;33821200;50238000;3503100;59449100;65870000,0;2472200;5021000;3944800;8186500;6137500000
2021-01-27;140843800;69870600;371272000;82512000;35346200;93204000;17603900;63809200;3891800;13772400;32410300;10178500;14207300;4770900;7358000;29910300;10826700;21242400;5464000;4095300;20948500;29983117;82002000;542700;189400;4177900;1023100;2437100;31334300;9854000;32564900;86703000;7449400;73341200;170758800,0;4337000;7641100;8227100;14789000;9976520000
2021-01-28;142621100;49111200;228316000;55278000;37758800;62984000;13761800;51223300;3778700;11041300;24967200;8155500;8944400;2769900;5460400;22301700;8242000;17498900;5401600;3445400;10403200;18879766;79134000;509300;135700;2921900;639900;1764000;22840300;8087400;26868100;59690000;6906400;47048400;85250700,0;3463000;7246000;5943500;11166400;6992770000
2021-01-29;177523800;42503100;271552000;44530000;30389500;85872000;14808100;64019100;3412000;21503000;38961100;14699800;22505900;3899200;8401700;32509200;8344100;18670300;5203300;4541400;13683700;21921317;104972400;325600;226100;2901100;694800;1993800;19114400;9502100;35437400;43253000;7627200;56735800;42030900,0;4079500;6473000;6387300;11451800;6643370000
2021-02-01;106239800;33314200;217204000;40252000;22914300;83204000;11080700;40985300;2324100;12970700;24412400;8073600;9971400;3020200;5383800;25945200;6534200;12183600;2812500;2738200;9061900;13379614;76174200;883700;193500;2473900;606600;1745800;23136200;8265100;24402400;35475000;4930700;42359300;43460900,0;3707800;5696700;4068200;10553500;5436230000
2021-02-02;83305400;25916300;220440000;66332000;17320800;141972000;12253600;53527000;5195500;11305100;31940400;9233100;11443300;2663700;5314600;27002400;6825600;13319800;2786000;5265400;11130600;16946953;73038600;476400;124900;3561300;464500;1755000;32416100;6926500;29478000;37676000;5686000;33850000;69647900,0;4111800;7134900;5300300;10528000;5514090000
2021-02-03;89880900;27158100;245408000;97882000;14223400;141776000;10600800;49404900;2712800;13458600;28459300;9256500;8601900;2537100;3679000;14966700;7309400;12274100;3020700;2979000;11836900;10877474;55030500;288500;178700;1943300;319400;1813600;19259800;14156700;25471900;31723000;4036800;32312900;35312000,0;2802700;5357600;3805600;9933500;4864870000
2021-02-04;84183100;25296100;201340000;48596000;16060000;73414000;12419500;51751900;2994700;14534800;25280300;7917600;7758100;5962200;2924300;17346300;6613700;20597400;2777500;2253800;11869900;13396066;47438100;279200;75300;1746000;370000;1174900;14509100;46141800;19317200;51645000;4537500;30791600;31565000,0;2976000;4770700;4438400;9928700;4879240000
2021-02-05;75693800;18054800;169152000;29866000;12454400;72416000;10051300;42008800;2938100;10284000;34980100;8017300;9495300;7227900;2732200;20451600;5063700;12742000;2600200;2240000;9546100;10396669;55699800;272500;96400;1869800;306300;1501700;32690200;24695400;26797500;23762000;2964800;30268700;62375300,0;2389900;5020000;3812200;9170200;4879470000
2021-02-08;71297200;22211900;434624000;28828000;13755200;65148000;10136400;46014100;2826200;8637100;36998700;9886600;6035300;4758200;2909300;15825300;7011200;17833200;2696200;2725700;11182100;8517928;60485100;513700;115900;1830200;475100;2714200;54335300;12181600;22781400;27917000;2652800;47639900;72376000,0;3475600;4336400;3327300;7003400;4648360000
2021-02-09;76774200;23565000;287560000;21892000;14613400;44070000;8614800;35868600;2071700;7619400;28977000;7605500;5544200;4096900;2661300;15906900;5917800;14592900;3047300;2331600;13615700;10581235;45473100;560600;165500;2613400;341200;3370400;42541500;11681300;25397700;37035000;2993300;37596400;44243200,0;2507800;5157200;4773400;5437400;4568320000
2021-02-10;73046600;22186700;485352000;25102000;14687200;63032000;10323200;45031900;3213700;8467600;25723800;8778800;5921300;4122700;3062700;18576900;8594100;22965400;3161600;2816400;11510700;9140985;108648300;607200;119300;3334500;339400;2941400;22318200;11701300;20744100;39913000;4246300;42441300;45177200,0;2410600;5535600;3822600;9577500;4837070000
2021-02-11;64280000;15751100;450828000;20480000;12828600;46028000;9201000;29479900;2159900;8411100;26972200;8572400;4871300;2776700;3544700;12791400;6139200;21928600;2583600;2178200;7140200;10398836;64868400;340000;167400;2313500;376600;1812300;20314600;11600200;25585600;27306000;5110800;35571000;52094900,0;2595300;6091600;2908500;7690800;4590960000
2021-02-12;60145100;16561100;374756000;18990000;9097600;46706000;8324600;37468300;1977300;6911000;19756700;7858300;4413100;2760800;2611300;13423500;8407300;13137100;2781200;1804200;6010800;11725144;71304900;404900;190500;1839000;308400;1534600;17809300;9155200;17926300;21971000;3025100;38538400;60925600,0;2392200;4314400;3421800;6663400;4135060000
2021-02-16;80576300;26728500;321960000;31004000;15417200;51494000;12130600;52802600;2792200;9652700;28060100;14006000;5656100;4339000;2741900;27891000;8246000;15093400;2892900;3722700;10171100;12100796;59406900;557000;175800;2445700;379600;2509800;19243400;10211900;21403400;26241000;2916900;35105900;180294300,0;2873500;10837600;4722200;7526000;5058990000
2021-02-17;97918500;21653500;274756000;20294000;12763200;65950000;10810100;45455300;2333100;8373200;25509700;14342300;6676700;2620000;3329900;25571100;8845200;12794300;3280000;2290400;9276000;8615357;77989500;549300;138800;2550200;431100;2447100;24975500;11937200;21850200;20696000;2267000;32245500;151007000,0;3536400;5879200;3909500;6244500;4730650000
2021-02-18;96856700;16925600;233868000;22546000;15249100;60548000;10587800;37541700;2093300;7328600;20627600;9030600;5189100;2383500;3919400;96927300;6936400;12747100;2191000;2345800;9121300;9802022;53871300;1131900;179900;1725300;339100;1776000;28441800;8404400;22001100;24562000;2393700;35624900;313175100,0;3532000;4152800;4031000;6262400;4793650000
2021-02-19;87668800;25262600;271724000;37938000;25622600;86104000;11969800;54514100;2749500;15011500;22607200;8913900;8190900;2313800;3434900;36606000;8277900;15968800;3181600;4937300;12415300;12248665;56874900;1557700;441900;2216700;475400;2002400;74804600;10012500;28313400;28415000;4095800;29548300;320063700,0;4079900;4647700;4252400;10905100;4845320000
2021-02-22;103916400;36446900;325884000;29466000;17434900;70314000;11488400;56783400;3162300;8337700;36435100;13178700;6447100;2688300;2263600;32106600;6975500;14370900;2910800;4578300;21413700;19388781;111809100;1723300;360500;2256600;738300;2945100;207564100;12763900;51685800;30786000;4940300;36930200;183049500,0;3995500;5055000;4009100;20940300;5917100000
2021-02-23;158273000;30228700;391780000;34658000;21924600;93544000;16234400;67440700;2942500;10571700;33527900;14874000;7042800;3225700;3287700;31300200;10145300;16222300;3243000;4125100;15996700;14454364;199820700;1493700;266000;5894400;710500;2484100;121505800;14425300;30591100;41365000;6326600;49720900;145289400,0;12111000;8641600;5454900;18175400;6296610000
2021-02-24;111039900;26339700;448320000;22608000;15736100;60226000;15061400;58139500;3934400;12039000;28728600;16116000;10286100;3360500;2848800;46565700;7263000;14442000;2887100;4925000;30709300;21426186;110301000;897000;241400;2357600;683200;1741900;63580700;13146200;24699300;32450000;7467400;40821200;90095700,0;14512700;6128300;5105900;10609300;6012790000
2021-02-25;148199500;39542200;824436000;41548000;19053100;90676000;18127700;74762000;4244000;11404300;29670900;13219200;9719700;2780100;2386700;33324600;7790800;14211100;3131400;4313000;19283000;18526244;117071700;931400;370500;4837900;699700;2359900;63403900;12701100;44217600;42529000;5207500;54625100;161776400,0;6545400;8828900;6455200;15356100;6547470000
2021-02-26;164560400;37819200;500932000;40042000;26619500;85518000;19829200;70933300;3732200;11730000;35291000;14454100;14417500;5430000;3887900;42470700;17718800;23638400;5334000;4461300;12838400;17802448;123267600;925000;232000;4556600;765100;3708100;60631600;11772600;44773900;37556000;4868500;48962900;119588600,0;7871200;20372900;8085300;20512600;6526070000
2021-03-01;116307900;25324000;353184000;26060000;22157300;54582000;14845500;45901700;2957800;6982000;36998300;10439900;10551400;4198900;2797400;34634400;7740200;13901200;2827500;2871200;18735400;15657201;81408600;828000;240300;2699800;753800;2275800;60675100;9421400;33791800;30414000;4382900;32746200;85059900,0;4528900;14027700;6332300;11758900;5114820000
2021-03-02;102260900;22812500;264116000;25564000;15191700;51916000;14221700;41167400;2850300;6155200;30302600;10643500;7610900;2568900;3445300;29230800;10206500;11755100;3016600;2854300;11114400;15490231;71196600;927200;269900;2396800;1057600;2711900;86987600;8693200;62911400;30422000;3559200;34828200;73997000,0;3740300;10211500;4684500;13282000;5536010000
2021-03-03;112966300;34029500;377592000;33892000;15513500;79774000;14324100;66047000;3606300;6484600;35358900;14958200;8499600;3039700;3660300;41837400;7537000;15410700;3488600;2664000;30426000;23589309;90624000;905700;149600;5018200;1120700;2141400;107820600;14862700;81996800;53624000;3692300;43541000;79046200,0;4257500;11459000;6088300;15827600;6173660000
2021-03-04;178155000;44727800;573344000;49216000;31626500;109632000;20093900;96512800;3647600;10658900;52137500;22994200;11033200;4991600;4308400;45348000;10228100;22036400;3926200;3568400;26645100;33418377;197758500;1537900;284100;9033400;1264700;4303300;75285600;15831100;55539300;50348000;4572000;60549400;161611200,0;7154900;12800500;7827000;19951100;7195400000
2021-03-05;153766600;41872800;542840000;53100000;26820100;107772000;18465100;74292300;3740200;7582000;51429800;23638200;8331600;4563100;3875900;34073700;10490900;21310800;3608100;3602300;20026600;21061930;268189500;580900;376000;7698200;1269500;3643500;58628900;13292000;35667700;50700000;4643200;58548900;173468600,0;6351800;11406000;6397000;34211500;6851070000
2021-03-08;154376600;35267400;543112000;36868000;18391800;83700000;17133300;65335500;2998000;14750400;38154600;18033600;6546700;3419900;3300300;40988400;9224700;25084900;3157100;3048700;13836800;28835014;155361000;722600;320700;4065400;876900;2443700;60985600;15256100;51646900;39818000;7213300;54563900;94432800,0;5037400;9576400;7124300;23300500;5871710000
2021-03-09;129525800;33080500;521824000;33920000;22039700;80600000;16238800;63946000;3324800;9228600;35645900;19010700;7461300;4277600;4227300;31988700;8859700;23082700;3646700;2902400;21001200;22966413;202569900;579800;242800;3577900;931000;4546300;57849800;13130200;48254400;34700000;5832800;45088300;99586500,0;6625300;9732200;8259300;17296400;5513560000
2021-03-10;111943300;29746800;384376000;27100000;14210300;60250000;14342200;53365600;3153100;7822900;31579100;17389900;6635600;3012300;3400200;44929200;9070900;21331600;3447200;2435800;27753400;44186284;181817100;732100;194700;3793900;579200;2984000;52459300;12492300;48701200;37715000;4509500;45416600;103212800,0;3798400;7186400;8939300;21378600;5847380000
2021-03-11;103026500;29907600;299916000;27702000;21834000;55528000;11771500;45834000;2756600;10053400;24802600;10989500;6305600;2520500;4037300;35489700;6941500;17417700;3618000;2960000;30139200;61355743;108761700;921500;102900;3764400;875100;2729600;51723400;11920200;38483700;47145000;3729700;43583700;84788700,0;4371300;6431000;5917600;38095400;5312880000
2021-03-12;88105100;22653700;243964000;33818000;20600200;48438000;12849500;46069600;2436700;8172400;20422700;10930300;5474800;2088700;4541400;28437600;6521900;17598600;2818200;4756500;35264300;26996039;100751400;320700;110200;2618900;472800;1780100;25990100;9365700;21540800;39817000;2467500;32938000;58721900,0;4190500;6114600;4495400;11606300;4476280000
2021-03-15;92403800;26034900;221988000;26168000;16844800;58272000;12101100;50131600;2276200;9306100;31243600;10488000;5524100;2343400;12388500;25071900;7172600;13411900;5479700;4215300;34816700;22351422;88006800;411300;149200;2079200;355200;3898400;23119000;7807200;22059900;34843000;4216200;39086800;56101500,0;4355200;5733700;6973400;8919600;4900100000
2021-03-16;115227900;28092200;272128000;31900000;22437700;50776000;12805600;50300400;2332600;8949300;30624800;11698400;6369100;2904200;6194200;19881000;6485200;14214200;3583400;3539200;28785800;14938641;96587100;332200;202200;2874900;400300;2260000;25282600;10434700;23241400;32389000;3445100;42971600;73615100,0;4458900;5311000;67200;14512500;4613080000
2021-03-17;111932600;29562100;243864000;26382000;21315000;62372000;13952400;63796000;2710900;8675600;25575500;9168600;6001400;2633100;5134200;24156300;6192900;17502700;5240600;3518500;23785500;15895858;121117500;251100;185100;3377200;470700;3811000;31789000;10781500;38953400;28174000;3240900;43320600;77081700,0;5908400;5805100;67700;11892400;4561660000
2021-03-18;121229700;34833000;293896000;31700000;18728300;72992000;21898500;95439700;3713000;9321800;38622800;13246600;4801800;3311600;4240000;29815500;6871300;18007300;3254600;4336200;24595500;12792812;99674400;325400;151300;2859200;729800;3130700;35546000;9579000;35578300;40945000;7205200;51036500;57141400,0;4808100;5580100;5547300;13750300;5118590000
2021-03-19;185549500;46430700;299208000;46072000;38930500;92508000;54418800;106252700;3513000;32209700;84439400;18491000;14891500;8572900;6048600;57703500;20262100;67845700;7719400;7485100;17330800;13737991;128682000;439300;175100;5255300;608800;2763100;29644800;17599900;38642800;43864000;12224300;42283400;57915900,0;13729200;7088400;16635400;30963600;7757420000
2021-03-22;111912300;30127000;297804000;33536000;28273100;58044000;19944800;54701300;2094500;11371600;29315100;12508500;7544100;3505200;2666600;24654000;8077600;17911400;4220700;2211600;15230000;10591427;118536600;300100;86800;3357600;383800;2168800;23507200;9036900;26309800;33606000;4140400;39648600;46208100,0;5564700;5002500;5370400;10263700;4316260000
2021-03-23;95467100;31638400;222048000;28510000;23000900;76346000;17076300;49838000;2457500;8820700;33493300;14781700;7178300;3100100;3284700;29154900;9503800;16936700;2794000;4017600;21358200;13172818;91475700;838500;122700;4527600;434300;2734700;30057300;7425700;32195100;55835000;3756300;40466600;50169700,0;4801200;4578000;4622400;12390100;4669010000
2021-03-24;88530500;25620100;245840000;25218000;18675000;59180000;13079800;43896800;3332200;10101600;29781800;11026800;6370100;3407800;3931500;23547300;8318000;14997400;2442500;4258000;24055100;12454218;101385600;554800;138700;5016800;562800;2680500;29194400;10962300;33166200;41022000;3550000;43753600;69271900,0;4842000;4617700;4165000;11391100;4783020000
2021-03-25;98844700;34061900;295144000;35616000;24505600;71270000;15608300;47517900;2804700;8390800;31495900;11138200;6269800;3021500;2630500;28125900;7517300;17091900;3249600;2901800;27553600;14725103;117674700;487900;181500;6168200;610000;2277800;31080800;10460800;42100800;49268000;2961800;44735100;74592600,0;5373500;7977200;5500000;14844700;4948340000
2021-03-26;94071200;25479900;363968000;27978000;17629200;66258000;16754400;66846000;3082600;7399900;34226500;9820200;7619200;2959800;2868200;28653600;10821200;17126700;3263100;3040100;17157100;12143472;101558400;348300;194900;3775500;584600;2468800;31146800;11071600;32707100;34678000;2741200;49148700;57916400,0;5865900;7333200;5799100;12617000;5483160000
2021-03-29;80819200;25227500;273520000;26492000;21718800;54920000;17570300;45680000;4533200;7792300;21144400;7542300;8535100;2740400;3002600;30146400;11176000;17514100;3621300;3003200;22198800;10786807;85911000;455500;368200;3402200;459000;2223900;26098500;9750100;29926900;33300000;4054900;37144300;57647400,0;4642900;5686900;6642600;15183700;4628180000
2021-03-30;85671900;24792000;200204000;27312000;17474500;46752000;13184300;56705900;2717300;5498000;20303400;6284600;7236300;3066000;2523600;27230100;8090600;14871800;2419000;3139100;12577300;10618713;118297200;190100;179500;3668900;408000;1967000;21915600;7097300;40593900;24181000;2885800;39169300;52039700,0;5045400;4717900;3878000;12000200;4121510000
2021-03-31;118323800;43623500;314776000;42570000;19498200;61878000;16736700;49270000;2624500;13180000;23686500;8954400;8281500;3356500;3621300;24546000;9202600;15826500;3564100;4512300;14138500;12557044;100011900;280500;168000;3762200;490800;2234100;27791600;8361300;35775400;35031000;4372600;43659500;61458500,0;4744100;6838000;6578100;9971700;4578050000
2021-04-01;75089100;30338000;308276000;39880000;17616000;58806000;16561500;65587000;2659000;6138400;23194500;8515800;7229700;2977700;2340400;25595100;9117800;15834700;2441200;3787100;10934500;11874438;105895200;347900;124900;2310100;581700;1835400;31407300;14069600;37703000;39386000;3701800;40182400;51788800,0;3923900;7763500;5573400;13228700;4162130000
2021-04-05;88651200;36910600;255672000;48510000;28237000;66698000;13508000;50328500;3235000;10440500;23264800;8692700;7387100;2709400;2864800;40043100;8279100;16368700;2866300;2323400;13750300;10180082;125528400;750200;116700;2414700;344400;2361700;19332600;12562800;22707800;33559000;2180300;32610600;65374300,0;4697200;5553200;5049600;25010200;4005030000
2021-04-06;80171300;22931900;191744000;35240000;17335200;50756000;13071600;42590100;1801700;7828100;18926300;8125100;5074200;2698600;2488400;31044600;6180600;15614300;3230900;2614500;11180300;8035938;84815400;543900;262900;2805800;538600;2297800;21520300;9100000;25221400;34742000;2661900;29327900;41933500,0;3988600;5448500;3060600;14699800;4081270000
2021-04-07;83466700;22719800;251284000;24134000;22855200;66924000;16903500;43136400;2157300;5614300;22385000;7699300;4608000;2158900;3406600;20361600;10244500;10062700;2551300;2449600;9925700;8379669;78928200;271200;215000;4340100;319400;2070400;27152700;6958500;28119600;21513000;2958300;35590900;32766200,0;3799300;4403400;3582700;12356800;4120810000
2021-04-08;88844600;23625200;244416000;28664000;20894100;56242000;12335500;45285900;2402800;11042000;21999300;8283000;5039400;2426700;2393200;19095600;6190300;9695600;2772200;2158900;9899900;11018763;71772900;532800;158400;3958100;530300;1937200;30380500;7304900;25700400;43098000;3528400;41925300;35905500,0;4035600;6169100;3113300;13507700;3907100000
2021-04-09;106686700;24326800;195172000;26146000;15988600;86830000;12122400;45872900;2347100;5724900;20020700;7163700;8418300;2483200;2611200;20676600;5855400;10828200;2728900;2482900;12255900;12689464;64311300;148300;123200;4062800;354600;2446600;46909100;6033200;28035400;28940000;2429300;32759900;54082700,0;4607800;7319300;6052500;13285700;3640390000
2021-04-12;91420000;27148700;869324000;25024000;10881900;65636000;12273400;45544600;2318800;6315200;20238800;7845900;5022800;3057300;2876100;18723000;6440900;8565300;2292700;1688200;10383600;8442187;87407100;390200;116000;5119600;289300;1782100;26566500;10355500;19094600;29441000;2896600;62098800;68620800,0;3556800;6205700;4292900;10634900;3588900000
2021-04-13;91266500;23837500;676212000;25682000;14036900;66316000;16113600;46770400;3575900;4764000;19370600;6829900;18424100;2652300;3089100;17397900;9161200;11071700;2570900;2286400;15901400;10277370;133958400;418300;156000;2783500;292200;2094000;32407700;9225200;22564200;27203000;2652800;37767300;83913500,0;3635100;5397100;3556600;13142400;3734720000
2021-04-14;87222800;23070900;385500000;21002000;17421400;62904000;19939600;52023800;9876800;4972600;28051100;10194800;7718300;2805600;2002100;21924600;7584000;9787600;2129200;2491000;12661800;12968951;147052200;1225200;156000;3832700;363400;2856400;34627500;9967800;28428100;37403000;2317400;34263800;108793800,0;3440600;4617600;3119900;12730700;3985350000
2021-04-15;89347100;25627500;598480000;29174000;14558300;64672000;17694100;118128900;4354800;8698100;23250300;7860500;7524600;4488300;2586600;21710400;7945300;13078100;2063000;1860200;9479000;10208753;83546700;1205400;148500;3612500;403100;2214300;22142200;11733200;36858300;31391000;2942200;68942800;58849300,0;3508200;5073900;3919200;13604200;4033420000
2021-04-16;84922400;24878600;335208000;26282000;13059200;63720000;13773400;60633400;4231900;6829400;22752000;7459700;9049400;4532400;3731800;26488500;7708500;17974100;2694300;2128400;14606000;10036727;83938500;606300;147800;2563600;312600;2468000;30800200;6583900;34102700;32091000;2725500;47280600;46627700,0;6213100;5088700;4710300;13334100;4163820000
2021-04-19;94264200;23209300;404420000;30290000;14553500;54508000;11900200;42321100;3228200;6541600;21123300;7068700;8353500;2965400;2966400;19281000;9149400;19352900;2254800;1712600;9249300;9003729;119058600;669000;183300;2030200;321900;3597000;57340900;8728900;39498000;42887000;3360900;39115500;45753900,0;4494300;4257700;4235500;19967200;3810290000
2021-04-20;94812300;19722900;334132000;22288000;16796400;52460000;13716700;50834100;3662300;5799100;21782100;9783800;14050700;3348100;2460900;24452100;10040500;14419200;1885700;2815800;19483600;12330465;106827000;615900;151600;2867000;412900;3168200;33159300;7473700;28893500;112576000;3135900;34977800;47123100,0;4462900;4081200;3740800;12562300;4342650000
2021-04-21;68847100;24030400;216776000;23204000;14863500;44224000;12236700;37851800;2733300;9490600;16625600;8264400;6333200;2473300;2219800;17335200;8465900;13866500;2065500;1977700;12847000;9953202;93646500;524200;92200;3577500;378800;3107400;16128700;7237900;16611800;228974000;2466300;35069000;42641400,0;3740100;4024000;3897100;18672800;3887250000
2021-04-22;84566500;25606200;277788000;24146000;16375400;51612000;15256100;48093400;2165200;7303000;21600100;9899400;7233000;2718600;2982600;19705200;7338300;12558900;1839500;2410700;13854400;10555051;106770900;361600;84500;5064200;342000;3830100;31262400;8345100;32128800;90611000;3713700;38846100;51346400,0;4875000;4975400;3732100;16769300;4245140000
2021-04-23;78657500;21462600;227500000;29066000;17536800;63856000;14041900;48674100;2163800;5345200;15337900;6756000;6015300;2263200;2482800;22971000;6708300;9020500;2137500;3458300;11533100;9357311;85110000;855700;144000;1618400;309200;2001700;27208600;7666600;25109700;73077000;2294800;49194000;32052800,0;3405700;5447100;3684100;10664700;3569880000
2021-04-26;66905100;19763300;197796000;32038000;16172600;97614000;10799100;34699800;2171500;5650000;16083800;5639700;6027800;1642300;2797500;22846200;9910600;11684600;2490100;1864800;10599600;18815482;93115500;1186800;167900;4271000;361000;2070000;18826700;9715400;26787400;43888000;2255000;57594500;33667600,0;2848500;3459600;3569100;9402200;3748320000
2021-04-27;66015800;31014200;164572000;44386000;15309300;76542000;12821200;34304800;2088600;6642100;19278600;6898900;6217700;1758500;6838700;16151400;8296800;9852400;2623800;1959300;10583300;30050351;88311000;669100;144100;3417300;307300;2069200;25524400;9284500;21147100;37613000;2270000;61909900;27678300,0;3335800;3445200;3173400;9300200;3710700000
2021-04-28;107760100;46903100;209416000;81106000;33907200;92638000;8943700;34084400;2140900;10111400;24729800;8718400;7448000;1886500;4682800;14286600;6262800;10868100;2777000;2965300;19054100;13261158;66813000;426300;126400;3711800;433600;2202300;30890200;13118100;30203300;31930000;4065300;108920300;22068100,0;2713400;4274500;3176000;6107800;3787360000
2021-04-29;151101000;40589000;173196000;41234000;56526800;153648000;12976900;44008700;2584400;7411400;27318400;9740300;6394300;1996500;2432500;19596000;6786800;15391000;3146700;5442400;12296100;11066635;86536200;632300;147800;2751300;313800;2117300;30050300;20502100;24620100;51278000;4637100;51294500;36770100,0;3261900;4140800;4540300;7940400;4298680000
2021-04-30;109839500;30945100;201912000;44856000;26332400;140186000;11705100;39203400;2101100;10260200;30518400;13730000;9079100;2328100;3103900;19680000;9188600;14912600;2640400;3953500;10380400;10011667;122276100;792700;139100;2660500;271200;2217600;29681500;11374600;36290100;44132000;4043200;46601900;24717300,0;3118700;5024800;5212400;7825300;4300880000
2021-05-03;75135100;19626600;203912000;28242000;18719500;117510000;11801100;41940500;1871700;8174400;20509600;7938100;6594100;2568500;3197000;27139500;8070300;10417900;2458000;3182900;9887800;12734908;81129300;533600;190100;2455000;334300;2051600;37676200;7920300;23997300;40919000;3344100;66323300;33934400,0;3683700;5835700;5184000;15319600;4070220000
2021-05-04;137564700;32756100;405324000;44818000;24032600;108788000;12977700;53880000;2831400;5884500;23522200;8704300;10179500;3237200;3703500;19084200;9624000;14151000;2529700;4040700;17807200;15557003;89217900;835700;117900;4030400;439200;3152600;22326900;11996300;29875300;43495000;3321200;59194300;63429600,0;3954400;6727500;4465500;15316500;4452460000
2021-05-05;84000900;21901300;292024000;26636000;15577600;74226000;10506700;37471100;2786800;6523200;31526200;12872400;7792300;2767600;4274400;18351000;8295900;9665900;2070000;3690600;14913500;11168297;65705700;1172200;107400;3372400;384700;3730100;28189700;6285500;27266700;31294000;2993900;42310200;39134700,0;3227200;4205800;4348100;12271900;4230920000
2021-05-06;78128300;26491100;193380000;25190000;19012200;88954000;13542400;39044400;3048700;6124100;26836800;9654900;5529900;3058700;3101600;16302000;9771100;11572700;1832600;4527000;11857100;12595406;83353800;1307000;163400;6713500;1009300;3387400;33589800;8352500;31412400;37837000;3787300;38661300;92201100,0;3539600;5200000;5962900;14089700;4511000000
2021-05-07;78973300;27032900;229328000;28898000;15916700;94206000;14257800;39249200;3378100;4528700;33610600;10273000;5316200;1851000;2526700;23408400;6299100;10637500;1406800;3327900;12823000;10810442;70407600;1871800;135200;3464700;642300;3279600;31156300;6893700;44490500;31328000;2935900;36954200;63725500,0;2998100;5774700;6099200;14073400;4016080000
2021-05-10;88071200;29299900;268904000;30914000;24239200;116772000;14014300;41271500;3396300;9627400;31956600;13586500;8357500;2489300;2242000;26307600;8852700;15545800;2031500;3752900;14813900;13154138;94177200;3672600;239900;3408900;649000;4335700;38146200;19537200;26093800;51316000;3193700;45134500;104670500,0;4840600;5263700;4537800;17356700;4560700000
2021-05-11;126142800;33641600;285584000;34186000;18920100;92396000;15451700;42964700;3734300;7633300;34563800;12754800;8217900;3024000;1850200;26464200;10973700;12986700;3028500;3163100;16273200;13645738;139511700;1560000;195300;6554700;704400;4078500;38058000;11948000;30959900;44010000;3073100;51008200;203230500,0;5500900;6097900;6813500;12980400;4870710000
2021-05-12;112172300;36684400;303408000;46376000;24645500;98728000;14381700;47533000;3309800;7721300;34426500;11661900;6758300;2888100;2397400;25998300;8853700;15836500;3198200;3668500;14931200;14215045;101470800;1619400;169000;4667600;753500;3048300;42520500;13529600;37873400;41215000;3293200;42531400;128281500,0;5822000;5482500;5308800;12302600;4733070000
2021-05-13;105861300;29624300;285404000;33204000;18079200;67018000;15395000;42026100;2673900;6650100;24268200;9706300;8018600;2637500;2174300;21475200;8753600;15475800;2819200;2228100;16503400;13158312;132554700;1390300;272100;3904100;772400;3803400;33217000;10633000;38010100;27125000;2626000;48646800;87811600,0;5159800;5337000;5244100;11399300;4779540000
2021-05-14;81918000;23901100;258616000;31996000;19245700;66500000;10584000;30932600;2732300;4777200;20735400;9124100;5797700;2072900;1823700;16091700;5989500;11725300;1943100;2041600;10162400;10167742;100112700;1658800;648900;2904400;473000;3252700;39981600;9391100;24850600;28825000;2959700;38355800;79409500,0;3998000;4429000;4260600;9033400;4008880000
2021-05-17;74244600;24970200;216980000;21598000;15401300;74478000;9886800;32656400;1826100;5534200;25282500;12692900;5722600;1583900;2466000;19675800;7690700;12119800;1630900;1998400;9559300;15316179;97171200;1070400;227200;2584500;364800;2422900;26117800;5917400;24450300;27052000;2511600;40779200;50039600,0;4388000;3816100;3883300;6637900;4125050000
2021-05-18;63342900;20168000;186256000;22204000;14522400;56568000;11098100;37880300;2018600;6900000;25170800;12759900;5846000;2694800;2369400;58183800;9239100;13232500;2913000;2436200;10081100;9816408;110491800;872500;211400;2987600;372000;2302900;26138300;8651100;20415500;23505000;3421200;31982500;59672400,0;7010300;3540600;4356300;6643100;4398150000
2021-05-19;92612000;25739800;344000000;23684000;19106200;53594000;13278900;42672800;3696000;9311900;28889800;14762700;5533800;2783100;3070500;34874700;9806800;15126100;2967000;3143100;13162700;11921066;118735200;1476000;158700;4575700;627200;3485800;27309600;8112900;33335000;33499000;3577900;73966200;45314000,0;5242100;8092100;5271300;8165000;4247450000
2021-05-20;76857100;21800700;321592000;32352000;17320200;52664000;10426000;36871100;1919600;7478600;20692500;9706300;4853200;2105800;3494400;30540900;8768200;10948400;1890200;3339200;9218900;9324527;92463300;865300;206400;4657200;594200;4059300;32457300;9208400;29483600;37212000;4087500;49135000;46302400,0;3854700;6705500;4141600;8802700;3978880000
2021-05-21;79295400;21863100;672992000;40632000;13600900;82098000;10249000;40243800;2657500;5603900;20792700;10352800;6501800;4295400;2579000;22927500;10161000;16033200;2601100;2479100;16579000;10697965;78091800;716000;252500;1966100;553700;2043900;26837900;8674000;34158400;33229000;2708700;40201100;35372900,0;3920600;4913600;4230700;8629000;3995250000
2021-05-24;63092900;21411500;554816000;31832000;16445400;48456000;9440300;31390800;1834300;4040100;18400300;6785600;5195100;1883600;2074900;18945900;6981300;10326100;1823300;2372700;10106000;7827397;103674300;524300;128900;2235800;265100;1578400;20720000;8229300;22520700;24126000;2351500;33194300;46596800,0;2930600;5288300;3973300;7044700;3684800000
2021-05-25;72009500;17704300;435408000;22440000;16437000;65222000;12609100;52657700;2631000;4689100;25616100;7884000;7444700;2285600;2919100;21505200;8142400;11916500;2681900;2265700;12908000;9496071;84017700;748700;443000;3211100;319300;2411200;24265400;7271400;33897200;26995000;3916300;47353100;49890800,0;3523300;6256300;4752300;7160600;4182250000
2021-05-26;56575900;17771600;370440000;21572000;9686900;47680000;13058300;41332800;2121200;4295600;21698700;9232400;5726400;1903900;2891300;19294200;8122900;16064300;1564200;2070000;7240200;12092309;85917900;718200;774700;2704200;398600;1854100;26154000;6663300;22506700;24653000;3101900;30354000;42958300,0;2881600;5807100;4756300;12851100;4420890000
2021-05-27;94625600;24426200;581476000;35224000;20477700;51224000;15707500;52981100;3897000;5969600;33556000;11703400;8114700;2041800;9340300;56577000;33095700;59109600;5242900;3594700;18404400;37035234;79111800;1157200;359300;3715300;712300;2906800;22938100;7379300;23589400;32538000;5416300;35883200;76230500,0;3734800;15344100;6602100;12867800;6406310000
2021-05-28;71311100;18270200;644536000;21482000;12037400;46596000;10291300;38509700;2169700;5779700;19246800;7278200;6400800;2367900;2386000;21186300;10477100;17011600;2853600;2290700;11197400;14560581;68211000;855600;196700;3201400;351500;1860400;54008400;7042200;30911600;29103000;3624300;40952700;111846000,0;3194000;17810800;4522500;6929700;4649250000
2021-06-01;67637100;23213300;472804000;23354000;11765900;48600000;9445400;42890700;3644000;5091500;28474200;10260600;10448400;2199600;3070200;20767500;9993900;13304000;2574300;2476000;13562800;10087388;54254700;1217400;220100;3262100;437000;4021000;62865000;7059600;42652300;24826000;3119700;43433000;52695500,0;3549800;8103900;3335800;10485300;5074670000
2021-06-02;59278900;19406700;594168000;21158000;11654300;40290000;10498600;34180500;2809700;9081100;22978300;9141800;6806000;2232900;2030300;23298000;8254100;11328500;3172000;2348500;10820400;8012785;69908400;766400;377100;3364800;287400;2391900;110221400;6026000;49623000;22690000;3531000;35203200;86473200,0;3380100;5543900;3517100;12249300;5833670000
2021-06-03;76229200;25307700;580008000;18696000;12610800;47966000;13354400;46981200;3003900;6382400;20272800;8809300;5808800;2281200;3066600;18374400;11249800;17364300;3249400;1923200;10402000;12672972;90335700;1460500;273800;3041600;299200;2806400;61888700;6644000;25464600;38874000;2605900;29812000;48164200,0;2652500;5109000;4099400;12038700;5587970000
2021-06-04;75169300;25281100;617120000;24458000;13289400;44994000;8510800;37192600;2514100;5085700;20427800;6699300;6510300;2990900;2817700;13635900;6894400;18935100;1615200;1837900;8799000;12855029;72110700;515300;228300;3746600;348300;2470600;57259400;7416700;31203200;31605000;2295200;26387800;42537600,0;2638700;6177600;3271100;14502900;4139790000
2021-06-07;71057600;23079200;575756000;24120000;20136700;44316000;7267200;28401900;2188700;5421300;15477900;6748600;5362800;3353800;17231400;16630800;8418000;14010800;1877000;2330700;10606000;7493597;67631100;742900;140900;15198800;322700;2502100;62577100;5563300;26655600;27919000;2133400;29006800;49641000,0;3974800;3510800;4441000;10445600;4476920000
2021-06-08;74403800;22455000;323848000;24240000;14580500;68334000;10370700;41871400;2452600;4170600;28953400;10559500;7746800;3051300;4618500;20120700;6911500;10968300;2106200;2212300;15113900;8852489;78160200;542000;137100;3986400;485900;1555300;87842300;9657900;24620600;23740000;3224200;26956600;53488600,0;2913500;5827300;5035900;10726800;4659620000
2021-06-09;56877900;17937600;381656000;17942000;13727900;49110000;12377400;42366300;2025900;4659000;29133000;10146900;5552600;1925700;4934900;17085300;6200700;9838800;1982200;2919600;10693200;11189043;49753800;324400;121700;3466900;382900;2249400;72794600;6717200;33848800;30550000;2520900;28454600;36006200,0;3603700;3350900;3501800;9720300;4713260000
2021-06-10;71186400;24563600;287772000;25904000;13240200;69530000;12119400;40123600;3900800;4452500;27488700;13526200;6463100;4033600;5598200;16378500;6515500;12444400;2534000;6281800;14519200;9999489;71758800;406200;156800;2778500;594600;2038000;35406200;5522300;38490000;43829000;2460200;28606400;35482900,0;3286300;4659500;4039200;16680800;4408210000
2021-06-11;53522400;18999700;416308000;21958000;13587900;56348000;13683800;31203600;2117300;5378300;17631700;7731700;7389900;3094300;5636000;25232400;10641400;11825800;2654300;8734900;9934200;8500031;48615900;247200;139000;2534400;485100;1514600;37540100;6529900;25434000;31240000;2708300;24310900;33113100,0;2785100;4624200;3524200;11066500;3815010000
2021-06-14;96906500;19150500;321376000;22098000;12250800;51394000;19917900;36050700;2560500;5805800;16997200;9051900;4931300;2674900;2720700;15140700;6302000;9710800;1836800;7213300;9344400;9114079;61272000;518500;179100;2314000;477700;1519300;27223300;7912600;25121300;44002000;2515300;27830200;51801500,0;3393500;6764700;6100500;10173200;4151200000
2021-06-15;62746300;18038900;243032000;21562000;15795200;48524000;24485500;39247900;2302900;7093800;30717100;10540200;5062900;2845800;2188900;19327200;5543400;11154200;1948300;5055900;10630900;7629388;53292300;1332500;300900;5075100;482900;2141000;20327000;5723600;13826700;31041000;3562500;26194300;46693200,0;5270600;5135300;3758700;17298000;4048940000
2021-06-16;91815000;27220000;307124000;26472000;17232200;84056000;25321200;63859100;3264200;8905400;24803200;9283300;6988500;3330800;2548800;28794900;8936400;15211700;2951700;4156900;10529200;14070907;66432300;881200;174800;2406500;419800;2211200;31998700;7404700;40846200;35332000;3081000;29598300;58452600,0;4492500;5099300;5626800;36560600;4538350000
2021-06-17;96721700;27565500;809656000;25842000;17794100;102730000;29722400;80728200;4146300;6876700;28491800;14337800;5874700;3532000;1890700;19341900;7875600;10658400;1895600;7995300;10774400;15451709;68104200;3587900;136900;2273000;462100;3493900;35145200;6618300;27397200;31983000;3824900;77822800;64408400,0;4481100;5170200;7134200;14836100;5312680000
2021-06-18;108953300;37202200;968856000;46116000;23039500;104954000;43595700;102774200;6290100;8840000;39590700;22284500;12993000;5521400;4016600;44812800;13997600;31445600;4408200;7156400;11965000;16465184;73682700;1178600;177600;2918100;529700;4617100;35908000;12753600;39888100;51976000;5009400;58736800;65852600,0;8792700;7822200;12565800;22521200;6817010000
2021-06-21;79663300;26696100;672384000;27414000;11337500;65542000;18664800;48119400;2717300;7298400;33145400;13591500;6592300;3839300;3671300;20775000;8014800;14404300;2193000;5633900;15301800;10825169;74438100;837900;95100;3403200;328100;2189100;23217200;6371400;18515700;52773000;3094600;44417100;54805000,0;3774200;5895100;5482700;8924300;4128950000
2021-06-22;74783600;24694100;580144000;22390000;15345300;66902000;14251200;44113200;1870800;8858400;25140400;10230100;5627800;3964600;1658800;19107000;6550900;13072800;1758300;3776400;10042500;7678083;57476700;777400;129400;2334900;375000;1347400;31471500;5976400;24400700;58093000;3582700;32107700;46171100,0;4418400;4457200;5224700;9845800;3828390000
2021-06-23;60214200;19518700;332356000;19148000;14817800;56266000;12733300;32039900;1713100;6814700;20701600;7792800;4493400;2942100;2419600;19390500;5796000;12339200;1701500;3283400;9874700;8763306;93297600;757100;275300;2174600;355000;1944000;32095900;6613800;21887600;39448000;2241800;25992400;53362200,0;2564500;4482400;4533100;7295900;3730350000
2021-06-24;68711000;21446900;320924000;21362000;12329100;76640000;13733200;37161800;2716600;4611500;19568400;8724600;4549200;3309100;12290500;23444100;6056700;11488400;1839800;6827600;13755600;9594524;137947200;515000;168400;3199900;375100;1370900;31999300;7941700;19611300;33612000;2788200;42217700;48419400,0;2649200;4987300;5453900;9624000;3816660000
2021-06-25;70783700;25611100;278364000;34594000;14594400;78820000;15484900;53178800;2782400;7825200;18438300;8102300;10963800;16928900;6992200;28640700;24504900;18880300;3000100;11274200;9625800;6844839;97490100;498800;692100;3590300;284200;1075800;44478800;7949200;33494400;52991000;3983900;27804500;140832700,0;11733500;15409300;5577100;12845000;7341450000
2021-06-28;62111300;19590000;495436000;28526000;29156100;44856000;14125800;34416500;1833400;9301700;20570000;11348400;5604000;3193300;2507500;15549000;6065400;10556900;2901700;3172000;18152000;12396856;64884600;522900;199900;1804700;283800;1330200;28835100;6645500;21004000;28202000;4800300;30262000;42184600,0;2635400;4274900;4024600;5605400;4147890000
2021-06-29;64556100;19937800;367632000;23108000;21417300;41968000;14528700;38519600;2365900;11897700;19579300;7225500;3749500;2458800;1621200;35962500;5792300;12300900;1932100;3443400;16743900;13883493;52143900;437800;240300;1461600;226200;1318700;32933900;6885400;17266300;23146000;3394300;46181000;38478900,0;3150100;3871900;4470500;5392900;3707150000
2021-06-30;63261400;21656500;326568000;24474000;15107500;48080000;12531000;29159800;2238400;7797100;17875500;7927500;6151700;2875600;1786700;45511200;5776600;14614200;2450700;3249500;12089100;13754002;56774700;354100;220600;2428500;231100;1242900;47153500;6449700;26360000;27734000;2884900;70721500;28957100,0;3061500;4168800;4474100;7899800;4266040000
2021-07-01;52485800;16725300;480136000;18110000;17137000;40742000;10479400;28045100;2571000;5329600;22530300;10873200;6320200;2678100;1977300;26348700;5922300;13214700;2210500;2426300;9516200;9368346;55903500;233300;184700;2886000;244300;1623300;37910700;6094100;37598500;28054000;3108500;58059000;55429800,0;2578000;3899600;3647200;13108000;3788230000
2021-07-02;78852600;26458000;342764000;25982000;11521300;63388000;11424000;28980800;1598900;4383700;14555300;7107700;9059900;1982400;1994000;26280600;5572000;10604600;1851500;2433600;15706600;6653090;81163500;421700;138900;2354600;144000;1306700;19329800;5399100;28071600;19755000;2786500;51316700;29389500,0;2201600;4056200;3682800;15258100;3225840000
2021-07-06;108181800;31565600;446708000;26404000;13488500;134896000;15083400;47578700;2162900;8048700;22110800;10162800;6098500;2615300;3125400;18279300;6534400;15278200;1762700;4348100;11045800;14172730;69853500;825400;228600;2256800;254100;1681800;37175600;7095200;30584800;27751000;2740500;44930100;28764500,0;3109500;5590200;4401500;14200400;4309570000
2021-07-07;104911600;23260000;418428000;24060000;14218900;106562000;12271800;43499900;2012800;4366100;21671400;8245000;6293500;2270400;3141500;25607400;5532700;14377700;2069400;2707700;11497000;12250973;56376000;521000;169700;2093500;255200;2363300;35695900;5034900;29100500;27225000;3176600;51498500;66937300,0;2939900;5101400;4412600;20976600;4037380000
2021-07-08;105575500;24618600;503300000;23790000;14406500;103612000;17834600;52793100;2940500;6388000;18935900;8695500;5755500;2032300;2431500;21267000;7585200;11943900;1932600;3723800;17964300;10798825;68319900;493500;101700;2088100;337200;2305100;25261300;7501100;32604300;32690000;2809000;45673500;34612600,0;3663000;5159600;5370500;16383300;4347500000
2021-07-09;99890800;23916700;296624000;18632000;13018700;74964000;13694500;43887200;2641800;5615900;20086000;8567900;6120900;2078900;4030100;15185400;5948700;10847000;2560500;3163800;12385400;8290767;54421500;675000;97800;3490200;227000;2000700;15095000;7356800;13848300;27772000;2404800;35278400;22492400,0;2587400;4213500;4896000;15685300;3531120000
2021-07-12;76299700;18931700;321984000;17668000;10018600;51432000;19940400;42624500;4135900;7010700;21809400;9898600;7840500;2802600;2928600;19515000;6807300;15107600;2158600;2509000;9071500;11187237;77781000;512300;256700;1715900;269300;1249300;18279900;6786500;20737900;17807000;2648300;28526600;23457200,0;2521800;5604500;4282500;16076800;3384460000
2021-07-13;100827100;26120100;290708000;19240000;11456000;76918000;22671700;54338100;6466800;8079200;17147300;6738000;4691200;2948900;1974000;18947700;5603800;15170800;1884600;2373300;21029500;7907410;62898300;434500;162000;782700;381700;1157000;16181300;5657600;23045600;27516000;5161000;30367600;24748800,0;3213800;6699800;3136300;12789300;3695430000
2021-07-14;127050800;23113700;380100000;23742000;13894200;65932000;14622800;105651700;3295700;8693400;21573600;9216600;6162900;3538700;2103400;18812100;5903600;22002700;1993200;3185200;12137000;8970443;64923600;389500;244300;2178400;296500;1846100;23993300;11305700;25963600;46595000;4140500;28108500;33796200,0;3381600;6375700;4108000;13330500;4006370000
2021-07-15;106820300;22604200;550564000;24218000;14781600;63706000;11539300;54697300;2183900;10135100;15851100;9665700;6656900;3546500;3611200;17974800;7357100;15068200;2165800;2737500;12228600;10310877;60628800;496500;156400;5134000;220900;1398100;22301600;6667400;23964000;57139000;3773000;38944700;31871000,0;2603900;7912600;3274700;18306300;3905230000
2021-07-16;93251400;26186800;688224000;20424000;11026100;80874000;14002700;60469700;2583300;8674500;27049500;12199100;5834900;2625400;2229100;18095400;9346300;14860500;1680900;4368800;12413400;9141767;49113000;439300;197300;4890900;237700;3437700;20860300;5914300;20744300;34421000;2706500;35860700;19503100,0;3623700;7288100;3436100;14617500;3985700000
2021-07-19;121434600;32935600;749060000;27968000;14372300;75692000;22172900;83251500;4394600;11474600;37969100;17385500;8219700;3611300;2305600;27383100;9544100;19527000;3774900;5391100;24123600;19842400;63891300;2716300;217200;4554500;274400;2593800;30192900;9371300;22432700;38858000;6814400;39244800;30314400,0;3752600;8843000;5231900;15619900;5157660000
2021-07-20;96350000;26259700;434687000;26312000;11024300;65114000;15385200;59462900;2937900;7072300;26756100;12114600;9902800;3186700;2297800;19020300;8136300;16257900;3275600;3934300;17027300;15072405;46461300;610200;231800;6134800;296100;2462200;25425700;6020400;20674500;69304000;3542200;28089000;22954000,0;4251700;8487000;4737000;12813900;4438270000
2021-07-21;74993500;24364300;371017000;20746000;9279700;46380000;12356700;49907400;2398800;11241400;20908700;11478100;7585200;1863700;1651500;18591900;6954700;20918200;2146600;3407300;11437600;13548149;41859900;462200;155000;2269300;164200;1672100;21620500;6161900;17995000;119068000;2393100;29469900;20437300,0;2832600;15323100;3435900;13108100;3810280000
2021-07-22;77338200;23384100;323826000;14302000;12385400;65308000;9913300;52715600;1887100;10293600;13493800;7694300;5281900;1421900;1703500;13013400;6013800;13402700;2538300;1931500;9768900;8712244;45317100;337100;196300;1254200;320800;1446900;15158600;3862600;14172800;43281000;4180300;33730100;17468900,0;2208100;7868700;2565700;13638900;3358300000
2021-07-23;71447400;22768100;195672000;41506000;33694300;48726000;9666100;48659400;1706900;6766000;14088200;7570800;5014900;1611700;2448100;15947400;7906000;12144000;3996400;2302600;9379500;7579911;43814700;245500;163600;3120200;337100;1668900;14076800;6310400;20474700;38205000;3720300;31708900;17653300,0;2786400;5877300;3217500;12680900;4540070000
2021-07-26;72434100;23176100;203943000;30572000;14925200;58002000;8208000;32258000;1559100;4879000;18387600;10227500;4484900;2232600;2678800;18517200;5925800;8681100;2638400;2157600;8933200;10800049;76009800;540000;121100;1961400;240000;1895800;17078600;6253900;16217100;22545000;2285800;27668500;16267900,0;2752000;3960700;2423800;10454100;4275630000
2021-07-27;104818600;33604100;248863000;54710000;15705400;82638000;11218700;39121400;1791800;7038300;16861400;8332100;7089300;2630600;2116500;15395700;7075400;12794400;3135200;2472000;8784200;23964901;98439900;779900;167000;3123400;376300;3697200;17476400;7575800;22445800;27590000;2783800;69427000;23078700,0;2910300;6352500;3390300;8465200;4241950000
2021-07-28;118931200;33566900;202191000;95130000;29676900;59988000;9217300;43331100;1668900;9036500;16855300;8546100;5750700;2446600;1688000;14071500;8520000;9858000;4948500;3246900;19330500;13757312;48019800;445100;312100;2673800;360500;2950500;21586200;9303400;21437700;23905000;3372600;140561000;25073600,0;2376200;4100200;3794000;6396800;4215290000
2021-07-29;56699500;18168300;190781000;31716000;33413200;110400000;9063500;43039100;1296600;7495300;18607800;8681300;4214100;1597300;1924100;11063100;5430500;9599100;2572300;3419700;8667900;10889854;91183800;1011500;200600;1858600;239800;3246800;16613300;19446900;10743700;17360000;3774000;164091800;19219100,0;2172400;3271100;3543600;6201400;4044600000
2021-07-30;70440600;20944800;183497000;25576000;15976200;199312000;9805200;46210100;1474900;5804700;28652800;12295300;5346400;1864200;1905100;16332300;14394300;11727000;2336800;5834900;9940100;12050777;88969200;519900;165800;2202600;415100;2340400;24680200;8404800;47806500;25371000;2533300;125632000;15889200,0;2381200;3748400;3607400;7962800;3956740000
2021-08-02;62880000;16267400;217444000;21634000;13180400;67078000;10203200;49894000;2383200;9989500;20873800;8911800;3721500;1806500;1958900;19958400;7009500;9778000;2693900;3977100;8889100;39943542;100847400;494800;248500;2237800;328100;2432200;21876000;10823800;23672600;20966000;3430300;115581900;21372900,0;2016400;3525700;3091200;5579100;3724090000
2021-08-03;64786600;17879000;301811000;20762000;12406100;83146000;10394800;39680600;1494600;9839000;18208200;8437300;6033000;2496500;5406200;18915300;8455700;8825500;3300000;3580500;7326400;23177543;64860900;502700;258400;1651200;231800;2443300;29757200;6223400;26944100;25794000;6328500;157723100;17040100,0;2405900;3077900;3630600;9889800;3965190000
2021-08-04;56368300;16191300;231309000;19676000;14180600;43678000;10155000;42289800;1460500;8171800;20868300;10389800;4793100;1995400;3892400;15301500;6628000;11888400;2240600;2948700;9756300;22702917;51007800;537200;244500;4682300;276400;2124400;33094900;5556400;23819000;20394000;3203200;225368700;15537400,0;1783700;4121600;3024600;7509900;4260760000
2021-08-05;46397700;13900200;211435000;17870000;10247200;48670000;9151500;34754500;1583800;5337500;15180200;7986100;4291000;3598600;2262400;27005400;5363300;9806800;2230500;2685800;8362600;13050690;38758800;246800;292700;3481200;1293800;3563800;76120800;7169200;34968000;25567000;2562400;137860900;18575200,0;2284000;5235200;3584900;8231300;3769410000
2021-08-06;54126800;16589300;178497000;20488000;8925000;52752000;13328800;58022300;3655800;4509700;14888500;6475600;4581100;1944000;2155200;19263600;6030100;10409300;1558600;2677100;6061900;17637083;46869000;270700;356800;1974200;442200;1674700;35484500;5733300;20199800;19198000;2038500;143899000;24200700,0;2656600;4045400;4831900;6513900;3451870000
2021-08-09;48908700;16117600;146443000;17760000;7798900;42964000;9516900;56340100;3319100;5226900;17828200;9243100;3950200;1509800;3238500;15811800;4743800;8859900;2093100;2747200;8358600;12768033;44145900;401500;271800;5510900;244400;2071500;27139200;4966600;23598400;13678000;2400800;115749900;35611100,0;1995300;3312200;3676500;5798700;3449280000
2021-08-10;69023100;18616600;179238000;19414000;7469900;48252000;8667000;44987300;3152300;7185700;16340200;9762600;3678300;1441800;2060200;38262000;5253500;10906900;2027500;4193600;9603500;12930790;40296900;396300;255700;4075800;844600;2105200;31379900;4197100;19116800;19605000;3225000;113012300;25947900,0;1868100;4430600;3134100;5473300;3886610000
2021-08-11;48493500;13955900;185925000;15352000;8400300;58944000;9156500;58458200;3000500;7375700;18278600;7079800;4221300;1542600;2813300;41455800;4205000;8370700;1969100;7794100;9664000;13330458;29401800;341800;346900;4647500;484400;3603000;20633400;6216000;20989800;16739000;3267700;91788300;34679000,0;3258600;3999200;3475100;8009800;3532560000
2021-08-12;72282600;14561300;151652000;16506000;7170700;46282000;8844200;37400100;2312800;9867000;19225500;7377600;4300400;1939900;2100900;18269100;4956100;6169200;1490800;4444500;6810000;10270509;52377300;230900;417800;2459800;323300;2954100;22488400;5777700;21722100;16857000;3802900;60578700;189287200,0;2554200;4467400;3170300;5687200;3375310000
2021-08-13;59375000;18249000;183063000;15948000;7195700;41134000;8980900;41344900;1980000;5445400;20063000;6572600;5882100;1537800;1482300;15981300;4888800;7714200;1699700;2049400;6390300;9020462;50194500;227700;467200;2036900;262300;2363300;18640500;5764000;20908900;21777000;2304600;100135700;52395100,0;2217000;5986400;3115200;6640400;3016470000
2021-08-16;103296000;22507600;210876000;22384000;11222100;66394000;8755800;38599100;1590700;7575900;16959500;9476600;4782800;2377500;2623200;47791500;6040800;7972000;2175300;3132500;7622000;11101144;68032200;638000;284600;3303900;452600;3097300;23517600;4410800;17922900;20328000;2937300;73325400;45907300,0;3496300;4047500;3562300;7122800;3370640000
2021-08-17;92229700;20075300;204585000;21716000;12328700;67758000;9347200;43526900;2077400;6850500;16243700;10937500;6041900;2258000;2096100;50950200;7577000;10346400;1652000;4022800;13124000;13125487;71163900;797900;586100;3034800;328300;3291700;26993300;7256800;25797900;23098000;2812800;74053900;35348300,0;9322800;3472600;3626300;6738500;3836960000
2021-08-18;86326000;21813000;285913000;19258000;10042400;56086000;8065500;50342500;2187800;4996500;21890500;12893600;7134100;3037000;2527400;28211700;7162000;13873700;2215500;2947700;9000900;10427487;61048200;261700;481600;1636100;315100;3440200;20308600;6546500;38656900;25820000;2774500;79387900;92065600,0;4880600;8306700;3880500;7666300;3755590000
2021-08-19;86960300;29850500;766555000;21782000;12004500;75658000;9517700;51883900;2241500;5761300;30923500;17423400;5615000;3204500;1901000;22630500;5787200;9223700;1455400;4788100;11404400;17344153;42940500;751800;394100;1930800;320400;5203200;21073900;8661000;29628700;74973000;2727900;71117500;67605600,0;2974700;6600800;3393100;8099400;4398410000
2021-08-20;60549600;40817600;675741000;31194000;8697700;67168000;6974100;40415000;1612100;5522200;16918300;9707600;5428700;2401900;1536800;19400400;5273800;10543600;1989700;2765500;9335700;10203095;44525700;464200;246700;1956300;232100;2705300;27666700;6141000;47180200;37764000;4135900;55227600;52062300,0;2929900;5510700;2846100;8716400;3652610000
2021-08-23;60131800;22830200;575807000;28454000;10942000;65362000;7934600;35364500;1857600;6342000;21632600;10277800;6461700;2375900;2438800;16166100;4522200;8912800;2086900;2827400;10392100;9642436;60794700;439700;442400;2226700;427300;1976300;29732100;6936900;22031600;26020000;3537900;68835300;35705300,0;2792700;7603900;2956500;7147300;3576530000
2021-08-24;48606400;18175800;297299000;19268000;9235100;51036000;7670900;35579300;1958400;5081800;17915600;8924900;5734800;1619300;3736000;18828900;4560400;12067200;1687700;2485900;8942600;11007246;39249300;327600;550200;1425900;357800;2573000;14495600;7066800;31350700;21095000;3032000;51239300;37227400,0;2359500;6685200;3185000;6320100;3979220000
2021-08-25;58991300;20006100;347701000;15848000;9684500;33606000;11335000;51219900;1845300;5277100;13270300;9342300;5700300;1939000;2388500;21921300;3861500;11270700;1668000;2599800;6528900;12627427;37936800;187600;314700;2245700;260300;1474400;14743200;5721600;21551800;20656000;2340400;45485500;54678500,0;2586900;9701000;2973300;5748500;3444700000
2021-08-26;48597200;17666100;237940000;20610000;7888700;41976000;11027500;41184500;2076500;5889100;11842600;8124800;5031600;1385400;1732900;23466900;4749400;10331500;2008000;2513900;8341400;13107992;39642900;133400;281500;1921300;262000;1853100;18014400;6825100;22250800;15955000;3946300;51442500;46179400,0;2952300;18987000;3340300;9093200;3263980000
2021-08-27;55802400;22605700;304722000;28780000;11219100;48048000;8780200;46468600;2174500;6369000;15822500;10281200;7046100;1621600;1839700;23088600;4741200;8844100;1784000;2511400;7684900;12473178;41501400;298700;332000;2498400;253400;1817100;30691200;6274500;18585100;32526000;3698300;61030000;52268500,0;2985400;7992500;3484400;5426800;3331200000
2021-08-30;90956700;16348100;262580000;24434000;13547300;63844000;7937600;44855600;2089400;6448000;14086100;8127200;3252700;1284200;1300700;16440600;3845800;10034700;2245600;1922100;7587800;11469513;55812600;510600;352300;1989700;285400;1242500;29425000;5263600;14945600;24348000;4032100;56130500;44139300,0;2926900;5730000;3505200;5357000;3168660000
2021-08-31;86453100;26285300;259850000;22448000;12345400;87128000;12340800;54654600;1958100;9405100;27104100;15676900;7106800;4249100;2733400;25078500;9642400;14185700;2938100;2857900;6764500;17641256;62566200;214100;349300;1916500;278400;2223900;30317200;7820500;22341400;24319000;6780400;49339000;93168600,0;4183100;5901500;6497800;8113300;4290710000
2021-09-01;80313700;18983800;201767000;21936000;11567200;72598000;8729900;52361900;1680400;8177600;21644100;10557300;5327400;2034400;2956800;19056600;6214200;9518900;2197100;4122900;7157400;12789542;39612900;640300;327500;2075900;311100;2454200;26040200;6451400;18491600;56262000;4499600;38579600;34417200,0;3339100;7189000;3323200;8208000;4057340000
2021-09-02;71115500;16285600;187834000;32342000;14832900;58474000;8813300;44538900;1830400;19708800;23293300;12340100;4544300;3137400;1469700;20018100;5392500;11653200;2140200;2921600;8899500;13633178;38331900;203000;247300;1830300;450500;2283200;27197300;6006700;22418300;61799000;7412000;40090500;38460100,0;3109000;4498300;3969800;7717400;3735990000
2021-09-03;57808700;14747900;280532000;19850000;7509600;51514000;7959700;41812400;1373600;11532000;13840000;9097000;4096900;1604800;1124500;17211900;5466400;13220400;1339300;2512000;6393500;12225833;45738300;233400;225000;1235000;228800;2050800;18771900;5505800;22400100;26812000;5171000;42605800;26609500,0;2774800;7356700;4495100;8456900;3217530000
2021-09-07;82278300;17180400;198107000;20124000;10793800;54758000;9285600;43748600;1557000;9662600;14354400;9237800;6859900;1920300;2403700;25345200;6520600;20035300;1820000;2641100;13196100;17639170;60119400;237400;372700;2406800;195200;2155800;20882500;6361200;25236400;58214000;4764300;28815200;35835100,0;2555200;4672500;4863900;11046000;3822960000
2021-09-08;74420200;15046800;254434000;18344000;11067200;61068000;7852700;36064400;1646200;10652600;18756700;10775900;4661700;2262500;1542400;19508400;6897800;12040100;2718400;2603100;8877600;19263203;56379000;515800;292700;1599400;334600;2737600;46894600;5981300;56500300;54245000;5054500;43067900;54394400,0;2219500;3851500;4646800;8851200;3750880000
2021-09-09;57305700;19927000;196856000;15314000;9098900;54384000;7904300;36266400;2424600;5853000;19110800;10219400;7114600;3508500;4976600;22328700;6354700;12545400;2992200;2777900;9242800;15066205;42233100;301500;207100;2599600;288700;3410100;63860100;6190800;62164100;29542000;3716200;31857900;34190800,0;3011900;4126500;3683700;11034700;3735390000
2021-09-10;140893200;19633400;248376000;36840000;11549600;47946000;8311600;40514700;1956000;6715400;15123700;11006000;6699300;4215800;4633500;15775200;5750000;10573700;2035200;2551200;6959700;15350467;45552600;653500;333500;1441600;327300;3189200;24739800;6263300;44501200;39508000;3437700;32602300;37307800,0;3178600;5280900;4552300;10547400;3623180000
2021-09-13;102404300;23652900;297500000;22094000;13026300;51380000;10052800;42036300;1802800;6808100;22052300;11500900;6273500;3068200;2832800;19529400;9952500;20274300;2294800;2699100;10175900;20038302;68857500;221500;528400;2158900;221700;8318200;21644000;4312800;21417500;30629000;3234200;37767800;42372300,0;3908700;5258200;4601900;18883400;3914220000
2021-09-14;109296300;21853400;199755000;19674000;8711600;38738000;11685600;53820400;3263200;6575700;19940300;15294100;5259600;2879800;3826000;16533900;5831800;13918900;2013800;3757600;9947000;25717763;55574700;207300;288800;2114300;174700;2905500;19886000;6442100;18839600;34570000;3281900;40629500;34569000,0;2857200;4097500;5283200;22714200;3670460000
2021-09-15;83281300;28356300;166538000;27408000;17940300;59150000;11691500;52358200;3199800;6535800;23240900;11623400;7935300;3180600;2802500;14850000;6237100;15746000;2507200;3342700;7916300;13007192;46073100;264900;187700;1606700;239000;2383100;20237400;11289100;13910700;27556000;3833500;37998900;49555500,0;2875500;4764600;3883500;14951100;4032020000
2021-09-16;68034100;19550800;156033000;26190000;11934200;51672000;10880900;42922000;2882900;5928500;17907200;10616700;5665400;2262700;2958700;18428400;6142100;17430400;3410700;3120100;6370900;9601506;41770200;479600;211600;1827200;203900;3799700;19472000;6719900;16551500;18320000;3771100;38150300;109992000,0;3043800;5122600;4210000;12410500;3984560000
2021-09-17;129868800;41372500;294503000;53384000;26299000;92332000;25581600;92746000;3843700;13787400;30000400;16006100;13419800;4534200;4480000;73032600;18737400;33370200;4756600;6351100;7932700;17203387;84612600;459300;455600;4448600;295100;6992100;33463800;14550500;27668700;41451000;5527500;44528300;182052600,0;7098400;7049400;15863300;58069000;7289530000
2021-09-20;123478900;38278700;349440000;46518000;19822800;93382000;15819900;67566200;3834500;8822600;27555100;15796100;7270800;2799800;2803400;25054500;10238700;27542500;4549900;9151100;10567400;16217539;74273100;990100;323000;1968300;383500;7914400;35366400;9647100;31085900;37322000;3956600;45228400;89413500,0;4036600;5985500;7644000;13897700;4898070000
2021-09-21;75834000;22364100;204688000;25332000;11751900;55618000;8999900;38271100;2377300;7033600;19696800;10958400;6663600;2382200;2172800;17437500;6651300;16418200;2008300;5699900;7139000;25342171;48992100;271300;431300;1006200;203700;7198700;23984000;6175300;27750300;22509000;2967300;35481500;50933600,0;3171100;6040600;4648400;11124400;3920920000
2021-09-22;76404300;26626300;268726000;25056000;43692900;48228000;11236200;46261400;2991300;6005900;25690600;13292800;5657100;3629400;2529600;15044400;6332500;12719700;3361900;3924400;10953000;18002884;45378900;1089900;234400;1296000;197400;6223300;25128800;5163000;26653900;40218000;3238800;34126300;44308100,0;2872800;4355600;5018400;9908000;3939170000
2021-09-23;64838200;18604600;248555000;20952000;21806300;47588000;12336100;49779800;2518000;7952700;23069400;10094900;4697900;2681600;1912300;15585300;5171200;13836200;2941700;3367800;9344600;18620844;35842500;251300;181200;2782600;211900;4049300;20048000;5918900;21472500;25262000;4783200;32816700;60028600,0;2426600;15617200;4731600;9720200;3916350000
2021-09-24;53477900;14999000;217655000;22984000;18801900;42324000;10102400;39042300;1789700;6461200;22328600;8225300;4399300;1950400;1642500;13360500;5009400;9682200;2508800;2199500;6498200;10528608;64119000;301100;225800;1508100;236500;3697300;17546800;4554600;17531300;21262000;3306200;26482600;40309700,0;2004900;13368300;3106100;7617800;3384290000
2021-09-27;74150700;23571700;245215000;21882000;15205800;72690000;13220900;49755400;2788500;6881100;32972200;12697500;5775500;2608600;2785900;21250800;5749700;12429500;2463300;3033100;9749200;12971559;84212100;206800;748700;1548300;509600;3525700;39604800;4319500;26414900;25047000;4158000;51944300;44102800,0;2966100;5941100;3358400;11533000;4058650000
2021-09-28;108972300;43186200;343069000;45772000;21710300;88616000;13387900;60781200;2609000;6951400;37619300;15560800;7610400;3115400;3583300;20580900;7015300;19926100;3007500;3247500;9639800;20146646;76144200;256600;616600;3189300;588000;5241200;35124800;8851700;31983600;44311000;3266900;74469000;64206200,0;3304100;7127100;4959500;15041800;4416550000
2021-09-29;74602000;26353700;218394000;30848000;14452200;51246000;7777100;44260200;1955000;6432700;23422800;10268100;5124100;2056300;3971000;21375600;5460000;13941500;1719000;2954700;16808000;11876404;62828700;153800;453200;2437200;371200;4642100;22279900;7037200;25693400;62210000;2808800;52224700;46164500,0;2424000;4361900;2952000;12007300;3712660000
2021-09-30;89056700;32343600;221009000;37996000;16547100;56848000;13161200;47410800;2665700;7128500;31289600;15319800;6972300;3779900;3786100;22457700;6934900;17672000;3136800;4978100;10366900;14356273;53868000;948000;389400;2822400;366400;3541700;20380100;6976800;23500100;66126000;4393300;57636700;59505600,0;4255000;5224200;5187900;15649900;4448140000
2021-10-01;94639600;30086300;240978000;35360000;14905300;56712000;11285000;40987100;2382300;7925400;24407300;10854900;8568300;3146600;2215700;30014400;5587200;16277400;2076000;3695500;9113600;12992425;51094200;233700;253800;4672900;254800;3100000;22651600;6863700;26770100;40908000;5227300;41491600;32778000,0;2814200;4756000;3950700;13320900;4010370000
2021-10-04;98322000;31350700;345635000;51202000;42885000;90462000;14120000;48273400;2895600;10283400;33946700;13305400;8620700;3074800;4784700;29970300;5816000;18973400;2236500;2864600;6946100;12288913;91449900;186000;272400;3367400;498500;3061100;30276200;8470300;24428400;49959000;7901500;41967100;46789700,0;2919900;6393800;4307000;10853900;4307870000
2021-10-05;80861100;24993000;279282000;32404000;35377900;65384000;12292900;54070700;2508100;5814000;29641600;13017300;5129000;3269400;2802000;20597400;6902700;17173100;2463100;3074600;5687300;9208740;55297800;155000;365700;1895400;394300;2891000;30582600;9244300;21892700;95343000;4724100;31455200;56574800,0;2514300;4050400;5069400;9788600;3902890000
2021-10-06;83221100;28002600;297202000;24364000;26443000;50660000;8692600;47031700;2111800;5420900;25284900;10630100;7312600;2809200;2462700;19376700;5332900;21284500;2107900;3777700;7157600;11257962;43898400;686900;327500;3641200;441900;3208100;22002400;8513700;40395200;45804000;3712000;39071700;125175700,0;2226800;4745500;3866100;10268300;4009630000
2021-10-07;61732700;20430500;256919000;25110000;28307500;48182000;10195400;46258800;2348000;6561900;19513600;8830900;5309200;2813700;2001800;21068100;5334600;13774400;2423900;3510500;7748500;10684302;57587400;421500;430600;1771700;489500;4260100;17954900;8010600;21262300;35569000;3209200;41543100;38873700,0;2789500;5374200;3794200;9124400;3843740000
2021-10-08;58773200;17685700;151258000;26526000;15946100;39964000;8190100;39389400;1446700;3735200;22186900;10586700;4343200;2012200;2563000;13847400;6131800;13786800;1687500;2713200;4515000;6859525;50215800;185400;275700;1290800;425700;3332300;22101700;6920500;26120000;32721000;2336700;30623000;39713400,0;2912200;2683300;2299900;13202300;3280160000
2021-10-11;64452200;19298600;163388000;17954000;14708200;40684000;12154700;36283500;1787400;5620200;22121500;9794800;4101600;2164200;1892300;13048200;5995600;12378500;1504000;2015200;7287000;6615872;42600900;407100;207400;1763100;480800;2857700;26382600;6288200;15489200;28625000;2769800;31284400;23971700,0;2589100;2693000;2907900;12959300;3281970000
2021-10-12;73035900;17974100;162134000;36332000;31658700;36392000;13032600;36898300;2088200;5448200;20198600;9085000;6686400;2415700;1719200;15789300;6734800;19474400;2346700;4706700;8486800;13722903;66060000;301800;513300;1308100;316800;3395800;14853700;10531500;12245500;32273000;3042900;34039900;26280000,0;2960300;5970100;3770800;9964100;3558450000
2021-10-13;78762700;23416300;180652000;19654000;14761500;48402000;22753500;43908000;2391600;9076000;14991700;9220700;6901100;3021800;2105700;17937900;5689800;12143300;3214300;3253200;8240200;12065484;42360300;622500;416300;1197200;411500;3550000;22862100;12373800;25841600;24203000;3755700;55631900;28494000,0;2477400;6573500;3311400;9453900;3620070000
2021-10-14;69907100;27262900;243589000;31894000;14302200;42190000;15176800;82201000;3380900;5590500;18594500;7648600;4579200;6038800;1824700;19783500;6777800;13704000;2512000;5212900;10427300;9853826;36741600;879600;561200;1293400;296800;3075300;24375800;10637900;19916100;26717000;4083800;46900200;26106700,0;2824300;5433900;3646400;7911200;3598280000
2021-10-15;67940300;25384800;226994000;30274000;21596400;103598000;14267400;64264900;6451400;6355100;16092600;9968100;6918400;3312000;2598300;20737200;6923700;17867000;2564700;4736300;8773400;9069257;56773800;922100;389400;1006900;357100;2912600;16793900;7609700;33741700;41169000;4053600;34203000;24366100,0;3473500;5119300;4313700;7422800;3819380000
2021-10-18;85589200;22729300;189494000;20396000;21585000;63482000;12672900;49542500;3832300;5580200;18282800;10677400;7465500;2232800;2546000;19887000;9119000;15861800;2484900;2809400;6553500;6653913;72621600;662600;309000;1764900;304400;2757300;19382400;5290000;18698400;46691000;3280900;47537800;25609900,0;3487500;5163300;3551500;7344100;3662010000
2021-10-19;76378900;17682100;161473000;20164000;18786300;47722000;8053900;32515500;2568300;4409700;18933200;10362800;10081300;1616800;1573200;33444300;9555300;11068500;2071600;2626900;5963400;6767714;52143300;545200;232600;1553000;383900;3049800;51401200;7330700;45700600;76331000;2835400;39593900;29393900,0;2375600;3631200;2682700;5616500;3459130000
2021-10-20;58418800;16537100;146276000;23288000;13639500;42796000;8185600;40411000;2453400;5401800;14305200;10811400;6003200;2764000;1537500;17453700;7352700;12474800;3040200;2936000;8485200;9803748;42096300;786000;217700;1928200;228400;5703500;28107600;4804100;32643000;106220000;2796200;34244800;24248000,0;2574800;4487900;3147600;6574100;3670760000
2021-10-21;61421000;16918100;187590000;26292000;16354400;37628000;8415200;36848600;2162100;5982200;16564600;9372600;4524100;2465100;1717700;13954500;6545500;14388300;2702400;3071300;8691500;11588129;94444500;670500;276400;821600;356200;4765900;42524000;4579200;71261600;84371000;2516300;34794900;23976600,0;2885400;2828500;2488800;6224400;3822330000
2021-10-22;58883400;17449300;249384000;50588000;35224500;62782000;8817900;36225600;2411000;3788000;14266800;8673800;4304300;2736200;1960700;21195600;5265000;12828600;3283700;2632400;7077600;8595273;68642400;568300;403300;1179800;594700;3567600;88262200;5216200;79689800;61860000;2774400;38992700;20166800,0;2734700;2927000;3406500;6819600;3758220000
2021-10-25;50720600;17554500;230235000;34412000;38409000;44520000;10159200;31679500;1824700;4938700;17939800;9579800;6715400;3553500;2763100;19287900;5382100;11855000;3178400;3294700;7239100;10427005;188556300;405200;275100;816100;446100;2457600;49922100;4876300;35695000;38335000;2447900;47834100;33962100,0;2923400;2993500;3142900;5083100;3899400000
2021-10-26;60893400;28107300;485898000;49236000;65654000;53966000;8015100;35674800;1843300;7814500;25585100;7463000;6939100;3103900;4533000;17418600;6234900;12086700;3066400;2933600;11014500;18781193;187245000;496200;179600;2157400;281300;3241200;29401100;5802200;29919000;29048000;3320100;59458900;56767000,0;2989500;3601400;3872300;7089700;3879740000
2021-10-27;56094900;52588700;245990000;85782000;29971800;54044000;9847000;45790800;2067200;22958100;21764500;9096100;7018800;3520400;3181300;14565600;9643500;24019800;5249400;3406700;14761700;14420637;115579500;910300;422300;1935300;373500;3268900;26063200;5090400;19133600;22769000;9652700;98245300;24157200,0;2840300;3742700;3691500;5941200;4226050000
2021-10-28;100077900;26297900;234204000;36206000;50806800;114174000;7212900;37209600;1444700;23199400;16626400;7538200;6278800;1672600;3386500;12598500;4538500;15928000;3448500;4462700;8825500;9487384;81639600;613100;243400;2093400;376800;4594000;31521600;5016700;32492600;28594000;9505100;58002500;21203000,0;2553500;3450400;3300100;5177200;4132950000
2021-10-29;124953200;34766000;292503000;43320000;37059400;129722000;8140100;31756200;2061700;14329800;23966300;15294200;8526800;2497800;3152000;22022700;6239500;24463700;4329400;4292200;8559500;9018536;89755200;296100;210100;2016100;424400;2830000;58632500;5251100;33126200;38253000;5843700;43320100;21910300,0;3820200;4251900;4420300;7578600;4510200000
2021-11-01;74588300;27073200;265740000;46924000;31518900;72178000;7435500;36937200;1820800;13210300;19656400;11213800;5846400;2203100;2735800;12549600;5038900;11651100;4456200;3215200;9284900;7844250;168146100;355700;266900;2370400;411500;2732400;40052600;6903000;22173900;31109000;5126200;54559800;26684700,0;3380500;3825100;2889500;7327600;3971540000
2021-11-02;69122000;26487100;294112000;33482000;28353000;52552000;7173800;36283400;3000800;14688700;16300000;9189700;8450600;2600000;3987800;13638900;9954300;11498900;2624300;3429600;6160200;7192101;128213400;624200;336900;1719200;312700;4003000;17395600;7321900;15229000;38886000;5375300;53491900;30794600,0;2367100;4177500;3838300;6229600;3975250000
2021-11-03;54511500;21500100;239910000;27494000;20786500;67944000;8402700;42553000;3542400;11486700;17372800;10416000;6717800;2438200;4382900;14209500;7620100;10788300;2399000;3137000;4636100;6599661;103885500;915100;269500;991200;475600;4336500;35914400;13216000;40987900;23349000;3952500;59537800;25244200,0;2378800;3260200;2773100;5746400;4319660000
2021-11-04;60394600;23992200;1153631000;38412000;22495300;107060000;9574200;47646300;3802300;11368200;17720100;9673000;8224400;2517300;4133400;15149100;6402500;10820200;2711000;2543500;5849600;7505094;76192200;566400;335800;1872400;525200;3871900;40785600;48321500;29249800;48650000;4819500;84825200;25029700,0;3210000;3833800;3426300;5857500;4462300000
2021-11-05;65463900;22570100;851260000;38354000;26872800;99940000;7975600;38271200;2105600;14273600;18565100;8102100;6215900;2905000;3745700;15081900;6062700;12886700;3224300;2591300;16936300;12202399;64886400;425700;375100;3119600;942900;3121000;25260000;27226600;23189300;52835000;7201500;64920600;26005000,0;3090200;4681800;3581100;6160200;4467180000
2021-11-08;55020900;20897000;503101000;23052000;18342500;61480000;6413700;33815500;1728400;13500100;17696000;7695900;5578800;2279900;2386100;15373200;5854400;12828000;2471300;5944700;9456100;8305554;100337100;882300;332500;1415100;516000;4099000;25218500;14541400;22588500;28875000;3862200;141493800;41359600,0;2357200;3893000;4721000;5056400;4269710000
2021-11-09;56787900;21307400;646746000;19530000;17556700;85898000;7990300;36900300;2246900;11535000;18781300;10945900;6112800;2657800;1963800;15001800;4873100;10155800;2258900;3310300;6863700;40325875;177317400;1712000;252800;3014800;551200;3174900;26494600;12353900;24185800;24156000;4247800;98442600;117540200,0;2183300;3126500;3587200;6102600;4117080000
2021-11-10;65187100;25500900;636206000;29970000;21872600;80548000;6999200;39385600;2243900;10063600;20177200;10305100;6225100;2818200;2215100;16803600;7334900;8813600;1794300;3261800;8197600;13952431;128408100;507900;381200;2693700;557300;3227200;26926900;11327100;28611100;24058000;6337100;82989200;94860100,0;2161400;4350900;3421700;5828800;4503720000
2021-11-11;41000000;16849800;332172000;16518000;12376600;45288000;5815300;31194800;1252400;13546900;13319300;7317500;4118800;2246800;1739400;13603200;4096300;7257700;1640500;4819800;6567300;8848557;67189800;748100;227600;1329700;291700;5036700;19157700;7624200;34262800;28683000;4472200;67934800;43381500,0;2387300;2681900;2861000;3620600;3926870000
2021-11-12;63804000;23831000;413054000;22360000;25414300;53788000;8113400;44268500;1360100;7660500;18158900;8682800;18995200;2609500;1964000;18313800;5687400;10162500;1625200;2018000;6419900;12240118;76719300;584300;581300;1037100;323300;3752400;20201400;7371000;27059800;41984000;4724200;52162100;53516200,0;2793300;3803700;2917000;6435300;3728600000
2021-11-15;59222800;16723000;384909000;23508000;25076600;58594000;6492500;35335500;1436500;9596900;18849200;11050400;7496200;2849600;1903200;28896000;5510200;10289200;1709200;2392600;21921900;9831034;104326800;348200;361100;972200;294100;2964300;14921000;12350200;7620800;28722000;4693200;52271300;33225700,0;3650600;3595300;3217300;5700900;3488410000
2021-11-16;59256200;20886800;264484000;18904000;18181100;44342000;9706100;35120800;1311000;8719600;17028700;10566300;7594700;3383800;2565700;73986600;7603900;13756500;2195500;2138000;10120200;19257424;79627200;296500;324800;1448800;1322400;3569600;20904200;33338200;29517800;20774000;4969000;53100800;31574800,0;8648200;2989400;4204200;7392900;3972640000
2021-11-17;88807000;19053400;428508000;19594000;13602800;51206000;9909600;32963700;2927000;38379600;15497000;11108000;5414500;2281500;2873600;33116100;4900200;13288700;1412000;3135700;10750900;13334471;94336200;805500;299500;1855100;690400;3117900;19627000;21678900;33351500;27328000;11727300;54527500;27994100,0;4647000;3864700;3740800;6257600;3969070000
2021-11-18;137827700;22463500;781711000;35608000;17487200;114070000;8122500;30639000;1847400;18292200;16948200;8368600;6358700;2073800;1689200;24394200;5509300;15380100;1751200;2119900;10983700;13692888;62696700;346400;370000;1113900;782500;3617900;22475600;15542600;29243300;20129000;6533700;60612700;51039900,0;4503700;4443100;3338000;5725300;4226410000
2021-11-19;117305600;21963400;533867000;33682000;26488500;98734000;12193600;48429500;2610400;18032600;32035500;13532600;7620700;3536100;2786800;28119300;6274300;15813700;2743100;2980100;20844100;10598911;64926900;476800;659100;1949700;852200;3667800;19360700;11889100;22556300;26137000;6954800;41668900;30013100,0;3542000;4758900;4529200;8936600;4253180000
2021-11-22;117467900;31031100;754335000;30594000;27116800;96844000;14549900;53697100;3058700;21185800;21994400;9947100;7634500;2598700;1995400;29126400;6625400;16905600;2438700;2596500;10764300;9962170;99217500;673300;1040800;2015800;1113000;3297300;25327600;16062800;24309000;27644000;11378200;58674100;59899100,0;4006400;4474700;5036000;6488200;4441100000
2021-11-23;96041900;30427600;532163000;27218000;17225000;73804000;12354400;49362900;2402300;14742700;21185900;10366800;7734000;2857000;1986200;29907900;7912800;13835900;2770000;3127100;8882800;9648856;108515100;173000;852200;2807800;885200;3926000;26624900;10696200;32887000;23202000;7116200;62852700;44588000,0;3557000;6431100;4490100;8905500;4277590000
2021-11-24;69463600;21661300;435162000;18040000;13566200;46560000;9629800;40060000;2186300;12026800;15869700;8500900;5230900;2248800;2518500;18089400;5665200;12598900;2642800;3880500;5437600;8943739;67680600;200800;770300;1445500;837900;2513200;20753100;7886200;19545200;18673000;6414400;60677100;35233900,0;2676300;5091400;4924100;10908500;3418430000
2021-11-26;76959800;24217200;283069000;30470000;14750700;59826000;13619300;55110100;2687900;10987600;24979600;11861800;8523100;2480600;1495500;21039600;6299800;14754300;2573300;3496000;17636600;13815999;35042700;835600;708300;2969900;464800;3123600;30237100;7835900;21322900;28725000;6613900;36245100;20691200,0;3007800;4195300;4440700;4519300;3517700000
2021-11-29;88748200;28563500;454964000;32596000;16650900;65312000;12104400;50231100;2883400;14633500;18946400;12003800;9188500;4079700;4041700;33039600;7113300;22712500;2084600;4559900;12276200;15692352;58393500;4756200;1438400;5072800;961300;4519000;31877100;10440500;21647900;25294000;6362200;57438900;29114000,0;3725500;8215600;5390900;9552500;4336410000
2021-11-30;174048100;42885600;622066000;42068000;25390000;80022000;18922600;77193600;4570400;16023000;34979800;24451200;14981700;7435400;8265900;64818900;11696400;30485200;3836100;6358000;12638900;18313148;81276000;1094400;6136300;3236600;895600;4376700;34344900;19309200;40552100;56089000;10237600;75182500;38196400,0;7773500;13597600;9925300;23271200;6625990000
2021-12-01;152052500;33337600;484368000;34020000;30329600;74916000;12253400;60601600;2476000;13204900;30630600;12302700;9835800;4325500;3241400;36621300;8313500;18719600;3275300;3425300;13268700;13895451;68450400;5042800;938700;3139400;1039000;5573100;37496000;10637700;24880400;38828000;8008800;64039100;48283700,0;3516200;30723100;5165100;12084900;5366730000
2021-12-02;136739200;30766000;472890000;29194000;24396200;64726000;12969900;57821400;3343700;13976300;29216000;11392400;11334700;4738700;3817700;39805800;9468800;17074200;3290500;3445700;20435400;9782400;73114800;793500;573200;1916400;1516800;4234800;53022100;13101400;30476800;33311000;6717600;56161200;45802900,0;3705000;12200800;4924800;7089800;5077180000
2021-12-03;118023100;41779300;544325000;41230000;27471000;80712000;12681800;74605300;2807500;10660500;22014700;10445100;8750500;3038300;4169700;44142600;11200800;21064400;3229900;3250900;10742700;12973646;92322000;3086700;623800;2243600;1293200;4031300;45500600;12111800;40700000;48293000;4732900;65910000;56039600,0;5237500;8944000;5925000;10808600;5240070000
2021-12-06;107497000;30032600;658938000;30618000;21758300;68860000;11186500;48193100;1990200;10722100;19210500;9833900;9692000;4721500;3491200;32589300;11935100;26624100;3616800;2838400;11587900;10721861;81663000;504300;586200;3973500;1361800;3942100;32820600;8577500;22112700;30757000;6055000;66776500;56459800,0;4624500;7123000;5524200;8398500;4770800000
2021-12-07;120405400;31021900;593053000;32240000;18794000;66410000;9851600;40740800;2441000;11897200;19800400;11419600;8311300;3105200;4035800;37739100;7913400;23832700;2596200;2818000;10387900;8104115;56084700;310600;382800;2613000;1308400;3521400;36297200;9910100;25398900;31252000;4939500;53359400;35129000,0;4204500;7401200;5766000;6803700;4492400000
2021-12-08;116998900;24761000;475551000;24270000;19937700;45254000;11705700;50560300;1635200;11749200;18214400;8827900;6216400;3228300;3636200;34496400;8329300;18026300;3453100;2341200;6986800;7635106;41906400;961800;645400;2223600;1194000;2545700;35445000;4799400;23344700;22203000;4226900;40977500;28425900,0;4079400;4586500;3255700;7695800;4234600000
2021-12-09;108923700;22214200;488507000;23270000;16879200;46062000;11189600;37316700;2111500;10176800;16910300;8334700;8574200;2977400;2291100;32351700;8334300;13846400;2955100;1646600;7011000;6527432;59438400;464800;384500;1241000;941500;4370100;18557900;9398900;22643100;23763000;3389600;53019900;30354700,0;3822900;3967000;3445500;8615800;3903840000
2021-12-10;115402700;38095700;488825000;24458000;14528000;60690000;10405400;37700200;1893800;8882700;17942400;9090700;6572200;2572300;2380800;38575500;7172300;23153600;2529600;3315200;6040000;6863859;59664300;219400;285400;2472900;652900;2708200;13605100;6854800;20285600;27488000;3405900;42224300;27594500,0;2625200;3480100;4109800;45824600;3870110000
2021-12-13;153237000;28899400;598344000;27070000;22948700;62170000;12069000;38653900;2313300;8844300;17793700;8533000;11142300;2724800;3016700;54039300;8944000;31362800;2878800;1868500;10619600;11843339;78595500;5902300;317300;3927100;732000;2622400;20998100;16346800;28402800;25179000;4358300;42174000;38376000,0;3766400;3625700;4887500;16317600;4397230000
2021-12-14;139380400;44438700;667035000;38446000;20461000;55976000;12563600;47099400;2788500;9832300;22551100;12245300;10482400;3018000;3424000;46721400;8677500;24806600;3695500;2248800;8445100;11654259;70806300;261800;404700;2649900;645300;3589700;21008600;8542800;19594500;29845000;4518500;50754600;38864800,0;4662800;7227300;5992200;9511600;4485430000
2021-12-15;131063300;35381100;698297000;36370000;24681300;75794000;14014200;60057100;2802300;10892500;19961900;11069500;8552200;4188600;10016700;33489900;9152600;24923800;2641800;2193700;10535900;12350388;75169200;592200;405200;3485100;608100;3192500;21843400;11082000;26536200;28662000;4918700;72425800;39361900,0;4421400;6484900;5598200;14452200;4910130000
2021-12-16;150185800;35034800;707366000;33650000;22635000;60876000;19542800;69487200;3578200;8548400;21187800;11344700;8998600;4080800;5546400;39069600;10852900;24696900;2347700;2856800;8216800;11440140;82771500;607600;470200;3414900;748600;3887900;27798100;14873000;25689000;31432000;5369900;63369600;33950000,0;4632800;6556700;6538100;9053200;4829500000
2021-12-17;195432700;47750300;713758000;50416000;40012600;85542000;28082000;124242400;7058600;11578400;44338100;22727900;16726200;5707200;7582900;78581100;24349400;51874400;5943200;6079600;12618300;14550168;100437300;242500;553900;4605100;742500;3081100;20468400;16232300;17448200;43869000;5898200;55642100;44495200,0;11097500;12119400;12719500;28872300;7987090000
2021-12-20;107499100;28326500;461847000;27192000;17901800;57372000;15148000;56455200;3735600;9434400;21819300;13464400;7954500;3145600;3479400;31017900;9202600;20879500;2824500;3605100;10256400;9651745;56480100;498600;420600;1674300;409700;3027500;29264700;6306400;22122500;33584000;5013900;38195400;42265900,0;4294800;5580100;5456200;17205400;4635700000
2021-12-21;91185900;24740600;524385000;28756000;16116800;55956000;11291300;47845600;2942800;6993700;19798900;11368200;7954200;2536000;2702500;24620400;6946000;15864900;2851800;2303400;12082300;12227117;71517900;218600;373000;1413700;558200;2665500;23557300;7702400;15211300;23194000;3105100;57785200;33878600,0;3038200;5428200;3929100;15823000;4072430000
2021-12-22;92135300;24831500;395184000;26322000;16764600;55036000;7273000;35715700;1487900;6003400;14058300;8345200;4178200;1687500;2721000;17028000;6626300;12447400;1795100;3558700;8145300;7485993;93634200;220200;391400;1034200;339700;4364100;18132300;5227200;19837100;23357000;3456400;46923700;33894200,0;3267800;4982400;2445600;10539000;3319610000
2021-12-23;68356600;19617800;343022000;26384000;13987700;36788000;8055200;34053500;1624000;4798200;13543300;7416600;3501500;1706500;2632200;17592600;5640900;11027300;1509800;2669600;7415200;6236589;92713200;248800;336700;1922500;420200;1562900;20405100;4918900;20933500;16211000;2627000;48653800;24758300,0;2743900;3769500;2898200;9655400;2913040000
2021-12-27;74919600;19947000;403686000;15976000;17795000;58688000;6188100;33879200;1430400;4818400;12593700;7745500;3704800;1349400;1677100;16040700;4548600;9860000;1485500;1711200;7818900;5503703;71145900;493600;377900;1718100;485800;1942800;21628900;4865900;14048300;20615000;2677100;53296400;21782000,0;2228300;3531800;2807200;7666200;2770290000
2021-12-28;79144300;15661500;420591000;18200000;16637600;54638000;6342300;32492400;1528200;4279800;12781000;6516000;3187000;1495500;1033900;15783000;5929400;8979900;1304000;1393000;8879700;6503676;60324000;174100;695900;1561400;407500;2865700;15797700;5399400;12011000;18828000;1920100;58699100;20518800,0;2521400;3293700;2572900;5610500;2707920000
2021-12-29;62348900;15042000;343139000;17788000;10747000;35754000;6398900;25294900;1327800;3223100;12733600;6957400;3662000;1573900;1112300;13045200;5346100;9996000;1318500;1334900;6119000;5602577;56154000;213100;312700;2033200;405700;1953500;20433000;5417200;15486100;12872000;1535200;51300200;28217500,0;2209300;2592700;2687300;5628500;2963310000
2021-12-30;59773000;15994500;308864000;15688000;10593300;37584000;6948200;23852200;1160100;3812800;11940300;6016000;4231800;1309800;1181500;14949000;5911500;7703900;1714600;1465900;7012600;5247049;47040900;269100;271200;1792800;441800;2479200;19316200;4108400;21079100;16251000;1558000;44358000;29285200,0;1804400;2950600;2300000;7382400;3124950000
2021-12-31;64062300;18000800;266530000;18136000;12870500;47830000;5805900;24253900;1601300;4723300;14072000;5706600;4409500;1695400;1315700;17947800;5327000;10021300;1519200;1374500;8053000;6092452;40733700;309800;173000;1873700;317200;1497200;10765100;4113300;7198200;19959000;1984000;49448100;23556000,0;2386100;3169300;2932200;5908200;2677820000
2022-01-03;104487900;28865100;391547000;28646000;14537900;63520000;13120900;58587900;3334300;7694500;24282400;10717700;6012200;3033600;2621300;20706600;9317300;20187300;2750600;2055600;9060200;7415209;103931400;385300;384200;3753900;488400;3628500;20664900;5990200;23660500;30675000;4708200;59396600;34283600,0;3715700;4316800;3570300;10644400;3831020000
2022-01-04;99310400;32674300;527154000;28400000;15998000;70726000;20195800;74606700;3916400;10629300;38584000;16413100;6748400;3908100;2340500;33930000;9253800;26141600;2506000;5242300;11414600;12237390;100248300;614200;370300;3000900;912200;2984800;24812500;8484200;18384500;43931000;6854500;80200500;39643200,0;3266500;7240700;6003300;11959000;4683170000
2022-01-05;94537600;40054300;498064000;54618000;20564500;64302000;17539400;57791600;3469600;9594600;34033300;15487100;7016100;3921100;3004200;35418000;9330200;22507300;2473000;5378200;11564700;9461542;80119800;926400;432000;3551300;1066900;4117900;34076900;17141200;30989700;41487000;5976600;65403200;58445900,0;4443200;18882500;6888300;11236700;4887960000
2022-01-06;96904000;39646100;454186000;37348000;27962800;51958000;14047500;52040900;2960900;7877500;30668500;13318500;7301600;6555200;2863200;21828900;7556000;17902300;2908400;3913200;7142200;6864983;90336600;489800;445300;2724800;773700;4994700;25474500;9117700;28204700;57118000;4781100;64802900;49737100,0;3315100;9376100;5137200;7918400;4295280000
2022-01-07;86709100;32720000;409939000;29760000;14722000;46606000;13913300;59082600;2360700;10702100;23985400;14164600;6986000;5494200;2245100;19723500;6098500;12307900;2209100;3673400;9526400;10029103;84164700;320700;351100;2718400;1102400;5414600;22490800;7386200;17091700;33829000;4551200;58441100;37989300,0;4520700;6286700;5618300;9836800;4181510000
2022-01-10;106765600;44289500;594681000;44408000;24942400;87798000;12922500;66839500;3009400;11978600;22760300;12626100;7698400;5831800;2576700;22731600;8055000;20954300;3122400;3734900;8229000;9259300;91815000;407700;540800;3270800;1372300;5555500;30335200;11159300;21466600;44861000;6009300;84671300;77649400,0;6440000;7803800;5812300;11025500;4511810000
2022-01-11;76138300;29386800;404089000;28730000;16226800;62806000;11854100;40454400;1748800;8803100;32936100;14609000;8341100;3332800;2294000;21668700;11957900;19369600;3206200;2944300;8098400;9107137;66063300;713700;481300;3373600;1126000;5652900;42595400;9591000;26293300;30778000;4131200;77153900;47442600,0;4385400;7635300;4247900;7249800;4101590000
2022-01-12;74805200;34372200;383413000;26108000;14104900;50030000;12568000;41378000;4158000;6923300;23045100;12469200;8116200;3502300;6562800;18946800;7127500;15753800;3044000;2506900;9134500;7316816;83739000;1077100;460900;1855800;1034900;5963600;49174800;7317500;33218800;37874000;5783100;69669600;39784200,0;3623300;6718900;3580400;5840300;4048220000
2022-01-13;84505800;45366000;540171000;31436000;14797100;52188000;13623400;46337500;2497800;8867700;21043200;9691300;6159400;3005300;3726500;24252600;6551000;14318000;2371300;5002300;17628000;7034320;97209900;541000;323800;2373700;710500;4872000;53631500;10190900;23472300;44751000;3892900;76618100;35492200,0;3466300;6680300;4277900;6044300;4251730000
2022-01-14;80440800;39846400;395832000;29662000;16868500;45974000;40158400;72953300;4685300;8838100;23012900;13281000;5847700;3665400;2894300;26867400;10708000;19729600;3460100;3970600;8053500;7030789;72924300;381900;254200;2697900;477200;4967400;39166400;9587300;24661800;78611000;4029900;71078400;35624900,0;6336200;5805100;4913700;6054800;4338490000
2022-01-18;90956700;42333200;424270000;34872000;22645600;67292000;32324800;65877400;13123500;9099300;32841200;12905500;7815600;3938800;3241200;21123900;10988400;21976700;3076500;5411900;8930700;13499795;66743400;380400;346000;2897900;461300;6051500;41079300;10471200;30977900;48391000;4933900;56527400;49067700,0;6435200;6032000;5764200;6824700;4748700000
2022-01-19;94815000;45933900;488315000;28648000;20814700;53242000;22380000;84451800;7426100;9399800;26431600;12064300;5926500;4030900;2487600;22674000;14088300;18654700;2304700;4991700;9382800;9147425;75442500;488800;388000;2332700;820600;6091600;33856700;10082700;29666900;43535000;4464800;69831800;48049100,0;5175100;5332600;6086400;10501800;4465740000
2022-01-20;91420500;35380700;435181000;29908000;16925000;71974000;14860800;46265300;4599900;8532700;26774600;11370400;6011300;3228600;2655400;22387200;10799100;23002400;2602200;3545600;7636800;9045502;70488600;616400;374600;2573900;710300;6027100;37785700;9468500;27134800;126590000;5043200;91157300;44690400,0;5440600;5663700;4402300;10836900;4640870000
2022-01-21;122848900;57984400;718958000;55652000;28710700;163972000;20705400;71303600;4904100;16200200;35995200;13055700;10550300;4273200;2788600;27508200;10900400;26643200;3738100;3754700;11548500;12964978;103416000;723000;538000;4331500;855200;6109400;30354200;11898700;42346600;589043000;4867100;95685300;73031300,0;7718400;9128400;6535400;11609000;5589100000
2022-01-24;162294600;85731500;913982000;76622000;38878100;155624000;28471400;90672700;6569800;16054000;41507000;19513700;14054600;4780700;3712800;28699200;14838100;30185100;5153100;5107300;13796500;15847565;151565700;1035400;512100;5791700;1375700;6301800;45880700;17489100;43513400;323460000;7472800;116210100;110518900,0;8584300;11664300;8504200;16770400;6928110000
2022-01-25;115798400;72848600;664616000;46960000;25108500;90824000;18915900;73555300;3959300;12125500;39278400;19984500;14081200;3428900;2525100;29479500;9369600;19027100;3908600;4554300;8824500;33629909;86595900;414700;424200;4125000;749900;3700900;49105600;10708500;29643300;151458000;6994400;85102900;47456600,0;5536700;9092700;6435400;13469900;5145050000
2022-01-26;108275300;90428900;755959000;49130000;28348800;95602000;20709100;63735800;3745900;10817600;35252400;17266500;9963200;4435900;2913200;26185500;10707100;19190200;3839000;3558500;19974400;17073695;104867400;307900;543400;4106700;636600;4045600;62929300;10492200;39394300;126840000;7438600;94752600;69949700,0;6103300;10029600;6119400;13971300;5570640000
2022-01-27;121954600;53481300;573353000;31950000;21629900;77516000;17536800;63402400;2573400;12009800;29174700;20654100;9066700;3508100;2178500;27759000;9083000;18893800;5199000;3678100;12670100;12527109;147109500;397800;422400;3501000;715500;4418200;46722900;10743000;29390700;243247000;8416100;125954100;52622900,0;3941000;9462100;5053200;10331900;5214200000
2022-01-28;179935700;49743700;543774000;34362000;21871600;74392000;14117000;51048300;3714600;26425300;30595700;24817800;9783100;3364400;3081100;25131900;9494200;19101500;3833200;10747300;10966700;10398756;134789100;354700;420900;4197900;642400;6066500;52073800;10320800;19957800;119666000;8813400;98749500;54887500,0;4551300;8254900;5238200;7854700;5031090000
2022-01-31;115541600;46444500;564680000;39986000;21579500;78308000;13985700;44793700;3312400;12380600;36085500;16401800;8054800;3500500;3237100;20193600;8950100;22045300;3174200;6179000;15504600;11238219;104436000;206900;487300;4046900;555800;5225600;34129500;11273500;29721800;200475000;6345200;97206000;51039300,0;4084600;7084200;5237600;10594200;5098610000
2022-02-01;86213900;40950400;518925000;68644000;18023800;59220000;14584900;40326600;3303700;12247200;61033100;16169700;8154700;3148600;2449400;20323200;6284100;20841700;2496500;4026400;12265100;13080224;73138200;4234500;305100;3956600;475900;4316700;31445300;9724600;28505200;225681000;5841100;122467900;69012900,0;3406800;6387100;4347200;8016900;4816830000
2022-02-02;84914300;36636000;543419000;123200000;58458300;87330000;12441100;41125600;2742400;10590500;30299300;10906700;7382800;3026800;2586700;18149700;7558800;20225600;2371500;3492300;7843700;8926564;66792900;254700;232400;2377200;389200;4148200;24897600;25646300;33343500;143460000;6115000;180065000;47204300,0;3839300;9378900;4632200;9287600;4481580000
2022-02-03;89418100;43730000;410178000;71518000;188119900;225532000;12474900;35879900;2372900;9968000;28529400;9447700;6240400;4370900;3473600;20741100;10474500;19440500;2242200;2748200;7054700;9972924;78855600;119900;161100;4006500;692500;4727000;33698400;36120200;30069300;99052000;4209200;103599500;47236900,0;4009700;12826600;4151500;8207200;4401970000
2022-02-04;82465400;35096500;354829000;57998000;89342200;253456000;16654400;60297100;3762300;10848100;32197500;13034700;6392200;3066400;3569300;22036500;8959900;17403700;1989700;3930800;5952600;10278374;73625400;150300;162100;2459000;625300;4269400;32862600;15708400;27353400;77898000;6045400;86212000;38989200,0;3728100;6176500;3654700;5570200;4706290000
2022-02-07;77251200;28533300;376868000;54974000;88613800;102624000;12572300;44824800;2635600;5984500;34949200;18422500;6065700;2937200;3948300;20010300;6430500;17846400;1959300;2402000;11816900;7039456;60994500;956100;148500;2191100;384400;6373200;24239600;10376300;23620000;82329000;4767500;81672500;45646100,0;2809300;3922300;3129100;6292200;4228480000
2022-02-08;74829200;32421200;410359000;54284000;94729700;76040000;20411400;49560500;3422300;7542000;34356300;11021600;6296100;3534700;2615000;19458900;5048700;18771700;2920000;2407100;7356200;8279712;50729100;683600;185000;2404300;338100;4612800;45302000;10163900;20523800;68185000;5825300;84902800;30317100,0;3225100;5628700;6237800;6585300;4459620000
2022-02-09;71285000;31284700;524282000;40144000;86563300;68786000;9131100;33861100;2250400;7772800;40106100;10140800;5387500;2818100;1759900;21473700;8077400;23595600;2379300;2743700;7587700;10632457;52259400;765200;157700;3348900;592900;5039200;27741800;9666900;21967600;77382000;5492800;92948900;34451900,0;2777500;6107700;3995900;8755900;4524350000
2022-02-10;90865900;45386200;513200000;39330000;49310400;68268000;16455600;47082800;2406200;6794600;28527700;11012700;10355300;2626100;2283100;27810600;7033000;23561500;3246600;3538500;11695900;8848717;66126900;660900;177400;3406400;539100;4340000;30712200;14362200;28640700;84529000;3995000;108939900;41998200,0;4291800;5312600;7079700;6336300;5314860000
2022-02-11;98670700;39175600;605472000;39958000;46156900;77100000;16830000;61056000;3142100;7535200;42002100;12821200;13125300;2493800;2054300;23733300;9341400;22781400;3592700;3826700;11443700;11966771;79645800;617200;239300;2839700;503100;4193800;44724900;13572000;55031500;75589000;4345600;164723200;41831600,0;3308700;8165600;7493400;7670500;5251500000
2022-02-14;86185500;36359500;440424000;34302000;38184000;83230000;17026500;44791900;2585600;8280800;34652800;15945000;8967600;2549500;2572000;29363400;9472200;23641300;2825800;2730500;6481400;11172731;67756500;416000;262000;2150900;479500;3068500;35718100;8381700;28106600;72022000;3678400;135146400;40617900,0;3654300;7005900;8129100;5389800;4600390000
2022-02-15;62527400;27058300;699869000;26680000;42685500;56440000;9500000;42397600;1846400;9461700;25075100;11746800;6631400;3001000;3409600;21824400;6659200;13408700;2171500;2752600;10448500;10741924;57286200;311300;354100;2114900;467400;3947100;27568600;11100000;22891700;53923000;5800400;143975900;48523700,0;3552500;6353000;3681400;5712800;4430830000
2022-02-16;61177400;29982100;732676000;25022000;45817500;52704000;9076500;36664600;2165300;9561300;21733800;11348800;8482400;2651800;2459000;28490700;9315700;15484700;2941800;2253900;5698900;7850670;51294300;372300;344700;1667000;559000;3078700;30170000;8340600;25223500;52777000;3424800;119109600;58624400,0;3594900;7072700;3974100;6227000;4283640000
2022-02-17;69589300;32461600;810595000;38950000;38747500;64032000;11367500;49442400;3102400;8131200;23738800;10073900;6227600;2403100;2059100;53831400;7925500;21468700;2831900;4699600;6176600;6229366;55178400;204100;355800;1894400;722300;4246700;21535700;8878900;24773400;46692000;3972500;98179600;151385400,0;3927000;8820100;3632400;9247100;4539420000
2022-02-18;82772700;34264000;761255000;45620000;37128400;63604000;11733300;37856500;2910900;8121200;23394800;10691800;6423200;2992300;2517900;31103400;8063200;21975000;2813500;4385200;6973600;25110235;68501700;830600;417900;1579900;1179000;2479100;24577200;9591700;29342900;68017000;4083800;114321200;137808100,0;5526100;6691800;4224500;7790100;4708060000
2022-02-22;91162800;41736100;633422000;44990000;39852400;66128000;11333500;51905600;2590800;9928800;35947800;19428700;6868900;3029800;2936700;25380900;8179500;21731400;3980500;3488000;10382100;12349746;83288100;1565100;301300;2584300;1281300;6540400;39064300;9835500;28486100;66975000;3897900;141648500;104501500,0;19752800;8434800;5102000;8039000;5121900000
2022-02-23;90009200;37811200;566511000;32786000;44481400;64244000;11799000;45704900;2217300;8669900;25385000;16134200;8016900;2840300;2296300;21030900;6273000;19248500;3497200;3550400;7326300;11839969;95256900;361500;337800;2177200;1932800;5476000;40071500;9749000;26350100;46143000;3802500;120299400;93964500,0;11026000;7784300;5030600;6807100;4797430000
2022-02-24;141147500;56989700;735801000;54456000;49957200;100786000;25655100;80484800;4564000;13463400;46199900;22108900;12883400;3933000;3272300;31717500;13145100;27207400;4856000;5919500;12207600;18285861;135322200;466200;490900;3820000;1273000;6316300;54054500;12567000;56614100;70687000;7425000;142956600;118793000,0;8416700;11792600;8834700;11240500;6752130000
2022-02-25;91974200;32546700;528866000;36406000;37627600;62396000;18367700;68530700;2980500;8463600;28310300;28028000;11340400;3314400;2442200;24997800;8888800;21487800;4549700;3594600;8730300;11191511;76067700;703100;396400;3024200;1178700;5227100;37419400;7350200;24743300;48416000;3817900;127821000;75433700,0;6510600;5853600;7484400;8291800;5177060000
2022-02-28;95056600;34627500;477319000;38864000;34239800;57684000;31315300;69955300;4245700;8409400;32204600;24394300;9373500;3918300;3188800;26286600;8669200;25879100;4410400;5168500;9859300;10142743;99006900;925700;610500;2506300;821500;4751600;31919700;10638900;20645200;50350000;4952400;124666100;75390500,0;5735100;7904700;7981000;9234400;6071370000
2022-03-01;83474400;31217800;412056000;26496000;27094900;44874000;36840400;74895600;5631500;9317800;40002300;31159900;8737800;2917600;2873200;24024900;8311900;15871100;3910700;5110600;11799500;10806289;74766900;725800;255000;2158300;537400;5329000;51834900;10723300;35951400;32904000;5894200;126552200;64867200,0;5640900;12587300;6441400;8752100;5846230000
2022-03-02;79724800;31873000;389642000;23520000;29452100;47334000;19405600;70834600;3469900;8865700;44321400;31329500;6793300;3675900;2452000;23863800;6111300;17319100;4482000;5849900;7463400;7131107;74643300;626100;303800;1680300;700600;6540800;42679500;7299400;38425300;53568000;4997900;118354500;56698300,0;5645600;16670100;4506100;8527200;5337870000
2022-03-03;76678400;27314500;365095000;24604000;27263500;65198000;16640800;48733800;2393700;8610000;30196600;22492900;7333700;3139400;3153700;29885100;7451200;21262800;4707400;4429700;12424500;7420184;61623600;1167200;321900;1929200;409700;6286400;28176700;8553900;31697400;60768000;3975900;123916700;46172000,0;3858400;6559900;4594300;8203000;5039890000
2022-03-04;83737200;32356500;431415000;30430000;32130900;60934000;21016000;75572800;3293100;10912300;42802200;29034400;6302500;4170100;3497100;35576400;8639100;17163000;4184100;4334700;13084000;13545059;66999600;664600;291800;1415800;796700;10406600;35690900;9057300;29065700;53255000;4670900;100609400;43502200,0;3630900;6813600;4901900;8841300;5797380000
2022-03-07;96418800;43157200;450821000;45112000;38560600;86934000;27560100;109779000;3689900;13412400;55207900;34824700;11663400;4123300;3074800;45870000;8374500;29151400;5425000;6912300;12847500;11428423;72494100;2201000;428900;2657300;657700;6169300;67666100;13416100;44701300;57084000;6874300;92600000;63070600,0;4670000;7043500;5875800;11110100;6940470000
2022-03-08;131148300;48159500;557467000;40428000;37508100;91662000;19207800;76553800;3596400;11070900;72082300;57231000;11100300;3849500;3482600;28305600;9517200;30242100;5258800;9318600;13715500;11006283;80399100;4700700;448200;4737800;976400;7564200;48377100;11878400;25820400;64287000;5048200;135348300;49279600,0;5092500;8229000;7905000;9134100;7243120000
2022-03-09;91454900;35204500;492742000;37026000;31894700;82656000;17536200;78207900;3202100;8457600;65466700;43430000;7248200;3115500;2965900;22122900;7044100;23022700;5630500;4798300;10062100;10394261;59184000;527000;365200;2811700;1123500;7712700;28818300;9276800;23264500;65202000;4015900;102310300;43591400,0;4443600;6881300;5874500;8959500;5662670000
2022-03-10;105342000;30628000;428066000;27102000;24853000;135062000;15604200;48804400;2232600;7061600;44644200;34913600;6171400;2834800;2797200;27512700;9221000;20887300;5444900;4886300;8364100;13026132;58648500;613600;258200;2496900;634400;6792500;35434300;8888800;18520900;48078000;3771300;102557400;52295400,0;3895200;5604200;3843600;13812600;4980830000
2022-03-11;96970100;27209300;367209000;31526000;34694500;68900000;20061800;43946600;2613500;5432100;35303400;28423600;5188000;2615000;2469600;19162200;7086100;19855600;6126300;4045500;9373600;11342229;67037100;436500;278300;2069000;575100;4664600;42727400;7394400;29649000;48199000;2987700;87584400;37817400,0;2973300;5196900;5135700;22795800;4938640000
2022-03-14;108732100;30660700;385354000;38812000;31010500;74086000;15786900;54262400;2342200;7994700;37462600;25156200;7729500;2704100;2713800;22646400;7964600;17799400;4436100;3530700;8138900;9700540;71152200;669500;333200;3091700;597300;8954200;25360300;16154200;29102300;59078000;4122700;89731700;49762600,0;3604200;5665500;5967200;13306200;5574920000
2022-03-15;92964300;34245100;491996000;30920000;31721700;75584000;15096600;41395300;2140700;8277700;47957900;28534400;10554400;3043000;4396900;22872600;9868400;18607200;5087400;4364200;8051500;8189827;66841200;615200;280200;1395700;611400;8968000;27489000;13893000;27039300;54606000;3738900;112425500;40451200,0;3775300;5276300;6928300;16847200;5392470000
2022-03-16;102300200;37826300;671422000;35576000;40640300;84958000;20354900;59477600;3468500;9232300;37812300;22299700;9603300;3497100;3148600;24615900;6908900;17347300;4173200;4378700;12077500;8954332;84028800;873400;416100;3287300;913600;6816400;26765600;11727700;24277600;69825000;4340800;113689800;62746600,0;3942400;6043400;5925800;14071300;6309750000
2022-03-17;75615400;30816600;471941000;28264000;29499700;72934000;17050500;50260200;2403500;6668500;34041900;15750700;7472100;2357200;3270100;19023000;6003800;15586200;3752800;3600400;8126600;6982315;66582900;342900;254200;3403100;751200;4771600;44397100;8602900;28617400;58183000;3244200;103201700;43948900,0;3123200;5842600;7219800;10462400;4985090000
2022-03-18;123511700;43390600;730719000;44566000;52128000;102962000;23656500;74470600;5861900;14620800;41461500;23214700;13809500;5065600;4557900;31233300;15570300;30197800;5336500;4105100;12849600;11872231;100414200;924700;267800;3153300;811600;4637000;31191100;18454200;34698400;83248000;6790800;105834800;59125500,0;9409600;12220600;8881500;24176000;8278430000
2022-03-21;95811400;28351200;591727000;26832000;30142300;66538000;12676100;47106400;3401200;6101500;33089300;13180600;7574900;2617700;3495700;21350700;6937500;17440100;3704000;2902200;27369600;8799280;81981600;442100;193000;2507100;529100;3803000;28004800;8986400;22664700;48665000;6053800;101905900;39410900,0;4521200;6448700;6298300;8131300;4869820000
2022-03-22;81532000;27599700;547007000;35496000;31998800;64086000;13548600;52360600;2840200;6259900;23132200;11063900;8442100;2752500;3791600;20235000;7292100;17559500;2938100;2461500;14378500;7730288;105868500;473700;316500;2368100;604500;3668300;22982300;7220500;18438600;42428000;4669900;101672600;46210700,0;4852800;7018800;5772700;9292300;4754840000
2022-03-23;98062700;25715400;502120000;25154000;23717300;55812000;12093200;48539300;2196800;6008000;27716300;10755000;5254200;2753200;3149200;19625400;5531900;15529200;2200500;2001700;8297800;7854202;120676200;845500;211400;1791700;591600;3853800;29392800;7245600;19889800;37290000;2527800;90579200;33699400,0;5207700;8404700;5642400;7451100;4550670000
2022-03-24;90131400;24484500;877379000;26396000;31502300;56798000;10017600;30360800;1944100;5487000;19871600;9024800;5012300;2789200;2412400;13440900;4203100;13151300;2337500;2110900;7094400;8561245;68920800;432500;320000;1382800;483300;3003800;22399200;9261000;27090800;38885000;2482700;121961300;29535300,0;4599900;4150300;3946300;7025700;4131390000
2022-03-25;80546200;22566500;579016000;24126000;40039000;49032000;8383500;38968100;1580800;5051400;22398300;10254700;4809500;2551100;2399800;14085300;5047700;12259800;2134800;1581100;6365600;9227359;62031600;866600;221900;2271200;585000;2889900;20020200;7198700;19700100;35745000;2173800;95852400;24796900,0;5176500;3656500;4583000;5682300;4305020000
2022-03-28;90371900;29578200;425494000;35050000;26224100;59854000;10818100;37428600;2182600;4316800;21552400;9992000;5604200;2643000;2195000;20105700;4234000;11485200;2041800;3072500;6904100;12069336;102506100;545300;274500;1820400;558400;2574400;35117600;9470800;23092400;43234000;3134600;92966100;27152000,0;3936600;4290900;4172900;6626700;4312260000
2022-03-29;100589400;30393400;488984000;34318000;31417900;66154000;11316500;46355800;2378700;8032500;27036300;15102600;5933400;3478400;2798100;19934400;5643400;14720600;2657400;3667800;8438700;13794811;73614900;508000;291200;2719900;495700;3512000;40652100;10212400;23108200;58807000;5512400;94143000;46433700,0;5306100;5370400;5004800;5762000;5085910000
2022-03-30;92633200;28163600;463487000;19884000;25588000;56168000;8771000;36601800;2650200;7084000;22079000;9906000;6277600;3041200;2220100;24991500;5779300;13641000;2227300;2507400;9959300;9042452;59865000;364600;1076700;2145100;363700;3057400;29211400;14777800;21724300;40233000;2614200;99476900;32164000,0;7223800;4951200;3911200;5533100;4385570000
2022-03-31;103049300;33422100;523440000;37524000;24192300;59966000;17353900;67902500;2632000;10759500;27861500;10395900;11490400;3979700;3227600;27163800;7538600;16822900;3803400;3152100;6447900;13203013;48992700;181500;567300;2023100;407600;2786400;30413700;13364200;22932500;41347000;4095700;147004800;22840000,0;11044600;7141300;6065400;9433300;4823020000
2022-04-01;78751300;27110500;517235000;25942000;19544800;57090000;15721300;61929200;2444800;6559600;18671100;8795300;6525600;2344100;3066200;20939700;5742600;12644900;2023000;2618300;4862100;9054811;54263100;780300;245900;2234600;369600;3345700;27697100;19762100;31761500;46442000;3806800;111867100;23831600,0;5554600;6007900;4123800;6147500;4562940000
2022-04-04;76468400;24289600;397120000;25942000;28054800;49882000;17416400;53761700;2569400;8521200;20869400;8718600;6860600;2657500;3014100;25332600;5992000;11505800;2500700;2181300;7792100;8249536;82035900;402900;139600;2733200;390200;2800300;26067000;12116000;21078800;70018000;3027200;90123900;40066800,0;4659500;7843600;5090000;7882400;4547350000
2022-04-05;73401800;23156700;436615000;21418000;29727200;53728000;12110300;51781700;2573900;4658000;21753100;9538200;7446100;3268600;2324200;18657900;7653000;15721200;2532500;3582100;9371600;10787509;80075100;454300;161600;2556800;309500;2861200;28140800;15946100;30527500;42345000;2215900;79532000;37677300,0;4376100;7304600;4244700;5143400;4800620000
2022-04-06;89058800;40110400;703833000;32468000;28995100;79056000;12914700;54159800;3151300;7430000;24768200;9269000;10330900;3955600;4672900;28018500;8884700;19267400;2886000;2783300;8173900;10556215;89348400;366700;250000;3131200;504800;3680600;26711400;21054200;44174800;43549000;3864500;105256600;40647700,0;6499900;7171300;4547400;5492400;4986830000
2022-04-07;77594700;31411200;557992000;26234000;21037200;68136000;12994200;54585000;3562600;6995100;26122000;8018400;7385200;2867000;4270800;27088200;6889700;13960800;4041800;2253600;7517800;11391666;79447200;259500;250300;2031800;265000;2936400;29397000;10201200;24628300;49489000;2848500;91895500;34727400,0;5241000;5246000;3815700;7112200;4821490000
2022-04-08;76575500;24361900;524781000;25142000;18375700;46002000;13126900;41018900;3294200;5438600;24866500;10801200;7144500;3986700;3024700;23294400;6045400;12703500;2551000;2450200;6524100;6447980;55013700;554700;210000;2095900;362600;2769500;26444300;12992500;21240600;40252000;2235100;92746700;24962500,0;5741900;3897700;4490500;6182500;4083200000
2022-04-11;72246700;34569300;575207000;36884000;20516600;52112000;10466400;34198700;2747700;6942700;21800100;10206100;5932000;3574000;2178100;24712800;6158400;12720100;2326700;2494700;6001100;8655143;59357100;577400;229600;2090300;404600;2655900;20950800;11210400;17699300;37771000;1809200;95527700;26095800,0;4100600;5173800;3128900;5738400;4266290000
2022-04-12;79265200;30966700;662258000;32710000;20128800;55178000;12989900;42855300;2365200;7446600;22444200;9528400;5957500;3575700;2688100;26761200;7221500;18089900;2724900;2508200;6125100;7240254;65976000;267600;331800;4622400;455100;3327500;29529600;10591300;26471300;38243000;4038500;89246400;26226500,0;4122600;4832200;3548800;6174700;4152090000
2022-04-13;70618900;21907200;516943000;27928000;19231800;53390000;30838000;45484200;3022900;8052900;19306800;7330700;5643100;3012000;2528700;29284500;5247700;11883000;2133800;1898900;7399900;6362268;55121100;662200;196500;1969500;327900;2691200;32413000;10440800;23143800;32310000;3048500;77728400;21152900,0;3185300;8733000;3434200;4728600;3828150000
2022-04-14;75329400;28221600;569097000;31598000;18379500;51598000;18835200;79032000;5460900;8191600;24566400;9421100;6188200;4211300;1898100;22360500;7806500;16388400;2105900;5337900;5144600;6146543;58422300;184200;275900;2211500;510700;2644500;42065300;8002600;27728100;43438000;3358900;73354400;23284100,0;4569200;5126700;3283500;5590400;4083090000
2022-04-18;69023900;20778000;525701000;20808000;16580800;46514000;11834400;80080300;3653400;4744400;19032300;7639000;6318700;2087100;1581400;14671800;6034500;11679400;1426600;3644000;5042600;6291965;51715200;441000;396700;2532900;352100;2575800;27350000;8785700;14945500;51050000;1871400;80605800;25395600,0;3192400;4899500;2517100;4955900;3910490000
2022-04-19;67723800;22297700;512781000;26490000;20089900;54926000;15015400;53714200;2774800;5028800;20382600;6970200;14380800;2207600;2021700;15855000;7897000;11993800;2324500;2689400;7485600;7394824;49847700;525300;212700;1998300;343000;2704800;19633500;7213800;18707800;209069000;2999300;77069500;31753900,0;3389700;6120400;3392000;5412400;4108120000
2022-04-20;67929800;22906700;468974000;31696000;43036500;59630000;13430200;47064300;3040100;7178300;20689400;7495000;8044900;2986300;2608600;19821600;10196100;14827100;2278700;2907700;6824300;6424385;70711200;292300;150700;2287700;383200;6459800;18373900;7731600;22664500;1333875000;3377300;62489000;31528600,0;4720800;6015400;3711200;9472600;4290450000
2022-04-21;87227800;29454600;656209000;36446000;49954100;63970000;12174200;46245900;3097800;8850300;29010900;14594800;6969200;2539900;2716800;18168300;9365700;15120400;2476900;3571400;7446100;7225326;105416400;1444100;202000;1979500;407500;4776200;25522000;8576500;29263700;535016000;3605300;76680600;32009000,0;3014200;9119500;4032100;5616100;4636890000
2022-04-22;84882400;29405800;624713000;56884000;36426800;73078000;14318800;50409800;3125200;6201100;23591600;12160100;8003600;3453300;2772600;21046200;9394600;14902200;2643600;5053700;6372400;7967682;69696600;674400;220700;2557200;526700;3842600;28323800;8315100;44447400;375151000;2968800;75017700;30386100,0;4043200;8843900;4966500;9357100;4651940000
2022-04-25;96046400;35678900;641566000;46128000;29281100;61874000;17149000;64301100;3093600;6839400;37698300;15449800;11176500;3030400;2410200;18057600;6986800;25082000;2523000;4145500;6293100;11080599;68341200;7750800;663400;2552800;456600;5313100;29705500;9673200;42836500;281520000;3380400;93481000;31727600,0;4396900;7988900;5695100;7305900;5240040000
2022-04-26;95623200;46518400;653143000;73054000;31747400;77530000;17209500;44809900;2791700;8155300;28941500;9810600;10190000;2895300;2166600;19601100;7769500;21982600;2948500;4176700;9277300;46154289;136133700;1104700;416900;2954600;634700;4639700;30238800;9262800;37120600;203181000;3116400;89127400;38666500,0;3415200;8073300;4588900;7555200;4689970000
2022-04-27;88063200;63477700;499460000;91820000;71062900;71336000;17215200;39824900;2469300;15955800;32773000;10396600;11090100;3353700;2352100;17496900;6754900;16971000;2706500;3358300;40371700;20213257;76956300;493700;305300;4230500;422000;4250000;23975800;13855900;30549000;222984000;5702300;83125100;54508500,0;3446200;9644600;3726700;7279200;4769680000
2022-04-28;130216800;33646600;570327000;48884000;100890600;117316000;13015600;39567800;2176000;10799100;33683800;9366400;9403900;2582700;5886900;14955900;9306800;22010600;3547400;6092800;13518800;19277327;124948500;649300;333000;4727900;427700;3416000;16601900;31111100;26955200;213632000;6843300;91495400;40074500,0;4149500;10614800;3845800;6177900;4854180000
2022-04-29;131747600;37073900;500435000;42676000;49193400;272662000;14874800;47385200;3129600;7965000;34656500;14713200;8463100;2873200;3910900;21088800;10637000;20137100;3388000;3404000;10880300;16677077;88133100;487100;369300;4313700;544100;2905300;33158100;13693100;42076000;163919000;4741800;82647700;30937500,0;4878200;7110800;5685200;7946900;5084030000
2022-05-02;123055300;35151100;572049000;35534000;49915300;148788000;18545000;46652200;2968100;8803700;36335200;11559000;7145400;3184300;2789900;20016000;10351600;24970300;3418700;2639500;12399200;18536095;75781500;576200;321100;3763000;411700;3688200;41391500;13320900;42829400;145916000;3903800;98304100;41193800,0;4233900;6278400;6797200;7379900;5163790000
2022-05-03;88966500;25978600;475751000;24968000;41556300;79134000;15720900;48926000;2606200;6616900;33908100;8827200;5898700;2763400;2109500;17950500;10344000;21686300;2562000;2121100;10149500;12595004;63709500;703700;187200;2267100;326600;3262000;37905200;7556800;26124900;118394000;2686900;126381800;31372700,0;3336600;5047700;3874700;5211500;4582050000
2022-05-04;108256500;33599300;648855000;49916000;41375900;110746000;17128500;57860300;2629400;7191100;46188400;9183200;5923000;4002600;2743600;20022600;7771000;19780200;3289300;3023700;9550600;12019739;81643800;444300;447600;3208500;547300;3929300;34501700;11038100;45469700;122188000;3346600;225394100;43239900,0;4021300;7563100;4269600;6759900;5136360000
2022-05-05;130525300;43260400;626331000;45840000;41129200;144392000;15055400;48860600;2622100;7749600;41013400;9807600;7089200;3359700;3120200;23234400;8217100;20155200;2925900;3005600;7950800;11491503;92519100;1517500;311800;3228600;798100;4992300;41869500;14561400;46833200;139713000;3424800;153129800;40523600,0;4959600;8379400;5257600;7197200;5077030000
2022-05-06;116124600;37780300;633297000;39710000;34747200;124260000;14417900;50440100;2375600;8825300;29619300;10418100;6434000;3260300;2931200;34258200;7304800;18984000;2964500;2268400;7697900;8609237;72903000;1847800;397400;4535500;1180000;3785000;37991300;10080600;36006400;171855000;3635200;144286600;69691300,0;4325300;7232700;4198800;6222500;5116940000
2022-05-09;131577900;47726000;644455000;40802000;36303200;128124000;14312300;51242000;3234000;10314100;45851600;14110700;7855200;3862700;3460500;28207200;8540800;20055300;2918900;2929900;12593800;11266308;90810300;1250300;652200;4404000;1300000;4919400;42898700;11668100;35700700;140313000;5777400;144523700;170871700,0;5243600;9997800;4874400;7019700;5954520000
2022-05-10;115366700;39336400;761474000;39900000;34452500;105434000;16382400;60235300;2798400;11016500;34483200;11636000;8186700;4275500;3140800;24861300;7447400;21322200;3070800;3040400;11781400;10974181;84401700;1001100;740100;6190700;1020100;3655300;37395600;8841200;30009800;138839000;5003500;137235500;86932400,0;4392900;8598700;4798400;8129000;5885820000
2022-05-11;142689800;48975900;670167000;37534000;31153400;109704000;14630300;54969300;2320600;9427300;33020600;9105500;6138900;3936300;2625200;27878700;7692200;19648400;2833200;2552400;11388400;12465152;97224600;429900;589800;4390000;1122200;4113600;39065400;11530900;41035100;126655000;4263900;136137900;72894900,0;3880500;7220100;4250700;6932100;5816140000
2022-05-12;182602000;51033800;708728000;53836000;38262200;132026000;16318800;61231500;3408300;9308600;29491500;8936400;6898600;3997600;2370000;25244400;9600800;22574700;2861000;3282000;15891300;13844409;140313000;461100;534800;4709200;1233700;4946500;35733000;10749800;26503900;176621000;3891500;129214200;82147300,0;4447700;10187500;5679800;11698900;6286450000
2022-05-13;113990900;34925100;670437000;35038000;24549800;93684000;10443200;49117900;2152500;6684500;25798400;9229900;7732200;2453400;2337700;19962300;5675500;16167000;3255200;2323800;20891500;8309406;92150700;448800;432600;3217700;873400;3054200;38489000;9280700;22064000;131363000;3536000;138068100;69242700,0;3949100;6499700;3767500;6700100;5183340000
2022-05-16;86643800;32550900;521446000;25990000;27112600;74566000;10269000;39076500;1568800;5161300;26101200;13296300;5516700;2338800;5118300;21449100;5971000;13223200;2147100;2540800;10631600;10451563;86098500;318300;205000;3030300;717600;3174900;29493000;6378800;19110400;161450000;2062300;131065700;46153200,0;4267900;5065800;3697600;6942100;4415030000
2022-05-17;78336300;28828800;585830000;23054000;24872700;76448000;11160200;42635600;2096200;7265600;23120700;12827600;5751100;2289000;2553000;132940200;6509100;21300600;3204900;2275900;12154200;7218585;80236200;388200;367000;2321800;696400;3690200;22947000;9094100;26086800;98767000;2802300;164227200;38620800,0;12425900;7317700;4154200;5952500;4841410000
2022-05-18;109742900;31356000;545161000;35126000;23960000;108380000;12664900;47396900;2033200;8748200;25451200;13107500;8608800;3240500;2161400;104253000;9670700;31437300;3946100;4723300;9567600;11337253;87811800;376300;312000;2081900;660200;2547200;22708200;11992700;25971200;96656000;4521400;142603200;29304600,0;7799500;7454400;4417900;7977300;5103220000
2022-05-19;136095600;32692300;621310000;34144000;24446900;88142000;12765800;47002700;2108800;9012400;24387400;10958700;6874500;3813800;3157400;71008500;9694100;31493900;3518300;2887700;8075800;9992827;90296700;890800;615100;2253300;953800;2962000;23754500;8419500;25320000;104485000;4380700;141506200;35780900,0;5211500;8382200;4730100;9451600;5113550000
2022-05-20;137426100;39199300;739105000;48962000;31465600;99500000;13150100;62406500;2201100;6966600;28795000;9615000;7522100;3068200;3129100;49356000;7786900;29133800;3208200;5404500;18822200;11782667;144973200;441400;1182900;1845000;1069900;3178400;25960200;11370100;26342500;104294000;3428700;164126800;40879100,0;5621800;9068700;5517600;7531100;5130730000
2022-05-23;117726300;33175400;639889000;37184000;25059200;107798000;24376700;69081900;2653000;12187400;27239300;10216400;7040800;2279800;2873600;43680900;7134500;19406900;3053500;3246600;9341500;8467508;88903500;600900;471900;2201200;848400;3009600;37523000;10023400;40747400;96020000;3420800;128773000;27755200,0;4305600;6148800;4142100;7370200;4420030000
2022-05-24;104132700;29043900;588550000;76780000;50406300;102934000;19324900;46146700;1870900;7458500;24293300;9782700;6419800;2658100;2804900;34584900;7207400;16154200;5258200;2467800;9092400;9837776;89092500;315300;452100;1780600;917000;2566000;47042600;9157100;20265100;77064000;2561500;123341400;47218700,0;4241900;6928400;3657600;6644100;4923190000
2022-05-25;92482700;28547900;781132000;40258000;28030200;93120000;12780400;49343400;1929500;5457200;29947800;10174500;6558900;3161600;3195700;27121800;8217800;15360500;2641700;3080200;7707900;11389740;92139300;401000;465800;2062900;767300;2934100;35194200;9766000;18073700;85221000;3033400;111771100;35068900,0;4612900;7436800;3704800;7103300;4802560000
2022-05-26;90601500;25002100;996575000;37948000;23056500;93002000;15990900;60201200;2440400;9212300;24314800;11213900;6897600;2705800;3284200;28197600;5702600;16159800;1972300;2016000;8333900;7528368;106003200;274200;422800;2095200;731000;2550500;23802000;7932800;22664200;80499000;2817400;128792700;39738900,0;4170800;6697700;4472000;6758900;4709970000
2022-05-27;90978500;26910800;738379000;37914000;22562700;93660000;11177800;43365600;2106700;4897200;25588800;10512300;5853600;3349100;3694300;25299900;6028800;17709000;2063800;2020400;7261500;7819853;89295000;307800;335300;2204500;469800;2165800;34337200;9180800;18060900;85860000;2658700;104348400;37064000,0;3899300;7883600;4280100;6566700;4375620000
2022-05-31;103718400;37827700;664100000;50012000;26131100;144634000;17015000;71609200;2722900;9586400;44888100;20547600;16391400;4003100;6298900;36912300;12416700;43159000;3924700;3773500;7953700;8332038;101914500;682700;402200;3178900;580400;4667700;34374000;16007300;25091100;113985000;3873800;125102900;41672300,0;5966600;18114600;5675800;16890300;6822640000
2022-06-01;74286600;25292200;544514000;36606000;36623500;127528000;10768000;35237900;2330200;5246100;25815400;8824100;5175400;1765900;2731500;28534800;7036000;15408300;2264100;2314000;9991600;9514991;77247900;293800;227300;1727200;562400;2178400;16872500;8514300;25047600;84162000;2190000;99351400;34438100,0;3080800;37037400;3795700;5804700;4531800000
2022-06-02;72348100;44008200;648656000;37992000;31951600;100560000;8374800;35341900;1957500;5337200;19089100;7441900;8666500;2093500;3703300;23214300;6479800;14586000;2089700;1784100;12777000;9897164;93473100;681900;499700;1955000;546400;3136500;16046100;9589500;27555000;96231000;2484200;120953800;41347000,0;4086400;19231200;3119300;6200400;4405790000
2022-06-03;88570300;28059000;598779000;26136000;19465000;97604000;8596000;25235200;1238900;4352500;21038200;8435300;4234200;1756900;2490000;18302700;4720700;13539900;1838900;2222500;10091800;8463013;112393800;167500;316100;1719900;484300;1482600;28694700;7458900;25151900;71918000;2076600;110844700;36632300,0;2956600;9224000;2587500;8169500;3711110000
2022-06-06;71598400;22400300;422406000;33542000;30574200;135269000;11323500;40394000;1099700;3965100;20682100;6734200;5386500;1781500;3734400;19855500;4751100;15112800;1569300;1565400;6354800;7614722;84204600;594600;239700;1495500;397500;2548600;18413700;7238700;17823600;53720000;2196100;96726900;35101100,0;2562000;5811700;2980900;5274700;4332700000
2022-06-07;67808200;22860700;388914000;31590000;18828700;85156700;6722200;29152200;2516800;4493300;37810200;9668300;5447800;2341900;3652800;47707800;4918600;17886300;2782000;1799000;5436100;8227386;72808500;301800;298200;1576300;633900;3553600;26784100;6062800;32708700;48395000;2158800;79022900;28049400,0;3547800;6331100;2550700;5675700;4248210000
2022-06-08;53950200;17372300;363252000;26108000;22267200;64926600;8422100;33590600;1438100;3646300;31613200;8715200;4333100;3268100;2684500;22522800;4369600;10211500;2101300;4171300;5833700;5418794;76210500;260400;263500;1269100;528400;2943400;20700000;6773000;31429400;72441000;1709600;97641900;29056300,0;3003100;6226200;2877400;5253500;4159470000
2022-06-09;69473000;26439700;395574000;25798000;23501600;67029800;13560100;49419000;2896500;5138600;26607000;9764600;5509600;3148800;1963300;19880100;4625700;13382200;2682600;3045700;6010100;8114548;96491400;394800;564300;1537000;677400;2646400;24629300;7153200;34404400;69490000;2250600;95299000;30527400,0;4168400;8467700;3217400;6824900;4134170000
2022-06-10;91437900;31422800;465248000;41452000;27450800;87266000;12945200;49318200;3866900;5162500;30950500;9529700;6647300;2599900;2469800;25238100;6630800;14967600;1992300;2604100;7770700;15384656;97536600;650500;668500;2227700;918900;4055800;34411300;8544700;35547600;130656000;3300500;102135400;30225800,0;4623900;7855800;5882600;10256100;4889640000
2022-06-13;122207100;46135800;604153000;47252000;31749300;99277700;16805600;61216600;4218100;7119200;33421000;14614900;7997000;3764600;2898800;24897900;8549500;23064200;4697000;3559400;16778500;15183217;102767400;679600;621100;2998300;1220600;3670900;50334000;12320900;44292400;102224000;4825100;98148800;40943000,0;4704600;10726200;7109100;16547200;5636890000
2022-06-14;84784300;28651500;469680000;33706000;27244300;69728800;13357900;49349800;2487700;6441200;31264000;10269300;7116800;3814200;2422600;21544200;9980200;24620000;3564800;2359000;17549800;8634919;97988700;288000;295300;2611000;763300;3373800;31282300;6794700;29163100;115553000;2788400;84066600;30564100,0;3987000;8576200;5838100;29661300;5153890000
2022-06-15;91533000;33111700;563936000;39698000;30008300;85011100;14083500;51540100;2725800;6490000;29620800;11565300;7796100;2550700;1970100;25914000;12178100;19684700;3152100;2343100;25997800;10576600;119131800;540400;306700;2455400;1015100;3158100;36820000;7860000;29414300;123960000;2357800;95774800;38235300,0;4050400;7740700;5821200;11765500;5530480000
2022-06-16;108123900;33169200;545749000;51684000;26944100;82186300;16724900;61363400;2777300;9887200;35696700;18125900;7056700;3135600;2628600;30706800;9683300;15053800;3272000;4789900;19543600;14550650;107390700;760500;363000;2992300;626600;3542900;44575900;16422800;33130000;82013000;4528500;102433300;36793500,0;6181000;8090900;7199200;10686000;5644930000
2022-06-17;134520300;43084800;630334000;51376000;31374200;99772100;30919900;80470300;5234400;15089300;64610200;35575100;12486600;5277400;6900000;36838800;17113300;34781900;7236300;7226100;16042500;14449368;92641800;403600;583200;5617100;751000;4770900;72525700;17273400;33090200;121334000;6235300;105212300;45518000,0;10775600;13074600;11562000;16445600;8520740000
2022-06-21;81000500;29928300;483089000;47416000;50724900;70901200;11680500;53537200;2506300;6241600;35951500;13772000;8219700;5726800;2821300;23916600;9017000;17705000;3263500;2755400;10519900;12972362;122793000;439300;342000;2132700;791100;3038500;37478000;9208500;20345600;121776000;3193700;87780600;48887600,0;5498400;6736800;4906700;10047700;5292260000
2022-06-22;73409200;25939900;437135000;30774000;47267800;60040100;9842700;38305600;2463100;5138500;29727200;13735800;10593100;5061000;4535700;20235000;8374500;15207100;3054300;4008700;7713300;15573094;101107500;770400;216200;2563500;719100;4513000;32909100;9081000;25020300;119924000;2671500;86634700;43430600,0;4678400;5864500;4220700;8219900;5058990000
2022-06-23;72433800;25861400;463680000;28362000;40499200;64345300;11851500;44091500;2547000;4752800;35757200;15713700;10223500;4687700;3729300;18040800;6418300;17190900;1937000;6667900;10746900;10841280;104202600;954500;251900;1920100;637700;5031400;31107300;7908900;26862200;95382000;2387600;100614600;44618000,0;3747500;7258000;4727400;8775800;5098640000
2022-06-24;89116800;33923200;472153000;41164000;68736000;69867600;14841100;79504700;3984300;7754800;26639000;11108300;9374400;15861100;5449900;31845900;19440600;18147100;3104800;4868900;13626200;16044991;95770800;307400;331300;4176000;654300;3210200;28032500;8128000;27836300;124240000;4318900;88553900;67826000,0;10310700;12107100;6451900;20132600;8120260000
2022-06-27;70207900;24615100;427968000;36420000;29174600;62133200;11280500;47900300;2091700;6121200;25478700;9242400;5908600;3907100;3218900;19889100;5618500;12142100;2059200;3061100;8457400;10911904;89178300;435600;151700;1763300;657500;2836200;41058600;9947300;25411200;83639000;2810800;74663500;44768000,0;2538600;6170600;4134800;8840600;4325310000
2022-06-28;67083400;27295500;461149000;35792000;27744500;74942900;11590900;49863800;2276600;4354200;33096900;9183300;9245700;4978200;2742900;15399000;6077300;13150100;2381700;3327200;12125400;11313819;90391200;347400;199300;1821000;659900;3102500;27676300;27081900;20924200;71854000;3394200;95618600;45589000,0;4052100;6668600;3868000;7252100;4270120000
2022-06-29;66242400;20069800;482352000;24716000;28595200;66375300;9338400;35149700;2475900;4324600;25400900;9082900;7097900;3823400;2562500;19111500;5174600;11795500;2997200;2436900;7489200;11088303;82897200;627300;354400;1300400;449900;2951300;26189100;9973300;22344000;57668000;3779500;104140900;40408700,0;2460500;5430400;2995900;8077900;4211240000
2022-06-30;98964500;31730900;686070000;43170000;35250600;97679400;15172600;46312300;2669500;7045200;39948100;10685000;10777200;3568900;2732900;19166100;7410100;15514200;2786200;4197100;8455100;13967359;94600500;1129600;378600;2387500;700400;3837700;29035700;9277900;31101500;78947000;3411500;105368600;33636400,0;4058000;9539400;4623500;9888600;4840070000
2022-07-01;71051600;22837700;577610000;35476000;31423900;73021200;10573600;40236100;1749400;4131800;26327900;7684600;5498400;2426600;1817800;17460900;5937200;15143200;2531400;3423100;7627100;10997455;74460300;867900;267500;2046900;521100;3875500;35391700;7672800;21923800;52016000;2287700;87734200;33504400,0;2818300;4561600;3667300;7805600;4046950000
2022-07-05;73353800;22941000;651397000;39342000;28618600;76583700;12514200;47411800;2480900;4110200;34591100;11513100;5676400;3029600;2107700;18218100;5760900;15921200;2390700;3724900;10065900;12889860;84581100;681400;373300;3539400;756700;4964100;33996100;8113100;33671000;73343000;2112100;95589000;55854800,0;3241300;4614200;3676900;9040400;5076590000
2022-07-06;74064300;23824400;529066000;37432000;23085900;66958900;10656200;35933700;1774500;4111200;33375700;12421200;5335600;2506700;2252500;21300000;5485200;13450500;1948600;3190600;6608000;7852596;71853600;694100;185500;2279300;664100;3841400;24208300;6038400;24543900;57534000;2219200;85458900;54604300,0;2206100;4085100;3033900;6043700;4417720000
2022-07-07;66253700;20859900;492903000;40936000;24083400;57872300;10347400;40137900;2046500;4650700;23817400;12741800;5725800;2385400;2395000;17487300;6623400;14828400;2396700;4677600;7674400;10110160;81930600;1207800;158800;2689700;490400;4180700;20206800;9408100;22760500;63345000;2202100;83640900;35672500,0;3133900;4000100;3949700;7814500;4057770000
2022-07-08;64547800;19658800;467972000;38238000;19249200;45719700;8807800;31153800;1438900;3621800;17673800;7915500;3828300;3092100;1898200;14751000;4294200;11311500;1450300;2491100;5655500;9940822;101854200;358600;227100;2101500;395700;2986600;16868800;8393200;14470600;58357000;1662100;83405900;36737100,0;1891000;2869200;2983400;4927300;3521620000
2022-07-11;63141600;19455200;437321000;31196000;21885600;53487600;7939500;29311900;1519400;5353600;15603800;7056800;3645200;1743600;1342600;11532900;5482900;12702100;1478100;2773300;6176500;7662393;99241200;352300;150400;1623200;512700;4334700;30857100;5887200;22936000;60388000;2073800;76150300;34015100,0;2453200;3689300;2864400;4543300;3423480000
2022-07-12;77588800;35868500;458483000;29960000;16639700;54280300;11250900;39527000;1772600;6779500;21013000;8653900;4708800;2706500;2058200;13732200;5204400;14731100;2112800;2718400;18598200;11678496;87930900;455300;190400;2027400;578700;5086600;18786100;5991300;22312100;68453000;2761500;77873200;42765800,0;2696100;7073000;3033000;7140800;3817210000
2022-07-13;71185600;29497400;521918000;43722000;16555100;61353800;12979900;44153700;1884100;7597300;19928600;9414600;5291700;3467700;2564200;12689100;5075600;13145300;2205300;2389000;9038700;6961770;97954500;320300;140300;2097600;627300;4371800;22946600;7200200;22135100;127344000;2442600;79355000;32461300,0;2941600;6225900;4197400;6454800;4109390000
2022-07-14;78140700;25102800;456235000;37004000;23765200;51163100;26204800;51707800;3171900;5605500;26343000;10150200;5359600;3765500;2615700;20905500;4867000;14433000;2371000;2531200;9456100;8179393;78557400;644600;243800;1953000;586900;5172600;26475800;10718700;25725100;90395000;2743900;83493600;26702100,0;2822200;6096100;3888500;4915500;4199690000
2022-07-15;76259900;29774100;385935000;46770000;23342800;84317800;18863900;77801700;3457600;7245700;17243700;7051900;5691100;5742500;3340300;21184200;6264600;21968400;2627200;2282100;7910400;9391720;69683100;536200;187600;2054000;749400;6343900;17739200;11880500;16063500;163191000;3387400;76050600;34918100,0;2647200;6037700;4547400;5134100;4143800000
2022-07-18;81420900;20975000;670517000;43164600;23574300;59115400;13977900;56382900;6767900;4648900;19395800;7943900;7605700;3212000;2116300;14243700;6047500;10780800;2164400;2476400;13948500;10607899;82537500;717800;501900;1439200;687800;3496400;19365800;7856600;20406900;163228000;2468500;90464300;32428400,0;2664000;3818200;3273800;4642300;4046870000
2022-07-19;82982400;25012600;702366000;36530900;25933700;60990000;11862300;46874900;5641100;4927100;18248900;9152100;13256400;2953500;1628100;16995300;5943600;10998200;2181300;2671400;14183000;10070675;80890200;1195800;231700;1486900;463900;3103800;16166200;9686500;13632300;281787000;2689800;85047500;29033800,0;2614900;4373400;3590200;7160300;4041070000
2022-07-20;64823400;22788300;760538000;35600400;24784300;71268300;11667500;35514900;3489800;4460300;16584400;7856600;7455800;4327500;2051000;18564900;8635300;11010500;2183700;2175900;8668600;11004036;88864200;273400;176300;1958500;819400;2876900;20702400;8517400;21778600;539203000;2563600;88348600;40845200,0;2533400;5654000;3877200;5655700;4185300000
2022-07-21;65086600;22404700;557049000;32676200;27195800;60239900;11595900;31244000;2518800;4801300;21375700;6724200;5729200;2667600;1692100;18764700;8310200;11959600;2056500;2214500;8044100;9551106;142032300;442800;209900;1555600;453400;2871200;21380300;8060400;18885800;234301000;2230800;90449300;51691200,0;1965000;3886000;3699000;7005100;4132790000
2022-07-22;66675400;21881300;536671000;48901200;42583900;51463800;7645500;27115400;1830300;5071500;15479500;5889500;4257000;1850300;1850800;13616400;5292700;11644700;2226600;1961500;7594900;9009387;103472700;433100;176700;1534700;514100;2913500;21128700;7200100;22748300;178055000;2253000;76989700;38915500,0;2391500;3804700;2876100;6659800;3979240000
2022-07-25;53623900;21056000;480748000;34690900;26166300;50221300;9394000;30381000;4024500;4357200;17536400;6210900;4437300;2337200;1741700;20535300;5262100;14941700;2860400;1845600;5764700;9468604;64073400;416200;239300;1287300;361800;2922500;26161600;4928900;21047000;109352000;2180100;70083000;21485000,0;1910500;4407900;3136300;5721600;3568340000
2022-07-26;55138700;39348000;397865000;47991000;28468400;67075100;10675100;30645700;2054700;6141000;15141200;6112800;4525500;2637800;1812300;95391600;5375700;20118000;5272300;1767700;6053100;28957643;66820800;562000;164100;1249900;550400;2890800;21026800;5941800;14749500;95085000;2254200;69180400;21997800,0;2690200;3886500;2512200;7284400;3778950000
2022-07-27;78620700;45994000;569776000;59858500;43846600;61582000;9337400;30344800;2081900;17432200;18047000;6223000;4648500;2268100;1643000;42159600;5500000;12142900;2718300;1856500;16356600;11570152;88110000;346000;176400;1961400;581600;4579800;30888400;12863000;29855300;105084000;4580300;78301600;29810900,0;3233700;4960900;3613200;6677200;4112180000
2022-07-28;81378700;33459300;474646000;32816600;73214300;82245500;10384800;40176500;1820700;7477100;20353100;6574300;5513000;2344500;2350900;33262200;7115700;10837000;2849100;2229200;8729100;18063717;84723000;407300;275800;1756500;631100;3441300;36476600;17051000;31744400;89727000;3635500;79009200;27172900,0;3992100;4562100;3986900;5688100;4413000000
2022-07-29;101786900;32152800;435460000;37223400;42065400;148892900;12944500;48152500;2112200;6059700;29825800;17143700;6451400;2945700;3399900;30141900;18694700;13734200;2653800;5188100;5743500;12729511;95313000;530300;363300;1328700;667400;3881900;45111800;11749400;23289100;90649000;3176800;76630700;31106600,0;3236000;4751400;6976200;5926600;4616360000
2022-08-01;67829400;21539600;476469000;26034300;40596700;76846900;14740400;32336700;1476500;8028400;20793200;8017800;5461400;2335000;2464300;24996300;12590000;12831500;2384000;3185100;18321600;14685317;117042900;579300;348700;1740700;497000;2725400;32740800;7611400;24289400;55250000;2289400;96477500;31694700,0;3303900;3997100;4192700;5227500;4202810000
2022-08-02;59907000;22754200;489527000;20236000;27374500;61922400;14942900;37884100;1862900;9939400;16722500;5928300;5794200;2114200;3405700;19695000;7495000;15241900;2375200;8193100;10874300;9290599;95577600;1201100;203700;1261900;491100;3022900;25736900;5946400;21397500;63613000;2878800;116734100;40958800,0;3091000;4317900;3166500;6403400;4727710000
2022-08-03;82507500;23518900;418146000;28499000;31721900;71827800;14394500;30065800;1770600;9520100;23580800;8751400;5010000;1802900;5152200;32003100;6811000;11317000;2305300;4155900;6709100;9678390;80091000;367800;256600;2761100;856300;2859600;22954700;6890200;18776200;64007000;2921200;131142000;35796500,0;3329400;5786300;4061400;6127800;4351760000
2022-08-04;55474100;18098700;409652000;21602900;23938200;70585000;18033900;28404500;1533400;6789700;31821500;10640000;5651600;2368000;4696300;53106000;6124700;11795600;2089600;2478900;5039600;6942669;72256200;193900;531800;1562500;1851200;2575800;29549500;6254700;26532200;71427000;2339500;125855800;32093400,0;2718400;3759700;3946200;3656200;4283320000
2022-08-05;56697000;16774600;386068000;19159500;25832700;50686900;14174600;35874500;1876400;5553700;17408000;7170200;5235500;2373400;2814300;32007000;4580300;10445400;1818500;1908500;4709100;7447953;113172900;229700;489900;2406200;849500;2625400;26415700;5041300;21435900;55397000;1848700;93859900;50264800,0;2029100;4090300;3395400;4858100;4085940000
2022-08-08;60276900;18739200;981859000;19138300;27299100;52229000;10332500;33454300;1460000;4063400;14458500;5966900;4629800;1656400;3218900;18175200;4486800;9165200;2253500;2655000;11293200;9833442;98994000;513600;403600;2668200;618400;2862700;41374800;5553300;35159100;109821000;2477600;92606800;125272600,0;2505100;3396800;3965600;4733500;4221090000
2022-08-09;63135500;23405200;668263000;19086500;18655100;40434700;10233800;40196900;1587900;4596800;19083400;5842200;5532500;2147200;2122900;19325100;3977300;7910900;2315800;2460000;6064800;7581496;86244600;687700;351100;1769600;544800;2756700;33934300;6770800;17723800;61812000;2467400;89473700;58788900,0;2607000;5851700;3872100;4243700;3913090000
2022-08-10;70170500;24687800;597422000;30930400;30262100;54773800;12847300;61415800;2459500;5746400;18302000;6145800;5603400;2291400;2351000;25251000;4641300;8857300;2967900;2304300;7181700;16331500;94918800;460600;440600;1499100;720300;3605200;52324500;6840000;25244100;92548000;2443700;83416100;46054900,0;3863400;4179200;3705700;5258500;4546010000
2022-08-11;57149200;20065900;509327000;24293700;24079100;44867300;11684900;50420800;2360800;6639600;18797900;7888600;9328700;3006200;2198800;23854500;5954300;8507800;2007000;2538900;4996800;14557872;70155000;325200;319800;2117200;486400;4678400;54602100;6243200;26027200;87801000;2609400;77516900;44790900,0;2444100;4175100;3144800;5554600;4630200000
2022-08-12;68039400;22619700;478094000;19096300;21274000;47643500;9906700;31821700;2369000;6443700;15058200;7244700;14606900;1981000;2305100;26625000;5038700;9489300;1530800;1864800;4345200;8273452;79657200;435100;311200;1346200;508500;7103900;63305100;4967500;25263300;60985000;2514200;72316300;30638200,0;2273800;3846200;3231300;6692300;3788010000
2022-08-15;54091700;18085700;457666000;19494800;15878700;39014600;8456200;24908000;2045700;5290600;20755200;8975200;10072000;1447300;2795800;26516100;6008000;9863300;2342700;1752400;4734700;5467107;89359200;506500;375200;1555800;399800;3890500;43816500;4502900;14367900;65274000;2526300;61327100;33263400,0;3917300;2768500;2927200;3733500;3696830000
2022-08-16;56377100;18102900;451240000;19041200;21156700;59102900;9555000;31870200;1740900;6564400;14038200;7218400;7453600;1773000;2248000;91773300;7093000;9569600;1828000;1959300;5259600;9268610;88136400;733300;541200;1453200;644500;3509200;21414800;5270800;17362300;51368000;2448700;60220700;40603900,0;10089800;3835900;3342600;6185100;4329820000
2022-08-17;79542000;18253400;446799000;22847000;20118100;48149800;8149300;27125600;1576300;4902500;13678000;6741100;7406600;1471700;2747200;41792100;4834600;8144000;1699100;1576200;6533500;6485057;68766000;896900;421700;1453600;839100;2671000;30050100;5169600;18967600;56272000;2439900;63735600;33933600,0;3162600;3181300;2962600;5185100;3885030000
2022-08-18;62290100;17186200;415447000;17987700;18844500;37458700;9531800;23138300;1102200;4516400;17770400;6477500;8312100;1486400;2261600;19197600;3829000;6532000;1591900;1750900;4404600;6421014;47500500;258000;522100;1725300;540600;2587400;22801400;7808200;16190900;52804000;1934900;76059500;26365600,0;2899600;2791600;2783100;4120500;3340330000
2022-08-19;70346300;20570000;441588000;21809500;26240800;47792800;13464500;36485400;1812300;4178800;16128600;6834200;8128500;2258000;3393100;22918800;6502500;8921100;1833800;2003600;5736100;5801930;61395300;448200;1121300;1498000;840400;2933800;32685500;5400300;23555000;75047000;1740700;67221700;40560200,0;3489100;4346100;4613100;4679000;3761340000
2022-08-22;69026800;25061100;409593000;21456600;19499700;50461500;8967600;31210300;1723900;5139500;16019900;9147000;5462600;1672900;2488000;18667200;6380700;9087900;1986700;2008900;5312300;8143279;55843200;349900;963000;1342100;804400;2043200;30116200;6736800;26005900;86301000;2312400;61837300;37824900,0;3144200;5182900;4713900;5757700;3907430000
2022-08-23;54147100;17527400;369986000;15870400;18111800;36252100;7607000;26588000;1538000;3525500;23764700;10354800;5566300;2039600;2962000;16955100;5268200;8443800;2211100;2444900;3425200;7642490;63984900;534900;292800;1186300;516900;4681000;35544300;4499300;30279000;52769000;2240700;52927000;25658500,0;3317500;5076800;2592100;4432300;3823520000
2022-08-24;53841500;18137000;522661000;17734600;20891500;38627000;9771300;31389400;1530800;4230800;17050300;9468100;5684300;1761200;1827000;15766500;5903200;6844700;1777200;2503200;4211300;7649392;57259800;392200;364200;1874900;490600;3780800;28212900;5113100;15424000;54263000;2218400;56520400;26576400,0;2495600;11438800;3266100;3876400;3583630000
2022-08-25;51218200;16583400;770691000;16956800;15550500;37496300;10758900;40576700;1763900;4495000;15305700;8050700;5678700;1965800;1977900;19414500;5097600;7913900;1330400;1888700;4949400;8349212;53230000;2101900;251800;770500;495000;2251700;43531500;5618800;14809500;37669000;2228500;61016200;25635600,0;2529700;24025600;3463700;3523400;3566870000
2022-08-26;78961000;27549300;769127000;37245700;24023600;53322700;11276200;36152600;1703900;5060200;15531400;7765800;5667100;1906700;1858000;21331800;6086600;10089500;2357800;2560400;4957400;8628819;57163900;1610000;268900;1689700;538000;3141600;23499700;7918600;22466300;53498000;1925000;65552500;34150400,0;3315500;11074700;5277200;4904100;3832750000
2022-08-29;73314000;20338500;496132000;21191200;20052700;48101600;8117300;34931000;1835600;4476200;23059200;8462600;5259200;1594000;1697000;17381700;5272100;9115900;2017500;1996600;4727600;7868808;41864700;324200;375800;1031300;358200;2345200;29301000;6852300;24591800;71094000;2308200;61142500;28566200,0;2711800;9329900;3098300;4295500;3396510000
2022-08-30;77906200;22767100;530181000;27513300;19567900;49203000;10745400;48194900;1830300;3918200;17086800;8814300;6973300;2013400;1980300;14468100;5203700;8456800;2051300;2691200;6248600;6886330;50541800;414400;254700;1308200;572000;4422400;39055900;6147400;25080200;57404000;2618900;69087100;27189200,0;2892400;8079400;3213700;5099100;3835860000
2022-08-31;87991100;24791800;573710000;28627000;40953000;53648700;10738300;44917600;2488000;6559000;18340900;13582700;8741700;2891300;3183500;22460700;8406900;14633600;3119200;2656600;4123500;10274200;52107300;1209500;249700;1569900;487400;3183600;44892600;8701100;26073000;86159000;3129000;64991700;28691500,0;4376200;9166100;4999600;8612900;4542490000
2022-09-01;74229900;23263400;1178865000;28360900;30145700;56636100;9979800;32848900;1575100;5608300;16423000;8244400;7509600;2085300;2939200;21741900;7446500;14939700;2577800;2686200;7652000;8002191;54287000;926200;455800;2233000;689000;4279800;27636600;8716300;44915000;72929000;2493200;94854700;39079700,0;3742500;9924000;3765000;8139800;4152250000
2022-09-02;76957800;22855400;743157000;24160700;22634200;57429800;10666600;44000800;2215400;4508100;18206800;7526600;5803700;1944200;2525400;17234400;7077800;11809800;1791300;2185400;5262800;6479760;50890100;264900;189700;1855800;492900;3820800;26358700;6121400;27287000;81649000;1936800;84924400;25965000,0;2753600;7315700;3793600;11027700;3665850000
2022-09-06;73714800;21328200;535751000;25068300;19339800;43888600;9751900;40762400;1578100;4547800;19201500;8550000;7394600;2711900;2322200;21899700;8217200;12181800;2645700;2141700;5210500;6472859;55860000;297900;276100;2808300;645000;2994800;30301500;6674200;27027500;74690000;2043400;68727300;30429400,0;4110000;6373700;4362900;7090100;4127340000
2022-09-07;87449600;24126700;512657000;23167000;16831200;47900300;10647900;40742600;1496600;4098300;16274700;9442100;4590600;2504400;2228100;17058900;6609400;13290700;4185200;2166900;5298600;5494394;50028900;252300;105200;1345200;542900;4132900;22355600;5340100;28904600;81493000;1998300;67891200;30330000,0;3016000;6211400;3509900;5792600;3890320000
2022-09-08;84923800;20319900;624873000;24238300;22530800;43988500;11435000;44361800;1755600;4377600;18759200;9232500;5838400;1557500;2212500;16956000;7380500;17193500;2448900;2245700;4949100;5810597;53713100;473000;363200;5006300;831100;2433700;26359700;6618800;33163800;67374000;2114000;89089300;26303600,0;2703200;6659200;3542300;6897100;3966850000
2022-09-09;68028800;22084700;486612000;23197700;22086800;49387600;9299700;37295100;1445600;4885600;17158000;8261100;5500600;2495500;2177000;16140600;6434300;11855900;2007000;2279600;5775800;10795534;54338100;608800;580000;1350300;1190100;3506400;21181900;5097300;27556000;66996000;1815700;68907700;27822300,0;2769200;5642300;3125100;7762400;3901940000
2022-09-12;104956000;18747700;484159000;22966800;23220400;53826900;8614600;30534000;1563200;3812300;16118900;8920800;6365300;2792000;2077400;14284500;5818700;13026900;2204300;1937200;5363100;11661482;48674600;434700;279600;1175600;704400;2563600;23498500;7081300;20238000;60474000;2097800;71922500;30544800,0;3632900;6353400;3407900;15628900;3814200000
2022-09-13;122656600;33353300;714956000;38172900;44444100;72694000;12904600;40959600;2242100;5217900;18229100;10308300;6726400;3172500;2272400;17687400;6350200;18532800;2604900;2207500;8724900;11574005;68229600;323500;288200;2106800;720700;3956100;31133600;9610900;27491200;80001000;2316900;80921200;29770700,0;4797200;5463200;4582700;29476500;4224550000
2022-09-14;87965400;23913000;588507000;26395100;43064200;45316800;9345700;32004400;1953300;4632800;22655700;11160800;9555700;2648100;2002900;19934700;6137800;12881600;2745200;2295000;8478000;9968109;72628700;245600;289500;2036500;361000;3541500;20202600;7509300;15477200;82303000;2657900;71483000;29422500,0;4194400;6037300;3718400;21601400;4293240000
2022-09-15;90481100;31530900;523625000;34188300;34606300;52887200;10821400;44863300;1489400;6099300;21092300;9665000;7174500;3058100;2348100;20189400;5320700;11451900;2289500;1933100;9792800;7908775;64795500;365700;224700;1918900;682300;3309600;20872300;7459600;16511600;194541000;2486800;81818000;51700600,0;3896100;7012200;3274500;12478100;4441830000
2022-09-16;162278800;39791800;670751000;42797200;40122800;115667800;14844100;54281800;2946800;9398200;37874700;43741600;20201500;3981700;4380200;41874300;9321500;20493500;4304100;5088300;10310700;22966955;87087800;501900;261600;1988200;629500;3589700;27541600;13818500;23531800;189142000;3650900;75300200;42155500,0;9535100;9882300;7288900;23412000;7954650000
2022-09-19;81474200;26826900;569685000;23036800;22169500;47279700;8201300;29782000;1652700;8133600;15342100;6813800;7380900;2130800;2515300;16853100;6056000;12596200;2195800;2923700;5150700;8045047;60231200;477900;225500;2139100;485400;2456700;26546500;5922700;24884100;179124000;2369700;64966900;29238800,0;3047200;4874800;3291500;8364000;3766850000
2022-09-20;107689800;26660300;524818000;26517100;23217400;47698400;9619000;33591100;1569900;5292500;14712500;8955200;7143400;2421700;1816800;13963500;5589800;11984600;2140200;2512400;6737600;8379870;61642800;515900;114800;1928200;506800;3507400;23318200;5672700;26433800;160374000;2769600;51129100;30349600,0;2940700;5505700;3275600;8624300;4058050000
2022-09-21;101696800;28625600;807679000;31487300;38338600;58498900;12606300;51667800;1796700;6705900;17332400;6877000;8071200;2427700;2241200;24903600;6413900;14165300;2438800;4061900;6244300;10164733;62555700;289300;234100;3179200;639300;3848000;25307100;8123700;26196800;91668000;2366300;82069700;36814500,0;3173500;6164400;3941800;6768200;4078330000
2022-09-22;86652500;31061200;759162000;34298600;34418500;55229200;11684500;47527500;2239900;6604700;16139400;6981100;7401100;2285600;5918300;16744500;5061600;11657600;2300500;2508400;6311800;11345279;70545400;278200;395800;1978800;637400;3970500;25083700;8753000;23911100;100180000;3176500;101436900;49138300,0;3515800;12405100;4120900;7190700;4284600000
2022-09-23;96029900;34176000;663309000;31625400;31710700;65126700;18138600;55316100;2918500;10755800;27738800;13919700;9598600;2536900;4572600;27195300;6523600;14824000;2672100;4047200;8927900;13124524;63748400;2377300;439000;2058100;562100;8999700;43210900;10681300;34422100;112072000;3245900;87690000;34197300,0;3527900;9175800;5175100;9282500;5144270000
2022-09-26;93339400;27694200;547343000;27072700;30497000;62723300;15753600;40360200;2308800;9914600;22043400;9444000;8735500;2867400;3760000;23011200;7396400;18670100;3179100;3213400;7095100;16780605;58076900;589800;385300;1560200;604100;5248800;39167600;6424600;33400300;82343000;3635600;82898700;45429800,0;4181800;7862400;4929300;6897800;4886140000
2022-09-27;84442700;27018700;553854000;30072800;30826500;60094700;12793600;43396600;2007400;9799600;17307300;10121000;8686700;2583400;3019600;17171700;7722200;23829300;4193800;2753500;6682300;12596770;61925200;353900;215700;3592900;501700;5002600;28769700;5544400;25381300;77622000;4073300;94871800;31794700,0;3701000;7046600;5767700;9284800;4577740000
2022-09-28;146691400;29029700;542414000;32466300;32658500;55763800;12762600;38372900;2289700;9751000;19543300;8279800;8660900;3027300;9436300;16838400;10455100;21480100;4202400;3694800;10257200;10686228;54664800;778200;558900;3228100;743800;4264600;37504900;11321200;26559300;175797000;5611400;72389500;31955900,0;5816600;7908400;5941800;8549900;4684850000
2022-09-29;128138200;27484200;532763000;31047200;38985400;58969700;12713900;35220900;1930800;9105200;17896000;8197600;7008100;2392000;3743100;15241500;7128500;14570700;3053200;3518100;8905400;14124337;77620600;637300;280200;1735200;504900;6329400;33330700;12125800;28528300;189949000;3439700;102552400;57845800,0;4518600;8602500;5210700;8882100;4681810000
2022-09-30;124925300;35694800;565638000;32941500;33166400;59479600;15973400;42294100;1970800;9472300;21357600;9402700;8985200;3116000;4474100;19602300;9431900;16124600;3629300;2963000;8383000;12709126;67726600;296100;185100;2590600;627700;4688700;36385800;7568100;33698100;118486000;3804200;81664100;47454800,0;4789100;7575600;6057500;9794400;5645360000
2022-10-03;114311700;28880400;547478000;27982000;27723100;50941900;12248100;34591700;1938800;8842300;23881300;9597400;8657000;2562400;3340500;17574900;8477700;16277600;3286700;3444700;7962400;8721754;98363500;219000;302200;1663900;955400;6471200;63172900;7481700;50914100;86574000;5285200;83841600;35524000,0;3580000;6819900;4901000;9661400;4806680000
2022-10-04;87830100;34888400;584182000;28850800;34670700;62812600;16013600;39758700;2399500;7081400;22133700;9520200;6236100;3189800;2622500;16134300;7211600;18861400;3685700;4008200;7235700;12441557;109578500;324100;287800;1775600;876600;5526100;34259900;6637200;35419400;139259000;3949200;77160500;36313300,0;3641300;8017900;4633700;9892600;5146580000
2022-10-05;79471000;20347100;507131000;22176900;27979300;48217500;10943500;35791100;1992800;6119900;34857700;10633100;4539400;2281800;2186100;14553900;5071100;14324900;3033000;3067400;6268300;9327837;86982700;211000;275100;1940600;474000;5140300;29996000;7070300;24577100;108256000;2845200;87127400;37790200,0;2728000;4256200;3350400;9201600;4293180000
2022-10-06;68402200;20239900;644157000;22324000;36231100;42253800;11521400;40891900;1367400;5163000;29124700;9498300;5890700;2187300;4299200;14200500;5530800;17192800;2999200;2415000;4454700;7953396;69298400;171300;165300;1348500;374100;3367300;30531500;6238600;18171000;91889000;2494400;98325900;27653400,0;2641500;3853900;3394000;6992000;4252100000
2022-10-07;85925600;37769600;672478000;27502800;33214800;54678000;11681100;52304600;1790100;5610300;24507600;9972500;6363500;3273700;2601600;17080500;6095400;11479800;2294300;2759200;5097400;6856315;83916800;253600;406000;1433700;610000;4830000;30981800;8618500;23721300;98061000;2210800;163786300;29550500,0;2406000;5956700;4270200;7137900;4449660000
2022-10-10;74899000;29743600;698699000;18225100;24024000;42339700;8931700;37669100;1309600;4743800;16786100;5904500;5315600;2459100;1956200;11411700;6923300;10239100;2668700;2633900;6829900;5764210;67925000;98000;218800;1821800;430100;3848900;24259600;9512600;13383200;99911000;1783500;112241800;26923300,0;2115400;5497800;3106500;6407200;3834320000
2022-10-11;77033700;30474000;667482000;26507100;38481400;56432200;12739700;58124000;2392800;6294500;17804100;7533300;6212200;2844500;2598900;21276000;5516200;14303900;3169200;2542400;8508400;8500412;77013200;167900;217300;2639000;652100;4460500;27825800;10758800;20985600;152824000;3554900;114054800;40775800,0;2771900;7415000;3442000;7376900;4759030000
2022-10-12;70433700;21903900;492590000;21876400;34605200;45728700;13181000;36137900;1763800;4884300;12635800;4942000;4341700;2254300;1764700;16947600;6823500;18377400;2709300;2260800;6393000;8598323;66860700;126500;382900;1323700;547400;3445400;21681000;6987900;17919800;129526000;2646800;89264200;30201600,0;2258200;5707100;3342400;9008600;4006830000
2022-10-13;113224000;42551800;850103000;34574500;34325700;86868100;22398700;67671000;2724900;8426400;22019100;10227500;6465100;3999700;2657400;20545500;6910500;16220700;5026900;3745900;7842300;12818915;91483000;310400;446100;1911400;866100;4745000;41672800;10455000;36141800;175050000;3322800;131159800;36040900,0;3881600;6548600;5483400;10147100;5021680000
2022-10-14;88598000;30198600;713432000;25410700;23559400;67737300;33387100;58108500;2397600;6449400;15222000;7327900;5684600;5628900;2231400;16641000;5516800;15997900;2918300;2830200;6093900;9106174;94124500;186500;264100;1456500;727900;3766500;28354700;7989800;26018600;152934000;3106300;96959300;37430100,0;2783100;5736300;4292300;8044500;4243030000
2022-10-17;85250900;28142300;580774000;28419200;29612200;62782000;22276300;88896800;3118600;13952100;14283200;5890400;6710800;3282300;2230000;17812500;6664600;13721400;2758200;2940000;9073500;8251944;79428800;245100;428400;1609500;1057900;4794900;33764800;7886400;19287100;210578000;3417600;76977600;31751700,0;3426700;6288200;4452100;11368300;4352780000
2022-10-18;99136600;26329600;659362000;24060700;25445000;65607400;21539700;81937900;6428600;5209200;14065400;5631200;10883600;2345500;2087100;16842300;7114200;11823100;3123600;2674000;6146300;9806637;75891900;316100;297700;2407700;661600;3619700;29747100;8908900;21090700;257767000;3096000;103064500;37120400,0;3166500;16354800;4292700;6688600;4483740000
2022-10-19;61758300;19985700;523131000;23811100;30691000;47198100;17072000;43139900;2363800;4927000;20921700;9766800;10044600;2500500;2419000;11339400;9993700;10182300;3021300;2088700;6321900;8408280;66571500;333800;210600;1841300;718600;3485600;34953100;5620200;20578900;466853000;1914300;75704800;26594000,0;4323000;6220500;3213700;5506000;4223800000
2022-10-20;64522000;21811000;652398000;25323200;26356300;48795100;12207400;39549100;2382300;5706700;17649000;8871500;5659900;2390800;1761200;12754800;8168000;16905100;2410700;2953900;4331700;9609852;117798100;849100;353400;1306200;630200;6419500;35179500;7736400;21237900;172071000;2463800;79552600;26689500,0;3959500;9203400;3916600;17600500;4496620000
2022-10-21;86548600;26299700;609494000;32458700;46348600;55660500;20593300;54870300;3545700;7582500;22814100;7971300;8487600;2896000;3274700;18134700;6394600;15034100;3254900;3483800;5451300;10352529;75713800;1571200;383500;1413000;596500;5720800;57591800;7490100;36164600;248891000;3599600;95366400;30705700,0;3429100;8335500;4995400;15652600;5078020000
2022-10-24;75981900;24911200;517457000;27176400;63563400;49531500;12624200;33765600;2232600;7299200;17024200;7007700;6855500;2627100;3375900;18806700;6946000;17416700;4125100;2919500;5177800;10913990;100446800;1079200;296700;1652700;536100;5003700;60590800;6525700;39229400;133264000;3184100;76305400;28062200,0;2937100;6259200;3860000;11489400;4747930000
2022-10-25;74732300;34775500;505482000;40611400;38433200;50934600;11289100;37132300;1837700;11907200;15719800;7280600;5661900;2411900;2513100;15051300;6776000;28829900;2689000;2545000;6515600;15445168;96507900;185700;297000;1070000;609900;3688500;33885800;6205100;23212500;151007000;3012400;85501900;31001500,0;2791600;5804500;3171000;9137700;4843120000
2022-10-26;88194300;82543200;532953000;88114100;82791500;68802300;11667000;41104600;2176700;15450000;17383800;6865300;6123800;2863500;2373500;20754300;6612800;15831400;3582600;3546000;29406500;12975572;85012500;658800;260300;2391700;548000;4805300;45635700;7342300;30654900;157141000;5278000;79761600;33530900,0;2615000;6617500;3294100;10693600;4817310000
2022-10-27;109180200;40424600;583113000;60710900;232316600;129605400;10727600;35261900;1998800;7946700;18214000;9177400;5390900;2212100;2347600;16602900;6676700;16026100;4145700;7872200;13754900;10105505;61638800;231800;194600;1492400;552300;7214300;37745700;8937200;30217200;146126000;4725800;83871400;28940800,0;3041500;4987700;4273800;7053000;4687320000
2022-10-28;164762400;40647700;521040000;43697300;95928300;223133400;11859500;31659100;1677100;8455600;28169400;10773900;6073900;2761900;2942100;13648200;6996400;12888900;4647600;5161000;7941100;8648081;69152400;499900;138800;2768800;644300;5573000;49455500;9418700;27980200;99605000;3644400;78198600;20697400,0;3243100;5055400;4627600;8758100;4459410000
2022-10-31;97943200;28357300;486341000;31675000;121361400;99251400;13295200;32565500;2224000;8674100;26401800;13281000;7810000;2770400;4258200;22572000;8346300;14016400;3336100;3786100;6212200;10585428;61554300;367400;140700;2360300;931800;6098100;98105300;6870800;63508500;75051000;3157900;73274100;31376100,0;4210900;4878100;4626400;12349000;4820620000
2022-11-01;80379300;30592300;432817000;47161400;110189600;153370000;13386900;29913200;2316600;5919500;22213100;9185600;6985000;3338900;7013000;14814300;6428300;10659500;2740900;2717500;5758600;9174391;62688800;618100;164300;2435400;776200;6204900;60920100;5749100;56987600;69164000;3660400;83806700;29800000,0;3309100;4545900;3837000;7753000;4481210000
2022-11-02;93604600;38407000;672628000;57038300;71821100;135761800;16546100;57380600;3221200;6985600;20654200;8087500;6877300;2696200;3774400;15522000;7318100;14549200;3069900;3150000;20236100;10230221;63070300;401200;255000;3065900;746200;5399700;27093000;13936300;32497900;103676000;3074900;142669400;36042600,0;4426400;7238200;4269000;7524300;4899000000
2022-11-03;97918500;36633900;500065000;61288000;60664000;136683300;12474400;30046500;2515600;8236200;17103700;6607800;4819900;2245300;2602500;10976400;5204000;9194000;3225400;3570400;16212600;13947456;56538800;372100;483000;2480800;779800;3292900;50444200;24706100;35705300;70574000;2860900;95279900;36419500,0;4823900;5999400;3122900;6761200;4625290000
2022-11-04;140814800;36789100;612576000;51124900;55638100;129101300;14953200;39369400;3172700;9680100;17541500;7491900;5300900;3513100;3004600;14669400;5555400;9725900;3256500;4973800;9396200;11558435;98622200;1160900;630800;2544300;1340000;6579300;84382800;11977900;46066700;111247000;3414000;84791300;64338900,0;4401600;14265300;3925300;7219000;5400180000
2022-11-07;83374600;33498000;410061000;34078900;81987300;77495700;12011200;37533700;2526900;7821300;16008000;7578000;6621000;2540300;2560300;11364000;6746800;8849700;3029500;3405600;10220300;12864178;93916500;480300;477500;1360500;680600;4429400;60305600;7570800;32305500;79270000;2742100;62722500;99332800,0;3260200;7379900;3522000;5394300;4341620000
2022-11-08;89908500;28192500;595292000;30429000;52088300;88703400;9884100;32664300;3501300;6943700;14661000;6308200;5148400;2797000;3278600;15068400;5266200;10081600;2628800;3676600;11274500;10052376;128803400;812100;440000;2054800;556400;3447000;37010100;9383600;30793500;76838000;2387500;75938000;56353900,0;3371800;9101800;3562200;9104200;4607640000
2022-11-09;74917800;27852900;454414000;31769100;107677300;90796200;9494000;30164400;3047200;7320200;19522800;8021700;6150000;2672600;2323700;15932100;5690700;10115200;2610800;6248300;8893800;7961743;127062700;336000;411300;2525300;569500;3903000;26882400;9581300;32673300;72660000;3001200;62940300;42517300,0;3071400;5588500;2759300;6013700;4645010000
2022-11-10;118854000;46268000;700819000;51620100;80671000;173414900;16351600;45702800;3790400;8048900;20146700;6981500;7877500;3426400;2994000;20310600;8068700;16804800;4510900;4590800;12375000;13786304;132703000;538500;326400;2655600;1263500;3364500;55673800;11673200;72609000;96673000;3255000;107996300;58579800,0;7794000;8777900;5693100;10437300;5781260000
2022-11-11;93979700;34620200;655487000;33090500;59961700;111590500;10704700;35688700;3409100;9601000;20518900;8428300;11074700;7034300;6646300;19270800;7175200;18972100;4742800;3585400;8894300;12490513;114403600;857900;381800;2964300;838900;6469500;49238000;9433800;40822800;95738000;3734700;111709500;55324100,0;4945400;7382500;6570200;7712900;5593310000
2022-11-14;73374100;31123300;527852000;30179500;53395000;99533100;11085600;35541400;2609100;5796100;20858300;9722400;6581500;5238400;4717400;37525800;8516200;16361000;3357400;3217700;5598300;7906367;92226600;958400;358800;2801800;509000;4065400;33344400;6971000;34917900;179782000;2348900;108892800;37402700,0;6394800;6580100;4637600;7153000;4561930000
2022-11-15;89868300;31390100;545876000;41640800;50670500;111336300;14038300;46082800;3192400;7316100;19373800;7747300;9351000;5103800;4180700;76548600;7732400;13295800;5429100;3371000;7207900;7913108;91293800;639400;442900;2368900;711500;4085800;24813100;12470200;20371600;146269000;2983600;108946300;34454100,0;9290400;8116100;4372400;7618500;5015310000
2022-11-16;64218300;24093300;649547000;29105200;33287800;87958800;7893400;23813000;2303700;6125300;13591000;7941100;5500900;3430800;3563800;32593200;6193700;14199500;4132700;3062000;4438600;7629328;66567600;396300;262700;1702600;690500;2862800;35343800;9561700;32583400;80386000;2579600;79968000;28436000,0;5249500;6454700;2970600;6011900;4165320000
2022-11-17;80389400;23123500;710894000;26052600;35093800;82617900;8820200;23689700;2297600;5385600;12425900;6550500;4464100;4246300;2929700;24791400;5186300;11212600;2467400;3256900;4878600;7466411;64336000;670300;357700;1212500;720300;3515800;33379600;7273700;51611800;98382000;2004500;82320800;33746500,0;3642100;7357900;3062200;5717300;4051780000
2022-11-18;74829600;27613500;492072000;28342300;33357700;72428200;9468500;32041800;2384500;8028500;15415000;7661500;6555700;3566000;2420900;18987000;5671400;10415600;2699200;2868700;4693200;6555521;76048900;462000;560700;1058700;636100;2786300;50744100;6436600;35373500;84001000;2737700;73223200;27245200,0;3559300;7555700;3395500;6107000;4037360000
2022-11-21;58724100;26394700;404739000;21647400;24351100;84330300;7800500;27935700;1877500;10450900;20973000;8432900;5706600;3349600;1999200;21157200;6377200;15399400;2974200;2522600;3501800;5247691;92882700;365800;348700;851400;293100;3985900;42926600;8204200;23120200;72565000;1965100;51536300;36605600,0;4069000;8015900;2862000;5235400;3850690000
2022-11-22;51804100;19665700;472866000;23438500;29029000;62192000;9185700;23499300;2019400;5273100;17719100;9018000;4707900;2567400;2460400;16898400;5372900;12319600;2770400;2523300;4370600;6797569;78452300;569400;278700;1301400;431900;3134100;83824800;7010200;35439800;62451000;2510700;55450200;27327800,0;6054700;7017700;3172000;8796200;3887990000
2022-11-23;58301400;19508500;427241000;18868100;21343100;59414700;7316200;18934700;1865400;3807300;11546700;5831200;5389200;2238300;1993000;16920600;4296000;8990400;2514800;2311300;3523500;5867738;109536700;216500;232700;1865200;387200;2248900;34874100;5481500;27753700;59190000;1937300;81623600;24182900,0;4243400;5558900;2684900;6347900;3279720000
2022-11-25;35195900;9200800;167934000;9701400;12007600;35088600;3220500;16118500;1129300;1993500;7136000;2796400;3058600;1419200;1039100;8777400;2411100;5165500;1596600;1034800;3476900;3040207;50672700;70000;54100;469800;178900;1079600;16085600;3153800;20647400;32360000;944400;26018900;10824400,0;3393500;3023700;1844900;2754900;1706460000
2022-11-28;69246000;24778200;303741000;26237500;23309400;74943100;9906900;35428300;2232200;10229400;23015500;9365500;6183100;2699900;2481300;17674800;6628200;12267500;3160500;2862100;5355500;6876058;92905200;314200;166500;3242300;505600;2748700;29069400;7087500;20435400;47034000;2226200;45383800;19438000,0;4733700;7931700;4230700;5112200;3615430000
2022-11-29;83763800;17956300;298384000;20061700;23899200;65567300;7925300;27048800;1746900;8986900;14453200;6985400;6700500;3751000;2207000;13841700;5634200;10969600;2873500;2277900;5077800;7205262;83357100;297300;151400;1579000;688800;3820100;43221700;6277600;24921400;57869000;1724200;51846400;22150800,0;3505600;6398100;3740100;4928200;3546040000
2022-11-30;111380900;47594200;565298000;43647500;43348600;102805800;14761200;51747900;2964100;13918100;23158100;10936700;13288000;9688900;5556400;31338000;12396800;30433900;5196500;3850000;6778700;11654259;109186400;1717000;233100;2633200;838100;4925200;35182600;12776700;39271700;160701000;4252300;88468400;32745700,0;15106500;14591500;7919700;9610300;6579360000
2022-12-01;71250400;26041500;470977000;28687100;36551400;68488000;8858500;46213200;1706300;11261500;14398300;5217400;6282600;2997800;2516100;22732200;6927400;12001400;2599600;2504700;4517500;6806718;80046200;1620300;330400;2087700;502200;4277300;21058600;7924800;22856600;146649000;3374700;59833400;34424400,0;3830100;33721500;4351600;6127200;4527130000
2022-12-02;65447400;21528500;371389000;21480700;39950500;72496400;8931900;42295300;1932300;5132800;15248400;6852300;5823900;2346200;1925600;20733000;4938300;13643500;2807500;2218300;10563800;7191459;73645900;498800;200900;2947200;485800;3632100;26652000;6122200;28858200;126906000;2015500;64377200;18794000,0;3644100;15086700;3025700;4798900;4012620000
2022-12-05;68826400;23435300;352255000;24405100;35474900;71535500;10154500;71386600;2329600;9006300;19287700;8162200;5120600;2424800;2296500;23608200;5402500;9185100;2586900;2064500;10456300;7568656;93122700;999800;286400;1811800;597100;3487300;25600000;6091600;22159900;84230000;2202500;47022200;32158200,0;5057300;20294600;3835800;9102900;4280820000
2022-12-06;64727200;22463700;352694000;24910700;43689200;75503600;13966700;84085700;3081900;5986000;21197000;8765000;7943500;3097700;1971000;20625600;6866700;10099500;3573000;3633800;8236900;9444207;92150800;369400;317100;1491700;414000;3863100;20444800;5968000;23263400;71954000;2353300;64965200;32868100,0;3341500;16981800;3877400;7656100;4368380000
2022-12-07;69721100;20481500;372388000;31045400;29461100;68086900;11739400;49234100;2128200;7923800;20061700;6936300;5702600;2849100;1629100;17550300;6175500;12307600;2766400;3044000;5871200;7801715;84213300;382500;202200;1591500;587700;3027500;22293100;5427100;25535600;78216000;2454300;59180100;28351600,0;4038200;12915900;4130800;5105500;4118050000
2022-12-08;62128300;22611800;515456000;32213300;30619400;73305900;8907300;45491100;1967800;4896500;21128800;8076600;4798500;2272300;2090900;13512600;5187100;9946200;3022700;2189400;6707700;10334231;97624500;421700;186600;1269500;433400;3021600;27308200;7347600;22240300;72053000;1998600;56734100;23107700,0;3483600;15156900;2351700;5918700;4006900000
2022-12-09;76097000;20609700;465338000;28225400;26033400;67398500;7957800;36985500;1588800;4928400;21298200;10754300;4561000;2852400;2787200;27929400;5868200;13914900;1677400;2257000;6359000;8899117;104872300;266200;211100;2417700;409500;3386800;16446300;6036000;19183600;143640000;2301100;59058300;23367300,0;3738800;10287500;3326000;6850800;3888260000
2022-12-12;70462700;30665100;457328000;29420000;24747100;61999800;8841600;41060500;1750400;5941700;20413200;9364900;4882400;2714100;2639200;19432200;6142400;11647900;3230500;2709200;8098400;7480054;109794500;354000;129600;1636700;518100;3498600;34565700;9008400;38477300;101486000;2427100;60968300;22672400,0;4900200;11852400;4366700;15807600;3904130000
2022-12-13;93886200;42196900;656589000;40593700;44701100;100212000;10025400;54804800;3062600;14585000;24305300;7838800;9177500;3369700;5032600;23408100;7680600;17521600;3390100;2945200;10975300;12391318;175862700;498500;523000;1888600;880500;4019300;41830800;9712700;44602600;107564000;3072200;72458000;41033800,0;5787700;12579800;5042800;22812200;5079360000
2022-12-14;82291200;35410900;496888000;28733600;36922000;70298000;9966100;48819500;2519700;7001700;17597300;7045500;9533600;2654600;5095500;20334600;7385600;12826700;2660900;3513800;5814900;12271899;140682300;250400;259300;2061300;579600;3312700;122767300;9444100;50428900;75433000;2587200;67278000;22653800,0;4546000;9611800;4056900;11183100;4472340000
2022-12-15;98931900;35560400;478542000;40107000;34531000;84802900;12087800;49027600;3163700;10831800;15365100;7272900;7602400;2963800;3437100;17514000;7117200;12212300;2735300;2953200;5343200;15598294;122334500;787300;354200;1607300;652100;3472400;43705300;10207800;29655500;177246000;2774900;58557000;25417100,0;5056900;10807300;5103900;8196800;4493900000
2022-12-16;160156900;86102000;478232000;58011800;67064000;146144100;21133700;61795200;5008800;12472900;54596600;23876000;18841800;7109100;6612200;40343100;19966400;33631500;5932500;7610700;7906800;15978540;139032200;315900;407600;1874100;731000;3987800;25793600;12733900;23906600;140800000;5947100;62438600;32655600,0;9615000;15464700;8305700;19200700;7493660000
2022-12-19;79592600;29696400;354039000;29493000;29769900;83531500;9017200;38374100;1646700;4893600;13611100;7131600;5736000;1808100;2658400;15067500;5881800;10919700;2160800;2622400;6605400;7061125;139390600;233500;223400;2158400;723800;2343600;28210100;7720200;19005100;61637000;2457300;46246900;41511600,0;3000600;9441400;3842200;7738800;3969610000
2022-12-20;77432800;25150800;403260000;23453800;28742500;74348300;8549900;35561100;1623000;5024900;14680000;6199100;6174700;2086100;2276000;17009400;5646100;10286500;1785600;2649900;6156800;11196647;159563300;322100;238500;1195000;540300;2142000;30559300;6260200;27003400;69181000;1895900;52431300;30215600,0;2632200;8455500;3090700;6390200;3985370000
2022-12-21;85928000;23690600;325025000;24745600;20392800;59267200;8051700;32544000;1923100;4086900;13565400;5479400;5472000;2182000;2211200;13726500;5024700;10411300;2366800;4143600;9175400;12127441;145417400;365200;234800;1647200;409900;2350500;22213900;5843800;19904400;63762000;2087000;44167600;34408600,0;2610400;9313200;3264600;5932400;3775200000
2022-12-22;77852100;28651700;565045000;27658300;23618100;81431300;8648200;30234400;1528900;5690300;13213000;5755000;5709100;1851600;1958100;13082400;5904900;9666700;2366700;3129900;6924800;9730074;210090300;318100;372000;1326500;470100;2109600;26423000;12051400;18970500;78562000;2276100;73917700;28066000,0;3064400;9968600;3560100;8181400;3956950000
2022-12-23;63814900;21207000;349326000;23003000;17796600;57433700;5091900;21378600;1062000;3246000;11539400;6079100;3683400;1292300;1030300;9547500;3401800;6463300;1269000;1959900;3983600;5286213;166989700;185000;182100;1357600;288100;1407100;26880100;5356700;18483100;42511000;1914500;45923000;20419000,0;2064900;5821300;2460400;4129100;2819280000
2022-12-27;69007800;16688600;464902000;20097300;21392300;57284000;5411000;22776100;1035000;2904900;11962100;5168000;3067300;1596700;1372100;10044600;4215100;7320700;1674700;3381500;5014800;6804792;208643400;335700;112600;1245200;294000;1444000;22063900;6158100;20732000;57781000;1637700;36086000;34573300,0;1610200;8300800;2730900;4290700;3030300000
2022-12-28;85438400;17457100;351066000;19523200;19612500;58228600;8827700;30541000;1117200;3139200;10702100;4494400;2645400;1694200;996000;15246300;4197500;7159400;1427800;2270000;4426300;6210907;221070500;605100;182400;1690500;475300;1903800;20329000;5395600;27160800;59644000;1854100;39526500;30096800,0;1568200;6249800;2628200;3794000;3083520000
2022-12-29;75703700;19770700;354923000;23333500;22366200;54995900;6585200;22252900;1273600;3675500;10534000;4142100;2828800;1379700;1077900;9171900;3809100;7169300;1393900;1652500;4518900;7088733;221923300;173900;247300;1318100;443900;1968900;23822000;6668600;23559700;95885000;1459800;41428500;42694200,0;1559100;7628800;2846200;3867800;3003680000
2022-12-30;77034200;21938500;310490000;23986300;19583800;62401200;9292500;28198900;1031400;4159400;11799600;5005100;4216600;1849600;1388000;11505900;4532000;7650200;1720100;1521100;4007400;6625342;157777300;125600;173900;1629500;365600;1122800;16007200;5642300;12831300;75669000;1617600;37127000;27830900,0;2581600;5630200;3298300;5375700;2979870000
2023-01-03;112117500;25740000;401277000;28131200;35528500;76706000;11054800;35221500;1589700;4202800;15146200;7565400;6344900;3525600;2006700;17249700;6447300;12180500;2743800;2651900;8624600;10280781;231402800;889800;261100;1120200;775500;1979000;46412200;8110400;46264400;67640000;2933600;46851800;29969900,0;2822400;8196400;3549900;8997500;3959140000
2023-01-04;89113600;50623400;431324000;34854800;32397100;68885100;11687600;41998500;1881000;6606200;18058400;7684500;9788800;5070400;1886200;13338300;7313400;13387900;2584100;2387900;9746900;21031104;180389000;315600;191100;1292200;404900;1734100;32807900;7614200;29848700;93451000;2661000;47477100;31660500,0;3560900;14322600;5121200;7836200;4414080000
2023-01-05;80962700;39585600;389168000;27194400;25447100;67930800;8381300;34177000;1397800;5246000;15946600;6088200;6255300;5497100;2008500;13274400;5373800;9814700;1945600;2355900;6913300;16001061;157986300;430500;361300;1035400;415200;1581800;27395900;7546000;32453200;83284000;2608500;46159500;34186000,0;2935100;8493500;3416300;7643800;3893450000
2023-01-06;87754700;43613600;405044000;41381500;27584500;83303400;10029100;34068700;3097800;6829700;16348100;7191200;5706000;4841300;2131300;21231900;7882200;9990000;2855400;3945100;11256400;13018044;220911100;858700;286300;2929000;343000;2810100;17669800;10259300;26391300;89598000;4432800;70161300;30596400,0;4022500;9145700;3647900;8641600;3923560000
2023-01-09;70790800;27369800;504231000;29003900;26649100;65266100;8482300;43818800;1989000;6294500;17964600;8385600;7925300;3702800;2980600;17756700;5727000;9442600;2654600;3417100;9005600;9488844;190284000;524200;209400;2555500;451800;3126800;19106100;10291800;28602400;67666000;3913500;69741300;31028900,0;3466300;13679700;4397400;7519700;4311770000
2023-01-10;63896200;27033900;384101000;30467800;28684400;67756600;9048700;35096000;1610100;10857000;15104600;8307000;5047500;3164000;2465200;11970600;4716400;10134600;1718400;3011900;8183200;11597142;167642500;726200;159400;1089700;270200;2221400;14703900;6384800;21819100;130723000;3485900;41149600;28236600,0;2111300;6527700;3049100;5703300;3851030000
2023-01-11;69458900;28669300;353285000;26862000;25423000;103126200;8703700;36783700;2127000;5408200;16710400;6962600;6494800;4274200;2602800;14834700;8691300;10823000;2391400;2402400;7190700;12729603;183810800;721900;178700;1055500;466100;2356600;21875500;7374400;24938500;95797000;3370200;44470100;25936700,0;2864800;13595000;2999500;8359700;4303360000
2023-01-12;71379600;27269500;551409000;30258100;30757700;85254800;11001700;44230400;2103100;4264400;15357300;6891400;4269400;3726800;2019700;12472800;7801600;13907300;1933000;3881500;8208100;14407871;169400900;725900;245100;1115200;1132200;4020800;21875200;9527600;25056400;108562000;3291200;70066200;30152500,0;2481800;11678000;3070300;6071100;4440260000
2023-01-13;57809700;21333300;447287000;26329200;22423800;85549400;20200000;89667800;3310200;4283200;12011400;5726300;6088000;5390100;1690900;13699800;5535800;13986400;2168900;3067800;6213200;13843395;180714100;320900;393200;1110500;1237100;2205000;13486800;8040400;15056000;82868000;4261000;45757400;20981000,0;2798600;8378100;2773000;5090800;3939700000
2023-01-17;63646600;29831300;511102000;32602400;21147600;72755000;14292900;56458400;14448300;6101100;16542200;10697700;6053300;4495600;2435200;15122400;9611800;18327800;3640200;4100100;6150700;10640727;186477000;1308800;412400;1147400;593800;2624200;27792900;6179500;19693100;92470000;2814500;42621300;30910300,0;3988900;9407600;3478900;6550400;4235560000
2023-01-18;69672800;30028700;439624000;29116700;20215500;79570400;13392600;54517800;5585200;6558000;16399700;8899200;7047800;4398200;2302300;22674300;10461200;19679400;3276500;3361400;5403100;9816378;195680300;1805900;286400;1705900;794400;3624600;33252200;10960400;23034600;78141000;2747100;39538700;32743400,0;2952200;7812600;3406000;6397700;4298710000
2023-01-19;58280400;28623000;452932000;37000400;28625200;69002700;13303400;42707100;3100400;4853100;12928000;5907200;6939500;4549600;2658300;17342100;12683700;14894500;2845400;4885200;5813500;13045860;170291900;373500;589200;1350500;769400;3609200;24176600;8716200;29228500;180082000;3111200;47189900;24841700,0;5359300;7070100;3614600;5597000;3991500000
2023-01-20;80223600;35389800;564967000;63191100;28688600;67481500;13092500;45004400;11247200;5211000;16515600;10477900;8620600;3525900;5391900;29543100;8603300;14237700;2588600;2964100;5475400;10351409;138858100;325200;915600;1271700;504700;3673400;17955700;8895000;17224700;284303000;3863400;47757600;28751700,0;3725100;10127100;3770100;5567300;4013360000
2023-01-23;81760300;31934000;655163000;40005100;27470100;76501100;10487100;33683300;4915700;5501500;16584400;8381300;8425400;3418700;3403100;13149900;7473100;12613400;2434000;2610200;5481900;13729748;203119200;331300;400100;1759900;582100;2369600;29135600;13419500;15960400;156469000;2743900;84293200;31633300,0;3237900;19922900;3086700;7390200;3945210000
2023-01-24;66435100;40234400;496204000;33078500;21970200;66929500;6945000;26716700;2372000;5274900;13583000;5989000;10541800;3036300;2242500;13669200;6822500;10103300;2517100;3505100;4753700;16767395;158699100;421400;152600;982000;441000;2305100;16408700;7952400;16199400;117965000;2756200;60822600;22649500,0;2127900;6390200;2234300;7004600;3320430000
2023-01-25;65799300;66526600;449537000;42330000;26622000;94261600;8967000;28859700;1985200;4729600;11914700;6727500;7099800;3037300;2503300;12491700;6902600;11265800;3097400;2424900;16106500;10652380;192734300;428800;663400;1102900;475600;2161400;19518000;6880300;18507200;77669000;3501900;49932600;37147900,0;2060400;9390500;2299800;5896800;3724020000
2023-01-26;54105100;33454500;489535000;30114000;25482100;68523600;7487600;30035500;1919200;7043400;21019700;14307800;6946100;3005000;2576200;15819000;5398600;11884800;2222500;2677200;7288100;8158534;234815100;599200;388600;1133500;826200;2908000;26390400;7413600;32316800;82568000;3718400;49583900;28005600,0;3555300;13354600;2856600;7302800;3809590000
2023-01-27;70555800;26498900;542142000;33879800;35771900;87775600;7489900;29964900;2427400;11382600;15179200;19654700;6058100;3177100;2363600;18412800;6870800;14087000;2203200;2783000;5237900;9760244;306590600;312600;514800;957500;702500;4268600;23555800;6581900;17002800;67035000;3405600;58118600;37555200,0;2761200;9872300;3031200;5676800;3907760000
2023-01-30;64015300;25867400;488611000;27226200;28040100;70691900;6729300;27353500;3184500;5677400;18672100;11476000;23259100;3606900;2647700;15897600;6369300;15632000;2862400;3426900;6066800;7175806;230878800;408900;477600;1401000;758700;2394900;21754100;9854300;12560800;51276000;2688600;48105200;28567800,0;2643100;8169800;3474600;6255300;3802000000
2023-01-31;65874500;26541100;498017000;29870700;29842100;66527300;9188700;38917400;2311500;11294200;27861800;14481300;11612500;5567000;2406700;14103600;9373400;14344400;5477900;10992100;5163000;8625026;196813500;297900;415400;1508800;496700;2032000;21190900;7125100;20541900;56607000;3137400;71669100;40984000,0;3526800;6421300;3653400;6200400;4679320000
2023-02-01;77663600;31259900;660477000;35531100;55661000;80450100;8841800;44438700;2889400;5792700;19464900;11526400;9865300;3451200;2990900;12849300;7207900;12535400;3557700;6022000;8462100;9112192;213806300;520600;427700;1633300;603300;4121300;26299500;10500600;19026900;80052000;2951900;152548200;50123700,0;3076500;8853900;3518300;6141300;4856930000
2023-02-02;118339000;39940400;564276000;69883800;150475700;158154200;11822100;33729100;2619600;7190000;24562100;10463400;10099000;11169900;13036600;17806800;6444300;16947200;3735600;6130300;6513400;10391129;217448300;611500;686300;3452100;653900;5612600;34490400;17673200;36146200;78570000;2761600;97762100;71889700,0;4776600;10667100;4421400;8269200;5624360000
2023-02-03;154357300;29077300;429366000;65309300;76809700;144374800;11501200;37411700;2243100;5243600;20226600;8404900;6868500;5440100;5670700;17155500;5993100;15404400;3008500;4134700;5400300;7240085;232662000;685500;484900;1945200;556400;3002000;22173200;13187300;25826000;94020000;2739600;66557800;64785500,0;3389700;6481700;5385700;5671800;4694510000
2023-02-06;69858300;22518000;452197000;31999600;42483800;81945200;8406200;29463200;1816200;3402400;13855200;7659500;7021000;4174200;3055700;17454000;6108100;11330900;2863900;3528800;3903000;5425114;186188100;878700;358500;1478200;486600;2412500;27402100;6830500;17575700;49949000;2068300;53008900;38845500,0;2229700;4310600;2973100;4097200;4114240000
2023-02-07;83322600;50841400;664150000;49010200;47080700;119501300;10447900;44100200;2205500;4042600;16013300;10256500;7310800;3394600;2464100;16341300;6278300;14922700;2514000;3467900;7311200;5891982;186010300;449000;357200;1413500;820600;2630100;20381700;7664200;22506400;62894000;2309100;65291900;42201800,0;3865500;6179200;3786700;9226000;4355860000
2023-02-08;64120100;54686000;559651000;94743500;36139100;75878300;6958000;28032800;1893200;4978600;18459700;9784700;6054700;3466400;2399400;11691300;7123800;11012000;2801800;2300300;4229800;4269472;180673600;362700;359100;1365100;376000;2226200;21963700;7151700;15317700;62532000;2193600;54140400;35105500,0;2777200;7694500;3370000;7624400;4029820000
2023-02-09;56007100;42375100;523876000;119455000;37118800;64622500;6443100;35257100;2052500;5238400;17439300;10123400;7949500;3664600;3072800;13064400;6547400;12515300;3534600;2464900;5018900;4838334;215431400;432100;366400;1531100;330900;1938100;33568600;5717500;18677300;69011000;2287600;46525400;33366700,0;3063300;11512300;3461200;4960300;4270200000
2023-02-10;57450700;25818500;550737000;54980700;33433600;52740100;6582900;32898900;1933400;4509700;24918600;11602400;7028000;3418100;1980000;15002700;8108900;14420700;3049900;2820300;4862900;4373095;204754100;395500;335200;1430200;400200;3051100;33941300;5319200;18170500;72911000;2270700;49332600;43042400,0;2768800;11273700;2808000;5318400;3891520000
2023-02-13;62199000;44630900;474919000;50076100;31463200;52841500;7134600;29163900;1570600;4946700;14536200;9442900;6414700;2589000;2291600;16015800;5081600;16191800;2418300;3068100;5193300;5114245;172475500;215200;376700;1283900;288100;1905200;19174700;5550400;17932900;71344000;2286400;45400000;87397100,0;2432500;8820300;3261500;5560900;3448620000
2023-02-14;61707600;37047900;675474000;54726100;24034600;56202900;9249400;33625200;2155500;4829400;12079000;8077300;6316000;2072600;2028900;13831200;5253500;20505700;2202100;2512900;10033100;6726731;216455700;328100;518800;1119100;389800;2168000;17979700;5579900;25746600;46248000;1841400;55979700;216055200,0;3380800;8393100;2907100;7484800;3929200000
2023-02-15;65573800;28922400;420575000;50169000;25308900;47957600;6728300;23500100;1687200;4407300;13663400;8885700;12621800;2242500;3600700;14674200;5530300;13171400;1862000;2398200;4846800;7305617;181006400;383300;798900;1146300;338700;2428300;17252900;3501100;22631500;39660000;2203300;46430200;153210400,0;2585500;4997000;2410700;4329900;4075980000
2023-02-16;68167900;29603600;412026000;42462600;25827500;56339200;8165300;22681100;1947800;3865900;11360600;6727500;11177000;2611500;3654200;16312200;7595700;16538300;2785400;1934900;4388000;5645893;229586500;555800;756000;1323500;394300;2090600;12330000;5788400;24753000;52157000;2792700;57755200;88638800,0;3169200;7483500;2801700;5942500;4143660000
2023-02-17;59144100;30000100;465888000;34284100;24171300;60029400;7948800;28562700;1857300;4520200;20758300;9612100;12401900;3891500;3695600;24770700;8034700;16814700;3055600;3759300;4985700;5543523;213738500;177300;969800;1350900;427500;2198700;17387900;6022500;21630400;52947000;2718900;47826600;62137800,0;4985500;8084500;2720500;6398400;4045480000
2023-02-21;58867200;28397400;410015000;33629300;34592600;56580400;9996300;37068900;2403000;7276100;14469400;7259700;9423900;2877300;2515600;54393900;6899500;14278300;2824300;3105900;4663800;5101965;180018600;438000;554000;1456700;656900;2769100;10352700;8164400;15854600;57103000;2730900;44045600;65226600,0;10891800;5210800;4131100;5260300;4121590000
2023-02-22;51011300;22491100;513184000;30884000;22433200;59534100;11107500;38550400;2203800;4621800;13973800;6205900;9820200;2982800;2379800;29844000;6126300;12409600;2192000;3145200;2920000;10829053;191828500;400100;363700;1070300;683300;3883200;15409000;5517800;29163300;45462000;2109300;50286800;55346000,0;5922100;4343700;2899500;5840100;4079320000
2023-02-23;48394200;29219100;1117995000;41206400;20017800;48467000;8068000;28488000;1931400;5533800;11289400;6445500;9385100;2511800;2229500;22021200;5835400;12222800;4217000;3219000;4139400;10120732;146360000;698300;489800;1111600;720500;3770200;20401800;6440200;17763300;132387000;1975500;76391300;60015500,0;4354500;4679400;2736400;8637100;3952940000
2023-02-24;55469600;24990900;589716000;36585100;19791300;57053800;9126900;27046600;2428600;4414400;14351000;5330200;8689700;2940400;2594600;20623500;5260700;9736200;2645300;2105500;9658700;8704340;142228100;680500;473300;1264200;1089900;3987400;19002400;7357200;24704300;68307000;2016100;46700000;41518600,0;3713300;6569900;3656200;7659200;3877700000
2023-02-27;44998500;21190000;452994000;27502300;19277000;47470300;10014700;30137500;2842400;4255300;11710500;6386800;7267100;3006200;3043500;16647300;5820900;8849800;2024800;1720900;4318900;8007297;161028300;526900;208500;1172900;701600;3457100;25699900;7787200;34440300;61426000;2200800;45617300;35270000,0;3238300;6891200;3652200;6748800;3836950000
2023-02-28;50547000;22491000;455963000;30142000;46051100;43959300;11019800;32620600;4945600;5385400;18107000;10854200;9062300;3902100;3966900;18054000;6709900;16082200;2853400;2647700;3589900;11441143;153144900;648600;196200;2838700;568700;3280500;49057700;6491800;25823100;36761000;2732900;44220100;32937000,0;3949500;6912600;4736800;7468000;5043400000
2023-03-01;55479000;27565300;460026000;31111200;30998400;52299500;7139200;29281600;2717400;4792700;13200000;7470400;6767000;2996900;3580800;14180100;7101800;13275800;2058900;4117700;4402300;7512988;156852800;328400;294200;1753000;580400;4599900;51054600;5530600;27043500;49113000;1968100;44266000;27939100,0;5905100;15841200;3397200;5119800;4249480000
2023-03-02;52238100;24808200;389415000;32204400;17352000;55509400;11106800;44607200;3259800;5539300;10339900;5582000;8762500;2188800;2885200;14785500;5924600;11758300;2385900;2676500;5451500;8546337;181500700;343900;241200;1340500;359600;2824300;34028600;5258900;23756600;49110000;2526000;60108600;36538700,0;4103700;37712500;3152100;5293600;4244900000
2023-03-03;70732300;30760100;412393000;35160100;45877700;55759600;9513100;39109100;2396200;6055400;13006700;6007500;5747200;2863300;3002800;16888800;5259400;13101800;2725800;2314700;7496800;9618780;154193300;529100;174300;1050800;556800;2956400;22583700;7052100;21637500;59533000;2174900;54536200;43229100,0;4036700;12087200;4493000;5498500;4084730000
2023-03-06;87558000;24109800;437429000;32639300;33209400;52112400;9261300;36646700;1614200;5737600;14347400;7703600;8148200;3812700;2673700;16720800;4943100;16282700;2217600;2317100;7004400;8084105;128100100;325200;254000;1102600;624100;3550600;21378800;7031300;23615800;56607000;2789400;54541300;28316200,0;3763200;10770300;4889800;7424800;4000870000
2023-03-07;56182000;21473200;515154000;27835500;36701500;49100700;11747600;52855300;2048500;4386800;11525300;7393000;7457700;2589200;2620800;17387400;5606800;13961200;2766600;3018400;4619700;8643445;148125800;480700;382000;1630500;559600;3787900;24411000;8879700;22247000;45531000;1660800;70959000;26819600,0;4512400;9024300;3609700;5382400;3922500000
2023-03-08;47204800;17340200;513573000;34103300;19432400;44899100;10002500;40045600;1584600;4194900;13509800;5435800;6230500;3036600;2313200;19090800;5518800;10851600;2314000;2068600;2406900;7598067;151897800;289400;176800;1498800;318100;3699200;20411800;7633900;31179700;34795000;1634400;69529800;38723600,0;4680300;6749100;2701600;5159200;3535570000
2023-03-09;53833600;26653400;501257000;28813500;26582800;56218700;25888100;112457900;3177800;5066700;12961200;6214700;7439400;2780400;3920300;15415800;4467200;13900900;2339300;2518800;4284000;35826152;170023800;355400;255900;1940000;456000;3571100;30532500;8055500;29897000;74434000;2414700;79496700;29005900,0;3248000;7102400;3929500;10572300;4445260000
2023-03-10;68572400;28333900;474866000;35941000;25665000;69827500;37599700;165330900;4559700;6638900;15795700;7385800;8504300;3787500;4597300;20065200;5928000;13745800;3093100;5767500;8547100;23152683;191488900;298500;458800;3341300;662000;3333700;16375000;6884500;39155700;57593000;3176400;70273600;41953600,0;4730900;14109000;5294800;16029300;5518190000
2023-03-13;84457100;33339700;421890000;37335600;24728000;72397100;42901100;218403300;5660700;6810800;20745600;10106100;10799600;2971600;5275600;28142100;8337100;21956000;3552400;4885100;6671200;14201502;167790300;430300;428800;2798500;531400;4091900;22280300;7673700;37095900;62924000;3308200;65269100;63183500,0;3892100;9154800;4993000;10299800;6558020000
2023-03-14;73695900;33620300;474910000;36050200;41642600;60912700;29648100;154255800;3785900;7985600;18263500;10035200;8421200;3258200;4214300;25542600;9219700;19496900;3194400;3754900;8245700;14218418;143717900;226200;401900;2748700;471400;3487900;18429400;8312100;18261200;59567000;3413300;66616300;33460100,0;5116000;10138100;5251500;8732200;5665870000
2023-03-15;77167900;46028000;524486000;50622100;42123600;70731800;34280600;131104400;6596700;8372200;25733800;14063100;7757700;3770200;4743500;33133500;8823500;21089900;3419400;5471700;10894200;15107797;145995600;769100;315100;2095000;475000;6475300;40117600;8596900;31976200;92153000;3082600;86177400;28217400,0;4835500;7716900;7162800;11463000;6594010000
2023-03-16;76161100;54768800;583253000;65492000;50447100;84446900;24558500;108348800;4399100;13674600;27465200;12849600;7605500;2940500;3498200;28905600;7063400;15658300;3097900;3555000;6747300;10183883;121136800;628600;566700;1954800;495500;9811800;21424000;11207800;31427700;79037000;3768100;115839200;20255400,0;4400200;8369500;6325700;10148100;5695790000
2023-03-17;98944600;69527400;848547000;61028500;50141100;87300200;38396000;130665500;6369800;18801200;43199500;33161800;20540700;5290000;8679800;43081200;16018800;27351200;5075300;7203000;9858900;12765689;133197100;770600;567400;2630700;641800;9661300;23413400;12304100;21742700;69188000;8426800;94080800;20920800,0;8342000;10493300;15609400;13065800;9354280000
2023-03-20;73641400;43466600;432747000;32960400;25186300;62388900;22875500;81441200;3963700;9817400;32042100;8469200;7129000;3119400;3540900;33928500;8379200;12904100;2108900;3464200;4764000;8705343;129684400;648900;311800;1905400;376700;4299700;28083500;5945000;20770100;51134000;3864200;92008900;25497400,0;3677800;5513200;6056000;9177300;5347140000
2023-03-21;73938300;34558700;547408000;42110300;31827000;58597300;17807800;84854800;3242400;8971400;31592300;9753500;8376800;3163300;3240400;19013400;7753200;13716500;3120100;3074600;4673300;8553980;153391400;493800;518900;1177500;419700;3810300;18549000;6900600;24316300;48863000;3766800;85285300;27104500,0;4788200;6982000;4724000;6683700;4920240000
2023-03-22;75701800;34873300;797295000;43427400;28477800;57475400;17250200;76925900;2505900;6700600;14952700;6315000;7943500;2632200;2472200;18548400;5729100;10494200;2240800;2930200;7311600;8784783;150376400;297900;448300;1705000;381500;2833200;14526400;7072700;28129300;58080000;2596400;110816300;34151000,0;3723400;6575600;3086300;7233700;4533010000
2023-03-23;67622100;36610900;564889000;40797800;27389700;57559300;16677600;105335900;2585900;6427700;14385900;7859400;9051500;3284900;2703400;22044300;5788400;15479000;2263800;2957400;6266900;10834691;144193900;348100;506200;1479700;406900;3378900;25095300;7353800;38137700;156533000;2598100;84088900;22662200,0;6005800;8685000;4015800;10747100;4991600000
2023-03-24;59196500;28172000;454920000;30393300;27716400;56095400;22311100;96872700;2456700;4791500;13401600;6600100;5696200;2533200;2791900;22752300;6144800;12975600;2229200;2976800;4511600;8342975;116312400;254200;497000;1227000;424600;3214400;19828700;6987200;26933900;129917000;2971500;64712400;17901200,0;3851000;6102700;3905400;5852100;4583970000
2023-03-27;52390300;26840200;361026000;31120900;18527200;46721300;18853900;102469800;2300600;7210900;14805900;7006800;6772300;2271800;3102300;26775600;5917200;12777400;2799100;3209500;3891700;7524516;120851600;279200;374900;964300;355600;2154900;21918500;4818000;21210200;86258000;2420300;57461400;20666800,0;4269700;7776500;3833900;8170100;4233540000
2023-03-28;45992200;21878600;356104000;32057900;19127300;38720100;10820500;63416500;1224300;6418400;11047600;5605400;6115300;2369500;2433200;21282900;4213800;10925700;2036000;1802000;5460600;5023152;98654600;501300;328700;818500;251700;2251600;12357800;5272100;25040000;64894000;1695900;59150100;14860500,0;3633300;4899000;2436500;6378900;4014600000
2023-03-29;51305700;25087000;393694000;28779600;18851100;49783300;14595300;62666400;1475900;4483000;14219100;7569700;6012000;3733200;2743800;24216900;4987700;9441000;2053400;1857300;3572200;6162254;123660000;386300;588300;1448600;373700;2722600;13150800;6410100;30449200;62873000;2327000;55326000;15339700,0;3607500;8085200;2650000;5233600;4145250000
2023-03-30;49501700;25053400;364516000;33086200;22608300;53633400;12134700;67427100;1456300;5383900;11578200;6322400;4555700;3324600;2146900;21879000;4117700;9870700;1788800;1921100;6583400;6623107;110252200;367800;430800;1344200;463900;2779500;14119700;8156400;40794800;71315000;2480500;59678500;21001600,0;3432800;6932500;2694000;5640700;3930860000
2023-03-31;68749800;32766000;433933000;36863400;25440300;56750300;13105200;56482100;2281100;9509000;14418000;7041400;9890000;3996700;2933600;20868000;7685900;14440900;2902500;2746700;5147500;9247391;170222100;411600;521800;891600;719200;4221700;21188700;6222400;37971400;56102000;3376600;55861100;26174800,0;5800600;6634300;5020200;10476300;4525120000
2023-04-03;56976200;24883300;398716000;25035400;17924600;41135700;11775400;51996800;1808800;6421500;28087700;12868200;6841900;4729100;3039600;19766700;5721700;12300700;2352700;2242500;6085900;6199468;169545900;355400;647100;1504000;393600;3426500;20931000;6367800;19497300;44137000;2978000;50655300;22512000,0;4007600;5340800;4862300;8410900;4234700000
2023-04-04;46278300;25824300;368592000;24420100;21026400;48662500;11579900;56233300;1536800;5254700;16365500;7521400;8314500;2624700;3585900;18113700;6714300;11433400;2282300;4282100;6192300;8554983;126463800;282100;329900;947200;285500;2883100;12803500;6962700;21737100;32981000;2198700;43195900;23961200,0;2965700;4659100;2740300;6651500;4227800000
2023-04-05;51511700;22064800;515015000;28290500;19396600;45175400;9614700;47799400;1329300;4813600;16479500;6478100;16704200;4964800;3442700;26540700;6094800;12789600;2600800;4265300;4138400;10642230;133882500;460600;460500;1247200;473100;2825100;19135200;6920900;23815000;42055000;2239600;52979300;54946900,0;4002400;3953700;2314500;7478800;3968020000
2023-04-06;45390100;29770300;397654000;48711500;26104400;43808000;8760200;41216600;1311000;4285200;15778000;5803200;9615400;3472600;3531700;17891700;5399700;9644200;1731000;4180100;5618100;8025340;123857900;225400;396500;1128000;323700;1805800;12795400;5260600;21052300;46605000;2357600;47778400;23488600,0;3193400;6304700;3131400;9146200;3486690000
2023-04-10;47716900;23103000;395279000;27067400;16106100;37261200;9477300;40572700;1114400;4952200;13006600;5923500;5354000;2714500;1868000;14519100;4891800;7952600;1941800;3839000;3729300;7499832;142154600;186000;190000;1454500;289800;1322100;14805700;5243700;16058000;26579000;1559100;52536300;29184700,0;2799900;5263800;2330900;8681500;3423650000
2023-04-11;47644200;27276600;314378000;26311800;16710100;60417800;10516300;58761200;1559600;4513300;11758500;5469600;5903800;3065300;2027000;18370500;6311800;9913000;2732900;3882000;5277500;6663078;115770900;538900;385400;2455100;403400;3031300;23356200;5001400;36395200;40448000;3033800;51935800;35617900,0;2497000;4907700;3109500;8196000;3665830000
2023-04-12;50133100;27403400;446259000;24370300;18972200;56735000;11821000;44313300;1862400;4373000;10919000;6157900;5764100;3422400;2672600;11209800;6137900;9593700;2557400;2385100;4600300;8768118;150256300;487200;388200;1145800;393400;2479000;18964700;5288300;35758700;39654000;2268800;53383100;28771300,0;3341400;5033400;2662600;8040300;3633120000
2023-04-13;68445600;24222700;353615000;24843600;23310400;67925100;12450200;52261400;1765500;7615500;12399700;6856600;5640600;4224400;2839900;13272600;5489500;9871400;3229300;2909100;4501600;11044694;112933000;512000;512200;1667200;344000;4152300;13568700;6077100;21194800;74064000;2611700;40572500;27983300,0;3505800;4716400;3323300;6240200;3596590000
2023-04-14;49386500;20987900;395660000;26578000;21591200;51450500;43931300;81110800;2275700;9781300;11530800;4930700;7225100;4872000;2287900;10464900;4478800;8946000;2054700;2246900;19066500;7211767;96438700;433400;364900;1264400;248000;2617700;16852800;4833100;27316200;53505000;2254600;38734800;42364500,0;2653200;5073800;2975400;6485100;3575690000
2023-04-17;41516200;23836200;321471000;37571200;15481900;39919500;16050500;83704400;3012100;4865000;13260400;7006000;8046400;3660900;2059700;16166700;4296400;9452400;2371000;1751800;6306800;7676003;116662200;4742000;357300;1756900;241600;2357900;16075800;6370200;17104900;61360000;2432700;47250800;26047500,0;2621900;5413500;3425500;4772400;3611180000
2023-04-18;49923000;20161800;604812000;26596400;12281000;39790500;13760100;114498800;7549500;4796200;17436100;8045600;14571500;3232000;1925300;13482300;4158400;9035700;2086700;2567100;7445800;8909832;92067000;411000;303200;1838800;274000;2255500;27060100;4829900;22378900;179445000;2087800;46246300;21185300,0;2847800;4679000;3581200;7219400;3536640000
2023-04-19;47720200;17150300;358660000;20905700;15898100;58398900;9158100;65594200;2625400;3833900;10682600;5506800;6752000;5809100;2173000;12433500;3837600;9769500;2254000;2078400;4757400;7038101;125732700;635500;530700;1207200;209900;2964000;27611000;4241900;35154000;221283000;1795300;37344500;18193700,0;2889300;3665100;2406200;4766200;3572560000
2023-04-20;52456400;23244400;427713000;27820800;16475400;57696900;10586200;43193800;2217900;4925700;17038700;5851100;9498800;3283000;2766500;13641600;5370900;10706400;2274200;2826800;3322900;8661237;210970800;753500;358500;1370800;286600;4319000;16229600;5125000;23256800;99478000;2124800;47082700;23573000,0;3371800;3620000;2428400;5815500;3772080000
2023-04-21;58337300;21676400;345103000;25800100;17717200;86774200;11842500;44759000;2278900;6771500;14315300;7179000;7014200;3165300;3682500;25335000;14876900;12931100;2171200;2712500;3432300;5112741;123539000;1090900;330500;1623000;262100;6660200;12849900;4980700;17098900;63480000;3537800;41118300;14896700,0;3506700;4860100;2405700;7335800;3611750000
2023-04-24;41949600;26611000;339282000;23542800;15750900;69575600;7567500;28020300;1966300;9124100;15831300;7177600;5278900;2322400;2059700;13579500;8109800;15532300;2995200;2790700;3058900;7833505;140006600;749600;640500;1274200;316600;3327600;19775900;4097900;20313400;55866000;1886300;40423800;20439300,0;2515400;4449700;2261900;4901700;3290940000
2023-04-25;48714100;45772200;378527000;46664100;19198200;65026800;10629300;49718800;2138200;6076500;12179800;5807200;6263100;2937300;2648600;17246700;8341800;12818900;5845200;2505600;4699500;11649768;121999300;519700;539800;1769600;341400;3991800;22653200;7045200;25543300;54266000;2245000;52771500;21849100,0;4529500;5010000;2552200;5768800;3978640000
2023-04-26;45498800;64599200;406337000;53347600;41992700;73803800;14416100;45848400;2041900;8400400;15566100;5927400;5518200;2930000;3161200;12910200;4843700;13179600;3290000;3254700;9137200;8032357;153364100;389300;494300;1461800;315700;4173600;23313900;4671100;27654300;46232000;2594200;47786600;21396700,0;4037400;4007600;2718600;6395500;3837030000
2023-04-27;64902300;46462600;377161000;50089200;71196500;149961200;9041100;33060100;1768200;7128200;16279200;6417200;5739700;2473200;4981300;12861000;4805600;13795800;3142300;7711100;5105200;9348633;127015200;222300;280900;1409000;300900;3467500;35693000;6945700;21493500;56188000;3859900;53087200;21385500,0;3133600;4794400;2950000;5615700;3750550000
2023-04-28;55275900;36469600;292216000;36139800;39554000;130715900;9887300;45592500;1714100;11627900;24381900;10036300;6024900;2398900;5350100;14088600;5754700;13687600;2838200;4669500;3716100;6279159;122515800;193000;397900;2189000;446200;2974000;37538600;8652500;23228900;42284000;3107300;50686100;24924400,0;4063400;4094600;2909600;8498500;4087800000
2023-05-01;52472900;21294100;570329000;26681700;29143900;74728100;20415800;34076800;1375000;4571100;17355000;6099800;4893400;2105600;4091100;11409600;3844600;9091500;2124400;2876400;3776800;7408237;109015000;310700;299900;1220300;267300;2583800;14166400;6208500;10101400;53415000;1745100;59358700;19134200,0;2970000;2882900;2461300;5459800;3321370000
2023-05-02;48425700;26404400;402730000;30997200;24350100;73469400;14113400;70797700;2397600;5244000;24324100;10701700;7541700;2152300;3884600;11329500;5262900;10948400;2083800;2858000;3970800;7485046;128259700;262000;328000;1754900;376000;3883100;25490300;7081200;22948000;43186000;2478700;70483500;38008000,0;3413200;6051000;3366500;5995100;4486130000
2023-05-03;65136000;22360800;383387000;21795400;34463900;65051900;12930900;51139500;1825400;4093300;16212300;7538100;5937200;1749700;10129800;12334500;5775000;11084600;2425500;2635100;4537900;5917543;119728000;304200;248500;2744800;566200;3271500;24811100;11491700;17354200;50641000;1970900;109482200;24322400,0;2743400;3779900;2653800;6744800;4246510000
2023-05-04;81235400;22519900;321850000;23419500;17889400;45345500;17089200;82173800;2965100;5648700;17177200;7500400;5128000;2555700;4070700;14011200;4892600;11938300;2005300;3211000;6934100;9055431;95108500;306400;270800;1673100;1238700;2931200;17398600;22117500;28174900;38797000;2814900;122840500;29989300,0;4422500;4386500;3185600;5038200;4920090000
2023-05-05;113453200;28197100;361494000;26639300;27000500;56951700;11261400;50087100;2413400;6237500;14968200;5802000;5194500;2329400;2753400;14556000;3989200;9039000;1815800;2716600;3872200;6302841;107607300;285800;952400;1271300;478300;3366900;21446300;10745600;34965000;39906000;2683100;78491100;45848800,0;3806600;4284400;3869500;8068600;4186270000
2023-05-08;55962800;21318600;344979000;26511400;16400500;49430900;7484900;34245500;1607300;2938400;11187800;5028200;4994900;1738500;2478600;14926200;4950700;7240700;2969600;2414100;4677400;4282128;112249400;324400;626700;1349500;451300;2314100;15334300;6694400;30669000;54886000;1719600;95503200;105304000,0;3736500;4169400;3302400;5314800;3641640000
2023-05-09;45326900;21340800;314869000;36360100;16865600;44089400;7343600;32188800;1253300;4352100;11370800;5019800;5520500;2038600;2601600;15209700;4472100;9067700;1637500;4111900;9329500;6520737;88965000;226600;461000;1030700;469100;1888200;14440400;7804100;27999000;55449000;2036400;68674800;223573300,0;2570000;6996800;2283400;6333500;3810140000
2023-05-10;53724500;30078000;369350000;63153400;19119000;78627600;8133400;44446400;1752200;5245000;14884800;6161200;6756600;2018700;2766300;15827700;4754900;10134000;1849300;2446100;3923700;5053224;119840700;408900;303400;1044500;535000;3008200;21228900;7980100;34322400;42899000;1940800;95619500;149375000,0;3571000;6535600;2639800;5935300;4057160000
2023-05-11;49514700;31680200;322149000;78900000;20449000;74924800;7057300;34897300;1515200;3818000;17165900;6666100;5867600;2384200;2595900;11926800;3495300;9581500;1955100;3263300;3322000;5117628;103889900;651300;274200;1100000;334600;3229300;39401800;10630500;34637100;80335000;1901200;57061000;73754100,0;3859700;5366300;2548900;5144500;3752900000
2023-05-12;45533100;19774700;274222000;41102300;16161400;49852700;9988600;38142000;1099100;3432700;12613300;4898900;3904200;1536500;3939200;16119300;5252900;8740800;1801700;2172600;3169800;4332874;157849600;289600;542100;1173400;275800;2580800;33419000;7635900;29634600;60824000;2044000;53829700;62123900,0;3438300;4733600;1937300;4994700;3533740000
2023-05-15;37266700;16336500;293926000;36266800;20653200;53011100;7639500;38722800;1178200;2843200;13715600;5096700;5104500;2169700;2234800;16113900;5414900;8150000;1700500;1925600;2842700;7973716;105592500;2100600;1385000;1295600;507900;3006300;24686900;7444900;28005900;36530000;1957400;51749200;53555500,0;5353600;4518200;2190000;4443700;3562170000
2023-05-16;42110300;26730300;449405000;45035600;18163800;71472900;6477200;33347500;1618900;4289700;14795200;7007700;5599200;2178900;2128800;15512100;5591500;9129600;2859500;2771500;3012100;5523851;98288800;1586300;567500;2784000;347600;2618800;32015800;7027000;31355700;33322000;2762700;90622900;42311900,0;12362100;4423200;2139500;6896500;3654200000
2023-05-17;57951600;24315000;432535000;33323600;21193100;65655200;12711500;61750400;2098100;4990100;14064700;6169600;6840700;2682000;2274200;26985900;4286900;11583000;2802100;2897400;6641900;6871703;125473600;271200;679100;1474300;458600;2306300;22621500;9504700;31465000;39588000;3260300;75240900;63834500,0;7956900;5772200;3046800;9436000;4039080000
2023-05-18;65496700;27276000;748725000;35234200;22943300;73174100;10999600;51146100;1645400;6621900;12005600;7477700;5173000;3040100;2268100;46768500;6997600;13595100;2410700;2643600;4349700;5772320;109520300;405100;968300;1566600;349900;3049100;18480900;9142000;17312300;209252000;3729500;74338700;171402300,0;4547000;5165500;2805000;10005700;3980500000
2023-05-19;55809500;27546700;473908000;41353400;21733600;55056300;13492200;50062500;1546100;5399400;13359600;8100900;6527100;2317900;3442800;27594000;4754100;14251400;2371200;4402100;3896200;7230687;136196700;261700;2446800;1398300;511500;3544600;15294800;5783200;29628900;78597000;3369100;67880200;150269300,0;4470600;6091600;4322900;8560300;4041900000
2023-05-22;43570900;24115700;372000000;35253000;27738500;70741100;11402500;36473700;1498900;3987800;12882000;11661000;5675900;2242800;4398000;16117800;7876200;15055400;2514700;2540600;3094300;4996087;132001400;211100;841300;1238800;604300;3047400;13505800;7912400;23143300;54064000;1808800;65424200;76377100,0;3736200;3890800;2762500;5890500;3728520000
2023-05-23;50747300;30797200;356253000;34046300;17748100;67576300;9514900;51400400;1550900;8537200;14394400;10436200;5793000;2874200;4492100;16302300;6116000;13932700;2943900;2298300;4011100;5738239;156952100;289400;937700;1330300;491900;3012400;13511000;7452500;30536300;68661000;3979000;73099100;148701800,0;5352200;4256800;4029300;10047300;4155320000
2023-05-24;45143500;23384900;721419000;34182600;17724300;63487900;8578000;50606900;1439100;6730800;16340300;7064000;5015100;1904700;3133000;20515200;5755400;11090100;2262100;2964000;4371600;6275400;137605100;367000;615500;1844000;326200;3335900;15163700;8193700;28127100;79733000;2655700;65910500;90496900,0;4978200;4894000;3071500;6815900;0
2023-05-25;56058300;43301700;1543911000;42317000;22371400;66496700;8472500;40517800;1618500;6827600;14316500;7037700;6886100;2684100;2882200;21299100;6510300;14463600;2748100;2243600;3909200;6737506;96870700;219500;774700;1673800;368300;4278800;17164400;11677400;31401800;62631000;3752200;108514700;106557800,0;5355900;6496700;4245400;16729600;4147760000
2023-05-26;54835000;36630600;714397000;35635900;25727200;96779900;8579900;57879100;2718700;5067300;12370300;7736200;6845400;3135200;2338400;15720900;4716400;12570300;2148200;1973900;3820300;6796523;162061500;481300;733800;1337600;409100;3898600;13145100;15969900;36451700;93604000;2691300;92922800;127311200,0;4626100;6933300;3229400;13994100;3715460000
2023-05-30;55964400;29503100;923401000;35076700;23816500;64314800;7399900;41819600;1998600;6916000;11938000;7814800;5593100;3180800;2595700;15742500;5561000;15634200;3385200;2885900;3978200;7098370;128818700;1099800;582900;1448300;515100;4001600;17059300;18291800;29600100;108650000;3430100;98902300;159089300,0;5193300;10421000;3231800;10296700;4228510000
2023-05-31;99625300;45950600;1002580000;37325800;25473700;72800800;14219900;61905200;2938000;20460600;24926100;13346400;11324600;4944100;3950900;30130800;19854800;59432200;3104900;5937000;5461600;13358734;150711700;580800;470200;1357300;637500;6759200;15827300;14924000;28321400;69880000;10695300;87552200;130392200,0;18288800;19624000;6175000;13713500;5980670000
2023-06-01;68901800;26773900;635873000;30772700;25609500;54375100;12248100;57426100;3339700;7003600;13551900;9887700;7901300;3376600;2914400;20239200;6091100;13402700;2605300;2989100;5125100;7797043;148029900;866100;529800;1675300;344300;6265500;18589800;8616500;32608300;71601000;3389700;66032900;126015100,0;4305100;20907400;3375300;7835900;4391860000
2023-06-02;61996900;25873800;482731000;26980100;19416900;61264400;12922500;66578100;3987700;5897100;14112000;9464300;7659700;3064500;2499000;19178100;6124400;15259800;2869400;8358200;7486300;7477278;164398400;922600;533600;1840900;402000;4330900;19589000;7873400;38715100;59024000;2501500;52382400;79487600,0;4515600;11026900;3962200;8652400;4454200000
2023-06-05;121946500;21307100;396094000;32305500;20742900;47950100;8511900;34757800;1462900;4858900;10628000;6443800;6430500;2688800;2113800;15553200;4753700;12915600;1974500;3438400;4996800;5108732;151143100;300600;1181800;1106500;272900;2873300;15118200;7769300;24590200;72474000;2316200;52602900;109017800,0;3028800;7804400;3091800;7442000;3813290000
2023-06-06;64848400;20396200;388729000;26638300;19419000;45695200;9329500;46297900;1495600;6020100;12209800;6176400;5073600;3816600;1495300;15015600;4635900;10943500;2771500;3230100;10957200;7794036;146911600;301800;662400;937500;478800;3312500;20975700;7594500;42389700;49915000;2758700;75257500;74284300,0;2855400;6796000;3181400;7023000;3996560000
2023-06-07;61944600;40717100;511998000;52539000;26163600;95663300;9281400;44502600;3382700;8517200;16027100;9900000;6504300;4381700;2458300;24256500;6194400;16817900;3614800;5586400;6462400;9121088;185710800;293000;463600;1580600;571600;3662400;27943500;7555400;37231400;119324000;3714500;81755200;227244100,0;4842700;9323900;3727800;9842500;4537800000
2023-06-08;50214900;23277700;417772000;29389200;20899400;62159300;7368100;41483100;2009500;6248200;13517100;7142200;5818400;2725900;2040300;18873000;4863700;15585900;3043700;3546800;9359300;4477596;164489700;246200;341800;991800;447500;2933800;18612900;5793400;12791400;59911000;2594700;65246900;115591600,0;3757300;5548600;2759300;9526700;3826740000
2023-06-09;48900000;22529000;427717000;23778300;16949800;51396000;7249100;32692000;1702100;6385000;12251600;6669500;6264400;3174100;2082000;15603900;5569500;12581500;1975900;2488500;5297800;4365076;200242400;192700;424700;2017400;447300;2215400;31179400;13807000;27604500;123630000;2201800;75105000;94126300,0;3485800;7676700;2619200;12597100;3786510000
2023-06-12;54274900;24260300;388701000;28306400;15442500;51338000;7596600;41011300;2290800;8621100;14112000;7159600;6510600;2207700;2566600;14713500;5354000;14208900;1885000;3644200;8065400;4677449;150337900;249600;255500;1247100;399800;2767700;29494900;9675100;23258900;59595000;2407500;85394700;89900400,0;4456600;11568300;2873400;39081500;3945670000
2023-06-13;54929100;22951300;613208000;22278300;16164000;50564800;7701600;42718800;1772400;6868700;13533800;7660800;6066800;3016600;1766300;15738900;5321200;13397800;2027800;4335100;5881000;5411582;162384300;545000;401100;1463900;500400;3603400;32261300;8873200;25975400;78205000;2444100;132461900;112765900,0;4043400;11698900;2953000;39190900;4275400000
2023-06-14;57462900;26003800;740465000;30592300;19175100;52422500;9068700;38322800;1819400;9160700;16627700;7721100;6699100;14672400;2163300;21103200;5693300;14099700;1964500;3122400;5629100;6429268;170575500;759600;388100;1802100;360900;5491100;34606500;7324600;38624600;84131000;2775400;95888100;70871900,0;4176000;8963400;5164600;26264200;4252110000
2023-06-15;65433200;38899100;568622000;35246300;25973500;60458500;9343100;42044900;3322700;12534000;16224100;7705400;7138300;6798100;2287100;18160500;5863000;15271400;2619200;2743900;5001400;8733159;160171200;1865800;451300;1327300;389500;2582300;30404200;8132600;27051500;70999000;2558100;85587100;91200900,0;4109700;7905400;4095200;27476700;4176690000
2023-06-16;101256200;46552000;655709000;45535600;43127700;84247100;13813500;53050200;4544900;13628900;43128900;22908100;13426600;7699100;4295700;34675800;11244900;26738000;4891200;5261200;7803900;13731752;167915600;1969300;545300;2449900;779900;3723200;15220800;12905700;25506700;87537000;5886900;82007100;90696200,0;10809300;13672700;8486200;19514700;6848600000
2023-06-20;49799100;26375400;451153000;26097500;20701600;56930100;8428600;39040900;3208100;12312300;17514100;10438700;7995800;4597700;2506300;19994400;5340700;13971800;2729800;2979800;8226400;8068443;165611200;596800;470400;2272000;436000;2974900;26362900;8667400;32289700;47560000;3961700;58851800;81335000,0;3371100;9522900;3751700;16273000;4055790000
2023-06-21;49515700;25117800;551603000;30306300;20556200;52137700;9926500;39553400;2158700;7032100;13285700;7328200;7177500;4886500;2347500;19251000;4649700;13948700;2837100;2892500;5356400;5983576;211797100;270800;575800;1304000;387600;3393700;36407900;7925400;28760200;51464000;2301300;82835600;97885000,0;2713300;7971600;4507000;17583000;3709330000
2023-06-22;51245300;23556800;417737000;26952200;17563100;90354600;10075200;50742900;2409100;6275500;12455300;7088600;5485900;3179000;2912500;13307400;6666800;15193400;1799400;2421600;7057500;5292046;166875900;183500;264000;1293100;452000;2336500;26233300;7283000;30470400;48695000;1933300;70754800;103461000,0;3052000;5689800;3303300;12203400;3511000000
2023-06-23;53117000;23146900;358140000;34913600;51092000;71927800;9919500;55181100;2612000;5424400;17933600;15172700;9450700;4862600;4832100;18975000;13843300;25112100;3720600;3354000;6338200;7532911;177460800;597900;322700;5288400;779700;2833400;23307500;11958500;29973400;82986000;3739700;73622000;74851000,0;8525900;14037600;4451700;19734300;6053620000
2023-06-26;48088700;21520600;594322000;33969900;24232700;59989300;8429700;47519300;2481000;5165400;14283400;7371800;6978800;2968300;3214700;14106300;4353100;12856100;1851800;1748300;3444900;5326378;179990600;281400;263100;1380800;582500;2226800;17584100;9377000;18568500;46400000;3327800;68557000;50679900,0;4440100;4771500;3220900;8987000;3415030000
2023-06-27;50730800;24354100;462175000;39535900;26108300;46801000;8154000;39081800;2156800;4628500;13227500;6581700;4927500;3693200;4138700;12093600;5445400;9068500;1815000;2283000;4465500;5973427;164968200;311600;236600;2867700;522300;3003200;18343200;7308900;24140200;48181000;2197300;59381600;55410500,0;5342500;4014800;2625600;6970400;3573500000
2023-06-28;51216800;20259500;582639000;27091400;16722100;52149500;7558600;37803800;2423500;5324500;13084100;5773800;6780400;3670100;2854700;18889800;6733300;11173200;1666500;2200100;4276100;6009012;159770800;322400;206600;1209000;409600;2846300;18639400;6384800;26933800;88113000;2012400;67534100;66001000,0;4025600;4775900;3175100;9240500;3739330000
2023-06-29;46347300;16997000;380514000;24090900;15395700;40761000;15423200;68376400;3553600;7118900;11364400;5633500;4547500;2979300;2112400;21530400;7343000;17142300;1744000;2070000;3443600;4070746;131283400;638800;258600;2065000;382400;2242700;16081300;5138500;28996400;49323000;2524600;58347200;46300900,0;3279700;3838300;2498900;9234300;3696660000
2023-06-30;85213200;26832800;501148000;29532200;19694900;54350700;14212800;50479000;2361800;6879400;13544700;6346600;7580000;3970400;3173200;19073100;7058300;19739200;2644700;2377900;5488700;9250648;112620800;686700;271400;1465700;489600;1762400;31850700;6565100;37303800;73464000;4407100;53378800;42195300,0;3230700;5984200;4520600;13703100;3923450000
2023-07-03;31458200;12508700;198209000;14467900;8629300;28264800;8021600;30995800;1106800;3087400;7397000;3272600;4033700;1915700;2113200;8647500;3996100;9694500;1601300;1045700;2143000;3723916;119685900;324500;174400;624500;237000;1633300;9452600;2662000;16799600;37332000;1304600;31860000;26037400,0;1483300;2400000;2047400;4284700;2034280000
2023-07-05;46920300;18172400;323618000;27584800;33865500;35895400;8934900;37492000;2561000;7601200;12491200;6318700;7224600;5053100;2130200;17585400;8279800;14716600;2356000;1820600;4921000;4588235;131530900;254700;412400;2273200;614900;2278600;22911900;6249200;22163900;68695000;2781800;49501600;39179900,0;2496000;5069300;2870700;8466500;3482620000
2023-07-06;45094300;28161200;303582000;24745200;47600500;40639900;9709500;52098000;2896900;6441800;17961400;9203000;6332500;3913600;2191700;14427000;7958300;12603900;2569600;3079700;4674700;4594375;120332100;370300;455800;1598800;912500;3190800;22770400;7544600;38925300;49388000;2156600;42342000;56534000,0;4828300;4250900;2548300;7982800;3682020000
2023-07-07;46815000;21214800;355881000;21709500;25586000;41992300;8981500;34288000;2903100;5729500;21929200;6602200;7022200;4131600;2914700;19774800;9169500;14574000;2586500;2903900;4893600;4843847;113879200;206200;199100;1172000;503100;2621500;17071600;6108400;21820400;41651000;2654400;37211300;48273300,0;2951900;3022200;2940800;7001600;3630480000
2023-07-10;59922200;32791400;353908000;35315200;37058300;61889300;9100100;36086000;1775800;4858900;14877600;5167900;5739200;4339200;2011400;12967800;5529200;15480600;1703700;2771900;3497100;5805400;119425400;227500;272900;2499000;1409200;2611400;15597800;6037000;19188900;42517000;2148600;49330200;62823600,0;3246700;3820100;2966500;6931000;3429600000
2023-07-11;46638100;26698200;298244000;23078800;27585900;49951500;11260900;40978700;2041700;3856500;12576500;5060500;6606700;3086800;3570900;11460900;5150300;15967700;1529600;3293300;7451400;4746113;91972400;192100;340700;1372500;585800;3061200;14981700;5784000;22389400;45692000;2106200;59899500;63236600,0;2913800;10028100;2754900;6117100;3624220000
2023-07-12;60750200;29995300;481277000;30404400;36677100;54022800;11323200;41855500;2741300;6116000;13238200;6464000;6940400;7287600;3107800;16509900;6764600;14241300;2156000;2986200;5123200;5403938;95672100;299000;286400;1424100;448200;3358900;13704000;8371300;29777000;57317000;2273400;57993100;50079400,0;5300500;8923500;2897100;11011600;3920290000
2023-07-13;41342300;20567200;478204000;44297900;30281000;61170900;11234900;39589000;2787800;5819600;26826800;8143900;6401700;7276800;2865100;11859600;5561400;11269800;1656900;1949400;4291700;3477075;112681500;588900;400600;1415300;383400;3341100;11689400;9823000;26812100;61575000;2354900;49206700;58397800,0;3235600;5800300;2831800;9359600;3839530000
2023-07-14;41616200;28352700;772075000;33283100;23054100;54487100;27028400;58720300;1815200;4941200;28181900;7065700;5362200;11379300;2955000;10427400;6128900;11634200;1550000;1936800;4294800;3405529;120062400;373400;285300;1500400;471300;2470300;15566300;7892200;22484400;71959000;1978500;91927200;45115000,0;2942100;4278700;2669300;7723800;3647450000
2023-07-17;50520200;20363900;510488000;25716200;25323100;48450200;17262400;49477200;1777400;4328100;18051300;4351700;5486800;4582000;2347900;10135200;4625300;10014300;1669900;2674500;3621500;4557412;131569600;281900;422900;1566900;547200;2288400;20918100;6125000;20566800;68917000;2344500;68593300;63505000,0;2002500;3557900;2359500;6735900;3538240000
2023-07-18;48288200;64738600;569164000;26193600;20731900;54882900;13491700;98253800;3887400;7674000;24617800;6798300;6332500;8816400;2237000;13437300;5351200;11152900;1991600;3832400;5895800;4476718;112120300;365300;242400;1168500;641200;2258800;23187300;7481200;22283900;130418000;2676200;57980100;87117600,0;2315600;5092700;2565300;8903600;4090010000
2023-07-19;80507300;39732900;427502000;37224000;21763700;54531000;12510000;70619800;6037400;4835500;15556500;5653100;7522600;4956500;2212800;12372900;6203600;12936000;1969200;2771900;4814100;5604920;142355400;246500;532700;2513200;558100;2712500;23866900;8866700;20431500;209965000;1809700;70363100;89044600,0;2361400;8516300;3032100;7609000;4115670000
2023-07-20;59581200;33778400;537865000;37906800;23836900;59820600;9935900;42128800;3915000;4695000;15740200;5866600;21892900;2963100;2624200;14987700;6445400;11563000;2104300;2102300;5782200;5158852;175158300;871000;457800;2146800;627700;2126300;17448500;9148600;18759100;239897000;2570700;76340400;62711600,0;2101900;5303000;3146000;12913000;3761770000
2023-07-21;71951700;69405400;963769000;72937900;42139300;133307300;10636400;70872400;3217400;5427400;17121500;8760100;12080000;2887300;2226700;16960500;9938400;12815100;2835500;2249900;4056800;10277106;161796100;164500;199000;1601800;1116300;1250400;16233500;23704100;28981900;173400000;1868100;76815400;63375900,0;3673400;3529700;3301900;9159600;3570190000
2023-07-24;45377800;26678100;382516000;29686100;24915700;45591100;14381400;64548600;3517500;6010000;15090900;9722100;15155400;2279000;2190700;12529800;5549500;10251100;2034400;2195300;4898300;6687261;136508500;247000;263000;1494600;441700;2463600;23304200;5859300;27539600;82644000;3029800;45583600;36133600,0;2621900;5363200;3269400;6200400;3856250000
2023-07-25;37283200;41637700;348081000;52509600;19585600;39236700;9944700;51208800;2893000;4997500;14116100;6767600;13790100;2730600;1737800;15553800;5883800;13422700;2780600;2016600;6513300;21329067;112757300;625800;251100;745300;475000;3824900;16448200;5592100;18383300;48598000;2490500;44916300;36612900,0;2890800;3203700;3014000;6266300;3812470000
2023-07-26;47471900;58383700;364237000;61682100;47256900;53910100;8728600;41814600;2281600;7551400;15159600;6056400;14288200;3697200;1959800;15094200;7013800;17145500;2896900;2622800;24923800;9449750;95856200;1910900;329500;928000;435700;2907000;15736800;5291800;25017000;60092000;2572300;51721700;35804800,0;3448100;4856700;2682900;8160000;3990290000
2023-07-27;47460200;39635300;455976000;44952100;64229200;52610700;10778400;45529500;2010800;8160100;17677900;6470100;12446400;3028300;1883500;13400400;7191600;11517100;4698300;2284400;12018300;7752311;103697300;1939000;588500;1179700;628300;2872000;25733300;7917900;27377100;65945000;3563300;70678000;50685200,0;2608600;4299600;2706700;7843000;4553210000
2023-07-28;48291400;28484900;331194000;36591200;39220300;46317400;9103800;33296500;1827400;6794800;17566400;6542300;14138800;2930000;1437600;11020200;9397300;9721800;2843000;2101200;7054600;5600785;111446000;407700;298700;1646100;447400;3010600;10642500;11762200;16883200;64242000;4501000;55526000;106125600,0;2268200;4238700;2473300;6910400;3981010000
2023-07-31;38824100;25446000;251055000;28055500;25799600;41901500;8892700;29093400;1385500;4799600;24197000;13056300;22632700;2441600;2110200;13033200;7955200;15577900;3296000;3568700;4894900;5169252;84582200;2136100;243700;1388100;504300;3029100;33928800;11029600;16579700;65876000;3578300;54187300;142173800,0;2690000;5571900;2621600;6703100;4503600000
2023-08-01;35175100;18311900;237858000;23166800;22817900;42098500;6853900;32712000;2024300;4627300;14177400;7531400;15810300;2161200;1738200;11782500;5718800;9281600;1916200;11823200;4975200;6595040;83166000;346600;258700;1322000;380800;3930300;24219000;7128700;22413000;57115000;2344200;95279300;99336200,0;2547200;4212600;2293300;5246000;4042370000
2023-08-02;50389300;27761300;530142000;26273300;20461100;51027600;8299400;38855100;2106600;4868200;13484100;7067100;14595600;3220500;2366600;12660000;5636000;11059400;2388300;6288300;5326700;5377375;101752900;672400;365600;1859900;747000;3789100;22685700;13711100;18981500;49122000;2410600;173372000;98215800,0;2752600;5127000;3085900;6387800;4270710000
2023-08-03;61235200;18253700;324176000;20089500;15180200;88585200;6084000;27933400;1840400;5033800;16280400;6680700;17424800;2442900;2414100;13202700;5792700;8037400;1910700;4743500;3282900;4347409;97569100;350000;365600;1282100;1593900;3612000;16908400;29239600;27905700;62439000;2190500;90605400;54345900,0;2451300;5515200;2942000;5193800;4149120000
2023-08-04;115956800;23741500;362666000;26147200;17612800;153128500;6209400;30768100;1725300;5169700;14279600;10185400;23415100;2411200;1870400;14262000;4785900;9359300;2520500;3888200;3500700;6118274;99539900;555200;400600;2167700;797000;2371700;37894500;12658700;30396400;54418000;2215800;83169700;72386000,0;3591600;4800400;2842000;5579300;4143310000
2023-08-07;97576100;17741500;322154000;22746300;16236500;71213100;7251800;31745200;1260300;5649800;12410800;13927400;17736400;2430900;2446400;14268900;4107400;6982600;2176800;2438200;6068000;4140914;111097900;173400;295500;1446400;710700;1962100;19412100;7706500;15342100;47813000;1559800;65854800;133808400,0;2111000;3615200;5379900;7347000;3493920000
2023-08-08;67823000;22327600;353843000;23535200;15183500;51710500;8623400;45951800;1917300;5080600;14065600;6451300;27378700;2422600;15094500;11017500;4625500;7956100;1948400;2519500;5149200;4735463;96642200;282300;427200;1463700;523800;2333800;14557400;8934600;15622300;37672000;1747000;54141800;143014200,0;3272600;4843800;3428800;4694800;3884910000
2023-08-09;60378500;22373300;586449000;24912900;19955800;50017300;6277800;30732100;1326000;4055000;19919600;10531500;42974400;1916900;5376600;13209600;4293200;7904100;1895800;3088600;4044400;3900213;101596300;252500;268700;1179000;418300;1920400;15841900;5642500;15995000;38466000;1806100;56257100;126230400,0;2698900;7847500;4424600;6542400;3803100000
2023-08-10;54686900;20113700;492705000;20857800;14358900;58928400;5995100;26062600;1345900;4778000;15837200;8647100;48213800;2179700;4108500;15169500;4307800;7870300;2436300;2647100;3710800;5853515;109498600;352000;307000;1235000;651500;2756000;14819500;6224500;17781100;54676000;2154500;57297800;73129100,0;3075100;4004700;3098800;6004100;4504370000
2023-08-11;52036700;24355500;533085000;19591100;14046300;42905800;5180700;35720700;1256800;3607100;14047000;6682600;45905600;2029600;2524300;14195100;3862300;8483900;1761800;1874100;2652100;4463437;99038600;437200;300100;725500;616300;3504700;18340600;5712500;20106300;39279000;1464600;55667700;56616800,0;3108400;2930800;2475200;5288900;3753290000
2023-08-14;43675600;18836100;690286000;24695600;15641900;47148700;5044300;32563700;1347000;4351100;12973400;6060100;64036900;2127200;3981100;20813700;4297600;7176300;1712400;2194000;2486300;4916020;98595300;430800;358600;1169200;653100;3946900;14103300;8537500;23794100;39660000;1638500;57421800;47511400,0;3974800;3304700;1990700;6494200;3896410000
2023-08-15;43622600;16966300;676512000;19770700;11623600;42781500;10300300;43406100;1657800;3770100;14909600;7876500;88958100;1817500;2826800;14559300;6921100;7187400;1883800;2593600;3201900;4276614;88197600;605900;357800;827300;329900;5237700;37294400;6843600;24338800;33680000;1753200;53816600;44000400,0;5860900;4076400;2863700;10412200;3832250000
2023-08-16;46964900;20698900;527451000;25216100;18547700;41675900;6978200;47220400;3340300;3218600;13695100;7920500;85832700;1454100;2597100;26980800;6356800;8372300;1829400;2831300;2273300;4614924;112484500;461900;347400;1448100;525700;2979500;31503100;6426700;42660200;39670000;2002000;54327300;40394600,0;3753900;2759600;2196100;5722000;3753910000
2023-08-17;66062900;21257200;452395000;33446300;23950100;48354100;9953900;37202200;3135200;4177600;16709500;8270500;70904200;3009500;2549900;53614200;6419500;12873500;2148400;2534700;4359400;5734981;120718400;175900;700700;1088900;579200;3656900;16431700;6250500;18736700;60315000;2118600;59064300;91086700,0;3885100;4062700;2847700;6183900;3943700000
2023-08-18;61172200;24755000;583768000;30504800;35347900;48497700;8517500;31430400;1730500;4344800;16224000;5999200;49631700;2364400;2958600;27954900;5448200;11083800;2624500;2533000;3583200;5651281;136276600;312800;1423600;1638000;502300;2718400;14686400;6384700;22258400;43122000;2001800;59916700;70215200,0;3472000;4267200;2870600;9412800;3940400000
2023-08-21;46311900;24040000;692573000;25248700;20181500;41442500;8327000;34959000;1983500;3573600;11092400;6802300;151319500;1533500;2305400;15679200;4504700;8648500;2682600;2207400;2734600;3686075;135702700;4783000;477800;1160700;447800;2988700;17267500;6539800;22224800;38616000;1869400;49319200;43206200,0;3109700;4023300;2540000;5811200;3726850000
2023-08-22;42038900;16084600;755293000;22054900;12980200;32905400;9673300;37564200;1810300;3848400;10518800;6080800;56834800;2079400;1936600;16670700;4195600;9411500;2052300;1668800;3011000;3308421;130442800;628200;683400;1025300;330300;2448000;11548500;4587000;26132200;35997000;2422500;47295200;52001800,0;2582200;3153200;2363300;4960300;3522760000
2023-08-23;52722800;21166400;779046000;27819700;18287000;42801000;7858000;44686600;1429000;4947700;11435600;4975600;119011400;2011400;2121300;14210400;4522500;7749500;2308800;1677800;3004500;3568043;101077600;961800;599500;1387400;429900;2907200;43122300;6873900;26477300;81747000;1943200;54656300;53523300,0;2728000;3833200;2239500;16517300;3837270000
2023-08-24;54945800;23281400;1156044000;28500700;18360900;43646300;6534000;31934800;1185600;4570700;10818500;5989600;70755100;2311100;1776700;14033100;4088900;8955100;2006400;1433600;9132600;4211960;99777400;326300;278300;1143400;357200;4361900;15296100;8698100;14908300;56878000;1970000;109179100;93586200,0;2490000;3960300;2521100;11995900;3723470000
2023-08-25;51449600;21684100;925341000;26762900;23701400;44147500;6695500;34253200;1159600;3541500;13579300;5291800;18185500;1923500;1847600;12267000;3541500;7629200;3725200;1291700;12352300;3903596;106612200;175600;204500;1220800;310900;3661700;21185700;6669900;21136300;53909000;2154600;74793100;55668900,0;2418100;3068800;2136800;8758100;3296180000
2023-08-28;43820700;14808500;685192000;20543300;14239300;34108400;5094100;33075200;1440100;3741500;10382100;4386100;18458000;1344500;1373700;11871000;3614700;6254300;2317600;1550700;4641800;3524313;107673700;192700;275700;1751900;213300;1501900;18657700;4316400;14923700;29286000;1901300;55386800;35964700,0;2099900;4086900;1728000;4514800;2957230000
2023-08-29;53003900;19284600;701397000;43075600;20844500;38646100;6337000;30428200;1831700;3975600;9665000;5374800;12208600;2113700;1701200;12702300;4034600;8189600;2348500;2065800;3716700;5833091;134047600;546900;538400;1345700;644900;2487400;16231400;6971400;18879400;44867000;2188800;50850300;47213200,0;2628200;5850400;2285600;11920500;3354820000
2023-08-30;60813900;15222100;735206000;28315800;17717000;36137000;6277300;33366400;1131500;4573300;11922100;5534900;9939100;2283400;2191100;10967700;3712200;9447900;2410700;1431000;3328300;6086573;121988400;303100;281500;890900;494900;1566300;11264100;6490300;15720600;36254000;2516600;54847300;65674100,0;2256200;9946000;3058300;5601800;3064110000
2023-08-31;60794500;26411000;528570000;30053800;17229900;58781300;10933900;37243000;1271100;5532600;17479800;7003700;15333000;4927700;3043400;19582800;5451400;14663500;2979800;2579000;6953800;5218620;108861700;358500;412300;1180100;678100;2138200;26393300;7962500;29861900;38030000;2535100;58919000;101517200,0;2914700;19268400;2842300;9109800;3946360000
2023-09-01;45766500;14942000;463830000;21543700;12842300;40991500;7903500;35228600;1201400;4112900;14843500;6663000;8610100;3165900;2030800;12553500;4126300;11262300;2136400;2336600;3658400;4435119;132541600;426500;227800;1626100;549200;2856900;25533700;5310700;22478500;47934000;1841700;54856100;45258900,0;2317400;5600900;2637900;6189900;3246260000
2023-09-05;45280000;18553900;382653000;19403100;14956000;40636700;7854700;46543600;1846000;4459600;18304000;9755800;9019800;3443300;2257200;15209400;5097000;12474600;2410300;2515600;3246500;4406550;129469600;706200;347400;1376600;621200;2417900;35648000;7294800;21189500;61559000;2045600;66042200;33818400,0;3141400;5807300;2976800;11089600;3526250000
2023-09-06;81755800;17535800;468670000;18684500;15418100;41785500;8629200;45022600;2120800;4520300;13325500;7195500;9753800;2596100;2424300;14594700;3877400;13923500;2705800;1688900;4233500;5018014;116959800;243600;448100;1820000;735600;2541300;28217400;7411900;16607600;38623000;2292100;47736700;38738100,0;3199700;5066700;2655800;8728500;3418850000
2023-09-07;112488800;18381000;433330000;18844300;33748700;48498900;8373700;35023600;1471100;4007900;13248500;7925900;9931800;2928000;3707100;19120800;4824800;17628600;3732800;1593200;4929600;4139035;115312900;278100;280300;1160100;503600;2459800;13367900;17947800;20220100;29227000;2502700;49080100;51798800,0;2454000;4201900;3263800;11864400;3763760000
2023-09-08;65551300;19530100;473069000;23558300;17548000;38348200;7107900;36513900;2026400;3309100;14283200;7434400;6957000;1858400;4308300;12667200;3384700;14312300;2351300;1240100;5752000;3170967;118367700;204000;328400;1314800;509500;3685800;21015700;9819300;17905800;26975000;1868900;46232000;33862000,0;2210300;4578900;3019100;10595500;3259290000
2023-09-11;58953100;16583300;473966000;20763400;19489300;56764500;6854200;34168300;1283100;2995800;14383600;7155100;6309300;2059200;3876500;11912100;4288500;14767400;2433200;1515300;4522300;5272499;174667900;236200;239700;1177100;433000;3748400;21737000;18771700;22393100;29138000;1544700;50611300;55294700,0;2087800;4418000;2921600;22155600;3369920000
2023-09-12;90370200;17565500;349256000;18405500;13480400;42668500;8363200;42284000;2054700;3499600;20145800;7521100;6045800;2195200;3212100;11757300;4537800;12292700;1450200;1587300;3256500;5275255;135999900;230900;261300;1332700;370300;1783500;10487900;9250100;21148200;31240000;1997600;44413600;39497900,0;2190500;4002300;2898400;68605700;3435740000
2023-09-13;84267900;16544400;398355000;20749500;13210900;60465200;8325900;37215700;2165000;5657000;13472800;5759500;7397500;2197800;3126600;14364300;4040600;12641400;1724300;2119300;3538100;3508651;111673700;169500;363700;1260700;362400;1742300;13699700;8131500;33197000;118430000;2142200;44702300;34354400,0;2564300;4173600;3261400;27171000;3529430000
2023-09-14;60895800;20267000;370097000;24751000;19343100;64033600;10034900;44634800;2822700;12000000;15210700;8822800;7758400;2334300;3244800;14923800;4606800;12311600;2219700;2660500;3974800;6637768;107709800;395800;358700;1211000;472400;4917400;25285200;7138100;23233800;107090000;3557700;45920600;38572500,0;2707600;4297200;3670100;19849700;3648720000
2023-09-15;109259500;37679800;506831000;38919600;28131100;102909300;19863400;61661100;3063900;13077900;34568400;17439700;13392100;5334300;5941200;63925200;10262400;55727500;5730700;4940900;4670600;8437076;133692300;241500;250300;1522600;451000;3552300;15994400;12247400;19297600;91167000;4755500;71103600;56271200,0;7117800;9939000;11595000;23215000;6932230000
2023-09-18;67257600;16834200;500271000;21861300;14234200;42823500;6512400;25752300;1356600;4771600;14045300;7027600;5789000;1997500;2723600;12997800;3536500;13617400;2884800;1363200;4299200;4700880;101543300;154200;301000;1042300;288000;2104200;14585300;5065100;18290600;47047000;1808000;49061300;37404100,0;2740400;4279400;3130900;11744100;3161230000
2023-09-19;51826900;16505900;373064000;20353700;15924400;61482500;7943400;34888100;1660200;4709000;12562900;6615100;5550800;3230700;2185100;14019600;4704200;11998900;2128100;2313500;4039900;3882045;103704000;141300;431900;1353200;634000;3329100;28990300;5658800;13709600;40768000;1730900;41704100;37804800,0;2776500;4001500;2603700;9536100;3614880000
2023-09-20;58436200;21436500;367108000;29927500;19379500;46263700;7332000;26641100;1224400;5756600;11879900;5939100;3837400;3724800;1869900;10120800;5446400;14766600;1979300;2380300;3738800;5134919;122514600;514800;311900;1604300;412800;2210600;16380100;7073800;24732000;38666000;1580000;55180600;37640500,0;2320000;2990900;2268400;8777100;3308450000
2023-09-21;63149100;35560400;450736000;31503900;21319600;70343300;8052400;39906000;1685100;6881500;14400600;7150000;4526700;4703900;4049900;18782400;5096400;15941800;2370100;2277600;4745700;5760292;119951500;321400;312600;1521700;358000;2540900;18099600;7007200;24687000;55479000;2450700;59704300;73071800,0;2766500;4957300;3178600;12645800;3662340000
2023-09-22;56725400;21447900;479236000;26397300;25369600;59904300;7071700;41284400;1669100;5935500;13197300;5963000;4976700;4558500;2353800;13215000;6327000;14644100;1958300;1707800;4450900;6249463;127524100;196200;161000;1254600;280200;3589000;8987600;6965500;17867700;36928000;1885000;52169400;47714500,0;2289200;3848300;3969400;11150000;3349570000
2023-09-25;46172700;17836000;419091000;20094600;18987000;46017800;7044700;32749200;833300;5921600;11316000;5510000;6722500;2758500;1686500;10459500;5527000;12358800;1895500;1257400;3527100;4741101;104636600;285000;214600;1456300;202200;3076600;9710100;6782500;20675000;37573000;1846500;43223700;39693900,0;1882300;4067300;2556200;8410000;3195650000
2023-09-26;64588900;26297600;402282000;25718700;19417200;73048200;7468400;42237400;1481800;6193200;11805400;5659200;4904800;2420200;1864300;14435700;6366500;11194700;2251600;1756400;3666300;6022043;101993600;226500;258700;1708800;350900;2879700;16180400;6559800;20042300;40894000;2940400;42866500;37276200,0;2655500;5404500;3063900;13209000;3472340000
2023-09-27;66921800;19410100;444935000;22746500;36429800;66553400;6717800;38296300;1493000;6006700;23976200;9124400;10211600;2593700;2004200;15711000;5403700;13766300;2735000;1991600;4015500;5912656;136597200;360700;333700;1833600;312600;2227400;21724100;7225000;30559200;38435000;1987500;51261500;62780600,0;2513900;4123800;3535400;8916400;3875880000
2023-09-28;56294400;19683600;424663000;22513100;22167100;54555000;8868100;36734300;1389600;4203900;16808100;7151800;7861900;2922000;2178800;11617200;6237100;12484800;2182400;1994700;8009500;5518337;117058900;266700;308300;2154400;354300;3518400;16015100;4851300;27455900;43699000;2216200;72542100;66590800,0;2369600;4344000;2731700;7373600;3846230000
2023-09-29;51861100;24147300;397830000;30859800;25373700;62411700;11917800;40645900;1403900;6045200;18813600;7396100;7680700;3006200;2967700;18842400;6683300;12271600;3367100;2257800;5158400;4924165;128522700;283800;372300;2077700;348200;3334100;16904000;4869300;23037300;42053000;3032300;56078600;78055100,0;3502600;4405100;4932900;7299100;3865960000
2023-10-02;52164500;20570000;433298000;22288000;16265600;48029700;9170600;50388600;1303800;5175200;14395000;6839600;7259700;3550400;2810100;12992700;5153800;11792500;4425000;1778200;5244700;5389278;123810400;525900;328000;2635200;347000;3097500;17701500;5751500;22757100;31021000;2856800;45118600;41043900,0;2806800;3745700;3527600;5963500;3938660000
2023-10-03;49594600;21033500;470850000;22989400;17362300;51565000;9431100;62144500;3118600;5585700;13297100;6168600;5740800;3143200;3266100;11253300;4670600;13604200;3408100;2187900;7285500;8624900;101985300;495400;288800;2728200;355000;4199000;20817700;7750700;34806300;88781000;2527900;48117000;51578100,0;3609200;4622400;3151700;8783300;3953830000
2023-10-04;53020300;20720100;361821000;26752300;16880500;44203900;8128700;55696400;1872000;5430900;19622200;9664700;4955200;2801700;2220400;15755700;4727800;12100500;2820000;2970100;7419800;4876551;129721600;415600;302400;2412400;218400;3403200;21140400;7189400;22447800;43037000;1813400;51023200;52786200,0;2956300;3656400;3244600;8842700;3777600000
2023-10-05;48527900;16965600;393483000;19832600;19130000;39660600;8576200;49044100;1584600;6126200;20128800;8073000;5993300;2790700;2950700;14269500;5205700;29878100;3799600;2639300;4331700;4819539;119159200;212900;412800;2436700;351600;3270900;13356900;5089700;23695400;50348000;2116600;51789700;49648100,0;2469300;3592600;3027300;7651500;3581470000
2023-10-06;57266700;25673600;434436000;27597600;21803900;46836700;10270600;58177300;1595100;6401300;25367500;10190400;5802200;3647200;4745200;42616200;7406700;30298900;5130700;2293400;5364300;5284026;118121800;399700;362600;2244200;303300;4969700;27402300;7930600;33255100;47781000;2484000;64864100;65946300,0;2922500;4989200;3174700;8247000;3902030000
2023-10-09;42390800;19891200;409675000;19278100;22503700;38773700;6964900;39953700;1094400;5372200;22369900;8183500;4414100;2341600;4208100;21022500;5062200;15704700;2782300;1640800;4575800;5418473;101377900;352400;336200;2049400;160900;2890100;17638900;4714500;20116400;32998000;2475100;39593200;106161200,0;1929900;2781100;2762800;6012400;3174630000
2023-10-10;43698000;20557100;368582000;27786600;19038000;42178600;11288800;51960100;1193800;4644000;13892000;6512900;5273500;2455700;3526700;16014300;5988900;20909700;3129600;2009000;8062400;5707039;122656000;247600;487200;1880100;301700;2561500;18924800;6253000;32735200;72889000;2713800;57105500;99971500,0;3116300;4503500;2858600;6910400;3520240000
2023-10-11;47551100;20063200;378137000;25884300;22036300;40741800;8698200;38508200;1672500;4760900;57939000;12570700;6922900;2819300;5850600;12026100;5469100;21138900;2919400;1538200;7394000;3580573;103706300;214100;384500;2074000;312800;2208500;14184200;6378600;23927200;91514000;2055600;51085600;55745600,0;2292800;3971000;2620800;5641700;3601660000
2023-10-12;56743100;19313100;481325000;24765500;20530500;55528600;10484400;44249800;1727700;4472800;31183000;7397000;5792400;2377300;4063500;13514100;5965600;19330400;3528300;1910500;5668300;3861746;111508100;520100;353400;2120600;279700;3250400;19855700;5371700;29319400;73761000;1779000;60959400;57940900,0;2546400;3548500;2677500;6598500;3713140000
2023-10-13;51427100;21072400;474115000;23420500;21341000;45786600;29427000;55089700;1785200;4966800;30276500;8042800;5359800;5245400;3963800;13809000;7078900;14494600;2646500;1918300;8215700;4578337;102073800;179500;399200;2558500;213300;3638500;25399400;6035600;24280800;63126000;2235600;52881500;54541600,0;2092700;3677500;2804800;5879400;3566560000
2023-10-16;52517000;22158000;375099000;28501900;16536100;42832900;12663500;56817500;2273900;6227300;18452000;5446000;6408100;3827600;2941500;14348100;6509800;12816800;2774700;1678600;4701000;5616698;88917200;413600;221100;2667700;257600;5001400;22530500;6254700;18196200;51289000;2202100;42464500;44987300,0;2567000;3623200;3117800;5488000;3409960000
2023-10-17;57549400;18338500;812333000;23515800;16387800;49344600;11482700;95344200;4123000;4527600;19775400;7538300;12244400;2586000;2911700;10893000;6160100;16457200;2627500;2110100;5121800;4916647;93562900;324300;493100;2082000;281900;4833900;22529100;7334000;19117400;59084000;2176000;49642100;54401300,0;2139700;4006100;2998600;5261800;3794850000
2023-10-18;54764400;23153600;627294000;23375000;16851000;42699500;9620300;68371100;3460300;9528300;23380300;6893500;9097300;2551400;2049100;10559100;10508500;12809500;4559200;4257100;6268100;6080433;125147800;459500;556100;2197800;365600;3459200;29855100;7174500;23051600;114296000;1951400;50450000;44208300,0;2720100;3380800;2977100;5123900;3686030000
2023-10-19;59302900;25052100;501233000;26066000;18709200;60961400;11143600;58611000;3211800;5927400;20972500;6580200;7733800;2351200;3493700;11745900;8146000;16202200;5646200;3850000;4043700;5035055;170772700;301800;294000;4005300;492400;3877500;20131300;10511500;21834800;280744000;3472800;52734200;46303200,0;3028600;4995900;2741300;7989200;3969730000
2023-10-20;64244000;25027700;477266000;26335700;22312300;56406400;13332900;62058400;2329000;5748300;22445300;7458300;7207000;2811100;3666900;15056700;7284200;15686400;3779200;3103500;4523500;9714760;138010100;472200;329100;2559300;354400;4449300;18686000;7756500;30246100;127829000;2652500;61317900;63875500,0;2885300;5539100;3466100;21831400;4004030000
2023-10-23;55980100;24374700;478530000;26317900;17796800;48260000;10133400;59857200;2959800;5071700;18185000;16232400;5874000;2357700;2781900;17097000;5981800;21212700;3409800;3193200;4146200;7300229;150683400;245900;287700;2852800;279500;4565100;36776700;6679200;24201600;73900000;1771800;50817400;55967200,0;2590900;4564100;2794200;10722600;3776100000
2023-10-24;43816600;31153600;401463000;44814300;19525500;46477400;8881400;55975700;1697100;6844100;16786100;17689900;6155300;1978200;2633000;17535000;6322000;25290800;2468000;2304600;4652900;15904078;118231100;493700;295700;2177200;362800;4195600;20066800;8578600;26206600;64592000;2003300;51982900;39833800,0;2705200;3959600;2355700;6174000;3821820000
2023-10-25;57157000;55053800;398379000;84366200;42192500;74577500;8242600;45522400;1809300;10365300;22047300;10502400;5880800;2380100;2283300;16621800;6172900;16701000;2759100;2542400;13806400;8224191;107065100;461500;275100;2915100;345500;4889700;12797300;8571600;17805900;62996000;3504500;53424500;46706500,0;2962800;4490000;2623200;7081700;3869370000
2023-10-26;70625300;37828500;541001000;57061100;66684100;100419500;9109400;60921000;2011200;6414500;18768300;10830400;7612500;2675800;2846500;16220100;7582100;16228400;2702600;3859200;6961800;9738191;115112600;372300;325300;2480400;407400;3985100;14446700;8705200;28642700;68497000;6920100;49896400;49351800,0;3108200;5149100;2685400;7565600;4277640000
2023-10-27;58499100;29856500;416784000;44566500;29596300;125309300;17434700;64709300;2601700;5540900;23092000;24524300;11385800;2585600;2717400;13829700;8131800;13626500;3209000;3229900;4606300;6677237;94881200;270800;262400;2862200;498000;3619600;17764600;7292000;42718600;49976000;3624900;52458700;39913600,0;2907300;3168600;3608200;5207900;4019500000
2023-10-30;51131000;22828100;388028000;28940100;28435100;72485500;9855500;41891900;3065200;5170300;19379900;13857100;8205300;2555400;2290900;12653700;5412800;15014300;6305100;4478300;5507100;5611435;136448200;161400;224800;1858800;428800;3380500;20249200;6634000;29729100;53171000;3386400;43716600;46886400,0;3074400;3438300;2634700;5433700;3911140000
2023-10-31;44846000;20265300;517969000;26292300;19434200;51589400;9672500;50106700;2611000;4828400;22185200;14261300;7576900;2464200;3661400;14168400;6762100;16639400;3990600;12093300;5043000;6349452;118068300;592800;303500;2180900;477800;3236800;17683100;6485500;23954000;38776000;2978800;79547100;40195400,0;3036000;3425400;3066900;6258400;4249470000
2023-11-01;56934900;28158800;437593000;30082400;20434600;61529400;9432000;44046300;2345400;4996200;28984900;10819600;5733000;2747400;2935900;14899500;5896900;14110800;3543000;4932800;5832200;12703791;121661700;847800;261400;2103600;918800;3244000;16234500;12809900;32270700;48061000;2354700;138641500;54419100,0;2747300;3593600;2789700;8602400;4224900000
2023-11-02;77334800;24348100;409172000;27124600;21631800;52236700;10186200;63278300;2597000;6286700;25212700;11099100;5349100;2350900;5181300;15492300;5859200;13087200;4109700;7749900;4313000;9398127;125987600;483600;437900;2598000;958800;2876800;12139100;22106100;28793300;44760000;2816000;71377000;170406800,0;3628000;4963600;3433700;5918300;4669780000
2023-11-03;79829200;23637700;424610000;26393100;16764300;44059800;9538700;62613600;3742000;5029800;30555600;13160000;4926800;2739500;3056500;17240100;6587700;13958700;3126500;3929500;4485100;6941620;119534800;254600;315300;2513300;734800;2196700;13855700;10670100;31630500;36671000;2269100;65632200;109302000,0;3071900;3861900;4409100;7280000;4570960000
2023-11-06;63841300;23828300;400733000;19052700;12887700;44970400;7625100;45548000;2087600;5254100;19097300;10634200;4851400;2684900;3978500;14529000;6480800;12673200;3090600;2891500;4222200;6131806;117335800;209800;469000;1730900;454900;2535300;13426300;7756400;15746700;30032000;2020500;49270400;79952600,0;2890300;3729700;5486200;6062800;3656340000
2023-11-07;70530000;25833900;343165000;29757300;14055600;53553500;6297900;33081900;1505000;4219700;20272500;15054600;4840400;2604800;3168200;15023400;6003800;10449300;2360800;4074000;4012900;5237415;116900100;358000;214900;2632700;390100;3172100;19535200;7898400;24399000;32911000;2324200;50550200;56289100,0;2629000;5467100;3062900;7412600;3791230000
2023-11-08;49340300;26767800;346719000;26425800;13609700;44521700;7618200;31896000;1484400;5117500;19184100;12654100;5460000;1769200;7776400;15591900;4832600;13744000;2223300;2532500;2984200;6065021;106584800;797000;244800;2607200;252100;2229400;19372100;7681900;21912100;23568000;2838400;41880600;46063100,0;2454900;3433500;2602400;10994900;3729510000
2023-11-09;53763500;24847300;540496000;23747800;16103100;36235400;7992500;32267900;1787900;4866600;18380500;10359500;6973600;1819600;6279800;15080100;6581500;12021100;2501700;2708800;4576300;5786605;142110500;582100;363700;2322200;251900;1924800;20897200;9002700;27854400;27355000;2657100;61146900;48454200,0;4059100;4731400;3052100;6853900;3900780000
2023-11-10;66133400;28042100;421245000;26913300;19096200;49287800;7983300;32858500;1781400;4094400;17825500;11988200;6930700;2480800;3645900;14319900;5387200;11678900;2664900;2525200;4788500;4382618;130994000;428100;778600;2001900;258200;2062300;13551600;12191600;22850600;44406000;2807000;75135900;92748000,0;3653500;4112600;3701100;5233900;3665080000
2023-11-13;43627500;19986500;384136000;18324800;16908900;35680600;6676300;28521800;1403300;4088500;15308400;8747700;5889300;1507900;5744800;15408900;6297500;12798200;2591900;3035700;13040300;5753776;140447600;215200;612000;1866500;230700;2071300;11697400;7959200;19047300;28961000;1614600;46741900;74877500,0;4586700;3306600;2196200;5740500;3326240000
2023-11-14;60108400;27683900;416954000;32395200;17179400;56674600;9927700;66676300;3592700;14092000;18260500;11224400;6713600;2454000;3827600;19792500;7982600;12697100;2647800;3441800;7280100;6007634;149771600;362400;570400;2894400;469800;3825300;15488600;11255400;30950900;40609000;2733900;61017400;83230500,0;7952800;4743800;3387500;6733700;4700350000
2023-11-15;53790500;26860100;475497000;23861500;14531200;63875700;8365300;46968900;2534500;13258900;20137600;10052100;6729100;2473700;4287000;35769900;7672600;10201900;2575900;3739900;5205900;5245309;150354000;315400;586400;2556000;322000;2788100;9840100;7789100;20491800;50353000;2434600;59555600;75533500,0;3985900;4800700;3572900;7386200;4347170000
2023-11-16;54412900;27182300;339756000;28013200;18932600;49653500;8126200;36952800;1620400;7051600;22469100;14031300;6875600;2360300;3030500;97658700;7590500;16010400;3593700;2625000;4655100;5825072;136816800;273600;655300;1938700;422200;2560900;21360700;11655700;26581800;36560000;3060600;49661900;49942800,0;3114000;3712300;2822500;7476100;3964520000
2023-11-17;50922700;40157000;325205000;37240600;14494400;49636700;7812400;38493300;1465200;7238200;22984900;11075600;7023300;2676900;2628200;42487800;8495600;14475800;2604800;2792500;3564600;5186418;142532800;255100;1243600;1624400;503900;2116300;20559000;6543300;20850700;27985000;2365500;38508900;69497400,0;2770300;3634900;3260000;4791300;3777240000
2023-11-20;46505100;52465100;414120000;27815500;16960500;41951200;7019000;46783400;3146000;8604200;17458800;8062400;8851700;2518400;2827200;26663100;6856500;13051000;3499400;2661400;11568100;5190678;116320100;442800;569400;1319700;413100;2621600;29329300;7148600;26622100;36176000;2768300;43138700;90270000,0;3459000;4599300;3215300;5728300;3644790000
2023-11-21;38134500;28423100;565747000;22635300;12027900;71226000;7083500;41611900;1900900;7213700;14989000;6783300;5916300;2115700;1851600;29382300;7310400;13891600;2940800;1765500;5362100;3506019;122288000;388500;1011300;1349600;352500;3069900;19819100;14641800;16167000;29977000;2567500;41064800;106643300,0;2977200;3852300;2918800;5995300;3511080000
2023-11-22;39617700;23345300;899420000;17813900;10702700;45669100;5174500;41422700;1235200;5701400;18072000;7216100;4633500;2234500;2052200;26416500;4372700;11320600;2285000;3593700;5384400;3773785;117950600;734700;531700;1241300;448500;2983000;22134400;6647400;14277300;28416000;1967900;56862200;68326000,0;2873500;3893600;2110200;4343700;3042810000
2023-11-24;24048300;10176600;294645000;12514300;5467500;22378400;3496900;15815600;460100;1640900;9480800;3861000;3351400;1135000;1341700;13975200;2132500;4816000;1218000;982200;2312100;1981995;65125200;167700;298200;534500;281000;1575000;15477300;3708200;9097200;14047000;1053500;19001000;39800400,0;1259900;1869100;1282000;2168200;1639500000
2023-11-27;40552600;22179200;395662000;23436500;15684500;53762400;6259100;42039500;1250500;5478900;18013500;9850800;6449700;2675800;2630700;23393700;6021300;16246500;3703900;1743300;3691200;3984415;112031800;330200;407100;1713900;681100;2575200;13847000;8586400;15033100;36259000;2665900;32743000;58808200,0;2992600;4885500;2580300;5165300;3403990000
2023-11-28;38415400;20453100;401491000;18730000;12637200;42711700;6582700;29705800;1419000;5234900;20629500;9746500;5909000;2859300;1793900;23535000;6110400;13739600;2199600;2149900;7817800;4378107;148549900;711400;481600;1207200;635900;1986900;17698200;8817900;24372200;28902000;2645000;32047100;54170700,0;3116900;5535300;2953500;4892600;3586240000
2023-11-29;43014200;28963400;382005000;23967200;16024500;40610900;9126100;57954900;2038100;4955100;26802100;16417100;5190000;4550000;1908600;29896500;5342700;11263600;2433400;2224700;5424400;3792831;135401300;204200;353700;1804100;425100;2099100;13779600;10608300;22256100;28555000;2151400;37876300;62782100,0;3083800;12327400;3141100;6127200;4418760000
2023-11-30;48794400;30554400;526247000;38988300;23146400;65814000;9869800;52547700;1903600;6874700;29254700;16276000;12481900;7121200;5658400;29925900;9771300;22727500;5030400;3210500;8736200;10174611;132353200;677900;355300;1881500;488900;1819800;22230200;11731800;25073100;42873000;3203500;44494200;55501000,0;4493700;24425700;4606800;11075600;5399300000
2023-12-01;45704800;33040500;369317000;31442300;15276400;39951800;8916000;46133300;3623300;3939400;17845300;11906500;10342900;3462200;3638600;39273600;5685400;15371200;4967400;3731500;6956200;5668572;121331700;448400;496900;1645800;377700;4082300;9950500;8866500;22189600;43415000;2171400;37048000;61493700,0;3613600;14538200;4705700;5739800;4397120000
2023-12-04;43389500;32063300;437543000;36669900;19037100;48294200;9607500;37811300;2178100;5247500;21523900;11842800;8920300;2709200;2577100;24883200;6578300;14942200;3522900;3028700;5228500;4747116;104099800;2535100;416600;1604700;574100;3165500;18747000;7485000;18826300;51577000;3097900;39854400;104948500,0;3827900;11429200;3053400;5587500;4369910000
2023-12-05;66628400;23065000;371718000;27384800;16952100;46822400;9135600;45723100;2429700;4199100;22250300;9597600;7268200;2645600;2157300;21883800;11895800;11891500;3005300;2682200;3589800;3688206;137971100;200200;309300;1548100;543500;2297100;18861500;6231600;15420100;33807000;2755600;39191600;54460800,0;3269800;5771500;3061200;5913600;3909950000
2023-12-06;41089700;21182100;380590000;23576200;11294300;39679000;9366000;49803100;1869300;3874000;31154800;18079700;6642900;2239700;2093100;26447400;7610000;14868500;2765100;3632600;4740600;3964241;126436200;271300;317400;1314800;277600;3096400;19244200;6912400;12705500;41788000;2224200;60599000;96111000,0;3030800;5374800;3039100;7815700;4245680000
2023-12-07;47477700;23118900;350823000;56767100;15905100;52352800;8130900;32699600;2162400;3589300;29990700;14786700;6532400;2511700;2095000;25362600;6119600;11587900;3131900;2162500;6363700;5064626;107142300;233900;247500;1553800;260400;4074200;19915700;7815700;14264400;35067000;2363000;118579100;56455000,0;2742300;6568200;2830000;6772800;3818880000
2023-12-08;53406400;20154400;359224000;32260100;14087400;41906000;7369400;34794300;2238800;3732300;22074900;10821700;6254700;2039900;2446800;34069500;6385300;11178700;3623600;3258200;7171200;4925418;103126800;222300;297000;1282900;336600;3047500;19778400;7678600;13372300;34584000;1959300;89341000;57542100,0;2889300;4605800;3289000;7766000;3707010000
2023-12-11;60943700;27708800;509728000;31138000;25802500;50907300;8093900;32254000;1636000;6479300;22252300;9849600;6090400;3655300;5614100;31883400;8471200;14524800;3353000;2898300;7545000;4643869;97913900;550200;186300;1640200;346100;2840300;8709300;11010700;12357800;49297000;2236000;98668300;50929600,0;3520700;4766000;3108400;19544200;3823210000
2023-12-12;52696900;24838300;372387000;29032800;18485500;44944300;10223000;34566700;1597600;5946600;26084000;9863900;5324400;2706100;2846100;21381900;6069200;12899000;2252200;2375700;5719200;4664543;95328300;303900;506400;1687200;311600;2703300;9741500;7380400;17329400;33027000;2736500;111677800;46231900,0;2893400;5827600;3188800;57666500;3808380000
2023-12-13;70404200;30955500;447792000;30104800;16353300;52766200;12379100;60311100;2876500;4859900;19915400;10641300;10764600;2876600;3112500;35348700;9055500;16196800;3312300;3708300;5513400;5506309;146286300;379800;542600;3413000;346500;2266800;19312300;7507700;38784300;58202000;3694200;70651600;52682600,0;5822700;6567600;3132700;29392200;5063650000
2023-12-14;66831600;43277500;391232000;38722400;19607300;58400800;13643000;107190000;5376300;8168700;26165700;14960500;9240700;5386800;5275900;30891300;10565200;22478300;4626800;6464100;7883600;10454155;160829200;1276500;1010100;2889200;540600;4202200;23450000;11468900;38632900;51764000;3989700;76115200;67462800,0;7594800;6613200;5512300;22865200;6314040000
2023-12-15;128538400;78502300;479948000;50847100;31776900;110089300;20309300;83771800;4522300;13374000;55527000;30850900;21727800;9030100;5317000;70003500;14550000;65177400;6328500;7321200;14995900;13586279;135932800;510700;904500;2525800;505800;5530300;13816800;25053500;40703700;78410000;5566600;70211800;93307100,0;11212800;13739500;8578200;30212300;8218980000
2023-12-18;55751900;21802900;412587000;32258000;18993900;62512800;8469600;40694700;2740900;6041100;21610400;11561700;7231400;3260300;3033900;26316000;8421800;16717700;2490100;2691700;6140100;5206215;116416500;345200;470400;1181500;264400;2647900;18857300;7832100;19355900;64107000;2686900;45199500;60188100,0;4420500;7498500;4526400;13473100;4060340000
2023-12-19;40714100;20603700;464444000;25476800;17729400;43171300;10345700;44534800;2091800;8731200;18904700;8738100;6651500;3645600;2192700;24417000;5233600;14612200;2054200;3659600;6089500;5957138;106737400;369500;330900;1401800;333300;2118200;14042600;5658400;36926600;38490000;2256200;63739800;43530300,0;4654700;4665500;3084600;10108500;4026970000
2023-12-20;52242800;26316700;397894000;49107200;16369900;50322100;10734700;44711400;1836500;7240900;20988900;9370000;7008300;3847800;2647100;21967800;7663800;17701000;2398500;3818400;5151700;6231921;125097000;467400;738600;1692300;324300;2291400;17544600;7264800;30131100;45637000;3058300;54671700;58666900,0;3259500;4510500;3926700;9242000;4201320000
2023-12-21;46482500;17708000;300425000;27488300;15289600;36305700;7601700;32325700;1301600;6246700;19250900;7264700;4598600;2491600;1786500;20087700;6104700;11725100;2313100;3209300;6487200;5185165;109594200;232400;352800;1268300;398500;2207300;12495200;8361600;19069400;27562000;2213600;47179400;30493600,0;2794200;5160700;2851200;8168000;3431180000
2023-12-22;37149600;17107500;252507000;26532200;11772800;29514100;6576300;37265900;1538200;5111500;12927800;6396100;3798900;1759500;2226100;19405500;4413800;9029400;1700300;2833800;4434000;4030650;93370100;539600;406200;1665200;301300;1831700;10378000;4659200;16014400;27027000;1759000;35396600;33693800,0;2029900;3110600;2332200;5680000;3046770000
2023-12-26;28919300;12673100;244200000;16780300;9898600;25067200;4683600;24845400;837300;2085100;16835100;5165600;4170000;1390800;1678700;11679900;3634900;6422500;1381500;2019000;3938600;2480063;86892400;345500;242400;1292900;191000;1215300;10112200;4381200;15982400;20345000;1258200;47157400;31750700,0;1585500;3218800;1964400;5767400;2513910000
2023-12-27;48087700;14905400;233648000;19628600;13207900;31434700;6428600;24498600;1367200;4034700;14558800;5337200;5288100;1851800;2163400;19896000;4569400;8560100;1892100;1876500;3484900;3314310;106494400;134500;210000;1842800;200500;2050800;7815400;4470300;18672900;25613000;1324100;49033400;32918400,0;2764300;3387000;2478500;5627400;2748450000
2023-12-28;34049900;14327000;246587000;16045700;11798800;27057000;6320100;21799600;1024700;3020500;16329300;8148000;4377500;2001000;1973500;16776000;5023000;8400100;1907100;2267400;5096400;3965494;113619900;3293700;271600;1747200;143300;2430500;10931900;4928800;18399900;17105000;1505000;63800700;38990000,0;2859400;2958700;2740600;5689100;2698860000
2023-12-29;42672100;18730800;389293000;18733000;14987100;39823200;6435100;28060700;881300;4074900;17746400;7658600;4313700;2080100;2000100;21948300;5300900;9244300;2227800;2300600;3686600;4441133;100891600;3054400;182700;1041100;180200;1462200;4984900;4839300;9429200;27406000;1706100;62079200;38943500,0;10325700;3706600;3269400;6899700;3126060000
2024-01-02;82488700;25258600;411254000;23711200;19042200;47339400;9977400;36668600;2263100;5471000;23483000;8879700;9622100;3415700;3226700;23539800;7238400;16322600;4458400;2433100;5815200;5189425;104654200;725400;392000;2308800;350200;3051800;10100000;8495800;24856800;50494000;2463700;64902000;41626700,0;2833600;4741400;4737000;9597500;3743050000
2024-01-03;58414500;23083500;320896000;24212100;15451100;49425500;9852300;45988700;2265300;4148300;23490800;10255300;8232000;2891400;5130300;18756000;7697500;14830600;3114800;3043400;7219900;4531850;121082600;365400;337300;2103300;272400;3408900;18366800;8133300;23272600;34437000;3093700;61988600;46865200,0;3309600;5097100;4321800;9455600;3950760000
2024-01-04;71983600;20901500;306535000;27137700;12099900;56039800;11972500;39834600;1618300;3843000;19395200;8220300;6766600;2994400;6272500;19282500;7067400;12912900;4615400;2995400;5170700;4364199;102629300;232900;256300;1635300;436400;1514100;13954700;6770300;17008200;36365000;2042600;58610300;39937700,0;3652400;4489800;4142800;6822300;3715480000
2024-01-05;62379700;21004600;415039000;22513900;13920700;45153100;10066000;49242400;2913900;3748400;15827400;7455400;5602500;2815400;2404000;21709500;5294200;10412800;3407300;2684800;3849700;4190157;92488900;160200;336000;2250700;317400;1759200;9873100;6827300;20393200;26313000;2415900;69657700;57700000,0;2664300;3676000;2965200;6133800;3844370000
2024-01-08;59144500;23134000;642510000;21404000;13890200;46757100;11229900;40253900;1902600;4659000;23370100;10038200;6569800;2648900;2453900;20680800;8255300;11554600;3097000;2369100;40730400;6920068;85166600;168200;376200;1968300;278600;2417300;14011800;7729400;14099600;36758000;2125400;71756900;49090000,0;2736200;6626000;3445700;7038700;3742320000
2024-01-09;42841800;20830000;773100000;24759600;13463900;43812600;9923600;39268800;1708800;7055800;19496600;11784700;6357000;2677000;2918900;23322300;9786800;10493700;2176400;1974500;20687500;4815028;96705700;125700;571500;2056400;189300;2660700;12193300;5856900;18415500;35268000;2439300;67875700;35794500,0;2338100;4571800;2998800;6725200;3529960000
2024-01-10;46792900;25514200;533796000;21320200;22117200;44421800;9670200;34904000;1547300;4355800;18206100;8490400;4945100;2180000;2679100;20121900;8591100;12258000;2199700;2048000;12883700;4571320;91628500;235300;302700;1864400;231500;2093200;14768500;5652500;14039500;43424000;2709300;56951200;41254400,0;4109300;5128300;2448100;7270500;3498680000
2024-01-11;49128400;27850800;596759000;24008700;17205400;49072700;11919500;48790600;2209900;5599000;15833400;8612500;4946000;2814100;2690300;14355300;6659400;13754200;2047400;1941400;11830500;5014005;105873600;1958900;634500;1627800;263400;2225100;14558100;7374900;24130900;79933000;2320600;62764600;39552400,0;3530400;9012600;3577800;6119000;3759890000
2024-01-12;40477800;21661200;352994000;18785500;19310000;40484200;19436500;74344300;2223800;4656100;18041700;9386900;4496900;6327300;2067800;13629000;5684700;13218000;1714800;1955600;11285500;5640380;123043800;1725000;459100;1329500;444300;1629800;10015300;6546600;16998800;50037000;1892400;48293100;33952600,0;1956100;4847600;2623100;9703800;3486340000
2024-01-16;65603000;27202300;449580000;22670500;15306900;41384600;17206400;58420800;3926600;6196400;20235700;9380400;6923200;3736700;2413600;17032500;8120100;11826900;2859000;3140100;35290000;6314619;115355000;257000;530600;2223200;364500;3565200;11735500;7483000;26929500;46790000;2398000;112711400;32659300,0;3669400;5858700;3046500;7547200;4260550000
2024-01-17;47317400;22234100;474394000;20968600;12724800;34953400;11107500;48811300;2415100;5118700;18384000;8167000;5072100;3791300;2124100;14827800;6541400;8982100;2008200;3789200;20140100;5031171;103164400;191100;278300;1163100;312600;2553500;12433800;6584700;22320500;48946000;2690400;104085000;30832800,0;2646100;4706500;2550300;7771500;3928600000
2024-01-18;78005800;23392100;491650000;25746400;16354300;37850200;9382300;35484400;1771200;6694300;20940300;11187800;5368500;7367000;3385000;18190500;6526200;10397700;2221200;2479300;20046800;6508082;108595400;151200;338000;1613900;424300;2904100;10469000;12893000;20875100;40544000;2075700;131864900;35239700,0;2510700;4752400;3007800;10362300;4019000000
2024-01-19;68903000;29331100;543501000;34271900;21670800;51651600;13115700;49493600;2603300;7226500;20088400;11192500;7071300;6143400;3125000;19175400;7848100;14392600;4250900;3116000;14345400;6154611;102260300;189000;228100;1332900;684000;3346700;8871300;16193900;22034500;56724000;2400200;140367900;40690600,0;3234600;7413600;4063700;11163800;4287200000
2024-01-22;60133900;27016900;452955000;32200400;17680500;43687500;12837500;43903400;2922700;5984300;19955900;9184600;6824200;5922900;2030200;13938300;11084100;14314300;3250200;2072200;10760800;10052443;117952500;306400;515400;1823700;592500;3576300;9107000;10456100;28227400;52123000;2715500;122973800;85573900,0;4003700;6735900;3552500;7485300;4297610000
2024-01-23;42355600;20525900;294654000;21636100;15506100;37986000;8360800;30003400;3313300;5883000;15863400;6767200;9149800;2672900;2525000;12066600;19101600;14481600;1874000;1866300;9076900;13333800;106605900;293800;251300;1125300;281300;3084800;14224000;6232300;20000400;155060000;2328600;76830500;37794300,0;3878400;6573800;2896300;9185900;3912800000
2024-01-24;53631300;24867000;560271000;25233500;15698500;48547300;9967100;36403900;2235800;5021700;17330600;8100000;7247900;2918800;2276900;22932900;11592700;16370500;3209700;2765900;15119100;10785198;123369900;818300;271300;1959900;337100;4866800;16737800;8331900;20003800;264328000;2725700;125516400;42710700,0;3474400;7037800;4589300;11702700;4330030000
2024-01-25;54822100;21021200;482777000;29149100;15091100;43638600;8873500;46204000;2376300;6894900;22089500;9773600;5478900;14671000;2407900;16369500;10352500;14899700;3219600;4647100;22112500;6086573;198076800;306600;308800;2536200;316600;3399000;20257200;7740900;21268600;94519000;2977800;127171400;44589000,0;3064200;4178000;4055800;8877200;4020430000
2024-01-26;44594000;17803300;390309000;26115500;13163700;51047400;7443000;30839800;3464700;8586500;20817200;9151900;5591900;6212200;2410300;15746400;8356600;13025100;4210500;2920500;9911200;4696495;107343200;761600;375500;2099900;382700;2157500;17252800;7744700;21603400;127706000;2725400;107381200;28612200,0;3177700;4877400;3621400;5541800;3353400000
2024-01-29;47145600;24510200;348733000;27784300;18742400;45270400;6971200;30269300;1632300;6574500;18317500;10494800;6483200;4554100;2718500;18240300;8987400;14547100;3899700;2101400;7535400;6126544;125013100;587100;526400;1490400;359600;2272900;12986800;10770700;23422300;69054000;2314200;89384500;35987800,0;2732000;5762300;3797400;7014400;3525160000
2024-01-30;55859400;33477600;410735000;36331800;18614700;45207400;10822100;60315700;3897900;6549000;19610900;9902900;7200500;4931200;2006100;15270000;7794700;22061500;2524200;2150200;13321200;7871346;109982300;679700;811900;2035900;300400;3244900;10986100;9132800;25714800;61818000;2663600;122265700;36388200,0;2336500;4810900;3090900;8231900;3836130000
2024-01-31;55467800;47871100;453795000;71910000;20180800;50284400;11521800;54716000;3421100;6139300;22415300;10428000;8256800;5358100;4719000;26134800;8870000;22837000;3476200;2813000;22409400;6253472;103221400;337700;407000;1868900;295800;2920100;22212100;21184200;28536900;48576000;4740500;133157300;43582500,0;3377900;4557300;3856400;7386700;4696120000
2024-02-01;64885400;30657700;369146000;40466500;29727100;76542400;9354800;57084800;2138500;7065000;19240700;8641100;8012000;4242600;2494300;20792700;7601100;15870900;3380600;3196300;10679200;6190572;91843300;337500;527800;2173000;250700;2094600;23719200;22810600;21427300;31740000;3292700;91576700;40454400,0;2439100;3218300;2947100;7882200;4386090000
2024-02-02;102551700;28256700;476578000;62499600;84707600;117218300;8607600;40416000;2180900;4848700;21973400;12839100;8295900;3804500;3019200;21670800;7937700;17544900;3971600;4661500;6275300;6103864;110612700;831000;483300;2165300;304900;2708900;16527100;10442700;27615900;40328000;2050300;82134300;57672700,0;3697600;3629600;3806800;6499400;3974350000
2024-02-05;69668800;25352300;680078000;38505400;40832400;55081300;7820200;43573000;2231100;4899100;17190900;8277800;9121600;3646300;7602400;19145100;6931900;12759600;7581900;6557500;8682500;7158013;134294400;358600;463300;2247000;200400;2714100;22361000;8032600;24221100;41431000;2438800;76349200;167698300,0;2653800;5274800;3651900;8084500;4023640000
2024-02-06;43490800;18382600;683111000;29128200;21655200;42505500;6764800;27188000;1487800;4400000;13347900;6198200;9229900;2745400;8187300;14181300;6185400;12775200;5927200;2825700;7556900;6026178;122676000;590600;664900;2276000;704200;2584000;15849500;7286300;19310400;28403000;2201900;68854100;420501900,0;2045300;4207200;2573400;4637500;4440880000
2024-02-07;53439000;22340500;495575000;25208900;23066000;47174100;7225500;29660100;1963200;4785900;13826800;6252000;8690300;4109100;5798000;17082600;7209300;10259900;3954700;3203000;7747700;5807655;111535200;478200;330300;1844800;442800;2188500;10846300;7361900;14809700;43736000;2544300;53665400;254911100,0;3272200;3621400;3426800;7672900;4895590000
2024-02-08;40962000;21225300;414422000;22563800;18815100;42316500;6060300;36852200;1913700;5833400;19636900;9237000;9755000;3343000;4636900;14427900;6121600;12874800;4605000;1986100;5787700;4327110;83034000;1447400;200800;1252600;297600;2270500;9196200;9448700;25990300;31755000;2081300;43385300;212671100,0;2521900;4488400;3357700;4472800;4341860000
2024-02-09;45155200;22032800;436637000;26829500;18413100;56986000;6296700;36176000;2028200;4618300;20410500;9194500;6529200;2715400;2833900;14329800;5978000;15235300;3323000;2823000;4349700;4324604;84476300;1920000;232100;1675800;379800;1784200;14156200;11981500;19676200;30557000;2155400;56375700;149062000,0;2389900;4376300;2509800;5787100;3912990000
2024-02-12;41781900;21202900;613710000;21564100;19382000;51050400;8539300;34160400;2797200;3676200;18173100;6713000;6701500;3194000;2932300;14795100;5482000;13516800;2392300;2483600;4077400;4516313;95498600;196600;299100;1358200;242100;1969200;9160900;11806300;14479500;36085000;1794500;58177100;108173000,0;3119700;3750000;2817900;5439600;3805740000
2024-02-13;56529500;27824900;602580000;27837700;20916600;56345100;8397600;43801500;3030800;5493800;18917400;6987100;8621000;3436000;2860300;18574200;6046800;24195700;2756100;2923200;8263600;9054930;86759500;433100;476200;2290200;325100;2617800;13025500;8976300;33561800;35115000;2407700;63071300;102293300,0;3106500;4956600;3458500;8171700;4302190000
2024-02-14;54630500;20401200;504917000;22704200;16858400;42815500;7056700;27833900;2041300;4218400;17651300;5995100;9098800;1918500;3394300;18484500;5727300;15872500;2139300;1887100;6503000;13116028;81203000;432600;513600;1492200;290500;1511300;15286500;8715100;26961400;56342000;2202700;57402500;97227900,0;2998900;3850700;2669200;5946100;3845600000
2024-02-15;65434500;21825500;420122000;37590700;24212300;49855200;8723400;41683100;2218900;4834800;23196300;8950300;7462500;2292100;2507000;16948800;6249200;13695800;2401400;2362900;5309100;8627532;120831800;227000;681100;1912700;300300;2668900;13493900;9372400;20771100;52209000;2354100;51126400;70544300,0;2662800;3986500;3076000;8455600;4137970000
2024-02-16;49752500;22296500;495327000;31468900;23324600;48107700;8152600;33290700;2376800;6630700;20151400;7570200;8541000;2135500;5009400;22373400;6617600;13947100;2837500;2513200;5986500;8616756;111346700;362300;1037100;2247600;354200;3888400;17091300;8429100;23824600;43257000;2237200;53940300;65498200,0;3899600;4159400;3532200;8936000;3833270000
2024-02-20;53665600;24307900;704833000;25144700;18015500;41980300;9668000;30372900;2358900;6157200;17650000;6977900;9501700;2600200;4701100;71788500;6622100;18339300;2264000;2701600;5248400;7166032;104545800;421300;657300;2035500;371900;4613100;21850500;8745500;24246600;31242000;5044200;66550000;93374300,0;4830000;4295500;3530700;10975600;4034880000
2024-02-21;41371400;18518900;673755000;23223300;12921800;44420100;7024000;37847100;1772500;4770100;20991300;6628900;7472500;2095900;3541800;40501500;7121000;14373000;2076400;1779700;4171600;5302571;103500300;311200;394800;1549400;325700;2882600;15517900;9760300;12356100;22706000;2895800;48365700;59628300,0;3277800;3797200;2717600;7865300;3788390000
2024-02-22;52292200;27009900;865100000;27191900;21625800;55392400;9296500;42756900;2326800;5100200;20470700;8874900;8065000;3186800;3167400;29512800;6619500;12982800;3146600;1875800;6513500;5753024;92739500;502300;510100;1342300;711900;2931800;19237800;11407500;20649500;35266000;2572800;100684700;64458200,0;3387500;5264300;3687600;8957800;4051710000
2024-02-23;45119700;16295900;829388000;19493800;18374300;59715200;7105800;30586000;2247400;5107700;15975900;6561600;6726000;2502000;2394800;74365800;5486500;13612900;2199000;1575000;7433400;7066168;78841900;143600;219800;1259000;1858200;2164200;18771400;5953300;13705100;25689000;1764100;69207400;48840800,0;3398200;4416800;4015600;7504500;3672790000
2024-02-26;40867400;16193500;503973000;53641800;12101400;44368600;7145400;31129200;1797800;3856900;13360800;6900800;5465400;2308900;2243800;32154800;4531900;10336100;2595300;1650000;4807200;7705449;111747100;597700;201900;2567300;631600;3414000;14817200;6307600;16878400;23937000;2066900;45435100;46499500,0;2461000;8719300;7432300;6342900;3683930000
2024-02-27;54318900;14835800;391705000;33099200;10809600;31141700;5717100;40536300;1724900;4145200;16360000;15093800;5078600;3780600;2716700;18012700;3868200;9931100;2811200;1640900;3932900;7300354;108645400;298200;256400;2326000;480500;3071200;16694500;6021400;26620900;44894000;2011100;43665200;64967400,0;2802900;6178800;4609100;6593100;3925950000
2024-02-28;48953900;13183100;393110000;37328600;12715500;28180500;6131600;39548600;2572900;4358800;14810500;6715900;6071100;9558600;2716300;14803300;3802900;8076500;2507300;1471000;9654700;7633025;99806200;215700;304100;2958800;330200;2158700;40559700;5211000;26366400;26052000;1931900;35914400;47314000,0;2282500;12490800;4067400;5278300;3789370000
2024-02-29;136682600;31947300;507289000;42133000;17732000;53805400;9643000;43863400;3139100;6633700;17566100;9334400;9849100;6833200;3905400;29245100;8348100;18152700;3601700;2699800;6670300;8177329;85907000;426800;641400;3291700;519400;2073200;26290900;8321400;26318700;35721000;3072500;105538500;62753300,0;4382800;21737800;4845200;12193900;5219740000
2024-03-01;73563100;17823400;479135000;31151100;16273600;31981200;6311800;38432300;1697700;3955700;18460100;7459100;5670100;7315000;4247500;19030900;4819800;10927600;3028900;1815500;11609500;8698201;82243100;268600;689600;2449100;379100;2482400;18367600;10405700;17018000;42703000;1748300;103820800;64794400,0;2750900;9450200;3282100;7605100;4748110000
2024-03-04;81510100;17596000;615616000;55999400;12324100;37381500;7063600;49136400;1955100;5920300;18138000;12503200;8532900;5239800;3855600;16033300;3841600;10150200;2832000;1551000;7213900;8402242;134334900;353000;394900;2096600;543500;2183700;15334100;11865100;12340500;30203000;3212400;86835300;64320000,0;2619000;9350000;4179400;6588100;4758440000
2024-03-05;95132400;26919200;520639000;40194800;15325300;37228300;6617800;47591600;2697800;6227900;19952700;6985500;8298200;5296200;3168700;19676900;4481600;12310000;2969600;2030000;5034700;8003663;119660800;1050000;717600;2903300;481100;2912700;17226600;9608800;17522400;38496000;2015100;65407100;49542300,0;3011600;9015300;4711700;8242000;4418410000
2024-03-06;68587700;22344100;582520000;35318600;11757900;32090900;7572900;49149700;2692400;4535200;20472800;14692100;5773700;5577500;2518600;12698700;5405700;12378800;2348000;1542300;4736600;8198755;107920900;1681800;395600;1333500;672500;2617900;13903900;12230500;13997000;24696000;1917100;86687000;207386900,0;2496300;8270000;3839100;6706400;4559050000
2024-03-07;71765100;18718500;608119000;37738200;18586400;34063300;7618300;35900700;2033100;5668500;15195400;8739300;5188700;5102000;3977400;16195300;4783900;13686900;2237700;1732500;5965300;14393838;102129000;5484200;696600;1824500;348800;3408600;18059500;14495100;10832100;27428000;2178100;63869000;117519300,0;2368500;6788900;4181300;7670100;4137980000
2024-03-08;76267000;18002200;1142269000;39370400;18597100;37893200;6172200;42769900;1657200;3928800;16281500;7528400;5284000;4673600;4054900;12143600;5080200;13239000;2482300;2307400;9010200;21242234;85544600;397400;488700;2040400;378900;3068300;103160600;11318000;32150000;27772000;1596900;120815200;84256100,0;2162900;4851600;3410600;8312900;4208870000
2024-03-11;60139500;16120800;678364000;32437800;20428300;28484800;5762600;34131500;1654200;4614000;17577300;7577100;4620800;4410100;3968900;14154000;5170900;14114300;2893300;1868000;14160600;9338609;85391500;602200;466900;1237500;385700;4636400;40707200;7256300;21263700;25009000;1774500;73098600;60829300,0;2833700;4895500;2431700;20438300;3896430000
2024-03-12;59825400;22457000;668075000;27563400;15448200;36610600;5708400;29260400;1703900;7988700;14957200;6432900;8018700;4153800;2701700;16613100;4229100;12684600;2233100;1645900;18714800;6928589;87391700;390200;434400;1428900;314500;4677700;29455900;7642200;21034900;28216000;1853900;68951700;75202600,0;2843800;4832000;2616700;48536100;4080510000
2024-03-13;52488700;17115900;635713000;23347200;12090700;30772600;7795500;38289600;2370600;5783800;17122200;8065600;6260000;3669000;2357500;15935200;5410500;13909500;5441300;1818800;10196100;8462887;106524500;6224200;428000;1248100;300700;4825200;24154200;8730500;20240900;21921000;2103900;70526900;59713000,0;3761200;5548800;3584600;15870300;4282890000
2024-03-14;72913500;34157300;602318000;42753400;12620000;43705800;10310900;40178100;3029500;5484500;22121000;9047200;6988300;3378500;2647500;16584700;5848100;13996600;4659300;2110200;10016200;9460777;126325700;4652600;274600;2746600;333000;3710700;26314000;8151000;18521700;31205000;2757700;84490500;49214800,0;3877500;4828800;3734700;10965900;4687970000
2024-03-15;121752700;45079900;642086000;49475400;29153600;72147400;17214200;69646400;3763900;9845000;38264400;20387200;13165500;5713500;3730100;50946300;10956900;36849900;5071700;4406000;10800700;13263757;97146800;5208500;597100;2384500;631800;3743700;20604300;16414600;18366400;66716000;4179300;95289500;61421000,0;9234900;11885100;7548800;17844900;7753670000
2024-03-18;75604200;20106000;668976000;69273700;11755300;31250700;9013800;50617900;2069000;4095600;16770500;7242700;6602300;2970500;2521400;16801700;6086300;15856700;3319400;2528200;9497800;6228788;108214400;671500;721600;1673700;300900;2450800;23883800;6653700;30430500;33442000;2072300;59306900;44083000,0;3455600;5240500;3775700;12231400;4036220000
2024-03-19;55215200;19837900;672171000;24070400;10903100;26880900;8478700;46113800;1858200;6595200;14878800;7736700;7840600;2511700;2557100;12353600;6148100;15030600;4055400;2207600;7648000;9360787;77271400;1619100;891600;1300100;296000;3095000;24588200;7404400;21085300;21426000;2049500;83509500;43247200,0;3493800;3329900;2795800;10221000;4031760000
2024-03-20;53423100;17860100;479063000;21311500;11711100;29947200;9367000;40519000;2157400;6105000;16119700;8449100;5982300;3548200;2038000;12007600;4870300;15258800;2867300;2563900;12770000;7229434;83846700;799000;797300;1948000;324500;1940500;22177200;5995800;23414900;26395000;1691100;81773100;40273800,0;2750400;4946600;2932900;8373300;4064850000
2024-03-21;106181300;21296200;480372000;24755600;9712500;32824300;11203800;43219500;4613800;5057600;14878000;7899100;5915800;3693400;3013200;14265900;5211500;13067100;3653300;2616300;7436400;7890893;73178000;2444700;869700;1635400;497900;2504000;23436400;8497500;15538800;25077000;2580300;75265600;37099600,0;4212200;6083900;3401600;17842400;4207730000
2024-03-22;71160100;17648500;586719000;29211800;8120600;27995400;8108800;29001100;2190300;8744100;14701900;5974700;7248600;2847300;1981000;14029400;6393200;11502800;2556100;2052000;7827000;6842132;75580600;606200;685500;2043400;266400;2508200;13792100;5645500;16256000;21357000;2277800;57899100;25453000,0;2910900;3779000;2999600;6660000;3374700000
2024-03-25;54288300;18060500;552136000;19229300;8380600;29815500;8620000;30480200;1683900;8519200;14011700;6058700;7498100;2786100;1806600;14186600;7145600;13144700;2985500;1774800;12953000;6288181;74228600;731100;465400;1117500;269100;2368200;14868800;5682500;10429400;18033000;2600300;71935300;29255900,0;2683900;4141200;2804200;7446100;3331360000
2024-03-26;57388400;16725600;513648000;22149100;11205400;29659000;5961500;33673400;1407000;8752400;13152300;6677900;6864100;3113300;2099000;13738300;5842700;13277400;2572100;1637200;8972200;5056983;113186200;818200;372000;1146700;327500;2938000;13337400;5289900;16233500;28045000;2515100;65322400;43610500,0;2720200;3893900;2935100;7063900;3871790000
2024-03-27;60273300;16705000;586067000;22879200;9989700;33272600;8725800;36350200;2353600;5190700;12415700;7416900;8461600;2653100;2297700;14363400;6599700;12551200;2605000;2262800;7372800;12606433;81804000;664000;510100;1274000;288400;2216900;14331200;6309700;21995100;26283000;2309400;55685600;38600100,0;2536500;3859900;2926000;8115900;3850500000
2024-03-28;65672700;21871200;435212000;24485400;15212800;38051600;8628300;42262500;2409700;5844400;18482100;8331600;6181500;3820000;3209400;17535100;7191500;13683500;3453900;2028600;4471700;12122274;77654800;1278300;573100;1441200;261900;3254600;27590300;5324000;18375300;37088000;2214500;57628600;70008200,0;4108200;4892300;4377400;6587400;3998270000
2024-04-01;46240500;16316000;452441000;31730800;9247000;29174500;7309000;33908000;1863900;5084000;13817000;6285700;4364700;2928700;2921300;13837600;5971900;11668700;2408800;1953800;5107800;7399592;81562100;904400;338000;1435100;326700;2363600;15177000;6679100;20111600;21159000;1648200;74299900;41000000,0;4333200;2918100;2716100;4133600;3325930000
2024-04-02;49329500;17912000;433064000;24586000;11081000;32611500;7014700;34806800;1976000;6912300;19919600;8815400;6102300;11867000;2596800;19510100;6771200;13017300;2907700;1968900;4477200;20490400;116650600;1624700;396300;1384900;228100;3300400;20988900;7436300;20687200;20292000;3265100;61598800;39770600,0;4650500;4746100;3174900;4862400;3886590000
2024-04-03;47691700;16502300;370067000;24705000;12099200;31046600;9353400;33338500;1549200;4536600;16504300;7819700;8098200;4460400;3044900;14615100;9601800;13672900;2748000;2623700;6609300;16208500;82950100;1137200;692300;1116800;205700;5273500;15800800;6943200;25252400;29312000;2265000;49835100;30357400,0;4723000;3047400;2740800;7430000;3703250000
2024-04-04;53704400;19370900;434965000;34724700;26476300;41624300;9243800;42888200;1704700;4018600;18467400;9269700;6947400;5182000;2354000;14436100;6801700;14320700;4095100;2492200;6513800;11880200;123162000;2460000;439500;1198600;252000;3151900;62785600;9031200;42563800;30643000;2552600;88280000;64995300,0;4381600;8351000;3800600;7588300;4075680000
2024-04-05;42104800;16554800;399678000;23459200;19263300;42374000;6532300;30823500;1694900;4392100;21720600;7432800;6783000;5747400;2113400;10335900;5121200;10157800;6816000;2068300;4130400;14777900;143157600;1823400;234000;1358100;291700;3896700;23338300;5863300;23229300;33788000;2462700;66080300;38716800,0;3243400;4918200;2738300;4899500;3386780000
2024-04-08;37425500;14272400;283220000;20702000;13260600;39221300;8001000;29470300;1181900;5542400;17513900;7253200;5935400;4532300;1664200;11070100;5476800;10284500;3753200;2690000;6176400;9588800;104423300;1601200;203500;724400;230600;4714100;17792700;4812000;20296500;21457000;1961800;43997500;25022700,0;4339600;3142900;2485700;6119200;3278180000
2024-04-09;42373800;12496900;501700000;31079500;10863800;36520100;7351500;30967300;1247200;7313900;14132300;6576200;6135300;3521200;2464100;10013500;4608100;10779100;3934900;2042700;11427800;8807300;102951700;1642600;496400;1349900;255300;3708600;16402000;5028500;30366000;21436000;2217200;42886100;27643300,0;3022600;2997700;2233100;5564100;3400680000
2024-04-10;49709300;16216600;431929000;22838600;11418500;35879200;7681400;37610700;1903300;5276000;17409200;7525800;6809500;4493500;1700300;15097600;7784900;11861900;3817500;2148500;9727700;8075400;84532400;807100;276000;1716200;251600;3062500;22557200;6177400;33911600;28062000;2710500;59600000;28642900,0;4805200;3036400;3121300;4509900;3845930000
2024-04-11;91070300;17966400;431637000;27166400;10369500;40020700;10137700;38604000;2176200;8102300;17555900;7682500;8374400;5844100;1594800;10987600;8209800;11109000;2519200;2535700;7625100;6063200;94516000;1263000;272100;1318300;286800;2101900;14406400;6262600;19988300;26627000;2299900;48994500;26399400,0;4104700;3468600;2889900;7315200;3509380000
2024-04-12;101670900;19253800;426805000;25353700;11984500;38608800;31532300;47126100;2815800;9038400;21556200;11071000;7100200;6045700;2495000;12280600;6770500;12250900;2708400;2072900;7568300;6851300;64722700;1078300;236600;2165700;539400;4339900;24038500;8216700;25393000;29593000;2486300;63519600;36764500,0;3550300;3820000;3467300;6196900;3963220000
2024-04-15;73531800;20273500;443077000;27136500;13512900;48052400;14766600;44392000;6177000;10267500;15029500;7236900;8502300;5376800;2358600;10557200;5754000;12425000;3686700;2171000;6490700;6423700;100245300;2592700;291300;2542400;627100;3848400;23600300;6570600;26929700;30854000;2070500;61461200;38182100,0;4209200;18365100;3002300;5101500;3950210000
2024-04-16;73711200;16765600;370453000;20779500;9847900;32891300;16451800;95566100;3459700;8237100;18082200;5541900;12774900;11816500;2569800;14726300;6103300;11236800;2912900;2513900;7986700;6187200;97000000;1573200;402900;1753600;364700;3177000;16355800;6390100;34375800;35191000;1787200;55302100;33869200,0;4525500;7624300;3435500;7000000;4006200000
2024-04-17;50901200;15855500;495400000;21763100;12193700;31359700;9017100;65951400;4373800;5940900;14538600;6733900;9378100;8759800;3069400;15329700;6621900;13805100;3383100;2313800;8162600;6519900;82439700;2477000;424800;1444700;448600;3839500;14199500;8082000;25571900;33122000;1735000;75909000;30139800,0;4273800;4199400;2465600;5366600;3596130000
2024-04-18;43122900;21029900;447260000;19883000;14808700;30723800;9557700;44506200;2776300;8231800;13821400;4979200;9887700;8880400;1717300;12061500;7819300;11125900;3402700;2380700;5123000;6186600;96098800;1008000;448000;2114700;391400;3823300;13208800;9209400;24299400;84684000;1998900;52669800;34550500,0;3717300;5918200;2669500;6662400;3619760000
2024-04-19;68149400;30565800;875198000;32615600;25215400;56000700;13402300;56273700;2805500;7905400;21572400;7734700;9750800;6618600;3505500;14165800;12034200;21207900;3017100;2929600;4693900;9566100;87074500;900700;317600;1996800;359400;2774500;34331700;10292200;28418000;164497000;2548800;71618200;39632600,0;3076600;4913600;3996100;8251500;3878750000
2024-04-22;48116400;20286900;596341000;26446200;17271100;37924900;11529700;43867100;4165600;6463700;16340700;6779200;10118700;4697700;2354100;14910000;8926300;15624500;3129300;2085400;4724900;7322800;107097600;1136500;305600;1873200;389300;3867100;29321600;7848700;18462900;85977000;2157400;49397000;31894500,0;3112800;6747200;2980600;7125500;3820250000
2024-04-23;49537800;15734500;438559000;21151600;15079200;37046500;9144400;39180300;2662300;6438000;13929800;5597600;10110400;3646700;2042000;17963900;7707300;13689100;3275700;1810700;7632100;19250900;124545100;1624600;498300;1926700;418100;2522700;21971400;6616700;20096300;49755000;2029100;46051900;36304600,0;3697400;6285200;2287600;5494800;3751400000
2024-04-24;48251800;15065300;512208000;22779100;37772700;34185100;6964900;28670600;1575900;8807200;12101200;7610300;9756300;3724400;2133400;18529100;7217600;19548300;4071600;3032700;20889300;10416000;181178000;853700;312600;1238600;301300;3406800;19890400;6130500;13461600;53553000;4043100;43412600;34426500,0;4029200;3938800;2506900;5791800;3656740000
2024-04-25;50558300;40586500;424641000;57109700;82890700;49249400;9802300;41116000;1970100;8064600;16041000;9702600;7642700;4329700;2608800;19263000;7094600;19048500;4179800;6459600;12504700;5908200;126427500;1331000;308700;2024200;211300;2964700;15895200;6230700;11300200;38071000;2006500;41471400;26226700,0;3787800;4811900;2670200;6796600;3958050000
2024-04-26;44838400;29694700;551011000;64665300;32691400;43919800;6413700;28668700;2322700;6840600;27289500;9736400;6183000;2727000;2009200;11045200;5659800;10994300;3636500;3324600;7208100;5898000;109815700;1768300;375700;833000;443300;3019700;20004600;7141300;17031700;43326000;1963300;42510700;33119800,0;2465300;3754600;3023100;8355100;3604140000
2024-04-29;68169400;19582100;388971000;45610000;21502600;54063900;5387800;26438800;2453000;4128600;17309900;6364000;6149600;2192100;2665600;9785100;4621000;13409300;3148900;2171400;7788600;5371700;243869700;1222500;291600;1761000;334300;2379400;21800800;6623900;12570100;25089000;2120700;43478200;30104900,0;2427400;3576400;2363600;4994100;3447450000
2024-04-30;65934800;28781400;363709000;33562900;18429500;94639800;8153700;30283800;1829900;6376400;21083300;8457300;8817700;3367500;7437100;14209200;8106100;19349200;6894400;4201700;8248800;6723600;127031800;2168300;295500;1075300;548000;3281700;19659200;6914200;20855400;33615000;2698800;60742800;30511900,0;3089900;5218000;3070500;6234700;4082470000
2024-05-01;50383100;23562500;559863000;33493200;20344900;94645100;7445300;32272000;2310100;6119900;27777700;7713700;14470900;2729200;2802100;15464300;7543000;16729800;4843200;3520600;6191900;4775800;92829700;818300;409100;2006300;526300;2330400;13542600;13113600;23506400;34732000;4979100;89413200;34665900,0;3267500;3761000;2605000;5583600;4544170000
2024-05-02;94214900;17709400;377898000;24294500;15221300;54303500;6501700;34860300;2087500;5061700;25513600;8597100;8459800;3561400;3205600;17574100;5647500;10991300;3084000;2492000;10223700;5030400;89148000;729300;402200;2786500;696000;2263000;19639100;25894800;18891100;30682000;3866500;50034700;30396100,0;3213600;3859900;2672200;5001000;4381660000
2024-05-03;163224100;17446700;398341000;34662400;16489100;39172000;8922800;34082700;2406300;3862000;28023300;11664500;6532700;2487600;4595100;14207400;5581500;11628700;2642100;1977100;5416300;3968600;75491500;664300;503200;1804200;1346800;3193800;26048400;10043900;19648600;33075000;3711500;49361100;55976400,0;4165100;4041600;4119100;4485000;3924990000
2024-05-06;78569700;16996600;376203000;21871300;15094600;34725300;7911100;28422300;1914300;3958700;31401300;8430300;5042800;2029500;3398300;11119400;5472400;9310700;2481300;1653900;11913400;4831600;84390300;623300;476400;2140500;601900;1835900;12963700;6980100;13076100;36863000;2536200;44624500;175936600,0;3366100;3744800;3918900;6052400;3683250000
2024-05-07;77305800;20018200;437342000;28039700;13406800;34048900;7688800;29119500;2058200;6377100;30122000;6869900;7333500;3752100;2879400;14520200;6433000;9807000;3160000;1965600;5097500;4781800;75045900;1358600;761900;1220400;497000;2081200;18159600;8011100;14982300;36141000;2345300;37374900;161061600,0;2930700;3507700;3084200;6437700;3987890000
2024-05-08;45057100;11792300;325721000;19569100;11683900;26136400;9227600;32803300;2006700;9029700;18957200;6706400;7735100;3078900;2089800;11015700;4579400;10484400;3259800;2260300;4956800;4878200;79969500;811600;407300;1257500;485300;1817500;13419100;6242600;9842100;30939000;2332400;28728000;67582900,0;3123200;3283300;2398100;4636000;3842100000
2024-05-09;48983000;14689700;378013000;15346700;9437700;43368400;7977300;26855400;2710200;8948800;17564000;6683300;6546200;2342900;2522100;14550500;4671100;9113700;3140000;3208900;5107400;4968800;65950300;1057400;1125800;994500;473900;2214000;15606200;5513500;33750100;20654000;1970100;33018000;54101900,0;3801400;4709700;2356600;3236200;3727370000
2024-05-10;50759500;13402300;335325000;29799900;10750000;34141800;7529800;27359100;1823900;8986400;13648100;5490900;5710600;2784600;2082300;12356600;4879400;8371700;4983500;2210600;3715500;5711300;72627200;2228700;823300;1083400;230100;2140000;11029000;4702500;10507500;26536000;1729900;37652800;59845400,0;3413700;2912300;3084500;4122500;3617900000
2024-05-13;72044800;15440200;289680000;31327600;14668800;24898600;7049200;24060600;1579600;10528400;15060600;6848300;5628500;2454500;1848900;19260500;5725500;10137600;3840700;2051200;3105200;7768600;67018900;972100;565800;1311400;247900;1725400;10985700;6384800;13588800;20862000;2069300;27859200;37524800,0;4055600;2998700;2710300;4140000;4255710000
2024-05-14;52393600;15109300;296507000;25127100;10478600;38698200;8596200;27594800;2412900;18526100;15079100;4924000;8254200;2949700;1956200;18780100;6009800;10852200;3143200;1563400;4686500;6103500;86407400;2444200;288800;1619100;323000;2925700;20396200;7713400;14572000;27924000;2991000;31938300;57894400,0;5854300;3056800;2672400;17811200;4763580000
2024-05-15;70400000;22239500;417735000;26948400;13100500;75459900;8370000;34084400;2217700;21288400;18244300;7603100;5548000;2981200;3038300;22240600;5102700;9838900;2982500;1913900;5858900;7133300;79663000;3264900;398900;1372600;254200;2576800;69656000;11349100;32220000;56706000;2437800;43195900;39424000,0;4151100;5828500;2854600;6604600;4360810000
2024-05-16;52845200;17530100;323952000;27867900;16608200;38834500;8497900;32554200;2070300;10341500;15745200;6409400;7591000;3655800;2299700;60545600;6793600;10228000;2339900;2821700;6993200;4283200;59812200;1221700;651000;1019100;338600;4283200;32019400;8173400;15045200;30564000;2412200;76726700;27416700,0;3101600;3559200;3549700;5159300;3817470000
2024-05-17;41282900;15352200;359691000;24479300;10807300;33175700;9260500;25537300;1655900;6177800;15104500;5497900;6521800;2657200;1670300;29330400;4700800;11539000;2454500;2104300;5562400;5946300;77445800;3889000;1568300;906500;274900;3545200;26830600;5799700;13368600;37827000;1985900;65944400;30032300,0;2739000;3478900;2988700;6179400;3578120000
2024-05-20;44361300;16272100;318764000;22554400;11745100;30511800;17373300;28369800;2591500;5460900;11551300;4913800;7742300;2476200;2188800;15001400;3804600;11000900;2651100;2247900;6228600;5586800;61727400;2713600;616400;647900;313300;3373900;16645800;8879700;15020000;38579000;1397200;45618000;35255300,0;3237400;2799300;3287900;5989000;3420100000
2024-05-21;42309400;21453300;328946000;16989400;11742200;50839100;14420800;31799200;2762600;6578200;14495000;4783300;5492400;2521900;4334500;17131700;5147100;9796200;2362600;1841100;4349100;5071300;115266500;2341800;755000;829000;278500;4017600;20720100;11498800;16696300;29202000;2166000;30005500;27954000,0;4275100;3492100;2731900;5549500;3662240000
2024-05-22;34648500;18073700;548648000;17880000;10078600;28148800;9425300;42837600;2729500;4202500;17879300;6260500;6609800;2299100;1767500;14879400;4536700;7419400;1906100;2104200;3785400;4432200;88313500;3362800;378100;1849200;341300;3413700;22250400;11170100;23354300;21762000;1713700;47426700;25212500,0;4024400;3309200;2664400;5705000;3847130000
2024-05-23;51005900;17211700;835065000;21024900;11747900;33670200;8069400;39033900;2254500;6115900;15979800;6718400;8000400;3055400;3025800;16222900;4729800;9834300;5636200;2749200;17116000;7411500;71975500;1478900;375000;1347700;368400;2580100;15732200;14475100;14779600;23139000;2084600;91888800;36887600,0;4021100;5456600;3392300;6108600;3869520000
2024-05-24;36327000;11855300;429494000;16579400;12024300;27471600;7356200;22166300;1932200;4339700;12212900;4477700;9520600;2527800;1778100;11795000;3820100;8203100;3382900;2635200;9489400;5500300;65584500;1123700;442300;1594100;375400;1769300;11539600;13809900;19937500;26153000;2162100;54868600;22158700,0;2736900;8325100;2067700;7173400;3005510000
2024-05-28;52280100;15718000;652728000;20572200;10175800;29927000;6910200;31217900;1930800;6212100;13978300;6928300;10499800;2912800;2483500;13349600;6466200;12347000;4324700;2264900;5274400;5749700;59736600;2326200;660300;1244200;254700;2478200;19438400;12485400;18720200;26095000;2670800;66495400;26274200,0;3807500;9294100;3315400;6911400;3751540000
2024-05-29;53068000;15517100;557442000;23388700;9226200;32009300;6120000;26677500;2315700;5469700;13902000;5909600;8263800;7521600;2380000;11538600;4360400;11861800;4029300;3040000;3666400;4820800;54782600;1823300;500300;2721400;270300;2371800;19738300;12552500;19371600;36959000;1876900;56537500;24834200,0;3506200;13397900;3426800;4735100;3552750000
2024-05-30;49889100;28394500;484553000;22931500;10719600;29184700;6829100;50989100;2135000;4901900;14683700;6369600;8490300;5169700;1984600;13051900;4748200;9433800;3597800;2745800;3924700;4384400;77618400;1361500;385300;1976400;341300;2409900;12585200;12245300;14695000;23889000;2189900;46367000;47210300,0;2921800;66763300;2905300;10839600;3818750000
2024-05-31;75158300;47995300;613263000;37638900;16919800;58903900;14417900;58188400;2638300;8910000;29037400;10334200;14621200;6694800;4472100;27632200;10341400;19816600;6125400;8319400;5774500;11704800;67314600;1907600;479100;1710400;456200;1764200;17922900;15064900;19726900;40710000;3917100;64331900;44416100,0;5557800;36807400;5190000;12755600;5437160000
2024-06-03;50080500;17484700;438392000;27459100;11279400;30786600;6444300;31898600;1930700;4838800;19589300;9009900;7329200;2795100;2537200;11578700;5828400;9369000;4342800;3878600;8951600;5220500;68568900;1029100;822300;1317500;300400;2100900;13166100;12419500;19214800;23235000;2123800;59157600;33876100,0;3712800;19962700;4903000;7256300;4046920000
2024-06-04;47471400;14348900;403324000;26879600;7088700;27198400;6848300;26974200;1835000;4188500;19412200;6360500;8876400;3178400;1748300;14780800;6277000;11895600;4592700;3706600;7176800;5598600;60056300;3022400;541600;1314500;380400;2611800;15690800;6629100;32554100;30082000;2096600;48157200;41974000,0;4296800;11197500;4154800;7368000;3707900000
2024-06-05;54156800;16988000;528402000;22068500;15690500;32116400;8351600;34140300;1678900;5368700;14863500;7058500;5891300;2464400;2169000;14982700;5243300;9632500;4136800;2616300;5944000;4279900;57953800;4123800;695100;1014200;447200;2125600;10591500;11626300;21361600;26826000;2157000;60507500;39825400,0;2422400;10772100;2634400;5973700;3591460000
2024-06-06;41181800;14861300;664696000;23251000;10667300;31371200;7640300;38676400;1598000;4862400;13154100;5215100;5016300;2419600;2109000;13256000;6302000;8658500;3354300;2452100;5942200;3867300;69887000;1689000;877400;846500;366600;1377000;13755700;7597200;31195700;24667000;1887100;47153700;60400400,0;2979400;11693800;3438900;7347200;3609990000
2024-06-07;53103900;13621700;412386000;19661400;9380700;28021500;6964500;25928700;1736100;4515600;13289200;5887700;5111600;3416300;2468800;20213200;4558200;9523100;2290100;2499100;3374500;3341800;56244900;2637200;555900;844200;292700;1775400;31687400;5714400;37267300;18766000;1664700;44796000;37149900,0;2583800;6883800;2942100;11545000;3692760000
2024-06-10;97010200;13982900;313434100;23726700;11220900;34445600;6070800;37176200;1698600;5213800;15239700;7074700;5749900;3332800;3417500;21659500;4110600;15685300;2866200;2640500;4385000;4385200;50774600;851200;394400;2069800;181400;1210800;17821800;6465100;27634800;20644000;1954500;67444600;31429200,0;2691000;7656900;2667300;10164700;3622280000
2024-06-11;172373300;14551100;222551200;21540600;9673700;27265100;9235300;44629000;1938200;6244600;12462400;5132000;5661200;4599700;4109100;13367500;3947700;8396000;2729400;3247000;5010100;5106400;64761900;1102200;667700;815400;192100;1962500;15562200;8197500;26014400;21674000;1777300;40497100;30601900,0;3250900;7264400;3605900;18373900;3568030000
2024-06-12;198134300;22366200;299595000;27864700;11983200;33984200;12751300;38964700;1733000;7536600;13606800;10017400;6180500;4048200;2594600;11704700;5474500;9569600;3169600;4817300;5245200;5790700;90389400;1370900;771700;1168300;283700;2226400;24098000;9502800;43671600;20944000;2738900;48325800;38542700,0;4793000;10260100;3551900;40871300;3962840000
2024-06-13;97862700;15960600;260704500;20913300;9954600;39721500;8587800;40018700;1849100;7361200;14466900;6163000;6840400;4951700;2243400;11196600;4902200;9668900;3153000;3183900;4201000;8080900;118984100;831300;779000;947300;251100;1818600;23212700;10102800;29116000;18636000;2916600;44442500;26035100,0;3380800;13566700;4563300;13733200;3530380000
2024-06-14;70122700;13582000;309320400;18063600;10243300;25456400;6874000;32347900;1559100;8537300;13313400;6159100;4075300;3188400;2023300;12590100;3695000;8179200;2806600;4195300;5106000;6247400;82038200;1040600;418900;803800;223100;1633300;21339800;6438200;22735500;44471000;2161500;34054000;26618300,0;2589000;8833700;2768600;11330800;3438650000
2024-06-17;93728300;20790000;288504400;19618500;11266600;35601900;8725400;26135400;1531600;9258200;21147900;6321400;6666600;2407200;2532200;12103000;6759400;10532700;2532900;3198900;4790000;9564800;109786100;1511300;367100;995700;313400;1797400;17965400;12109100;18977100;36312000;2351900;44507700;54101500,0;2680200;10563700;3406500;11232800;3447840000
2024-06-18;79943300;17112500;294335100;21869900;13060400;36659200;9023000;30804500;1798400;6707500;17762900;6942900;6156600;3692700;2437000;12093500;5112600;10651700;2956300;3275300;6179900;5105300;68982300;1435000;578000;922100;250700;1984400;18064200;22037500;27087800;29438000;2636500;51852000;54458600,0;3655000;7119800;4005300;11629400;3544330000
2024-06-20;86172500;19877400;517768400;20160100;11801200;44726800;8731100;29383300;2080600;10164400;17433200;8336000;8749700;5258100;3360000;13860800;8483600;13306300;4046500;4463300;5479300;4957200;55893100;2246700;1163200;1213500;264200;1823600;15894000;18701200;28757000;25851000;3006800;93245700;66735000,0;3661200;14809600;4844700;8940000;3847060000
2024-06-21;241805100;34187100;649445800;57759000;22359200;70792500;20972100;72244900;3780800;14594700;52212500;21289800;15172300;6368600;3445900;25883000;14682000;28278100;8425800;8265100;8628200;17195200;61937300;927300;1315700;1244400;307000;1768700;14591300;22286500;22076000;45064000;5007800;61293900;68605900,0;6596400;15719600;9009400;14844100;6773800000
2024-06-24;80727000;15913700;476060900;18298000;13525300;50610400;9785900;31064900;1882200;24149600;16266700;7971600;6914700;5139800;2878200;12470400;7565200;13212500;3901200;2447300;7388300;5519000;61992100;1196000;976400;2003400;244600;1681400;15500500;16087700;23639800;39163000;2597100;45954100;36477400,0;4278900;7545700;4933300;7793300;3696750000
2024-06-25;55549700;16413400;414192600;23130200;12063200;45366400;6862500;30596000;1555900;18325800;14188900;5985400;5912500;2916100;2830100;20869200;7968200;10235300;3903800;2990400;7434000;6825500;62905700;1223800;885700;1326000;261600;1543200;11892900;11974900;16425300;22706000;2299400;40572300;29389400,0;4879600;6037800;3879800;8205500;3591960000
2024-06-26;66213200;16507000;362975900;19839000;8882300;65103900;7758600;44310200;2131700;12172000;15771800;8637800;5267800;3153100;2232100;14177500;5164000;9402500;2796100;2198600;6553900;3998000;95737100;760700;793300;990000;315300;1368700;12038800;10023800;21855700;35458000;2451400;36973400;24331400,0;3365300;4524700;3334300;8036300;3563920000
2024-06-27;49772700;14806300;252571700;18848900;10121200;74397500;7913500;29464200;2835200;10529100;16812700;5568700;5739200;2991900;1948100;12899200;5007000;8494100;2651000;1995100;8199000;3339700;72746500;820000;570300;1001900;250600;2081200;18276500;11936600;30096400;24048000;3313800;34018200;37882900,0;2912600;12869000;3218600;7518200;3589530000
2024-06-28;82542700;28362300;315516700;29156600;15855100;76930200;15307600;52028200;3839700;13957300;24565900;11283400;10495700;22734200;3375400;18816700;9253100;17358800;8958700;8891500;5899900;8641200;95438100;1044900;723600;1282700;249600;1756300;16110700;15547500;28218100;34124000;4105000;56204600;38886400,0;6344000;12619300;6819800;25814800;7199220000
2024-07-01;60402900;17662800;284885500;16006100;10328200;41192000;10205800;26770500;1850500;7955800;11972900;5584100;5144400;4523100;2546100;8666000;7638600;10033400;3817600;2950200;9056700;4435100;135691400;649000;381900;988600;337600;1988700;19794300;6800600;20411700;22128000;3149700;50436700;33167900,0;2643600;5871700;2974100;6552400;3488760000
2024-07-02;58046200;13979800;218374000;17372500;7739500;45600000;7802900;35626100;1491800;8697800;13326700;7216800;5492000;3312000;4584600;9436500;5449200;8878200;3944900;2119800;4110500;5247300;205047900;744400;387600;1272000;297400;1718000;12865900;5632900;33023500;24114000;2061300;57838600;32148200,0;2995900;5130600;3220900;5920500;3329950000
2024-07-03;37369800;9932800;215749000;10242100;6005600;31597900;5560900;17100700;993900;5017800;7732900;3264200;3246200;2239200;3078400;6287500;2980500;9154200;2026100;1352200;2764800;2577300;166561500;1159700;183400;1045800;207700;2029400;12589500;4996200;33503600;14035000;3192400;26980900;18433800,0;1733000;4755700;1970300;3560800;2179470000
2024-07-05;60412400;16000300;214176700;20967500;21354100;39858900;8093100;23489000;1593800;7986400;12631000;6183100;4888500;3499000;2880900;21586100;6509200;11735500;2814300;2280900;3290400;4668300;154501200;1206100;335000;870900;354400;1950900;26906300;6375200;35541300;26591000;2220700;61857100;46703700,0;3437500;6562100;5149200;5365500;3253080000
2024-07-08;59085900;12962300;237677300;21035900;14917500;34767300;8707000;26728500;2214300;8561100;13350500;4990700;5260200;3450600;2364600;12077700;5144500;11235100;3163900;1913400;9878100;3453300;157219600;924300;478500;1403600;310500;1910800;21115200;6920400;17802200;19308000;1802700;60223400;59611200,0;3534500;6539300;3559500;8622600;3185670000
2024-07-09;48076100;17207200;285366600;15121400;8753200;32700100;9058900;34697200;4525100;6431300;11727000;5301600;5890400;3056800;2416000;9758400;4393100;11657500;4927300;1896100;3942900;3829900;160210900;477900;662400;1097900;349000;1784100;17970400;5272600;18780800;25961000;1608400;43395600;53067100,0;2254300;7014900;2989700;14334200;3232920000
2024-07-10;62627700;18196100;248978600;15952500;10983300;32883800;8328500;25333400;1946000;9635500;10004100;5416600;6093200;3189800;2683300;10803400;5037100;11930400;4092700;2904400;3583200;3904600;128519400;637000;363900;1456100;268100;1995300;16319000;5159400;16408500;26519000;4760900;90247000;43231000,0;3263100;8947700;3791800;6350300;3336100000
2024-07-11;64710600;23111200;374782700;25625800;16458300;44565000;10658100;33824600;2251400;8803600;13082700;8322500;6350400;3535100;2855100;15624800;5831500;11431600;5546400;3016400;4840600;4553800;221707300;669300;924700;2659400;258800;1673000;13482600;8602200;19614200;51066000;4032600;59231400;61546100,0;4146900;5341800;4065200;5245100;4020950000
2024-07-12;53046500;16324300;252680500;22898400;19750500;30598500;15443400;31856600;2727800;6627800;11684900;6446300;5336400;3570600;2315100;12145300;4684600;9201500;4543000;2451300;5129300;5983400;155955800;2201300;726100;2007100;335200;1617300;9251400;7217200;16038000;33552000;2645600;50827400;30760300,0;4019900;4705500;4834600;7361800;3700280000
2024-07-15;62631300;14429400;208326200;16474000;12539200;40683200;10719700;36648100;3568200;6845200;13032500;5661200;6711400;5128000;2358700;10171100;5752500;8207500;3393600;3394300;5189000;5383300;146912900;2835900;435800;1368500;376500;1936700;13618700;7463700;17120600;32088000;1727700;42202700;49186300,0;2884000;4404300;4594900;8687800;3620470000
2024-07-16;43234300;17175700;214769500;18290700;14075800;33994700;11557000;75953300;3981700;7869900;13614100;6924200;6469600;11062000;2111800;9836800;6378300;9025100;4173000;4637000;8546400;6500700;126332500;1763400;453600;1242100;265100;4562100;10732200;5998500;22640500;26857000;2846600;40633100;59330700,0;3210400;4780400;4293700;7181500;4041760000
2024-07-17;57345900;21778000;390086200;20734100;28076600;48076100;11572500;65713600;3908900;5324700;13602800;7296600;13801400;10330800;4200600;13533800;7982300;12508200;3711500;3061000;4899600;6041200;115584800;1857100;500000;2130900;378000;3407300;11504900;16156200;17561300;40173000;2925000;76954200;45203500,0;3991100;5625300;4776600;9157000;4246450000
2024-07-18;66034600;20794800;320979500;25315700;19267200;51043600;12415100;48549200;3320200;5550800;13033600;6577700;10166200;6834800;7649600;10682700;5926300;11128200;3421800;3876300;5354800;5274800;110869000;1630600;1134400;2063400;270400;3453600;14211200;9960600;26644300;75758000;3339900;69420300;76485600,0;2395000;6351600;4638300;5998700;4007510000
2024-07-19;49151500;20940400;217223800;18881900;15149400;43081800;8095900;43903000;2032700;6839900;16157700;6427700;7398000;4290400;3782200;11665500;6597100;13775700;3470600;3462700;5121300;5459800;87403900;1553300;615200;1302800;174100;2312400;12467400;9195700;22910100;98156000;2121700;47513100;49581600,0;2474500;4468900;4158800;6111900;3760570000
2024-07-22;48201800;15808800;258068900;24100300;12023100;39931900;7663200;42838300;1792500;5313600;12065900;5577300;6840600;3377300;2904500;12666100;6383000;11794200;2759500;2659600;4883500;6350500;101225400;2945400;348200;984500;193900;2678500;12439300;7590000;19481100;52191000;2111700;43912500;38037800,0;4049300;5647600;2995700;5387200;3375180000
2024-07-23;39960300;13107100;173911000;36352700;9455500;47537700;5557300;36705100;2020500;8109200;11251700;6238700;6261900;2785600;2087700;9263600;4863400;11810300;2653100;2027800;7614300;16428000;111928200;1124900;518600;932300;217700;2702500;10196000;5796700;15335900;24636000;2385500;31950600;31134300,0;2535700;3905500;2393000;6697400;3500210000
2024-07-24;61777600;26805800;327776900;49585200;17649700;41532400;7119000;36567200;1598600;13065900;14925200;5971700;7168200;3156200;2726100;22490800;5907000;13244600;5983300;2835800;5109100;7335200;167942900;843400;560700;1529100;240300;3066000;9711900;13295300;17425300;48882000;3764800;49203100;49004100,0;3508100;5204100;3143700;8018800;3945550000
2024-07-25;51391200;29943800;460067000;44852000;18240500;44464200;6403800;41593900;1489700;8573300;17021700;5432100;10019600;3102900;5468000;18821200;7338300;16328600;3323100;3291300;6128000;8791500;100636500;1725600;529900;1901100;278700;2484300;13431600;12700100;13148300;45545000;2384300;60578500;45474600,0;3297600;7155800;3334300;7654600;4592120000
2024-07-26;41601300;23583800;293399100;41336900;14222400;29506000;8027800;52049300;2249700;7062200;11252500;5232500;8356900;3201900;4173900;16789300;5581600;13530100;4002900;1894900;6272000;7297700;94604100;1360600;625100;902000;169000;2229500;10104200;6567800;12123000;31207000;2039600;49435800;27432200,0;2439000;6127300;2717600;5139400;3638770000
2024-07-29;36311800;15125800;248152100;20293800;11339600;33270100;6533600;37133100;1599500;6068100;8861800;5072000;5625000;2965000;2473700;10315300;6797800;12140200;9381000;2190300;3608600;4886600;129201800;770200;377300;1879600;217900;2285300;15309200;6051600;11130500;24005000;2248600;47447200;26038800,0;2142100;5101400;2620000;4054600;3379970000
2024-07-30;41643800;32687600;486833300;18959700;11390400;39508600;8850700;44163200;2642500;5941800;12483900;5740900;6545700;4139100;3848600;12522500;15746300;13258000;4936600;1970800;4789000;5329500;100560300;780200;315800;1066900;327100;3318000;11374900;15338900;15495800;34966000;2266900;68801700;31819900,0;2788800;3944300;3736400;6505700;3777740000
2024-07-31;50036300;42891400;473174200;25729100;24285800;41667300;9071600;50851600;2658900;7642500;15137700;6209200;8293200;4713200;2961700;22908800;9660900;15576800;4652100;2568100;15417000;5568800;67497000;2717000;386700;1262000;375400;3822900;11162100;19222200;21165400;31349000;4313600;114306800;29111600,0;3526100;4647700;3798800;7188000;4546910000
2024-08-01;62501000;30296400;523462300;24531400;43083100;70435600;10918600;60107800;4006800;7269700;15051500;16689900;7213400;3680800;4060700;17275500;12532700;16495900;4936000;3747900;13887000;6112900;83861900;1713800;325800;1066400;624500;3489200;14100000;24795000;20227000;37206000;2590100;94731900;31189600,0;3759000;5527400;3892300;5906800;4703620000
2024-08-02;105568600;29437900;482027500;29130100;24044700;141448400;18041700;76728000;6115500;7017900;20403800;13278600;11280400;5094000;3515900;23578700;11899000;22514800;9585900;4246700;11742800;8210700;82880100;1478700;386800;2915800;958300;3892200;18067200;16618900;23586900;35230000;3808100;78562000;56092600,0;3764600;6504500;4251500;8251600;5156450000
2024-08-05;119548600;40709200;552842400;53630700;21396200;83149400;13927000;76075200;4177200;9631300;18025900;13037200;12032200;4587400;4661800;20770500;10338800;25484300;6794900;4681300;9255100;7064800;100308800;1302000;554800;2036800;725400;4053700;20162200;12733900;27857600;40442000;4496700;76089400;88023500,0;3827900;6899300;7695100;10355000;5333250000
2024-08-06;69660500;24946500;409012100;49004600;20955000;59950800;10605800;40614100;2209300;21586800;13647800;9692700;7607100;3216500;3437600;14815100;7454900;12969100;3369300;5071700;5817300;5056700;73783900;1693200;364800;1420700;486500;4396200;20292600;9301000;25690300;43191000;2758900;64455600;99622700,0;2831100;5673900;5138700;8373900;4690190000
2024-08-07;63516400;20650900;411440400;25138600;20105300;48408200;9204400;44952400;2587600;12908600;13660700;8867900;5993000;4320700;4407700;18499200;8385500;13365300;3540000;3011700;5186400;4307500;71159800;896500;441700;1702100;587100;3817800;13471300;9266900;16155400;31878000;2059800;54676500;75975400,0;3429100;4035500;4745600;8617700;4558260000
2024-08-08;47161100;20203000;391910000;25578800;16156800;44616200;7761200;36557800;1936400;8223700;13851000;7531100;5094800;2860800;9434900;12489800;6386900;15240900;3227200;2268300;6063800;3842700;65033900;779800;695100;1381500;345100;2487900;17494100;9590900;22243300;32835000;1585400;49037500;96892900,0;3591100;4474300;3150000;6243200;4016830000
2024-08-09;42201600;19276700;290844200;28602300;13696600;36401000;5540200;26411200;1622700;7228100;12151900;7653100;4579200;2976700;6587600;13805600;5377300;12080400;2664900;1668100;3635600;2770100;58648300;466100;400800;1041000;232900;2652500;16591900;4824600;20783300;19808000;1760200;40583000;88131100,0;2314800;2975300;2602600;5597300;3516400000
2024-08-12;38028100;16762900;325559900;15895300;9767400;30072800;6936000;33040600;1839300;26769400;13228900;8442200;7605400;2532400;4206100;17385300;7208100;11012300;3008100;2127600;4715600;3173700;64044900;1019700;335600;891900;186900;1919500;18349600;8548000;19207100;23317000;1760000;39724300;67890300,0;3830200;3679700;2376000;5600800;3360160000
2024-08-13;44155300;19414300;312646700;18551700;13743800;39237900;6387800;21553500;1243700;12005700;11585100;7794800;9711400;2369400;3506800;26557900;3770000;9877600;2603600;1503800;6475500;2942400;76247400;565600;465300;940600;315200;1887500;14757900;11102100;24908200;26396000;1816100;42218000;57294200,0;6388600;4031600;3472000;4324000;3648980000
2024-08-14;41960600;18267000;339246400;40591100;11444200;28843800;6999800;25658900;1545600;8552300;12194500;5874200;5141200;2344400;3562900;22928600;5476600;14328000;2242100;1610900;3852700;4456000;70250000;1095200;378900;769400;272900;2904700;11476600;7208200;16962100;40143000;1654100;35506400;49885600,0;4814800;4145200;2860200;4044600;3380050000
2024-08-15;46414000;20752100;318086700;31524300;13482100;51698500;7001000;37379800;1732300;7397800;11579400;6304200;7237800;2751800;3080000;49567500;9491400;11285100;2445200;3232600;5942200;4162500;89848500;2568700;536200;1044300;519000;3304400;14074800;10752100;21874400;32102000;2130500;43582400;43407600,0;3575800;5167900;3226400;4698100;3723310000
2024-08-16;44340200;22775600;302589900;24208600;14776700;31489200;7931200;26886600;1587000;5111100;10056000;6874400;5012800;2728900;2364900;19872100;5640800;12651200;3286000;2483800;6731500;3305600;88765100;1450200;844300;966400;245100;2820600;19246900;5435700;21275300;35110000;1921900;31123900;64870600,0;3308300;3494900;3345000;4893800;3357690000
2024-08-19;40687800;15234000;318333600;22416200;9879700;31129800;6090800;27268900;1027900;6555900;12417500;5967400;4408400;1847900;2374600;13709300;3885300;9843900;5268800;2252600;3894200;4506000;76435200;610400;534600;1164000;402100;2784100;20272300;6708100;19868100;30162000;1690800;60766900;52353600,0;3634900;4501300;3385300;3641600;3222050000
2024-08-20;30299000;16387600;300087400;18341500;7944400;26255200;5640000;44440800;2122700;6803600;15632000;7497600;7275100;1677500;4961500;14434000;4513600;11957400;3697600;1479500;9549100;2573900;74001200;474300;545400;1059300;225600;2242400;13764900;6222400;15997400;48131000;1763300;76851200;40783000,0;3459400;5731300;2906500;3738300;2994420000
2024-08-21;34765500;16067300;257883600;22902000;13423300;35599100;5202300;33751100;917100;6639700;11752400;5985000;5019400;2844300;2617000;14832000;4082000;8792400;2686300;1433200;4493600;4102900;70146000;438400;412500;751800;238900;2217400;14668100;6309500;11199900;22353000;2105900;42791200;38147600,0;4587600;4648200;3028500;3776800;3119670000
2024-08-22;43695300;19361900;376189100;22493300;15708300;32047500;5247100;35421600;943800;4425200;10609500;4027000;6552100;2282000;3183700;16511100;4097300;12509200;1746400;2021400;2788000;2996600;79514500;676100;342500;584000;191500;1761500;13789200;6743500;30963700;27294000;1538200;45737300;43522200,0;4097300;5111400;3502800;5162200;2981530000
2024-08-23;38677300;18493800;323230300;13955700;11323900;29150100;7214000;45616600;1751800;3697400;10381400;4824100;7093400;2376400;2063300;12299100;4771300;11834700;2145900;2183900;4405900;4058000;81525200;720900;229000;988200;162700;2847000;13707300;6823600;20777900;23545000;1986300;43694600;34121200,0;3426200;4711300;2805400;4544600;3291940000
2024-08-26;30602200;13152800;331964700;14190400;9584000;22366200;5105200;44659500;1084200;4612200;13671000;5780300;6870600;1800000;2166000;9508200;6472400;12912200;2018500;1718100;4034300;3707300;59301200;917300;222700;479200;181700;2463500;48602100;7437600;16534200;13542000;1434400;49893300;35283600,0;2452100;3818300;3575800;2729600;2938570000
2024-08-27;35934600;13492900;303134600;11821900;6282700;29842000;5185200;32323900;977900;6594100;9991600;5100000;4388700;1581900;2912900;11557800;4456400;16988400;2897600;1210800;3295800;3206000;62821400;475600;186700;427200;272400;2399300;18491000;6498800;8461800;31649000;1635900;35102700;23541300,0;1780300;5276400;3764700;3872200;2798990000
2024-08-28;38052200;14882700;448101100;16407400;9106100;29045000;6506400;40700500;1568100;5455100;10742900;5614400;5187000;1657000;1701800;9814300;5644800;13272600;2603800;1514500;4550300;4578700;64116400;1215900;223500;1043300;251500;2070700;25906000;6534600;12924700;24306000;1445300;34075800;33961400,0;2218300;10981900;4838100;3022600;3053450000
2024-08-29;51906300;17045200;453023300;19699800;8317400;26407800;6416100;34810800;1566300;5565100;10753900;4466700;7390100;1953200;1762800;11856800;4413200;17201700;1797100;1664500;4119500;4262500;62308800;402000;223600;745200;199200;1473900;15856500;12514200;25900600;21870000;1893400;31602100;39733000,0;2698400;14301700;4459400;4588400;3065640000
2024-08-30;52990800;24308300;333751600;22123800;9157500;43429400;8574100;49098200;1838900;6296100;13284700;6414800;7971000;2944700;2555100;23230000;7301600;18624200;2528500;2974100;4146200;5295600;63370600;1155100;213300;778500;384400;2238200;15142700;11110800;47117200;32667000;2982100;31169100;42388000,0;3216700;10507700;7465800;7980700;4185850000
2024-09-03;50190600;20313600;477155100;38945300;12459100;37817500;8956100;48489300;2373600;7278300;15725100;7944700;6956500;3175500;2529400;22666100;10101400;14755800;2902800;3107200;17925400;6099600;76714200;4062500;235600;1207400;377200;3715700;21659900;11620300;23963500;31610000;2063700;42172700;34531600,0;3598100;6190400;7511900;6831200;3866350000
2024-09-04;43840200;15135800;372470300;19353800;8335200;30309200;7389500;39629600;1509400;6107500;12620600;9820700;6939100;2935000;1891700;18442800;7517500;18140800;2558300;2782500;7316300;4112400;80651800;1685300;411800;1194800;167900;2096500;18748400;6737000;17619700;17853000;2156300;42130600;33419500,0;3221300;4706500;5309400;6243300;3478140000
2024-09-05;36615400;14195500;306850700;18688700;8640900;40170500;8067900;34214500;1828300;6447400;17200800;9371100;4600400;2144800;3201100;13082900;6061900;23866100;2412500;2525500;4717500;3144200;119355000;1473500;394700;1079400;218700;2035100;18718200;5600000;14487300;18101000;2293500;25023000;24012300,0;2789200;4083600;6213200;8733200;3521650000
2024-09-06;48423000;19609500;413638100;37912100;14744500;41466500;7777000;47007600;1995600;7187700;13467700;7836400;6016900;2926400;3440000;14548600;5785700;17485700;3863600;2676600;7328600;3954900;112177000;1261500;301400;1310100;304400;3387700;25934700;10703000;23557700;29913000;2116200;39993500;50946800,0;2228800;6259400;4400300;11154800;3822800000
2024-09-09;67180000;15295100;273912000;39260500;11047800;29037400;8935100;37610200;1714200;10933900;21645300;9892300;7538200;3411400;2405900;22260200;6450200;12939300;3208600;2355800;9091500;3716000;67443500;923400;264400;921900;229900;2379100;18471900;7494900;11957400;26831000;2343600;27194500;140582500,0;2747600;4588800;4571000;20233400;3825940000
2024-09-10;51591000;19594300;268283700;31118800;9899000;36233800;28406900;53983900;3583100;5314400;20913400;8202500;6559600;2863500;1930400;17686300;6396300;10277600;2497100;1869200;6367100;3473200;78891100;1284400;183400;860700;198600;2092100;18918500;7918100;13294100;20792000;2234100;37217500;91721000,0;2787400;3544800;3544100;37374200;3848180000
2024-09-11;44587100;19266900;441422400;29607700;10782500;42564700;13658700;41190000;2426500;6281800;19571900;9534000;5920200;3563600;2721100;19518800;6828200;11418200;2747500;1934700;6664800;4258000;83548600;1751000;244700;907800;323500;2532200;20916300;8275400;12530900;23919000;2480000;50935400;68302300,0;2937700;4822200;5772700;12630100;3839450000
2024-09-12;37455600;17395700;366052700;29621500;11970500;33544200;9054400;39921600;1480500;4160800;15919500;6591500;4540900;3395800;2510800;14877700;4838900;12337800;2274200;1747000;4742700;5148500;71894900;1079800;417700;1302500;435900;2776100;17532500;6039200;13803700;25821000;2299100;29233700;54291900,0;2367700;5219700;3848700;16161300;3655070000
2024-09-13;36766600;15874600;238358300;29591200;10321400;26495400;10226700;31887300;1794500;4987600;10035400;5900700;3693400;2241900;2045400;12994100;3918000;11073800;2205500;2518600;19003400;7360800;59515100;2502700;265100;1365900;256700;2033900;19257900;4049900;17904100;22765000;2204700;25117200;49727200,0;2514700;4998900;3882600;25727800;3500790000
2024-09-16;59357400;13834700;248772300;18379800;9527600;26065500;8634900;26336400;1500300;4458900;11729000;6864300;5187800;2548600;1760300;15346400;6892300;10786500;2916200;1648200;9955200;6844600;54323000;929000;502600;1038300;264600;1845400;15643200;6510000;10432300;18437000;1589200;27677800;74767300,0;2877800;5367000;3264400;27384400;3437070000
2024-09-17;45519300;18874200;231925900;20715600;11690800;26091700;7573300;27769400;1444900;5135700;12202600;7338800;5066500;3416000;2248000;21065900;4757100;12974400;2997400;2088400;8123200;5936900;66761600;988100;360900;1152800;283900;1868300;11974600;5828000;14695900;22986000;2202800;29889000;64461800,0;2947600;5423400;3824300;12580100;3443600000
2024-09-18;59894900;18898000;310318900;23677300;10323500;34448100;8259900;42527800;1699500;5890000;12569900;6180300;4722800;2988300;1777000;15684900;5102900;10719700;1788200;1990700;7714400;5686500;78010200;1422500;436900;1153300;218900;2078800;15101100;5877600;17090300;29844000;2193800;26320100;66279800,0;3549400;4436700;3065200;12274400;3691390000
2024-09-19;66781300;21706600;293506400;26587700;15647000;39543200;11635200;57977800;3060700;10382100;12660600;7247400;4956100;2945700;2446500;21525700;8692000;13635600;2271400;4066600;9570000;5021500;102694600;3517000;458400;1535700;360800;5144600;13294500;10900000;16138200;42285000;3517200;44500000;59882000,0;3753500;11022800;3891300;10075900;4024530000
2024-09-20;318679900;55167100;382462400;40896400;22066800;100378600;20885000;70725000;4452600;27810900;36206200;23162900;11839000;5398700;9921800;39534300;28647500;48578500;5817300;5440500;13919400;9895700;99879100;1992000;617500;1875600;319400;2044900;14654700;27546400;30075200;39981000;3470200;40248200;450290500,0;6584200;11463200;8468800;12187700;7867260000
2024-09-23;54146000;15128900;206228500;24150900;12830700;36993100;7223500;31714800;953200;6505600;16066300;6960600;4671600;2386100;2292000;12147300;10265000;11613000;2312400;2442700;12476800;3972500;86927200;929800;331300;1223000;226500;2057000;12179400;9810000;24198500;32243000;2191300;21728500;79460700,0;2502300;6034000;3485100;7916100;3529550000
2024-09-24;43556100;17015800;354966800;23332100;12993000;43478900;7323200;32534900;1035400;13690200;11984900;6014200;6041600;3188500;2767400;14651100;5422400;13330600;2408100;4024300;7414900;3648900;88491000;7453400;235800;1351300;303100;4128600;15479700;9666800;21431500;35657000;4143700;27531200;79519200,0;4057700;7154500;3009900;6155100;3872710000
2024-09-25;42308700;13396400;284692900;18869200;16543400;26391100;8976500;28866000;1763900;11671300;13816000;7888400;5420000;2658800;1805100;14163800;8916500;12329100;1986200;2661500;9587700;3214800;65034300;1410100;301900;1004400;234900;3420200;12729400;5095500;26106800;22598000;3483200;35233300;46511700,0;2787300;7920000;2843300;7142400;3624910000
2024-09-26;36636700;14492000;302582900;20319300;14400800;36334900;7807500;39601400;1378100;9552500;16887900;8046200;6122000;2751900;2693000;17061100;4957200;10815200;1971100;3906800;11414400;4781500;67142200;3377400;565900;727100;328900;5285300;16773600;8475000;32485700;28330000;3073700;38044900;48602000,0;2849500;5253400;3262000;7096800;4391180000
2024-09-27;34026000;14896100;271009200;21101300;9398400;36002300;7032500;27861100;1420100;6509600;15964000;8049200;7553800;2986200;4377300;11899100;4599500;11175700;3402800;2683700;7637000;4452800;70988100;1505700;204300;1195500;321200;2910600;17118400;5880700;12888900;23956000;2177200;27876000;43219100,0;2452300;5220100;2728000;8974400;3898530000
2024-09-30;54541900;16807300;226553700;20413900;12792300;41583900;8663800;35055200;1602500;5969900;13247600;7491700;6010000;3009700;3244600;18997000;6296600;18015300;2286500;2251300;10902200;5628400;80705700;3018900;400400;1168200;398600;3347900;13290200;8099700;14547100;17099000;2862400;21881600;42110200,0;3442000;5059700;3631100;10210300;4425730000
2024-10-01;63285000;19092900;302094500;28338100;15259300;36044900;8540100;26291200;1528600;5781600;23235900;9489100;4408000;2648400;2455200;16054200;7130600;13294500;3036200;2091400;12588800;3794000;87397600;1575800;281400;1401000;349100;3536300;17747300;8277600;19830300;28135000;3748100;31831900;52858000,0;3476200;4369900;3043700;7595100;4025180000
2024-10-02;32880600;16582300;221845900;17760200;6524700;23704100;5810900;23302700;1445100;4741600;17129700;8105400;4684400;3667000;1751600;16618300;6212700;11155500;2352400;1767900;4357000;2879800;93983900;716200;267100;792900;514600;4744600;12580700;4484600;19347600;17582000;1736500;24630400;34988900,0;3431300;8512300;2803400;7073000;3829050000
2024-10-03;34044200;13686400;277118000;15073100;11581000;30204300;7251300;26030200;1290600;3036700;16524300;6553300;4791200;2645800;1974700;11640400;4794300;9374800;1802500;1866100;5704800;3999500;80729200;3085500;513600;806200;243200;2760800;15528900;6260200;19315200;22564000;1382200;29598800;57196400,0;3320700;3868400;2564700;4735700;3597450000
2024-10-04;37245100;19169700;243678100;19047400;14169500;40890300;10211700;34209900;1721600;4259300;19752300;7892400;5331100;2462600;1970500;11583400;6002800;12684800;2432400;1675100;6657500;3978300;86573200;1869100;527800;650100;315800;2064200;9388100;6586500;15078600;22290000;1935600;44556500;62532500,0;3989000;6129900;3090200;6386900;3479400000
2024-10-07;39505400;20919800;346250200;22463100;12014200;42364200;6718900;27177500;1173300;4339300;15714400;5895900;4266000;2591100;2915700;16791600;6325300;14512000;2091800;2224500;6267900;2514200;68113300;1622300;546000;968300;252000;2386000;11901500;4359300;11230100;33605000;1990500;38379900;44124800,0;3267800;4794700;3222100;6791000;3637790000
2024-10-08;31855700;19229300;285722500;23072700;7857400;26372100;6021800;26023600;1296700;4370900;14818500;5892700;4766300;2231400;2200000;15270000;7473000;13549700;2038300;2438800;5336300;3627200;56303200;2045400;864100;619000;268900;5638800;16641600;7843500;10924700;31874000;1750100;34730200;62542900,0;3693900;5211200;2234100;7845400;3393400000
2024-10-09;33591100;14974300;246191600;31181800;9529700;26343100;7024000;27421000;1695900;4115800;11144900;4973500;6047200;2207700;1820100;12413000;8758800;9037700;1854100;1757900;12488500;2312600;66289500;722800;562000;939600;274700;4138900;11496300;5486500;25465800;19811000;1707500;33890700;86404700,0;3627800;4851000;2206100;8120900;3650340000
2024-10-10;28183500;13848400;242311300;14144100;7740400;27785000;7927100;26182300;1309000;4063900;10243300;4420900;4793900;2143200;1682100;10812700;6932300;8635200;1739500;1331700;11275800;2300900;83087100;508100;760300;844500;197300;3352300;9648600;5048000;11874700;27679000;1491000;75113600;62516300,0;3040800;3965500;2375800;7115900;3208790000
2024-10-11;31759200;14144900;170209500;15344300;8587100;25751600;18320700;50660700;2409700;4746300;8294800;5051300;5253500;1909700;2293900;9570700;7036500;8786300;1775600;2110400;10688600;2983900;142628900;556100;578500;2178900;343000;3490000;9405700;3801400;14482900;22995000;1919900;42136200;66206900,0;2717400;3597000;3242000;5869400;3208720000
2024-10-14;39882100;16653100;232347700;19016100;8252000;22614400;9048900;28098900;2174900;3996600;9808100;4214700;5964000;2447100;1550400;9914500;5909000;7659300;2376300;3006100;9737000;3132900;86291900;1117600;322300;1221600;201700;3928900;11916900;9933600;16173400;27971000;2127000;31757200;41010900,0;2088700;3642500;2969800;4688700;3005250000
2024-10-15;64751400;18900200;377831000;20247200;9564200;32178900;9235800;61490000;4525400;5807000;15771300;6704600;10548000;11939400;2284200;13276200;7172200;10358700;3067100;2715100;11241700;3824300;62988800;2531300;261100;706200;330700;4468500;15793200;12910400;14772900;29328000;2885900;50768000;48297000,0;3693000;3850800;3929900;5848600;3882120000
2024-10-16;34082200;15508900;264879700;16406000;11268400;23456800;6382500;42437800;2649000;9442700;8426800;4303700;5982100;5103900;1645400;11123300;6117000;7937300;1821300;1551600;8356200;2912800;49632800;1332000;675800;714800;230300;3566600;9343700;6495700;12831900;24943000;2956700;30575800;59157900,0;2429000;3497000;3166300;6383000;3467230000
2024-10-17;32993800;14820000;306435900;21453400;8701200;25039400;6470200;31708600;2123500;8815800;11204900;6593100;4798000;5588700;2191200;9424700;7045600;14674600;3095200;1561500;6291800;2633300;50791800;991100;643900;556700;199700;3642800;9715700;6093200;11336900;89267000;2227400;29491900;34028400,0;2013800;2830000;2520900;5474000;3480010000
2024-10-18;46431500;17145300;176090200;19757700;7694300;37417700;7000500;30593500;1779200;5350900;12898600;5208200;5908000;3687000;2286900;12324100;8372500;15087500;2531200;3024100;6030200;3075900;49611900;736300;610900;815300;229900;2429900;11358600;6432700;14186900;159741000;2604600;23823000;33969000,0;2436600;3087900;5635500;5001300;3374490000
2024-10-21;36254500;14206100;264554500;20946500;8171900;24639400;5870000;26589500;1752100;6313100;10177800;5074000;6082700;3018000;1592200;9750400;5522500;11981200;2404100;2375900;13277600;4728800;47329000;714000;378100;1379800;217200;2054400;13119100;7297700;9556300;60571000;2217500;25781200;30719800,0;3699500;2712600;3131500;4198400;3407010000
2024-10-22;38846600;25482200;226311600;16568100;8544500;29650600;9586800;37104400;1588000;5736500;9201400;4416400;5680300;2593800;1391800;12240100;7511400;18603300;5889100;1523900;7380800;15636200;43268700;608400;324800;1233400;188600;1746600;12556200;7313000;11700000;29873000;1855800;34997400;27830700,0;4486700;3100100;3315200;5510100;3342080000
2024-10-23;52287000;19654400;285930000;18280500;14248400;31937100;6180500;28569400;1263200;5249300;8320300;5248600;7441600;2911900;2646600;13058200;4837800;24655200;18792000;1500900;15931500;9788600;80938900;2373600;229000;1291000;163600;2639000;11046300;9788200;14299400;37490000;1759700;26095900;35647000,0;3159000;3227100;3655200;4830400;3532650000
2024-10-24;31109500;13581600;172354900;22412500;7184700;21647400;6002200;28392000;2058200;4679900;9905600;5474300;5386300;2590200;1797100;11645900;5861200;17568800;5522600;1844100;9774400;4366800;204491900;1464600;264300;730400;130900;2969800;11412700;4933400;16232300;26430000;1911900;22877000;34079600,0;2550300;3210700;3793500;3488000;3543030000
2024-10-25;38802300;16899100;205122100;19828900;11337900;29362100;6369700;27466900;1633200;4464600;10714600;6839900;6400400;2513700;2228300;8959400;4877900;11138100;8863200;1606800;8153000;3974900;161611900;525700;367900;745400;217100;2574200;14402400;5496600;14486700;28195000;1582200;29758500;50416500,0;1941400;3351200;2838900;3674700;3501280000
2024-10-28;36087100;14882400;173586700;32138600;10925100;27930800;6843000;24527600;1687100;4306200;11844500;8892000;4842500;1826500;2084100;7990200;5753800;10761400;6656000;3213900;20992500;5687400;107653600;374700;255400;720800;286200;1706000;15437300;5024600;15516100;28624000;2186400;36010100;36729700,0;2586500;3867800;4103400;4330000;3691280000
2024-10-29;35417200;17644100;157593600;42169000;13019100;35690200;6580000;22313500;1281600;7534800;14731000;6014700;5216900;2600300;3187500;9682400;5681000;16525900;9048900;2186400;66387700;5219300;80521800;919000;280700;687500;338400;1669500;14801500;6427700;11110500;36604000;2066300;71896000;26154700,0;3822700;4280700;3985200;4122900;3879100000
2024-10-30;47070900;29749100;179418100;68890800;26864900;37707600;7110900;38100500;1441600;9606800;12303700;5784000;5820500;2323600;18257200;9268800;5518100;14177800;4924000;4037500;50738400;3694000;53993600;730500;344400;1020900;366600;1856000;10522900;8819700;13076200;17220000;3121000;87701700;31309200,0;2795600;2826500;2692100;5822500;3851120000
2024-10-31;64370100;53971000;270039600;44769000;26838400;75146800;7829900;28138200;2061700;7950200;20512000;8400900;8613900;2490000;6582800;15539000;6056500;13383700;4277400;2394500;29388200;5177100;66575300;1453000;276500;1645100;324100;1817200;12882300;10261200;15048900;30577000;5523300;44386600;50973400,0;2518600;4301800;3660300;9477500;4425660000
2024-11-01;65276700;24230400;207127800;31796500;15303200;99687800;6923500;31220000;1625000;5470700;20939300;11728000;5256400;2548300;5266300;12181800;5454800;12163100;4131800;1633300;18894500;3984900;57544800;658600;223400;1390700;344800;1807700;18147100;6498100;25517100;29968000;3753700;39027400;33722500,0;3277800;3527500;2971300;5680600;3796450000
2024-11-04;44944500;19672300;187528200;21492700;12064600;38492100;8229600;31110100;1797800;4281600;14965400;6130000;4644000;2656600;3918100;11731000;5130200;10984500;2583100;1793600;10290400;4197400;68802400;1090900;281600;1090300;249700;1703200;17004500;4949800;22083200;19022000;2165100;29117400;75413300,0;2690500;5107900;5733200;4804400;3602060000
2024-11-05;28111300;17626000;160537400;18242100;9775400;30564800;5600700;30851400;2169900;3753700;10436700;5978900;6547100;2608100;3733300;10612500;4397400;8780200;3032100;1724100;23126600;3607300;69282500;761400;245100;938600;287300;1490900;11424100;5373200;19923800;22006000;2132900;27067300;208868200,0;2496500;4456100;3154400;5456800;3768310000
2024-11-06;54561100;26681800;242043900;33695500;18305400;72292200;23987800;110086700;8042800;10320500;20807700;12118900;8926600;6591300;8257900;19974000;11473700;22899300;4646400;4720000;28069300;5939500;165228700;3699300;561000;1570200;508900;2931000;16073100;17661900;30569000;36908000;3673700;32911500;114255900,0;7133400;5874900;6906800;11085000;6329530000
2024-11-07;42137700;19901800;207323300;25352900;14653700;52878400;16451100;48339700;4475600;6237300;12184400;8143200;7522800;5254300;4557600;12665800;9056700;14856100;3357400;3211100;14709200;5084200;117309200;1200300;932100;1344700;2966800;4396100;18757200;23586300;29784200;32951000;2382300;30326400;121591200,0;4323100;5722600;4238000;7759400;4925740000
2024-11-08;38328800;16891400;175665800;22006200;9415700;36075800;9502100;38331800;2714000;6240600;12836000;6041500;8926100;3875800;7212900;14396500;7506200;14719300;3279100;3345900;12996800;4676500;204782800;1009000;455900;1271800;1356900;4747100;19741000;10736600;39773500;19106000;2215600;27560300;84124000,0;3448700;8485000;3541300;8520400;4666740000
2024-11-11;42005600;24503300;182325600;17450400;10209100;35456000;9017100;43293500;2510800;4674100;11969700;7771700;7146800;3003200;3342800;10433200;6364400;13980900;2872400;1858900;12799100;3371900;210521600;918400;274800;1016200;987200;3467400;15875800;7829500;20309300;23992000;2213400;29868100;108357800,0;4071500;13954200;4119100;5973600;4333000000
2024-11-12;40398300;19401200;198634700;25134900;16287700;38942900;6861000;38155900;2392900;4616400;11972800;5681900;7181400;2809400;3378600;12860200;6507500;15021000;2452900;1737100;16746700;3158000;155726000;2289800;547200;1335400;637100;4297300;22438600;8483300;16472600;28141000;2577600;33560300;59061300,0;5647100;7659700;4400500;6629900;4243400000
2024-11-13;48566200;21502200;191903300;23184000;10757600;46212900;11472600;36903900;1763100;4046400;15127900;8824000;7161900;3409400;3059300;12802600;5412300;13177600;2327100;2001900;21249600;3934800;125405600;3484500;650900;961400;456100;2165800;16085100;7921700;17677300;27678000;2681500;35146600;85937400,0;3083100;6902900;2861700;5695400;4220180000
2024-11-14;44923900;30246900;194463300;31007500;11053700;42620300;10172200;35733100;1670500;4415800;13041800;10111200;7716400;3079200;3998800;15740700;7444300;15910800;1932600;1372500;15646700;5085600;120726100;3348700;672000;2134000;547000;2433100;16441100;7012600;19530700;30382000;2480400;31681400;59968200,0;3348100;7630600;3777300;7804300;4184570000
2024-11-15;47923700;28247600;250132900;32504600;17712900;86591100;11518800;40488900;2007700;5106300;19051700;9022800;11328500;3423900;7334600;17370600;9939400;26284300;4039400;2165500;12120100;5302100;114440300;1825300;1348800;3546400;463700;3049000;14584000;9737000;15728900;36737000;2408100;44217500;155280400,0;3239500;7093000;5817700;8986300;4590960000
2024-11-18;44633700;24727000;221205300;20135300;14327300;36409900;9051400;32360300;1848900;4585600;14239700;6075400;7510600;2577100;9148100;25093800;6681000;16062100;2865000;1626200;12251600;2833800;126085600;1194200;902300;1533600;359900;3107100;16457300;7814200;15746800;40812000;2493400;38705400;136663100,0;3394300;4250400;3357100;6289400;3983860000
2024-11-19;36211800;18133500;227834900;23434900;9522400;31197900;6792700;28534100;2217400;4885500;11584400;4657400;8233700;3198300;5832500;36340900;5683700;16254800;2353300;1793200;8247300;3216000;88852500;1055400;654900;1312200;342900;2012400;17647300;6176800;10524100;38142000;2716000;23131400;75557800,0;3239400;5469900;3656200;8117000;4036940000
2024-11-20;35169600;19191700;309871700;18997100;9797300;32769000;9015300;28021000;1528600;6349900;11360900;6391300;9061300;3928600;5158900;18183200;7081100;18904900;2524600;1859600;9232100;3225400;66340700;1196600;592100;1272300;439300;1336500;9870200;14483000;15546300;40938000;2409400;28843100;59182200,0;4732200;3763500;3019500;4860200;3772620000
2024-11-21;42108300;20780200;400946600;59734400;11154700;58800000;8783500;45336500;2281900;5757100;14675400;7945200;10141100;2722900;4143200;18729200;6240400;17292300;4475700;1833500;7845100;4532000;58011700;812500;574800;1324300;385500;1964100;15162600;10685800;20185900;45113000;3077300;29311400;56336700,0;3722200;8364200;4116800;11394300;4230120000
2024-11-22;38168300;24814600;236406200;38604600;9164000;31530800;7997300;37996200;1733700;5919200;13323400;7005900;8266000;3197900;4015500;23990600;10609800;19562200;2879100;1893000;13353100;3405200;89140700;1120000;392400;1260000;414200;1870100;37510700;5709300;15135100;32140000;3130400;21784700;61381700,0;4932500;5649400;3885200;6879400;4141420000
2024-11-25;90152800;27691100;344941900;33135300;13599800;40685700;10295400;42718600;2940800;14189300;26580300;10702400;12256200;5146200;5690500;25078600;19357000;36805300;5021800;4398000;11479400;9740700;95890900;1282300;353900;3319900;655900;2193800;16104100;9189800;14315500;60142000;4503900;30923100;80640500,0;4544200;7117200;5246600;15138500;5633150000
2024-11-26;45986200;23458900;190287700;20486700;10356600;41673700;6212100;30301500;2846500;7071500;14827300;7369500;5683500;2693600;6622600;16657000;6276700;14473300;2254200;1796600;8235000;3918900;62295900;1224800;280700;1801000;393000;1765100;12433100;9489900;17932800;31383000;2326800;32092400;46923600,0;2758600;4492800;3332000;6427200;3835170000
2024-11-27;33498400;18332400;226370900;19266500;7200200;28061600;5472300;23278400;1424500;5204300;11079100;7674500;4140400;2269800;2714700;14358900;5522900;13263400;2240300;1371900;5210100;2726200;57896400;1298900;239100;1151100;282300;1712500;15799900;6337900;40329900;25782000;2086300;30175300;53839900,0;2293500;7471500;5359300;8368800;3363340000
2024-11-29;28481400;16271900;141863200;14257200;7130500;24892400;5494800;23262000;1170200;3853300;9426500;5077000;5687800;2010800;2206900;11041200;3823700;10648400;1655900;1962100;7100100;2054700;37167600;1278900;139000;1585100;374200;1074600;14362500;6112000;47931600;20272000;1760600;16085700;30104000,0;2028700;3517600;2969700;4628000;2444420000
2024-12-02;48137100;20207200;171682800;23789100;12522400;39523200;8899700;35891500;1804100;5597500;12687300;6229600;6946500;3364900;2895600;17173000;5728200;16500100;3149900;1548500;10097900;2817700;77986500;1323700;364500;991100;384800;3015500;15242500;9812700;26922900;23890000;2355100;33102400;46405000,0;2617100;6063400;5031500;8859700;4412470000
2024-12-03;38861000;18302000;164414000;22248700;14907200;32214800;6657700;38123800;1718100;5009900;11756600;5900100;8674400;2329900;2782100;17775200;8127300;24874500;3031000;1716200;6130300;2882300;58267200;1190100;321200;1136600;299500;5094300;11684100;6961400;16169200;24016000;2319400;22665300;100751400,0;2714000;12632400;4931600;8917100;4095000000
2024-12-04;44383900;26009400;231224300;31615100;14697000;48745700;7346300;24941300;1617300;5981800;19520600;7862700;10333100;4147600;3871100;17312600;6823500;28137700;3742500;1193800;9269300;3713400;50810900;873600;461200;1304500;367400;2520000;16738500;6721600;16085000;26896000;2630000;25942700;86284800,0;1968800;24733100;3941100;8906300;4003390000
2024-12-05;40033900;21697800;172621200;21356200;8081200;41140200;6572500;31572100;1672800;5200100;15751200;6358400;7898100;5943700;2423400;21932300;5022200;21040400;2594800;1291400;7119800;7547300;81403600;1188400;335500;751100;325500;2181200;15100600;7279800;18387100;28353000;2538600;29576900;66585800,0;2523500;10942100;3320200;6398100;4212020000
2024-12-06;36870600;18821000;188505600;21462400;16935500;44178100;5519700;28931700;1405700;4302700;16171100;9701700;8389600;13003600;3047100;18803500;5741200;15581100;4158700;1331000;8182700;6899600;81455800;1012100;382800;1627400;311000;2715100;15649000;9918400;22627900;29554000;2122700;33576800;93640900,0;3161400;5738900;3270900;10503400;3924830000
2024-12-09;44649200;19144400;189308600;25389600;11426000;46819400;7076500;34660900;1633200;5785300;17412600;9404500;8410300;7684700;3176000;20931100;7164300;22348300;2391600;1739800;13540000;6500800;96359200;2144200;484700;1255800;584200;5649100;13513800;9481200;13633900;33501000;2942000;57055600;168134800,0;3426000;6475000;3748200;20158000;4556460000
2024-12-10;36914800;18469500;210020900;54813000;10938900;31199900;9108300;35665800;2600800;4539500;20990900;9126200;9398700;5360600;2695200;13164500;6219900;14949400;3523000;2251000;17149200;5100300;97563600;3971800;519900;1281500;393100;2674200;11242900;8683600;17605100;23886000;2003200;38907200;89672500,0;3354900;6033000;3648500;26502000;4048410000
2024-12-11;45205800;19200200;184905200;67894100;10837200;35385800;7884400;36790500;2195300;4321800;32392200;13764700;13446700;10363000;3510900;19682100;5237500;32819000;3037600;1651600;13116600;7606400;104287600;410600;376000;1033800;283200;1895500;20013900;7081800;50549200;35017000;2181100;45588100;89477700,0;4211200;7546600;3876900;13188700;4269950000
2024-12-12;32777500;20834800;159211400;34817500;7474700;28204100;6113800;24017300;1218400;3218500;14543300;7621500;6176300;9403800;2823800;14298600;4072800;17542100;2040700;1804600;10617700;7808600;87752200;1044800;415600;1492400;231900;8124600;17434100;5796100;41706700;24862000;1860400;34267100;73859700,0;3673600;5422000;2571300;8154200;3678010000
2024-12-13;33155300;20177800;231514900;25143500;8453300;28768100;10392700;32902300;1215000;4682200;13106100;5816200;8324900;8202900;3059400;11495900;3884500;13429000;2547600;2034800;9754900;4957100;89000200;1070000;306500;1400300;411200;3231800;15543200;8886700;26773400;24858000;1608200;67544700;76172800,0;2649500;5538000;3474300;8351100;3584960000
2024-12-16;51694800;23598800;237951100;44934900;10885600;37552100;9032000;27330400;1713300;6562500;20256100;11961200;8732400;8880000;3426200;16742000;5943600;24559700;3179900;1311100;13050700;7436000;114083800;959100;588700;1510000;562900;2879700;12906800;9951100;32671800;26749000;2923000;42090300;126099600,0;2879600;5482300;4514000;9572000;4391100000
2024-12-17;51356400;22733500;259410300;43504000;12897800;35948100;8083600;33054600;2314100;8843900;17554000;11909300;10343000;14132700;3924800;23560800;6069200;21902400;3295800;2138700;13557100;4855100;131223000;1296300;580400;2653300;559600;3091300;16972600;7187400;41871900;24595000;4055800;43314900;75469400,0;3726500;6911000;5057500;8940200;4544500000
2024-12-18;56774100;24444500;277444500;34166100;17075500;43281400;11322400;41771900;3271600;10479200;17114500;10174500;9336100;10147600;3354200;24665600;7517100;20946100;3800900;2820700;15437200;8059100;149340800;2304500;884500;2210700;773900;3535500;24674500;10295200;65477800;29382000;3190300;49724400;109643400,0;4225500;8400000;4361900;8817900;5246960000
2024-12-19;60882300;22963700;209719200;32265200;14958100;39918700;11790800;38583600;2753300;8317100;20565600;16544300;9516700;7418100;4032600;16606500;8585200;21300600;3438500;2616700;14777100;6257600;118566100;2830500;688900;2418800;930400;3301500;16353200;8414800;49259800;28155000;3050500;46160700;99524300,0;4576100;7423400;4645200;8386400;4896880000
2024-12-20;147495300;64263700;306528600;63462900;48989400;88279200;32348400;74222200;4515900;24387000;40141200;32209200;17702800;10956900;9942300;49350600;21999300;42458100;7678000;5142000;23233700;9281500;132216200;896700;399800;1998600;717600;3223100;15185900;17347100;46157900;45305000;7317100;53591200;281230800,0;8046400;14932300;12943900;13810500;8223220000
2024-12-23;40858800;19152500;176053500;25675000;10205800;28070000;8611500;35374800;1519500;7984600;12285100;8156500;8720800;4286000;3622300;26205400;6983900;13010800;2492200;1804900;8486400;4127700;72698100;451900;209500;1624000;502500;1940200;12786800;8863200;30378300;23394000;2270300;47777900;93819500,0;2433800;5330300;3836000;6518200;3593280000
2024-12-24;23234700;7164500;105157000;10403300;4726100;15007500;3729100;12054400;913400;2684100;7807000;3556100;3164100;1824400;1165400;8992400;2460800;5019100;1461000;886000;4317000;2235700;59551800;188700;101800;462800;104900;708500;5292300;2839600;4714800;23203000;955000;24829600;64983300,0;1392600;1811000;1761200;2451500;1757720000
2024-12-26;27237100;8194200;116205600;12046600;6081400;16146700;4451800;16077400;1092000;2856000;9652400;4492600;4656300;3387000;1274200;10994000;3629400;7943800;1433900;1097900;5905700;3309700;76366400;303500;144900;879900;156000;1398700;13939300;3846900;14414100;23403000;1109600;24998200;60377100,0;1319500;3483300;2159600;4100100;2904530000
2024-12-27;42355300;18117700;170582600;18891400;8084200;27367100;5730200;17972500;1486000;3489200;11943900;5296500;5588300;3471800;2096500;11384400;4367900;8542800;1617200;1245800;6806900;3188400;82666800;403700;122800;838900;183700;2198300;13744700;7232500;19290800;32262000;1541800;32924000;66975900,0;1942700;3220400;3237700;4344300;3159610000
2024-12-30;35557500;13158700;167734700;14264700;7025900;28321200;5723800;16109800;1265900;3478500;11080800;6194800;6268700;5408600;1719100;9790200;4354500;8972200;1936700;1422200;18082300;4117500;64941000;634100;212200;1035200;241800;2470600;12529200;5356000;22151300;22030000;2101600;30501600;60850900,0;2444700;3411100;2831400;5254800;3433250000
2024-12-31;39480700;13246500;155659200;17466900;6019500;24819700;4871000;16110400;1055800;3963800;12387800;6137800;5811400;4214000;2327000;11267700;3957600;9256700;1915600;1168100;9748600;2806900;76825100;664400;219200;1334500;173200;1780500;8197500;4423300;10680200;18759000;1942600;30203400;56267900,0;2179700;3026000;3380700;4307500;3128350000
2025-01-02;55740700;16896500;198247200;20370800;12682300;33956600;9220900;25610600;2219000;5369500;12685400;7170300;6051300;4234900;1938900;14820400;5401700;12991000;3117000;1802600;12450000;4148000;109710700;879400;437700;1077000;392000;1782200;15980200;5009100;18808700;23123000;2818800;34256200;72217200,0;2415700;4807100;3746400;5360800;3621680000
2025-01-03;40244100;16662900;229322500;18596200;11436800;27515600;9491100;23455700;1422600;4271300;14237900;5809000;5878800;3019500;1799100;10834600;5256600;10403200;2240100;1390800;10513800;3975500;95423300;2965500;278600;840900;519600;2289400;11002600;5885800;15003900;29673000;1627500;36785300;62415000,0;2231600;4101200;2884600;5876000;3667340000
2025-01-06;45045600;20573600;265377400;29563600;14560800;31849800;9917800;30518500;2257000;6567300;15623700;5888700;7910500;4444800;3991100;14519900;8731700;17924200;2838900;1590700;11133400;4980300;85516500;2801000;395900;1145500;365500;3058800;14312100;9599800;22129400;34577000;2920800;48020200;105619500,0;3274500;5785300;4072900;6845400;4940120000
2025-01-07;40856000;18139100;351782200;26487200;12071500;28084200;8753400;41111200;2021900;4958600;12625900;7736000;8422000;3914500;3576100;11238000;8447400;17799600;3419500;1607400;7045000;6496400;75699500;1214000;328800;1549600;307400;2345800;13837400;7666000;28764100;26498000;2211800;39220400;91727300,0;2274300;4643100;3507200;7712200;4517330000
2025-01-08;37628900;15054600;227349900;24864800;10085800;25033300;8675300;40246000;1513400;5161600;17858100;7640900;11175600;4141700;3478400;13453600;4974800;14412400;2724200;1828800;5108700;4527700;73038800;1100200;302800;1339900;388800;6192000;11216700;7731900;16795000;23479000;2456700;46723100;91349500,0;2848500;3788200;3933300;7596200;4441740000
2025-01-10;61710900;20201100;207602500;26665200;19256600;36811500;10256800;40741300;2817900;6660100;19304500;11074700;8821500;5467500;3973100;18140900;8501500;22425000;3946000;2773900;7556800;5131200;62287300;739400;299700;2770600;364800;2923100;13318600;6236800;14737800;48033000;2815500;59415600;78148600,0;5323400;6540000;5471900;13593900;4751930000
2025-01-13;49630700;17604800;204808900;21823700;10785000;27262700;10005300;34353600;1871200;9568400;17073400;11774100;10376400;6472500;3683800;18617100;6772200;18016200;3394300;2746000;6049600;5610800;67580500;578600;386200;1446900;298600;2683700;8787000;5714700;13659400;30245000;2885500;39128900;69046300,0;3512900;4583000;3639200;8828500;4421200000
2025-01-14;39435300;16935900;195590500;17174900;13598000;24711700;12407400;36379000;2221900;5107600;11191200;6830200;8681700;3978300;10373000;13549200;5982200;16658300;2238900;2331700;7966900;6432700;84565000;487500;472600;2304900;240200;2735000;8771600;6476500;13166400;30377000;2704800;37005300;56814900,0;3405200;5935200;4055600;7410200;4142280000
2025-01-15;39832000;19637800;185217300;21776000;15524300;31291300;18448500;57154800;5119800;5222000;14521100;7900000;7434600;4103900;5736900;17348200;8059200;16187200;2867800;1984500;6451000;7397000;81375500;576100;449400;2360700;364000;2523000;10992100;9284000;22435300;31814000;3024800;38185800;56025800,0;4584800;6042700;4719400;10701200;4544570000
2025-01-16;71759100;15300000;209235600;17815400;8355300;24757300;15292300;56339300;3224500;4606700;10366600;5578900;8964000;9059900;3070300;13267700;5774400;12585500;3403700;1974700;5812300;6144700;68335200;998900;321400;1113500;242000;10552800;9435600;7188900;24915500;40285000;3275600;29414100;62908700,0;2305900;5047700;3475700;9210600;4285810000
2025-01-17;68488300;26197500;201188800;27735100;17280600;42370100;17678100;44486100;3425200;5805800;19298500;9260400;10773100;7495700;5560100;15868200;7262700;17948900;3312800;2605900;9557100;5899100;94991400;1366400;353300;1236500;245100;4698300;9979600;8097500;22205400;36176000;2374800;35765900;54754000,0;3229000;6303600;6467000;11618300;4366830000
2025-01-21;98070400;26085700;197749000;29971300;11674000;39951500;13712100;52089100;5076700;5653000;20416300;10131400;11111700;5682100;5122800;23247500;13914700;19817100;3858600;3144500;8755300;7508400;87320900;628400;690800;1283900;262800;3768900;10194000;7380500;18353100;98514000;2706900;31578800;56229000,0;3568100;6397200;4910200;30232000;4702920000
2025-01-22;64126500;27803800;237651400;26200600;12274000;41448200;9021900;40296200;2835700;5026500;15718000;7232200;16834700;3756100;3737800;15567100;14356700;18191900;3660600;1994800;5134400;7457800;60963300;2593200;795500;1988200;402800;2877300;12166100;7281700;24726500;142732000;2037600;35023800;66876400,0;3581400;7259300;5838500;48028500;4323040000
2025-01-23;60234800;18389300;155915500;26951400;9910200;26404400;10749700;35324100;2582700;5297100;13726800;5979800;10506400;4580800;3127200;14198400;7614300;16528400;2279400;2587400;7097300;14403500;50690600;1118300;499200;2047100;267800;2816900;10526800;7172300;26975000;77521000;2196500;24921100;55937900,0;3840300;4355900;4424500;17314600;4432250000
2025-01-24;54697900;15549500;234657600;23877500;19065300;25890700;7666300;24655100;3183500;4327500;14235900;8003800;9887300;3671200;4170600;14973800;6199800;19244600;2523000;1938200;9304200;7835700;56427100;629100;397400;1144600;325000;3056500;7894400;5825800;22286000;45504000;2472900;31570300;77931900,0;2369800;3299100;3070300;12147200;4214250000
2025-01-27;94863400;35647800;818830900;41728900;28399200;49428300;7522300;44260000;3351700;6636500;15926700;7141000;15152300;4263000;3915200;18880600;9170800;20742900;4343000;2964400;7148600;7674800;58125500;887100;521100;1483700;355800;2914000;11919300;15632600;20597600;46342000;3074600;61067900;76093300,0;3699200;15661100;4535600;42201600;5198750000
2025-01-28;75707600;23491700;579666400;24157900;20950100;41587200;7375400;27156600;2338000;5999600;15862000;6425400;10320600;3162700;2808800;14641600;6716300;14956000;3180100;1788900;22768900;4858800;48910700;847200;460900;1389700;351700;5132600;12208900;8720200;17172200;34340000;2727800;40554800;65916700,0;2818300;12099300;3261300;20319300;4473640000
2025-01-29;45486100;23581400;467120600;18218300;21377800;26091700;7684900;23681500;1918900;5087300;12345500;5630600;7156400;2737600;1827600;11261400;4850300;11325600;2358300;2675800;12263500;5595800;68033600;777500;314900;1014600;181800;3243900;9070400;5118900;15951400;29307000;2549000;40199100;49262200,0;2384900;6266700;2524200;9866600;4115310000
2025-01-30;55658300;54586300;392925500;24354700;29322900;32020700;8753500;31199900;1812800;8081300;14346300;6931900;8911000;2924700;2643000;11012200;4136500;13201000;2125200;4234600;6996300;6282100;98092900;602000;291100;770500;486900;3012700;11700700;6010600;34801900;38678000;6005200;29788400;46067500,0;3081300;7591100;2552200;14981700;4634620000
2025-01-31;100959800;34161900;388161100;32001100;19303900;36110200;7193800;30388900;1995100;8624100;20376500;16726800;8457800;4120500;2561600;16391200;5464700;12096800;2556500;2858000;6104000;5507800;83283600;425100;579200;1279300;280700;2750900;20042200;7800500;34152400;36151000;4505100;40463400;78731000,0;2761000;5778000;5439800;8704600;4843770000
2025-02-03;73063300;25679100;371235700;27838300;21415700;37285900;8381400;36497700;2102600;8004500;14623200;7605000;6687500;4083600;2808800;20484200;8668600;12067900;3048800;3079300;6501700;4678300;93732100;906800;783000;1031800;426500;2620800;12032600;7447100;31448300;37242000;3195500;34586100;126592700,0;2896200;4549400;4232000;8250600;4797210000
2025-02-04;45067300;20532100;256550000;43856400;13826300;29713800;5626000;32894000;1743400;5532600;14835700;8458100;9645000;2869900;4299700;15201200;6410900;15678000;2976900;2709800;4503600;5413800;57072200;864200;495700;1475500;376600;2890600;14645000;5457900;23408000;60001000;2638900;69412100;230806800,0;2150800;4965600;3238400;6777000;4410160000
2025-02-05;39620300;16316700;262230800;70373900;17778200;38727300;5704400;27696600;1908200;4939100;13364400;6533700;8947000;4621600;4578900;15926700;7536800;10686800;2362900;2134200;7430400;3239400;57223300;470600;290400;1616300;212200;1928700;10368000;15197800;19579400;39934000;2404700;110385200;90628300,0;2212100;4521000;3782800;7866700;4756250000
2025-02-06;29925300;16309800;251483600;29297400;13080700;60897100;7264400;39793400;2439200;4294500;13411400;6420500;7418100;3926800;7138500;13088500;4957900;13423400;3590000;3007000;6919400;3113200;77918200;1066700;397500;2120100;304800;2763600;15006500;16293500;18221600;31343000;1738400;50426600;128217500,0;2023700;13240600;3832700;7036900;4847120000
2025-02-07;39707200;22886800;228186300;49315000;16427100;77539300;6857900;26504700;2616700;4261200;10051600;4724900;6204900;3349100;4426100;12451100;4535600;13184700;2858000;1804800;5392300;3954400;70298300;1865400;613200;2195000;331300;2630000;16505800;7841700;29032800;32129000;2008300;46082500;143795400,0;2530200;7626100;3205100;9991300;4766900000
2025-02-10;33115600;20817900;216989100;23105600;12904300;35419900;8627400;26725200;2351600;6067000;12142200;5653800;6936200;3143100;3065600;15274600;7062900;16154300;8052000;1944400;3989100;3787500;77514900;1440900;293900;1295800;246000;1500400;10602200;6237700;17456000;32966000;2357700;34905400;99938100,0;2617600;5981900;2907300;7625900;4458760000
2025-02-11;53718400;18140600;178902400;21239500;12998000;23713700;7196400;20314900;2711400;5154800;12713100;6011800;7554500;2631900;1944200;11953600;5438100;30589100;4180400;1516900;4366700;4110900;118543400;2662800;548500;1331100;315200;2095600;16452400;6588100;12674800;33318000;1847800;35033800;94311700,0;1441800;5455900;2322600;6528800;4324880000
2025-02-12;45243300;19121700;160278600;22072600;12016500;32285200;6683900;29777100;2295800;6760100;18244100;6693500;7746000;3859200;2533400;15162100;6037400;26033800;3110200;2833100;7686800;4595200;105382700;1338100;420400;1792400;350800;1808100;13678900;5505700;30670500;33890000;1722200;25319700;75316900,0;3387000;5643400;3297600;7454800;4627960000
2025-02-13;53614100;23891700;197430000;21402500;12569100;31346500;8398700;26815400;2031800;4279200;15460000;7836400;10704700;2835100;2472900;12604400;6328300;24393100;3096800;3547200;6846300;3763300;89441500;2006000;650300;1176600;294300;3440200;9945100;6362200;16579900;34761000;1709500;40911800;60027000,0;3067900;4312100;3274700;6421700;4763800000
2025-02-14;40896200;22758500;195479600;20448400;16901200;27031100;5688600;25960500;2246000;5720300;15733500;5828800;6411800;3705300;3222300;14109500;13179500;20779100;2674400;2045300;5044700;4268500;68277300;1509600;473200;1190800;355400;3857300;20755600;4691300;34751400;31454000;1927400;32477200;65528900,0;3004400;5879700;2825800;7260900;4335190000
2025-02-18;48822500;21423100;219176600;29916700;21938700;42975100;7919800;37824100;2350100;5822000;20060300;5981500;9670700;8759300;4289400;18247300;7075300;15569100;3367800;3120200;6929600;4396000;51631700;1357900;799200;1034200;364600;2241300;19504800;7292600;24994100;42293000;2064100;31720300;84227200,0;3994000;5262100;3351000;11430500;4684980000
2025-02-19;32204200;24114200;167536000;19549400;17535500;28566700;7007200;38967800;1953600;4152300;10964700;4945800;7974700;4380300;3205500;18508000;7910700;16032300;2990700;2211000;7264800;2699100;67094400;1925800;864500;996000;413700;4512500;13178600;6849600;19095900;26000000;2459100;28807700;147487300,0;3780000;5012000;2436500;8688500;4562330000
2025-02-20;32316900;23508700;143903600;20441500;12587400;30001700;13846700;40001100;3929000;5697000;16325800;6256200;7224000;4144300;2990300;55450900;6162600;13398000;3020000;2174100;7863000;2969100;45965400;850300;1244100;1439300;731500;3206300;14469500;6316400;18069700;31118000;2181900;27219600;243093900,0;2703500;6393100;2651000;8737000;4813690000
2025-02-21;53197400;27524800;228217600;35199200;15660400;55323900;12835600;43485900;3000800;6924100;14710000;6689800;12546900;19864900;3940400;35014800;9813700;21662300;3036700;3225200;8980300;5419500;74058600;992700;5369400;1258800;1257200;2259600;12841300;12531900;37678700;37387000;2256100;41353700;129063200,0;5287000;7353200;4085100;9713900;5434560000
2025-02-24;51326400;26443700;251381100;29854200;15677000;42387600;10372800;35512200;3274100;5055900;13153500;5925000;10201900;6919300;3017100;29755900;8564100;21418400;3397600;2513300;8392900;4299100;76052300;505300;2692800;798700;513900;2506400;21804200;9827800;23372700;44262000;1752500;29072200;184485000,0;5722000;6652900;9862400;10639100;4990120000
2025-02-25;48013300;29387400;271428700;41913400;20579700;58958000;9608400;38119000;2885900;6191900;14497000;6810900;12303700;9101000;5111300;29331200;7314900;21555600;3891600;3323500;5613900;4121400;134228800;789300;1543600;837500;527900;4863200;12996900;8244900;24335100;47383000;3609500;39169200;132626300,0;6823900;7360100;6757500;8316100;5374690000
2025-02-26;44433600;19619000;322553800;35431300;14488700;39120600;5943600;32251700;2001200;5960600;10446400;6005200;11396400;5108400;3032800;19069700;5519000;14531200;4140900;2397800;7111700;3157400;100118300;686800;1172400;649300;478500;2415400;14101000;9161900;20959400;33972000;2028000;29178200;94428700,0;3871500;12638500;3543500;6915100;4869580000
2025-02-27;41153600;21127400;443175800;39991000;12500000;40548600;8204400;28477700;2396300;7298100;15293200;7517200;8364600;4216800;3085400;16431500;5467000;16789500;3350400;1971000;4695200;3480200;101748200;1307500;817700;1234400;433000;2998000;62500300;10807200;24654100;37666000;2436500;47263700;99680500,0;2825100;16691400;4507700;7436800;5057680000
2025-02-28;56833400;32845700;389091100;48130600;17534200;51771700;10467100;62621100;3337200;15857300;18821700;8828500;12037200;6146300;4071100;25451300;10240100;22167400;4972900;3210300;5803300;6117400;115697000;666200;2033600;1354100;457400;3238600;25702000;10149500;39406000;47174000;3205400;45194600;125977400,0;4263500;10863100;6850300;12843300;6441140000
2025-03-03;47184000;23007700;411381400;40770500;10843800;42948400;9058300;46946000;3152300;9099600;18706900;9059800;9191500;5700200;3979800;18372200;7615300;21717600;4371300;2569700;6045600;5376400;115551400;546900;901300;1599100;358700;3714500;16642400;9601900;27583800;39074000;3092600;38958000;114573900,0;3397600;6298200;5112300;8081800;5613850000
2025-03-04;53798100;29342900;398163300;45388000;21495200;60853100;13465600;78278100;4061000;8955800;19394900;8826300;11999700;5864100;3343500;25227700;12117600;25411900;3954500;3500200;15870200;6164200;126706600;1479100;706800;1871000;317300;3587800;18112900;8956800;26308700;43928000;3318100;54156900;116800300,0;4384800;9096300;6126600;13171900;6138110000
2025-03-05;47227600;23433100;284337900;30954900;13770000;38610100;7861400;52588900;2600600;8244200;24822200;9288300;8744800;3637100;3109500;17639000;6989100;23933600;2327500;3189100;7355800;6221200;94042900;2816700;789900;845700;333000;3956500;20139800;6786900;33233000;38079000;2795400;27855500;116053000,0;2780300;6612600;4715800;7141000;5285970000
2025-03-06;45170400;23304600;321181900;28302000;13446500;49863800;9983200;58103500;4332300;8611100;17150200;7314700;8037900;4964000;3273100;19957800;6702500;21694000;2954900;2234100;6892600;5621400;98451600;1200300;571100;801700;380200;3248800;13181800;7808100;17131900;78526000;3133200;28985000;117340600,0;4222000;10396800;3989700;12321200;5165080000
2025-03-07;46273600;22034100;341755500;27385800;21375700;59802800;20498700;50651400;4069600;6358700;19625000;8562600;9637600;5434100;4818100;35913200;9566700;28393300;7607600;3063800;12526700;7681300;102369600;702200;948100;1054600;771600;4776500;17513400;8727600;23050300;77375000;3161300;33254400;105377100,0;4573900;8248100;3842200;12646500;5705140000
2025-03-10;72071200;32840100;366487400;43604000;21999900;62350900;18887200;77498400;5272100;8204300;22749100;11750300;17559000;5108900;5962900;35148800;11047000;25251200;4707600;2809100;10204000;6195000;189076900;879700;1077500;1232400;868400;3434500;16506700;10139900;23094800;69953000;3893400;38733200;136843800,0;3710500;10040200;6262000;21486100;6409370000
2025-03-11;76137400;30380200;354865700;39587400;17401500;54002900;18143000;50608400;4190500;9776100;19904700;10466300;9890300;4101000;3796500;28687600;11032300;28076400;4513100;3190900;10030500;5356700;174896400;744100;680700;1634400;649600;3640700;15933800;8692900;18962600;73989000;4582600;34078300;109351500,0;4013300;8313400;5358300;27200200;6221240000
2025-03-12;62547500;24253600;323857500;28372400;15747000;43679300;16054000;42290700;3078100;6295400;14051500;9710200;8010700;3680800;3014800;33301600;10158800;18923300;4546200;1816700;8706900;4735000;142215700;359000;791500;1190300;522100;3379400;16002900;7117400;19646900;68658000;2810800;34241300;116525100,0;3368000;7463900;3871100;15373900;5219830000
2025-03-13;61368300;20473000;299033100;31756200;16480300;41270800;16467900;37766100;2529100;7915300;17767800;9022800;5286700;2876600;3566300;31507800;6609000;15746600;4178600;2490300;5701600;3837200;114813500;1750400;866600;1225500;510600;2587900;14733100;5861700;16365200;50017000;2375800;28575200;100927200,0;7062400;9494500;5104200;14187700;5018980000
2025-03-14;60107600;19952800;277593500;31995900;12364500;38096700;11962100;35979900;2808100;7810600;15890100;6671500;6235800;3915900;3102300;35500600;6790500;14205100;2696800;1936100;5215100;3263200;100242300;1669000;843300;989400;510600;2726800;25623500;5309400;29252700;52007000;2369500;24715300;113985000,0;5510700;6976900;5775600;9330000;4863180000
2025-03-17;48073400;22474300;255501500;31184300;15473900;47341800;9586000;37242800;2695600;6149400;19908800;7615200;6669800;5152300;2546600;26297800;9931700;15634800;2758400;1683800;5602700;3733000;111900600;923700;553900;740000;443600;4051400;19904300;5781000;27460600;75431000;2544800;43689500;99348900,0;3681300;4484300;5343400;9885000;5031770000
2025-03-18;42432400;19486900;299686900;42074800;20297700;40414900;10344900;37644500;2641000;7778300;15998700;9289500;7348800;3617600;2354900;17850900;6099900;12657600;2435400;3310000;4195200;3983100;111477600;754200;887200;509400;436100;3030300;9539100;6898400;26370400;60094000;2363300;27152800;93236500,0;3008200;5881700;4857800;9402500;4666270000
2025-03-19;54385400;19185500;273426200;34275600;20537500;39442900;10120600;42471100;2769800;5614900;17315000;11503900;5936400;3317600;3790500;24555900;7569200;14780000;2812200;2407200;14114800;3564000;111993800;1383000;1269800;891200;349000;1669300;14381100;5871000;26788700;66624000;2804300;32287500;89797400,0;2990200;5245400;3798000;6909500;4660090000
2025-03-20;48862900;18470500;248829700;28138500;24336500;38921100;8328500;41018100;2531300;5432700;16230800;9545900;7485900;4965400;4402700;18185500;8789200;16295300;2723500;2782900;4934400;3970800;99028300;779600;1906200;1786300;264500;2351900;40793400;5089300;22603500;44663000;2598600;26871800;105547400,0;3391200;5504700;4065400;7051600;4678420000
2025-03-21;94127800;39675900;266498500;36625800;25015900;60056900;19326900;65011000;3565600;17279700;41102800;21625500;17047100;10244900;5963800;26797200;16027300;47479500;6016100;6766100;26802400;7976300;132728700;1121600;1121100;1185200;441800;3704000;38991200;10949300;19579900;59054000;5973400;30767900;116748700,0;8205400;9804100;8546300;17620200;9367460000
2025-03-24;44299500;21004500;228452500;30879100;15741300;41625400;9422700;30646100;1877700;5675100;14207500;8068000;8046400;3840900;3102400;17900700;6102100;12575400;3443400;2277200;9986100;4043900;169079900;871800;986200;752800;356400;2026100;11860000;6033400;17662700;46779000;2758700;53342000;112164700,0;4023200;6763800;4858900;7848300;4517990000
2025-03-25;34493600;15775000;167447200;24174400;15312500;31171200;9287700;25445300;1875500;3931200;12081800;7869200;7456200;3015100;2670600;27908600;8366700;12513900;2657100;1678000;7174400;4315200;150361500;1395800;1099000;915500;429400;1866500;24015700;3978200;27892100;37822000;2138200;29077500;78015300,0;2799500;4301700;3964800;8521200;4467340000
2025-03-26;34466100;16108400;293463300;28901600;12609800;32855300;12779300;30012100;1944200;6187100;14110800;10076100;7223500;3253800;2562100;27228800;7756000;14478200;2624400;1703200;6615900;4791100;153629800;2179200;827200;600600;492100;1862600;8256000;5960300;18423200;35274000;2681600;39824000;81428600,0;3140900;5070300;5004400;13210000;4183140000
2025-03-27;37094800;13766800;236902100;24508300;10436500;27317700;8022500;25619200;2100900;7254800;12740800;6862700;6752500;2822200;2128200;16782800;6211700;11663400;3119500;1481100;4788600;3301900;162572100;800500;1113900;881600;268300;1888300;9927800;6102000;16269600;30472000;2901200;32773700;82823000,0;3036600;3757200;5154600;9148300;4403460000
2025-03-28;39818600;21632000;229872500;48669300;17602800;52548200;11978400;34253000;2773100;5687600;10233400;4923000;5760300;2379100;2124700;14790600;5479100;17412900;3211600;1965200;8211100;5178400;123809400;897600;1084500;1278000;326900;4251700;13874800;8918000;24379600;44227000;2656400;31069100;91091700,0;2980200;4973400;5321400;13144500;4513330000
2025-03-31;65299300;35184700;299212700;54603500;21124700;63547600;13603000;36390000;2455100;9950800;21652300;10675300;12481400;5238700;3737000;30269300;11520100;24016900;4418800;2837500;7477500;6923100;134008900;1089100;872600;1646800;680800;4722600;15328200;8613600;15634400;46341000;4741800;30865300;108092900,0;4498800;7585800;7139300;15509900;5257250000
2025-04-01;36412700;19689500;222614000;30672900;12836600;41267300;8054700;25578500;1869600;7473300;12425400;6378600;23303100;2962500;2987700;22080300;7021100;15309100;2411200;1955300;8252800;3854000;146486900;678600;779300;2561900;682400;2471200;26465100;5708900;20282900;35200000;2714900;23523200;78980700,0;2801600;4598200;4130600;9518500;4434500000
2025-04-02;35905900;16092600;220601200;25041700;13470800;53679200;7758800;28216100;2560700;5682500;12614600;7044900;10356900;2378900;2683800;19384100;6274500;14606500;2776800;1747600;5826600;6026500;212787800;571700;708500;1659300;466300;2401200;9399300;5377200;10079200;32569000;2994600;20794000;96563100,0;3189500;5396900;4079000;11594400;4243830000
2025-04-03;103419000;30198000;338769400;46883400;34777500;95553600;17188500;115497900;5193900;8792900;21204600;15501000;13249300;6457900;2675100;33012900;9393300;24959600;7023900;4638700;15877400;12750500;136174300;3376400;1792100;1322900;655900;4258400;22162400;16465000;39374900;58646000;3443500;50472500;93878200,0;5407100;8872600;6410900;14433800;7210470000
2025-04-04;125910900;49209900;532273800;62259500;38589800;123159400;27170700;107761200;8105200;13201700;30841300;20374700;16601700;9919000;5299400;36209000;13454200;26517300;8831100;7216800;22282000;18167100;181229400;2291900;1641800;3213800;853300;8787400;54177400;19018600;53970300;67988000;6125100;65847000;147323200,0;7531100;9705000;12605000;14986900;8853500000
2025-04-07;160466300;50425000;611041300;76794100;36606100;109327100;22914400;137329100;6353800;12163400;35068500;17817000;18083000;7356700;6274400;36884900;15708000;34258400;7725900;7824700;18825000;18545500;183453800;1791900;1779900;2694000;671400;5487200;56239000;17938300;47094200;66568000;6009400;70515400;169083700,0;6950500;11965200;12749700;19482700;8691980000
2025-04-08;120859500;35868900;476243400;52200200;28034200;87710400;19485700;79116300;4240900;9569300;27147800;12904400;12018400;11762300;4115200;34351700;11541100;22774400;5562500;4989000;14527900;11903400;171603500;1905400;1090100;2731500;621500;5304100;37786100;14965900;33444600;56254000;3555400;69910200;135345600,0;4868000;9340300;9470100;11950300;7408140000
2025-04-09;184395900;50199700;612918300;70406200;39216600;116804300;24022400;161173500;7024100;11361800;30063300;16846800;18773700;12691900;6619000;46632800;10670200;27918700;8265700;6457300;16775200;12548600;219433400;3890400;1620200;3602300;927400;6264700;39184100;21242600;52158300;74980000;4698400;97827400;187244300,0;6793000;12491100;10153700;17762000;9489600000
2025-04-10;121880000;38024400;437812400;48022000;28173500;68302000;18896400;90451800;5374500;8709800;33999300;20991200;13830500;8646000;4182700;34735300;10581600;22450200;6049500;4116800;10375000;8150900;181722600;2353800;1128500;2173200;383700;4408100;50046700;14898800;31636200;51298000;4105300;65210600;124448200,0;5574800;9692300;7475900;12401600;6677140000
2025-04-11;87435900;23839200;313417300;33636200;17642300;50594300;20284500;63671900;3770200;6804500;22884600;17224400;9943900;6121500;3603400;25508100;8602800;19988200;4439900;3197900;8810700;6491100;128948100;2095100;577800;2044200;359400;3932100;37626700;10955300;25823500;40736000;3736200;57892600;95130700,0;3576400;6089000;6231000;10190200;5602550000
2025-04-14;101352900;19251200;264705000;30333000;14130900;48002500;13017800;46830600;4392600;5011800;18020000;9628200;10685300;4839300;3461200;27742900;9877300;13930200;4068300;2758400;7288700;5319100;100135200;1853000;664000;3415700;317700;3003700;26843200;6930300;20164600;40359000;3005500;36003000;122836900,0;2841800;6038100;5512100;8217700;5031440000
2025-04-15;51343900;17199900;228966900;27551500;15558700;43642000;10912900;84677800;2501200;4386200;13164900;9334800;10847700;3871300;2458100;21871200;8765000;14965500;2901200;3611300;11541100;4999300;79594300;1757000;730300;1908300;424700;2885200;22368100;6346800;18272900;77120000;2210700;28116500;118457700,0;2883100;5227700;4329200;8630000;4317110000
2025-04-16;59732400;21967800;397016900;28187400;18735100;51875300;9322300;52872700;2765600;5850600;13607000;8637200;7986900;4192100;3302600;22229100;5897500;15276200;3098900;3017200;6809600;5128000;112378700;1693800;652800;1243000;426100;2896900;32858100;10417200;13459800;60661000;2501000;62109000;121997600,0;2637200;7190900;5889300;8295200;4607750000
2025-04-17;52164700;21120200;292517500;33046600;14593500;44726500;9557900;47144400;2593500;5655900;17916500;8434400;10981100;29120200;10853400;21393900;7227100;20754500;2728500;2717600;9227300;4932000;83404800;1418100;401400;1184600;251100;2750800;32521800;7135900;26992500;88937000;3329800;34801400;83991800,0;3232400;5566900;5322200;8925500;4714880000
2025-04-21;46742500;20807300;288501100;26049100;16166000;48126100;8716200;34928300;2859300;6362300;16926500;9967500;6285400;13029900;3326600;18361200;8062400;16037200;2669900;2978300;5703800;8501600;97768000;871900;512400;1343500;226800;1859000;22472200;8128300;13595000;97757000;3345600;33855400;83831100,0;4015200;9240000;4908400;12201200;4226340000
2025-04-22;52976400;19485000;241004800;26971800;17399400;56607200;10701400;42288900;2514600;5435500;13147000;7984700;7136300;10156900;3086500;15407800;7907400;15613500;4200700;2231200;9147300;13041000;120858500;1899700;618900;991100;323300;2347700;27378500;8228000;23952300;93689000;2384000;35236700;91185400,0;2802400;7145300;4768500;11233700;4666950000
2025-04-23;52929200;20545500;247526000;31128800;18173900;63470100;14126800;54428400;3048100;8906000;14235700;10002000;9099400;8345700;2714600;18046900;9309200;16353900;3210100;2458300;16264700;7235700;150381900;1799800;1223600;2088900;331200;3825300;39695500;9073500;27029300;64719000;3051800;41102600;112909500,0;3283300;5818900;4294500;9528900;5371390000
2025-04-24;47311000;22232300;220815000;45894000;13910000;43763200;9055200;42457100;2223600;8055200;9849600;7745800;8310400;7629100;2939500;13444500;20077700;16893900;2479500;2874400;10984200;5906300;94464200;1779100;1215400;2728700;391200;4015700;37237400;8810600;20679100;63819000;2209100;33681900;103190700,0;2749500;7857600;3173400;7305900;4697710000
2025-04-25;38222300;18973200;251064700;56034000;17098900;36414300;8588600;32694200;1612700;4452800;11245800;6878500;8643600;9263800;3398900;15317200;12892800;16316000;2282900;2162400;7644200;4390600;167560700;1427200;688800;1244000;284100;2695100;15717100;5145600;20177000;39500000;2006100;28575300;103933800,0;2811300;5651700;2742800;5476400;4236580000
2025-04-28;38743100;16579400;207708500;29745800;15179000;33224700;7394300;37428000;1459700;5422900;13890900;6715500;5815200;6614300;3457600;12950000;8127000;15997500;2578300;2189600;9302600;3416900;151731800;1505200;545500;1740900;249500;1795300;15904800;5743500;25976900;38311000;1735400;30456700;111082900,0;2413000;4977700;4238700;6985100;4257880000
2025-04-29;36827600;14974000;170444300;26809000;11835000;41667300;7216800;33792500;1695600;5519500;9483100;7343800;5246700;9909100;2454400;12679000;8266200;16244100;3164500;2651000;6795000;3444200;108906600;1066500;332100;2267400;352100;2033400;20650700;6692000;19284400;37773000;2041500;20700600;79709000,0;2836900;3139800;3177700;4851500;4747150000
2025-04-30;52286500;36461100;235044600;34981100;29244000;55176500;12991700;40994600;2438300;9526700;20379300;13858000;9598200;9192800;4374100;21639900;12475500;21074700;5564600;5124800;6266800;4436300;128961100;2127500;665500;1150900;601300;3442200;21378500;10851900;29967200;42667000;3783500;29730700;109461700,0;3741500;4624100;5251600;9443500;5449490000
2025-05-01;57365700;58938100;236121500;30203200;31159000;74266000;8689600;33569100;2583000;5849900;18610300;10199800;7325800;9316800;12601100;13171800;6792800;18034200;5186900;2961000;7322900;4687600;99659000;1393200;447300;1757500;303900;2299300;17873200;22836600;18544300;34995000;2839900;29591500;90677600,0;3210100;5208900;4693100;11525800;4935270000
2025-05-02;101010600;30757400;190194800;25715000;24739300;77903500;7165000;41613000;2883000;6113700;16581900;12393200;5974500;11392900;6059400;16031400;5750200;12629600;3994600;3765200;8695900;3831700;114454700;2002700;468100;2470300;352900;2176700;18290300;13185600;13493900;37743000;2632600;29957900;103094300,0;2283300;4323400;4945600;11346000;4854380000
2025-05-05;69018500;20136100;133163200;21341800;13887700;35217500;5450700;32829200;2197200;3865300;19624000;9665000;5464100;8157200;2889600;12439100;7576200;11932700;3534100;1829100;5413700;4466500;94618900;1483500;508400;874800;294200;1505500;26943200;7165300;21657700;56623000;2130900;41268900;135961300,0;2563500;4219600;16380200;5187400;4358260000
2025-05-06;51216500;15104200;158525600;21277200;10600700;29314100;6369900;29541800;2902500;3438500;16303400;9916200;8644200;7858600;5982000;10626000;7703800;12705500;2691700;1724200;4948000;3169600;76715800;2062600;511400;3506400;475900;2039000;25464500;6957900;11185000;32567000;2341700;54264300;201193400,0;2299700;4681600;6088600;5108600;4717260000
2025-05-07;68536700;23295300;206758800;127490100;13139100;43948600;8724100;30925900;1954900;5454000;12332200;8422100;7853100;8517200;3807800;11301300;6430000;15018200;2725900;1555500;6094800;3968300;71592600;1094500;974800;1383900;709000;3176100;23603200;10196400;16052600;43497000;2493700;86474400;95428800,0;2657200;4267600;5573800;6049600;4987440000
2025-05-08;50478900;23491300;198428100;57498700;14622800;41043600;8320100;41861700;1994600;4156400;19196500;8669300;7606100;7218300;6162000;14461100;7230800;14371100;2131500;2553400;15344100;5870300;97539400;985000;1040500;4415800;906000;2649200;30349700;8489100;36672200;37609000;2004300;54231400;126966200,0;3035800;4789900;5018600;6113600;5627400000
2025-05-09;36453900;15324200;132972200;32435300;10427300;29663100;5087600;27222800;1522500;3086600;10992100;5965700;6520400;8381100;4072600;13697800;6453200;11228900;1917800;1646200;7669900;3778200;132387800;787700;717800;2304500;382700;1262200;21929400;6217100;17650700;25696000;1528000;31704300;81005300,0;1970700;4324200;3621400;4707100;4645090000
2025-05-12;63775800;22821900;225023300;44138800;21965100;75205000;9603900;44875100;3527700;7985400;14244600;8028200;9023800;11004800;9176100;26783900;7378400;21539000;4137900;4592000;9340700;5468000;112826700;1448400;1511700;3268600;550300;2801400;22112600;11414600;24174200;64791000;3000300;50543400;94257300,0;3831400;5937400;6368000;7875500;6014580000
2025-05-13;51909300;23618800;330430100;42382100;18570800;56193700;8589000;43232500;2765800;5406200;13350800;8536800;10549600;59478300;4523900;19746700;7780800;14389100;3018600;4132500;13509500;7188700;136992600;1690800;1090500;2555000;361300;2407600;31844300;10160900;41363000;39979000;2370200;55659500;147155400,0;2726800;6711600;4504100;11955200;5516290000
2025-05-14;49325800;19902800;281180800;48755900;12348200;38492100;8643100;42419500;2874400;6207600;15494900;6453600;10216000;40029600;7558500;25620100;5988900;16286800;2656600;2052200;16872300;4764700;136997300;881900;2178800;2284800;317200;1844500;18220300;6971200;33201100;39101000;2237500;86743700;96611500,0;2587400;7926200;6384100;7499400;5233450000
2025-05-15;45029500;21992300;226632600;33146700;14341800;64347300;9214600;47379400;2428100;5826100;15004300;7545400;7945800;121849200;5212900;44026100;8727300;19817100;2928500;1580400;9583900;7207700;97882600;1083300;1729700;2018000;403200;3037900;21458000;6941200;29819500;44640000;2034200;43843200;69503000,0;2830500;4635600;5040900;10169200;4991290000
2025-05-16;54737900;23849800;226542500;42846900;18519000;43318500;8932900;49488100;2021800;5838100;14042500;8200100;8051200;71094300;4645100;33746200;7100800;18441200;2636900;2561700;8496800;4651700;95895700;843000;11031600;1051500;280200;2615600;20993600;6668000;21741300;46984000;2225900;43419700;57003700,0;3129100;3846000;4997300;8515500;4850850000
2025-05-19;46140500;21336500;193154600;30426100;9592400;34314800;12145000;37915700;2842100;5081500;16802700;7713600;12639900;62524700;4062700;20041600;8119900;13282800;2748600;2277700;5740200;4734400;88869900;635900;2878800;1441000;367600;2408900;13541800;7241100;19490700;28534000;1875500;37737400;72503900,0;4428200;5781200;3441500;10268900;4144010000
2025-05-20;42496600;15441800;161514200;46607700;6743500;29470400;8436300;33424300;1601600;5281400;12429300;6503900;7351500;41487000;3873500;15609600;5576600;12137800;2035000;2266000;5876000;4311000;131715500;728200;1375600;1532000;256000;2127900;13017500;5269500;18484800;21331000;1964300;29030800;61265300,0;6287400;4032300;3737000;7576400;4416850000
2025-05-21;59211800;19216900;270608700;73416000;11464600;42460900;7464000;55594100;2635900;6125500;16716100;9073200;7032200;45506900;4060000;15742300;6424200;12094400;2386700;2093400;6616300;4631000;102354800;922700;1317700;1904400;344400;2145300;15782400;9684500;17088600;29766000;2505300;43594600;80657700,0;3966000;5689800;3815800;6011000;5254250000
2025-05-22;46742400;18025600;187344000;74864400;8228400;38938900;6514100;29026200;1939600;4936600;13417400;8877600;7535300;27159600;4249900;13712200;6245600;11101800;2642000;2174100;3634500;6909400;97113400;1232500;984100;1390200;282400;4872900;26920500;9539100;40228500;18616000;1869900;29252000;75498300,0;2957300;6642700;3244800;7603300;5157050000
2025-05-23;78432900;16883500;198821300;35211400;8454100;33393500;6671800;34875100;1530600;5345900;12061600;7025900;6727300;16873600;2635700;13668600;5349800;12822100;2701500;1936600;5255200;4234200;84654800;2269100;850600;732700;502300;4512000;19456400;8994600;34372700;21865000;1948800;30867300;65905800,0;3115000;8887800;3166800;6527500;4662820000
2025-05-27;56288500;20974300;192953600;37995700;9508400;34892000;7506600;36322000;2364700;6316000;13043600;8348900;6990700;20144600;3792700;17180900;11423800;10666100;2526700;2240100;5857900;7162400;120146400;1396600;1132000;2001100;265900;4492600;12110100;9788800;19071600;29205000;2655200;37885000;86455200,0;3998500;10958000;4928300;6976800;5366380000
2025-05-28;45339700;17086300;304021100;34784000;9042900;28549800;5535400;35673800;2001900;3299000;14292400;6876300;8459300;16114200;2948800;11220100;5385900;8710900;1935600;1924400;5481500;9570500;91404300;1196700;896700;2203100;267500;4119000;18661800;7032300;14661500;18559000;1702900;27483700;64866000,0;2986100;12758600;3613900;8090700;4665050000
2025-05-29;51396800;13974800;369241900;29317300;8858800;34650000;5081200;28545100;1736100;4590400;13825300;7554300;6810600;16221100;2785500;14338000;4842500;10291100;2248800;2290300;16334000;5243700;88087800;886700;1318800;2132400;200100;3400800;17255600;5980700;20187500;33007000;1347800;30501400;62929100,0;3034800;28053100;3656000;6994700;4569750000
2025-05-30;70819900;34770500;333170900;52639900;16241000;51679400;10977700;66537500;2129500;8726900;28645800;12858900;15529700;16309300;6106200;29980100;12587500;28019500;4062900;4867100;7485100;9143000;123474900;1173900;1235200;2799700;405900;6656500;14161500;13755600;24763900;46968000;4581100;36088500;185897600,0;4110400;12388500;9153100;17547900;6378540000
2025-06-02;35423300;16626500;197663100;38612300;15766300;29113300;6011200;28582600;1221200;3845700;17290500;9076600;6669300;19074400;2946900;16999200;7574400;10202700;2577000;2552700;7561800;5450800;81873800;1195100;1232700;2234600;260600;4865400;21484100;6419500;20035500;22942000;2089100;34078400;93218700,0;2506900;9213500;4914000;7166000;4832240000
2025-06-03;46381600;15743800;225578800;45084900;11585000;33139100;6998400;31320200;1730300;5221300;19194300;9001300;8209800;12805700;3056500;15598600;6223000;20139800;3028100;2614300;8106100;6456200;99324500;751100;1050000;2045600;268800;4297100;26032200;6164100;25619600;23638000;2116900;37161500;91297700,0;3359500;7838500;5923100;7155300;5026680000
2025-06-04;43604000;14162700;167120800;26900800;14031900;29915600;5915700;30591700;1294900;4202300;15648500;8735600;6983900;11255600;3135900;11115600;4939000;13565900;2069500;1616300;5705300;5811500;98912100;1726900;741700;1723800;293100;2604200;23478000;7143800;21661600;23594000;1530200;31025000;97306300,0;2428800;7372500;5297600;6375800;4767050000
2025-06-05;55126100;20131700;231397900;36379100;13083100;51864200;8173800;32020900;2086700;6881900;13924800;6342600;5295400;13529000;3636400;15817100;10351800;13531400;3813500;1753300;4733800;4188200;287499800;1842300;820700;1476000;238500;2653900;20930100;5605500;29978700;28172000;1480000;34091000;131055900,0;2324100;8642900;5154900;7707800;5091850000
2025-06-06;46607700;15285600;153986200;35731800;11728000;39832500;7738100;37013000;1675900;5008500;15487800;6563500;5391500;12589000;2069900;15599300;5697700;9524000;2622800;1608000;6079700;5796700;164747700;819900;635800;797400;713800;2490700;17766400;5794700;19984200;25570000;1528600;27042100;87175100,0;2349700;7507000;3948300;6833700;4355710000
2025-06-09;72862600;16469900;185114500;28935900;12773200;38102500;8285000;32414000;1610700;4999900;17087300;7159500;5319000;12170300;2262200;13655700;6544200;12281300;4059800;2147100;9419200;5771600;140908900;1112500;840000;2600600;399700;3007900;23498100;10589400;20783100;24031000;1936000;55437700;74785600,0;2619700;5728300;3987500;9668900;4642360000
2025-06-10;54672600;15375900;155881900;61766100;10850100;31303300;7538100;32229100;1376400;4109300;17634800;9841500;6791600;11384100;4744400;17162500;7680000;12265000;4698700;1894300;8190100;11230900;151256500;1140700;853100;2771400;502700;2804500;26602500;9068400;20745100;44544000;2133700;41691900;69308900,0;3014900;6309700;3951500;11056700;4882880000
2025-06-11;60989900;16399200;167694000;31646800;9582500;39326000;7434100;47873500;2063600;5562700;22648200;9256700;6016000;14711400;3125400;16389600;5960100;12718500;3312100;2551700;5398800;6940800;122611400;1269500;913900;2652700;499200;2685500;30317700;8859900;26801600;23823000;2238100;32261900;97366000,0;3793500;6568100;4595900;18002900;5111550000
2025-06-12;43904600;18950600;162365000;20941900;7322700;27640000;6618000;30165400;1634700;4874000;17469400;6999400;7075500;15957200;2271100;17845700;6509900;12806900;2584700;1571800;30586600;8946600;105127500;1187000;735300;2437900;310100;2396900;37139100;5689400;21141200;20846000;1984000;44718400;56248200,0;2921900;8054000;3535200;54610000;4669500000
2025-06-13;51447300;16814500;180820600;27663100;9274400;29337800;7098300;43281700;1674800;14181700;28540200;14148000;6587500;13762400;2754600;18694700;7104500;17467200;2435500;1609600;16093500;7420300;128964300;1287800;1334000;3170400;341600;3491600;44421700;8446400;34874300;22103000;5905400;39702700;93519000,0;3364400;7659300;4001000;53707400;5258910000
2025-06-16;43020700;15626100;183133700;27389200;13720300;33284200;8566000;34103600;1870400;7234700;22986100;10105100;7024000;14240100;2821800;14881700;6332000;15045900;4045700;1579800;6902700;4505600;83925900;1046400;1222000;2295500;350900;3409500;33706300;8686300;27862100;21128000;3108200;100968500;80779800,0;3688600;7177000;3937600;22665300;5111710000
2025-06-17;38856200;15414100;139108000;24973000;10066100;32086300;6739300;27489600;1479300;5559600;19451700;11330300;6407100;11593900;2875600;14935600;6809700;15437000;3379000;1560100;10844600;5720500;88282700;817500;1328900;2157100;310100;2878000;34670900;7146900;31187000;18921000;2246600;86623900;70479100,0;4230100;9110100;3956300;17819200;4955700000
2025-06-18;45394700;17526500;161494100;28707500;10068300;44360500;9586400;37684700;2423100;15008600;17968900;9841900;8325200;12205600;2442900;11333700;7211200;16227600;4008700;2000500;7928300;7761100;95137700;658700;2047000;1426900;238200;2145000;21225300;6708700;14355700;22810000;6966800;49627100;58260200,0;4453900;7628000;4893600;15055400;5106470000
2025-06-20;96813500;37576200;242956200;75659900;22538600;75350700;13969700;64591600;4115400;19332100;36273300;23705900;22605500;16177900;6210600;20604900;16173400;40859400;7085000;6268300;8934700;9142100;108688000;1335500;1252500;1255900;368800;4665700;26631400;15501900;19646200;53482000;8202800;79931000;87067000,0;8056500;12859200;7620400;20879100;7451500000
2025-06-23;55814300;24864000;154308900;57671000;11080100;37311700;8094600;42683600;2020800;7553300;26631100;10540600;7397900;12274700;3951500;20432400;6588200;21822800;5172500;2927400;5875200;8052000;190716800;637200;961400;1782100;350700;3183600;47220600;6860700;20151700;26673000;3681100;65152900;70501100,0;3862400;9283800;4141000;13418400;5597000000
2025-06-24;54064000;22305600;187566100;40524300;13823200;38378800;9267900;45437600;2307800;10172000;24828300;10778400;9544200;8781400;2788500;22403700;7470100;15216100;4461200;3841800;5900900;5255700;114736200;1310100;1249000;1584700;313300;3412900;35949900;7692700;26080300;26633000;4503200;78572000;58574200,0;4089600;9713900;5111700;19030600;5443690000
2025-06-25;39525700;17495100;269146500;35479000;9320400;31755700;6826900;33532400;1566400;6836300;17483200;7386100;7153700;8722100;3023100;11154700;5933700;12540400;4259800;1737700;4690900;5197400;119845100;670000;973300;1024900;303100;3272700;20626500;5280100;25971700;21465000;2889200;74607200;61435300,0;4159600;6074300;4260600;11804600;5171110000
2025-06-26;50799100;21578900;198145700;31796700;13964800;50480800;8942100;40127000;2849500;8829500;18304800;7415700;7156900;6532700;3118200;19361400;7410400;14454100;5354900;2575100;6931700;6790300;80440900;2268400;1061800;1728700;326800;4596400;14322700;6278200;27289200;26059000;3764100;58180100;69440500,0;3187900;6708000;4212900;10531100;5308140000
2025-06-27;73188600;34539200;263234500;108140200;18775700;119217100;17868600;56705000;3650500;6601900;22002100;9213500;10010800;15304400;4115100;31431900;19257000;23470700;7422200;4455000;14805400;26988000;89067000;1158100;1747700;1513900;295900;2769500;13639200;22100300;18680700;40709000;3837500;61937900;202598600,0;5503700;21741400;6129300;14127500;7889350000
2025-06-30;91912800;28369000;194580300;63378900;15402100;58887800;12689200;47921200;3976400;7080100;19199000;6980300;9039300;10074100;3041500;17803000;11238200;15429000;5054800;2791400;9087100;8135800;76695100;1913000;768600;1516400;293200;2918000;30679000;7988200;46432200;32829000;5054600;42972500;97305600,0;4600700;8541900;6384300;31844200;5782900000
2025-07-01;78788900;19945400;213143600;35904500;13431200;39256800;9338300;48540900;3301000;6653400;15536900;8508200;10896700;17865500;2734000;15635800;10664900;21729300;5121900;2393600;5978900;7178300;145085700;2932400;892800;1766700;573400;5378000;15712200;8942300;18308100;49936000;3827000;55257200;91479700,0;5152600;6256800;4776000;16962200;6275310000
2025-07-02;67941800;16319600;171224100;29128900;9336700;30894200;8158700;48003600;2906500;5131400;11892200;8228700;5544000;18177200;1978300;12502000;8848700;13050200;4021500;2713700;5870900;6228600;119483700;3375700;888000;1638400;415900;7552500;20323300;8916400;19056600;30488000;2502300;39228000;59732000,0;3011400;6115200;6707200;22326900;5645710000
2025-07-03;34955800;13984800;143716100;21689700;8601700;29632400;6541600;21620300;1502000;3702800;11223600;5173300;3482500;6161100;1450800;7686200;6999600;9440500;1678600;1737800;4476100;3089500;58042300;935400;345100;659000;194200;4409500;12658000;4280800;16386700;20062000;1528700;28646000;41812500,0;2573600;5031800;3443300;18441400;3378110000
2025-07-07;50229000;13981600;140139000;34175600;9457100;36604100;8825700;35567900;2863700;5138000;15415900;9460900;6270900;9031200;2576900;12930900;7225700;16984700;3404300;3012900;5807400;5336400;131177900;1664500;1218500;1987800;311400;4491000;18918300;7187400;29163400;22737000;2478300;37395000;71959700,0;3433100;6283500;4674400;16584300;5236740000
2025-07-08;42848900;11846600;138133000;40442500;7770700;45692000;15440900;88086500;3100700;6966800;17913400;14082100;6438200;9613800;3301800;16875000;12034800;17115500;3123600;2003600;6769600;5994500;103246700;3377600;883300;2335800;224900;4166800;18484000;6879100;15645200;32925000;3083800;36124600;59834800,0;2531700;6661200;4116200;20401800;5739030000
2025-07-09;48749400;18659500;183656400;43025600;11418000;38155100;11273800;46227900;1763400;7297100;10652100;9495900;6147400;12816700;2703100;13702600;18770900;33704100;3265800;3101000;16462300;5589500;75586800;2252200;681200;2454200;240100;3274000;18290000;4190100;36711900;23845000;2454300;37013100;68494800,0;3384200;6373600;3367400;10871600;4813340000
2025-07-10;44443600;16492100;167704100;29252400;9913600;30370600;8410900;44225000;1733500;6121300;14901700;8395100;6732900;11355600;3130400;18894800;7200500;14608400;5366800;3382800;6116600;5462500;104365300;1100600;1517800;1513700;472400;8421700;21527700;5674400;58297200;42308000;2577200;61101500;64383900,0;3701700;7244600;4573300;11486300;5367350000
2025-07-11;39765800;16459500;193633300;34282900;10873900;50518300;7384700;31653000;1681800;7580200;11683900;8333200;7872000;9808200;2852500;14595000;8053800;12916700;4524100;2072600;6632000;7867200;79236400;1005700;757100;1653100;341700;4462500;11658100;5907700;27773400;39572000;3221400;50049200;52134800,0;3068900;7011200;4416600;10208200;4656210000
2025-07-14;38840100;12058800;136975800;32536600;8939400;35702600;9079900;36381200;1909300;5598900;13220300;10706300;10185600;10681400;2401400;13779100;11491700;13983200;5707500;2497500;8750200;7502200;78043400;625200;1166300;746000;230100;3092900;12115700;7382600;21671800;27810000;2500900;44718600;81774400,0;2481100;6533900;4294700;11337000;4722250000
2025-07-15;42296300;14927200;230627400;33448300;11529500;34907300;12526100;55145000;1981200;4891700;10959300;7346300;6873200;16019000;4174100;10450800;9142600;12639800;2937600;2167000;9156800;9392400;77556300;998800;792600;1471800;240600;3574800;11805400;6467300;40297700;28017000;2449100;93370100;59126200,0;3868700;5201500;4482300;10728800;5133670000
2025-07-16;47490500;15154400;158831500;33104200;13067600;39535900;9979800;61296600;3323200;5544200;11158900;7923400;22134800;9714000;3255400;11181600;8479000;13178300;2804700;3242100;7474300;11912900;97284800;544800;1246400;1051100;210500;3398400;17317300;7106700;21936500;32270000;2424200;59492800;57550300,0;4259800;5649500;3796900;12597500;5177460000
2025-07-17;48068100;17503100;160841100;31992600;11803300;31855800;8509500;56480700;2046100;4747100;13151400;8359600;11295700;14792700;4107300;11165100;8320000;20464700;3134300;2444700;7892600;16260200;73922900;914400;1119100;1026100;378600;2570900;12774800;7018600;23011200;64699000;2722000;50605100;60165500,0;3128900;5837400;4040000;17631300;5512290000
2025-07-18;48974600;21209700;146456400;34014500;12779800;37833800;12217000;48314200;1925200;4927600;32366600;45782600;9792600;14979700;3357700;14636300;7337300;14928000;3481300;2526600;5974500;8619800;94255000;446000;1008600;1114300;319800;2858700;28399800;7433900;28778400;106933000;2579600;48859800;45771600,0;3361600;6381200;4015800;9678100;5184700000
2025-07-21;51377400;14066800;123126100;45803100;9404400;40297600;7898100;32199700;2006500;5216300;17010400;17982200;8254000;10319200;3058000;13450400;6328400;17811700;3037500;1833300;4183300;5208500;75768800;1137900;1176600;956600;249200;3254600;17630300;7662300;29230300;56276000;2194400;39021100;45072800,0;3503900;6714700;3791300;7348400;5010840000
2025-07-22;46404100;13868600;193114300;44660200;8921100;37483700;6717500;34749400;1978900;4614200;13970900;26196500;9288000;14600300;2496600;9049100;8187000;22339900;2672000;2185000;4737700;4751300;77370400;4141400;2206300;1037600;266900;4450600;27295100;6951600;17744200;50630000;2010400;49028000;49880800,0;3095400;5001400;4521500;11380900;5662040000
2025-07-23;46989300;16396600;154082200;58681900;8771600;28294900;7083500;31380100;2395700;4385600;12002700;13162800;10617600;13111100;2683600;9729700;4804800;21030000;2467600;3254900;7302900;4689800;92553800;1575800;1183800;1292700;267900;2898600;19460200;7296200;26780300;45043000;2180400;41510900;48062000,0;3238000;5620700;4385600;7255800;5642510000
2025-07-24;46022600;16107000;128984600;74881700;10920800;42902300;7001200;42967600;1974700;5887200;15647200;15701000;6636900;22585200;2786400;14991500;7027400;12511400;4426000;2511400;6160200;5206700;156966000;592300;1130900;1073100;159400;3242300;17092900;5014800;18412900;38456000;1874700;48440100;38925700,0;3088000;5877100;5044800;8237900;5282720000
2025-07-25;40268800;19125700;122316800;39785900;8271700;28712100;5918500;24461200;1851400;3915400;10548900;7875500;6254900;16486600;2976900;12868500;5799900;12574800;3401000;2218400;4628500;4598400;148227000;1245100;1397700;924300;278500;2954200;12077100;4808200;22740500;26293000;1513300;53432300;57972300,0;2221000;4015400;4220500;7149600;4470720000
2025-07-28;37858000;14308000;140023500;38139500;8715700;26300100;5840400;20590400;1464800;3921000;12353000;8755400;8014600;15779400;2587700;12293100;7885000;13668800;3070500;2550300;7923800;5006400;112673800;1506500;1437600;2209700;192900;3302400;48901900;9627300;22597200;34470000;2492400;68267800;63886900,0;4062800;4533700;3626100;6756800;4565620000
2025-07-29;51411700;16469200;154077500;41389200;13267000;33716200;7635700;26216500;2136000;7402300;15928000;6446000;7663400;41706000;7100700;14034300;11466100;16223400;3147700;2383700;20163600;4125300;87358900;978200;1315400;1284500;259300;2550000;23592000;9460900;20673100;27525000;2393800;108154800;42427200,0;2931600;5137100;4193200;8415300;5076120000
2025-07-30;45512500;26380400;174312200;32445400;27077300;32993300;8061700;32265900;1816200;12129700;12996900;9191700;6189200;22371800;4338700;13864100;8162900;10448200;2805900;3172600;9354600;4697000;83931900;3045900;1324800;967600;227200;8296600;24777800;14382500;62920800;29227000;2833200;64820300;40261700,0;3110700;3928200;3803000;8441400;5375070000
2025-07-31;80698400;51617300;221685400;51329200;38831100;104357300;14749700;40016300;2358100;8641700;17233700;10237100;11036200;29606900;5810300;15651300;11845400;17193400;3639600;4116400;7825000;4524000;85270900;1500200;1649300;2140500;258200;4824900;18266700;24440100;26591800;37129000;4568300;71765300;45342600,0;3091600;7340300;6315300;15548700;6077080000
2025-08-01;104434500;28977600;204529000;34832200;19028700;122258800;12007100;52310400;2999100;8658700;19652000;10706500;8927800;39989200;4859500;16750400;8594200;16107500;3344800;4027300;8572200;4416300;89121400;965700;2192700;1944700;375200;2714900;18807300;12706700;30103500;38910000;3316700;75396100;61287000,0;3008200;7646900;5287500;12718200;5827150000
2025-08-04;75109300;25349000;148174600;31547400;15801700;77890100;6649500;31038900;1753700;7335300;19129500;10116600;12679100;17427900;3353400;19050200;7679400;10701500;4734500;4059500;5997300;3744000;78683900;790000;1564600;960600;563500;3132100;14894400;8150200;16455800;22447000;2984700;52951000;82993600,0;2844300;4403500;10874300;8614800;4842580000
2025-08-05;44155100;19171600;156407600;31602300;11640300;51505100;7182300;36798300;1977300;7295600;21314300;8604100;7934400;23795900;3615200;17977000;6670100;11993400;4222900;4329900;5687400;4000600;57961300;1114000;1970100;1642400;1124100;3618900;16745600;7794500;15511100;26607000;2883200;88808500;130917500,0;2931400;6761000;6780700;11197300;5517410000
2025-08-06;108483100;21355700;137192300;21562900;9733900;54823000;6330200;27916800;1477100;5944100;15321800;7840900;8957200;12946400;4752100;23738400;7376200;10783000;6474300;2630800;3898800;3576800;78523600;915400;1570700;2477000;616200;2142700;56992900;8475700;27541100;33622000;2245200;133641800;82924800,0;2812800;5834700;4557100;9930200;5408560000
2025-08-07;90224800;16079100;151878400;26321800;9019700;40603500;8057100;30609900;1400400;8797100;13468300;6510400;9315900;11369900;26101600;12509500;6719000;15790800;3603300;4261100;4563100;3050400;66658700;1517200;2323000;1468400;352000;3966500;18068500;6753500;27981200;26283000;2979600;95448300;77829200,0;2433000;10010200;5755700;11954200;5306090000
2025-08-08;113854000;15531000;123396700;39161800;7320800;32970500;6634100;37131600;1275400;6073900;14417700;6332800;7686800;10185700;14125100;12394700;5811000;9232700;2622000;2965200;4724200;4467300;91200300;2323600;2214000;1306800;303500;3880700;61640500;5028700;31947400;38167000;2907700;68866700;62657900,0;2326700;8812000;3330600;8313300;4769910000
2025-08-11;61806100;20194400;138323200;25832400;7612000;31646200;5510100;35559400;1273500;5715800;13570700;6169700;7256800;11779500;11294200;12856700;7331700;10909400;2649000;3416000;4872700;3360100;105320200;598100;1635300;1507200;351300;2622200;23352800;6215900;16383800;24556000;2116600;70651000;56125600,0;2605800;10740100;3712100;9012100;4652400000
2025-08-12;55626200;18667000;145485700;30397900;14563100;37185800;8570900;35481200;2418100;5682800;14109400;6641600;7916700;12171800;6897400;17915300;6938000;11061100;3438300;2765100;7396400;3630100;80522100;1615900;1663200;2002000;408600;3043400;17913300;9304100;31062800;22788000;2593800;52243500;54819000,0;2911300;13178000;3767300;9998400;5135300000
2025-08-13;69878500;19619200;179871700;28342900;8811800;36508300;8420400;29465100;1862600;5693400;17958700;6581900;5878700;19480300;6310000;19398500;5812400;10356500;2999100;4403000;6670400;7599600;67838900;3359200;1706300;2026800;313700;2245400;28911200;7103300;29390400;27624000;2352900;108305100;53610000,0;5187500;10209200;4629400;14182100;5195950000
2025-08-14;51916300;20269100;129554000;25230400;8116200;61545800;6322400;21073800;1371200;6224000;13683500;7337300;8241700;25011100;8395900;10858400;6343700;10722400;4699400;3676000;5320800;4481700;75000700;648300;2712500;1944100;286000;2377700;15224600;6294800;36668900;39047000;2642300;66308800;53472900,0;3600200;7544800;4187100;10285600;4462050000
2025-08-15;56038700;25213300;156602200;34931400;13375400;39649200;7340500;26276900;1645900;4946600;19271900;11617000;9477600;68198500;8224600;13604900;7121700;12381100;3416600;3107400;6291400;5203300;74319800;438200;7480900;1627000;411200;2137700;14802700;7583700;25575700;27678000;2263800;51543100;60288700,0;3841400;12942800;5229800;11554000;4575060000
2025-08-18;37476200;23760600;132008000;18526600;16513700;25248900;5386900;43125100;1157800;3999600;13040000;8174300;9284000;39600500;4997300;11656100;8274500;14094900;3272600;3185200;8456000;2697000;56956600;516900;2764700;1143700;223300;2366100;14684700;4774400;21766900;21111000;1812000;35937500;62656600,0;4407100;8809200;3911300;6759900;4162290000
2025-08-19;39402600;21481000;185229200;24240200;12286700;29891000;6031500;33783400;1856400;4457200;16113600;8567500;9274200;22348600;5941000;16999000;7868100;13862200;2893600;3543600;9061100;3404900;75956000;612900;1860800;1142600;352800;5008000;20636200;6396500;40429700;37077000;2334500;64455000;137922700,0;7629300;8642200;4726400;16819300;4377440000
2025-08-20;42263900;27723000;215142700;28955500;11898200;36604300;7374200;30822200;1872700;5834400;18959700;8076300;9030000;16679000;4139400;18655000;7840400;17530800;3879900;4060200;5016000;3854700;77481800;586900;1221900;1484400;272400;3437300;17211700;7151700;27693000;24344000;2884600;60233200;220336400,0;4195300;8195100;4779800;11256400;4470390000
2025-08-21;30621200;18443300;140040900;19774600;8876300;32140500;6624000;28713200;1162000;6073600;12194900;7533600;8859600;13359000;3617300;51825100;6417500;8840400;2282200;2504300;6101100;3266400;55744400;689700;1385800;929700;216700;1709500;17640300;4997300;18525400;20472000;2349200;37880500;94678600,0;2942600;5646800;3082200;7403100;4013560000
2025-08-22;42477800;24324200;172789400;42827000;10612700;37315300;8552800;45078900;1948600;4973200;13586700;9084300;9524000;14930000;3222700;32695200;5797300;12999600;2796700;3785100;8678400;5229300;94016300;2015100;2014800;1313600;436100;3968600;27633700;7711500;45862200;31281000;2388900;43998600;102099200,0;5284700;6694300;4205100;9343600;5046860000
2025-08-25;30983100;21638600;163012800;29928900;6861200;22633700;5856300;34715700;1381200;8019800;9744900;7030000;6229100;8917100;2898100;18956100;4692500;13634600;2944300;1857900;4757600;4301600;86670000;779400;796000;1575300;199400;1937600;19395600;4653000;25325400;28120000;1984300;36134700;86879800,0;3579500;4957700;3935100;6308600;4059070000
2025-08-26;54575100;30835700;168688200;28464100;7601800;26105400;6714700;40609300;1511600;5876200;18143900;10270000;9145000;16303200;7695600;22270400;6338000;17964200;2807600;2792200;7380200;4693500;76651600;662700;1162400;1412100;409700;1509600;16625300;9173000;23547000;19857000;4774600;52138600;86573700,0;3180900;8862300;8217500;11805200;4867680000
2025-08-27;31259500;17277900;235518900;23022900;8315400;21254500;6056500;42428200;1534800;5531100;15262600;7483000;5951100;9982800;4326200;12925700;4551200;11562700;3234400;1970900;4757400;2705700;65519000;464200;1591600;1071500;224100;1779300;14193500;4549900;23966600;16645000;1480900;37031000;76380600,0;2487800;6506900;4385900;5637600;4143680000
2025-08-28;38074700;18015600;281787800;32339300;7468000;33679600;6410500;32949400;1411200;4987100;14189800;6502000;6424700;11235000;3117000;19241600;5857400;16209900;3471700;1651700;4039600;3388100;67903200;655400;984500;1240000;373100;1967700;17015000;8156300;44091200;19503000;2159800;36285200;57885200,0;4051600;8461200;4530400;8691500;4283760000
2025-08-29;39418400;20961600;243257900;39728400;9070500;26199200;6796400;32496500;1467000;3671900;14597900;6934800;6942300;12065400;2551200;15600300;5318200;14601100;2492500;3673800;5008600;5037100;81145700;3000400;1050000;1213400;292500;1997300;19648600;9949100;19563400;32098000;2111200;37516800;45270500,0;2210300;7363200;4663600;16618600;4234840000
2025-09-02;44075600;18128000;231164900;47523000;9350900;38843900;7221900;52719800;2296400;4940300;15206700;8947300;9049000;10957100;3222500;15351300;6432800;24770100;3228700;2329500;6339100;4081200;58392000;1461800;1734900;1826200;359800;2158200;14580100;7520300;28451400;23033000;2284500;38656100;65435000,0;3328600;9312500;4977800;10461900;4784000000
2025-09-03;66427800;16345100;164424900;103336100;7699300;29223100;6316900;38344200;1485600;4176400;14920100;9556100;7111700;9654600;2222500;18995900;6592500;33581500;3219500;1496700;5999000;4120400;88733300;1654000;1187300;1653000;302300;2105700;24830100;6336400;16810300;24715000;1959400;30752800;66052300,0;3025100;17417900;3206200;8900800;4465360000
2025-09-04;47549400;15509500;141670100;51684200;11439100;59391800;6605800;34796900;1778200;4324000;12864400;7243000;7854800;7725700;2423400;15640900;6934900;16736000;2881300;1634600;4093200;4591300;60711000;1618900;1572200;1698500;270700;1484200;21412200;7781200;20744500;30235000;1653700;32103500;53292300,0;3873100;30967500;2976700;10303100;4670770000
2025-09-05;54870400;31994800;224441400;46588900;9663400;36721800;9837700;40063300;1822800;5448300;16826700;11011700;9733800;14126700;3958200;13748500;6436200;23978000;2533100;1843200;8203600;4952600;108989800;1825200;1609600;3304600;493500;3215300;24078600;7954200;29163100;23797000;2432100;78256000;81855900,0;5855600;13029400;4222900;15386100;5066120000
2025-09-08;48999500;16771000;163769100;32474700;13087800;33947100;8188500;48033100;1400100;4711600;15440500;9462000;8382500;18438600;4534600;13685700;7178400;21671700;2873600;1876700;5955000;5008600;75208300;793200;1329700;2216200;789100;1915700;15834100;7019700;17186300;19151000;1948200;41849000;47643000,0;3742600;12602200;5146300;18803000;5211500000
2025-09-09;66313900;14410500;157548400;38061000;10999000;27033800;7848200;40060100;2611300;4646200;14899500;7769200;6005700;46408900;2986900;11819700;4984900;14120600;2310800;1710700;5510400;3073600;53816000;1142800;1182900;2018500;272400;4969300;19658500;6126000;14692000;22197000;2266000;42802500;61359500,0;3516000;10901900;3748700;41178700;4798350000
2025-09-10;83440800;21611800;226852000;35141100;12478300;60907700;7787300;31706300;1996200;6557900;15837600;7440800;6891600;17804300;2477400;17934900;6205500;16041900;3479500;2221000;4949500;3206400;72121700;665500;2145100;1885200;415600;4266600;28629800;8256900;23811200;27010000;2535200;52465300;62211400,0;2897800;11363600;5561600;131618100;5253010000
2025-09-11;50208600;18881600;151159300;30599300;7923300;37485600;7942500;28055200;2075700;5157600;11534500;6417400;5792500;18943500;2197500;15900800;5819500;15128700;2761500;2737900;12010800;4016800;103756000;979900;1451200;1596200;331200;3158600;15088700;8360200;24840700;56823000;2407000;48817700;42025500,0;5316400;6944900;3669000;69986000;5426460000
2025-09-12;55824200;23624900;124911000;26771600;8248600;38496200;6846700;27851100;1099400;3518300;11105700;5546300;7220200;14016200;2198300;11641900;5957000;18712400;2072600;2341800;11094900;3249700;168156400;1150400;1477600;1629500;571800;2463600;16162600;5430600;21274700;37849000;2242800;42232800;54498500,0;5004200;8386400;2951700;51781900;4641640000
2025-09-15;42699500;17143800;147061600;58383800;10533800;33243300;7122000;29043600;1292000;4367500;12880500;5030500;4768100;11035900;2790900;10756900;5995000;15986100;3584500;2255800;6896200;3716600;163823700;1688400;2410700;1852600;375500;3155300;19903000;5604800;27909400;29093000;2222600;36808700;45396100,0;4884700;7244600;3629800;40004000;5045020000
2025-09-16;63421100;19711900;140737800;34109700;11782500;38203900;10525600;31624400;1529500;5527700;17208000;8011000;7959300;12695800;3881300;14481900;6559600;18555900;3578500;2366300;6330600;5538400;104285700;1327700;1651400;1170100;436600;3438200;21574300;7997500;26429500;24047000;2537000;27946500;34598700,0;3726700;8779800;4070000;51923300;5359510000
2025-09-17;46508000;15816600;211843800;34108000;9400900;42815200;8657800;38337900;1945300;5763500;13302000;5736800;6714900;8467700;3471200;25382000;6764200;17372300;2681600;4512200;6019500;4149600;106133500;1671000;1368600;2380900;418100;4430800;19504300;6057800;39751100;34598000;2930800;41823800;69255500,0;4771700;10124000;5060700;27707900;5805340000
2025-09-18;44249600;18913700;191763300;31239500;10955000;37931700;8050700;35246900;1501600;7526600;14628700;6244200;8200900;11255600;3464000;14869400;7651500;17722900;4654100;4331900;6414000;3977500;90454500;1766200;1308100;1067700;378800;3015300;16089500;10421200;18201000;31691000;3294600;84549500;70768600,0;3677200;9344400;4058900;24673100;5292400000
2025-09-19;163741300;52474100;237182100;55571400;23696800;97943200;23568600;98970700;3789800;13674300;38746500;16734000;25621000;13656800;7349500;34791600;17224800;31192900;5696900;5069300;10513700;9652600;93131000;2746100;1706500;2476400;416900;3477500;17222800;19444400;22505000;49476000;6745300;55448100;109129900,0;6718400;11813900;7356300;40776200;9125960000
2025-09-22;105517400;20009300;269637000;32290500;11706900;45914500;7520200;27468000;1151000;5621800;15611500;5244000;7193900;8903700;2527400;12861900;8712900;13298700;3657900;3180000;7467700;4192800;97108800;1143300;2222800;2928500;288400;3525900;17689600;6196600;27533100;25468000;3241700;46505500;45916700,0;2656300;7523800;3582900;44437500;5642620000
2025-09-23;60275200;19799600;192559600;26628000;10872600;70956200;8584400;28278200;1758800;10142700;25369100;7181400;8350400;12504100;2910100;13158700;8853400;15072800;2976900;3856600;12760900;3637400;83422700;1741100;1362000;1299600;267700;2259100;35481000;5468400;32623600;24991000;3223000;39448300;62354800,0;2597000;7669800;3933200;35280200;5633620000
2025-09-24;42303700;13533700;143564100;28201000;8828200;49509000;7310500;27010400;1402500;5207400;14756100;6285200;6676800;9016300;2243000;11391800;6483300;14759300;2427300;2776700;7354800;5645500;93133600;4477900;1499600;1852100;272600;3262300;27286200;9213700;22707800;27731000;2867200;38464100;45379700,0;3220700;6707100;2811500;33765300;5459180000
2025-09-25;55202100;15786500;191586700;31020400;10591100;52226300;7083200;22957900;1413100;5398700;15012600;6311000;8475000;8104900;5136400;13366700;7511400;14395000;2558400;2979200;6649300;4504500;96746400;2371000;1350600;2134100;362500;5119000;25172100;8093700;32002800;19978000;2700600;36809900;72321200,0;2554300;8145500;4056100;39274900;5874670000
2025-09-26;46076300;16213100;148573700;18503200;9696300;41650100;7258100;20025800;1376200;9619200;18568900;7015200;8634400;6774700;3559700;11859300;5721100;17821600;2284700;2329000;17281700;3817600;101628200;1954000;1622100;1936800;249700;6322400;21474900;4846000;15900000;19450000;2106500;30316900;44275800,0;2316600;4974600;3707600;25990700;5103110000
2025-09-29;40127700;17617800;193063500;32505800;9246800;44259200;6462400;23701000;1059000;7217800;19189300;8315100;8597100;6878900;3309200;15477200;8139700;14818500;3073800;2892100;11290600;3860800;79491500;4713000;1507300;1829500;283200;3516300;29893600;7523100;24349800;30332000;2615600;39828800;38413800,0;3008400;6373500;5161900;25778500;5358760000
2025-09-30;37704300;19728200;236981000;34724300;16226800;48396400;11823300;29945000;2463900;8164400;18076200;7755700;11569000;7429700;6234300;13873400;7762600;13815000;2640100;2315300;9289300;4112400;74358000;2762700;1817700;3350000;928300;2875200;30184300;5593300;21898300;38303000;2379200;29669300;43561700,0;3211600;10801100;3873500;23880800;6057210000
2025-10-01;48713900;22632300;173844900;31658200;20419600;43933800;9235200;27709100;1788900;8381000;16614000;6768400;13063800;8825500;10124500;16142800;7566000;14877500;3055300;2964700;7178000;3633300;98122300;4829600;1312500;3771500;1189700;3061000;19330100;6153000;35845400;41102000;3685100;39895200;45717300,0;3787800;10016600;4481100;23378300;6037950000
2025-10-02;42630200;21222900;136805800;25483300;11415300;41258600;7600000;22757200;1553700;5198000;13062600;7562400;7728100;8564200;4291800;15605400;6892100;14350700;2690400;2648600;8281100;2508200;137009000;3435000;2415000;2213700;897800;2842100;27443900;5499500;39252600;46855000;2483500;55475200;39849200,0;2964700;7679200;3461400;16215500;5416130000
2025-10-03;49155600;15112300;137596900;30249600;16154300;43639000;6029900;24565700;1470500;5199700;12950100;7249300;8675100;13494800;5088500;11867500;5212600;12249200;2599100;2996500;6634100;2817000;133188200;3716000;1872900;3416900;617600;1980200;19361900;5137900;27077400;31374000;2331600;42699100;105533400,0;2951300;8849800;4678800;13688400;5713110000
2025-10-06;44664100;21388600;157678100;28894700;21654700;43690900;7214500;25386300;1632600;4735600;12036800;4778900;5806100;7181700;3651400;13303600;6737000;14333300;3814200;2629200;7665300;2759800;85324900;3351200;1315300;2434700;636600;2557500;19898400;8265800;23565900;29686000;2573500;248859600;52504200,0;3653700;13922600;3519500;14076800;5604460000
2025-10-07;31955800;14615200;140088000;23181300;12062900;31194700;8454200;24107300;1547200;5044600;11945000;5479600;8776800;7236200;2610800;15538900;6844400;13328300;2515700;2135400;7610600;2578800;102296100;2532100;922800;1962100;332300;3163300;21608900;7147500;30018900;33091000;2120700;115748100;58179300,0;2505700;8387400;3057400;31723400;5546150000
2025-10-08;36496900;13363400;130168900;21307100;10790600;46686000;6489900;24014200;1939300;3927500;12301000;5678000;5751200;9438300;2180900;13584100;5254700;12606700;2464600;3959400;6189700;2658600;71192100;3871300;911100;1831800;396200;3283700;18163000;7302200;17955700;28514000;1934700;159983500;36299700,0;2517600;7120200;2944600;18982100;5383130000
2025-10-09;38322000;18343600;182997200;27892100;12717200;46412100;7060300;21816900;1575000;4434800;10976200;6178600;7484800;8759800;3071700;19508000;6134500;12705200;2802700;3113900;12974800;4292500;69339900;3313000;818000;1216000;523200;3299200;23832000;6928400;19749000;28241000;2579800;94290700;45050300,0;3321400;7929100;3172200;26479800;5385020000
2025-10-10;61999100;24133800;268774400;33180300;16980100;72367500;8597400;31831900;2457900;6296200;13811600;7796600;9598000;13141900;3431000;18519400;7374000;17991700;4016200;3889100;10647900;3380000;112107900;5356700;1886200;2957900;731200;5210400;30832200;15818600;57542600;42798000;3553900;118656600;55194000,0;2992400;7988300;4763800;28895300;6596610000
2025-10-13;38142900;14284200;153482800;24995000;9251800;37809700;10788700;34462800;2766000;4030700;10296500;5978800;7979500;5659400;2167500;10871200;7511100;13690000;3369300;2618400;5657300;2604100;79552800;2607300;1084500;2210500;352500;4654800;19649100;10311000;26812100;24608000;2996500;63104000;41332400,0;2925900;8276500;3183500;21703700;5303960000
2025-10-14;35478000;14684300;205641400;22111600;8829800;45665600;16178800;42462600;4710800;5731000;11167200;6419400;13613300;5974800;1928400;30859500;8585300;14245600;2992800;5459800;5975700;2516500;72669400;2950700;862200;1640100;315600;5998300;21644600;8675200;29166400;23624000;2627300;71216300;49261400,0;4399900;9123900;3056000;17346200;5666920000
2025-10-15;33893600;14694700;214450500;27007700;10246800;45909500;11354800;69992200;3217400;3778200;12182900;5824900;9473000;6579600;2355800;21416300;10003100;11193700;2522100;3447100;5055600;2773000;71558200;1346500;1937000;1652900;757000;3962100;30198900;7334100;25713300;20252000;2262400;108481000;37372100,0;3690100;8389200;3566200;13698900;5633060000
2025-10-16;39777000;15559600;179723300;27997200;9017000;42414600;10549400;49027700;3160900;6241500;11782200;5276800;10611800;5872100;2272900;16366200;8809700;15707200;2021600;3463100;5555200;2623100;77189900;1730600;2011500;2043300;818100;3254100;17742900;5686700;27034700;28326000;3210600;69726400;42870900,0;2783700;24869700;4254300;32500900;6048180000
2025-10-17;49147000;19867800;173135200;29671600;12232400;45986900;10153500;48915400;2884700;6267100;13460100;7735500;7764400;8608400;3983000;13735600;8612900;15541800;2194200;2814700;6482700;3949300;89331600;2119600;884400;2557200;742100;2908700;23279400;4833100;18520800;29571000;2756700;55804200;43421500,0;2657700;10851200;3794300;37653000;5358120000
2025-10-20;90483000;14665600;128544700;22350200;8900200;38882800;6894900;25786000;1925400;4665000;9523600;5676500;8034700;5996500;2279700;10581200;5601300;17786800;2329600;2170800;5865100;5058700;63719000;2117100;1529800;2520500;360900;4065700;29046700;8194100;17833400;39862000;2046400;56741700;31975800,0;2761100;9963900;4605300;32810700;4672170000
2025-10-21;46695900;15586200;124240200;47312100;7647300;50494600;7372700;27303400;1782200;4121800;9202300;6304900;6716000;6885300;2099500;10899700;6013400;33651300;2461100;2259100;4209500;6726600;54412200;3268200;1426000;2281400;349400;2568500;32663500;6176100;25782200;65082000;2722400;47122400;27528100,0;2306900;13354700;2714500;18370800;5245020000
2025-10-22;45015300;18962700;162249600;35029400;8734500;44308500;8054100;34955000;2141400;5074400;12938800;6036700;6343100;7833000;2930600;12296500;6394400;18293000;2735700;4149000;6310300;5212200;84023500;1639200;1491700;1239600;283000;3930800;30880000;10083800;26662700;147890000;1820500;59668800;58263100,0;2857000;9370000;3376000;16474000;5710010000
2025-10-23;32754900;14023500;111363700;19901400;9856000;31540000;5438800;26028800;1615400;7217200;15001100;9810900;8882500;5756700;2632900;11408200;8205400;13989400;2081500;2619400;5356200;3091000;126709800;2251600;1044700;953900;296000;2914000;30680000;6546400;20642000;68497000;2187500;39024400;35812300,0;2767300;6110100;3063000;16872200;5565750000
2025-10-24;38253700;15532400;131296700;28655100;9151300;38685100;7228300;38923900;2505600;3576700;9919400;4979900;6903400;5462100;2211200;10318000;11968500;15688200;1994500;2392000;5238100;3586800;94727800;1283300;781300;1745900;367600;1952400;29542000;6256000;15040000;60280000;1839600;71221100;34813500,0;2426800;5490800;3166800;13194900;5058220000
2025-10-27;44888200;18734700;153452700;35235200;11321100;38267000;5642200;27345800;1645300;5400300;10975400;4884400;7126000;7766400;2114800;16375900;7775300;13800000;2139700;2493800;6084300;4244400;105867500;2048700;1384100;3044400;640000;2900000;23913600;81799300;20278500;46911000;2981000;65613100;47153100,0;3065800;4942400;6451500;13855800;5290650000
2025-10-28;41534800;29986700;297986200;29738600;12193800;47100000;6336000;29575200;1242000;7445400;9535200;5066500;8329500;18858700;2493500;13323000;5819300;12730500;2336500;2775400;7027200;3058100;80185700;1937100;1234800;1133900;385400;3130400;28602600;20323100;13172800;40209000;2916000;47448700;38201000,0;2372800;6435600;5029100;12448500;5695930000
2025-10-29;51086700;36023000;308829600;43580300;26818600;52036200;7520300;29158800;2251500;8361700;12570600;7344400;10551100;11874900;3591200;11986400;7405500;19789600;2502300;6948500;20940100;3596800;67983500;2732300;1026700;1582900;545800;3273700;23171100;11614600;26090100;33995000;3763400;49335600;65537300,0;3852300;7904200;6204500;18007100;6280130000
2025-10-30;69886500;41023100;178864400;74876000;88440100;102252900;7514600;37548600;1829500;6411800;16172900;8971200;7072500;11441900;6037200;14065100;6760700;14751700;3128400;2574800;19417000;3782000;72447900;2188000;1151700;2577300;892700;2780800;24194100;7862900;19757600;41581000;4284700;45162500;43541700,0;2384300;7767800;4786600;27954200;6052700000
2025-10-31;86167100;34006400;179802200;39267900;56953200;166340800;7721300;39295700;1328100;7301600;20213400;11136100;8791700;8390800;5015000;20237000;7930300;16742700;3582700;2974800;10696600;4023800;83135800;2105500;1194700;1999400;754700;7778500;19224700;9452800;15513400;68665000;3567100;34449200;52697600,0;2643500;6878300;7146400;16898700;6398280000
2025-11-03;50194600;22374700;180267300;29786000;33003600;95997800;7770000;31252300;1569100;5538000;12290300;8512200;7542600;11181400;5401500;14811700;8946400;15660400;3899300;2439400;8103900;3297600;84595200;2503200;1838000;2473800;497300;3933100;34968800;8535100;15008700;58634000;3175500;36351400;81016800,0;2897600;7054300;5868100;15709200;6065720000
2025-11-04;49274800;20958700;188919300;30078400;27356600;51546300;7085200;47226600;2046000;5920200;16860700;6976800;7209400;9646600;5911500;12636400;9295400;12743800;4151300;3440700;8619600;3938200;87756600;4655000;1235200;2057900;383300;4279700;18870000;12323600;20361900;38718000;2653900;56491800;121380900,0;2590000;6792200;7803200;19772600;5739510000
2025-11-05;43683100;23024300;171350300;31010300;20219900;40610700;6865200;54353600;1832700;4984600;12400900;5894700;5049400;9697100;7272900;13356800;11199900;12850100;6070300;2701300;9885700;4711100;85573000;2990300;1001000;2006400;464400;2270600;26520000;18845500;34649700;35539000;2198500;67366600;76121000,0;4763000;5241200;6551200;11991500;5939600000
2025-11-06;51204000;27406500;223029800;37173600;23628800;46004200;7206100;55296000;1572500;8507900;14219700;6466300;6767400;7922100;6417400;14866000;10024500;15906700;3544900;2245800;7740500;3467800;109622900;2183200;1518800;1636600;742300;2290700;23423100;16184700;22327800;36532000;2593600;66049700;78468600,0;3622100;11041800;4964700;18678300;6051900000
2025-11-07;48227400;24019800;264942300;34479600;29946800;46374300;7302300;40537700;2098400;5318400;17181100;9835900;6959200;9402900;4373400;17248700;8500100;25108300;3250100;2320100;7869500;4766500;103471500;1679500;1384500;2098800;655600;2326300;53662000;10614700;21473900;44125000;2510400;52162600;73989700,0;2766400;5741500;6377800;20969300;5926070000
2025-11-10;41312400;26101500;198897100;29557300;19245000;36476500;5794100;26094600;1698200;5295800;13048000;8436800;5323800;9283800;5696600;14507600;10208100;15318000;3824300;1829900;7447400;3716400;76515900;1538600;1844400;1850000;823700;2032400;24175200;10129300;23378500;36929000;1978300;43361600;87764200,0;3257900;6486600;5084000;16698700;5366050000
2025-11-11;46208300;17980000;176483300;19842100;13302200;23564100;5030200;22244300;1521500;4453300;16077100;6361400;7465600;7157800;4166400;13182100;7332500;16160200;2755800;1517400;5783400;2682200;60533200;1821500;1383300;4016700;395000;1484100;29089400;8419100;41923500;27966000;1832400;61336800;49819700,0;2407300;5762800;2960200;20686600;4983490000
2025-11-12;48398000;26574900;154935300;24829900;24493300;31190100;10578300;40536700;2954100;6389600;13790900;11670900;8803000;10403300;5185200;12084400;7851100;13612600;2818600;2645100;8288300;3884500;58513500;2355300;1084000;3101000;406000;2598900;26744000;8785800;34807500;39221000;1761500;108942000;55347100,0;3375800;4278200;5456000;24195000;5293610000
2025-11-13;49602800;25273100;207423100;29494000;20973800;41401700;8973300;37716100;2557400;4961700;17291900;7998700;8631600;7788700;4153600;18088500;7566800;14002800;2294300;3458700;6739300;4153300;118948000;1900100;2875500;3989700;700900;2112700;16521300;9526100;24375200;40144000;2031300;63178600;63188800,0;3034800;5542100;7340700;30009000;5473720000
2025-11-14;47431300;28505700;186591900;31647200;20724100;38956700;10327000;32363100;2552000;6422300;17064300;8484800;8824800;8676500;3862300;23424200;9150800;13172000;3112500;2764500;6189800;2803300;105506700;1089700;2663800;2523300;600500;1776600;16138300;7949900;40963300;47607000;2567800;47655600;62596800,0;3413300;5512900;5462500;36053800;5042660000
2025-11-17;45018300;19092800;173628900;52670200;16501300;59919000;8344000;35546800;1850600;6494800;16034900;8745000;13257000;6485400;4720000;15289400;9902300;14772300;2435700;1941100;5877800;3076600;102214300;1900400;1623700;5183800;375300;1639100;12294400;10211100;29832100;26082700;2557900;37942200;50339000,0;5127200;5280900;5371000;16143800;5204220000
2025-11-18;45677300;33815100;213598900;49158700;25500600;60608400;8077300;35189500;1673500;9170400;15808500;10813400;12468600;9182100;3430500;17604500;10735200;12838900;2773800;1918600;8195800;4053600;80688600;2049600;1698700;4622400;380000;3001700;13169400;11073200;17725500;43440600;3594700;45619900;53710100,0;10168500;8045100;5457400;21098300;5159390000
2025-11-19;40424500;23245300;247246400;68198900;24744700;58335600;5546600;28112300;1521100;7066700;15919200;7539900;14690800;8181100;3571200;22157000;6367000;12401500;2008300;1880900;12550400;2952600;72047700;1150500;1525300;1945500;428500;2051400;13898200;8176500;22200800;31868100;2723100;52093400;46108200,0;7595000;9710700;4695000;21679500;5021610000
2025-11-20;45823600;26802500;343504800;62025200;20603000;50309000;7501600;36661600;2599000;6510300;14401000;7623400;10612600;7337600;3135700;50375900;9021300;15396500;4205100;3195000;13706400;3733900;113548800;2770400;1771700;2594700;1195200;2124000;16231400;12075400;27720800;36918500;3240300;66342900;78443900,0;4025300;7521100;5486900;27459600;5596080000
2025-11-21;59030800;31769200;346926200;74137700;21052600;68490500;11766800;43867200;2284700;8930000;15667600;9248400;13189100;8406300;4266700;41420800;12018000;26492500;3348900;2921600;10134000;5604100;100460600;1966900;2124500;2873500;816100;3199600;16536400;10815000;31066100;41232700;3807500;67421100;71346400,0;7441300;7479300;6059000;44834100;5929930000
2025-11-24;65585800;34421000;256618300;85165100;23554900;54318400;10940200;52852100;2319500;9337100;18034900;14181100;14803900;10773800;5497200;42519200;13846900;39818600;3687300;4653500;9386000;11909200;96806400;1666800;1207500;3462900;870200;1956500;12416800;12070100;17514900;62918300;5941000;46749600;57877800,0;6132900;8563300;13404500;31144700;6039740000
2025-11-25;46914200;28019800;320600300;88632100;25213000;39379300;8877200;41310100;2252900;5854300;14434600;11447900;10275300;6149100;4181500;20212900;10477700;17451200;4189600;3105100;9676200;4693100;71915600;1666200;937700;1794600;524700;2345000;11768400;7758100;20310200;35122600;3132600;69773500;36523500,0;6316600;10233000;4064000;29595000;5003330000
2025-11-26;33431400;25709100;183852000;51373400;15209500;38497900;7910900;32045600;1862500;4309900;11650600;7578900;6729000;5504200;3093700;17783300;9238500;11795100;2786600;1995100;7644500;4113700;63463000;1065300;792500;1759500;377900;2477900;15291900;7967700;26604100;27951000;2185300;43270200;34610500,0;4517300;8506600;3686700;26544100;4485000000
2025-11-28;20135600;14386700;121332800;26018600;11033200;20292300;4322400;18920800;868300;4586200;7240800;3848600;5638300;2464500;2732200;9846500;4707200;7423000;1850700;1019500;3757000;1376400;36252900;2151200;375100;1007100;248700;1608600;12812000;5068800;15012400;15021600;1254800;18658000;17199500,0;2119600;3691500;2312200;13848500;2558540000
2025-12-01;46587700;23964000;188131000;41183000;13029900;42904000;7727300;30536500;2133200;7082300;12658100;8209000;8473700;6154600;3070200;17236800;8240700;14388100;3354100;1764500;6763700;3756300;57463600;2971600;990800;1834700;538600;2367400;13725000;6818300;15599000;24873400;2227000;30768700;27779600,0;5107100;5634700;3995200;13461200;4549370000
2025-12-02;53669500;19562700;182632200;35854700;11640900;45785400;7249000;46073500;2254200;8201900;14607700;9196300;8393600;7978100;3280000;18711800;16376800;19871300;3947800;2749500;22624000;4255800;69336600;1671900;843100;2899100;616200;2293600;15906100;9159100;25706800;25763000;3076000;42002500;35368000,0;3965300;7626200;3378000;19664500;4582290000
2025-12-03;43538700;34615100;165138000;41838300;11134300;35495100;8535300;37134400;2347900;6296700;16819100;8060200;8363300;9770000;3447000;24478300;9125300;17001700;4986900;2545700;14139900;4059500;87483000;6293300;1722800;1865900;383800;4835400;10893800;7624300;20630700;53593400;2687900;28545200;30541600,0;4166700;13782000;3803200;19060500;4736780000
2025-12-04;43989100;22318200;167364900;31240900;29874600;45683200;9627800;38529600;1670800;6277500;13686900;7254700;9049900;8061600;3854900;25905100;10479300;17710000;4632200;2313600;9513300;4195300;71906500;2696600;1145500;1711300;443000;3470700;12259700;7245000;34977200;51779100;2878800;24478200;29217800,0;4022800;20912100;3574800;23316900;4872440000
2025-12-05;47265800;22608700;143971100;28851700;21207900;33117400;6518900;33986500;2277500;5266600;12516900;12659800;7785300;5906000;2502100;23956400;12791700;13978200;3147200;2177300;6857200;5220300;56427500;2157400;1303500;1139200;668900;4657800;41176600;8400100;135373800;133363600;2126700;33292400;32079300,0;5959200;15852400;3463700;24208700;4944560000
2025-12-08;38211800;21965900;204378100;33909400;13161000;35019200;7417200;34386600;2238100;6059400;14904200;10237200;7785700;4782800;3088600;22700700;17507500;17775100;3575000;1822500;8823900;4333200;69165800;1773000;1142100;1514600;361300;3288900;24816600;6690200;44006600;100906300;2453800;30943200;30456700,0;7273000;10805400;7032200;24711200;4757130000
2025-12-09;32193300;14696100;144719700;30194000;12997100;25841700;18049200;47189300;2274800;4325400;23790800;8916700;7509400;4628400;2569700;24326700;10375700;13010600;2355100;1755300;9101900;3553400;62367400;1583200;1190300;1545900;418100;5230500;16250900;7719100;40375500;51745600;1965300;25166100;18937600,0;5063100;8045900;4574000;17643600;4508050000
2025-12-10;33038300;35756200;162785400;33428900;16910900;38790700;18874100;54424400;2394300;5467500;19845200;10976300;11599800;5910500;2966300;22859600;13650400;29789400;4103900;2797900;15159600;5807400;63257500;2239300;1115100;1326700;1173900;3927900;12100100;11100100;29372200;74129300;3023400;23279400;59398000,0;6316100;8894700;4558800;47928000;5526570000
2025-12-11;33248000;24669200;182136600;42353700;13056700;28249600;9721900;35686900;2683000;12953600;14781800;8414200;9009000;7513200;4517000;21586600;11798000;23124200;4844000;2779500;7917800;5971500;55979500;2278100;1210000;1590400;522400;5451900;12727500;6319200;27010500;43949000;3659900;30694600;36843200,0;6609800;7783800;4493400;100612700;5021060000
2025-12-12;39532900;21248100;204274900;35940200;14016900;35639100;8982900;40539400;2715200;6942300;14459500;5848100;6922700;7979000;3275200;19092400;10268800;18444500;3771900;4581100;7069700;9381900;95656700;2517100;1096300;1621400;401200;4252500;19719900;8865800;28693500;49323100;3515400;37073900;42427400,0;3861200;6006600;4113700;55201600;4910160000
2025-12-15;50409100;23727700;164775600;29151900;15549100;47286100;10864100;32881300;1976600;7004600;16358700;7503000;8467000;6447200;4648400;18713700;13877700;18660100;3814900;3968600;6721600;6808600;114542200;2007000;1303100;1358200;487100;2203400;15998100;6954700;41301300;40016500;2714000;27222200;32796100,0;4387400;10271800;5173900;43897500;4975600000
2025-12-16;37648600;20705600;148588100;30585000;14309100;39298900;8331300;32931900;2161600;7269300;17638700;11290500;9949800;6334000;4024500;19642300;10251700;17370000;2972300;2319400;6120200;5271300;107608100;1439800;890700;856400;908300;1955400;31666600;7136000;65729100;34265000;2748700;23467600;42070300,0;3497200;6145300;4376700;32433500;4983180000
2025-12-17;50138700;24527200;222775500;43930400;15598500;44034400;8718700;35304100;2213300;7263500;18502200;8805300;8457600;4685600;3726600;16177800;9833300;13672700;3328600;3753300;7301100;3802500;106490400;1425400;1032800;1407500;687600;2555400;24094100;8501900;47610200;50472800;3287100;31595400;50424700,0;3875200;6269000;4128600;50222000;5122120000
2025-12-18;51630700;28573500;176096000;33518000;20260300;50272400;11444900;87452700;2066300;6805000;13705600;6998800;7499900;6354900;3848600;21476700;12239900;15524800;3335200;2193000;5652100;4495100;95168400;1399000;1463000;1597600;686100;2450200;19272400;8967500;41125200;37244700;2259000;29720100;40221500,0;4805200;5654200;3646700;36297300;5101190000
2025-12-19;144632000;70836100;324925900;59943200;49977100;85544400;24494400;73001900;4808300;18623900;45412800;21701400;24803900;10553000;5829100;50043800;19345600;36911100;7128600;5355600;14793700;8856400;103305400;3456500;1939400;2095800;737900;2802000;16457100;25223500;45820000;78990200;7262100;58445500;76929400,0;12825600;20732100;14652800;77008600;8554470000
2025-12-22;36571800;16963000;129064400;26429900;15659400;32261300;8354600;33408800;1442300;5043500;11768600;8143600;8187800;7872400;2625600;21473900;11731400;12828500;2514600;2387700;5458900;6959900;86916100;2937000;805900;1860800;311100;4639500;16558800;6422100;29149000;39484800;2500200;24950700;36686000,0;3523700;5664200;4070000;27148000;4465030000
2025-12-23;29642000;14683600;174873600;25478700;8486800;29230200;6668300;22274600;1210200;3703200;12567600;4663700;7047300;4463300;2108600;20319900;9541600;9471000;2922800;1731000;4496300;2724800;58223600;2938700;659700;1305100;254200;2078300;10895500;4690400;29902900;25896200;1794700;20272300;24041000,0;3873400;4745100;3680800;18301600;3820560000
2025-12-24;17910600;5855900;65528500;10097400;5627500;11420500;4289300;13634400;771800;2023600;6137400;2227600;2376500;2842700;932800;9009600;3259200;4515300;1011500;947000;2943500;878500;41285400;1125600;357400;637900;98200;1137000;5920100;1645300;4508100;12427900;1058900;7956800;11710100,0;1368600;2076600;2000200;9282700;1798270000
2025-12-26;21521800;8842200;139740300;10899000;7133800;15994700;4158300;15259400;995300;2017000;8066100;3706900;2316700;4359300;1014600;9003800;4711500;5711400;1308900;954400;2801500;1882300;58780700;3002700;677600;963500;192500;1910400;11492900;2442800;15965600;22068300;972300;15792600;26262000,0;1786900;2456400;2247600;11262000;2586550000
2025-12-29;23715200;10893400;120006100;19621800;8506500;19797900;8635300;21040100;1578000;3989900;14782500;5589100;4348900;4346800;1653000;12979600;7662100;9686900;2148300;2585700;5292000;2773200;66263000;3738400;1042500;1793900;276000;4757000;13419300;3978400;16277500;24493700;1274900;20326900;28242000,0;3790000;4300100;3056200;14748100;3541750000
2025-12-30;22139600;13944500;97687300;17380900;9187500;21910500;7904300;17427600;1833300;3366500;11150500;5150500;3937400;4432500;1251500;11730600;6006400;8610900;1678300;1216700;5653500;3155100;59238500;3768800;707000;1208800;294100;3113200;13398500;3429300;20209400;23422000;1512800;16409600;23336300,0;2392600;3291800;2897100;14197400;3309930000
2025-12-31;27293600;15601600;120100500;16377700;7940400;24383700;5048500;16293000;1221500;3503200;10559900;4953100;4083800;4285200;1646700;11487400;5293200;8127800;1903600;1163900;5563000;2555700;49078000;2495000;765700;1761900;199700;968600;7269200;4682600;6526600;23495200;1736500;17591600;22997400,0;2317500;3367900;3105200;10341500;3261830000
2026-01-02;37838100;25571600;148240500;32009400;13726500;51456200;8054000;25503600;2817600;5403800;14175100;6862100;6325500;6863600;2469100;14306600;8946100;12151300;3124300;2761600;11261000;4340100;85535400;2286100;1227900;1932800;502500;3172400;10001800;6532200;19263600;41155400;3901900;36446200;60634100,0;3763000;9680600;5876600;14540700;4184120000
2026-01-05;45647200;25250300;183529700;30195600;12213700;49733300;10752600;36096600;3742000;7592200;30112200;35094900;9477000;7956600;4084800;19557600;12297300;21186600;4573300;3444800;8278800;5628200;67940800;5575100;1570700;2716500;1072900;2732400;28166500;8972200;31075300;39183300;2865000;31941100;39511700,0;4725300;6421500;5145300;22635500;5771930000
2026-01-06;52352100;23037700;176862600;31212100;11074400;53764700;7660800;31791900;1966000;6775400;23328600;20564900;8107900;9441900;2690700;20120800;10421800;21019900;3769100;2706800;6714300;4324700;89093800;6775100;1081300;1643900;689200;4351200;21177900;11033900;26944300;43331000;4056100;40033200;34838600,0;4680300;6103300;4040000;16474500;5509680000
2026-01-07;48309800;25564200;153543200;35104400;12846300;42236500;9815200;49695500;2683300;6333900;20353000;13537900;7545900;7461400;4652800;23306000;14369100;20223400;4100200;3312400;9693100;4656800;59828800;3927400;883300;3167200;383100;3773500;15302100;9853000;17908500;36525700;3653900;29715500;45349000,0;4442700;5976200;4445100;11171200;5214480000
2026-01-08;50419300;18162600;172457000;31896100;11921700;39509800;11737100;30933700;1960800;6357600;20232700;12929600;6557800;5059300;3156000;24058300;9297100;19237000;3268300;2075400;7126800;5771700;57041100;3123100;811300;2482500;340500;9781900;17034500;8353500;18826200;40068700;3390200;27505000;47304300,0;5196500;5243500;4807700;19468500;5333200000
2026-01-09;39997000;18491000;131327500;26214200;11634900;34560000;6738100;30768800;1334100;4902900;16137700;12549600;6154300;4129100;2561900;21902900;9528500;19638600;2972000;1822000;8621600;3508000;67331500;2987700;527000;2504800;309200;11009600;13438100;9662200;20505900;55579500;2221100;24217300;31362900,0;7093500;5174400;3432100;26152700;5163900000
2026-01-12;45263800;23519900;137968500;33923900;14797200;35867800;12805100;45860600;2179600;13281300;15314900;9796800;11794300;7146400;2380200;49182100;12812000;20582500;3206600;1856800;7894000;4125300;61649600;5973500;634400;1755600;408500;4062700;11864800;13657600;17784400;36290600;3486400;27287300;34954500,0;5859800;4927700;4209300;25428500;5019040000
2026-01-13;45730800;28545800;160128900;33517600;18030400;38371800;19371200;43542200;1969600;20383500;21619700;12068600;11379600;5605900;2194200;31222100;15549200;18324800;2967900;1959100;11460500;2783900;53719200;3531100;840500;1207200;689900;3345300;32943900;9993300;19152800;45221100;8721600;56894900;27769400,0;4785800;13661000;4257600;15857400;5091730000
2026-01-14;40019400;28184300;159586100;28525600;15527900;41410600;25951500;84750000;2513000;9388400;27593900;16414900;11858800;5740900;1912600;32764000;13475000;16739100;2949000;2105700;7748600;3923600;57259500;5410300;1070200;1820400;500100;4397000;54822400;7959900;29892700;49737700;3943700;40466500;33651400,0;4959900;10149300;5033700;22473200;5530830000
2026-01-15;39388600;23225800;206188600;28442400;13076100;43003600;14751400;51018300;3773700;8587700;17400000;8097400;8492100;6943500;4183400;34559400;10102800;15464100;3189200;2052800;6517200;4044900;49465800;3951300;1253900;1519600;425200;4042700;18466100;9241600;23720200;36945100;4005600;55270200;31109200,0;2990100;11489600;4165200;16418600;5114050000
2026-01-16;72142800;34246700;187967200;40341600;17012500;45888300;14652500;52178400;3071600;8341600;16592400;9745800;10021500;8039100;3829000;415144600;11729300;20027500;2590600;2554900;5944200;4109700;60220600;4701800;1529900;1925000;546800;3593500;11851500;11990800;23603300;48130500;3496200;42545600;59483600,0;3709000;13902600;4807400;19224700;5356550000
2026-01-20;80267500;26130000;223345300;35361000;15169600;47737900;12900600;49172700;2629100;8279900;16477300;11142500;14057100;7596500;2484900;45334000;12901400;22152200;3018000;2659000;11293200;10372200;63187300;5245000;2134900;2476600;535800;4035000;14564200;11971400;34469700;109729700;4098700;44327700;36708500,0;5353700;13050800;5521500;29129500;5769500000
2026-01-21;54641700;37980500;200381000;35386600;14494700;47276100;10270100;36340000;2251300;8974600;18879900;10918500;14762900;8933300;3685900;34811700;14126800;21660600;3630900;2490700;8160700;9783900;68124000;5752700;1429200;2378000;942900;4971700;51506700;9181900;51924400;127940700;4937700;62385600;47851200,0;5169800;12616600;5730200;38190000;5835520000
2026-01-22;39708300;25349400;139636600;26253600;21394700;31913300;10535800;31229200;2468300;6938700;16600100;8957400;13160000;7491400;2478200;24547300;18501900;13962800;2809400;1565700;9742600;13939000;71546700;3961800;1059600;1882100;872900;3094200;41525800;7450300;60462900;69113300;5114900;37945000;28499500,0;4828100;9483000;4054200;21141900;5307580000
2026-01-23;41689000;38000200;142748100;27280000;22797700;33778500;11107900;34553500;3872600;5667900;17758200;8368700;6950600;9082200;2592900;20806900;14562600;18307100;2350200;2267800;7078700;7780200;56771400;5750400;1151200;1651400;467100;2982900;32111400;7106700;48162600;64520400;5002900;47525900;30285700,0;3138300;9408000;5436600;23011300;4871930000
2026-01-26;55969200;29291200;124799600;26042100;16327400;32825500;11752700;27728400;2655900;7540200;16056100;8912600;6856700;10399500;2244900;19552200;12655700;14017400;3385000;2532900;8469200;7844800;49397400;16169300;1041000;1044800;539100;5134100;25817600;8004200;51719100;40941900;4839700;30672500;22777200,0;3984800;7239600;5077200;21100400;4968050000
2026-01-27;49648300;29213900;143711600;21636200;13297400;38029200;11527400;26494300;2012500;6365800;14517000;9784900;8154100;65836900;2587900;22968600;9546000;13239200;2506600;1827500;20509200;7452200;37733100;8367300;1148600;999800;569400;3255600;37161200;8354600;58981000;37790800;3850800;25691600;26542300,0;3466100;9838400;6314500;27093700;5331720000
2026-01-28;41288000;36875400;148552700;27434400;25709600;40882700;9556700;35030200;1674100;8106000;15637300;9200200;9026500;23396900;3300200;16342000;7465800;14633700;2184500;2720700;9999200;7541300;54857400;9110600;1485600;1595200;486000;3877000;37940600;8539000;62461200;37762600;5483000;27061200;44822800,0;3371500;8465900;4563900;35882700;5507670000
2026-01-29;67253000;128855300;171764400;39785600;59852900;47229600;11580000;35200500;2335400;10214200;35760600;16786600;9645300;13456400;2293000;16381100;11035600;20862100;3211300;4441900;9142500;6149900;81686100;18336200;1599000;1041700;418500;6020100;40418700;9142900;58265300;42278100;5488300;31685200;59846800,0;4744500;18555600;5380500;37254500;6877780000
2026-01-30;92443400;58566800;179489500;31024000;23744600;46585000;11953200;34549100;1893700;11199100;29657700;22946600;11045500;12022200;3303100;22215400;12651400;26420500;2983200;3300100;6916100;7427800;82626100;15178200;2036800;1990900;558600;7398400;37673100;9577200;63815900;45755000;4306900;40035700;47271000,0;3755600;11090400;5082200;27362400;6697340000
2026-02-02;73913400;42219900;165794100;32006100;14365200;37546100;9839400;34624500;1802000;8502400;27735600;14235300;8187500;8664200;2757100;31210100;10554900;19301500;3309800;4450000;6105300;6727200;58739500;6741900;1325900;1585100;342000;5021800;39216600;9099100;31607200;41445300;4603300;36308100;72811100,0;4757200;7950900;5064600;47421000;5772050000
2026-02-03;64394700;61424100;204019600;36506700;13760700;53831300;12688000;41208400;2321900;9081200;37577800;18425400;9346600;10809100;5483900;32018700;12424700;27007100;4043400;3524700;7655200;4588100;56886500;8428500;2218100;3665000;501800;4672500;33867100;11966400;68252400;49789000;5706700;53097100;113169200,0;5684400;20194200;6641200;43260100;7017660000
2026-02-04;90545700;45012400;207014100;70618400;16882800;51299900;9848800;54522500;3561900;8472300;29426200;16170500;8641400;12944100;7119400;27531800;12178500;28607300;4805900;7146700;7053400;6591900;74606900;8498900;1451400;2978100;766800;4911200;24711700;19249300;59490500;48963200;4448000;107173300;113199500,0;5574700;23010000;10591700;42323400;7475750000
2026-02-05;52977400;66289200;206312900;88205800;17131800;103509200;9388000;32959700;3214300;8339000;18431700;10474100;10267500;13035300;7742400;30517800;13077700;21633500;3936800;2792800;7377300;4461900;72819800;9581200;2344200;2848500;519100;6958400;21414400;30229600;39207300;54805700;4621600;62196400;93690800,0;3759700;21956300;5033900;42789000;6989120000
2026-02-06;50453400;53515300;231346200;56380500;18159300;179210900;17797400;42468000;2473200;7798800;17216000;9901800;8274000;9572800;4887100;26593400;10441700;18512400;2831900;3359700;6701200;5800600;62677100;5515900;1062800;2486400;937700;3873700;16386700;15036800;44557200;46154100;3779700;54504500;62661400,0;4685400;13652600;4421600;29962400;6283680000
2026-02-09;44623400;45480500;196387400;39640100;14837500;91178400;11477500;31968400;2322600;8513400;21297300;12021300;9378500;10371600;3423800;27197300;11439900;23415600;2673900;2496800;4707200;4706400;54484300;4473400;1316000;1570000;546200;3248100;17446700;11022700;43170000;42200200;4110300;38810800;58042500,0;3639300;12112000;4573000;49936500;5650260000
2026-02-10;34376900;44857900;136764800;39170000;10455800;67175000;9902200;48304700;3324900;5801800;15800300;7458200;6723300;7284700;3539400;24662000;9910100;28848200;3502900;4008700;5184400;4610600;64450200;2321700;1620300;1657700;545700;2716200;15943300;9762900;28963300;43595800;2222700;25326700;56061300,0;3160800;13393000;3789100;40092200;5595950000
2026-02-11;51931300;42491000;144192700;45406400;14323800;65545500;8703500;48973500;2654300;8264300;23091500;10502100;6803900;6333100;2599900;19232100;10217300;22649700;4553200;3926300;5791000;5241100;57362000;5597500;2136600;2624000;471000;2632300;33471300;9379300;43813500;40840300;3691000;33384700;52796100,0;3229900;16350200;3614400;24538900;6175510000
2026-02-12;81077200;40802400;189932500;47761300;14960100;83975400;13443400;55481600;3188700;9392600;30652500;9673700;10254300;12336900;3592200;33382700;13512900;26043500;6499700;4893400;6980800;6163900;61933400;4338000;2576000;1701600;584400;4126100;27706200;12416600;46826500;73516100;3466200;32181000;74090600,0;3702200;16849100;4689900;23285400;7118700000
2026-02-13;56290700;34091600;161888000;38499700;12336400;66321600;9114500;31772100;2623000;11653900;20166000;9034700;13268500;10281900;2698700;24131200;13998900;16711900;3587900;3232800;6835400;4393400;51434100;3538300;1772200;1569900;425500;3400800;17436500;13134400;51693600;42292100;4017700;26123900;49438100,0;2875900;14822900;4685900;18597000;5718360000
2026-02-17;58469100;32078800;162276900;39247600;12674700;69879200;8896800;35542400;2008500;8591700;19766600;9849000;12703000;6091700;2984600;37995900;13319100;16260200;3367200;3450300;4864700;5863600;59678800;4051400;1627000;1930500;425400;3871400;13193400;10670700;22984900;35961500;3178000;33712100;48407100,0;3485300;13692900;4263300;19610800;5418480000
2026-02-18;34203300;23223400;164749100;28482100;14649200;51003300;7209600;30698900;1864900;7091900;19849700;10313400;8129700;6632000;3236900;36485000;14434300;16304900;3661800;2563700;4923000;3988900;45921400;3317000;992800;1412600;328000;3459900;18376300;9944500;38968100;29883100;3575900;35664100;59677100,0;2982600;9852900;3732500;14801100;5098160000
2026-02-19;30845300;28234000;126554500;25834400;10035700;35669600;6737700;47148600;1974200;5967600;20305000;10773300;7553900;4931800;2145800;42993300;10724600;14924700;4032300;2908000;5827500;4456700;51019600;5685700;1774200;1597800;284500;3962400;20225700;8219400;33544200;30139200;3009400;25842300;42197200,0;2930900;9565100;2610400;14976300;5151690000
2026-02-20;42070500;34015200;178422300;53210800;14183500;65881600;7792700;33552000;2009100;6831100;25908600;9566200;13565800;6974100;3249400;35151000;11508100;17175100;3862700;2095100;5460900;5035400;57912200;4001000;1340400;1342600;361100;3542300;14239700;10265100;47513800;32411300;2838500;36317300;53726800,0;3984100;10816200;4326700;29621900;5432480000
2026-02-23;37308200;43238300;171584800;31423000;8605900;53581500;12955400;50602500;2535900;13048000;16073100;7047200;9622700;7247500;4767600;25662800;14772400;17157700;3806200;2289600;5380000;5045100;69680000;4701900;1453500;2804100;757900;3375400;25638300;8260100;39610800;38363000;6312300;28187900;52512200,0;5495700;15498600;3556500;31749800;5638350000
2026-02-24;47014600;33884700;175123600;25615600;10135600;41137200;13554100;53062700;1971500;9120200;14185500;7451800;7246300;9684500;2803100;20161200;9709500;16448500;2756900;2615300;4408900;6171900;58579500;5832600;2980100;1365200;900800;3322700;26693500;11085700;45452900;33079100;5292900;81367000;47121400,0;5675800;15564700;3224300;21336600;5266090000
2026-02-25;33714300;43625500;250637100;29963600;11330700;41346400;8095500;41375000;1763600;7624200;15225700;9440700;7698200;11380600;2481900;17345700;7878500;18086900;2812500;2606500;4442600;5030300;54809700;5975500;2963100;1580900;2381200;3483900;18988200;7358300;31584300;69319300;4139100;44588100;53078300,0;5036900;21875100;3475500;27303900;5328060000
2026-02-26;32345100;34405900;360807900;36431200;10637700;47756800;7007800;52418500;2220300;8725500;15632100;7133800;7172600;10210000;2666400;18638300;7028600;12843200;2425900;3350900;4613300;4722400;53602500;6070700;2274200;1250700;1089700;2818100;17437400;8642100;38499900;85642500;4843600;35020500;45100000,0;2889400;26680500;4577000;20652200;5889550000
2026-02-27;72366500;51367200;311636500;44640600;15703000;57422800;18620800;77728700;5552300;12412900;30275100;12035500;16428600;9723300;4325900;29205500;14878500;28483500;4269100;3441900;6278100;7055100;56890100;5134700;3460600;1386400;792500;2390700;19928400;12439900;28466800;200767000;5121100;31312400;59412400,0;4819500;16346500;6364900;36425200;6665660000
2026-03-02;41827900;35474900;209095300;34790200;9816100;46001000;8508900;40595200;2873200;6674900;31493100;15809100;9042400;8141400;3094300;17091500;9095500;18137200;4555400;2473100;4709000;3981200;55088300;3727200;1320800;1708600;818500;3162000;44272500;8963900;42442500;79915400;3827000;34120200;72683900,0;4537600;9932700;11725300;22418800;6079080000
2026-03-03;38568900;38199200;178099400;35497000;12263800;43184900;10278200;51242900;3782100;5474300;25198900;14004200;6178700;7051100;2846000;16480400;10161000;20549300;2901100;3332700;6211600;5891500;62617300;8541200;1355300;2531200;977600;4191300;48125500;10372400;98268100;59149000;4199700;37785700;67460200,0;3964700;13208900;6348700;20120800;6442080000
2026-03-04;39803100;35808000;177731200;29536200;10810100;54731100;8055700;34208500;2081700;5257900;16764800;11054400;5768000;7796000;1965500;16434100;8752700;21011800;2455900;2823700;5068700;3920400;68305500;2533300;1336900;1526000;520600;3531000;19688300;9309800;31229500;52604300;3154700;40912600;60062200,0;4324400;11583700;4369100;17585400;5252170000
2026-03-05;49658600;39001300;198779700;35752300;13341400;60943400;12732500;39073900;3093700;8267200;22969300;13567200;9375400;5397900;3769900;28604900;10060300;23165700;4321400;3713200;7199300;4825400;51925900;6996700;2177300;2210400;489300;4860300;30014400;8981000;56544300;53403000;3879300;36000700;50714500,0;4752200;15860900;8963400;24094800;5989300000
2026-03-06;41120000;31123900;189021900;25576900;13159400;51152700;13496500;47016000;2473000;6439700;21136400;13073100;7179800;6816900;2627800;21553000;8187900;15516000;3341200;3564400;10684700;4677000;64054600;8377100;1651000;1883100;439900;4271400;42130700;9197000;34586100;41196300;2872900;33913800;74980900,0;4167400;9657400;5564400;38000600;5793120000
2026-03-09;38218500;30131900;177213600;29312100;13489700;54642900;12241100;62752800;3258200;8381500;25532700;15987500;7844000;10348800;2802200;19375900;12494900;18554100;3407500;3584400;8400100;5740100;67018900;7219900;1708900;2234500;600800;3396600;77185400;12304600;43894500;48589000;3546600;38877200;47574200,0;4224500;10754800;5833600;31173500;6709410000
2026-03-10;30590800;31706400;179118500;23239700;9859300;35678800;8344900;50271100;1871900;5271300;19617600;11999600;7214100;6075600;1663700;18793600;7756800;17243900;2391400;3089100;9285300;4146700;59258700;5096700;1046400;1235500;441800;2636300;34249600;10447300;32098900;41027200;2759800;29139200;47501400,0;3986000;14467400;3598700;51544600;5944950000
2026-03-11;26218900;25512100;145280400;24125700;8977200;34199300;10205000;42185800;2227000;6376700;15297400;11371700;6933200;6878800;1446900;18176500;8855100;11546800;2200500;1947500;7937400;3116000;62559900;3317200;1369300;1121400;367400;2321300;43659000;7830500;24819600;33962900;2873200;23076400;33955900,0;3197100;9580000;3845700;83247500;5511090000
2026-03-12;40794000;27263900;155762700;24928300;11617500;44349500;13760500;58354500;3533000;7514900;26054000;27151800;7710200;10512300;2340100;21751600;8489300;16842200;2639600;3231800;10758600;8007200;60973800;2832400;1271600;2600500;1203900;3257100;54283500;9162800;39459200;34206900;2702500;28886900;54409800,0;3893600;26309700;4170900;37133700;6292170000
2026-03-13;36930000;26848000;160988400;23693100;18957600;35662100;9091200;45473100;2567400;4814100;22414100;13017000;6415300;4737600;1984400;15194100;7298900;11974500;2449800;2042200;8926600;5770600;58504100;4238600;1039200;1877400;678900;3739900;34245200;7786700;42802600;29876700;2809300;27561900;42460600,0;2531900;14834700;3565700;26350400;5337120000
2026-03-16;32074200;27733700;217307400;23519700;15134900;42209300;8149000;38055600;2082700;6401200;22835600;12683900;7571500;4854000;2289900;20463200;6944000;11761200;2584300;2145500;7347100;6327200;58068300;4793600;1451800;1199300;465600;2421500;28739900;10132900;30966800;34931800;3450300;30285200;32898900,0;3194400;13419600;3752000;21607700;5176290000
2026-03-17;32361600;26228300;182497800;21955200;10348800;44969900;8961200;33427800;1955600;6872200;21592200;14018600;7281800;5752000;5637500;19895000;6147700;14900100;2437800;1824900;7308100;4787100;46890500;2205900;1027300;1570700;362400;2137200;27263600;10544300;23964900;26434500;2834300;22779700;37118500,0;3075900;11559300;4424900;23929500;5063390000
2026-03-18;35757900;25908500;156683100;20009800;11726300;37846600;10057000;40251800;1541300;7191700;18947100;13305000;6811500;4544100;3443800;19734900;10059300;13134600;3038400;1796200;5881900;3942400;50853100;6505900;892600;1719300;366500;3551400;28823300;9894300;25473300;27878300;3458700;28569100;32476700,0;3592200;10525100;4356400;18051100;5275480000
2026-03-19;34864100;25138800;170968500;25075800;13247700;36440600;9846700;38601400;1765900;6826400;27082700;16918400;7511500;5542100;2379000;17927700;10340300;13023300;3362300;2240200;9967600;7128700;67078300;7091900;1255600;1346000;427100;4830000;40763500;9846700;40486400;40169300;3284500;32245300;33915900,0;3845400;9254300;4045600;22046100;5973390000
2026-03-20;88331100;50853200;241323500;44364100;21214900;63694600;22436500;78060900;3918400;14398100;53942100;35849500;17156600;38893000;4818800;57545600;60620900;33298700;6436600;5131100;12925400;10192400;78628600;5274500;1514800;2528600;537400;5081000;40991600;78568000;47472300;61678000;5762900;37265100;48700200,0;9672200;20201100;7786400;37551400;10025820000
2026-03-23;40546100;29680100;182836300;29326900;13638000;44277400;11470800;42333200;2190300;7824500;25021300;15735700;7313700;10424200;2817500;22181500;10315600;15054900;3003200;2981000;6247900;6473800;74606000;8727900;878900;2084800;460500;3917200;53003500;11431600;53476500;34315900;2985900;31857800;57507100,0;5806300;13976200;4958000;19927900;6020650000
2026-03-24;45152300;42733600;147667800;36864300;10739700;35351400;11092300;39804100;1656100;5375900;26131800;16695500;9046200;5911700;2572700;17269600;8567600;15653700;2954900;2098300;5691800;5028200;60004900;4286000;1140900;1424600;511100;2754600;29999200;8409200;34959900;28938000;2278900;27258800;56155700,0;4566400;18631400;3434400;26122100;5278580000
2026-03-25;28476700;31181200;162602100;29460700;12585000;36388800;12188200;29988300;1628900;6280900;17192300;8865000;6456400;8121200;2177700;16597300;8418100;14787900;3714000;1591500;5055900;4456600;55157300;4079300;908400;2030200;403600;2183700;23012100;6669400;33715900;29545600;2422000;48518300;38543300,0;4397800;12565200;4402000;20683800;4936720000
2026-03-26;41796700;36836600;186152200;39080600;35780100;46746000;8669200;32502600;2052200;7652700;18625200;11085600;5171400;6218800;2163200;16442500;6443200;11202100;3025700;2428700;5772600;5890800;55522900;4774000;982500;1780900;290000;3108000;33734800;11912500;27560600;59522000;3995400;49213000;43038400,0;3448400;10330700;3774600;16961900;4845560000
2026-03-27;47900000;37883400;196212700;35890600;30133000;56009800;9873300;36781900;2106800;9974400;30338300;13907800;7617600;10735300;2740800;16543300;11558300;17461000;3137200;2059800;6000100;4161700;62065700;4436400;769400;1113600;546400;3552300;29828300;8964900;27150400;44590700;3963300;29206600;35790800,0;3977400;9902000;5382300;17929600;5303490000
2026-03-30;39446200;44797000;185627000;35141200;22795200;46373800;11734400;43375900;1621400;9330300;29813500;10409000;7241300;7774700;3070200;20428900;11616300;18502800;3569600;2610000;6606100;8598600;67954400;3301200;1004100;1497500;385800;4499000;50458700;11555900;21224600;32375100;3629500;41053300;41289800,0;4066000;11617700;4590900;20125700;5458640000
2026-03-31;49598100;45244400;226181300;43875400;32898300;58470100;12956900;49060600;2689800;10246900;32006700;17403900;7554200;9170800;3464200;21330400;10407500;18301800;3021300;3002200;9668300;7828800;75534900;5228000;1028800;2202400;800000;3170000;51315300;12219800;47719800;54270000;4417600;42318700;45558600,0;5749100;11041400;4725300;24492000;6396100000
2026-04-01;40059400;29417200;168132000;37684500;23608100;45955400;11267200;32947000;1803600;7707600;37927600;23051900;6314600;5473400;6267900;17039700;8061700;15834300;3887300;2435800;9664500;5242500;58683800;6566800;1407000;2210600;643300;3111500;58051400;10210700;35809300;30439300;4607100;40835800;34171000,0;3386200;11677700;3600800;20495900;5637260000
2026-04-02;31289400;24099100;143143200;21666500;13518500;31453000;6669300;27548200;1717700;4376000;25377700;11528000;6878700;6407000;2727100;11898400;5941700;14573400;2649100;1764300;6698600;5322900;83031200;3108000;989600;1544000;290400;2798800;30490100;8575300;26086500;37068000;2926000;38463500;30437000,0;3732300;11635500;2972800;14381900;4740740000
2026-04-06;29329900;16146600;107564300;16945500;9515700;25385500;7142600;28507200;1444500;5501000;16344300;8245700;4442400;7097000;1821100;10850400;6823100;8259900;1816000;1246500;4172300;5062800;77697600;1368500;1136000;1642800;210700;1174800;15172700;8038600;17698200;37029300;2466000;30786400;25142200,0;2448300;14391000;3663500;12556700;3906440000
2026-04-07;62148000;21443300;132534900;23205400;9580800;28154600;7849100;28473200;1498400;4413900;25227500;11672600;6241100;22099800;2726900;16076000;7207500;12769200;2033700;1549100;4084800;5280500;74515400;1657000;850000;793200;351300;1794800;15159300;8840400;19980900;25016700;3593200;26483000;28671100,0;4661600;12344600;3206500;17250400;4555680000
2026-04-08;41032800;33064800;147732700;33547100;32036600;51092700;10590200;36473500;2439000;6879300;31311200;17195400;8771100;9645000;2568000;20194300;10849700;12331300;4155100;3014000;6267200;6432900;78838600;5526900;1232200;1274900;520800;4608600;51364900;12535800;33816500;30957600;3874900;35496400;64827700,0;4610600;13472100;4655100;23527000;5904880000
2026-04-09;28121600;30435300;116428500;23739200;19012900;65964200;6586600;32008000;1797800;4811500;25868400;11634000;6216500;5742000;1672100;13853100;6794800;14311000;2484700;2801900;4768700;5470800;62164000;4756000;1743100;796100;322700;2265300;30718800;9352700;38122400;35087800;3301800;27126200;92361400,0;3002000;20855400;3518500;30407800;4912410000
2026-04-10;31291500;28111100;160459500;19152600;13294800;56912800;6069700;25225300;1642700;5190000;21065000;11151400;7354500;5212900;1958900;13894000;9790300;11081400;2708600;1872000;4829000;3685100;51336000;4014200;1096300;1130800;366500;2387400;27516600;8427400;42023600;25769900;2842200;36477200;116656800,0;3208300;18109300;3758900;26171800;4393220000
2026-04-13;36234700;35745800;133648200;18866400;9538900;42166200;8318200;27835300;4236200;6787200;18685600;12000200;7663600;7972200;2089600;14510600;7121400;12696200;2872100;1820100;4136900;3811500;53617500;2217200;2112800;1412200;465500;2018500;27666300;8615000;24365800;26042800;3318100;22781800;65772800,0;3741200;12390800;3612400;49997700;4785840000
2026-04-14;48370700;37504500;161307000;27721400;17818000;72685000;11455500;40178500;2822600;5571000;18528200;12111000;10318700;5864500;2360200;15320800;6621600;12397600;3150100;1866300;4820900;3530100;59979600;2907700;1298200;986800;358000;2703900;30275900;7608300;22280100;40534900;2744600;25733200;52786800,0;2882500;13123600;4864000;59779800;5032380000
2026-04-15;49913500;45063400;185338400;24918800;14952600;43045200;9885800;63838200;2403900;4831400;15626500;8661600;6463500;5041200;4233400;17001400;7698200;16212100;2976500;2764700;4397700;3993700;113810400;1902700;1089900;1815700;470300;1987600;19894300;9691500;21544000;38023700;2910800;24695200;48389400,0;3365200;14340300;6993900;43010800;5278610000
2026-04-16;43323100;41642400;134012900;20541500;9544800;41895700;8208600;35206700;1742100;5695800;15191000;8013200;8668900;5205600;2836600;18324500;6947100;11501900;2334400;2005100;7089600;7373300;63515100;1573700;1363000;1282200;412600;2529800;31948400;8163700;26874300;64928300;2967400;64850800;43746000,0;2856700;11866700;4534000;46997300;5173650000
2026-04-17;61436200;48568200;160324400;25581900;16283500;52029300;11082400;43484700;2805100;8082300;28947400;15720600;8946300;9414700;3266100;24763700;10886000;15033900;3225500;2818800;8874900;7733100;90640000;2650400;1206000;1256200;361000;2793000;42475700;9667600;47254700;125958700;3617200;35519900;50657600,0;4930400;17225700;6492900;45282600;6145300000
2026-04-20;36590200;27582200;119381400;18784200;12534000;39463100;10772000;43999200;2374300;5506800;16354400;9661100;7810500;9050600;1926300;18933600;8084700;10141800;2395200;1454100;5014500;5315200;64603900;1956600;1529000;1197300;356700;2308100;18590700;7953800;17753000;63298300;2503500;34833900;33482700,0;3260900;14382300;5147000;22330900;4661130000
2026-04-21;50209800;32048500;107945300;23123800;8660100;42922400;7084300;34266300;1765400;6806900;17515900;9799000;11681200;26097300;4062800;17312400;11197200;11806900;2708100;2293500;7566300;12891500;50530600;6985700;1112800;1571300;260700;1858000;13579600;11874600;16147200;61962300;3444900;38950900;44830000,0;3081000;12073700;5919000;39638000;5160270000
2026-04-22;43249200;29378200;107501000;20293000;9215600;36065100;5545900;24097600;1382600;5666600;13738700;8708300;9003400;11807300;2623800;17624500;7236300;9352300;2845600;1628400;15779500;12777700;62362800;2810500;1143700;1316600;255400;2441700;16523500;9432700;24230300;33694300;2288500;49054200;43701500,0;2855800;14565900;5720500;32448800;4919460000
2026-04-23;33399600;38308000;113561800;18650300;11667000;39091400;6969700;31956300;1655000;7275000;12970400;6684700;7097600;7255800;2149200;16376000;11288800;12060300;3064300;2601800;8087600;8591100;93969500;2910500;1809700;1649300;303700;2165800;12269900;10164900;37964600;36851700;2724000;45619700;58654400,0;2712400;22719900;4749100;37084200;5307260000
2026-04-24;38157100;27457400;214134400;26426100;13348300;53777400;5215300;30265400;1263300;5616900;13735900;9626700;6067500;8554600;4463700;16016300;13786200;12008700;3847800;2253900;5732700;9672300;62893300;2513100;2001500;1486000;299000;1535300;15347800;29449600;28309900;32553200;2406900;81616700;38677200,0;3255900;10817600;3857000;33215000;4608830000
2026-04-27;41466800;30867300;187172400;28576900;12805200;44906800;7925300;28043700;1223000;6261500;13940800;10836600;7897800;7256100;2700300;17029500;9166400;15812200;4985000;1986700;4402600;5213300;66735800;2401700;1087100;1208800;364900;1978700;19635800;41744000;18899000;29707400;2531300;50585300;31275400,0;3282900;11907000;4888000;21616600;4783750000
2026-04-28;40018900;30438100;180275400;27824100;10606800;42204400;7398600;21164100;1501600;8839900;15173600;10754900;7179800;10604100;2561300;16341800;7965700;30710700;4087100;1875600;3807800;8417200;50864400;5734700;1705400;971300;328800;3268200;17602300;22921300;14104600;33418100;3892500;43002500;24757200,0;4279300;8711700;4902400;33716500;4900650000
2026-04-29;30047900;38288300;123711800;35376300;18947500;72367900;8031800;26250700;1725900;16658600;14669100;8644600;7071100;9046600;3904600;16538800;9002400;18294700;3493000;2566300;6377700;9819400;45384800;3027100;1361000;1764200;450800;2402800;20681500;37571200;38816200;26122100;5876700;44704400;33348100,0;4150000;6882800;3175600;20587500;5123100000
2026-04-30;91848200;70909400;225239200;72040000;52765000;100974900;8865400;27089200;1880300;11241100;22885900;11748600;8157200;6879900;8236700;19867700;9491700;15142200;4137700;5203300;4841300;7603400;51076000;3377900;1082500;1516400;317600;3353100;14861200;61132700;24422700;40923000;5975100;42115300;32523600,0;4317900;14408300;5109300;21016400;5723790000
2026-05-01;79915400;31372400;128647000;30105200;21404000;50825200;6135400;24825000;1359800;6726100;15458200;10435900;6863600;4945400;4352400;10480900;6814800;12610400;3761800;2376500;3494200;3782900;65338300;1542600;1195400;1200300;374800;1486700;9260000;21111500;12713500;30406900;4531800;34279200;33219900,0;3865300;12324400;4818300;26318000;4847390000
2026-05-04;46668400;28066500;125368100;26298600;16203900;49083700;7338200;42929000;1660100;6712400;14238500;8229500;8215200;4916900;3696900;10340700;9642800;12672400;3750500;2669900;4860900;6133100;48765100;5167800;1072000;746000;373000;1672600;12283800;23117400;27715300;25928800;4419900;42000200;70525900,0;6396100;8444700;6895400;33504500;5215480000
2026-05-05;49311700;25700900;113406600;23878600;17171300;41908500;6316800;28458600;1507200;5893200;12494600;5642800;5556700;6489000;2955500;10637300;7664300;11637500;4007100;2581100;3852100;6401100;47780600;2344800;1003100;1036400;329300;2176300;13466400;34274900;19822600;51961300;4216700;64235100;89747100,0;6391400;9740800;5372700;23497200;5279760000
2026-05-06;58336100;30285900;188362800;31308500;19915500;44552000;8629500;27541200;2318200;7808400;20527000;11082900;7982300;6695500;3921200;16371500;9399500;14060300;4807900;3010600;7166900;9168300;53465400;5764400;1662600;1342900;421900;4522500;28510900;30145000;21054700;41932400;4363300;87732200;55524800,0;5455900;11303400;5698900;27685500;6579640000
2026-05-07;45224300;34942400;168307900;24433500;12307400;35892900;8359600;28682100;1715300;7186100;22509400;12194000;7269700;5235400;3494900;14935400;9545800;16531400;6613800;2957300;8489800;5477800;64294200;4670400;1505800;1390500;814600;2780000;28115500;51092200;28765100;30627600;4964100;44885500;50184900,0;4411700;13955100;5899500;31803200;6237040000
2026-05-08;52692800;33383800;136421400;21461800;13557000;34732700;9464300;36111200;1665000;5950200;19550100;13053000;5550600;6455100;3559200;15183700;5741000;12447200;6044100;2030300;7525300;3952200;65050000;3708600;1472400;2267700;2333900;2212900;14622600;37850000;24472800;36215100;4143400;58134900;41745400,0;4995500;15123900;5225600;21158300;5302740000
2026-05-11;42247300;35657900;160685800;30753700;15940600;38176700;9512000;33132200;2411400;9586200;14849500;12042100;6223200;6949600;3517500;18699200;7489500;10967900;5849000;2811700;6267000;4562000;78376100;6562000;1852800;1456600;1864500;2555600;20950400;45474000;31075200;40556500;3959400;46085400;41414500,0;4335700;11145000;4290700;16890600;5821910000
2026-05-12;45748100;38594200;159176600;26017500;11351600;36776200;9498200;33518800;2236500;6235200;16443100;8995100;8632500;9236300;3037500;17935400;9051200;19883100;4366600;2348900;7041000;4393300;60569300;10519400;2175200;962800;1163500;2143600;22555300;38590100;42380500;43556600;3296000;39140100;38781100,0;4225700;10214000;5622300;22123400;5624790000
2026-05-13;52684300;29667100;150405400;28144600;14634400;39670900;7709500;29838000;2355200;7950400;15772800;7554700;7464500;8454100;3486400;13786600;6685900;12357000;3451000;1957100;7438700;4219900;68283200;6202700;3091800;775100;1309300;3076700;19823500;26226300;62282000;30823500;3322800;30423400;55189400,0;6307800;11951900;4432500;15789300;5716600000
2026-05-14;35324900;27077500;180782900;21136700;10651200;31338400;7364300;37671800;1898000;5277400;11331500;6222400;6974400;5342500;1751700;14200400;9636200;10642000;3428200;2095600;17761100;4686200;46070400;4763700;3075100;1595500;701700;2479600;14153300;24883900;36035500;29408300;2584900;26113600;37052600,0;5072600;9749400;3375100;22545000;5267050000
2026-05-15;54862800;50771200;180977600;20309700;13272600;40770300;8699300;46282300;1862700;6054500;27882400;11210800;12167000;9811200;2820700;25323000;6989400;17527200;3866400;2907900;9479900;5022500;52688700;7719800;6514500;2114800;619900;3721000;13684800;25876800;36438400;32335700;3416500;29131600;32629700,0;6121500;13883400;4680300;15747100;5582070000
2026-05-18;34483000;32564100;146280900;26837200;13772400;33690800;7546300;33404100;1508000;5305800;20065200;9869700;10141600;8400700;2016000;17183200;7731200;12375500;3969300;2720500;6568200;4696200;52474200;4496700;2399200;2006500;673400;2013700;22493000;21082500;22428500;35800500;4076600;28432100;32034600,0;6366100;13671200;5030700;19114300;5489500000
2026-05-19;42243600;33018700;140948200;39545700;11749900;40340700;8066900;44154600;1767300;12858100;20715600;11819200;9677900;5016800;3796000;16957100;8355800;16595200;4087500;3239700;5355300;5239400;46500600;5198700;2667300;2054900;557800;2474500;22260100;19605200;57195400;34545700;3378300;38756900;29777300,0;8692500;17510800;5599900;16717700;5441140000
2026-05-20;38229800;27864000;184201600;31744400;11329700;34933200;9327000;47739400;3104400;9422500;18509700;14564900;7353800;7783900;2998800;28471600;8375600;16999700;4056900;2415600;7708500;6098400;45294700;5544800;1713200;1817500;536900;2154600;17867800;19037500;42885700;23463400;3615700;36137500;31307700,0;5810900;13025300;4647500;16517200;5384150000
2026-05-21;42965100;31393500;203381800;24852800;13476100;36591700;7874400;27461900;2452300;7034500;17061700;9051200;5239000;4732500;2705200;53006600;6297300;15708400;5116300;1860700;6412800;4928300;42636900;2703300;1698700;2466600;494400;1750600;16246500;28163700;19884100;28613900;2474600;27252000;24311900,0;4516600;10949100;3294000;12119700;5440620000
2026-05-22;43670200;22390300;169275700;20442100;11688600;27535500;5973900;26683700;1923500;7462100;12948500;7209600;5462300;5598600;3470600;30330600;4616700;8240200;3056200;1987600;4647100;3502100;46104700;1968400;1204400;984200;399000;2088600;10825700;30375700;26291300;23847200;1959300;34758600;27578000,0;2963800;10176700;4338200;10875800;4952440000
2026-05-26;48000500;30398000;187202600;27747400;12234200;38028100;7725400;27397600;2080600;8705100;13057800;14264600;6619600;6498100;2981000;28796600;8157200;13004200;4227400;2255700;5908000;5084200;45658900;3500300;1491300;978300;497900;3992200;17221700;30646400;18362900;24014500;1947300;38473800;31723900,0;6978200;13617200;4348600;12856100;5496060000
2026-05-27;50430900;28901500;167601200;23087300;23143600;40061900;11779200;48581500;2195000;5917400;16241100;9442800;5835500;4544000;2583000;22062200;10048900;13209600;3808100;2463400;11049100;4788100;44656500;1951000;1188100;823200;441000;1945600;17993000;25694700;17463900;22569500;2834900;27589300;34159800,0;5990100;18524900;4152500;12126000;5524250000
2026-05-28;48220400;47250500;143996000;24357500;16772400;40630400;9757700;48550100;2273000;8105400;14012500;8725400;7193400;4330800;4600700;21613100;10196700;14691400;4115700;2750600;6526400;5022600;32435000;3483100;1535000;1278600;565100;2811900;11560500;21118400;25383500;38803800;3924100;31438500;52085200,0;6818900;22559400;4120000;25339900;5494860000
2026-05-29;70026800;79654400;289410600;44415800;19806500;54749600;13969000;57930600;2158000;14104500;27959900;13886500;13897700;10257900;4600800;42191000;12355800;32477000;4901300;5195400;6938100;9345400;45176800;2380100;1875400;1406900;759600;2293400;16615200;28781800;24970900;39793600;5693100;30803200;92196600,0;6963300;33998900;7902300;41082200;7858290000
2026-06-01;48849900;53628900;212850700;28672100;29138800;53604400;7930000;34303700;2666700;10079300;16732100;8850500;8041000;6623700;2693400;26176200;11093800;12776300;4594600;2675000;6400900;4633500;44937900;4065400;2527500;1365600;610200;2217800;15403300;21185200;20817500;32747200;4653400;33309200;57654000,0;4544200;27594800;6203600;48390000;6583960000
2026-06-02;44534700;37036800;193362900;50412300;18252000;41811000;8296200;42126500;2125600;10125300;10462400;6549800;5669000;3874400;2408500;27366400;9599500;12533200;4211600;2822600;7655600;4827600;37596000;4070100;2236700;1965000;505500;2169000;14667700;18508500;29476700;42947200;5028300;24293200;43163100,0;4310000;19216600;4704700;30294800;5904410000
2026-06-03;50836700;39037000;160907000;55441600;23020100;51394200;7003900;48065400;2562200;8992800;14373000;7983700;6507200;6808400;2655600;32880600;9351000;14964300;5011100;2511200;9105900;4127000;44500700;4311000;2093400;1018900;544600;2874900;15487300;19467000;29211100;36714700;5227200;29411100;41072500,0;4328300;14154400;6586300;23644700;5753860000
2026-06-04;44869100;26899500;169022200;44055500;21469200;35609800;10345200;51883600;2608800;6981700;11799400;5163200;7274800;12666100;4046700;22870400;8194000;19361600;3541600;3077000;8055000;4243400;35323300;1796100;1407900;1470300;493100;2814300;9063300;14185600;15252500;39338800;4020600;29110000;40834000,0;4558600;14453600;5276000;19993800;5398910000
2026-06-05;65310500;34782200;219655500;37471200;30091600;55607800;9118800;38829400;2643800;7176300;16584000;6310900;8034900;10897300;4126200;36638100;10963200;25708100;5428100;2780500;4804000;3951500;63420200;6743300;1324900;1482500;446500;3559200;13361800;24189200;23515300;43474100;4230700;46900600;38283500,0;3946300;13183900;8475800;29019900;5591290000
2026-06-08;77949100;32086700;138372800;27942500;19512400;33899500;6827000;30332100;2326700;5582000;13870900;6113000;7559800;6963200;4504400;19514100;7200700;12828900;3842300;2550600;3711700;3152100;50328800;3280100;1270700;995900;431900;2249200;12526900;17180600;21069300;33056700;3091900;25158800;26978900,0;4381800;11177800;5188400;17227200;4898180000
2026-06-09;70108800;35317300;180962500;29535100;16977400;44425400;11594600;32329000;2868500;6340400;18163500;8469900;8354500;8590400;3822000;23959000;8259300;20591600;5431700;3007300;5198800;4825300;59940200;4314300;1269200;2357500;506900;3084700;15296000;29906300;32699700;34787200;3309600;37799800;38680000,0;4875300;15427800;4912200;26040700;6006390000
2026-06-10;52793300;32576000;161746600;32357100;17064000;38590200;7446200;37025500;2287200;5793100;14596500;10041800;8350800;6512900;2700600;22414900;7345900;20880500;4152700;3611200;7038100;3777800;49695600;3984500;1154200;1272100;404100;2727000;18287600;18426600;16855700;36304600;3239900;27777400;30612600,0;4823800;10820500;5062700;46108300;5247300000
2026-06-11;42572500;47224100;158643200;35538200;17628000;41335400;9116600;31746300;2561900;5958900;17285800;9274100;7399000;4938100;2764900;22438000;6684700;14264500;4565400;3463300;6651500;4451200;45324300;3190100;1142000;1549100;650200;3567000;15380300;18933100;29004200;33417600;3801000;30463100;27554500,0;4656600;16666000;5664300;63678500;5658920000
2026-06-12;38742100;34865800;112001800;24704600;14326400;51186600;7426200;32989000;2206000;5543200;17713100;8703400;6459400;7269600;2438400;14753500;6832000;11757700;4028800;2097200;5665800;4377500;63514500;4247500;1097400;1706900;596000;2673000;10528200;14123700;31517000;35309700;3984200;31553100;35378000,0;3649000;13589400;4591300;29562300;4950530000
2026-06-15;45732600;32266400;149936700;27727500;17653300;41711600;7988900;31666500;2364000;6803000;23631400;10184900;7732000;6777900;3167200;20722500;9158900;20055200;4388500;2449600;8596000;5252700;45620500;3534200;1040800;904700;532100;2995800;21046200;13993800;27756100;36430800;3888500;33482400;41748200,0;4695000;13541800;6253600;20279900;5674670000
2026-06-16;39874400;31506800;125694100;24876100;11344400;35187400;11094900;33409800;1965500;9248400;18925400;6663500;7718100;4815100;2260700;23060700;8518900;17565100;3874300;2834400;3705900;5210300;40255500;3671600;1175300;1029100;448000;2157600;23657900;19629600;21281200;65054000;4006000;28411700;30409900,0;5131500;16385300;4345900;16985500;5286210000
2026-06-17;42745100;41987800;128363500;24543600;20478300;44780800;12246400;40439300;2180000;6895200;16663200;8430000;8548000;5838800;2383300;21711100;7055800;17055400;3591000;2743900;5006800;5029400;43534300;3416700;2207800;1214900;460600;2900700;13235900;11955800;28705400;50338800;2927100;27085300;32290800,0;6085400;19986200;5412000;16616600;5883740000
2026-06-18;85962200;59714200;241272000;44470100;28824600;75624400;20111000;70438800;4499200;14716700;48063400;19146100;18989800;11896900;4470500;36526800;17076100;46857900;8106400;6175000;8822500;7763400;58384700;4625200;3352600;998900;655100;3000700;21855900;47081500;24545700;91920400;6674700;43805600;55338000,0;10604400;57940800;8882300;31386100;9061110000
2026-06-22;44879900;45171100;122041400;52814800;15405500;68388500;10182500;38653800;1894400;15132400;15783300;11108900;8518300;5818600;3015000;17053900;10533000;21205900;4891100;4033500;4300300;5426700;47819500;2181100;1619500;2018300;414500;2817100;13229100;18203400;17495400;82203300;3955600;25983200;56924500,0;4713600;20502800;6076300;22935400;5976740000
2026-06-23;52010900;40647600;153496200;34007700;13103300;60492600;7582200;30045700;2066900;11113400;13699400;6555300;11802000;6675900;3316300;23411400;7259600;16854000;3783500;4286900;4572500;4735200;50420200;4007200;2155500;1621400;403700;3186000;10255800;23781900;18074300;50806800;3936400;30196800;44661900,0;4788000;20720700;4428100;33327900;5640530000
2026-06-24;53081900;44509900;151810700;44997300;13963600;70282600;7907400;30324900;1933100;8197200;16212900;10634600;8139200;6858800;2908200;20600100;8618500;20632600;4698700;3526000;4354300;6453700;37081400;5555900;2381200;2591700;634500;2807200;14121500;25519600;16604600;48001500;3609700;26548300;46520700,0;6385000;13146800;4707800;38305000;5994860000
2026-06-25;107013700;66179000;149550000;44491400;16968600;77674100;10043100;33747400;1950000;7050200;13288800;7954200;10130400;6014400;2757200;20384700;11197200;16021400;6192700;4642100;4687600;7591800;30138800;5494500;2259000;1967900;441500;2964300;9149900;34793200;16827000;44446900;3722000;27031300;61840100,0;6974100;11324700;7054100;36844400;5565760000
2026-06-26;261775500;186201600;179304100;114706300;18867700;248372100;17640900;48757600;4008500;16717400;22684200;13102200;16316800;10588200;7725800;36636000;16724600;53357500;7422800;13948500;11704500;8360900;53434100;2484900;9062500;2114900;481600;2171300;12183400;37128900;20641300;74990300;9200900;52705100;61360500,0;7771700;21267900;7250800;36532100;9105600000
2026-06-29;66427000;51229900;148835700;34213900;15011400;77619200;7981800;28920800;1887200;11710900;11972700;8813700;8608400;5167400;3684700;20367000;10387700;15015800;4522000;3146900;5848500;6071500;57645800;1940400;2382500;1767200;422900;2317800;9096100;21599500;11718000;42429600;4812000;26671000;45017400,0;5786500;12664100;5200700;34310300;5794570000
2026-06-30;65100200;44945700;166476700;35237200;18111100;66228300;8080100;41324600;3162800;7957900;28784000;19428800;8469500;5779800;3723600;23034000;9353800;16422100;4752600;3287500;7013700;4887500;43385600;2591100;2343400;1838600;432900;2657200;15250600;22056100;13558600;49240900;4696300;34488500;38069700,0;4579000;13690500;5910500;35926900;6037540000
2026-07-01;50164200;48065800;146147600;26736400;45536300;53829900;15210200;35288400;1735000;13025900;12433400;9175500;6516500;4985900;2720400;40391400;9571700;21734800;3902100;3914100;4205600;3951400;40127900;4564100;3197000;1662600;497100;2582200;12930700;23313200;17173100;43841800;4412800;28326800;58561300,0;4041300;14164600;4101300;45964000;5782730000
2026-07-02;75352800;42128900;142068700;25974800;21705900;48246400;8413900;29329700;1543500;9814800;13703300;9561800;7998700;3928800;3296100;29512200;9256000;18308400;6871800;3568600;6050800;3274700;73717700;2635300;2140900;2213000;407600;2128000;12175700;18661200;19430500;55456500;3900200;28142500;60641000,0;3110500;10486300;4386500;44166700;5463520000
2026-07-06;53590000;34224500;108999000;26915800;17674100;40044000;8673500;34645400;1754400;11623800;13915100;9974300;6803700;6379000;2348800;29523300;8323100;18992600;6744000;2441700;7029200;4065400;54727900;2335800;3243200;1648700;329200;2596000;13627300;15510500;10689700;45056600;3578000;30684200;37360100,0;4460800;10595500;4126100;36683000;4971110000
2026-07-07;42490000;29297500;124154600;24045600;18560800;40579600;7115800;29306100;1353500;7332500;14667800;9748900;9089700;5800500;2933800;19941400;8061400;17835200;3688500;3810200;4364700;4263100;38149900;2167400;2037300;2626500;287900;2069100;20832300;16253600;13776800;33257300;3516600;29166800;52570400,0;3592800;13057900;3761400;47200000;5049590000
2026-07-08;41323500;25908300;147419100;22094800;13606500;29653000;18505200;29802400;1699000;10215200;18291400;9921800;6769400;3859200;2608600;19892000;14272300;14160000;4735900;2741500;4732800;4214900;33844900;2735900;2933300;1961800;275100;5830800;25955700;10306800;15224500;34373500;2723800;23768500;40587800,0;4192300;9792400;4429600;34607300;5102020000
2026-07-09;48124500;31083200;132037400;24729100;26579700;38091700;15570600;29203400;1241800;6606300;14110200;6582400;6426100;5566000;2088100;20464500;7748000;15782500;3605400;3521200;3474500;3045200;37835000;3997800;1811500;1359800;385600;2336800;20031000;12895200;15883000;36305700;2843700;26900800;35286100,0;2780800;13858600;3393300;35221900;4442950000
2026-07-10;34132300;24644600;148421000;18146100;40608900;31654000;6299000;21916600;1110600;4702800;9753500;5996600;6534700;3798600;2010200;12461700;12473000;10694600;2980800;1959400;3828300;2335100;33410000;1244400;1380500;2974700;406300;2612500;13954400;7064000;32977800;46713900;1616900;20704500;31163000,0;2748000;8321500;2736900;29843300;4006370000
2026-07-13;43257800;28914900;121411000;15901700;19840700;34636100;7120300;27837800;1799500;9964600;18724300;7685100;5272200;3863800;2072700;17043400;7816100;12085800;4169600;1991000;4675700;2668900;32809200;1740700;1652100;1941400;483900;3008800;20562000;13007300;23496500;35101800;2871500;22957400;39786500,0;3650400;14020700;3228900;56690300;4729990000
2026-07-14;36336800;27863900;124379600;18259400;16748200;30108100;14537900;49432700;3792600;6632400;16096400;6823300;8770600;5135900;2642900;14682000;7668100;13775400;3834500;2028600;3849700;4416200;23385000;5014900;1609300;1206600;410900;3067800;13028000;13090400;18359100;33312100;3323800;21201400;49963700,0;2807300;13507900;4110200;52670400;4836950000
2026-07-15;60957600;36253700;124797200;28284600;19003400;45240600;10750000;43361000;2736800;8850000;13444500;6665700;10547300;6764800;2552200;16467900;6180000;18383800;6050900;2703600;3305100;5429300;31549800;1485700;2121500;1174000;508200;2677300;11388800;9440900;26641300;32854300;3128500;27826200;26064500,0;3953100;13328100;5134500;48520400;5236550000
2026-07-16;62970600;37047400;122986100;41158500;15816000;45343700;12432400;37351900;2529400;9073200;13518000;6257600;11097600;13281900;2791100;20777600;6485400;17889900;4812000;3586600;4763900;6883600;29269100;3430300;1534800;1214300;344700;4366700;13733300;15951600;19397300;77505200;2925400;27093700;28951300,0;3810300;12057500;4195000;54780900;5365300000
2026-07-17;63407100;33049800;144281900;29959300;22267900;43572400;9250900;45045200;2162700;7400400;19031400;7058300;10167700;10718100;2757500;28289800;8917400;32903000;3782000;3377200;4220500;5596300;31394600;2234500;1161200;2145700;313600;2570700;15672100;16291100;13548200;142029200;3221600;32115900;31875100,0;4434000;10191500;5591300;39917100;5303290000
2026-07-20;53468000;27915800;88701500;24736600;10225200;32406500;7723300;30741100;1718300;7616800;12149200;7767000;8114700;4818800;2644200;17738900;5788300;14967200;3693400;2770000;5896700;3887100;33901500;1550800;1027300;1540800;294300;2763100;13070900;9649600;14152700;60669100;2572500;23440700;30571300,0;4125300;13426500;3426600;36793200;5152910000
2026-07-21;41338900;24126600;108685600;23369800;9140500;27732100;6015300;31631600;1718600;6027300;13145300;6892400;7793100;6833600;2092000;22717000;7027600;12949400;3539500;3219600;10037900;3938600;32735300;3561100;1073500;1245800;261300;3527300;14351300;13243200;11932500;56565800;2935700;29045100;23161800,0;3112600;12831800;4473100;27748100;5149030000
2026-07-22;38755900;28142500;137645600;39334100;11019600;34112700;8040200;51484900;1538700;4622200;13788700;6142400;9100200;4234100;1555800;23494800;5371200;11701300;4524400;1976900;6061400;4200100;30646100;2974800;1713400;817000;246100;1952000;13207200;7777600;20586000;44947300;2313200;24776700;38588300,0;2907700;12194500;3179300;21096700;4890390000
2026-07-23;40840800;30351800;110505300;69419700;15494800;47465300;10913000;29253200;1852700;4183300;15822800;8150000;8063300;4868700;1909900;21516800;6499200;13755600;5105700;2677100;4853800;3823600;115606400;2421900;1476500;1291300;305900;2805800;13140300;10827500;16399100;45029100;2071700;27155100;29757900,0;4523100;12775000;2883000;30900600;5515210000
2026-07-24;47489400;27659400;114836800;31806600;11503500;35017400;7520800;29035400;1381400;4482800;12091600;6700400;6351800;3752500;1983300;18405900;6620700;11980400;3703500;1982100;3742700;2958900;62760000;2120900;2039500;1695400;303800;2406600;13888100;9998000;14012700;37593500;2551600;27200700;21177000,0;3874500;10899100;3933000;46405700;4860620000
2026-07-27;49604300;27856200;154353700;28471600;11195300;34999500;7884900;36899800;2538900;6631100;13955800;7369200;9647900;4615700;1592800;19008700;7301800;19937600;4874400;3150000;6657300;3839200;44919400;2225900;1126300;933100;329200;2046800;15139600;12487100;14603800;39090800;2365000;31800300;36708200,0;3622400;17312000;3482400;36916600;5038290000
2026-07-28;51859000;32367500;134111500;29511900;12009300;44521600;6533800;28737900;2173100;11061900;16299900;7406800;10491000;5917300;2375400;24867900;12848800;34982900;5261500;3808600;10465400;3625900;39802400;2440000;3108400;1060300;409000;2749600;19109000;16147500;13846500;47160200;3126100;36315500;43597300,0;4308000;17204600;6362100;32665400;5590890000
2026-07-29;56090800;47209000;147680800;27501600;22371100;44957500;8265300;37919000;3198400;11289900;14571300;8101200;6105600;5257900;2170900;23480000;14616800;21711700;3650700;5966400;9030600;3723000;39478000;2943400;2249800;1380700;297900;4454500;13969700;19240700;19502500;43737600;3524200;32304900;27207900,0;4028500;18139500;5057500;28081800;5836350000
2026-07-30;74817800;110160700;129010200;30168000;42271500;101839800;7606500;24844000;2330800;8391400;12578100;6645000;8216500;3647500;3027700;28747000;9571100;17616100;4040200;3505200;5661300;3187100;38005400;3078500;1633600;1846800;370100;3357000;14564800;24336800;17505500;54261000;5302500;36936600;27801600,0;6275400;12182400;4055100;41338400;5594430000
2026-07-31;132489100;60846000;139961200;46498000;24261500;129054800;6603400;27301100;1553700;7828400;15714200;9958100;6782100;3920900;2884600;22799100;9152600;14725900;4965200;2423600;7320700;3151300;36630600;1574900;2737300;1609600;366000;2763800;11620300;13811200;23577500;35847500;4577700;26615700;29085100,0;4961900;9691500;3939800;34438700;5391020000
2026-08-03;75052000;66762100;128406900;38669700;25938100;90830200;6436600;24013700;1706500;5521300;14532800;9544100;8136300;3209600;2934000;23942500;8843600;23197100;7440500;3314300;10994600;3371900;38281400;1996600;1002700;1361200;442900;1610700;11126200;13700700;13943200;33922300;3508300;24422300;77282900,0;2908100;12908000;4249000;49696900;5201470000
2026-08-04;68001000;50455500;134922000;35705700;17959200;69748100;8477200;28242100;2653600;7497500;14347900;9455900;7362400;5266300;4097200;29620000;7362300;17085700;7486000;6230100;7932100;4183100;33318300;3942600;1015400;1146200;448300;2547300;14675000;16351500;26218600;42877900;3207100;48463600;175034700,0;4275000;9326900;4771300;43723500;5906940000
2026-08-05;49438800;33388900;158187400;46926300;14897200;45119800;5269500;30266000;1648000;6065300;12227500;8260600;6472600;5399000;6445700;21446300;9753300;15868600;4775300;3363200;6574700;3160800;27820800;3738800;1202700;1155200;606200;2628900;14921000;9725700;18736600;28969400;2431700;49615800;63515900,0;3140400;9605500;3749400;23524100;5615640000
2026-08-06;46139900;36441500;113940600;25235900;11811500;30672900;5820100;24482900;1726500;5022300;11879100;7182100;6931800;4712400;3422400;23203100;8766700;13568500;4214900;2896500;7130500;3552900;26033800;3171800;2024900;1998300;1200900;2015700;13193400;7232800;20191400;28892700;3017000;24675300;41751400,0;2622400;13297600;4352800;23073300;5330830000
2026-08-07;34437200;28846200;105669400;19859900;11250300;33861400;4566200;22620500;1429400;5112500;18455200;7098800;6532100;4095900;2898500;18819300;7565500;11221700;4909700;2443800;4107500;2527700;39492300;4404400;805800;1526200;491800;2613700;28530100;9723300;19423000;24819000;3018500;26618800;77579900,0;3584800;11392800;3645100;22874000;5019970000
2026-08-10;44812500;31206100;115846600;18991400;14967300;35731900;5327500;25400400;1819100;7552200;19761600;13667300;8985100;3182200;3011900;19144000;7386500;13710800;4742100;1900900;3678100;3092000;25003800;2145500;1453800;1900200;313100;1668200;12343300;9260000;23089000;26959900;2644100;19656600;57402700,0;3124800;9706600;6094800;24265000;4879540000
2026-08-11;37476700;23049800;101273100;29081800;13146900;31895700;4576500;20738600;1829300;4440900;13744500;6049800;5945900;3398900;2113200;17005800;7936700;16018000;3030600;2173800;2771900;2286100;23345200;1690500;1886600;1647600;803600;1846400;18630900;6326700;34926500;27840500;2465000;18052500;43162500,0;2549700;11171600;4718600;28761800;4739500000
2026-08-12;41657800;29001500;108783600;25012000;16186900;29941100;4366800;27541500;1737800;3794200;13219500;7366200;4629300;3317200;1941600;22054700;7195000;12651900;4351700;3148500;3372800;2180800;28698900;2021900;1932400;1779700;684500;2023400;15093600;7731700;25018500;20773100;3095200;18628300;35220300,0;3965800;12787900;4599100;43559400;4574170000
2026-08-13;40349300;23039000;98867200;17866100;11164200;32170200;5102700;27306400;1421700;8142600;10542800;5908900;4852700;4170200;1927300;16822200;7491300;10140600;4023300;2523500;2971400;2738400;34708300;4882800;4016300;1298300;356700;2535700;13913500;7716600;23831500;41452900;1982600;18764900;36511200,0;2439900;15058700;4713400;25740000;4833230000
2026-08-14;28229400;16217600;75680900;17808600;8758000;27251700;5058600;21847900;1592900;8106900;10231300;7910500;4998100;3476400;2274500;14520000;7249600;9166400;2735400;1894900;2649100;2966200;45437100;1626500;6224900;583400;270300;2187700;10872300;5807700;20658100;26751000;2473300;25570300;24065800,0;3073100;8664800;3969500;21905500;4159900000
2026-08-17;38169300;29635800;93678700;18291300;17225600;43896500;5282600;27349400;1450400;15543400;12858100;8357800;5515500;5295100;1807000;18131100;9867500;12056400;4911800;2140600;5020300;5515000;26037100;2302900;3141800;1104500;534300;2151500;19812200;8967700;14386500;30753000;3019000;20057600;24590900,0;5580000;14378800;4789800;20668000;4452630000
2026-08-18;53424500;24087600;103128200;19248800;27094900;33171300;5525100;28774000;1909200;6820300;18952700;7701600;7838200;3605100;2509100;20675000;12746100;12524500;3089200;2685700;4772500;4927900;27994500;3183900;2380600;1535000;340900;2686400;12909200;11069500;18017100;36151300;3907600;23721500;28082100,0;6603400;14152900;3380700;19152300;4602700000
2026-08-19;50505600;19961900;96797300;19733800;16971700;35762400;6696200;24082600;2744200;5866400;13648900;8689900;7728500;5268500;4541800;34286600;13948500;15993900;5351600;4143900;5797500;4923400;36735400;3437400;2046000;2402200;709200;3177300;17680900;8099500;29255000;31461800;3053200;19208400;36132600,0;4971000;17843600;3562300;26552900;5184100000
2026-08-20;40959200;20020800;92457000;18570400;13872200;28374100;6799700;34979400;1756200;6151500;13803000;8200600;6475900;4497200;2621400;83633100;15794100;14928000;3526300;2937800;7860600;6056100;30766400;2541800;1460400;2785500;399500;2799900;26884700;8509900;13840700;27118400;2612700;15178900;27018400,0;4027700;11482300;3288700;15184400;4759610000
2026-08-21;46876800;22510800;98869300;20849800;13848000;35723000;8112100;33434800;2744000;6667100;14314300;7359100;6186800;4879600;2497300;44454200;9785200;15595800;3776000;2465200;6233400;3546100;59224000;5556400;1097000;2681200;422700;3303200;17485800;8517400;26912700;23773800;2200300;14343900;41076200,0;3422800;9685400;4645800;19635000;4497270000
2026-08-24;34673600;17230800;135187300;26338200;12990600;28070500;4394400;27349700;1987500;8477500;10842500;5853900;5436100;4683900;1664600;35616300;7061800;14787700;4115900;2536200;7144100;2664800;39190500;4030200;782600;1243100;459800;2448700;19897900;10514800;19128900;21085300;3122300;16602200;35115500,0;3298600;9580200;3194900;14158600;4400800000
2026-08-25;25869800;19519000;122309000;20649700;9769100;25550200;4298000;23386900;2497300;6777600;17525300;8176800;4687000;2655000;2141100;27032500;9125700;11940100;3192700;1655500;4854600;3134800;29816700;3035100;929600;1466000;432100;1690200;28754000;11420600;38360900;29462000;3370900;19001400;24558500,0;2528100;10081800;3032800;13329400;4260240000
2026-08-26;34024500;20758900;179900000;20420300;31416300;21528400;5796500;22537100;1487900;6075100;14838400;6863100;7214100;3557000;3000500;28409400;8249100;17133900;4182300;1848200;4365800;3035900;28573000;3252000;857600;1390600;326500;1799100;28993400;10480300;22088500;22874900;3110900;14348100;27924200,0;4258100;14888900;3002200;18426100;4100600000
2026-08-27;32419200;28688800;298909800;23391400;15221400;35927800;5209900;49432100;1712500;6641500;14288500;8112300;7306200;3668200;2730600;29816600;7817200;13452600;5980400;1835400;4455700;5090900;30136200;2142700;922800;1271700;370100;2005100;19637000;15065100;16919200;27174400;3193800;16441800;40739300,0;3618000;55517500;6302000;30251400;4362240000
2026-08-28;38649400;29207300;195116400;25347200;16042400;49547400;3914500;33509700;1053100;4643000;11352600;5301000;5765600;2455500;2450800;19420800;5868900;9887200;3887300;1787500;4564100;2537100;32972200;2591200;914000;1420500;338200;2300600;22085100;7752100;26073400;29092700;1885300;15373900;25060200,0;3136100;34362700;4851200;17800000;4297560000
2026-08-31;41242700;27208900;124702700;33493600;13383800;46089400;7962900;43470400;1359800;6744800;18363400;12067400;7900100;5748000;3055800;34188700;12097900;23764800;5244100;3071400;5212300;4476600;61732300;2752600;1225400;1221800;335200;1575900;21217400;12734600;24264300;30740800;3151800;12463000;25941200,0;3858700;22471500;5127900;16118900;5386090000
2026-09-01;53167400;21046900;109756200;23342700;15796900;31700100;5079000;25053700;1845600;5857400;11381800;8551500;6033600;3716200;2520100;22074600;8503800;14824100;3701000;2946600;5010400;3027200;36193900;5080700;920900;1566900;325300;2325100;31122500;8900900;33477400;21164900;3310300;16212800;24567200,0;3291000;15897500;4839100;25443300;4858180000
2026-09-02;33776400;15336100;157104700;22582300;16552700;24013300;5341400;28433700;2193300;5599900;11287000;7595300;7910600;3265300;2445100;25181800;7431100;18492800;5106800;2507600;6426300;2691300;33951900;3660400;906100;1634400;391200;1793600;24307100;7525300;40184000;22077800;2290400;11938800;39874000,0;3499300;14393700;3298400;21906700;4738910000
2026-09-03;37225800;24125900;134681600;20726900;19737100;26891500;5414200;29942000;1675400;3869500;13755100;6668200;5940300;5488900;2550500;25541200;6105800;13763000;4576000;2351900;6252300;2653100;63601000;3371000;783200;1614400;431300;1689400;27964000;6992000;24671200;24006400;2238400;14868100;38108000,0;3377700;16028300;3847300;25101700;4726400000
2026-09-04;39606900;18101800;135352400;23189300;15966200;30749900;4873500;26587200;1429000;4645100;16206400;5458400;4320100;5565400;2218900;20540500;5588200;17290700;4225500;2149500;4585700;2511000;65018200;1357900;1016600;710000;281800;1261000;18780100;8531400;24805400;40190000;1774100;19678700;27963000,0;2261000;10490600;3277400;26511300;4103570000
2026-09-08;35477100;18882300;122965600;22915800;18909700;29398000;5631400;28338000;1263200;4929000;12607700;7703900;8084700;7049400;2400500;22664800;8325100;19426900;4197600;2443200;4367800;3062100;51078800;4478900;1465800;1803900;351300;1251400;28808600;26129200;44623900;33865500;2705400;28166500;24582300,0;5655700;17482700;4398000;37662800;4966930000
2026-09-09;65640000;12889600;82955500;33151600;35900700;33055500;6318200;36015200;1661600;4479800;13124000;8384700;6124600;7735200;2045000;15460800;9270000;12337500;4434000;1929000;4374200;5020200;32564300;2935900;948500;1114700;521400;1555600;27182900;14802000;23600400;22779600;1825000;22152400;20356800,0;3611700;11853700;3359600;27464600;4896940000
2026-09-10;70011900;16038800;105768000;23557600;21531900;25484800;4184200;29359100;1896900;3800200;16615300;9625200;4929500;4339900;1995600;17174900;10925000;12019900;4345400;1781900;4625300;3463400;29667200;5834700;804100;1893900;450900;2595500;34560100;15597700;25458800;20049000;1880100;16005500;21330700,0;4493800;10732600;3805200;56824700;4893500000
2026-09-11;50716900;14510500;89060100;24708300;16925000;26724100;5354600;28873700;1163000;3492700;11362400;6570300;4701200;7478400;1837200;17068600;11526600;9988700;4096800;1824600;4137700;2528100;30153000;3050900;1465000;2286300;314800;1410000;18240000;11546600;16975200;22237800;2049300;19026200;15410400,0;3488800;9738300;3587200;80438600;4722480000
2026-09-14;39269100;23091900;132267200;35905400;19332300;34352800;9609900;64774000;2206600;6198200;13942100;9366000;4740800;4474000;2129600;23877400;8704500;14066100;4165000;2428000;3380000;5146000;32477200;3769400;1142100;1329800;445900;1755600;13638700;13784800;21584900;30945100;2506300;24810100;29149500,0;4178400;12963700;3964400;42159700;4963750000
2026-09-15;31748200;17794600;88059700;21928600;19502800;36275400;14026500;50859700;2355200;5014000;12329200;9557600;5283500;4391400;1885200;19316300;8802900;13148900;4783500;2261600;3594300;7273800;30317700;2577900;885600;1917100;609100;1732800;23839300;13852600;16818700;28027400;2127800;17134000;31238200,0;4494200;11502800;3761300;31552700;5154930000
2026-09-16;35981000;16670300;96563600;18928900;17217800;33488500;8303400;50145200;3546200;7202300;13437800;8045100;4887300;4414900;1475400;15150900;6949800;17074800;7134200;2645300;12877400;4524600;32177400;2304200;885000;1098600;940300;2244900;24618000;9718600;21138700;25376300;2385300;22317700;20984000,0;3720400;9423800;5254600;34366400;5307920000
2026-09-17;36700200;17841600;94191300;19238400;15928000;30438800;6480100;36733100;3286700;4710000;10976500;7387300;6568800;4833700;1896400;19216200;6737800;16563600;4941900;2429600;11790500;5326800;38924100;2029800;959700;1313400;963400;1332900;12777900;12318000;20915900;28167600;2070600;28464700;23776100,0;4152600;16611300;5993400;27742400;5058210000
2026-09-18;86588200;39622300;190287400;47631800;27596400;52274700;18312400;52483900;3980200;19583000;37640600;47298700;16428400;8606300;4542600;45337600;12944300;28048200;9577400;4786800;9834400;10440000;51922300;2064100;2156400;1355100;1161900;1313500;15002300;54480300;19320400;114413500;5439800;31867300;39302700,0;8191600;21962400;12497100;39324900;8858350000
2026-09-21;34999200;27959900;109806100;30455400;48720500;42979400;6414700;33228100;1863000;7108400;15752500;8464000;4485300;5712300;2476600;23966900;5822100;18100400;6334600;1867300;6351800;3794700;36599600;2136100;688200;1720300;1064900;1102500;22402000;18444600;26490700;36948000;2572400;44494300;22006700,0;5434300;10581900;4807400;22418300;4828050000
2026-09-22;40711800;21652800;95746700;29788600;28122100;41982600;11485600;45137800;2052500;8773500;14189400;9344100;5680700;4495000;2453100;19372800;5636100;17266800;5016800;2062600;7837100;3400800;28229900;2134700;835300;1521600;923800;1304200;20922300;11533800;24150100;34372500;3815900;28282800;21991700,0;5456100;13635600;4704000;31260000;5286270000
2026-09-23;31658800;19445600;89547300;35576200;30829200;44209200;7068500;36727800;2131500;5125600;12569300;8257800;6632700;3859300;2154100;22770800;6580200;13016400;16605700;2788700;10022900;4353100;33522500;2317000;691200;1836500;701400;2716800;27529900;9739300;33377500;32807500;2879000;16338200;35119600,0;4684900;12353500;5400400;22682300;5110910000
2026-09-24;24733100;16657600;77469900;23777200;34808500;33040100;6934300;40990300;2352600;4415500;12484900;9382800;6320600;4651000;2417700;26174000;7428400;13163300;7387500;2197800;9615600;3726300;26165700;1302200;906000;1595300;906100;1652400;15939800;9089000;29994700;28223900;2165400;25318900;22675800,0;7053800;11074000;2701200;56629400;5316390000
2026-09-25;30002500;38193100;89947700;21880800;25826700;34263900;11460300;28601300;1955500;4576700;10996700;7134300;4085700;4077400;1923200;19614100;5790500;12161400;6530000;1978200;5389700;4287300;45999500;938200;486100;1277000;535500;2126000;14923600;17817800;15961600;23203100;2373100;17632100;17807100,0;5968600;8735500;2992300;23671000;4499180000
2026-09-28;32820800;19626900;142344300;19318300;27943100;32596700;10483700;29170500;1825500;6381000;12809500;9529800;7185600;4677100;1971200;17232400;8850100;14493300;5365000;2174700;18053700;4173000;39452900;1776400;750300;811300;565200;2292600;18484800;16680100;20000800;43366300;3217000;22124100;18464100,0;5415600;10327500;3867200;36060100;5129710000
2026-09-29;38478000;21341800;101494900;21066900;23591100;33730400;7254900;31666600;1856800;5471000;9160000;5917600;5620500;3284700;1658100;27274900;7671900;13661800;5239500;2313400;10560400;3731400;32492400;1682800;684100;1621300;468300;1380000;16850400;10027300;28942700;34550800;2901400;16513900;14754100,0;6009200;13506300;3242600;45709700;5023590000
2026-09-30;49988600;27223300;121732200;37373700;19293000;41913100;9113300;34023700;1823300;7414100;13100400;6390200;6341000;4788300;3407700;28152400;8578400;15844200;5575900;1959800;11562300;4186400;39235800;2484700;843300;1939200;687100;2409300;25287500;7417600;31139300;36416600;5034600;16749100;17921200,0;5766600;11228200;7043200;22321600;4276550000
2026-10-01;36306300;19731900;98591400;33269300;12408400;33243900;8160000;60049500;2581800;5270600;11703100;5999700;8289000;3940700;2172500;23044000;7321200;18725500;5937100;2153800;13550000;3438600;31080800;2673600;2088000;1546800;709800;2086600;20427300;10908600;34747900;41584700;2893400;17134500;17902000,0;7776600;9571200;4594800;25459100;5783800000
2026-10-02;33278600;17822300;135167800;23772100;12964100;33433400;6658200;35089400;1606500;4009200;11287000;6669900;10940400;3306900;2052300;23275500;6248800;20289500;6425900;2385400;12642500;4163300;55330100;2541200;827800;2090300;389300;2154900;21067200;10122300;59954300;38672100;2453400;19865300;17932100,0;4791200;7901800;4189700;35409300;5277430000
2026-10-05;34400900;26604800;127171500;25630600;15215300;39273900;5346100;34994400;1897300;4523500;12475500;6445100;10026800;5823300;1976600;19233200;7036500;21274700;5594000;2300100;6504600;5408700;42232700;1901900;684300;1549400;1259000;2616500;70264600;12302800;190603400;36820200;2404800;13717500;17710000,0;4261500;6365500;3567500;18069600;5840900000
2026-10-06;30449000;21107500;101701900;18715600;12563100;34120800;6286800;25370300;2048700;3534300;9285400;5468800;5661000;5037500;2131000;22017700;13333600;16061400;5638000;1971400;7710300;3517300;27735400;2249000;502400;2442600;532500;2024000;39270100;8227100;61465000;35242400;2286500;24245900;17651200,0;4502100;7296800;3248000;20041600;5019650000
2026-10-07;34147900;16790200;81772400;20911600;13231600;36225800;7003000;30913500;2389700;4448600;9516200;5733000;5402200;5628600;2303500;16131900;8675200;12959100;4664100;3338000;6374100;3914500;25594600;1989300;483600;1477400;429600;2247500;30323300;7910700;45156100;30206200;1862700;18561100;15729200,0;5452900;5187200;3499200;15739400;5111150000
2026-10-08;35279900;20201700;118311700;23461600;16008000;38544500;8060800;59771500;1753500;6406700;13288100;7620800;6172800;7282200;3090500;23751200;12047500;15885600;11357000;2789300;11354100;6387500;28313500;2872100;840500;3615000;274900;1492400;30390200;9555600;44128600;46060600;3391300;23423900;41802500,0;8908100;6183900;4678900;42225400;6082070000
