Fecha;Petrobras PN;Vale;Itau Unibanco;Bradesco;Ambev;WEG;Localiza;Rede D Or;Banco do Brasil;Magazine Luiza;Suzano;Equatorial;Raizen;Hapvida;Lojas Renner;CSN;Cyrela;Engie Brasil;BTG Pactual;B3 - Brasil Bolsa Balcao;Itausa;Santander Brasil;Vivo Telefonica Brasil;INDICE BOVESPA
2025-08-25;28,055270129870827;51,207129407245326;33,73211938981239;15,043366400598824;11,53133195931183;36,32054835406049;33,01479303934974;34,38686300792115;19,998736594201205;6,830999423066804;52,82983871689625;34,85204249557718;1,059999942779541;39,310001373291016;14,774793298672085;7,360000133514404;24,93214532682236;27,3277557134661;42,57420466580015;11,976836652981508;9,850287247088433;25,482853435913736;32,399584593383295;138890,0
2025-08-26;27,87297306511298;51,216373443603516;33,4718167401545;15,061721474864106;11,46549208492005;36,27274356925916;32,8083328162424;33,93630295477009;19,852900639631958;6,830999473412895;52,408998820873116;34,25743093420221;1,0499999523162842;39,43000030517578;14,553584997917644;7,309999942779541;24,766176159926843;27,279546068880013;42,10689273717958;11,780034296964125;9,761146531848224;25,603273360765346;32,30571215324513;138037,0
2025-08-27;27,964122296217763;51,32728593178077;33,74109608181264;15,116792645455494;11,49370998785133;36,39703175057877;32,89279292851321;34,54005950475203;20,12512540589658;6,774388790130615;51,92944009750961;34,8424541181419;1,0700000524520874;40,06999969482422;14,79322395062495;7,380000114440918;24,978248024807762;27,458612732097198;42,866275787353516;11,873750686645508;9,841374397277832;25,760748585546306;31,93566351668341;139281,0
2025-08-28;28,374284294444088;51,937333845868494;34,75539306597102;15,538998245066708;11,587766175015773;36,63604392160552;33,76555676473807;35,45019165601381;20,718184085307755;7,519760139399016;52,164324961010486;35,5617454184157;1,1799999475479126;41,31999969482422;15,088168666169222;7,900000095367432;26,213790950044668;27,692768186422896;44,219538792346476;12,464156595977286;10,126630603041948;26,49253640685147;31,88940809503822;142138,0
2025-08-29;28,57481029206464;51,60458445791093;34,692558490986755;15,502284875823577;11,766473329308281;36,42570991485823;34,253549642845776;35,66645650922835;20,80568579313313;7,925469131335989;52,095822502910245;35,48501795108717;1,2200000286102295;42,150001525878906;15,13425237852251;7,889999866485596;26,130805281228202;27,809849754172692;44,131918262389505;12,436042285160088;10,073145137073219;26,409164872373164;31,66737114582735;142379,0
2025-09-01;28,59304176400364;51,391990661621094;35,08564597539172;15,548175045667413;11,691228076021444;36,320550672901334;34,3286281744126;35,819649704285375;20,93207243344447;8,368918213676217;51,606474309981714;35,226076342325065;1,2799999713897705;42,20000076293945;15,180336307191563;7,630000114440918;26,324435335379814;27,67899555940874;44,24874726428945;12,34232646529649;10,147910477314376;26,48327298875806;31,7413843903982;141950,0
2025-09-02;28,65684263459591;51,355019223707934;34,55581543495287;15,2442055683553;11,59717208700474;36,33011122353174;34,22539891889189;35,14380654284718;20,09595852760122;7,963209535894117;51,86093727643708;34,708183011367325;1,2799999713897705;41,779998779296875;14,931480537817466;7,539999961853027;25,64212138206608;26,99717906458691;43,35306225949114;12,098666487914777;9,996050936127167;26,353590516673066;31,269563139511504;141279,0
2025-09-03;28,574811253977135;51,59534139885506;34,385188879596356;15,299336256281425;11,249162361992433;36,19626151084914;34,64769728482532;35,31501727178069;19,979287526616126;7,934903413468593;52,5264418921074;34,47801046121513;1,3300000429153442;41,4900016784668;14,913044842676648;7,5;25,780427139718924;26,969631196882837;43,35306337664731;12,31421214747022;9,951385972613826;26,362850757698368;31,167795868292377;140496,0
2025-09-04;28,54746631145867;51,90960685680399;34,43907446105879;15,529056287077049;11,456087626352303;36,28230332471735;35,079391640573235;35,513270013608015;19,97929031862151;8,199086054834943;51,08776721071656;34,58350597436559;1,3899999856948853;41,40999984741211;14,968346692055766;7,760000228881836;26,112364801046176;27,25199785150137;44,51161145948651;12,332954548365155;9,915653867345629;26,298006692426913;31,158549161955982;141482,0
2025-09-05;28,337824369328967;52,38100837379411;34,8611406429245;16,043628257977954;11,644200497267683;36,55956361898858;36,78737837282985;35,93679960831513;20,844572950723872;8,746320724487305;51,068194411947786;35,22607537910397;1,3300000429153442;42,65999984741211;15,484495865848947;7,880000114440918;27,089734213226755;27,141807313567867;45,58253599094977;12,782791623809214;10,085380604022792;27,224322020395146;31,45458984375;143409,0
2025-09-08;28,22845082438157;52,3347916816282;34,49294821383186;15,905798147296283;11,559549116563856;36,33010826343542;36,05538036879679;35,44117937745351;20,68901645568799;8,868976773602627;51,08776726354679;35,168527976563084;1,4199999570846558;41,70000076293945;15,171119383365928;8,029999732971191;26,71169525272371;27,20378875732422;45,261260613366424;12,585987620128167;9,969252279643188;27,159477017370556;31,6673727400946;143089,0
2025-09-09;28,392516655433475;53,166678442226704;34,45704286187873;15,841472238151812;11,634794365102682;35,97636839262093;35,37969965588435;35,31501641371069;20,84457315413804;8,604794757112122;51,28350475379017;35,0438571862607;1,3700000047683716;40,56999969482422;14,691837733297387;8,130000114440918;26,767019207950753;28,229958212540193;44,42398836045429;12,379812604663758;9,978184430595729;26,89085110104364;31,2325579002121;142286,0
2025-09-10;28,747994663897867;52,73224733398892;34,43907504639718;15,795530641482705;11,75706762577294;35,89988577617733;35,548612882675705;35,41414640566876;21,651524929612524;8,972762117589397;50,82351807061978;35,11099101575567;1,309999942779541;40,27000045776367;14,710272789001465;7,960000038146973;27,163497129635267;28,312603603525584;45,348881999661494;12,407928040959964;10,013917293863832;27,002006394276478;30,936514538173025;143182,0
2025-09-11;28,693303997794;52,93560027756857;34,78930498958497;15,81390769056991;11,822906457328465;35,80427833785528;36,365070090751146;35,675472238010954;21,92374817871246;9,43508243560791;50,45161437988281;35,245255476860194;1,2999999523162842;40,619998931884766;15,04208279801587;7,849999904632568;28,472803673120165;28,312603603525584;45,84540353531847;12,492270833503548;10,121114815026395;27,224321876983062;30,99202446785716;144013,0
2025-09-12;28,89382942552864;53,08349149301648;33,909247383525226;15,64851155037351;11,851125277549203;35,37405402994625;36,533992269988545;35,61238872805102;21,75847011795192;9,538867022380133;50,44182984327103;34,89040723639996;1,2899999618530273;39,689998626708984;14,922264575782034;7,889999866485596;28,269953978582627;28,099103778176875;45,07628101855846;12,332954775306275;9,879921691165785;26,84453255040551;31,084536469564004;143202,0
2025-09-15;28,75710664641638;53,194404656475704;34,28640861324127;15,722021187195509;11,945180416538342;35,40272782423333;36,24307172274798;35,918774507106825;21,777914102638128;10,227627773795612;49,609938637562685;35,312390461270226;1,2999999523162842;39,790000915527344;14,98678267595729;7,920000076293945;28,537348424727664;28,340152127278568;45,35861375680375;12,698446588349702;10,02284954233739;26,90937542535406;31,288063049316406;144194,0
2025-09-16;28,875599489596453;53,665808035834836;34,349264684524606;15,722018750703558;12,020425318688611;35,288010555396205;36,99383202912701;36,7207717984632;21,52513109058874;10,482375739823214;50,0601417196202;35,43706692432752;1,3200000524520874;39,880001068115234;15,75179058238504;8,079999923706055;29,763667987722567;28,360813256197726;44,99839348082901;12,679703795878822;10,040716182914752;26,955690967811126;31,39908150399144;144584,0
2025-09-17;28,97586083316543;53,628838255781694;34,86114015961145;16,22740276592553;12,114482919020361;35,35492953340408;38,43905141397083;37,09023543081399;21,58346955032306;11,444753611741652;50,12864924953513;35,32198053612531;1,350000023841858;39,04999923706055;16,166553606008364;8,3100004196167;28,629551244926816;28,209294850232382;46,04985393523243;13,15765154546253;10,19257618195393;27,50221565628465;31,482343633419166;146331,0
2025-09-18;29,003206890020966;53,68429692664131;34,61867169717186;16,135516341014778;12,04864282867308;35,326246740104104;37,707055954010166;37,62189740892261;21,962637760315296;10,803168471481447;49,94269309600641;35,19730367513385;1,340000033378601;38,939998626708984;15,807089059427188;8,350000381469727;28,389820298852914;28,560537427641417;45,738309650790235;12,904620185210359;10,156843956694834;27,391058583053102;31,454591415619173;145726,0
2025-09-19;28,665959323867177;53,78596950460929;35,022789001464844;16,32848377575394;11,86052964491061;35,36449548198691;37,83844070798717;38,126533319732985;21,58346741745182;10,699382898108347;50,069925466332805;35,83027749915842;1,3200000524520874;39,540000915527344;15,834741635449548;8,140000343322754;28,500466380859056;28,718936920166016;46,63399239694728;13,082680301840114;10,219376199760527;27,400322443092787;31,30657349901918;146399,0
2025-09-22;28,684186795305102;54,017049511894584;34,89705973098364;16,337668857429197;11,766473495151898;35,603509584219324;36,787374955517464;37,81113057344075;21,252912281209532;10,510680071271654;49,66865832130586;35,44665627517331;1,2699999809265137;38,119998931884766;15,419978793608491;8,039999961853027;28,0671041717912;28,83601721740149;46,400335172627976;12,810904810313973;10,15684477465347;26,826006566902457;31,21405742776106;145864,0
2025-09-23;29,249305357137878;53,97083348400394;35,23831302493637;16,585767572018213;11,813502129851399;35,76603296714429;38,14812825020879;38,25268559405335;21,53485447885365;10,765428038739296;49,981840452900386;35,92618422511643;1,2000000476837158;38,279998779296875;15,18955411273639;8,119999885559082;28,122427084653054;28,615631332623206;46,633992886722694;12,764047206435079;10,299772625298262;27,187267785456285;31,32149106962038;147179,0
2025-09-24;29,74150235460711;53,73975371635548;35,14850481048467;16,438748298090076;11,804095555765247;35,460098394244625;38,37336512197422;37,8984413822637;22,09874639932686;10,680512747692548;49,26739746353018;35,72478060840085;1,1699999570846558;38,16999816894531;14,906798523642092;8,050000190734863;28,279174993354637;28,4572297892461;46,682672826050855;12,57544856121399;10,255108065625354;27,076111987400555;31,14506044709697;146585,0
2025-09-25;29,896452013433883;54,11872250885776;35,040736949623955;16,37442651842615;11,86993555302177;35,36449548198691;38,6548997006442;37,59945345433102;21,554300427389123;10,973000275942084;49,6001524583166;35,408291951647065;1,159999966621399;37,22999954223633;15,112409892207952;8,1899995803833;28,103984658328095;27,94758819488291;46,75081966220094;12,434044639512063;10,192576038732017;26,85379457155225;31,089344145281473;146519,0
2025-09-26;29,841766988338772;53,5548897718926;34,89706193291641;16,310104811292366;11,804096260325307;34,9916285365433;38,547858047562904;37,418250867038054;21,564021634504957;10,784298033166046;49,28696876626346;35,4850193938879;1,059999942779541;37,290000915527344;14,9909133688678;8,0600004196167;28,122427527026737;28,06466784236709;46,8676496841244;12,52831483021293;10,183645841420898;27,085372924804688;30,810773058012465;146235,0
2025-09-29;29,6594688011281;53,37926929099375;35,34607654729124;16,558201709629348;11,851125586918313;35,45297581540914;39,33687541290326;38,32426071166992;21,836245518637906;11,322097593505395;48,699754831110354;35,83987008089913;1,059999942779541;37,88999938964844;15,131101505217924;8,300000190734863;28,44514326406511;28,291942596435547;47,802276119154634;12,78283926488531;10,371237809782475;27,576320488306237;31,367926507163553;147558,0
2025-09-30;29,076124102860128;53,4069979015135;35,47179712255713;16,735405814837666;11,681821657518663;35,28035592107996;38,75699966961153;39,00376715616618;21,700134500781193;10,33141416366794;48,83677291870117;35,83028118705231;1,0499999523162842;36,84000015258789;14,841377096679548;8,130000114440918;28,657214087373866;28,677614805886783;48,19170621075579;12,7922654539552;10,398036552739466;27,668951396978922;31,934366545613607;147578,0
2025-10-01;28,757104971654385;54,22963966384172;35,40696622333566;16,763440191276995;11,465492907888486;34,868006230930334;38,23414835755898;38,45110354123131;21,573746298793132;9,123723733980441;49,32611983660905;35,5617481435467;1,0499999523162842;36,06999969482422;14,289964242162224;8,25;28,694096333468806;28,41590909515781;47,81201247450503;12,782839290907926;10,344438848858932;27,789373110193097;31,757932964709504;146879,0
2025-10-02;28,6294998821226;54,405260468837284;34,769090093389046;16,285937186297197;11,427869097661192;34,85841956780423;38,04402665446809;37,92561964417631;21,680691587227347;9,189769602587392;49,18909955215728;35,26443680986995;1,0499999523162842;35,81999969482422;14,243234744695064;8,239999771118164;28,767859852950185;28,36081033336715;46,76055327423518;12,424618819448776;10,165778680166923;27,011270399791027;31,572214098648505;145621,0
2025-10-03;28,556581945712686;54,64558342219459;34,328857421875;16,02401549378081;11,239756844147655;35,62558895282014;37,245503272614236;37,89843758075054;21,36957712848886;8,80293114655087;50,05035159701836;34,899995050625876;1,0299999713897705;36,15999984741211;13,860051525720998;8,220000267028809;28,2515129740245;28,112881745631622;46,66320146820605;12,18894630478234;10,040714937895245;26,98348041041416;30,931486129760742;144518,0
2025-10-06;28,465435368158985;55,431254487141146;34,364787880312335;15,98659508841935;11,286784907255377;35,06938722712859;37,407101077381576;37,92562149780775;21,05846579278152;8,699145324297035;49,70780803001253;34,890403434263646;1,0199999809265137;36,52000045776367;13,738553758582427;8,729999542236328;28,24229235896952;27,782303152523873;46,71187985085152;12,094678551537346;10,067515381964583;26,84453576869179;31,11720131595516;144532,0
2025-10-07;28,128188372811977;55,10773928216138;33,897604606612454;15,790155347185522;11,155105371642032;34,820053143653986;36,000183822812915;37,38201117596996;20,757073451197957;8,472702026367188;48,93463907454772;34,497195467477965;0,9800000190734863;35,77000045776367;13,402099755403526;8,65999984741211;27,633740492275205;28,092216614396797;46,283505209378006;11,859006024893754;9,969252329480584;26,344326475844355;30,57861575801249;143606,0
2025-10-08;28,328712607022574;54,89515086095685;33,64604840499979;15,939824955986163;11,20213352693992;34,532367919164244;35,27770723964786;37,282351749596174;20,766799023053597;8,661405232815047;47,985311045802646;33,950535964196945;0,9399999976158142;36,41999816894531;12,98153255709601;8,619999885559082;27,64296218897149;27,926929417722;46,38086429834987;11,962700951750026;9,906721850233465;26,214641552437847;30,142179243344025;142385,0
2025-10-09;28,109956234072786;55,810227202500506;33,61910243612735;16,042724601698716;11,25856836535096;35,81738475236649;35,46783065435965;37,2642294631956;20,74734866648261;8,661404806025406;47,28065087124833;34,056026421425884;0,9300000071525574;36,529998779296875;13,149758595738243;8,680000305175781;27,596860827423672;27,76164160989104;46,994211016954594;12,292641450274028;9,933520384869674;26,33506192185049;30,179325272770317;143212,0
2025-10-10;27,490153348969027;55,27411953144469;33,744886237955306;16,108204764528026;11,164511425803667;36,133841512033875;35,249185741720886;36,36727714719056;20,689017345631992;8,633099303056044;47,750425969197124;34,171116732968706;0,8899999856948853;36,029998779296875;13,084337556514415;8,479999542236328;26,960646894108525;28,567423292511872;46,750819718674514;12,141812255542868;9,870988850632635;26,399902725222407;30,207185346330615;142274,0
2025-10-13;27,590415000262425;55,514440794241324;33,71792596126135;15,93047036523876;11,220944821064519;36,402352128922;34,70732880237257;36,32197894887456;20,38762772882674;8,548183726526958;47,51553309492816;34,24783802855215;0,8799999952316284;34,52000045776367;13,383406977209429;8,420000076293945;27,01597008598621;28,629406181587708;46,47822470446735;12,075825030843195;9,870988805667162;26,020115377793747;30,467187822553637;142303,0
2025-10-14;27,763593715812327;55,57914265613076;33,996441549363354;16,229811549331266;11,380841160798516;36,53660311502451;34,65029480366177;36,61190127065871;20,57234804835765;8,30287163129993;47,38830272333249;34,16152536308009;0,8999999761581421;33,7599983215332;13,51425032375221;8,470000267028809;26,70247312867219;28,58119771951049;46,010904246300484;12,00040877073751;9,960317747945345;25,547696448420286;30,021460500632823;142589,0
2025-10-15;27,499267952840974;56,36481178295993;33,87065916595207;16,29529382282388;11,38084276741434;36,29686190124414;35,34424637260356;36,919949044795864;20,125125958440005;8,604794715891082;47,13384885288734;34,257430894086426;0,8999999761581421;33,619998931884766;13,542289204760317;8,520000457763672;26,84078294559971;27,782302033538397;47,081834672986126;12,14181309854045;9,888853800606968;25,88116961677206;30,643617603690245;142905,0
2025-10-16;27,171132905730566;56,3185988565462;33,96049729784979;16,557216514652826;11,51252083031294;36,99691186108501;35,106594325358174;37,37295084508702;20,037625334886027;8,35948280249764;46,908748143429214;34,487599687019355;0,8700000047683716;33,33000183105469;13,542287197527502;8,489999771118164;26,95142754494418;27,988913117591146;46,20562295585361;12,000408624351117;9,915653743994241;26,159062018007436;30,22574938245129;143191,0
2025-10-17;27,29874503061494;55,736275612359215;33,79878294509004;16,603985776012546;11,663010946907809;38,991554380279474;34,973509790566155;37,128329041550316;20,31957244873047;7,972644151949453;47,035981058458844;35,03426481877131;0,9800000190734863;33,27000045776367;13,486213168097064;8,380000114440918;26,527286529541016;28,085331079205655;45,212578984876004;11,98155547416299;9,870988805667162;26,196114195524558;30,903626796149183;143425,0
2025-10-20;27,253168684804614;56,70681022937991;34,454637691029305;16,98750964897313;11,710039175871234;38,55043218603981;35,74351032435888;37,6266335916691;20,329293358528222;8,07642905704329;46,97725749566839;35,23566403975973;0,949999988079071;33,5099983215332;13,626402061671966;8,789999961853027;27,569197678596687;27,761640416964884;45,74804745247567;12,06639712587598;10,076447445239928;26,863059296169865;30,866485525751948;145216,0
2025-10-21;27,33520229317963;56,429512008002916;34,3468305291094;16,987513393857338;11,615984138998279;38,33946372632744;35,55338590932895;37,73535817052106;20,183459718205356;8,038689510752114;46,83044949255337;35,16853038495382;0,9700000286102295;33,04999923706055;13,691823388823135;8,789999961853027;27,541537421705236;27,486156316796425;46,04984674664106;11,906140290891557;10,076445327170392;27,168742954755594;30,792194181876468;144795,0
2025-10-22;27,37166200573294;57,529451688231404;34,239013671875;16,791076627653702;11,540737734599107;39,10663159843705;36,73215950745277;38,31520091763882;20,134845376588594;7,963209263318409;47,31001182759458;35,07262420654297;0,9700000286102295;32,75;13,7385532948907;8,850000381469727;27,55997782018267;27,472387453220946;46,371130278200965;11,906139907653278;10,040715217590332;26,9577744266252;30,8943421215359;145048,0
2025-10-23;28,0005798348397;57,80674644675001;34,445648794169614;16,85655395522298;11,456086799462573;39,96011329531725;36,732162392036614;38,69572498925299;20,270957759228523;8,048124341667577;47,7014884623634;35,37952406467641;1,0099999904632568;32,709999084472656;13,934819844604302;8,800000190734863;27,781268071523947;27,245111535423145;46,439281507728154;11,962700225995048;10,121113792746327;27,127678402367735;31,210062364066616;146358,0
2025-10-24;27,75448227114292;57,427776201186475;34,607372252855846;17,02493467648156;11,531331736026653;40,07519581157689;37,15043905163485;38,55076125079799;20,368183197490506;7,755636670530435;48,39636248876479;35,83987017457135;0,9900000095367432;32,86000061035156;14,159121009811875;9,180000305175781;28,002561851225813;27,29332069998704;46,85791516668894;12,236079753408557;10,165777115060408;27,627942972993658;31,971507899915224;147240,0
2025-10-27;27,490152698037125;57,45550535244011;34,68822541278516;17,212016002624214;11,653606185243992;40,61221073168173;38,18661585496455;39,03095415436387;20,300123605408317;8,08586484333712;48,3767838346856;36,0124966436485;0,9800000190734863;33,0;14,065663545633846;9,020000457763672;28,343717386445903;27,451723098754883;47,13051396498676;12,047543351856735;10,201510345234116;27,835603434831427;32,57510016690937;147977,0
2025-10-28;27,663331684434343;57,80674511562025;34,57142639160156;17,202658567969117;11,42787019104951;41,10128136631697;37,5401958734495;38,71384791378785;20,494571189141276;8,227391037103432;48,6606087239664;35,715196089010874;0,949999988079071;32,790000915527344;13,813321784015084;9,260000228881836;27,89191546235607;27,699657763811746;46,83844543326073;12,028689780430172;10,156843956694834;27,948871276975524;32,379617361858706;147811,0
2025-10-29;27,490151260686037;58,86970771497023;35,49681259433076;17,623612385544206;11,418465217990759;41,4561042207115;37,95846968912851;39,06719236773888;20,854299745714496;8,32174197111537;48,47465597588881;35,523382475089136;0,9399999976158142;32,66999816894531;13,766590955718984;9,34000015258789;27,95645744813902;27,727204377827412;48,26959009632393;12,056971093738206;10,371238431437371;28,67567065435283;32,30507258192971;149067,0
2025-10-30;27,490152147619455;59,1562478086116;35,649540887006644;17,18395695691817;11,907557965469946;40,353295174052796;37,996495886398705;38,985653392257326;21,233467703890234;8,151910280346781;48,36699889137751;35,302799224853516;0,9599999785423279;32,18000030517578;13,635747909545898;9,390000343322754;27,99334117226461;27,706544744726177;48,775844770342815;12,019262801450008;10,389103115282712;28,968282672175807;32,01622472604834;149234,0
2025-10-31;27,426349844367774;60,58894111388402;35,6046204188156;17,099771420177206;12,15210479495341;40,4300063178186;37,739828971034015;39,35711735845274;21,56402220699816;8,114170548006587;48,044028792727616;35,43706483360009;0,9599999785423279;31,8700008392334;13,869397163391113;9,460000038146973;28,15930946124987;27,644560343397302;48,405888783797295;12,02868967138017;10,415901000851651;29,544059695651445;32,08144677668306;149636,0
2025-11-03;27,77271045917312;60,44104912497485;36,06997925977348;17,417816039848326;12,170915952645476;41,139645749870006;38,101064248764594;39,63797691904504;21,525131955667653;8,114170562934072;47,94616065735954;36,2043111610133;0,9599999785423279;31,690000534057617;13,990894340248706;9,520000457763672;28,371379499917282;27,80985257116289;48,094350149194334;12,198373185693594;10,549897514815447;29,940497378023867;30,283094894054322;150761,0
2025-11-04;27,581300497049522;60,08981098644713;36,105933637877605;17,314069857311118;12,377840042114258;41,41774377758289;38,880577087402344;39,11249123776892;21,75846743669732;7,925468844409443;48,621459575949956;36,463257774407744;0,949999988079071;30,799999237060547;13,990894317626953;9,260000228881836;28,5373477935791;28,484777450561523;47,80227778046648;12,170092818605443;10,576698138885764;30,20478870550482;30,879439321208;150888,0
2025-11-05;28,21022194165798;61,16201593290066;36,096944544354976;17,632450652173137;12,500114092450396;41,81092028458596;39,97379391939832;39,90072209482109;22,069583061937536;8,246260643005371;48,69975453184024;37,163365452656144;0,9399999976158142;31,68000030517578;14,570343380233549;9,220000267028809;29,28420581659705;29,118387431165168;49,21395278256874;12,490607409630506;10,540966033935547;30,71449749901613;31,885775814020796;153583,0
2025-11-06;28,5110070951626;61,051097606873064;36,663204585816565;17,669902682280124;12,45308642165915;42,319169945875345;39,91676202037707;43,30732371267578;22,264025875108587;8,161345969189222;48,151691296569076;37,57944170252003;0,9200000166893005;31,56999969482422;14,355386523417982;8,729999542236328;29,653024897581584;29,875961141226572;49,62285079685207;12,490605835059775;10,6660289909793;31,054302532291544;31,895089078509912;154352,0
2025-11-07;29,331336975097656;59,951159525505005;36,13289424975049;17,538806915283203;12,500113775556041;43,268543978969035;39,38440556769351;43,26202401654632;22,28347240203712;7,972644166465978;47,44702690702288;37,728925592455774;0,8999999761581421;31,649999618530273;13,514251117251987;8,479999542236328;31,01765331269856;29,6624604250461;49,25289535522461;12,396337075359078;10,576697672062492;30,57291030883789;31,63418550172373;154066,0
2025-11-10;29,668582709250682;60,579695741819734;36,42051724082754;17,969553320804305;12,471897381693486;43,527472913813575;40,31602206868918;43,85998961159357;22,351528812084098;8,01038477836644;46,9283220961223;38,13750318149908;0,8799999952316284;31,420000076293945;13,626403316357655;8,420000076293945;31,607763205535097;29,944830217831278;50,684042869148676;12,368056297302246;10,612427751930888;31,073176702985123;31,606231045450457;155601,0
2025-11-11;30,479798049244714;60,690617148849135;37,18452483767747;18,38156871840477;12,838718161880573;44,72617469286898;42,68307313827039;42,491911369594625;22,934863543744612;8,699145795280485;45,98877848684327;39,36324738985281;0,9399999976158142;31,829999923706055;14,289964908045183;8,470000267028809;32,13332814822878;30,330502763438584;52,26122861503379;12,867680928210355;10,880420053508335;31,601763001651495;32,30507278442383;158467,0
2025-11-12;30,31573028002286;60,95866203811116;37,166544581624684;18,316024401010228;12,848123680098968;44,30423190993856;41,399733840555236;42,60969362165382;22,866808886842254;8,661405450925878;47,19257034371992;39,42304056006022;0,9399999976158142;32,77000045776367;14,224543672865428;8,789999961853027;32,25319669500599;30,619759890986288;52,37805284181824;13,405013373189202;10,871486501364124;31,71502789520087;32,90142208192512;158134,0
2025-11-13;30,02405736992049;61,420821462294576;36,8968939422111;18,578215126928647;12,932774934752373;43,2781424811262;41,399729351331125;42,582511205004884;22,069583736000478;8,80293081751254;47,3393717546991;39,51272655666476;0,9300000071525574;22,5;14,140429009602853;8,829999923706055;31,995023253902414;30,66796839153553;53,25426876736068;13,725528039434916;10,76429054093853;31,884932618821363;32,994598030949014;158319,0
2025-11-14;30,233697405557184;60,579697090650626;36,564327795045486;18,484569846060314;13,017426224526883;43,115110204500276;42,57851012817392;42,120450462362726;22,4390304419573;9,180334544827085;46,898960545879504;39,692105079272814;0,8999999761581421;20,0;14,364732610716425;8,720000267028809;32,50214767456055;30,158327725668297;52,70907066166794;13,763234588960186;10,74642522840435;32,01707503449193;32,99459563199086;158366,0
2025-11-17;30,151666015062432;60,79228625998674;36,58231140649567;18,25983834529013;13,00801992712331;42,68357602370228;42,57850976898668;41,81240384662741;21,991805544116588;9,180334823876729;47,46660232543945;39,492794757981976;0,8600000143051147;19,06999969482422;14,224544190596225;8,720000267028809;32,56669166534269;29,827751158128333;52,222283087494425;13,744380340146797;10,70175998431827;31,88493233775488;32,46348112536174;157901,0
2025-11-18;30,233698094024597;60,34861798907195;36,26772095656072;18,007007401969496;13,073858775313676;42,12737710159385;41,228618623997114;41,22349686791939;21,76819077539275;9,001067853108248;47,53511266133056;39,33335037557857;0,8600000143051147;17,899999618530273;14,243234586144688;8,300000190734863;31,958140659403668;29,875959637491114;51,52130845773859;13,471002404020126;10,639229462484119;31,733906619740264;32,58460763510031;157040,0
2025-11-19;30,06052052256447;60,320890414357464;36,132895659152645;17,960187387589205;13,036236044375551;42,08902510958449;41,751462524875244;40,93357173041083;21,311243950971722;9,029373259520845;47,96573196625428;39,014458385056095;0,8700000047683716;17,459999084472656;14,177814109798929;8,270000457763672;31,782953765453264;29,71755863728547;50,8787575250664;13,254184432533282;10,58563216954521;31,53569048920057;32,510068815940706;156522,0
2025-11-21;29,841766292950233;60,330126718016174;35,98010173335164;17,86655116629442;12,895152131179936;42,06025182044924;40,88639084056306;40,725192447962414;21,389022827148438;9,09541888940176;47,66234453736165;38,81515185088997;0,8600000143051147;17,799999237060547;14,196504592895508;8,180000305175781;31,67230513421164;29,65557442387427;50,50880001583846;13,093927383422852;10,558830399453592;31,346907475513664;32,16530885665449;155387,0
2025-11-24;29,850878986411285;60,561206019679375;36,10592184863286;17,688631171577423;13,045641769867778;41,62871355696909;41,42825547047451;41,205379486083984;21,583467959196895;9,604913660540712;47,36873651096029;38,84504415658265;0,8600000143051147;17,770000457763672;14,495575458876742;8,210000038146973;31,94892326300371;29,944830635225838;50,30434533512772;13,291892388117056;10,630294983106056;31,54512569396911;32,56597677556734;155832,0
2025-11-25;29,568319659814307;60,92169760485554;36,15087242721452;17,894638056539694;13,092670513976984;41,705432347173534;41,90356554477086;41,74898479272904;21,505691384239125;9,680394172668457;47,124061763030745;39,01445770263672;0,8199999928474426;17,3799991607666;14,383424650471772;8,34000015258789;32,207094380150906;30,123893598236343;50,576949548683174;13,40501418533037;10,621362097932128;31,705591201782227;33,11465113134094;156373,0
2025-11-26;29,540977345446887;61,827520923163725;36,771056589106955;18,353476529324496;12,989209124752533;42,817835997169375;42,60702279793066;42,73653406977888;21,748748636359995;9,765309422679461;47,44702900119743;39,72199930970398;0,8399999737739563;17,239999771118164;14,570344504222994;8,680000305175781;32,474489496443915;30,578437145355288;51,48237225057279;13,876356142232462;10,844688643709384;32,422950675842905;33,133352058753744;158714,0
2025-11-27;29,531862258911133;61,605686959726185;36,74409977620419;18,35347886967286;12,95158663350317;42,79865273878262;42,835179963457726;42,80901945628179;21,70985551216158;9,680393672471112;47,172996520996094;39,692103225640224;0,8799999952316284;16,030000686645508;14,897450576927607;8,649999618530273;32,34540226169656;31,162459514484052;51,67708590223992;13,932917739273897;10,800022857217018;32,413517970323625;33,24550268449573;158864,0
2025-11-28;29,449831088511115;62,67788952946496;37,66988646016275;18,550123250436265;13,130293666429175;42,56849689294169;43,3104918224429;43,0083409011646;22,059859649598835;9,840790202037715;47,16320739189889;39,83162081745919;0,8500000238418579;15,100000381469727;15,103062184943516;8,569999694824219;33,166025451847794;30,844277431389276;52,84536752041809;14,244004740007618;11,068012096676721;32,71556122379783;33,24549732980111;159689,0
2025-12-01;29,322222625290806;62,97367331479404;37,54198878355329;18,447118158693065;13,186727303274164;43,565829472571;43,15839385986328;42,220105126888015;21,904301985471758;9,803049863039947;46,69343309641983;39,60241570049172;0,8500000238418579;14,40999984741211;15,037641599556034;8,520000457763672;33,29511035442657;29,667973100067055;52,825894044334454;14,187444244308097;11,142874524758781;32,234174524488004;33,15203376108373;159224,0
2025-12-02;29,231075286865234;63,519025586384416;37,964622497558594;18,352711721290422;13,497113586641456;44,05489835677473;45,202232360839844;42,11138916015625;22,043588007013767;9,991751670837402;47,368735839357136;40,08075274598537;0,8700000047683716;14,760000228881836;14,972219648498589;8,600000381469727;33,95898287404858;29,95722770690918;53,721580505371094;14,300566911920937;11,223426818847656;32,932660774899475;32,82490954654632;161092,0
2025-12-03;29,62301043356848;65,7188937250973;38,18043241804574;18,455817592674926;13,309000968933105;43,93023219800234;45,96273087275854;42,26540948635857;22,18619832500829;10,60503101348877;47,99509926182562;40,36974850456712;0,8700000047683716;14,789999961853027;14,906797425340338;9,119999885559082;34,22637487333809;30,178989580489425;54,65620538745385;14,347701460079689;11,295026986883977;33,06480666920771;33,02119179460621;161964,0
2025-12-04;29,850878506468618;66,91126701649434;38,899803161621094;18,165251069496502;13,365434986915897;44,07615661621094;47,388668740569585;43,361686444911676;22,381670576779637;11,274922245209039;48,53337755933747;41,1370802821027;0,8799999952316284;15,550000190734863;14,766608172396866;9,300000190734863;35,305171966552734;30,236842536876555;55,795283701002504;14,272285841536847;11,554579734802246;33,18751562952531;32,72209930419922;164551,0
2025-12-05;29,996714447211332;66,85581059515802;39,025688646657194;18,212116034525167;13,27137771758513;45,42265844956028;47,2745953896509;42,99927521188709;22,381670917078555;11,142831969332084;50,412466466427425;41,356322845865144;0,8700000047683716;15,609999656677246;14,103046717711358;9,390000343322754;36,01514817852306;30,140424075515902;55,47400642311913;14,21572449931664;11,644081029625946;32,83827277228299;32,796870581307594;165036,0
2025-12-08;29,15815588045441;65,49705939637482;37,83872007278733;17,227931758235183;12,942180582260905;46,362303532832804;45,15470101750956;40,74331673315072;21,277249562405963;10,35971864905989;49,76652775133382;39,32338327380661;0,8799999952316284;14,789999961853027;13,579672182055152;9,100000381469727;33,31355020416066;29,340148316923123;51,832852997887564;13,66896583028213;11,277126946212025;31,799982751696476;31,647247399370674;159235,0
2025-12-09;29,07612340749365;65,09960160083372;37,31717947324796;16,993601835873893;12,923368325929308;46,31386750759811;43,738267135418326;40,562107748300036;21,22838137624555;9,812484326291873;50,617993732404635;38,735426240562866;0,8700000047683716;13,819999694824219;13,317986441452172;9,140000343322754;33,073815530390334;29,59083634435487;51,29738627723903;13,423866651300356;11,142876032035884;31,00710332032295;31,479014146022628;158851,0
2025-12-10;29,15815441608172;65,94996786158961;37,68319301877869;17,26542732853323;12,838717425419098;47,05008192538265;44,15654795738291;40,31748687703472;21,208834268664614;9,586043706054708;50,56905746459961;38,625805013943854;0,8600000143051147;13,779999732971191;13,317985786852029;9,869999885559082;32,650001525878906;29,40764191895009;52,16387066245507;13,499282249907111;11,161375550766119;30,544596718547535;31,993064956309283;159691,0
2025-12-11;29,0761250031789;66,89278085902333;37,797264584571536;17,527875873292178;13,017426182025613;47,25351423747753;45,34482521329226;40,607409475155706;21,32611706495348;9,670958027920365;50,598420080219455;39,1141097779185;0,8600000143051147;14,430000305175781;13,402099387051344;9,84000015258789;33,0;29,455851432970167;53,77026048019098;13,716099552532386;11,266579377907957;30,43132711051003;32,217384006336374;159850,0
2025-12-12;28,912055109533796;67,09721595538872;38,082448462707184;17,602856525119034;13,214944619378848;47,97035598754883;45,72507723110345;40,9516916024185;21,49226680861385;9,435081968094138;50,59841978564561;39,721999258584624;0,8700000047683716;14,949999809265137;13,546484924825064;9,859999656677246;33,79999923706055;29,73546569113698;54,51990797258606;13,819795691322481;11,333529974128236;30,516281417750086;31,535089321069158;161263,0
2025-12-15;29,076123751498;67,4960256654397;38,57678533769694;17,884054137110407;13,497114605710076;48,43534065138873;45,90569697711965;42,89962052371169;21,541137662446065;9,586043154983601;48,19083650773706;40,71853595124288;0,8700000047683716;15,479999542236328;13,945469849933897;9,789999961853027;33,61000061035156;30,053646639145644;55,49347913774057;13,772660888347668;11,476990699768066;31,17700548285078;31,86222179296534;163073,0
2025-12-16;28,73887812946627;68,11855785134482;38,225052802157286;17,659098454304768;13,431273846966405;48,532205452627515;44,90754329600327;43,062699059724075;21,638872523218204;9,265249058535124;48,3180675823908;39,90137854263211;0,8500000238418579;15,199999809265137;13,527484256780395;9,680000305175781;32,86000061035156;29,677615383789636;54,13047941512104;13,480428607555172;11,448300274053956;30,85607755291846;31,422931626329376;162482,0
2025-12-17;28,328712463378906;68,83835192982464;37,39800265906329;17,21856013642148;13,29018939633964;48,63876200218432;42,445423079111336;41,649325957145486;21,24792722907397;8,868976839484423;48,77804842490813;38,53611603230419;0,8399999737739563;14,550000190734863;13,14749970894701;9,739999771118164;31,200000762939453;29,55226966275981;51,784175637094606;12,933670563418552;11,123118317551505;29,968816193819006;30,7312952136103;158611,0
2025-12-18;28,511008470743562;69,17880444562543;37,321939500532096;17,312292594025926;13,318405921411259;49,074683368117256;41,93341879273347;41,25067769895333;21,31634192193509;8,850107079785973;51,88050545263329;38,72546253444192;0,8399999737739563;14,550000190734863;12,86251004166868;9,699999809265137;30,950000762939453;29,73546613429408;51,63814161245072;12,632009854603629;11,123118198619034;30,40300744544702;31,011686672373425;158496,0
2025-12-19;28,47454717312366;68,99399405506442;38,025411489937625;17,527876770036528;13,221912513571276;49,132807394045656;42,712636010471186;41,39057450164818;21,15996543011254;8,91615222116397;52,50466661623216;39,30345334989228;0,8600000143051147;14,529999732971191;13,033504156518214;9,59000015258789;30,56999969482422;29,974655151367188;52,30413119138545;12,679144124364491;11,345581082622308;30,808885459099287;31,077112647244178;159552,0
2025-12-22;28,738876464642804;71,36739410078732;37,75924076249721;17,33103238366357;13,202058875627918;48,53017674156918;42,068101047268314;40,77942397045196;21,062227750405377;8,774625609788782;52,054714606641646;38,3567438165603;0,8299999833106995;14,520000457763672;12,900508526122428;9,449999809265137;29,799999237060547;29,926310819109105;51,46875718569491;12,679144568800469;11,228516405082015;30,84664102895222;30,703254269970046;158634,0
2025-12-23;28,743852632244902;71,52302664295073;38,35813725868845;17,359153897803367;13,470070683148798;47,96391296386719;43,347553289764925;41,14414608753778;21,257701873779297;8,850106869119854;51,74474466194227;38,42650228364696;0,8199999928474426;14,579999923706055;12,910008748432446;9,25;29,81999969482422;30,148701743116177;52,28447405169232;12,848827650222354;11,355336967967524;32,290806926542515;30,684559705328198;160456,0
2025-12-26;28,61221619078364;71,34793988879946;38,40244003960851;17,28417103455418;13,718230094633444;48,43083572387695;43,32831427974565;41,055429661752186;21,3945318861338;8,746320642308715;51,844732184345204;38,48629032455267;0,8199999928474426;14,550000190734863;13,024004915138372;9,170000076293945;29,6299991607666;30,525800850168743;51,94049645691702;13,03736532358971;11,335826055568802;32,35688400268555;30,908874348475088;160913,0
2025-12-29;28,969515741342757;71,72729005520061;38,45139418282075;17,33103370666504;13,767862319946289;48,738805027913145;43,434133009813706;40,89771560425949;21,384756629025823;8,916152591552244;51,8447304142743;38,36670684814453;0,8100000023841858;14,9399995803833;13,01450411020192;9,239999771118164;29,540000915527344;30,35175449689601;51,72428454459901;13,03736604281986;11,335825633713107;32,517341760699814;31,049073770039307;161133,0
2025-12-30;29,110554379371482;70,85185821263912;38,84305809027763;17,70977709606756;13,986242311260016;48,7288712562448;43,38603005094807;40,51328020823955;21,629100716752713;9,153916670664056;51,66474968702119;38,560001373291016;0,8199999928474426;15,0;13,081002830956837;9,069999694824219;29,959999084472656;30,612823626400857;52,4032579853662;13,235330123813762;11,452890776643105;32,17753916487353;31,22735879016222;162075,0
2026-01-02;29,110554132292712;70,5697768672664;38,95902933177622;17,661920937433365;13,916757555004727;48,77854617628621;42,60681492257875;40,59213646335646;21,697513855173238;9,03503417893951;52,10470813802519;38,72999954223633;0,8299999833106995;14,880000114440918;13,005004251788904;9,020000457763672;25,950000762939453;30,73852693605667;52,64965553261232;13,297922285608356;11,511423670845438;32,36632319172627;31,30238395807111;161957,0
2026-01-05;28,931905902601525;71,4938471836089;39,321487055229696;18,178607940673828;13,658672252061175;48,54011662297399;42,49137568345079;40,582278140387544;21,46294908148827;8,955779832860344;52,23469466362555;38,63999938964844;0,8199999928474426;15,25;12,872010169644268;9,149999618530273;25,350000381469727;30,574148976543977;53,477543031429924;13,608078742678915;11,706531588160026;32,3367985683286;31,283626994876165;162166,0
2026-01-06;28,612214670491035;73,9158760792331;39,65455762040981;18,619416574783994;13,748009437313726;48,36129267229416;43,549570694748375;42,39601317703696;21,658421199166405;9,302519266130554;50,99482156550226;39,470001220703125;0,8299999833106995;16,68000030517578;12,777013778686523;9,420000076293945;26,31999969482422;30,748192529038967;54,17730728236184;14,121772713677212;11,794330905115991;32,72571020625008;31,29300300673758;164135,0
2026-01-07;28,048057556152344;75,22902597426004;39,164752916644076;18,303181021233883;13,6189666394105;47,725484755090484;42,71263694995531;42,08057869339076;21,58022985146824;9,203451156616211;50,624857421429496;38,9900016784668;0,8399999737739563;16,6299991607666;12,805512122228059;9,90999984741211;25,06999969482422;30,48712548706471;53,46768858287256;14,16054233999158;11,667509759506055;32,12811362887813;31,227358717428658;163661,0
2026-01-08;28,52759234451392;73,73107095647953;39,272501816077764;18,10194059853662;13,698377160137722;47,496989674518524;43,00123374707247;40,71042403660053;21,39453185391516;9,361959589984128;49,87493417728592;38,810001373291016;0,8399999737739563;16,280000686645508;12,748515129089355;9,899999618530273;24,719999313354492;30,226056185366744;53,70422659405119;13,986081212996666;11,774820327758789;32,00479947708644;31,161716477853826;162937,0
2026-01-09;28,903699036568725;73,6435259021957;39,46842944637931;17,939031594091205;13,857198422574994;46,07635286823798;42,722255954916974;41,00614048284887;21,404307050223238;9,223265039384616;51,19479906907357;39,15999984741211;0,8600000143051147;15,960000038146973;12,91000906144919;10,100000381469727;25,100000381469727;30,06167840538169;54,886921586422666;14,354389816068737;11,901640960685672;32,49805285852297;31,602465243909638;164263,0
2026-01-12;28,743850700754383;73,41007513044943;39,09617961249769;17,737793002278327;13,936609225838346;46,682361986727784;41,692918918282224;40,7794232790995;21,51181723702363;8,866618647643884;52,21469906669176;39,06999969482422;0,8799999952316284;15,460000038146973;12,739015579223633;9,949999809265137;24,829999923706055;30,332417649639154;53,77321881183376;14,189619317158911;11,804086326170971;32,4790881855513;31,499310453253425;163493,0
2026-01-13;29,449050024918744;73,97424845069018;38,763114182873544;17,61321692218703;13,996168013353541;46,45386567412692;41,154202227683825;40,424563060285195;21,326117542044503;8,470345383014937;52,124708167602236;38,22999954223633;0,8799999952316284;15,270000457763672;12,758014965398104;10,050000190734863;24,780000686645508;30,313078967493674;53,52682172647179;14,005464448778302;11,765064836194428;32,2798840469174;31,302385768488207;163146,0
2026-01-14;30,586768500010262;76,93126542215286;38,851281224724005;17,747377395629883;14,135136730847146;46,791639476698215;40,98103915827385;40,21756204222797;21,01335906982422;8,361369364940693;52,16469955444336;37,66999816894531;0,8700000047683716;14,34000015258789;13,147499721019367;10,430000305175781;25,18000030517578;29,95531645844687;53,891485414916325;14,325312701756301;11,75531017026375;32,35577150425516;31,00229835510254;165147,0
2026-01-15;30,022612261326802;77,46625305421793;39,39985367189261;18,274430626868444;14,174842648678888;47,03999788611368;40,884843938624996;40,25698865882324;21,169738003706165;9,015220791260507;52,64465336372307;37,93000030517578;0,8700000047683716;14,029999732971191;12,976506248900245;10,779999732971191;25,31999969482422;30,071346588882896;54,42370135405339;14,732391697825353;11,92115236011654;32,45062276377971;31,180472286007838;166070,0
2026-01-16;30,276481502077235;76,72699737548828;39,27251120641624;18,274432029762192;14,035873539178667;46,781701971888;40,50966238941194;39,91199059690702;21,052453246122894;8,698202086435199;52,43467190762869;37,81999969482422;0,8600000143051147;13,449999809265137;12,891009336409667;9,970000267028809;24,700000762939453;29,993994416352518;54,47297737210442;14,839008249364992;11,911397124932048;31,79611458748663;30,936655246961276;165872,0
2026-01-19;30,285881429361954;76,50327902630127;39,05699327791635;18,28401366262505;14,065652144616505;46,43399639160814;39,538043653593064;40,29642044888154;21,003585706384555;8,420811033875403;51,924724079854414;37,650001525878906;0,8199999928474426;13,65999984741211;12,815011361629393;9,489999771118164;24,850000381469727;29,877961790095092;54,12802498368247;14,80023872772933;11,774821359611087;31,966855166628548;30,777238354057992;165155,0
2026-01-20;30,57736703002173;78,0206979907569;39,27250769000183;18,48525484672259;14,10535808801618;46,970459743702264;39,57652817878056;40,11898936307636;21,111097316083534;8,747736318151743;52,2546912181354;37,959999084472656;0,8100000023841858;13,729999542236328;13,157000198885434;9,15999984741211;25,389999389648438;30,206716537475586;54,56168032011254;14,75177674407887;11,83335315345778;32,251426696777344;31,9775703557042;166468,0
2026-01-21;31,54583497804628;80,54000640862452;40,91824124491084;18,993146271948724;14,234401085065384;47,67581367576658;41,04838136983656;40,592138320193094;22,049366545663272;8,747736575006712;52,29468665010613;39,20000076293945;0,8199999928474426;13,970000267028809;13,764976501464844;9,380000114440918;26,489999771118164;31,338018246005213;57,15375566925942;15,178239540364302;12,428435460718626;33,31721496582031;32,49334467914053;171969,0
2026-01-22;32,09119124772779;82,0963353755021;42,68154418229267;19,721434965316828;14,691012799270831;49,22560045981405;43,18400927159338;43,27330955088336;22,958315528948294;9,193543368879311;53,53456132802685;40,59000015258789;0,8199999928474426;14,579999923706055;14,448949462218796;9,979999542236328;27,489999771118164;32,48865745544016;59,27275147250759;15,498088377923121;12,984495875497204;34,40626558574968;34,1062767338872;177742,0
2026-01-23;33,360549221283556;83,39975855721748;43,014604633175175;20,104752130795195;14,99873013240331;50,854860537459956;43,25135382695199;44,04217602009367;24,03342105658117;9,332239676436359;52,68464769879284;41,61000061035156;0,8399999737739563;13,979999542236328;14,391951580268147;10,199999809265137;28,170000076293945;32,72071811421428;59,3910183482695;15,643474045510402;13,130827554573472;34,85923039889714;34,997154083523235;180532,0
2026-01-26;33,567404701564996;83,78884039684876;43,43584198617142;20,066416973512357;15,028510140732683;51,41119279912888;44,146009459800155;43,72674024850776;24,101834460754812;9,490748804453778;52,4446725010262;41,25;0,8399999737739563;13,970000267028809;14,296955066770982;10,479999542236328;28,299999237060547;32,391966016968205;59,75568732169597;15,42055002851169;13,238136782545295;34,8881458011812;34,90337912926161;179543,0
2026-01-27;34,272601837193584;83,77911082690436;45,130561292331535;20,765965719297306;15,137699861951312;52,73248987533676;46,23354153044852;44,45617547091517;24,512328904670788;9,80776698254232;52,444674897101244;41,84000015258789;0,9599999785423279;14,09000015258789;14,657942407195755;10,6899995803833;30,020000457763672;32,94311009634913;61,243910592051456;15,750089421721633;13,686887912687135;35,67843273493289;35,4472736142253;183360,0
2026-01-28;35,20346094186275;85,10198728338366;45,47342441440588;20,81387710571289;15,008656802285385;52,65301041529974;47,11857604980469;44,11117429338243;24,952143252174434;9,986090660095215;52,08470998536026;41,88999938964844;1,0800000429153442;14,100000381469727;15,037927953263761;11,319999694824219;30,540000915527344;32,730388001210635;61,88453773542738;16,089323780849973;13,803953382262518;36,22777562313247;35,56918667454361;185065,0
2026-01-29;36,27536214326951;87,05712815496966;46,090584100657445;21,101362209048975;14,949099058626258;53,040456977829635;47,77273745284946;43,94360308450416;25,313768821823675;10,342736603995696;51,79473894278807;41,66999816894531;1,1299999952316284;13,90999984741211;14,971430112426184;11,170000076293945;30,549999237060547;32,923775874161294;61,8451124387784;16,302554984160544;13,852729854361208;36,45907634393883;35,719224146804976;186450,0
2026-01-30;35,711204039081515;85,50080354785878;45,43424201883269;20,73721524633803;14,859761618506695;51,95759423627589;47,68615848202321;43,036733131425144;25,05965402209459;9,906836052474103;50,724848696646504;41,150001525878906;1,0700000524520874;13,5;14,809936503641827;10,420000076293945;29,979999542236328;32,4113047140244;60,248475279453615;16,380092041604414;13,628355489943006;35,697708539157034;35,522296502281606;183620,0
2026-02-02;35,01540756225586;83,50675287759827;45,17800747383287;20,698882180205842;15,068215754795006;52,047004142593615;47,77273704203845;43,26344903562187;24,873954655381244;9,787953900820037;49,6149598720624;41,15999984741211;1,0299999713897705;13,079999923706055;14,32545472402684;10,199999809265137;30,639999389648438;32,47898993687881;60,60328405901468;16,099015126971008;13,59908724769797;35,620605577853794;35,68171089627805;182890,0
2026-02-03;36,030895023880106;86,57077954684361;46,040405299927095;21,215813312560535;15,276669294088626;53,64646530151367;49,52356791697249;43,84502518704407;25,499470213598688;10,174320839446809;49,604961987354095;42,15999984741211;1,0099999904632568;13,260000228881836;14,895432455462332;10,4399995803833;32,16999816894531;33,01079783571452;62,08165341627618;16,263786168003175;13,852730501344368;36,21813658570056;36,15059535452747;187334,0
2026-02-04;35,429128538143864;87,14467319440085;45,060412523585306;20,544426603977183;15,316373995031169;53,10006599000799;48,74435020675513;42,24815886927155;24,844632287222915;10,075252200424524;49,724947119419326;41,279998779296875;1,0099999904632568;12,819999694824219;14,7719379721364;10,430000305175781;31,950000762939453;32,83675351295676;60,051356881170285;15,93424518703021;13,599088015637404;34,627930245499556;36,02868018949312;185671,0
2026-02-05;35,36330657096649;86,50269043469063;44,962404507132575;20,400558967556332;15,405712249077242;52,92124084733345;49,619768811229484;41,84400760695177;24,6784796761628;9,847394958309847;50,89483064044938;41,25;0,8700000047683716;12,5;14,87643366895065;10,270000457763672;31,489999771118164;32,67237520609276;58,61241406381702;15,779168916073745;13,60884497084905;33,991848344609345;36,69449161768563;184017,0
2026-02-06;35,04361751892918;85,17007671950444;46,00120493570401;19,85386125709689;15,455343011783668;52,454321180148334;49,39851060570172;41,33143276239674;23,994324261049645;10,104972839355469;51,014816896691244;40,93000030517578;0,8700000047683716;11,989999771118164;14,790935842340508;9,960000038146973;31,540000915527344;32,682042045928604;59,86409864542393;16,56425011218692;13,9015073367011;33,29793969340881;36,656989861648356;183262,0
2026-02-09;35,212864823168125;85,28680642650686;47,43201502454727;20,084049330866065;15,385858168988731;53,537188452879654;49,92760682005014;41,61729225789337;24,37549773133862;10,867799758911133;51,33478546142578;41,54999923706055;0,8700000047683716;12,029999732971191;14,885933224854966;9,920000076293945;31,559999465942383;32,62402924751625;59,40087655530981;17,155484545137778;14,233193397521973;34,67612075805664;37,35092623371941;186460,0
2026-02-10;35,33509918080941;85,34516524551742;48,206211210343156;20,314237459468014;15,673723397188475;53,62659192431287;49,292690903630294;41,82429621160229;24,84463403666406;10,927239754402871;52,074712529132206;41,81999969482422;0,8500000238418579;11,739999771118164;14,743438644102788;9,869999885559082;31,510000228881836;32,79807329118968;60,2386171388634;17,087634651506498;14,467323159394093;35,37002565143679;38,344950458227466;186959,0
2026-02-11;36,16252666849371;87,85474508342786;48,67660580456378;20,717069913436536;15,832545388076236;53,626593255488714;49,619771531160644;42,04115251542088;24,649158951542976;11,056029195882962;57,93411534828703;42,34000015258789;0,7900000214576721;11,550000190734863;14,705439600575035;9,680000305175781;31,600000381469727;34,02606388021748;59,21361605158123;17,136098264444716;14,672186851501465;35,76516736584254;40,19232829756431;190561,0
2026-02-12;35,777019468562145;89,119267467514;48,11800448400227;20,736251575549474;16,64650686490817;53,7160085645991;49,90836519213737;42,10029188004534;26,281359537181505;11,016401386722132;58,67404003353048;42,15999984741211;0,7900000214576721;11,359999656677246;14,695941601623474;9,739999771118164;31,43000030517578;33,80367444412541;58,602554158428504;16,951942900497805;14,555122480833806;35,60133088004115;39,423376894197794;189990,0
2026-02-13;34,9401851583712;85,73425221830468;47,10860883692391;20,256689663965606;16,28915662897335;54,16305651798345;49,696728708689825;42,0510139465332;25,010782777096;10,263482131844452;58,8040294214422;41,34000015258789;0,7300000190734863;10,710000038146973;14,59144436925844;8,800000190734863;30,889999389648438;32,8657589722135;58,730682373046875;17,06825183790603;14,30147971718517;33,799095479995046;39,057648893518326;187766,0
2026-02-18;35,1564486341667;82,82586354582905;47,451601361645906;20,30464732678483;16,368568616800125;54,17299067389421;50,45670769685322;42,977590592827404;25,23558235168457;10,322923031776945;58,434062896627054;41,220001220703125;0,6800000071525574;10,5;14,828934357501742;8,829999923706055;31,81999969482422;32,749727893247076;60,268186115871764;17,203945059696437;14,36001428519752;33,86655807495117;38,776319842732626;187657,0
2026-02-19;35,95567078211352;82,04769878714946;48,18660137356438;20,62115616267207;16,160116788045375;53,6464624344393;50,437469482421875;44,002742767333984;25,988150179481607;10,729103826603382;57,8241285840486;41,33000183105469;0,6700000166893005;11,050000190734863;14,914431260086552;8,640000343322754;31,760000228881836;32,60469055175781;60,958091735839844;17,39779316878822;14,525856088466211;34,52191941502755;38,83258270646311;188687,0
2026-02-20;35,70180130004883;84,4405517578125;48,30420464017647;20,956852357990947;15,981441008659143;52,25562702608738;50,985807059363125;44,73218059862824;26,535475329740624;10,768730329789761;57,12419819164721;41,7599983215332;0,6299999952316284;11,039999961853027;14,895433107036585;8,75;32,16999816894531;32,86576187262493;61,51986979624807;17,630410770597585;14,7502315698369;35,408576952972815;38,42934984719059;190727,0
2026-02-23;36,90534089247704;85,90933889578776;47,91220592642666;20,860936829833772;16,20974633173149;52,086744427208245;50,60100494295806;44,357605788881735;26,711401996587476;10,768730664730626;56,99420928955078;41,93000030517578;0,6299999952316284;10,470000267028809;14,771938937244965;8,5600004196167;31,940000534057617;32,63369615834144;61,44102542091568;17,426867542594483;14,642922132980923;35,37002678236555;39,52652362040975;191003,0
2026-02-24;37,29084638384156;86,28868865381735;47,38300815359751;20,63074793585473;16,45790672302246;51,86818316545219;50,37974556810708;43,81545880529774;26,982034095870112;10,441805601878633;58,844020118417085;42,439998626708984;0,6600000262260437;10,489999771118164;15,17092322362812;8,710000038146973;31,809999465942383;33,51359602936905;60,37659906441025;17,75640886379933;14,545366245229214;34,49300765991211;40,233423010353874;191781,0
2026-02-25;37,58232932974806;87,86447964879457;47,530008671870746;20,707481391131246;16,517464045602974;51,08335685656237;50,37974691405023;43,076161944744065;27,40578517928171;10,174321403201853;59,313975597626936;42,68000030517578;0,6600000262260437;10,579999923706055;15,436913158644934;8,699999809265137;32,06999969482422;33,05914291370261;60,94823755961792;17,969641407860315;14,574632706849197;34,83995915829015;40,15823005436567;192624,0
2026-02-26;37,422484211644615;86,94040543813797;47,1870056567186;20,506060783705646;16,47775925213238;49,66271621464555;49,783309319770304;41,518718486820234;27,32694973136394;9,599724221284127;59,64394441638101;42,900001525878906;0,6600000262260437;11,180000305175781;15,341916382855878;8,729999542236328;32,099998474121094;32,70138286151282;61,73669758986298;17,795179562499264;14,418545080825185;33,67380558033543;40,318026009932126;191978,0
2026-02-27;37,86440658499037;87,05712977990574;46,66760640898239;21,004806017491816;16,39834745021905;49,473958499400744;50,38936933061914;40,868141321953715;26,853925461383728;9,560096084962412;59,11399530355843;42,720001220703125;0,6499999761581421;11,119999885559082;15,303918475308567;8,619999885559082;31,3799991607666;32,585348449396015;61,35232371487012;17,7951786436391;14,242948167996873;33,02808803778338;40,86325155843414;191005,0
2026-03-02;39,04913787608726;86,72641324331465;45,421063895946645;20,486879237597922;16,080704407130536;48,97723422655186;50,26430712435463;39,7739812905625;26,58784941854611;9,262891725557282;58,67403980598581;41,97999954223633;0,6800000071525574;10,420000076293945;14,914432554661886;8,510000228881836;30,690000534057617;32,44998304457844;60,80039924779721;18,056869385267632;13,86653221164582;32,517295918458075;40,53423254008886;190110,0
2026-03-03;39,49105996135744;82,98149603807671;43,98970014893407;19,679591030476217;15,465269834317462;47,86456806660478;48,27297629406227;39,27126601199919;25,975485696781675;9,084569252151091;58,41406394031994;41,060001373291016;0,7099999785423279;10,3100004196167;14,420451459454272;8,180000305175781;29,639999389648438;31,396034822033357;58,14919061885588;17,320254183028336;13,38770173486001;31,736648710509716;39,31219108741221;189602,0
2026-03-04;38,71064418757674;83,29275935713433;44,597543215017915;19,8619872774164;15,723355104267757;47,90430718720885;48,773215378382766;39,330411937196416;26,15333125882711;9,461028687209016;57,39417283034233;42,099998474121094;0,699999988079071;10,359999656677246;14,657941772549954;8,09000015258789;30,420000076293945;32,22759011205481;59,80496445191981;17,717638964578427;13,632003576879287;32,2859916478443;40,43082064565731;186306,0
2026-03-05;38,33453828250097;81,99906563883562;44,11715706409455;19,573993913831337;15,44541657810664;47,15921648757278;47,52262086506367;39,42898595585176;25,61979265610862;9,500656486291655;57,13419462086025;41,75;0,6299999952316284;10,029999732971191;14,420451460777635;8,0;29,6299991607666;31,86982666609096;59,09534653148184;17,707949454037703;13,524511152420489;32,15106451231378;40,233425569885775;185366,0
2026-03-06;40,54415822998573;78,9836693147015;42,7348161750903;19,036405641780945;15,227037059600667;47,04000535171158;45,49280878913463;38,24611104251716;24,859003826386985;9,39168039903067;56,074306946091774;40,68000030517578;0,6000000238418579;9,899999618530273;14,486947995631049;7,550000190734863;28,459999084472656;31,06728172302246;56,54269432654473;16,961636458681948;13,10431265478462;31,14875267628245;39,39679434915883;181091,0
2026-03-09;41,62546097954569;77,91369519411445;42,43089618956814;18,950007284792697;15,445417160448578;46,930722329115746;44,54043072957801;38,53197337372879;24,730560644311854;9,43130874633789;55,24438865333597;41,0;0,5600000023841858;9,569999694824219;14,068965880584296;7,300000190734863;28,149999618530273;31,521732307974876;56,286445996715955;17,000403553773996;13,162944697135366;30,589773287046597;39,312192770449414;181952,0
2026-03-10;40,525352093426974;78,7794086403539;43,33285070050989;19,439596137271582;15,60423864562094;47,63607658303757;46,512522657606475;39,32055397131857;25,20481735662331;10,253575824132389;56,024309364122;42,5099983215332;0,550000011920929;9,760000228881836;14,72443897540291;7,380000114440918;29,170000076293945;32,08255022373769;59,0559215641915;18,008410187356734;13,45610669519899;31,49570677605008;39,885609513240446;185324,0
2026-03-11;42,199024983343875;78,73077734068518;43,568131856033;19,45879931680586;15,435490992893918;47,268496020246985;46,05076337106661;38,295395924224074;25,362902009209918;10,21394861789357;55,16439365358605;42,380001068115234;0,5600000023841858;9,609999656677246;15,018928834852726;7,329999923706055;29,149999618530273;31,59908716235269;58,19846878919284;17,853331554709936;13,465878064358513;31,45715753859804;39,274587409681125;185714,0
2026-03-12;43,33673871463979;77,59270398362864;42,37207881820619;18,806010425507075;15,137699601006902;46,493599192369544;44,11715277914175;37,53639361918509;24,947926193242207;9,896929098067334;54,554458508996674;40,880001068115234;0,49000000953674316;9,59000015258789;14,695940962556287;7,010000228881836;28,010000228881836;30,90290107926907;56,67082078823751;17,242714098678736;13,065224542502012;30,51267112589488;38,43796096339506;183992,0
2026-03-13;42,63154623598269;78,29305390175858;42,4995239836247;18,863607195454815;15,117846508218161;46,583015300296616;44,146012455051164;37,220958836276715;24,38474823275434;10,233761540557827;53,76453837287802;40,97999954223633;0,49000000953674316;9,430000305175781;14,752937957927033;6,179999828338623;27,920000076293945;31,11562546231496;56,030190886721286;17,058557580196076;13,231349904676012;29,722387635103395;38,8985756852118;180996,0
2026-03-16;43,24271482859241;78,01096735431524;42,61717149956682;18,700412130103935;15,207183100258879;46,910853149020625;43,54957210582848;37,04353025561502;24,048815229957718;9,92665061436368;53,984518573277825;40,959999084472656;0,5099999904632568;8,960000038146973;14,87643366895065;6,139999866485596;27,40999984741211;31,086618355981845;55,9119239796185;17,058558917695652;13,23134952662331;29,876589091969272;38,80457415094747;181255,0
2026-03-17;44,43685004809125;77,53434624691681;42,528939130451114;18,43161637606491;15,078140561168551;46,96052791757282;44,28068909868005;37,12238811497754;23,900608925949363;9,837488805229597;54,09450394557612;41,40999984741211;0,6100000143051147;8,949999809265137;14,743439963486502;6,510000228881836;27,649999618530273;31,154304450323757;56,47370413790616;17,54317757249706;13,260664467603965;29,635649112236948;38,73877205396339;182800,0
2026-03-18;44,3334199399706;76,52273222486589;42,195603666667886;18,172423145928402;14,949099607068083;46,44392934231925;43,13591160084328;37,05338644229209;23,554796134526597;9,124196233698045;53,65455139588184;40,77000045776367;0,6399999856948853;8,539999961853027;14,629443513410589;6,269999980926514;27,809999465942383;31,009263347032874;55,961204027895;17,039174387280095;13,280208938876878;29,27905698796098;38,61656576915384;181551,0
2026-03-19;45,25487711389892;74,6162245791354;41,76423705360491;17,990026082043485;14,661234855651855;46,51347453558182;43,37641196785099;37,12238811497754;23,446111916101756;8,817083397094507;52,49466804260432;41,68000030517578;0,5899999737739563;9,729999542236328;14,477448450026245;6,28000020980835;27,610000610351562;31,26066606750472;54,798216559751275;16,622400893128912;13,211806025683892;29,04775438736165;38,79517849529098;181251,0
2026-03-20;44,42744764167003;74,60649736630313;41,783064784629616;17,96122524036306;14,641382165367915;46,22537135523239;42,520237610670975;36,78723983483765;23,17934091835881;8,698201816984595;51,11480702717914;41,279998779296875;0,5799999833106995;9,399999618530273;14,372953086659153;6,099999904632568;27,049999237060547;31,009263434219093;53,792931949907214;16,254092495103457;13,129855088670682;28,88391344064551;38,30636009112456;180305,0
2026-03-23;43,42136780001158;76,27955527885045;42,6430391772497;18,508417206439365;14,720793078811777;47,60068624954863;45,656344585834184;38,393970073842034;23,99941284413174;8,797270514656061;51,78474225981442;41,849998474121094;0,6000000238418579;9,970000267028809;14,933432558015285;6,619999885559082;27,219999313354492;31,367023368874992;55,63596380207358;16,893789413976872;13,474859372046767;29,298332359206494;38,635370300178046;182973,0
2026-03-24;45,08563030824563;76,26982830489568;42,316843597952015;18,182025909423828;14,651307768548028;47,401559331546196;45,117627127627536;38,44325790085521;23,67336011555765;8,727923126381356;51,61475762274911;41,630001068115234;0,5600000023841858;9,75;14,942930893536372;6,579999923706055;27,3700008392334;31,038268943687605;54,93620365451333;16,845325469970703;13,336857746545286;28,941741927909437;38,757569916934045;182649,0
2026-03-25;44,70952236918383;78,05960630887125;42,99889400327799;18,681210085635865;15,008657093924015;48,75560888443631;46,714544035570256;39,68527046638449;24,029052329784808;9,084568687083829;52,06470930140558;42,56999969482422;0,5699999928474426;10,220000267028809;15,28349256073152;6,690000057220459;28,719999313354492;31,57008123902284;57,05519444200879;17,746717488505965;13,642433857677647;29,558548315295056;39,255787878960284;186401,0
2026-03-26;45,574570378936734;77,4176199932311;42,34650109918356;18,431619343751493;14,939172969780328;48,13831872399166;45,386987856064685;38,62069028988308;23,51527322987741;8,817083624863415;51,54476175157928;41,529998779296875;0,5600000023841858;10,229999542236328;14,84021256985863;6,659999847412109;27,979999542236328;31,231654935375374;55,68524045273545;17,688562525720226;13,445288289829996;29,067030299919647;38,6374909355024;185424,0
2026-03-27;46,48662274025666;77,73861430470001;41,32836482108371;18,057226689607717;14,889540480178887;47,47125674732688;44,04019047809998;38,11831278559518;22,714964247173068;8,371276066556085;51,17480200554387;39,88999938964844;0,5600000023841858;10,0;14,70530346817208;6,46999979019165;27,329999923706055;30,980257841504407;53,99004242825819;17,271790060763756;13,198856436305874;28,83572802639087;38,09143919731104;183351,0
2026-03-30;47,66194994758826;78,8474961511744;41,57548091353564;18,038024364784008;14,810129418131268;49,54214919444451;44,67222350722049;37,94014810733691;22,794007556581313;8,242487376195186;50,91482702722476;39,9900016784668;0,550000011920929;9,9399995803833;14,628210661336047;6,389999866485596;26,6200008392334;30,922240654976783;53,81264007389518;17,05856089469397;13,277715165270816;28,710439822577;38,01612292209159;184414,0
2026-03-31;47,530315255895594;80,48164256713127;43,137278855982146;18,470016994173957;15,147626668776716;51,12518611777178;45,98610966645759;38,8903839068992;22,94221137329236;8,757642911963062;52,07471163531658;41,18000030517578;0,5600000023841858;10,449999809265137;14,522208506788502;6,380000114440918;27,8799991607666;31,879496088526153;55,7837987260776;17,921179553131655;13,780433654785156;29,616373106961905;38,872849315748645;187508,0
2026-04-01;45,19846066104654;81,74615728614027;43,78821512299555;18,84440925034993;15,366005324650253;51,423875744116124;47,79636226759014;39,58326550643028;23,515273525433166;8,935967060658106;52,324686468037825;41,31999969482422;0,5400000214576721;10,550000190734863;14,792031229804651;6,579999923706055;28,719999313354492;32,02453453305718;57,912650751175725;18,49019538376327;14,135295911845308;30,43557000300813;39,37182690223857;189131,0
2026-04-02;46,50542824941413;81,48352783294365;43,52121697386973;18,622568946709443;15,296521361350353;51,26457493646804;46,394874572753906;39,54366962333645;23,248506333120506;8,797270813012021;51,69474932366703;40,86000061035156;0,550000011920929;11,149999618530273;14,512572841839582;6,510000228881836;27,860000610351562;32,59501894590811;56,92706941560527;18,217707102987738;13,997293295254543;30,233181029633066;39,2965094230536;189251,0
2026-04-06;46,072908033289664;81,92124429485193;43,254219622794814;18,622569038492966;15,445417032397561;50,687111546442644;46,93016796493405;39,84062023252851;23,396709339605742;8,916152561945582;50,984821243110055;40,70000076293945;0,550000011920929;11,350000381469727;14,425844208338535;6,539999961853027;27,760000228881836;32,440308951569314;57,370582111133864;18,2371693278207;13,819863703402735;30,39702055241992;39,07056267113898;189220,0
2026-04-07;46,59945440629657;81,41543765299025;42,98721649037172;18,747087478637695;15,366005897521973;50,51785930104742;46,10290284465071;39,513973236083984;23,208983222155428;8,856711365114338;49,3849838359664;41,380001068115234;0,5400000214576721;10,800000190734863;14,319842426306678;6,420000076293945;26,729999542236328;32,31461047484821;57,547987193777765;17,81870729220188;13,760719596164005;29,934416031012102;38,69397156510859;188259,0
2026-04-08;43,853882717489455;84,35300698176675;45,22211238671116;20,05479832709521;15,911957087968622;52,668399040577754;49,89858222517725;41,8697702728103;24,503310439271367;9,431308458875774;47,57517094468173;43,97999954223633;0,550000011920929;12,039999961853027;15,187127064414405;6,809999942779541;28,389999389648438;33,600620975815154;61,7169871368937;18,7918766549657;14,440870632275624;31,380056954222653;40,2003106703295;193759,0
2026-04-09;45,64978907609915;83,20521602702604;45,44955673984435;19,87913566676618;16,13033665713982;52,63853210844182;49,26596451413651;41,21648001530579;24,592233131420926;9,163823716548555;48,09511448355119;44,15999984741211;0,550000011920929;11,9399995803833;15,408766518490378;6,860000133514404;28,350000381469727;33,98739350209424;62,68285317721244;18,762681715527137;14,628157751239394;30,840349191523927;40,57689626602666;195514,0
2026-04-10;46,10111618041992;84,0320124434006;45,86490044909724;20,142630050502355;16,219672421184143;53,10647610104039;49,44115165104301;41,632206937958394;24,75031832024525;9,38177387788291;48,27509373229976;45,0;0,5899999737739563;13,380000114440918;15,630406673112702;6,909999847412109;28,59000015258789;35,44744746146592;62,761702615842985;19,210339464217725;14,73658696587287;31,216215261050845;40,68045634918332;197554,0
2026-04-13;47,2388326163809;84,97554016113281;45,52867357721217;20,210939270071915;16,07077824343299;52,64849072629863;47,75743055095286;41,40455012827009;24,53295178283103;9,282705278405746;47,795143127441406;44,7599983215332;0,6000000238418579;13,489999771118164;15,370220998661532;6,53000020980835;28,200000762939453;36,1242963447358;62,939106673274544;18,889194231423424;14,539442309932742;31,04273996404406;40,595723930027994;198173,0
2026-04-14;46,68407626509627;86,12333215365325;46,319780139677846;20,464678900389398;15,90202920590221;52,12080975589958;49,723395548411;42,948681138657555;25,185056793286567;9,3817737801908;48,64505871276397;45,099998474121094;0,6100000143051147;13,289999961853027;15,418403516337774;6,820000171661377;28,549999237060547;36,94617714099284;63,372763530162565;19,210338496397373;14,73658731511161;31,331867529320576;39,9367004091444;199355,0
2026-04-15;45,22666898616259;86,64859283104832;46,88345634185277;20,47443557318071;15,822618121335775;51,87190234920693;50,5506591796875;40,36522410871403;24,9874491159545;9,332240043188708;48,73505317790383;45,43000030517578;0,5899999737739563;13,050000190734863;15,148581641135557;6,739999771118164;28,110000610351562;37,60368776426359;63,4023323059082;19,33685295605092;14,845017320364908;30,94636560442501;39,475385871132666;199233,0
2026-04-16;45,77202631671756;86,95013248967896;46,94278867418428;20,679377465871926;15,465269809767628;50,03000176547967;51,076215639132144;39,93960242395906;24,364985598719894;9,352052592501028;48,14511298663831;45,75;0,5799999833106995;13,050000190734863;15,187128073561095;6,920000076293945;27,959999084472656;37,52633364664611;63,668434631425;19,580144913138763;14,86473131480087;30,95599980703589;39,38123851762839;198587,0
2026-04-17;43,76926181138234;87,30030822753906;47,368016975410654;21,069737995238018;15,653871027785522;49,731319556466566;51,92294044321929;40,21675197094909;24,602113520419298;9,669072741003538;48,65505815825451;46,31999969482422;0,550000011920929;12,949999809265137;15,196764686657069;6,929999828338623;28,360000610351562;38,05814124907214;64,55545622280903;19,784508020253995;15,022447147309022;30,975275366289644;39,39065534816722;198666,0
2026-04-20;44,6437057580638;86,9987711712774;46,50767309848599;20,757447897374995;15,356079608520892;48,80538652980102;50,94969384919787;39,5139739988667;24,236541653078252;9,322332254604035;48,095111886903545;45,5099983215332;0,5400000214576721;12,579999923706055;14,840212938186912;6,860000133514404;27,93000030517578;36,52073394002963;63,47132231951239;18,947582492178878;14,736587152446395;30,560859793620853;38,778708265937865;196724,0
2026-04-22;45,11384014003686;86,30815027679252;45,746227116631744;20,386601754778127;15,296521299214268;48,71578230103871;50,618784989034964;38,890384413612566;23,851206948355504;9,233170980242125;48,57506654054321;45,130001068115234;0,5400000214576721;12,779999732971191;14,637847137684194;6,789999961853027;27,639999389648438;36,2016444569741;62,86025833038402;18,66536627988904;14,598586648684531;30,40063414128635;38,55275664118606;196132,0
2026-04-23;45,84559016799903;84,79072522468991;44,61888992543358;20,054794790434855;14,889541026435671;48,835255759045346;49,44115050361316;38,34597655935748;23,16946124532431;8,935966966629591;47,46518033773775;44,16999816894531;0,5400000214576721;13,3100004196167;14,136748191111243;6,679999828338623;27,299999237060547;36,29833839178632;61,293187312956675;18,67509685786918;14,224010941831303;29,56733748304985;37,705440206397114;193347,0
2026-04-24;45,31161603924912;84,61563988802817;44,02555191631721;19,65467745166413;14,621527678473473;48,417096806675694;48,38030984077559;38,316280364990234;22,813770031090193;8,678388523624706;46,80524769945762;44,349998474121094;0,5299999713897705;14,170000076293945;13,886199935570346;6,619999885559082;27,40999984741211;35,8728929509919;60,356888219717206;18,558317020512632;14,03672279122077;29,35166039112313;37,94080919378424;191390,0
2026-04-27;45,93140395672619;83,94447277283449;44,065107282006;19,55708972061722;14,601676289047084;48,297617876977355;48,27324881860471;38,71221134675989;22,645802312901964;8,770000457763672;45,82534748076221;44,439998626708984;0,5099999904632568;14,199999809265137;13,866927627069932;6,579999923706055;26,959999084472656;35,67951045011689;60,504724025022924;18,529122040310796;14,076151540627533;29,47910493060134;38,025538027791356;191340,0
2026-04-28;45,80745344915728;82,97177437122303;44,11455217421613;19,17648560047442;14,522266310003554;47,78985269573817;46,46300814871113;38,22719349349877;22,38891285857324;8,609999656677246;45,4853818323866;42,95000076293945;0,5;13,069999694824219;13,568195273828469;6,420000076293945;24,719999313354492;34,644902351706264;59,41073219875167;18,04253830067565;14,007150984480791;29,018342078916373;37,021103196450845;189579,0
2026-04-29;47,00889562821822;80,6470019160327;43,521217339307164;19,039858626439518;14,452780727896986;46,585150599898974;45,8887879927493;38,06882207172465;21,8553741371353;8,579999923706055;45,605369461388214;42,459999084472656;0,47999998927116394;12,15999984741211;13,43328376712994;6,409999847412109;24,09000015258789;34,093749874579714;59,04606807687701;18,04253835174966;13,829720162197203;28,90069928713314;36,74728877435212;188710,0
2026-04-30;47,0851754825773;79,47002164051838;43,07622061578682;19,010581132702022;14,532191445293963;45,26097256757659;45,372960751746554;38,21730077966752;22,05298053155281;8,350000381469727;44,5;42,68000030517578;0,47999998927116394;12,84000015258789;13,259827159532625;6,349999904632568;23,75;34,16144021812253;58,82923858061997;17,77978089093732;13,731148062925307;28,694826909604238;37,26658805884468;187921,0
2026-05-04;47,53333637420405;79,13930965340869;42,7876744076828;18,912990621825966;14,51233872980222;44,922461572994926;44,97392702933213;38,049027370479145;22,092501646389486;8,34000015258789;44,09000015258789;42,779998779296875;0,49000000953674316;12,800000190734863;13,211645201786904;6,260000228881836;23,610000610351562;34,7802700985663;58,878521719793085;17,731123660911013;13,770578072730903;28,616398537676492;37,530960371790854;187666,0
2026-05-05;46,751443772172365;77,25225919035084;42,24354725896316;18,765883631833542;16,7159909022551;44,54412758941868;45,1004512385207;38,593436311237404;21,90477553772401;8,170000076293945;43,0099983215332;43,06999969482422;0,47999998927116394;12,289999961853027;13,539286613464355;6,340000152587891;22,989999771118164;34,07022906225465;57,82394567564505;17,57541585786236;13,514288493228081;28,439934495440866;38,18244080672372;187428,0
2026-05-06;45,283011721799;79,41166851545128;42,82724226597148;19,18594214766866;16,884739594487776;45,151452823567936;46,84257202533402;40,4246159481375;22,329629357405324;8,319999694824219;43,220001220703125;43,84000015258789;0,49000000953674316;12,399999618530273;14,724575878577443;6,78000020980835;23,969999313354492;33,85453470159798;58,710971331437776;18,091195006797196;13,681861955082338;29,02814534641509;38,135227040650946;188674,0
2026-05-07;44,48204995807408;79,44084864820171;41,422418860379985;18,463052843404853;16,91451965601191;44,8527668544054;46,8231076062045;39,593159623442695;21,855373291986712;8,170000076293945;43,56999969482422;43,63999938964844;0,49000000953674316;12,300000190734863;14,734212468565778;6,78000020980835;23,25;33,83492313319724;57,75495783258644;17,99387736217004;13,356572014996074;28,72423499551106;36,98333672279109;187779,0
2026-05-08;44,386693358173474;79,55757310114969;41,10584392841455;18,394672357069528;16,428125395327484;46,36611536394809;49,100513883543925;38,46475429828102;21,90477424617012;7,849999904632568;43,86000061035156;42,97999954223633;0,49000000953674316;12,670000076293945;14,628210168353204;6,880000114440918;23,309999465942383;34,51142701756159;58,326593281237884;17,867366610447853;13,44528808810079;28,31248883314832;36,936126902804425;185585,0
2026-05-11;44,34855049065248;81,63915829141877;40,670548488159966;18,11137688243439;16,37849385188176;45,08176274696442;48,22458818976773;37,76198034340346;21,588603256488835;7,210000038146973;44,220001220703125;42,290000915527344;0,47999998927116394;12,039999961853027;13,73201540225697;6,75;22,440000534057617;33,55059831651801;59,89366624737809;17,565683160745497;13,287571187346092;27,998777610943065;36,35074356412816;184530,0
2026-05-12;44,10063533331585;81,69752206487229;39,898883642068974;17,7792376613774;16,19982040865567;43,926838651050424;46,3462120275153;36,07926885598729;21,509560607129693;7,199999809265137;43,470001220703125;41,61000061035156;0,4699999988079071;13,229999542236328;13,616377988240657;6,650000095367432;22,440000534057617;33,07018299027401;56,54269528640955;17,195880822836006;13,070712308551256;27,430174143650593;34,679547726215254;181897,0
2026-05-13;43,70015704359685;82,72859057571831;40,136317798203635;17,837849054158664;16,17996649526476;43,30955483426766;44,64302412763951;35,86150322317251;21,19338831795437;7,400000095367432;43,349998474121094;40,880001068115234;0,4699999988079071;14,420000076293945;13,279099548175981;6,619999885559082;22,8799991607666;32,75644426903593;56,27658794289324;16,884468047863397;12,972140101012991;27,253711685156173;34,34909176568111;180513,0
2026-05-14;43,26152979834296;83,0787656871776;40,21546339762744;17,64247206924055;15,981441369020827;44,27531146925089;43,42645942742021;34,91127224573229;20,837694497044886;7,130000114440918;43,459999084472656;39,75;0,4699999988079071;13,579999923706055;13,394737463370085;6,730000019073486;22,549999237060547;32,55055201285129;55,350144219962246;16,504930473780256;13,03128392477018;27,00862492370094;33,97141908212714;179476,0
2026-05-15;43,42363061731584;81,22090148925781;39,62187660087574;17,329870148946434;15,77298704156575;43,309556439961504;42,02498084853552;34,673711460044004;20,472119454674335;6,840000152587891;43,0;38,779998779296875;0,46000000834465027;13,149999618530273;13,182735424945477;6,5;21,950000762939453;32,23681189468822;54,049177978835026;16,38815220643139;12,863710242322238;26,508647307055583;34,0091893203999;178341,0
2026-05-18;44,300877928481846;81,31816654369356;39,42401691594038;17,39825414735119;15,733281261918611;43,08056126490783;42,219631382339685;34,693506047587384;20,551163817028264;6,989999771118164;42,31999969482422;39,119998931884766;0,47999998927116394;12,970000267028809;13,308010466354647;6,440000057220459;22,020000457763672;32,070136577196415;54,2265838187727;16,466006226359042;12,804566121447461;26,4890395279615;33,62207054078652;177330,0
2026-05-19;44,14831420511526;79,06149159571837;38,998609794091244;17,251719145367737;15,792838892866055;42,23428113336494;41,62594906121167;34,31737228521389;20,274515275771325;6,670000076293945;42,0099983215332;38,400001525878906;0,4399999976158142;13,0;13,28873700552232;6,119999885559082;21,729999542236328;31,64854712537553;52,88619480299873;15,852909934261078;12,597563528254714;26,489040944738875;33,31993502973543;176973,0
2026-05-20;44,25320280701064;79,9661080587042;39,55262489556821;17,60340053629002;16,18989473032523;42,71218008751698;43,484857447026414;35,29730460793768;20,53140301269388;6,800000190734863;42,619998931884766;38,9900016784668;0,41999998688697815;13,4399995803833;14,252387623160951;6,170000076293945;22,549999237060547;32,276027079050955;54,30542669764668;16,62171057314293;12,883424002528884;27,11646359696013;33,6503975983564;178199,0
2026-05-21;43,528523313691366;80,61781775904178;40,0176019842726;17,67177772982817;16,428127064813356;42,642489754690935;43,66004217803585;34,742997020337185;20,79817275830009;6,789999961853027;42,58000183105469;38,38999938964844;0,4300000071525574;13,199999809265137;14,57039149985128;6,349999904632568;22,399999618530273;32,01131179027491;53,842209349921255;16,68983310782118;12,981997168370235;27,292925543983365;33,57486251364184;178547,0
2026-05-22;42,67034418037824;80,87072673367018;39,611982808809145;17,51547911567262;16,179965649649937;43,08056356953817;42,871710011535896;34,11940955175935;20,719129260010124;6,880000114440918;42,08000183105469;38,20000076293945;0,4000000059604645;12,640000343322754;14,792030931378688;6,739999771118164;21,969999313354492;31,91326635764283;53,684515611168294;16,582785184941898;12,824282084765217;26,930196867634674;33,244405254307814;177649,0
2026-05-25;41,78356303517637;81,30844116210938;40,0571731977736;17,652240753173828;16,289158613564695;43,32946772903148;43,94228737732774;34,426254705405526;21,41075621270504;6,829999923706055;42,099998474121094;38,61000061035156;0,4099999964237213;12,550000190734863;14,936579326766577;6,829999923706055;22,739999771118164;32,14857341585206;55,093894958496094;16,962321290497176;12,922853469848633;27,09685516357422;33,377700241169514;177512,0
2026-05-26;41,76449308087795;81,82397880493654;39,92855957294082;17,613166828847024;16,795402392925002;43,24981689453125;43,397263531000945;34,70340736736252;21,381114473948927;6,78000020980835;41,93000030517578;38,68000030517578;0,4099999964237213;12,600000381469727;14,695666070176353;6,820000171661377;22,700000762939453;32,01131171561;54,87706586243039;16,796881401567486;12,912996725338308;27,028231335189925;33,21120402037583;177816,0
2026-05-27;41,182840223977344;81,64888742259954;40,383643613880814;17,779235440735647;16,79540281680215;44,16578905115739;43,689239537338544;35,2874076372064;21,2427901405916;6,829999923706055;42,86000061035156;39,04999923706055;0,41999998688697815;13,039999961853027;14,946214718399904;6,849999904632568;22,799999237060547;32,32505220773054;55,66552900056793;16,816344942807476;13,001711639766272;27,224302697641438;33,759669803703865;177640,0
2026-05-28;41,17330806797784;81,7558899332916;40,01760481495694;17,789002408335485;16,527389725748293;43,80736791480207;42,42401390048116;34,79249169196847;20,92661828838648;6,710000038146973;42,4900016784668;38,95000076293945;0,38999998569488525;12,789999961853027;14,666757189898878;6,880000114440918;22,799999237060547;32,295635811887806;54,69966006339985;16,232444422076117;12,912997339045859;27,14587356827662;33,54373626824204;176627,0
2026-05-29;40,38187838334055;81,97960477585058;39,73070042904107;17,535018490108328;16,33878800194552;44,10605034523574;41,75247335348694;34,07981428456304;20,452362295799382;6,429999828338623;41,90999984741211;38,54999923706055;0,3700000047683716;12,529999732971191;14,551119693257085;6,909999847412109;22,68000030517578;32,45250701904297;53,704229792321186;16,193516806593504;12,834139008000953;27,057643624213686;33,307369232177734;175064,0
2026-06-01;41,0207417230308;80,00501501972903;39,649776076934735;17,398253484811203;16,447977984177303;44,66359818124803;41,100392385249364;33,91154160613695;20,30415356646072;6,070000171661377;41,93000030517578;38,849998474121094;0,4000000059604645;12,420000076293945;14,820940426778971;6,699999809265137;22,68000030517578;32,69761509153007;53,063600657644606;16,028079295462522;12,779259145694816;26,841963873993162;33,33691764792473;173975,0
2026-06-02;40,702458128113975;82,7577727376771;39,580496619196296;17,505117607472872;16,50753603558825;43,170166550643486;41,31450852440428;34,317368196051596;20,079842320721202;5,929999828338623;40,900001525878906;39,279998779296875;0,4000000059604645;12,430000305175781;14,96548831271922;7,300000190734863;22,850000381469727;33,31529188413246;53,03403495061878;16,212980867413123;12,83851476679705;27,126266863087395;33,524033948666684;174894,0
2026-06-03;40,5958057270851;81,50298210976575;38,897556449567226;17,23129750477716;16,199820123814373;42,264152729911466;40,21473454708799;33,52550752218804;19,77138189020396;5,550000190734863;41,25;39,810001373291016;0,4099999964237213;12,0600004196167;14,580027972683274;6,980000019073486;22,0;33,42314147949219;52,07802232121884;15,726397000315155;12,63112276090982;26,626289097125607;33,46494715840521;174192,0
2026-06-05;40,16919742384789;78,58486850260371;38,768887738510514;17,18239859706296;16,140263611163114;42,473234044802446;40,09794046768536;33,06028968303874;19,55247301977552;5,670000076293945;42,220001220703125;39,54999923706055;0,4399999976158142;11,390000343322754;14,522209400640945;6,599999904632568;20,899999618530273;33,81531798899295;50,27440688993619;15,259276841252815;12,552117050165867;26,518450121020276;33,346768059128365;170457,0
2026-06-08;40,06254674463931;77,11608243828516;38,67980844320246;17,123721183619253;16,110482937499448;44,16578992403017;39,494529815591314;32,73364568097747;19,24401185116732;5,539999961853027;42,15999984741211;39,31999969482422;0,4399999976158142;11,229999542236328;14,454753442066643;6,059999942779541;20,579999923706055;33,31529360021724;50,16599613670917;14,986789397532371;12,443483763524997;26,39100579377789;32,90358402142183;169646,0
2026-06-09;40,11102093823305;76,63945390571392;38,93714856083548;17,231297412879677;16,229599913083955;43,97661953944163;40,146603210397046;33,36713595525888;19,37336584288484;5,659999847412109;42,380001068115234;39,29999923706055;0,550000011920929;11,529999732971191;14,830577967110795;6,199999809265137;21,0;33,295682430430574;50,846044938610646;15,113301359926137;12,542241056972387;26,81255632994524;33,267978854863834;170601,0
2026-06-10;40,760634389334385;76,01692259334227;39,18458779640738;17,02593062308535;16,160114288330078;43,03078241929495;39,202548886434556;32,90192021702175;19,084805699891724;5,46999979019165;42,20000076293945;38,86000061035156;0,49000000953674316;11,470000267028809;14,377662124798244;6,269999980926514;20,68000030517578;33,16823002681767;49,840755729567356;14,870008815810573;12,492861253686845;26,665503451578573;32,86418882206024;169813,0
2026-06-11;40,8672894122746;76,89236152016979;40,20403621495805;17,358429693275042;16,5174617767334;42,60266117159585;39,981153863680454;33,99073077536648;19,462918618039357;5,380000114440918;41,58000183105469;39,060001373291016;0,4699999988079071;11,789999961853027;14,907668839083515;6,110000133514404;21,399999618530273;34,22709902501316;50,15613974847872;15,103570133782078;12,769383430480957;26,96941208357172;33,346763610839844;171927,0
2026-06-12;40,266154697498735;77,62188808521482;40,6989138812717;17,593132880390286;16,646507781091582;43,04073499476506;40,15633873527126;34,38666256572016;19,56242287890539;5,440000057220459;41,869998931884766;39,2400016784668;0,44999998807907104;11,930000305175781;15,0136698717063;6,159999847412109;21,850000381469727;35,23695213506653;50,69820684858871;15,161960288217038;12,947148014227315;27,106660181865617;33,573279795695896;172545,0
2026-06-15;38,705147899769486;80,48163964625257;41,06513202760871;17,866956837893845;16,696137984799613;43,767538949304196;41,333973004711645;35,03994735068564;19,87088345305125;5,46999979019165;43,150001525878906;39,72999954223633;0,4399999976158142;12,220000267028809;15,466585722531079;6,5;22,549999237060547;35,19773775615365;51,3289821626332;15,356592602028858;13,075532500984476;27,243910185613334;33,70130782467131;174228,0
2026-06-16;37,599843587766465;79,94665394096812;40,213935082248724;17,299755124483827;16,438050646914636;42,88143753058088;39,99088830802476;34,17879559730677;19,32361403562323;5,300000190734863;43,040000915527344;38,439998626708984;0,4300000071525574;11,470000267028809;14,753486165891248;6,289999961853027;21,75;34,638885525758674;50,313831009081014;14,772692734546569;12,700252532958984;26,694913186148103;33,07101058959961;170416,0
2026-06-17;37,67740817611155;79,11985023424026;41,20369687246377;17,58335227795243;16,58694719095229;44,19565528989931;40,79868459204022;34,29757535360572;19,7017272142131;5,119999885559082;43,4900016784668;38,279998779296875;0,4399999976158142;11,369999885559082;14,63784650523316;6,090000152587891;21,989999771118164;33,834924131992025;51,12200632368121;14,840814046885399;13,154538758825042;27,243910130421185;33,208888318275235;171878,0
2026-06-18;37,90040726109324;78,18605722819677;40,95626408982316;17,426883498820306;16,219674495777856;46,027599217880265;39,83516638858842;33,159272903786565;19,602225559664966;4,800000190734863;43,959999084472656;37,52000045776367;0,46000000834465027;11,020000457763672;13,992201569200137;5,659999847412109;21,420000076293945;33,550599997311274;50,81647875765075;14,325035330188927;13,026153504827684;26,90078759756383;32,73616740605583;169542,0
2026-06-19;37,91979954542937;78,85722489755935;40,31693154345939;17,201957836868772;16,18989311290172;45,99773566060763;39,25121859066708;33,25825500488281;19,53257093088825;4,650000095367432;44,369998931884766;37,06999969482422;0,4300000071525574;10,699999809265137;13,847654119177825;5,260000228881836;22,190000534057617;33,60942390196901;50,382821961904824;14,16932839952635;12,926034469826337;26,351789474487305;32,184647854713205;168787,0
2026-06-22;38,01675754274723;79,35330227906647;40,96608136434061;17,4268851739036;16,25937888585037;45,7051676518341;40,25366390895426;33,8422552533068;19,65197684315097;4,840000152587891;43,349998474121094;37,720001220703125;0,4300000071525574;10,789999961853027;14,387298234590268;5,429999828338623;22,110000610351562;34,187880763607446;51,84147912475445;14,461278310908746;13,015867957504048;26,55766418970618;33,100554880919645;170750,0
2026-06-23;38,365800450057776;77,79697753844596;41,32560455322369;17,53445827572595;16,354422183168587;46,044462583464224;40,70135692629672;34,11940529236838;19,801231224017787;4,639999866485596;41,95000076293945;38,2599983215332;0,4300000071525574;10,720000267028809;14,050020582645294;5,420000076293945;21,690000534057617;33,77610017553163;52,2554258011122;14,58779000700883;13,06577545916651;26,479237226462786;33,93767081092191;171720,0
2026-06-24;37,793756380330514;76,707545191982;41,42547324312224;17,602912699732634;16,444008552225235;46,513492584228516;41,09066172720732;34,34706972513304;19,960436403215944;4,480000019073486;42,20000076293945;38,279998779296875;0,4399999976158142;10,529999732971191;14,245770213644297;5,260000228881836;22,709999084472656;33,62903370892074;53,0833127895931;14,704570948032977;13,105701215017742;26,400809422089875;34,25281545888279;171342,0
2026-06-25;37,49319058551124;77,0577207511841;42,05464829298978;17,67136823929025;16,41414609456066;47,271918438077385;41,71353843357162;34,742998365428434;20,149495256552196;4,510000228881836;42,66999816894531;39,560001373291016;0,4399999976158142;10,420000076293945;14,510123745856106;5,130000114440918;23,270000457763672;33,64864323695845;54,19701619275533;14,884682225872744;13,385182898306418;26,312576952765482;34,27251473528072;173277,0
2026-06-26;37,08597285952243;76,7269927225348;42,484083658933464;17,70070669873561;16,682904523616013;47,22202315071929;42,32669171179838;34,84875341765805;20,348502655905044;4,570000171661377;41,849998474121094;40,0099983215332;0,4300000071525574;10,380000114440918;14,666778341352439;4,869999885559082;23,59000015258789;33,8055116502918;54,30543021747539;14,86492893383338;13,564850555452553;26,145918230791807;34,50887921401673;173964,0
2026-06-29;37,20232070780441;76,41573064230857;42,55398972331529;17,847400143161366;16,77249137700653;46,80289189570864;42,306949267049525;34,74923839096788;20,308699942077645;4,710000038146973;40,2400016784668;39,9900016784668;0,41999998688697815;10,369999885559082;14,833223343490108;4,760000228881836;23,479999542236328;33,77609801475878;54,118171300210136;14,805666508002767;13,554868287170063;26,29296875;34,42252217410999;173892,0
2026-06-30;37,01810266964966;76,15310046344699;42,46411074007721;17,769163867697063;16,42409999845445;47,042393340742144;41,360881967344135;34,59997591221736;20,069891811127388;4,739999771118164;39,95000076293945;39,290000915527344;0,4099999964237213;10,489999771118164;14,598242052473756;4,659999847412109;23,1299991607666;34,1976875468077;53,8224955200474;14,450093796276835;13,48499844905026;26,273361206054688;33,91920446863176;173205,0
2026-07-01;36,68845076581837;76,76590210792816;42,76217113803032;17,81805880977705;16,314605283619926;47,03241645791906;41,04552614808821;34,97811642511461;19,890784135320548;4,690000057220459;40,75;38,900001525878906;0,4099999964237213;10,550000190734863;14,637406110417546;4,690000057220459;22,969999313354492;33,923162609359196;53,507109532752544;14,410585449795034;13,504960758075995;26,381201463601112;33,87973386124771;172098,0
2026-07-02;37,289582096372;77,15499292455756;43,1218572556583;18,04228790403545;16,404191761095486;46,353824121408884;41,42000751394327;35,545327893694534;19,920637046449336;4,590000152587891;41,209999084472656;39,79999923706055;0,4099999964237213;10,859999656677246;14,901760576673441;4,849999904632568;23,469999313354492;32,35446393838014;54,216725505500364;14,558740348076034;13,624738619768593;26,62628936982568;34,165926449673485;174426,0
2026-07-03;37,08597183227539;76,88263298919483;42,85209369103572;18,00312839325763;16,374330757889066;46,80289472605007;41,25248009116886;36,22200302765021;20,17934675475796;4,449999809265137;40,9900016784668;39,790000915527344;0,4000000059604645;10,699999809265137;14,823433396101551;4,829999923706055;23,700000762939453;32,09955099504561;55,46841314871471;14,805666240431188;13,57483196258545;26,567467907645202;34,935696094725685;174664,0
2026-07-06;36,86297073252281;76,6297242397425;42,632288042910105;17,902106954680743;16,025940747325194;46,45361554456677;40,611911632011235;35,43586749623064;19,77138096144125;4,460000038146973;40,790000915527344;39,29999923706055;0,4000000059604645;10,5600004196167;14,431796808291486;4,900000095367432;23,309999465942383;31,83483221012353;54,837643213326295;14,509355178385396;13,524924617360728;26,479237009264082;34,31395976254008;174058,0
2026-07-07;37,59014654852972;75,4819367344919;43,14183900156168;18,111661028128186;16,045848881266107;46,333866296146915;39,961488171605005;35,11743291788117;20,000238783660148;4,46999979019165;41,40999984741211;39,29999923706055;0,4000000059604645;10,479999542236328;13,922670122024524;4,800000190734863;22,81999969482422;32,30544434430901;54,9657672203586;14,697019525655564;13,604776699933634;26,410613253256127;34,49160205404365;173544,0
2026-07-08;38,54032231063853;73,16689697027054;42,2925913277541;17,75242281607932;15,667596043365466;45,884796329585484;38,46354728457514;34,6795804778692;19,602225559664966;4,510000228881836;40,97999954223633;38,9900016784668;0,38999998569488525;10,199999809265137;13,511451478022442;4,739999771118164;22,0;32,236813033231215;53,418411025132755;14,28218385411914;13,42510904217285;25,53810091343536;34,333700739446314;172018,0
2026-07-09;38,76332572125498;71,48411285757365;42,71221515053723;18,011872536893254;15,717366564560773;45,84487703170311;39,27164828209154;34,978118896484375;19,96043753126087;4,869999885559082;41,290000915527344;39,689998626708984;0,38999998569488525;10,210000038146973;13,854132652282715;4,849999904632568;22,329999923706055;32,099550732497214;55,074184220388304;14,618002941600063;13,604776746022715;25,822402506418403;34,2547453627213;172933,0
2026-07-10;38,75362842270475;72,62218288665875;44,300810745497245;18,83014283278601;15,916445744410057;46,703096738483815;40,72031400433145;36,23195289688187;20,567411054958825;5,300000190734863;41,869998931884766;41,029998779296875;0,3700000047683716;10,670000076293945;14,529706479674896;5,199999809265137;23,459999084472656;32,923118591308594;58,247746704279294;15,339026086733762;14,163739386368;27,07724952697754;35,47848260585769;177866,0
2026-07-13;39,67471633439466;72,15528749878527;44,600545926207005;18,959866113681226;15,956262883198518;46,39374222160605;40,63161970486691;35,81400980770744;20,567409638234363;5,269999980926514;42,040000915527344;40,970001220703125;0,36000001430511475;10,720000267028809;14,27514194055336;5,400000095367432;23,020000457763672;33,14861922886783;58,0407755321602;15,240256039410824;14,193684378126958;27,33213938612424;35,42913902729646;178154,0
2026-07-14;40,052850918810734;72,65136917235837;43,96111404545619;18,949886919623875;15,926399749257856;44,68727946111669;40,06989463587469;36,13244517068704;20,537559309269433;5,190000057220459;41,650001525878906;41,09000015258789;0,3400000035762787;11,1899995803833;14,040160891237214;5,360000133514404;23,040000915527344;31,991702740263378;57,79438262378801;15,299517525774622;13,964109758735054;27,136070471748585;35,22189524408793;177179,0
2026-07-15;39,558367577333435;72,95290377245954;43,58144680057745;18,64054184386606;15,657641649168058;44,27813070284634;40,06989512932857;36,3215136329617;20,627112605642395;5,130000114440918;41,93000030517578;40,970001220703125;0,3199999928474426;11,170000076293945;14,010787717667945;5,25;23,020000457763672;31,001459167089727;57,3607289123613;15,655091168217224;13,964109966039256;26,832162918270992;35,18241925273578;176663,0
2026-07-16;39,61654559870285;72,05801147097176;43,191793278773396;18,500839293302374;15,637733860873935;44,25816803403275;39,66584270941274;35,84386335825788;20,716665022532702;5,059999942779541;42,18000030517578;40,290000915527344;0,30000001192092896;11,010000228881836;13,854133137560984;5,199999809265137;22,530000686645508;30,0014129664614;56,276588752677725;15,52669033540084;13,92418434718945;26,51844870201769;35,24162988864707;176011,0
2026-07-17;39,85893520563011;71,12422209692747;42,57233961749259;18,44096294088244;15,677550497603825;43,92885326992111;38,23688662276237;35,77420454507727;20,726616419755576;5,03000020980835;42,619998931884766;40,0;0,30000001192092896;11,470000267028809;13,364587069984296;5,110000133514404;21,920000076293945;29,805324431816157;55,98091603836619;15,180993985792755;13,744517823074021;26,4302181297871;35,48835442607543;174505,0
2026-07-20;40,1788922153685;71,25066848684595;42,49241147633775;18,470901976424873;15,757182181245273;43,69933230149602;37,82298647587141;35,7642512384752;20,438057344483575;4,980000019073486;42,029998779296875;39,720001220703125;0,28999999165534973;11,630000114440918;13,237306352009181;5,119999885559082;21,809999465942383;29,932782072664274;55,72466592456384;15,240256257981457;13,724554195743647;26,685109072127847;35,46861139742466;174311,0
2026-07-21;40,43098025710468;70,97831321474447;42,54236760913427;18,600626621790198;15,826860104554799;43,25026237205743;36,965609143647015;35,246792419505475;20,7763671875;4,960000038146973;42,0099983215332;39,279998779296875;0,2800000011920929;11,579999923706055;13,129605780458762;5,159999847412109;21,31999969482422;29,85434691909128;55,35014574163404;15,131607852473506;13,634720210006712;26,99882148731323;35,35019010017457;173720,0
2026-07-22;41,43933329030518;73,19607818636183;42,94201456525609;18,929929733276367;16,06575561957126;46,96255991898871;37,024738472601115;34,48056373442348;21,025127253023335;4,980000019073486;42,689998626708984;39,630001068115234;0,2800000011920929;11,630000114440918;13,305843112622679;5,429999828338623;21,690000534057617;29,952388775894356;56,6412539805802;15,724229912550944;13,794424057006836;27,100000381469727;35,57717279152783;177641,0
2026-07-23;42,16650805575176;74,96640158876761;42,832112052760706;18,949888219212344;16,035894914431797;46,76297410683873;36,65025243904882;34,221832438041886;20,97537551592779;4,889999866485596;42,81999969482422;39,15999984741211;0,28999999165534973;11,319999694824219;13,198142299235863;5,610000133514404;21,149999618530273;29,687673025255346;55,87250024912583;15,625459617624973;13,754498457778313;26,950000762939453;34,87648592841707;177896,0
2026-07-24;41,60415909583282;73,46843340155758;42,412482868978465;18,600627544436268;15,826859381199382;46,094358227837276;36,83749680360522;33,316279645640876;20,716665240466067;4,739999771118164;42,25;38,68000030517578;0,2800000011920929;10,5;13,20793295962946;5,449999809265137;21,030000686645508;29,511192798555953;55,271300660617555;15,477304720509526;13,63472031653072;26,559999465942383;35,14294298568556;176720,0
2026-07-27;40,21767624823556;73,6532491865458;42,82211918497572;18,737927332197717;15,816906254794945;48,38960109479576;37,33023937612077;33,87354262828635;20,56741072640118;4,860000133514404;42,099998474121094;38,849998474121094;0,27000001072883606;10,550000190734863;13,452706093937438;5,710000038146973;21,31999969482422;29,6484543229202;55,01504642566191;15,655091016787022;13,714572134463745;27,360000610351562;35,72520659445864;175555,0
2026-07-28;40,49884998905919;74,16878182694208;43,63140234405241;19,08658759914895;16,294698389713677;47,47150336740848;38,80847324991201;34,69948566024949;20,905722828563597;5,039999961853027;43,5;39,79999923706055;0,2800000011920929;10,720000267028809;13,942251690559532;5,869999885559082;22,25;30,20730251849294;56,867937996068754;16,02054045925513;14,014017740464093;28,06999969482422;36,178031674953075;178539,0
2026-07-29;41,109679984023735;74,12014637858259;42,692234680691534;18,588501505610203;16,15534139520681;46,58334539958201;37,64559761395213;34,11236872324153;20,955473703095027;4,869999885559082;43,310001373291016;38,869998931884766;0,2800000011920929;10,760000228881836;13,64852380880924;5,619999885559082;21,389999389648438;29,37393098327376;54,77851169707568;15,773615454532285;13,694610299980411;26,649999618530273;33,63069818104792;176564,0
2026-07-30;41,53628921508789;74,47031814203663;42,8121281278672;18,319536209106445;15,886584281921387;46,86276630786892;37,6751594543457;34,699482513294804;21,094779925721575;5,019999980926514;43,0;38,65999984741211;0,27000001072883606;11,039999961853027;13,305842644446319;5,300000190734863;21,760000228881836;29,43275702170481;55,80350875854492;15,437796592712402;13,77446174621582;26,0;32,56022751671303;177159,0
2026-07-31;42,22468149036;74,83022753038442;43,26173022801924;18,64827231635409;16,025940339385098;47,67109153052947;38,43398545282819;34,928357419493466;21,253986316412377;5,110000133514404;43,400001525878906;39,36000061035156;0,27000001072883606;11,34000015258789;13,413542282683451;4,920000076293945;21,809999465942383;29,59943229115568;56,29630021005307;15,704476308823962;13,904221097471845;28,75;32,966610741481595;178719,0
2026-08-03;41,77868228653897;74,39251157597096;43,4500000563804;18,618387646367285;16,045848642744495;48,529310624703854;37,94124289650275;34,88855787331658;21,472893392523254;5,199999809265137;43,689998626708984;39,16999816894531;0,27000001072883606;11,960000038146973;13,687687655282259;4,840000152587891;22,110000610351562;29,648453081261916;57,04534149274501;15,536566369145026;13,954128219719507;29,100000381469727;32,718811750515805;178557,0
2026-08-04;41,778679713374004;74,81077147658415;43,83981976623067;18,806973881723525;15,936354366946809;49,06818771362305;38,769050070210056;34,679581274593;21,48284475834563;5,269999980926514;43,709999084472656;39,81999969482422;0,3100000023841858;12,199999809265137;13,873714915196487;4,829999923706055;22,040000915527344;30,001412748933923;57,81409351115186;15,941523974951139;14,123813384592657;29,489999771118164;32,4809346248863;180680,0
2026-08-05;41,68172350784668;74,8496744592407;43,36004410043231;18,389923422598812;15,886584463073266;49,856553525108694;39,60671429745682;34,97811766924726;21,333589864461967;5,019999980926514;43,18000030517578;40,04999923706055;0,2800000011920929;11,899999618530273;13,550615067709979;4,940000057220459;22,329999923706055;30,089650817024427;57,28187897455781;15,951401067544124;14,02399925254423;29,84000015258789;31,61860634920759;180195,0
2026-08-06;41,177549809172504;74,460601967522;42,8802640927024;17,97038115055965;15,7074119456156;49,02827363626074;38,3945631221456;34,11236949408186;20,895771865310717;4,840000152587891;42,849998474121094;38,959999084472656;0,27000001072883606;11,260000228881836;13,335215084427274;4,900000095367432;22,75;29,5700187835903;55,961202480485696;15,329149127045604;13,764480270137602;29,889999389648438;31,142841060660025;177720,0
2026-08-07;41,65263687335778;74,05205566104325;42,110616887075054;17,80056649616083;15,607872301453584;48,29978568156244;38,43398526126844;34,08251560629623;20,29875044015089;4,510000228881836;42,040000915527344;38,52000045776367;0,27000001072883606;11,520000457763672;12,41487001911265;4,760000228881836;22,110000610351562;29,609237063061062;55,87250108297261;15,309394885026746;13,524924497446536;29,75;30,756282505258802;176117,0
2026-08-10;41,177548839042295;74,24660469998082;40,86119277834857;17,30111113094422;15,408791619364916;48,0303444134778;37,42878861366643;34,0725665571679;20,08979350457488;4,650000095367432;41,91999816894531;37,20000076293945;0,27000001072883606;10,819999694824219;12,268006089459048;4,590000152587891;21,700000762939453;29,27588816565505;53,49725457766073;14,815543981157944;13,21549810744545;29,639999389648438;30,38954404424343;172936,0
2026-08-11;41,20663380069022;74,606495757871;40,531341729148366;17,2311877953323;15,22962017002665;47,84073711176045;35,99983107122125;33,88349511374176;20,01018942295869;4,460000038146973;41,5;36,900001525878906;0,25999999046325684;10,539999961853027;12,189678658861801;4,579999923706055;21,639999389648438;29,030778682563298;54,439998626708984;14,568617384461756;13,12566368198695;29,700000762939453;30,44901391246403;172386,0
2026-08-12;40,69276676539623;73,54000091552734;39,32190035217634;16,88156990240859;15,000677917274182;47,98045034726656;34,452617982637676;33,16701584654271;19,343515489838815;4,320000171661377;41,5;35,970001220703125;0,25999999046325684;9,859999656677246;11,915534268797579;4,409999847412109;20,84000015258789;28,579776219316226;50,439998626708984;14,292061109105092;12,736386728075919;29,8700008392334;30,072368309672278;168310,0
2026-08-13;40,68306871080032;73,19999694824219;38,89209605193336;17,01142971020203;14,990724291005273;48,04032372209538;34,38363353926175;34,530315000133584;19,07485569244455;4,260000228881836;41,630001068115234;35,619998931884766;0,25999999046325684;8,8100004196167;11,621806144585635;4,579999923706055;21,139999389648438;28,13858043608099;50,61000061035156;14,667388224197305;12,546737416160953;30,149999618530273;29,784927189802374;168516,0
2026-08-14;41,16785163173362;71,9800033569336;39,11199691723316;16,641831185845277;14,911091429666296;47,511422325075166;33,69379392340455;34,15217575445586;18,288774490356445;4,010000228881836;42,720001220703125;34,900001525878906;0,25999999046325684;6,78000020980835;11,132261282849948;4,71999979019165;21,399999618530273;27,736599815417183;51,20000076293945;14,776035901552733;12,466885566711426;30,329999923706055;29,537129428031825;167100,0
2026-08-17;41,45872315896423;71,80000305175781;38,96206525562485;16,521963185948398;14,811552119718446;48,29978737028059;33,506551397311156;33,70437286851137;18,388278678327687;4,25;42,13999938964844;35,029998779296875;0,25;7,090000152587891;11,024560922954114;4,570000171661377;21,770000457763672;27,609141992276804;51,43000030517578;14,756280847331938;12,486848753723569;30,15999984741211;29,74527797280515;168007,0
2026-08-18;41,88533566388527;72,70999908447266;38,72217813686627;16,342158840811845;14,801598281193371;48,4195360601314;33,191196468521014;33,584961013004964;17,950465170375985;4,300000190734863;41,7599983215332;34,83000183105469;0,23999999463558197;7,079999923706055;10,838533653757606;4,699999809265137;21,799999237060547;27,89347110342046;50,849998474121094;14,519232981443269;12,416977833985248;29,690000534057617;29,775015591768696;168390,0
2026-08-19;42,63190180179921;73,8499984741211;38,98205571128398;16,452039194833254;15,02058672031861;48,868607795953274;33,10250120613282;33,58496021945448;18,179322412038953;4,429999828338623;43,09000015258789;35,34000015258789;0,23000000417232513;6,889999866485596;10,721043109002528;4,679999828338623;21,93000030517578;27,687576714793497;51,45000076293945;14,746404482352347;12,556719690965831;29,559999465942383;29,844396711773978;170341,0
2026-08-20;43,27181600437223;74,0999984741211;38,3223605929154;16,022508989577;14,861322683334112;48,97837792645178;32,14657905269741;33,95315055747827;18,139519868554565;4,050000190734863;44,65999984741211;35,7599983215332;0,23000000417232513;6,519999980926514;10,603552596461322;4,559999942779541;22,600000381469727;27,726795663811185;51,0;14,390831269319804;12,377051820428505;29,110000610351562;29,43801419402748;169752,0
2026-08-21;43,262119961939106;75,80999755859375;38,70218477270787;16,262247333561152;14,970815717236837;49,53721683600964;33,73321375763835;34,231783727159296;18,676840327625843;4,210000038146973;45,33000183105469;36,119998931884766;0,23999999463558197;6,610000133514404;10,818952073485967;4,829999923706055;23,489999771118164;27,940000534057617;52,33000183105469;14,904437065124512;12,596645491239615;29,719999313354492;29,556955061851326;171980,0
2026-08-24;42,63999938964844;78,36000061035156;39,121992310725666;16,501985680060855;15,299298468944231;49,56715521030499;33,87118135522562;34,39100159852949;18,76639450126363;4,309999942779541;46,97999954223633;36,65999984741211;0,23999999463558197;6,579999923706055;10,740625374834172;5,300000190734863;24,09000015258789;28,079999923706055;53,43000030517578;15,319272354660331;12,726405097792707;30,010000228881836;29,447925221753106;173109,0
2026-08-25;41,90999984741211;78,76000213623047;39,55179336587483;16,791667648574958;15,239574432373047;49,746782117477146;35,20159028274493;35,89361572265625;19,532571549642064;4,590000152587891;46,560001373291016;37,380001068115234;0,25;6,489999771118164;10,916860825233853;5,190000057220459;25,030000686645508;28,959999084472656;54,52000045776367;15,655091813861208;12,856164728653056;29,809999465942383;29,804749041388277;174785,0
2026-08-26;42,27000045776367;79,58000183105469;40,14152285832562;17,271145772776112;15,368975940576686;50,41539657856538;36,137799213375786;36,37126780488633;19,93058758182425;4,75;46,40999984741211;37,68000030517578;0,23999999463558197;6,730000019073486;11,102888585133996;5,300000190734863;25,100000381469727;29,290000915527344;55,77000045776367;15,921772057037511;13,055794444729385;30,15999984741211;29,913778339509825;176297,0
2026-08-27;42,88999938964844;79,30000305175781;39,42185207856881;17,02141781879736;15,1201261163526;50,99419262950524;35,14246095598237;35,27664769878116;20,04004027125776;4,860000133514404;46,83000183105469;37,09000015258789;0,23000000417232513;6,639999866485596;10,652506584338592;5,539999961853027;24,280000686645508;28,979999542236328;54,369998931884766;15,684722739912333;12,886108556464043;29,760000228881836;29,704834965726672;175558,0
2026-08-28;43,599998474121094;79,4800033569336;39,36188157035397;17,13129802643298;15,130079998521763;50,345542503711684;35,043913253472795;35,50552499948988;20,288800302077334;4,900000095367432;47,18000030517578;36,900001525878906;0,23000000417232513;6,599999904632568;10,721043359360252;5,420000076293945;24,489999771118164;29,09000015258789;54,209999084472656;15,911894218817313;12,955979143731774;30,079999923706055;29,565559985938837;176421,0
2026-08-31;45,34000015258789;79,69999694824219;39,83166581411326;17,361046547920747;15,239574851143324;50,44533497838949;35,211444886236436;35,92346824907701;20,905722452119015;4,900000095367432;46,22999954223633;37,400001525878906;0,23999999463558197;6,679999828338623;10,740625609339709;5,510000228881836;24,290000915527344;29,610000610351562;55,119998931884766;16,23783607945898;13,175571391755026;30,25;29,933639792109286;178586,0
2026-09-01;46,939998626708984;78,97000122070312;40,41999816894531;17,520873943095037;15,329159359663517;50,43535639774251;35,2705717038595;36,311564115933265;21,323637999850057;4,989999771118164;46,0;37,79999923706055;0,2800000011920929;6,829999923706055;11,063724512451149;5,789999961853027;25,139999389648438;29,790000915527344;56,75;16,672423802415906;13,3100004196167;29,700000762939453;30,222130717234354;181061,0
2026-09-02;48,25;81,76000213623047;41,599998474121094;17,809999465942383;15,607872127012596;50,89440214187297;36,965609703576945;37,366377272656266;22,670000076293945;5,75;47,27000045776367;38,9900016784668;0,27000001072883606;7,019999980926514;11,367242096946484;6,039999961853027;26,450000762939453;30,25;58,779998779296875;17,35393975368235;13,739999771118164;29,920000076293945;30,371353027328798;186028,0
2026-09-03;49,189998626708984;81,98999786376953;42,58000183105469;18,1200008392334;15,796998430400924;52,281524217549006;37,99051598858185;38,013201387190065;22,969999313354492;5,880000114440918;47,06999969482422;39,5;0,30000001192092896;7,389999866485596;11,592433917968728;7,170000076293945;26,34000015258789;30,739999771118164;60,130001068115234;17,679882130548034;14,09000015258789;30,520000457763672;30,73942866440481;188892,0
2026-09-04;47,45000076293945;79,7300033569336;42,4900016784668;17,979999542236328;15,806952205896682;52,43121249285214;36,6699615598472;37,48578940187667;22,729999542236328;5,869999885559082;46,97999954223633;39,540000915527344;0,2800000011920929;7,420000076293945;11,328078756686228;6,550000190734863;25,809999465942383;30,639999389648438;59,81999969482422;17,39344915708791;13,979999542236328;30,43000030517578;30,202235529972555;186545,0
2026-09-08;48,5;81,08999633789062;43,150001525878906;18,489999771118164;15,956262655656527;52,88028509938247;36,93604325734143;38,102760391428696;23,209999084472656;6,150000095367432;47,540000915527344;40,02000045776367;0,30000001192092896;7,480000019073486;11,612015738767074;6,710000038146973;26,290000915527344;31,079999923706055;61,29999923706055;17,660127006700097;14,369999885559082;30,75;30,36140446465325;189488,0
2026-09-09;48,95000076293945;80,04000091552734;42,189998626708984;18,149999618530273;15,707412066861199;52,3414020172653;35,9111394674874;37,525597120470785;22,649999618530273;5,829999923706055;47,72999954223633;39,2400016784668;0,28999999165534973;7,210000038146973;11,298706050322085;7,110000133514404;25,489999771118164;31,110000610351562;59,84000015258789;17,294678920024424;14,109999656677246;29,979999542236328;30,162443295417674;187362,0
2026-09-10;49,599998474121094;78,6500015258789;42,810001373291016;18,549999237060547;15,717366053489386;52,11187690422885;36,7093849528904;38,03310354874514;22,90999984741211;5,940000057220459;48,099998474121094;40,099998474121094;0,2800000011920929;7,420000076293945;11,308497899802369;7,260000228881836;26,170000076293945;31,049999237060547;61,099998474121094;17,590988004008974;14,300000190734863;30,059999465942383;30,371353694621934;188539,0
2026-09-11;49,119998931884766;78,63999938964844;42,77000045776367;18,59000015258789;15,707412006083155;52,33141844145508;36,620688649707205;38,291831033243305;22,969999313354492;6,019999980926514;48,599998474121094;40,040000915527344;0,28999999165534973;7,460000038146973;11,484733597880158;7,170000076293945;26,270000457763672;31,18000030517578;61,06999969482422;17,610742631602328;14,289999961853027;30,6200008392334;30,391247097542113;188586,0
2026-09-14;49,72999954223633;76,88999938964844;42,58000183105469;18,440000534057617;15,836813986362897;51,18380152781747;35,4282507286881;37,0877494154925;22,260000228881836;5,710000038146973;47,540000915527344;39,790000915527344;0,2800000011920929;6,829999923706055;11,093097691721201;6,53000020980835;25,6200008392334;30,530000686645508;61,0;17,225539584047823;14,100000381469727;30,399999618530273;30,470831048569718;187321,0
2026-09-15;50,70000076293945;75,94000244140625;42,84000015258789;18,459999084472656;15,876629674760776;51,183801488640306;35,75346100467509;37,217114742539884;22,329999923706055;5,690000057220459;47,77000045776367;40,09000015258789;0,2800000011920929;6,75;11,122469658181746;6,409999847412109;25,920000076293945;30,829999923706055;60,97999954223633;17,393447914311086;14,180000305175781;30,5;30,689689722175558;187651,0
2026-09-16;49,97999954223633;75,45999908447266;42,689998626708984;18,25;15,697458953893676;51,672785215903644;36,403880013319075;37,24696622456042;22,739999771118164;5,96999979019165;47,66999816894531;40,029998779296875;0,2800000011920929;6,739999771118164;11,337869642443168;6,539999961853027;26,989999771118164;30,81999969482422;61,20000076293945;17,541604041545707;14,239999771118164;30,299999237060547;30,64989768362304;186738,0
2026-09-17;49,20000076293945;74,91000366210938;43,08000183105469;18,260000228881836;15,65764216388111;51,732664074467664;36,41373772589719;37,754469539654934;23,030000686645508;6,050000190734863;47,7599983215332;39,900001525878906;0,2800000011920929;6,599999904632568;11,308497176380522;6,550000190734863;27,100000381469727;31,040000915527344;61,66999816894531;17,57123570549133;14,289999961853027;30,600000381469727;31,027923415633076;186885,0
2026-09-18;48,83000183105469;74,48999786376953;42,599998474121094;18,110000610351562;15,458562365333606;51,672786712646484;36,16736496366336;37,30667382894223;23,229999542236328;5,929999828338623;47,9900016784668;39,56999969482422;0,2800000011920929;6,360000133514404;11,04414297104432;6,210000038146973;26,670000076293945;30,899999618530273;61,599998474121094;17,482341383683003;14,170000076293945;30,329999923706055;30,90854658458469;185991,0
2026-09-21;48,400001525878906;74,04000091552734;43,25;18,229999542236328;15,54814833662931;52,060001373291016;37,487919871709416;38,242075383972725;23,3799991607666;6,079999923706055;48,20000076293945;40,47999954223633;0,27000001072883606;6,710000038146973;11,445569525163108;6,230000019073486;27,950000762939453;30,940000534057617;63,77000045776367;18,153978191297533;14,420000076293945;30,020000457763672;31,127403851674316;187434,0
2026-09-22;48,540000915527344;72,88999938964844;43,439998626708984;18,440000534057617;15,609999656677246;52,0;37,55690403168115;38,24207825400819;22,889999389648438;6,019999980926514;48,689998626708984;40,86000061035156;0,2800000011920929;6,809999942779541;11,328078756744546;6,480000019073486;27,520000457763672;30,709999084472656;64,0;18,302135995840004;14,420000076293945;30,1200008392334;30,570312548040285;187672,0
2026-09-23;50,060001373291016;72,5;43,720001220703125;18,65999984741211;15,579999923706055;51,91999816894531;38,66064876633205;38,62021962934437;23,06999969482422;6,289999961853027;48,54999923706055;40,72999954223633;0,28999999165534973;6,900000095367432;11,5;6,239999771118164;27,790000915527344;30,68000030517578;64,31999969482422;18,489999771118164;14,479999542236328;29,809999465942383;30,371353114804347;188772,0
2026-09-24;50,2400016784668;71,86000061035156;42,650001525878906;18,100000381469727;15,550000190734863;51,31999969482422;38,57195298671676;38,10276258052803;22,239999771118164;6,300000190734863;47,58000183105469;40,29999923706055;0,28999999165534973;6,670000076293945;11,229999542236328;6,090000152587891;27,06999969482422;29,489999771118164;63,86000061035156;18,09000015258789;14,210000038146973;29,719999313354492;30,68969010949694;186211,0
2026-09-25;48,869998931884766;71,19999694824219;42,43000030517578;17,950000762939453;15,390000343322754;51,2599983215332;38,87745666600059;37,7400016784668;21,770000457763672;6,760000228881836;45,790000915527344;39,91999816894531;0,30000001192092896;6,53000020980835;11,220000267028809;6,010000228881836;27,040000915527344;29,209999084472656;63,099998474121094;18,030000686645508;14,119999885559082;29,84000015258789;30,29176843403412;184215,0
2026-09-28;0,0;0,0;0,0;0,0;0,0;0,0;0,0;0,0;0,0;0,0;0,0;0,0;0,0;0,0;0,0;0,0;0,0;0,0;0,0;0,0;0,0;0,0;0,0;0,0
