Fecha;Petrobras PN;Vale;Itau Unibanco;Bradesco;Ambev;WEG;Localiza;Rede D Or;Banco do Brasil;Magazine Luiza;Suzano;Equatorial;Raizen;Hapvida;Lojas Renner;CSN;Cyrela;Engie Brasil;BTG Pactual;B3 - Brasil Bolsa Balcao;Itausa;Santander Brasil;Vivo Telefonica Brasil;INDICE BOVESPA
2025-09-03;28,182873871651843;51,05923971794813;33,77861840983824;15,09090503124753;11,05164358961742;35,766035810034325;33,728013396345816;34,918524297902465;19,522342857128063;7,632980340192256;50,60820485965848;33,8929866231425;1,1799999475479126;40,66999816894531;14,67340456611767;7,349999904632568;25,264081435043042;26,556408791761694;42,72997927916146;11,855005699992843;9,76379276407696;25,908957881632105;30,695986147439655;139582,0
2025-09-04;28,19198885187723;51,345773310653804;33,670908734347805;15,09090580765475;11,202133586718643;35,613067626953125;33,953243032694836;35,11677698908549;19,48345552999798;7,699026887569755;50,314598967827024;33,88339664078933;1,2699999809265137;40,880001068115234;14,728706405228492;7,480000019073486;25,273302363172487;26,70792430835056;43,051256791801244;12,108037656029445;9,71912776693329;25,881167200692836;30,714486641014023;139832,0
2025-09-05;27,517497174953224;51,78020483307669;34,19154194766176;15,476433096933427;11,456087584749852;35,89988299538509;35,13569443894947;35,17985207898523;20,193181861143994;8,246260651030823;49,78610540428428;34,5835105466163;1,2599999904632568;41,31999969482422;14,93147953763694;7,619999885559082;26,195349450245708;26,756133682350384;44,45319521481124;12,482900534654789;9,897788366653803;26,16832825109986;31,01052923029184;141004,0
2025-09-08;27,809170213820295;51,97430886286715;33,904288923895464;15,577408500663841;11,305596916510455;35,546139272888205;34,92923528059774;34,86445760498079;20,086236045678163;8,331177044810087;50,22651651445749;34,746545299013654;1,2899999618530273;39,900001525878906;14,6273193359375;7,739999771118164;26,121585861511623;26,859438348691544;44,131919819440334;12,286097515220025;9,80845497817976;26,455479440141513;30,890261043054952;141329,0
2025-09-09;28,08261424408773;51,80793223936128;33,931220182514764;15,595769882202148;11,39024713584593;35,33580551798519;34,91046526238372;34,78335739456278;20,348736548972497;8,33117708472037;50,314597228876494;34,631463401173924;1,2699999809265137;39,40999984741211;14,350810228713105;7,789999961853027;26,35209744493702;26,893873965705293;43,8398442870206;12,154896660400262;9,81739084429393;26,52032470703125;30,640472029741375;141606,0
2025-09-10;28,18287610549956;52,02052331770354;33,93122332247427;15,458078862343978;11,521926273257481;35,33580528241262;34,948007133137985;34,78335938317334;20,708460438728896;8,444398045408148;49,717594146728516;34,66023416346445;1,2699999809265137;39,459999084472656;14,360028094144516;7,699999809265137;26,305995106722513;27,52748192643539;44,25848117532784;12,136152260904469;9,862054687629744;26,529586853227986;30,48320034383355;141612,0
2025-09-11;28,50189460587365;52,048257386067206;34,06586837768555;15,53151448798662;11,672417086389425;35,096795680270795;35,0136984522774;35,28798514448883;21,42791336047956;8,774626343886904;49,75674337018293;34,593098076036696;1,2599999904632568;39,45000076293945;14,77479179471088;7,679999828338623;27,03441119478154;27,62390079743736;44,63817530958956;12,17364001273556;9,897789182519599;26,631482484444707;30,538706736265098;142349,0
2025-09-12;28,401628971537274;52,40874093957245;33,446481534172335;15,439721583556752;11,691228133630547;34,867349539557466;35,53923034667969;35,04468772349052;21,282074696003466;9,18976918691472;49,3554801940918;34,42046887449018;1,2300000190734863;38,88999938964844;14,608885765075684;7,579999923706055;27,753608277049356;27,740979000464534;44,34610366821289;12,070551729419416;9,781660031062689;26,511063197206838;30,72373625153168;142241,0
2025-09-15;28,310481117220586;52,66754462480743;33,58114209792854;15,54069408012971;11,804095965147336;34,70481166134342;35,58614980511844;35,504258623121665;21,214019845493326;9,416210437156936;49,14016652311139;34,660233033536045;1,2400000095367432;39,029998779296875;14,701055486444911;7,800000190734863;28,076325036662045;27,699655958906877;44,52134319685967;12,211125706734919;9,808456904473665;26,548114142485584;30,908761637644062;142292,0
2025-09-16;28,565697086251916;52,86165028033402;33,814528670611594;15,522334895885415;11,907558530524149;34,838659494908214;36,14922610064979;35,72953761571821;21,214022166719264;9,76530976475659;49,31633304880985;34,343745305098125;1,2799999713897705;38,04999923706055;15,069735502127998;7,809999942779541;28,23307228088379;27,761638403061248;44,589492268723205;12,539129991186392;9,879920599323404;26,344324930270723;30,881006240844727;143547,0
2025-09-17;28,675071690166067;53,01878578369738;33,9850769318727;15,568231428230922;11,898152402380715;34,85778405848972;36,505839650363704;36,153062603515494;21,068185980744353;10,13327800484191;49,25761320555406;34,727364085993905;1,2999999523162842;37,54999923706055;15,475279513965582;8,010000228881836;27,97489888833354;27,775414616935088;44,73553610121958;12,585986584366404;9,942452868122375;26,511061670771646;30,79774756559357;143910,0
2025-09-18;28,42897696621536;53,05576150752319;34,254376580286994;15,90786870678965;11,681822956164071;34,80997974516859;36,740453890419104;36,59461365867827;21,418190423733336;10,510680529065812;49,10101667874983;34,86163237839176;1,2999999523162842;37,95000076293945;15,613534653917181;7,849999904632568;28,03022087017986;27,74097977198952;45,25152474129199;12,69844590835687;10,049648468727279;26,955692372063893;31,167803999187086;144993,0
2025-09-19;28,173758891426456;53,194403788400216;34,51469484592069;16,018022857240073;11,644200028472804;34,75261306762695;36,975065300482825;37,14430119928912;21,019575119018555;10,293674229716089;49,39462875182473;34,97671956060878;1,2899999618530273;38,18000030517578;15,549015343316977;7,809999942779541;28,030222302915647;28,030234159858388;45,582535286849215;12,801531791687012;10,130047425905419;26,937166213989258;30,890256280813066;145496,0
2025-09-22;28,10995692550507;53,434732714667916;34,36208809364273;15,999661329008662;11,625388145446777;34,48492271631751;35,801995856639515;37,324523195645604;20,757075601191794;10,142712909403896;49,17931193390383;34,583509351284434;1,159999966621399;37,060001373291016;14,92226370200531;7,75;27,27414338680255;28,436569213867188;45,56306457471076;12,520386460299186;10,004984849868768;26,409165155318444;30,84400390279753;144117,0
2025-09-23;28,675071829821288;53,29607912793565;34,532649917621086;16,2107860562009;11,606577485242827;35,0203109097144;36,899991027863436;37,4146406320537;20,922351522530395;10,142713473450685;49,06187057495117;35,01508162881362;1,1699999570846558;37,220001220703125;14,590451888636217;7,909999847412109;27,569198659123664;28,167974888279947;45,82592820504498;12,473529743108696;10,067514143799013;26,66853336493136;31,015056736308612;145107,0
2025-09-24;29,221962497345032;53,30532008966535;34,748087334013526;16,256685256958008;11,615982661436897;34,99162959779558;37,61321626643932;37,128329966833235;21,46680034901298;10,265368461608887;48,46486963749875;35,26443488119211;1,100000023841858;37,18000030517578;14,402116973148182;7,889999866485596;27,753608606788116;27,802962978647475;46,13747239903253;12,339775791417924;10,121113914583239;26,724114040319932;30,847916177646;146067,0
2025-09-25;29,386028897625398;53,64732271376487;34,53264595679996;16,082275716722492;11,587765746190643;34,523161809119266;37,622602247241495;36,86557955328159;21,126519477156716;10,180453171044181;48,63124492299191;35,03426126544699;1,0199999809265137;36,599998474121094;14,682494956820676;7,940000057220459;27,633740602439;27,44483604580611;46,05958603366935;12,15123917900408;10,049649097011978;26,260955238291533;30,680761924404713;145187,0
2025-09-26;29,303995266470107;52,260848955870344;34,550598530678414;16,082277937051153;11,653605935880195;34,61876748897506;37,69229361617153;37,05584856728681;21,194575763026805;10,397460579640398;48,35720988295442;34,91917704640201;1,0099999904632568;36,470001220703125;14,65445745764264;7,869999885559082;27,735167798930927;27,555030333773278;46,19588785759481;12,188946775520028;10,094314208637522;26,372113847792473;30,40218697650086;145146,0
2025-09-29;28,921171020425458;52,80619414042742;34,882735820933036;16,330118507983713;11,64419997564634;34,55154539287134;38,082054138183594;37,74441428361829;21,38902331250742;10,02005672454834;47,66234279400519;35,29320924085233;1,0199999809265137;36,20000076293945;14,682494255211774;7,949999809265137;27,984119878127796;27,789188522226567;46,46848652118918;12,547169351360859;10,23724365234375;27,187267303466797;30,72718993494182;145447,0
2025-09-30;28,401629253247783;52,7692208854659;34,757057900606036;16,438235999520423;11,32440766848345;34,76251724250455;37,43562327081388;38,124942779541016;21,34041108246472;9,019937660531136;47,85808010456621;35,35075387707249;1,0099999904632568;35,779998779296875;14,000240586411584;7,860000133514404;28,27917504516275;27,809850619023567;46,90659434224556;12,500034802828008;10,228309126582582;27,103902181561182;31,172923043886865;145774,0
2025-10-01;28,529237574084522;53,38851190929152;34,395585597880434;16,074185595685663;11,17391716390182;34,06247460104146;37,41661382553553;37,581333857183424;20,718182510746544;8,633099260722513;48,61167078948464;35,14935435176693;1,0099999904632568;35,369998931884766;14,009586375500605;7,940000057220459;28,131647239481776;27,98202510391575;46,28350821751094;12,339776039123535;10,058582163690046;26,770429076125865;31,33078223953859;145193,0
2025-10-02;28,274026219593356;53,68429485020019;34,02738003910377;15,914156216347214;11,155105171205692;34,27344949083096;36,589571040398205;37,34577317808932;21,01957786312471;8,585924364267155;48,46486895516284;34,55473482171073;1,0;34,779998779296875;13,710515612167791;7,989999771118164;27,928797435116728;27,89938136115717;45,58253478393182;12,104104042053223;9,9424530600985;26,575904192412224;30,89434051513672;143635,0
2025-10-03;28,255794525146484;54,07250825362066;33,87471513151526;15,74595282334042;11,051643935286087;34,70497879737994;36,427957356188784;37,40919086559817;20,90290609931736;8,368918446427164;48,79762594758218;34,38210470725316;1,0;35,36000061035156;13,663785481883115;8,0600004196167;27,37556958209676;27,720318984808113;45,816196770163536;11,962701633043789;9,933519447546463;26,62221912672605;30,420756286908983;143676,0
2025-10-06;27,982351610677846;54,349802488047935;33,91961669921875;15,69922831429315;11,079860266130968;34,08165339239891;36,19030195227938;37,43637472207561;20,7376305132829;8,3500465575767;48,259343139209605;34,44923558759648;0,9700000286102295;35,849998474121094;13,271256005628604;8,1899995803833;27,66140365600586;27,320872207624706;45,64095452676867;11,85900576639119;9,924585651627265;26,29800935950798;30,662191977398834;143376,0
2025-10-07;27,663332890997243;54,303585052490234;33,20116697659949;15,531023393514067;11,014020919799805;34,13918837531134;34,84041947232487;36,97430900358371;20,484850769130595;8,180215042839338;47,82871518610627;33,653226386907356;0,8999999761581421;34,70000076293945;12,52357853518827;8,390000343322754;26,610269794634014;27,327758465961924;44,46292716570549;11,463077291552521;9,781660079956055;25,9182218316746;29,76145353702837;141035,0
2025-10-08;27,80005587629229;54,432992657344165;33,27300936494207;15,643161017249588;11,01402063042822;33,95698971796902;34,612264993520654;36,86558408843579;20,484851899590534;8,293436165961314;46,79130826261304;33,56691264202964;0,8799999952316284;35,209999084472656;12,738537499309382;8,3100004196167;26,72091540407986;27,307096720342575;44,92050961029666;11,557346040674206;9,79952461052066;25,81632868420287;29,417876603840796;141356,0
2025-10-09;27,517498323730514;54,6363410949707;33,192190045577185;15,820711806068351;10,985804428539293;34,148782024384545;34,8499227691712;36,00487485914927;20,426515345441352;8,35948221075815;46,50748265735411;33,71076984682906;0,8600000143051147;35,70000076293945;12,85068831649749;8,329999923706055;26,739357027567067;27,30709785807938;46,069319036501675;11,943847282856416;9,79059151967556;25,9089591818218;29,761456983608944;141603,0
2025-10-10;27,225825854068002;54,41450119018555;33,2550534531837;15,689882532009932;11,042237813585933;35,18446350097656;33,946830353293954;35,678710380601984;20,037626266479492;8,208521283829853;46,78151838629185;33,49018518031733;0,8399999737739563;33,56999969482422;12,831995396337696;7,909999847412109;26,121584488095642;27,534368198437278;45,43649833127975;11,72703029109781;9,719128137168745;25,658855438232422;29,622165806717447;140231,0
2025-10-13;27,3169726906901;55,04304128699005;33,47957564389969;15,773984206995546;11,07986042876028;35,27077184290416;33,946829272414185;35,868973476055544;20,154291254885635;8,114171028137207;47,04576101474097;33,93135192091552;0,8399999737739563;33,63999938964844;13,009569142041451;8,039999961853027;26,601050088104692;27,99579730819161;45,981702017955385;11,915568113644975;9,781660031062689;25,538432507234212;29,965747833251953;140682,0
2025-10-14;27,23493892611822;54,738018706440926;33,398742601523274;15,858089415434245;11,051642927563254;35,77902275568004;33,89929990530179;35,8599140015554;20,09595646481559;7,9820787456282885;46,92831965440971;33,67240910483704;0,8399999737739563;32,7400016784668;13,018915909544951;8,270000457763672;26,278332466356673;27,582576751708984;44,78420800885799;11,802446254278808;9,790591198875825;24,936332263672643;29,66859550232716;141334,0
2025-10-15;27,04352934025727;54,959850478351825;33,28199566192846;15,839398447863646;11,202133875007048;35,750251569913964;33,604604124911916;35,74213541067196;19,668177484109236;8,227390966483533;46,223664177717545;33,32714677735025;0,8700000047683716;32,900001525878906;13,103029941266612;8,229999542236328;26,22301151845154;27,30020952690174;44,628438406839635;11,623333949254613;9,719126382579784;25,112330375657535;29,594310364842034;141154,0
2025-10-16;26,80654430421411;55,523682383689724;33,3179205834216;16,082365704726996;11,211540174982334;35,769429130448316;34,13695983169015;36,439756914598725;19,46400862988883;7,651851020206387;46,24323671322167;33,87380537911953;0,8399999737739563;32,56999969482422;13,168450331253522;8,229999542236328;26,47196278681086;27,293323111568856;44,433726173278046;11,708177011501833;9,719126701037895;25,492117724678316;29,882174191840758;141446,0
2025-10-17;26,715396513118954;55,27411743393835;33,2370930334418;16,138439983591002;11,380842036138452;36,66127052118944;33,93732422516064;36,34915905634429;19,600120001839315;7,519760240562789;46,48791170277494;34,056028647222;0,8399999737739563;32,11000061035156;13,177796728565921;8,130000114440918;25,955616746808634;27,54814286617525;43,92746717981389;11,783591107594733;9,719128088587942;25,64032642576819;29,993600789997966;141248,0
2025-10-20;26,870348180694105;55,58838822175985;33,748978893161755;16,52156702220638;11,559548853780232;37,91752243041992;34,81189795262168;36,856525667775394;19,940404297584404;7,8688578605651855;46,448762452822045;34,823270310908924;0,9100000262260437;32,7599983215332;13,308640404730573;8,34000015258789;26,711693913323842;27,141807720394834;44,99839824579469;11,82129822214489;9,826322249590259;26,260956596339984;30,49504056194224;143396,0
2025-10-21;26,8612337098519;55,98584438695995;33,91961530427962;16,521567784389468;11,427869375537362;37,764081750476876;34,60276065642013;36,95618818565758;19,804291274837862;7,802812418998699;46,262809603797734;34,56432862177973;0,8999999761581421;32,459999084472656;13,196488035313209;8,34000015258789;26,896103987957332;27,15558214615103;44,9205060265338;11,623334884643555;9,933520317077637;26,640745162963867;30,337179422446482;143829,0
2025-10-22;26,997958370940452;56,54967885068722;33,89266487047378;16,586984876516606;11,343218967354355;37,09280818528274;35,410790974783836;37,60851384189435;19,91123522091116;7,812247491307998;46,429186782088145;34,4876003522592;0,9300000071525574;32,029998779296875;13,38340785146465;8,539999961853027;27,172718100426874;27,00406556275469;45,74804620493136;11,595053191457067;9,9245869125773;26,53302064973095;30,52290665713402;144039,0
2025-10-23;27,444578005320153;57,002588668633365;34,018404800051485;16,61501968225662;11,315001452000422;38,54084398925675;35,45832429711681;38,02527885385443;19,979290093082742;7,095180815001887;47,18277874238398;34,79450016577506;0,949999988079071;31,84000015258789;13,579671550041445;8,630000114440918;27,476992711437042;26,948971417477594;45,718838201378965;11,74588354437921;9,96925308155896;26,853948413031286;30,625044950608906;144881,0
2025-10-24;27,17113566339397;56,688327611361444;34,10820919069769;16,773881493321603;11,333813919948014;39,317607903514435;36,37092295707834;38,152121519333086;19,901512213998107;7,5008892995953165;47,65255382729331;35,29320933309578;0,9599999785423279;32,09000015258789;13,803975515660158;8,619999885559082;27,60608144921754;26,804341029174417;46,17641556896373;11,783592224121094;10,049648831158503;27,061602827323345;31,172914227257483;145721,0
2025-10-27;27,061760919978404;56,753030262090014;34,29679565852726;16,923401330160914;11,380842242102354;39,797091052900434;37,09340274155957;38,36050072156775;19,99873338849368;7,7839417652280005;47,64276425847663;35,542561975661094;0,9300000071525574;32,290000915527344;13,813320411011942;8,710000038146973;27,624520275576508;26,942083676063927;46,41980845521093;11,764736984175906;10,103246871049134;27,43916546748471;32,06436649767362;146174,0
2025-10-28;27,125561922797225;56,91940226984231;34,29678994752021;16,904704774906204;11,28678572824372;39,96010954003777;36,4089494100027;38,25178384480494;20,222348507630493;7,87829318001818;47,82871757804576;33,89299082564691;0,9300000071525574;31,920000076293945;13,5235967202625;8,890000343322754;27,39400935043926;27,155580459076198;46,27377314537053;11,736457271258555;10,085380877354915;27,495798043247806;32,03485696362201;146575,0
2025-10-29;27,162020817101357;57,96387810504364;34,62010898517397;17,072914705566173;11,26797398813994;40,25739278283373;37,23599240810436;38,61418687915513;20,455684362260012;8,029254032323792;47,76999965810479;34,8136804770699;0,9100000262260437;31,600000381469727;13,570326761092158;9,149999618530273;27,421670398329777;27,30709661379742;46,87738505357989;11,83072540005946;10,156843810042677;28,033820402863658;31,87645687496846;147430,0
2025-10-30;27,125561616186463;58,16722957264035;35,04218999229484;16,764534728226987;11,61598319023579;39,6148908393514;37,11241403273947;38,3423863924593;20,407071369363003;7,783941694624609;47,65255355834961;34,71777536528081;0,8999999761581421;31,25;13,40209998178409;9,15999984741211;27,135837374184337;27,307096720342575;47,539414410907554;11,698749922195486;10,255107237150204;27,816723871044204;31,52237840122063;147547,0
2025-10-31;26,93415130829505;59,036085798077266;35,31160615482306;16,727156874802485;11,766474070908565;39,739549628842795;37,05537375483168;38,713846604458965;21,145961881593365;7,812247476935955;47,18277809965891;34,698592422767526;0,9100000262260437;31,25;13,458173724771749;9,210000038146973;27,772049743909893;27,162467862908596;47,480996785680816;11,915567307892733;10,317639352377002;28,741746396202156;29,854476928710938;148774,0
2025-11-03;27,162020648019094;59,75705696021042;35,534065098286646;16,970118553498303;11,973398121985799;40,257395065720225;37,42611752116434;38,78632791631533;21,107077279835323;7,821682631583321;47,339368449212046;35,245256560721565;0,9200000166893005;30,200000762939453;13,663786516724015;9,220000267028809;28,011780064169727;27,444836765744494;46,98447744499445;11,953274230777987;10,424835391966106;29,289207891232397;29,854475375867263;149551,0
2025-11-04;27,262283126845254;59,183977813871294;35,76765229450106;17,025063047188556;12,067453543869222;40,97662025768472;37,43562616402466;38,70478907326417;21,35013149719145;7,736766507912199;47,43724216026499;35,94536739186649;0,9100000262260437;30,100000381469727;13,645094103595385;8,9399995803833;27,984119388402945;27,63078759631386;46,89685752984544;11,830724784362712;10,433768414120964;29,638448557207465;29,61220760619343;149979,0
2025-11-05;27,5357253704164;59,618405457785116;35,3094406570887;17,165379448202238;12,330812033922816;40,688927989188805;38,3006949543584;38,79538765679534;21,593189565023334;7,793376743840075;47,779784597653475;36,204310860329535;0,9100000262260437;30,34000015258789;13,738553099039375;8,5600004196167;28,426702033536642;28,291942628652713;47,67571442555293;12,056970267848909;10,30870659392174;29,780035199637997;30,665132663384508;150296,0
2025-11-06;28,164644789811746;60,32089064642787;35,9473494182591;17,427304666394246;12,302596092224121;41,55200165375389;39,10872825702198;41,64026338817029;21,89457996730249;7,519760195689337;47,212147011128;36,921726868479944;0,8600000143051147;30,649999618530273;13,607710838317871;8,3100004196167;29,02603279324664;29,25612844142732;48,70769286509922;12,283215340689793;10,505233479651201;30,40300941467285;31,280109405517578;153235,0
2025-11-07;28,119072352067118;59,17473011799846;35,731717172368334;17,27763004059869;12,274379249823474;41,906814043739644;38,6048969182182;42,49191607096612;21,943190250182777;7,519760254254706;46,34110298808559;37,0213845941216;0,8199999928474426;30,6299991607666;12,831995931122737;8,210000038146973;29,44095415308068;29,242352677519023;48,58113354352183;12,188946526020443;10,424836017232622;30,091521252063956;31,205566015511618;152368,0
2025-11-10;29,103469690442797;59,997378967374885;36,13602554104051;17,5582626526621;12,312001192415899;43,11511339690354;39,04218019521743;42,14762948233961;21,972358469123517;7,623546375237217;45,48964243670157;37,69902790516642;0,8399999737739563;30,920000076293945;13,046953252730889;8,229999542236328;30,63039584778854;29,366318859488384;49,44760883251501;12,141813451283197;10,53203187134137;30,582352022739425;31,05647981968497;154058,0
2025-11-11;29,57743565280427;59,85873099298501;36,33368234549303;17,857606089398246;12,453086467049442;43,63295401279975;40,11639180468164;41,29598108639313;22,21541489333265;8,0292541182823;45,49943206373048;38,0876800833168;0,8700000047683716;31,18000030517578;13,682478200248314;8,270000457763672;30,97155077936865;29,807090855600986;50,05122466188589;12,415192396598037;10,621362040086797;30,6956201114452;31,140338342161865;155252,0
2025-11-12;29,240190377979015;60,320888535460625;36,05516220404998;18,016632788224904;12,744661805315314;42,88496260554409;40,51564818698685;41,44094212971485;21,92374441103159;8,340612551470524;45,47985785904974;38,825115541175236;0,8899999856948853;30,84000015258789;13,841359662808888;8,279999732971191;31,62620458858767;30,096346056499637;50,752193109863036;12,801693190349306;10,567763106213892;31,31859175683934;32,2398464197132;156560,0
2025-11-13;29,45894438337086;60,3671013389775;36,100088408816426;18,11953175841969;12,707038496800608;42,597269967811535;39,67910373891935;41,794282709997965;20,698740140284645;8,434962699936202;46,29217071171316;38,76532318271642;0,8700000047683716;16,75;13,775937417716666;8,579999923706055;31,165179763529995;30,10323143005371;51,998362834866086;13,244756355206901;10,585631182494293;31,4318611678345;32,06281045192816;156509,0
2025-11-14;29,695927288902386;59,72008256524994;36,12704630098741;18,12888751866531;12,838718283237355;42,39588570913006;39,631565768714765;41,59496245395222;21,495967722407084;8,463268590923635;46,145370321265645;38,785251970599184;0,8600000143051147;17,59000015258789;13,747900653728573;8,470000267028809;31,082194846888825;29,731332778930664;51,59920163579708;13,508708592916756;10,612428384156766;31,4979309368368;32,426204681396484;156656,0
2025-11-17;29,83264882263287;59,99737685070462;36,109074167847695;17,94179627735705;12,819907019047127;41,8876361277986;41,0004718526032;40,58023226739588;21,66124587631639;8,585924261195547;46,13557947731754;38,974594636886344;0,8199999928474426;17,739999771118164;13,850705444488325;8,289999961853027;31,487898631756078;29,552268950087175;51,24871329477045;13,216476916047377;10,558832157906602;31,46961774485089;31,89508628845215;156568,0
2025-11-18;29,777959478363016;59,433542964466746;35,84852049961668;17,792129964459427;12,857529162644054;41,6574821472168;40,401579391124635;40,3899684803148;21,272354125976562;8,368917722154546;47,07512581518144;38,755356594636275;0,8299999833106995;17,0;13,878743866570096;8,119999885559082;30,92544926987304;29,579817689432538;50,830074839040286;13,18819506523834;10,505233479651201;31,4129805806056;31,513058072515978;155834,0
2025-11-19;29,65947176781398;59,80326463349215;35,70475824440816;17,642455720250602;12,612981796264648;41,427328435353054;40,553672404545196;40,48057010285223;20,951516767099413;8,80293083190918;47,270860981793575;38,506221952240104;0,8399999737739563;17,030000686645508;13,944164276123047;8,069999694824219;31,441793922945212;29,517833709716797;50,22646752363406;12,990230380458797;10,478434841164342;31,1014974685631;31,923045433693286;155212,0
2025-11-21;29,495402074001827;59,27640661424385;35,53406080778642;17,436656991063582;12,565953870606252;40,93825963217696;39,59354731229142;39,83730214141996;20,83485298696376;8,68027459082933;47,07512656272397;38,20726312544326;0,8299999833106995;16,899999618530273;13,803976248443696;7,980000019073486;31,137519836763975;29,07706488886987;49,262628201868736;12,811121003624331;10,433768276604251;30,884398649189595;31,64351402761666;153571,0
2025-11-24;29,495403426558774;59,87721387410573;35,686795489449395;17,49278752668332;12,754067003111993;41,24512949578893;39,80267589353378;40,30843053978612;21,233463287353516;8,991632825016962;46,76194424209615;38,42650009270479;0,8100000023841858;17,030000686645508;14,112391471862793;8,0;31,220505441462343;29,242355331713295;49,506018466830504;13,056219598833765;10,487366213450112;31,14868955523443;31,978949602321077;154529,0
2025-11-25;29,249304024753854;60,22846030148836;35,69577784508226;17,58632475466092;12,810500712978854;41,01498326218623;40,9339272901852;40,81579497241894;21,243189291202583;9,199205289764066;46,42918700888496;38,43646393448381;0,8100000023841858;17,0;14,009584987842496;8,0600004196167;31,56166092921481;29,621139525849056;49,223688182552415;13,10335362612603;10,487366213450112;31,110933380061173;32,105227378912666;154821,0
2025-11-26;29,258418148021327;60,93093670010965;35,91141172736183;17,75471127780783;12,772878607054903;41,35061543936234;41,27614971715808;41,286917958793154;21,350133313596178;9,406776920100254;46,68364977158429;38,97459592219522;0,8100000023841858;15,84000015258789;14,243234770393185;8,329999923706055;31,967360941410764;29,89661973061828;50,28488183789527;13,348451821021406;10,58563054139544;31,582880585771672;32,56321105071632;155914,0
2025-11-27;29,349568021626602;61,13428364038483;36,45947917504502;18,194367127312756;12,838717990528785;42,204095008160685;42,23628118051446;41,7218017578125;21,42791029999227;9,491691807533531;46,7521582932158;39,45293247600185;0,8199999928474426;15,0;14,43015472223389;8,380000114440918;31,7552893764968;30,150064100032807;51,053998121008306;13,706673007958077;10,710691313345764;32,102029320539074;32,759476634434755;158167,0
2025-11-28;28,520123879765045;61,966169041782116;37,01651596792676;18,22242908748954;12,848123853136224;41,68625749137232;42,302827655939765;41,72180355500176;21,55430239327177;9,463385542188306;46,527059275477725;39,24366330826724;0,8299999833106995;14,09000015258789;14,719879150390625;8,399999618530273;31,98580312295873;29,542627334594727;51,60893342957543;13,876357269393841;10,76429053433533;32,21529556918272;32,806214506157644;158078,0
2025-12-01;28,77533575384627;62,39135273482125;36,98726856433405;18,1008243560791;12,979802664669755;42,19450396524184;41,97010842086461;40,79766833858057;21,505690467686232;9,576607439930406;46,31174349764303;39,084215564029186;0,8199999928474426;13,859999656677246;14,626418137185462;8,390000343322754;32,400723837080996;29,24373308761626;52,008095289626006;13,932917291571936;10,901222972519616;31,856613223781437;32,338889555222345;158030,0
2025-12-02;28,656843511333143;62,6316788937749;37,24793585418877;18,137287520049245;13,026831839232209;43,0383929466627;43,1393771972416;41,314098544714675;21,663186670490923;9,718133075166117;46,52705938379654;39,24366081658148;0,8399999737739563;14,010000228881836;14,738570784255849;8,34000015258789;33,11069805044409;29,340149894347277;52,45594054008609;13,857503613736156;11,008623239657137;32,08315318421363;32,39496383300926;158612,0
2025-12-03;29,303994788933952;63,61145349041851;37,67937844484207;17,584835934357933;13,139698853671309;43,201419830322266;44,802974303610846;40,88827251603725;21,746384986148712;10,010621403926566;47,24150530358576;39,801722207821946;0,8399999737739563;14,399999618530273;14,374078297762999;8,600000381469727;33,69158957956509;29,667972710586948;53,61448604793407;13,876357793576567;11,142875931859725;32,21529906544103;32,058495893772765;161093,0
2025-12-04;29,577436039979226;65,33992437888489;38,06587871826715;17,856375154089054;13,026830803363273;43,252757366344966;45,12618683682718;41,76710517035369;21,902763561284587;10,54842164015709;47,87765142226196;40,13057874948788;0,8500000238418579;14,710000038146973;14,056316375732422;8,90999984741211;33,89443800471754;29,793316475467098;54,72435474784118;13,989479475777951;11,25922656086898;32,498469232407714;32,15196572294833;161759,0
2025-12-05;28,593040466308594;64,6282045632383;36,98727093798416;16,92001977929975;12,782284166937098;44,07615667214638;43,1108518240626;39,955078125;20,681055068969727;9,699264386036285;48,455080789505246;38,7453946125435;0,8299999833106995;14,279999732971191;12,934801352015384;8,819999694824219;31,68152764690213;28,443458212332953;50,82034399567978;13,046792455907227;10,972822271099096;31,15812878899086;31,179924507369677;157007,0
2025-12-08;28,70241727324786;64,23074341425259;37,050197397627684;16,90129127132201;12,78228438678147;44,94799633447679;42,78764619429051;39,61985779567237;20,935169338068253;9,869094197767339;48,8465578566221;38,15743579548565;0,8299999833106995;13,600000381469727;13,08433682330812;8,75;32,20709339598488;28,72307242586962;50,29461107332778;13,273037092931935;11,053374270296413;30,799451274874198;31,217309284563324;157369,0
2025-12-09;28,556581662442486;63,68540622970583;36,60976100690484;16,461197658763652;12,6600112072931;45,34516457830931;42,00812943181954;39,293694871216566;20,641963474014002;9,34073015404454;49,05208298384066;37,73888836289422;0,8299999833106995;12,770000457763672;12,523578962035458;8,569999694824219;31,902815750230044;28,636293473767527;49,866241340290834;13,093926642713678;10,86542183131667;30,072644645294897;30,72194443951745;155188,0
2025-12-10;28,747992616759856;64,93322132245133;36,95503322379769;16,873202124038592;12,359029750360913;46,013569838786346;42,654554451305955;39,63797488853553;20,83743241404942;9,331296316988537;48,95421651182112;38,057778749142486;0,8299999833106995;13,369999885559082;12,98153078511543;9,09000015258789;31,989999771118164;28,9255494284755;50,83007738814255;13,207049681662767;10,960528448464638;29,95937807694197;31,1518915333756;157628,0
2025-12-11;28,483665116457573;65,13657827675343;37,26860987874448;17,023015532197245;12,62238768611818;46,604482486603885;43,491108981045805;39,592678204552115;20,94494507800447;9,019937588046604;47,86786618728325;38,11757194918172;0,8399999737739563;13,369999885559082;13,028261602754931;9,489999771118164;32,29999923706055;29,12802648013285;51,793914942585296;13,25418489499873;11,075297255818954;29,94049704701346;31,09580719852408;158098,0
2025-12-12;28,565696443292047;65,87160517944477;37,39214757093436;17,341377669280483;12,979803259236851;46,47855048619724;44,52729090281149;40,06380512208368;21,1501885157553;9,057678235871402;47,642767006926384;38,785251247825435;0,8299999833106995;13,930000305175781;13,213997209876798;9,489999771118164;33,0;29,108743914846503;53,244530216947;13,414439864133668;11,151809038131901;30,082086585587138;30,890186143787112;159189,0
2025-12-15;28,79356439175774;66,63031847168956;37,914785466418856;17,61292318410899;13,196133050875865;47,52475004327815;45,18321971254496;41,676507026062104;21,306568289473436;9,274684937982975;47,075123547415515;39,87147652297844;0,8299999833106995;14,8100004196167;13,44198834840741;9,4399995803833;32,970001220703125;29,26301523035084;54,2181013503873;13,584124565124512;11,323967428347023;30,270862648268064;31,142531417615086;160766,0
2025-12-16;27,90031899543777;67,36957796000765;37,36363220214844;17,191565703474883;13,177321651883645;47,51506787698317;42,778137119084995;41,81240644551368;21,120869978555604;8,859541338489992;47,46660580202064;38,745394727381075;0,8199999928474426;14,3100004196167;13,20449737235013;9,4399995803833;31,350000381469727;29,224445343017578;52,09571838378906;12,886534548811165;11,094425201416016;29,978252410888672;30,525666607333342;158558,0
2025-12-17;28,091730064472785;67,54465949996245;36,8219973528858;16,73274803150837;13,073858884864237;47,76693197582513;40,46812062206053;40,181585677567696;20,798339962504606;8,567055160420995;47,79935564249297;37,61930305411131;0,8100000023841858;14,229999542236328;12,539522524352217;9,390000343322754;30,15999984741211;28,915905831124746;49,6423250766466;12,320923252681926;10,912705330935983;29,41191521343376;30,020961029605555;156351,0
2025-12-18;28,100843020539934;68,3909080966974;36,88851806425087;16,920019394379274;13,092670440673828;48,01879287225136;40,93294176169485;40,23594639649262;20,984037488943653;8,623663705519574;48,80741055329337;37,17086207674232;0,8100000023841858;14,15999984741211;12,625020034757032;9,420000076293945;30,100000381469727;29,089462097976288;50,08042774849675;12,377483801664777;11,01791123121339;29,638449218380014;30,506974826650012;157124,0
2025-12-19;28,228447914875122;68,45900311864852;37,24010320822287;17,107290534708866;13,043238659774063;47,75724189163405;41,16382142300994;40,49356533338909;20,925395998893542;8,708580081498772;51,284793085047184;38,28698423720234;0,8100000023841858;14,109999656677246;12,672518726997659;9,199999809265137;29,6200008392334;29,52020136623234;50,977361270238625;12,452898445147904;11,11145160520497;30,138717540023872;30,5069774709656;157906,0
2025-12-22;28,346942901611328;68,87726336190397;37,33512675618974;17,013653951235657;12,904267888862343;46,871115854008174;41,442801821266244;39,53741268008523;20,73969717978892;8,453832731778846;50,9848235717973;37,37016966475505;0,8100000023841858;14,0600004196167;12,311531069952672;9,119999885559082;28,950000762939453;29,23012217076074;50,29923739156512;12,434044694068703;11,101695519883458;30,355812776022663;30,030306736436735;157306,0
2025-12-23;28,395954268672924;70,5989594844051;37,762733560665694;17,11665067979891;13,043237832102967;47,407581670588726;41,79874239789717;39,9021272912429;20,827660486317207;8,585923883553804;49,9349270986822;37,589410306673116;0,8100000023841858;13,829999923706055;12,45402655621002;9,119999885559082;28,959999084472656;29,45251315892604;50,82011403331719;12,481180223014997;11,16998301395706;30,733374627598483;30,25461991177585;158144,0
2025-12-26;28,320735032399877;70,6378690998285;37,88750559525256;16,97620160211396;13,301322872231568;47,66587642793311;42,58757668757498;40,286561943612654;20,964492374418143;8,623663347281658;51,23479734471758;37,89833284676825;0,800000011920929;14,020000457763672;12,701017048899752;9,020000457763672;29,170000076293945;29,868292009671258;51,13460823603947;12,641435652433328;11,209004224619601;31,743351292893927;30,273310210098032;159359,0
2025-12-29;28,696838385229206;69,74297026106082;38,03431848928228;17,097923585113428;13,440292489184564;47,95398003693402;42,61643773642077;39,59655566342843;21,111097374952177;8,651969599697637;51,35478233523278;37,579441042019766;0,800000011920929;14,489999771118164;12,701016123104704;8,899999618530273;28,899999618530273;29,897300720214844;50,87908379644052;12,811120353626118;11,24802649027148;31,460175222727056;30,600440313217025;159702,0
2025-12-30;28,819073223759375;69,9472493093439;38,318167032456834;17,39518928527832;13,757935523986816;47,963911954364406;41,72178075130444;39,85284652052104;21,27725035523282;8,787363834683498;51,23479687428388;38,20000076293945;0,800000011920929;14,550000190734863;12,767513922625172;8,920000076293945;29,06999969482422;29,906971200567824;51,77248773369799;13,027938658759288;11,345582179560797;31,63951665322564;30,90852264149082;160491,0
2026-01-02;28,546397524518298;69,69434055865366;38,33592224121094;17,404754906167955;13,460144944650684;47,83476494694396;41,63520045273026;39,823272532908874;21,140415882646195;8,648667240788697;51,2847917252129;38,29999923706055;0,800000011920929;14,359999656677246;12,606021228095026;8,699999809265137;23,940000534057617;30,100353240966797;51,36840292366548;12,939304965776905;11,345582008361816;31,771665342868737;30,599066889049507;160059,0
2026-01-05;27,954031083653817;70,32660366743987;38,24779751006174;17,39415062066249;13,470070872755786;47,73541828827963;41,385082117532484;39,68527269581464;21,09155094949524;8,609040190040977;50,42487716674805;37,9900016784668;0,7900000214576721;14,279999732971191;11,808050781158455;8,65999984741211;23,790000915527344;30,09068489074707;51,2501349733875;13,074998548637332;11,355336907496314;31,625370031582015;30,645952754062087;160215,0
2026-01-06;27,85060374809068;70,89076190390179;39,129085540771484;18,17913403354405;13,529629244965843;47,28836537548332;41,8179819195585;40,789281080369086;21,423853682633332;8,916152325245688;49,93492782255789;38,790000915527344;0,8100000023841858;15,170000076293945;12,283033040925988;8,949999809265137;25,020000457763672;29,993992742446373;53,20158190573315;13,588693483673932;11,647999651884568;32,175537109375;30,69283997078142;161870,0
2026-01-07;27,76597924943438;73,5559790556798;38,37509014687946;17,901521942124056;13,499850429034788;47,218817783425315;41,55824066244105;40,217563736481324;21,1501885157553;8,688296145098166;49,874933616075616;38,16999816894531;0,8100000023841858;16,049999237060547;12,359029769929602;9,270000457763672;24,09000015258789;29,84895556218999;51,77249061732942;13,666232517975912;11,423624635528402;31,217485915792455;30,720970153808594;161746,0
2026-01-08;28,01044818018475;72,16501469707872;38,41426338779459;17,662193440747853;13,241764556578083;45,36106800205585;41,70254038390088;39,68526958014286;21,14041658055119;9,134102821350098;49,0250182330688;38,09000015258789;0,8199999928474426;15,289999961853027;12,42552727033247;9,5;24,06999969482422;29,66523822538492;52,235711539893664;13,685616593049984;11,482157759062337;31,33131105723892;30,542792226477374;161748,0
2026-01-09;28,33953869501886;72,17473865115127;38,94303537172809;17,643046516026875;13,509775448309249;45,36106546964657;41,29850185733021;39,921844963251935;21,189285389817535;8,747736404231;49,54496517605966;38,70000076293945;0,8199999928474426;15,229999542236328;12,577521346544756;9,800000190734863;24,43000030517578;29,63623117192662;53,50711252753099;13,908541087109752;11,765066295966715;31,88148365213678;31,077319144938826;162638,0
2026-01-12;28,40535911225915;72,47627886999611;38,66885757446289;17,518599868648764;13,668598001487398;45,51008704688866;40,36536302447737;40,23727553265642;21,10132172452556;8,500065803527832;50,804842383511215;38,0;0,8199999928474426;15,079999923706055;12,416027712703157;9,770000457763672;24,260000228881836;29,616892008192043;52,984752204987835;13,850387193636605;11,706533432006836;31,957370990905286;30,955412531054133;162277,0
2026-01-13;28,54639800263334;72,25255574121458;38,355506896972656;17,28884377077442;13,668598208273696;45,510084486879656;39,83626827014987;39,14312186819221;20,57354556682164;7,975003558801077;51,12480970031669;36,95000076293945;0,8299999833106995;13,800000190734863;12,311530762775298;9,640000343322754;24,010000228881836;29,230122875939408;52,00902845857152;13,792232202462417;11,618733580570867;31,682286661677978;30,336491894669688;161765,0
2026-01-14;29,336218131975894;73,5754348086713;38,40446987058552;17,38457544312009;13,827420094048275;45,76838025837065;39,566907153206216;39,38954946729084;20,671280758642876;8,103792340922855;51,4347741541717;36,86000061035156;0,8199999928474426;13,600000381469727;12,682017655770183;9,729999542236328;24,420000076293945;29,34615304689807;52,48210648002974;13,869772292077258;11,628489287007849;31,824570209853118;30,411511349322062;161974,0
2026-01-15;29,561883385792314;76,36709868637868;38,835320510094014;17,738779261879536;13,896904817393443;45,927331590736635;40,12486595879661;39,33041275911852;20,856983217636955;8,321741542094722;51,73474595366338;37,220001220703125;0,8399999737739563;13,149999618530273;12,59652012931588;9,739999771118164;24,760000228881836;29,55887794494629;53,477542173892765;14,179927298011831;11,735799352331691;31,350280218856994;30,252089732668434;164833,0
2026-01-16;29,975597612346153;75,45275570789285;38,6394716563736;17,872800511716335;13,896904156815978;45,20211529576669;38,585673662357706;39,241697569961964;20,76901825993939;8,252394637814596;51,01481797841523;37,02000045776367;0,8199999928474426;12,930000305175781;12,587021190028159;9,0600004196167;23,84000015258789;29,230123278390945;53,221291002910526;14,538544587841855;11,677266692929601;31,20800131740577;30,205204950651446;164100,0
2026-01-19;30,00380692757945;75,74457002318589;38,70802696592326;18,02596868701456;13,87705077517708;45,50014811593575;38,60490980428939;39,517700936689934;20,769018195175562;8,22267449262448;50,94482410816246;37,150001525878906;0,800000011920929;12,850000381469727;12,606020924397981;9,180000305175781;24,530000686645508;29,31714574567173;53,467688515423085;14,470699181150636;11,667510851626488;31,321826360198298;30,37399996530606;164265,0
2026-01-20;30,032012428251996;75,29712736717866;38,257592314608445;17,882372958217324;13,896904482906523;45,69884103204362;38,681867537965;39,202265243872425;20,641962275858262;8,103792340922855;50,744846239837564;37,08000183105469;0,7900000214576721;13,199999809265137;12,606020287669587;8,890000343322754;24,3799991607666;29,452514878923722;53,300139795615664;13,995772703317128;11,579712332311713;31,274399340063717;30,458398618992003;163575,0
2026-01-21;30,492744720831105;78,30278112238103;39,403262469268256;18,52376106879967;13,986242072973313;46,34458643330235;39,64386392950643;39,576843210698065;21,140416275192027;8,430718108575071;51,27478980307295;38,18000030517578;0,7900000214576721;13,359999656677246;13,100001961936544;8,960000038146973;25,469999313354492;30,342085494895613;54,67009492980943;14,40285126911664;11,852864114565522;32,517295307842275;31,80877384455907;166278,0
2026-01-22;31,273161386157128;79,83965919571611;41,028744218509814;18,84924688019724;14,214547033176169;47,258563772075;41,21192149969551;40,40485124078843;21,94185637134041;8,747735946302814;51,94472271717986;39,119998931884766;0,800000011920929;13,789999961853027;13,774476051642838;9,350000381469727;26,299999237060547;31,125294237132955;56,80880268326343;14,819623145664911;12,41868020968351;33,12446179721012;32,35266563983596;171817,0
2026-01-23;31,85612902572087;81,40571694853739;42,145038597816736;19,423624912072246;14,43292789597224;48,84808491094962;41,692920810292286;42,38615463680133;22,899677071813805;8,718015951963013;51,144806992225284;39,72999954223633;0,8100000023841858;13,399999618530273;13,945469234995763;9,510000228881836;26,610000610351562;31,48305994138741;57,47899549324531;14,85839312224384;12,847919718085143;33,74126788878725;33,80619640019869;175590,0
2026-01-26;32,946830989867706;79,93692800293691;42,380048113204374;19,50977799804676;14,621528564965852;49,67265374316333;42,55871777238941;42,59315554797554;23,34926253526581;9,15391622957007;51,5947565617742;40,0099983215332;0,8100000023841858;13,300000190734863;13,726977370802453;9,90999984741211;27,600000381469727;31,821480497785128;58,040777303454725;14,877778195493162;12,916207215375408;33,97257219813872;34,303210376491265;177694,0
2026-01-27;33,25711563789529;81,07499108632085;43,76073108556188;20,256474461359087;14,760498046875;51,252246893153455;44,6366315979679;42,78045054997586;24,013872230434817;9,520468784522501;50,90483035599044;41,09000015258789;0,8299999833106995;13,670000076293945;14,154460917437252;9,989999771118164;28,34000015258789;32,2856012874377;59,80496539938678;15,304241631418426;13,335691316145104;34,65684474929663;34,69706367646288;178853,0
2026-01-28;34,31961462363271;82,67995308847922;44,68118350656268;20,41921968699085;14,700940160193033;50,38793872712636;45,92570275066883;42,869162995717176;24,160475811625254;9,589817596119019;50,96482479856337;41,060001373291016;0,9200000166893005;13,460000038146973;14,562946019412205;10,670000076293945;29,639999389648438;32,15990248317616;60,1893397915576;15,565933409089848;13,521044591896239;35,17727600097656;34,903378876727245;181921,0
2026-01-29;35,32569414123888;84,4405484088391;44,70077308793993;20,256477989921315;14,492486446034713;51,25224227123897;45,146487920461446;41,69614473424011;24,47323754127023;9,391680288530267;49,235001352161376;40,130001068115234;1,0;13,180000305175781;14,315955504609754;10,489999771118164;29,149999618530273;31,9278448985353;59,00664248050926;15,72101095421062;13,413735074361517;35,3507498464961;34,81898055438983;181567,0
2026-01-30;34,808552022332286;81,70725111882557;44,044694920930475;20,151171877353985;14,641381427074357;51,192634925953726;46,08924092079651;41,11456953238713;24,209345099183874;9,49074886268703;48,91503110095603;40,5;1,0099999904632568;12,859999656677246;13,973968210472558;9,9399995803833;29,389999389648438;31,560410251678306;58,503999130903075;15,54655108175246;13,208870156120716;34,75322319459554;34,91275198596317;180089,0
2026-02-02;34,43244547341065;81,74615856751093;44,50312709348059;20,400072969396913;14,730719341563;50,98400969331149;46,58948201035029;41,262429442279185;24,5709680893213;9,54028300538873;48,545068838918716;40,5;0,9200000166893005;12,699999809265137;13,973968209750446;9,970000267028809;29,920000076293945;31,599088902273365;59,35159766454377;15,740397838893355;13,355202112611623;34,91706049099966;34,92213257840265;181348,0
2026-02-03;34,92138386880362;84,06119786429656;44,95373948215176;20,667110570652568;14,96895169916552;51,89798958138676;47,95551295738933;41,60743390325565;24,89350268427807;9,877115575923735;48,76504714909869;41,09000015258789;0,9399999976158142;12,800000190734863;14,505948382226393;10,0;30,809999465942383;32,256594230256866;60,08092450507871;15,75008930913169;13,599087781352933;34,26169944796073;35,090923370295414;182816,0
2026-02-04;34,761538563282386;85,1603607096862;43,15128151073554;19,795199799033416;15,09799380694461;50,85485998704371;47,397557603863;40,29642078091411;24,30708198187238;9,570003342045831;48,34508625538509;39,86000061035156;0,8500000238418579;12,260000228881836;14,268457387913378;10,039999961853027;30,149999618530273;31,5894163361614;56,779233370244754;15,168547627598068;13,062538419749073;33,297939142813;35,400383705710674;180269,0
2026-02-05;34,69572423119413;83,8861105667157;43,82719698110661;19,59399251055658;15,068215834069651;51,09329472284773;48,090194612305545;41,01599884033203;23,642472734499336;9,560096740722656;49,63495650670402;40,380001068115234;0,8199999928474426;12,050000190734863;14,43945026397705;9,899999618530273;30,690000534057617;32,03420527219662;57,242459160467114;15,343010877589006;13,296670103535963;33,07627472844874;35,64419950742735;181569,0
2026-02-06;34,27260181412329;82,87449153624523;44,18965254981634;18,99994624443048;15,217110586730133;51,162832950980736;47,628437192789875;40,187992377260706;23,271072088433503;9,153916516546158;50,0049173752728;40,150001525878906;0,8199999928474426;11,6899995803833;14,31595487706457;9,460000038146973;30,770000457763672;32,15990201561897;58,168900754395146;15,8760894780462;13,345446420898698;31,92940092529291;36,00055425326862;181391,0
2026-02-09;34,36663006981891;82,32005210431089;45,786403081915495;19,479014691474774;15,048361773817646;51,37145299118088;48,4365134948033;40,81885400808543;23,6913410896551;9,95637073758317;50,134906584605424;40,70000076293945;0,8299999833106995;11,359999656677246;14,458449684376097;9,489999771118164;30,549999237060547;32,21791910179224;57,69582448183027;16,399477676944493;13,803953326873708;32,67149976557829;36,206855904871034;182950,0
2026-02-10;34,70512462726233;83,8958363533932;47,20681424270585;19,881435033672634;15,187331953506009;51,679428761246484;48,09019555602707;40,572425484467296;24,12138370442699;10,461619146446083;51,04481454332756;41,04999923706055;0,7599999904632568;11,3100004196167;14,31595516204834;9,359999656677246;30,770000457763672;32,01486316281012;57,29173658079337;16,55455544170072;14,194170042903705;34,50263937364644;37,18213174058797;185083,0
2026-02-11;35,438527252456026;86,06497083889711;47,60844885187069;20,140132731022767;15,51490214337024;52,28543694847584;47,82083578563731;40,87799727454623;24,180023926349456;10,620128812961175;52,894630013195524;41,459999084472656;0,75;11,1899995803833;14,486949307746134;9,279999732971191;31,059999465942383;32,70138234663895;57,85351533740466;16,612709769442386;14,340501626703505;35,05198268661656;38,21366498639898;185936,0
2026-02-12;34,60169407314315;86,64859497054056;46,89333690144414;20,34134292602539;15,782912676032044;52,24569472515897;48,2344938523312;41,282142512273296;23,974778063446745;10,045531923845644;56,824229468294725;41,29999923706055;0,6299999952316284;10,699999809265137;14,144961678003122;8,699999809265137;30,40999984741211;33,001129150390625;57,419858047040925;16,58363203491911;14,233191955708275;33,98221206665039;37,98859991918222;186959,0
2026-02-13;34,347822034326526;83,67211412620583;45,64924845847727;19,55567102815751;15,98143999871208;52,802030775326536;48,04209389846188;40,90756977761817;23,974777730327627;9,678979580056321;57,31417904748265;40,560001373291016;0,6000000238418579;10,399999618530273;13,926469857299804;8,399999618530273;30,059999465942383;32,20825014528405;56,532840546032986;16,55455593328402;13,862485883315857;32,86424620256277;38,157390304383846;183662,0
2026-02-18;34,6487055274793;81,2792581521502;46,55047888807238;19,83352781544588;15,892103756146266;52,89143918889491;48,85016815883819;41,83414643959618;24,77621926613587;10,045531892504734;56,764234348807705;40,52000045776367;0,6200000047683716;10,0600004196167;14,562945694587759;8,489999771118164;30,639999389648438;31,918172331828796;58,74053492907703;16,922863742228685;14,116128177441084;33,33649030526939;37,894824175913584;185001,0
2026-02-19;35,20346103722331;80,08283714969237;46,95211779146997;19,929342920194276;15,931809040505682;50,51708394320802;49,158008843361216;41,972152625947096;24,98146483218747;10,154507386649316;56,88422160981077;40,689998626708984;0,6100000143051147;10,149999618530273;14,64844259693007;8,390000343322754;31,209999084472656;31,966520622633755;59,51914654067117;16,951941608431834;14,20392745713672;33,3846811182089;38,091748779223686;185928,0
2026-02-20;35,212863917321265;81,14308110960346;47,04028498625428;20,15929617500305;15,594312602914322;49,573306919779135;49,7063464086762;43,26345309530561;25,56788362174571;10,28329560555942;56,0343087538522;40,7599983215332;0,5799999833106995;10,359999656677246;14,553446485837396;8,40999984741211;30,8799991607666;32,01486361599437;59,99222234278035;16,913174209979136;14,320992432905202;33,93402028142423;37,463459562321674;186700,0
2026-02-23;35,58897061062866;84,06119718888951;46,32518282976734;20,264691681689598;15,70350172806199;50,884667129797634;48,94636998519658;42,563587366684004;26,06633894835839;10,223854493439886;56,214289751430776;41,290000915527344;0,5899999737739563;9,970000267028809;14,619944857055279;8,289999961853027;31,239999771118164;32,11155613456231;59,49943262681571;17,116712234621726;14,223437729927316;33,35576629638672;38,15739713576966;188526,0
2026-02-24;36,53863637952504;85,0144470504202;46,28598965462299;20,16887681124007;16,110483703857366;50,89460342628147;49,44661541282569;42,583303067017376;26,272501762780742;10,00590521289392;56,994209578862126;41,689998626708984;0,6100000143051147;10,079999923706055;14,762438470535995;8,5;31,34000015258789;32,6046885168943;59,164336719556296;17,252405540042552;14,24294707665607;33,365405358946894;39,16178192484773;188855,0
2026-02-25;36,698479436208444;86,09415613606198;46,10966418729724;20,1880390252884;16,140263161856172;49,63290865148816;48,551952293162;41,922862309889105;26,883489854951343;9,32233287090807;58,06410253831364;41,7599983215332;0,6299999952316284;10,09000015258789;14,904932035245054;8,529999732971191;30,979999542236328;32,140567712152716;59,62756085476133;17,514097275928485;14,135636974345582;33,076274888238345;39,54719924926758;190419,0
2026-02-26;36,642067421236504;84,66427837848772;46,19782882916582;19,833526329568567;16,23952682091711;47,795027264816085;48,523092825550584;39,47826889573178;26,587850826320462;9,381774496977592;58,36407179917934;41,970001220703125;0,6299999952316284;10,300000190734863;15,009428627806015;8,420000076293945;31,200000762939453;31,61842856800186;60,36674272388319;17,291174332913958;14,135639146032847;32,85461026018291;39,5472027702989;188977,0
2026-02-27;36,98056411743164;85,85097721059859;45,33578173210209;20,235947326556737;16,130335271318284;48,39109831964442;48,628910467550256;39,67541544941063;26,479449529691447;9,26289176940918;57,904119094337965;41,66999816894531;0,6299999952316284;10,430000305175781;14,800436973571777;8,489999771118164;30,489999771118164;32,14056793786006;59,92323269166257;17,281484651013987;13,901508218841181;32,18961704475023;39,67880750940963;188478,0
2026-03-02;38,099473419756286;84,90745155303908;44,667432613959804;19,641900093022553;15,753133647048388;48,11293114088895;47,04162095843421;38,46296968660884;25,72064090958073;8,807177247133072;57,40416835021021;41,06999969482422;0,6200000047683716;10,199999809265137;14,344453849254052;8,300000190734863;29,639999389648438;31,927843001793313;58,415298613557454;16,951942525721464;13,612458796357489;31,563170964782675;39,4061919283507;186638,0
2026-03-03;38,31573459190705;80,29683445340352;42,57026898798848;19,103220519791158;15,038436022960136;45,748512017186485;45,55052121582844;37,506818174495095;25,07637056777181;8,470345495354398;56,45426395004512;39,38999938964844;0,6100000143051147;9,850000381469727;13,726976460226673;7,800000190734863;28,530000686645508;30,574148755754138;55,10374980724356;16,603017665681737;12,947959887337408;30,55122317075026;38,15594687018514;180518,0
2026-03-04;37,54471952805258;81,2987177727021;43,62864591235044;19,323789801244796;15,286594714342817;46,51347140412161;47,56109418479801;38,09825247217749;25,44194549997717;9,035034431551976;55,584355254031195;40,86000061035156;0,6000000238418579;9,949999809265137;14,258957846987641;7,900000095367432;29,479999542236328;31,46372087628275;57,72539110220048;17,194254239055063;13,31929747525615;31,640273579586406;39,08658782597838;183110,0
2026-03-05;37,59172935438071;78,35142050225312;42,462477518110845;18,988138079848802;15,147625588745885;46,175692525716556;44,81940981711945;37,16182001543851;24,671276417363696;9,04494196318645;55,53435868823903;40,40999984741211;0,5899999737739563;9,600000381469727;13,802974417792461;7,510000228881836;28,100000381469727;30,641832205495348;56,17803208350549;16,893788837726902;13,045680196068956;31,052377664292198;38,983183113038315;179895,0
2026-03-06;38,945709676390166;76,26009886107715;41,79608754309791;18,547001710259703;14,84983524945152;45,87766320126935;43,50147285166323;37,32938692806528;24,11797816449461;9,015221449436892;54,504462869328606;39,83000183105469;0,550000011920929;9,449999809265137;13,831474310302069;7,179999828338623;27,43000030517578;30,438779393313105;54,729227913339855;16,360707228924603;12,860011521229545;29,944051524890163;38,64476466596134;178557,0
2026-03-09;40,1210411649454;74,46059573659228;41,50209155022897;18,326432844201793;15,01858336138344;45,56968896320724;42,472137076333624;36,86609651359977;24,019172974950845;9,064754966566955;53,89452728888789;39,599998474121094;0,5;9,300000190734863;13,574983278060873;6,960000038146973;26,68000030517578;30,6224942124141;54,11817033899375;16,06993768173367;12,81115048547587;29,838039060824638;38,25935272436362;177637,0
2026-03-10;39,519270517840674;77,49543780313256;41,962690262702395;18,87306228987088;15,276668831684846;45,89752993504419;44,25182895912307;37,75325169578981;24,35510516077807;9,510563110638433;54,71444482569872;40,689998626708984;0,5099999904632568;9,350000381469727;13,87897177838125;7,090000152587891;27,56999969482422;31,2509946926865;55,931636368186794;16,83563516426818;13,006592578472045;30,49339454911032;39,039581951132845;180693,0
2026-03-11;40,647585162491566;76,64918838128798;42,3350770850682;18,930602044470277;15,088067991645062;46,294908735792326;44,492330341231806;37,437820418609405;24,523070442441956;9,867208970262416;54,544457705091745;41,22999954223633;0,4300000071525574;9,380000114440918;14,287457151814161;7,079999923706055;28,100000381469727;30,902900469649534;56,50327460385405;17,252406161719563;13,094540233831548;30,628324352653408;36,877503377687766;182021,0
2026-03-12;41,55964527234998;75,54030248345678;41,45309035015095;18,374382754066307;14,760497792432814;44,7848626259077;42,6356737905653;36,48166486456214;23,880848555854868;9,243078062609122;53,1046050546579;39,54999923706055;0,46000000834465027;9,210000038146973;14,163961756457661;6,039999961853027;27,229999542236328;30,429108373089495;54,837642331624544;16,47701845120615;12,820923408352158;29,40434641571687;37,61072311666825;178495,0
2026-03-13;41,64426651920051;75,89047042750848;41,482495852373845;18,096276578511432;14,760497872877448;45,60943171606742;41,308118698618046;36,00851423530381;23,406592038642053;9,06475458701063;53,08460714375501;39,7599983215332;0,44999998807907104;8,670000076293945;14,249457384025828;5,670000076293945;26,329999923706055;30,342084886093904;53,950621380933214;16,331632330300103;12,830695226642684;28,999566927709303;38,19355839704879;177322,0
2026-03-16;42,12380282689388;76,65890748979477;41,99208176141499;18,220943450927734;14,98880386352539;45,26172127574139;42,16429878150709;36,284525694729794;23,535033754225413;9,480842216577038;52,9146237309468;40,439998626708984;0,44999998807907104;8,539999961853027;14,25895753203314;5,849999904632568;26,6299991607666;30,72885744161246;54,620813495083574;16,58363336178049;13,02613558440387;29,27905650130952;38,15595245361328;177656,0
2026-03-17;43,06406247468212;76,48382263785795;41,42369586319127;17,914065457606846;14,839908146189337;45,440545905869186;42,6549204420989;36,3140942475117;23,367068189416408;8,955780029296875;52,854632019031186;40,349998474121094;0,5;8,609999656677246;14,363452911376953;6,039999961853027;26,899999618530273;30,622493044311085;54,7489400269598;16,690248584841477;12,928415738268953;28,989929204392414;38,15594862520406;179850,0
2026-03-18;43,76925975811932;74,9469542225338;41,42370024039629;17,837346827071975;14,631455421447754;45,62930195325754;41,99114494478375;36,136662298656894;23,129940032958984;8,767550468444824;52,34468303561742;40,09000015258789;0,550000011920929;8,109999656677246;14,116462110969547;6,059999942779541;27,049999237060547;30,50646224666449;54,601106995194534;16,58363588982267;12,967502859154637;28,575511932373047;38,12774426428656;179576,0
2026-03-19;43,9008955621984;72,0385539840375;40,541716262175754;17,329073955592307;14,333664089511382;44,65571459145816;40,653960761858805;35,64380122177306;22,61615902799392;8,361368916999025;50,96482465165614;39,279998779296875;0,5400000214576721;7,0;13,840973533086784;5,75;26,280000686645508;30,100354263254935;52,728501194316564;15,876090402488805;12,75251869669368;27,929791834629263;37,422723165606314;176296,0
2026-03-20;42,23662834773098;72,67081579799151;40,70866839803723;17,377024539710543;14,224474936452435;45,1425073287443;40,97142296533564;36,067661365942485;22,734725517946686;8,192953894753773;49,56496521282009;39,869998931884766;0,5299999713897705;8,5600004196167;14,0119667167667;5,840000152587891;24,829999923706055;29,993993610159993;51,07273037213135;15,459319074299339;12,804566899441864;27,958703861256183;37,67653565344357;175039,0
2026-03-23;41,67247348006927;73,89643003006076;41,55840641927914;17,981194194994476;14,423002063698382;46,07738210092343;43,05895015129737;37,40824557264065;23,297905792661453;8,50006524457379;50,09491141796091;40,40999984741211;0,550000011920929;9,239999771118164;14,401451459424425;6,099999904632568;25,639999389648438;30,313079430686777;53,41840991610713;16,147477001219052;13,159427706883;28,488773018379963;38,04314422607422;176221,0
2026-03-24;43,60001617110831;74,47031751178076;41,45959562346057;17,856523829208427;14,393222178157133;46,31633504707205;43,91513177422301;37,75324995571478;23,120060051770697;8,430717850794371;50,31489038293805;40,68000030517578;0,5400000214576721;8,989999771118164;14,410952568670313;6,340000152587891;26,100000381469727;30,37109438549606;53,142445483716095;16,341324017230246;13,07071344684664;28,344209331376398;37,47912414133376;179915,0
2026-03-25;43,53419316080981;76,84372459066454;42,33898755856335;18,36479316517344;14,681087270285612;47,46129351607959;45,598624617883885;38,64040101077401;23,446112420860704;8,737829049187084;51,06481090296981;41,70000076293945;0,5400000214576721;9,510000228881836;14,878759384155273;6,510000228881836;27,700000762939453;30,777201729470384;55,478268807004895;17,233021509451444;13,415716623710905;28,98029137950272;38,55076292463602;182524,0
2026-03-26;44,681319387803384;75,88075108603401;41,43983840942383;18,029144204545425;14,700940541341609;47,092916458661236;44,14601169013344;37,83211135864258;22,645801743707512;8,361369132995605;50,52486492597211;39,95000076293945;0,5400000214576721;9,789999961853027;14,445116138694823;6,429999828338623;27,360000610351562;30,40010127062358;54,00975458983072;17,039174128911306;13,188999584203286;28,508049018699197;37,80900955200195;182570,0
2026-03-27;45,254876225260574;76,0363798433623;40,68890791122689;17,683906148251165;14,63145488465943;46,714578133411045;42,78959599255747;37,17797826477521;22,25058766146926;8,00472325513317;50,31488874456373;38,849998474121094;0,5;9,319999694824219;14,13674965690464;6,170000076293945;25,829999923706055;30,255062668462962;52,36383855059595;16,68055534362793;12,981996700233482;28,238195421755833;37,45124664009725;180976,0
2026-03-30;46,53363674905048;77,12581088464215;40,738306809650524;17,62636521260566;14,621528045174284;48,16818980237467;43,40699420531183;37,0888945469287;22,052979992923767;7,846214308027925;50,104911727317564;39,040000915527344;0,5099999904632568;9,4399995803833;13,462193856171456;6,099999904632568;25,84000015258789;30,496795263553768;52,097733821347276;16,38009278812297;13,050996995809607;28,247833165660932;37,488904485230734;181560,0
2026-03-31;44,80355348469494;78,39032447682295;41,647334654374525;17,86611662835392;14,829982482373094;49,203635431471454;43,757367640145226;37,158183086049206;22,181424550590318;8,17313945436348;50,6348554668464;39,91999816894531;0,49000000953674316;9,90999984741211;13,78983503876764;6,210000038146973;26,3799991607666;30,883565228203018;53,645092995409605;16,787171175583843;13,22842823705825;28,77790212247837;37,84666241402454;182515,0
2026-04-01;43,976118977071074;80,32600838684544;42,999213822519714;18,39356297247665;15,068215272300069;50,52781446107584;46,01530718967972;38,56373901382861;22,853288837989158;8,63876177390111;51,72474512379933;40,11000061035156;0,5;10,0;14,358387896031719;6,389999866485596;27,40999984741211;31,521731520154592;55,81336908742942;17,85763643923715;13,790291803847408;29,654924166793844;38,392704651607005;187256,0
2026-04-02;45,085632052514406;79,13931168541612;41,98107089887963;18,056337554695656;14,98880471633097;49,18372494720927;43,815761584483425;37,37594167932084;22,527238044611902;8,371276546620356;50,49487045107652;39,52000045776367;0,5099999904632568;10,050000190734863;13,886199642070666;6,289999961853027;26,649999618530273;31,018934911500367;54,551823006464005;17,28346656978521;13,55371728133214;29,31760741548394;38,43036884258295;185214,0
2026-04-06;45,01981026476419;80,54000450370579;42,702675541885455;18,373114183504246;15,187331437583824;49,850788985828544;45,53841484606493;39,17743656531262;23,001495036814518;8,579319980661314;49,364983084079114;40,31999969482422;0,5299999713897705;10,619999885559082;14,011474315128439;6,389999866485596;26,6299991607666;32,063212870085124;56,27658825851122;17,857636275255338;13,662146927992417;29,789850138353206;38,29856629844152;187811,0
2026-04-07;45,50874902891692;80,34546321507516;42,14911895996318;18,298932071844707;15,107921238973395;49,32311220412228;44,701422619180214;38,474653505268094;22,754485344007396;8,500065593259176;46,35529275299918;40,09000015258789;0,5099999904632568;9,899999618530273;13,944019415865899;6,269999980926514;25,299999237060547;31,734457331849452;55,7640906804788;17,31266317357982;13,494573422813781;29,327247412150577;37,90314569587191;185885,0
2026-04-08;41,86993009027455;82,41732546270126;44,18540571209248;19,332330145824518;15,534754316276342;51,692690007907274;48,0396728515625;40,05838497903817;23,861086934100683;8,866618156433105;46,44528460768359;42,63999938964844;0,5099999904632568;11,1899995803833;14,917304352203042;6,639999866485596;27,299999237060547;32,9527834354059;60,199197566725104;18,198245339401048;14,194438437994798;30,223543112148924;39,418901549799635;188260,0
2026-04-09;44,220588223722636;81,96015437392997;44,47206713469117;19,48831632226965;15,733282595009308;51,67278138718823;47,31946622320311;40,13756622653692;24,078457354335946;8,866618434080962;47,0952160218199;43,33000183105469;0,5299999713897705;10,84000015258789;14,849849474521974;6,599999904632568;26,860000610351562;33,18484069535792;60,98765903487734;18,169048578043313;14,283153658214482;30,300643595376116;39,49422017589166;192206,0
2026-04-10;44,69071729596419;82,27141817970276;45,243085315473536;19,829530339128414;15,921882377959657;52,08098291238246;47,39732597023011;40,75125600193927;24,41438760083061;8,945872568455448;46,97522656975278;44,20000076293945;0,5299999713897705;11,84000015258789;15,032944536707086;6,420000076293945;27,34000015258789;33,745662183383864;61,35232363556819;18,694559665596586;14,440869309889832;30,811435605653887;40,059093341731554;195129,0
2026-04-13;46,30797408917779;82,60213672701688;44,71918318478949;19,615053602353782;15,73328183362874;51,81216812133789;46,43380847836155;40,26624523365996;24,137739352804296;8,836897844492654;46,915231460617385;44,279998779296875;0,5600000023841858;13,0;14,849849910749136;6,309999942779541;27,100000381469727;34,53853725241669;61,37203513776268;18,305292952000134;14,26344053860128;30,503034335501116;39,089386704946236;196223,0
2026-04-14;44,82235549348577;84,80045229050275;45,322163182822294;20,160998914735032;15,713427835403683;50,3685130028922;47,883951685481506;41,31546549971101;24,453907956822977;9,074661454256242;47,50517133211021;44,61000061035156;0,5600000023841858;12,800000190734863;14,849849739631464;6,559999942779541;27,760000228881836;35,95991389840238;61,90424845166382;18,568047684676706;14,52958504502384;30,763250247967967;38,87285402251379;198002,0
2026-04-15;43,93850910738246;85,49107111019204;45,836177712374536;20,0927543609011;15,624091101909961;49,09411621547638;49,05185165368028;39,39519217313464;24,00929112189091;9,094476194330415;47,49517739498058;44,79999923706055;0,5600000023841858;12,149999618530273;14,637846365364162;6,510000228881836;27,040000915527344;36,38536469380753;61,8155486776673;19,025435693312367;14,549299664091086;30,252456523516177;38,92934156743485;196966,0
2026-04-16;43,96671490515405;84,72263630032731;45,98445210356024;20,307234124701324;15,187331976759456;47,94915178888614;49,29516811401868;38,504353258686116;23,64371923847185;9,094475579382756;47,45518059931106;44,939998626708984;0,5299999713897705;12,25;14,502936363220215;6,610000133514404;27,049999237060547;36,810811839911025;62,475884330596536;18,937850319842727;14,539442175237683;29,982602892770995;38,326805461466876;196354,0
2026-04-17;42,18961896700828;85,40353569690616;46,21179920933062;20,599707670597457;15,197258405026584;48,38722376967955;49,772056579589844;39,13783824629933;24,00929112189091;9,124196539459588;47,13521206485182;45,130001068115234;0,5099999904632568;12,229999542236328;14,695666122027788;6,75;27,520000457763672;36,15330298968208;62,68285369873047;18,889195171267463;14,539442175237683;30,26209250640574;38,26089971458905;195368,0
2026-04-20;43,731649113170384;85,62725302948309;45,69779013847332;20,43397154857532;15,167478233195213;48,02880645044317;49,499548049688975;38,603333082179745;23,890728420846973;9,035034056723626;47,495174367979274;44,83000183105469;0,5199999809265137;12,069999694824219;14,522208440869225;6,679999828338623;27,3700008392334;35,988926273615405;62,32805023160579;18,5972432336897;14,500013400689014;30,23318275158896;38,12910262522063;195282,0
2026-04-22;44,42744446722433;84,83936309814453;44,462184483831294;19,839281974308186;14,889540672302246;46,41589046140939;48,915595667951365;38,05892785773537;23,0805394763235;8,866618156433105;47,32519352928151;43,599998474121094;0,5199999809265137;12,220000267028809;13,99220230488551;6,639999866485596;26,950000762939453;35,292736943022256;60,721552653258165;18,392878517026567;14,184583054613372;29,518320083618164;37,03700668839926;192687,0
2026-04-23;44,72042776515026;83,37057627665514;43,612076099498125;19,429819691556823;14,631455421447754;47,09291735114263;47,79635763532781;36,96021446930943;22,59640003775981;8,54960000343208;46,50527493301705;43,5099983215332;0,5;12,510000228881836;13,693469072272402;6,389999866485596;26,56999969482422;35,34108173070402;59,6275593233618;18,149585178861482;13,93815075172108;29,096770224136925;37,084081040800996;190930,0
2026-04-24;44,29134215736897;83,40948728107028;43,3847334128823;19,33232921672193;14,353516453429181;47,16261101464293;47,105353314067024;37,05919705953343;22,329630322715552;8,450530805361414;45,345393067268574;43,779998779296875;0,5;13,300000190734863;13,548922899958502;6,329999923706055;26,450000762939453;35,39910207131086;59,28260645018625;18,14958630791498;13,888864427601359;28,94971730271325;37,4418331366495;189963,0
2026-04-27;44,97787674678875;82,5729546982343;43,47369073914597;19,215341882078157;14,393222681313722;47,4115149720242;47,008027055811695;38,039127349853516;22,240705490112305;8,470000267028809;45,25540185899755;43,38999938964844;0,47999998927116394;13,100000381469727;13,279100377980347;6,389999866485596;25,030000686645508;34,75126025887899;59,52900243961372;18,178780920403042;13,888864220169404;28,979126533048312;37,38534927368164;189579,0
2026-04-28;45,25440585610704;81,75589260975231;42,702671336438286;18,86437747782535;14,29395951390515;46,804185312770215;45,363233389809686;37,34624632057956;21,98381605442527;8,399999618530273;44,6754627207252;42,380001068115234;0,4699999988079071;11,920000076293945;13,1730988233973;6,309999942779541;23,950000762939453;33,619957405151055;58,13933747667839;17,585148084540418;13,632576345931211;28,577184109103467;36,199671903664544;187237,0
2026-04-29;45,7693071135223;77,08689687064219;42,26773440295126;18,532910914909316;14,214547365946755;43,70780765298983;43,98121694775928;37,19777527865543;21,40087434094802;8,079999923706055;44,62546942636091;41,45000076293945;0,46000000834465027;11,569999694824219;12,835820736354565;6,159999847412109;23,110000610351562;33,358889014883374;57,27202571732934;17,26400271978226;13,445289002934265;28,077205657958984;35,87865332461651;184504,0
2026-04-30;46,045834413059666;78,0206927922798;42,6334841244891;18,727888841372383;14,254252682471314;43,906926118903556;44,399713538673225;37,58381078261115;21,638003129661342;8,079999923706055;43,060001373291016;41,900001525878906;0,46000000834465027;11,510000228881836;12,893639968088179;6,230000019073486;23,25;33,65863909639499;58,00135165615558;17,400245977050886;13,573432230424942;28,17524106309188;36,086365605137985;184759,0
2026-05-04;46,646551876088296;76,50327898603369;41,7811977897069;18,328179137240177;14,32373829952682;43,83723348947682;43,69897442573099;37,23736785053128;21,578722100071015;7,989999771118164;42,45000076293945;41,70000076293945;0,4699999988079071;11,229999542236328;12,884003963855022;6,079999923706055;22,190000534057617;33,94871456623723;56,9467830182987;17,25426958063805;13,396002471905359;27,998777389526367;36,76617343722088;185538,0
2026-05-05;46,08397376304719;75,84183936343848;41,65264115621058;18,43438841024939;15,445417048492558;43,27968726069887;43,94228389149712;37,53431575417613;21,647885748196977;8,0;42,310001373291016;41,650001525878906;0,46000000834465027;10,989999771118164;12,980369524764088;6,079999923706055;22,1200008392334;33,070181602121906;56,99606253049715;17,25427045012665;13,366431080106782;28,077204417949186;36,80394598689625;185364,0
2026-05-06;44,42483572252354;77,91370130413776;41,079075204863166;18,668598887234985;16,457905786095722;43,80736474270613;45,66493548476933;38,25689182764557;21,80596923828125;8,020000457763672;42,310001373291016;43,15999984741211;0,4699999988079071;11,779999732971191;13,732016357105532;6,400000095367432;23,010000228881836;32,98194517694038;57,34101640891902;17,643536718574936;13,267857414909518;28,43993535242006;36,65287638208048;186762,0
2026-05-07;43,09943464689263;77,42734875662362;40,0703901839946;17,975724307688335;16,19982046906303;44,11600875854492;45,02259478198099;36,76224810622287;21,430517196655273;7,900000095367432;42,810001373291016;41,83000183105469;0,47999998927116394;11,760000228881836;13,895836850944004;6,550000190734863;22,6200008392334;32,78585448098777;56,17803211908364;17,234805600588352;13,06085531964904;27,861528396606445;35,963625680940005;182868,0
2026-05-08;43,54758834838867;78,16660412523308;40,52528551602462;18,053795028663583;16,06085112769315;44,514257871104704;47,231870025692345;37,62339740999355;21,489798746714417;7,150000095367432;43,2400016784668;42,25;0,4699999988079071;11,770000457763672;13,722378475723351;6,650000095367432;22,15999984741211;33,51137955753276;57,22274532857489;17,390514472182257;13,159428845364245;27,920349461195464;36,076927752414086;183217,0
2026-05-11;43,52852011674864;78,97394777664368;39,66493961004393;17,604889416352133;16,050924050576242;43,82727690097998;45,226976923347266;35,51506791254966;21,282312393188477;6,900000095367432;42,91999816894531;41,2400016784668;0,46000000834465027;11,25;13,221281051635742;6,570000171661377;21,700000762939453;32,88390000324444;55,744377483715446;16,962319988567216;12,991855418329338;27,106659829776184;33,508774166222494;181615,0
2026-05-12;43,29014241671522;79,5089349792515;39,32871197095588;17,497543994792288;15,981441154181747;42,85156893762117;44,740350089619774;35,28740638810391;21,064943313598633;6,800000190734863;42,68000030517578;40,59000015258789;0,46000000834465027;11,90999984741211;13,124916145756512;6,460000038146973;21,610000610351562;32,35446348917108;55,61625190294785;16,757954424631084;12,804566136176438;27,0380347807776;33,80146843678095;179939,0
2026-05-13;42,29847077625141;80,74427082899182;38,93315229870153;17,214535631729085;15,73328141875184;42,00528871220989;41,55782011551498;34,00062369748592;20,472120082828976;6,960000038146973;42,150001525878906;39,08000183105469;0,46000000834465027;12,239999771118164;12,556361895481949;6,360000133514404;21,59000015258789;31,95248514222329;53,73379478807672;16,018345231388956;12,6271369349583;26,48904037475586;33,537100588765014;176787,0
2026-05-14;42,31753986904934;80,37463863959867;39,54627827372876;17,35116141787602;15,634018360134988;43,38920469617174;41,908193952209224;34,228291537096766;19,503844553164807;6,829999923706055;42,599998474121094;38,709999084472656;0,4300000071525574;12,609999656677246;12,82618461517356;6,260000228881836;21,700000762939453;31,86424446105957;54,40398880826415;16,135129271702702;12,725707845957526;26,60668182373047;33,45211970884985;177104,0
2026-05-15;42,8896578364445;78,04987978432914;39,14082734195815;17,048635509913957;15,385858644553416;42,642487743462304;40,88627518369479;33,565103947825605;20,05714397118963;6,599999904632568;41,70000076293945;37,93000030517578;0,41999998688697815;12,359999656677246;12,864730922940957;6,21999979019165;20,200000762939453;31,305394774863753;53,1720128570568;16,008615333570468;12,735565891426061;26,234148816053057;33,05556664241423;175417,0
2026-05-18;42,40336061944132;78,84749404082355;38,86392896150828;17,068156646020633;15,495047898174409;41,826075509198716;41,21718028112823;34,149100847231416;20,00774435382307;6,610000133514404;41,119998931884766;38,290000915527344;0,4300000071525574;12,420000076293945;12,951459062193665;6,070000171661377;21,440000534057617;31,491677818295308;52,59052202095531;16,057275502946297;12,5482774239133;26,224344758268604;33,00835916170649;175811,0
2026-05-19;43,47131068064106;77,98178803709939;38,27059436584944;16,843702116276088;15,415637092476834;41,32826531427285;40,25366518942044;33,58490088277844;19,829896076549165;6,340000152587891;40,970001220703125;37,54999923706055;0,4000000059604645;12,229999542236328;12,864731296861812;5,880000114440918;21,15999984741211;31,050481034035155;51,80205887771369;15,38578874319847;12,390561268726703;25,861616064145647;32,58347992145111;173544,0
2026-05-20;42,470103926260634;78,6432281538458;38,66614902764837;17,087671122220204;15,75313525018742;41,62695583423705;40,82788251162467;33,822457627112534;20,067024564192888;6,489999771118164;41,20000076293945;37,95000076293945;0,4000000059604645;12,8100004196167;13,27910061852044;5,949999809265137;21,440000534057617;31,217155658634034;52,186433116194586;15,541494348787474;12,518705906289561;26,30277368948312;32,84785026103858;174279,0
2026-05-21;42,431961671755616;79,00313071655857;38,81448588062793;17,214536308103412;15,961588768976313;41,746428484418686;42,083376535322046;33,95113456114195;20,234992114366353;6,46999979019165;41,70000076293945;37,61000061035156;0,38999998569488525;12,34000015258789;13,944019212257187;6,070000171661377;21,600000381469727;31,236764640514316;52,43283035859147;16,067006096746574;12,676422031973573;26,51844867440755;32,54571540028381;175805,0
2026-05-22;41,83124294933985;79,61593587136973;38,87382142566313;17,175500707570425;15,97151300349888;41,865903537474665;41,56755339514193;33,18896780118782;20,353556730358008;6,610000133514404;41,45000076293945;37,0;0,3799999952316284;11,710000038146973;14,127111779013765;6,260000228881836;21,049999237060547;31,334807603052468;52,501819480312484;16,115663089914605;12,548277473033204;26,44982589453119;32,49850226991112;174893,0
2026-05-25;40,97306634255687;80,19955759518841;39,417717030411225;17,312126110463247;16,040999583018856;42,81174385916113;42,70625807060885;33,85215579394622;20,8772154689908;6,670000076293945;41,380001068115234;37,849998474121094;0,3799999952316284;12,180000305175781;14,580028833763492;6,599999904632568;21,450000762939453;31,795615022180343;53,68451598795172;16,329762359047407;12,78485258154399;26,792947391688664;32,68232868408056;176210,0
2026-05-26;41,154236219089654;80,05365531953535;39,21004707962833;17,263331996341808;16,26930459383518;42,47323297535483;42,19043440563309;33,54530543157931;20,847575613720917;6,550000190734863;40,970001220703125;37,93000030517578;0,38999998569488525;12,029999732971191;14,358388120634489;6,610000133514404;22,1299991607666;31,540698044392816;53,6155253284808;16,339493068975038;12,64685054782568;26,557664095002966;32,57459356657514;175516,0
2026-05-27;40,191174657903474;80,2579185098564;39,84294608442202;17,487784633915606;16,447979804608757;43,209996728219885;41,57728651689587;33,96103654058912;20,817934036254883;6,590000152587891;41,939998626708984;37,83000183105469;0,38999998569488525;12,319999694824219;14,319841541360113;6,5;22,020000457763672;31,61913542923059;53,92105285660157;16,037811279296875;12,873567270940592;26,783144729240746;33,083882606953324;175555,0
2026-05-28;40,28652741031939;79,99528815393495;39,27927184848522;17,390195145752607;16,130335687486156;43,09051508453157;40,98360277561879;34,00062545232292;20,363439559936523;6,349999904632568;41,619998931884766;38,04999923706055;0,33000001311302185;12,3100004196167;14,184932060707798;6,400000095367432;21,920000076293945;31,66815590692032;53,516963958740234;15,677738894644955;12,696136637790183;26,675304467095263;33,05131121739628;174686,0
2026-05-29;39,87651009479235;80,13146314769327;39,10127013438646;17,273090362548828;15,902029515748097;42,91130700850984;40,243931189979044;33,159272971636796;20,037384863372;5,980000019073486;41,029998779296875;37,650001525878906;0,33000001311302185;11,84000015258789;14,26202442351524;6,659999847412109;22,079999923706055;31,325005190812252;52,442685447942985;15,784786124880405;12,646850745331513;26,547861491020534;32,53919337241672;172686,0
2026-06-01;40,010001553408564;78,38059886666655;38,83211901390077;17,048638095523348;16,021144207292565;42,65244152623284;40,010352222556854;33,06029179452663;19,81013711766835;5,760000228881836;40,63999938964844;38,220001220703125;0,3499999940395355;11,899999618530273;14,339115318960442;6,179999828338623;21,920000076293945;32,070135191710065;51,664075806613354;15,57069091796875;12,552116653504553;26,40080779673458;32,64752708933022;171793,0
2026-06-02;40,17889059850309;79,8007475910496;39,049774887974266;17,164805185612995;16,299083381991537;41,44774110508089;39,73784283587711;33,555203220412736;19,79128074645996;5,679999828338623;40,16999816894531;38,54999923706055;0,3700000047683716;12,069999694824219;14,310206759433266;6,550000190734863;22,34000015258789;32,19759285748407;52,0780216198619;15,843177795410156;12,591620252050953;26,567468027126164;32,77555542703836;172199,0
2026-06-03;39,99467468261719;79,55757141113281;38,228612068034614;16,910798036887442;15,931807934420387;41,10923141456248;39,10522511371331;32,29812166389775;19,36341505947175;5,320000171661377;40,18000030517578;37,959999084472656;0,3700000047683716;11,0600004196167;14,06929361222156;6,53000020980835;20,649999618530273;32,60937590297686;49,968882736440705;15,045179487654638;12,433607346482837;26,145918123759763;32,746005079481336;170008,0
2026-06-05;39,4129356636465;76,19201415950326;38,15935766480736;16,920571592040282;15,832545996049108;41,33822558112081;38,998169605346895;32,40700270251872;19,07485580444336;5,289999961853027;41,0099983215332;38,720001220703125;0,3799999952316284;10,9399995803833;13,924746338345413;5,989999771118164;19,829999923706055;33,06038006310689;49,56479223123589;14,850546145284582;12,384228706359863;26,185131180471537;32,34222444404954;168910,0
2026-06-08;39,58746052810918;75,20958075684685;38,02084803519734;16,78379979189211;15,832545103379507;42,134720252246055;38,696460530367624;32,01107094304726;19,005203247070312;5,340000152587891;41,40999984741211;38,15999984741211;0,3799999952316284;10,8100004196167;14,098202967443349;5,880000114440918;19,760000228881836;32,55055290892362;49,59435824390517;14,665643976734213;12,255842454346492;26,077294286490417;32,233890897263464;168130,0
2026-06-09;39,46141225375153;74,73295234784834;38,35723086896242;16,85218691250271;16,011218768796738;42,592705641939986;39,11495958077084;32,505985749695675;18,94550161244053;5,460000038146973;41,88999938964844;38,45000076293945;0,41999998688697815;10,899999618530273;14,223478187508872;5,78000020980835;20,3700008392334;32,658399805122556;49,58450442182445;14,733766369115392;12,354601641721965;26,361594635868066;32,41116311123896;168406,0
2026-06-10;39,7619769621326;75,09284808238252;38,2385085131306;16,764259541637795;16,011217378048283;41,885815643628874;38,07358169555664;32,080360269778;18,77634483021259;5,119999885559082;41,290000915527344;38,34000015258789;0,41999998688697815;11,119999885559082;14,021111634611927;5,96999979019165;19,979999542236328;32,58977127075195;48,02728927315197;14,500204813814905;12,226216622689552;26,30277336411813;32,2929859620517;168071,0
2026-06-11;39,90741554162481;74,99558161933341;38,80243477169252;16,77403142409581;16,070776730493613;41,49752027673056;38,005455410654605;32,20903918564821;18,81614509950021;5,099999904632568;40,70000076293945;37,630001068115234;0,4300000071525574;11,079999923706055;14,098202524706716;5,860000133514404;20,149999618530273;31,61913343974137;48,165268723390945;14,548863657172902;12,364477537636906;26,16552587876901;32,59828129767465;168280,0
2026-06-12;39,57776235917027;75,99746454858514;39,6829626647145;17,076881603420155;16,31893794520709;41,676737780144585;39,0565639045824;33,297848354448476;19,124606165732207;5,190000057220459;41,0;38,54999923706055;0,41999998688697815;11,260000228881836;14,541481499639236;5,940000057220459;20,729999542236328;33,42314272567757;49,1804173142093;14,72403384201154;12,650875349994262;26,538057612089393;32,91343339030373;169993,0
2026-06-15;37,87132263183594;78,44868899999983;39,89072525913124;17,135498034309236;16,438052385735872;42,264155297644635;39,36800545135996;33,45621871948242;19,23406053272077;5,260000228881836;41,7400016784668;38,209999084472656;0,41999998688697815;11,329999923706055;14,657120287364267;6,059999942779541;21,540000915527344;34,3447537110345;50,05758370535818;14,704569890426626;12,571867494675281;26,45962955917788;32,63768005371094;170351,0
2026-06-16;37,03749610497344;78,40004859772174;39,70275155527104;17,067110625899527;16,229598008165063;41,995330836700234;39,0079063192748;33,11967882489308;19,114655328254003;4,989999771118164;42,36000061035156;37,36000061035156;0,4099999964237213;11,210000038146973;14,319842805427255;6,019999980926514;21,25;33,56040119556654;49,52536818787813;14,461278297123094;12,532364200362151;26,322381244245598;32,44070827887369;169121,0
2026-06-17;37,10536298249669;77,09662873027298;40,19742378831902;17,09641941196276;15,991367086214503;42,41349118719606;39,163626149181226;32,72374713876715;19,263912403502243;4,739999771118164;42,099998474121094;37,040000915527344;0,4099999964237213;10,520000457763672;13,924745559692383;5,630000114440918;20,84000015258789;32,68781311471524;49,55493480779408;14,110937946218904;12,700252837691227;26,547861099243164;32,36191940307617;167916,0
2026-06-18;36,271532983365525;76,72699913103682;40,02923102111505;16,988956977061285;15,981442052066322;43,618199731030934;38,618598781619625;32,327816357551214;19,20420932459765;4,46999979019165;42,20000076293945;36,86000061035156;0,4000000059604645;10,420000076293945;13,317645683190804;5,179999828338623;20,65999984741211;32,69761597902093;49,47609007872177;13,828719354332536;12,789135009060766;26,11650696911236;32,18465042114258;167911,0
2026-06-19;37,44470966728023;77,33007774707333;39,69142811069864;16,99872658397314;15,931807518005371;44,653643725611495;38,6575348264647;32,565377681533846;19,3236141204834;4,46999979019165;42,9900016784668;36,38999938964844;0,4000000059604645;10,3100004196167;13,433284213496824;5,139999866485596;21,110000610351562;32,776052838665;49,90974426269531;13,877377774530784;12,67649712117367;26,038077984413455;31,711925876128415;167658,0
2026-06-22;37,308973399632954;77,9234242624096;40,03084466589871;17,10619060978975;15,951662217387943;44,517632987091666;38,86191461435098;33,16917116952717;19,36341525953396;4,559999942779541;42,040000915527344;37,09000015258789;0,4099999964237213;10,329999923706055;13,71274233807369;5,190000057220459;21,559999465942383;33,07018175592986;50,59965063468089;14,140132897076414;12,776312333282918;26,20473782337345;31,958137805232443;168326,0
2026-06-23;37,65801634639159;76,66863576477918;40,3203406932051;17,067111341444637;15,976169122756056;44,33800419802212;39,114960410556144;33,060288612427826;19,234060572199077;4,420000076293945;41,310001373291016;37,04999923706055;0,41999998688697815;10,1899995803833;13,59710470746297;5,170000076293945;21,170000076293945;33,158422999447396;50,85590094911267;14,052547351320884;12,77631217875628;26,07729412648347;32,8149509897257;168495,0
2026-06-24;36,96962514298207;75,05394905041157;40,73962148220718;17,20388341460878;16,175250094988996;45,28603980934681;40,156337870115955;33,51561314946423;19,582323278405806;4,300000190734863;41,31999969482422;37,4900016784668;0,41999998688697815;10,149999618530273;13,814969772414267;5,010000228881836;21,290000915527344;32,854486536638525;51,38811483633652;14,208255878798655;12,896089811277571;25,861616134643555;33,54373152718716;169668,0
2026-06-25;36,766014628163624;75,30684811326013;41,148914341842385;17,13549667675939;16,155341861648516;46,13427943908966;40,70136026998738;33,901645177941;19,731579723463977;4,03000020980835;41,88999938964844;38,25;0,41999998688697815;10,029999732971191;14,138069171124712;4,820000171661377;22,3799991607666;33,03096604090914;53,00446218806482;14,430338859558105;13,095719619106326;25,68515396118164;33,80964515062068;170508,0
2026-06-26;36,77571142168435;75,78347479894595;41,328604698386734;17,076881463539213;16,3046514537077;46,084384141485046;40,66242951943145;33,81383808397432;19,870883565082384;4,329999923706055;39,75;39,0;0,4099999964237213;9,9399995803833;14,07932447744532;4,730000019073486;22,649999618530273;32,98194334050188;53,043889631041296;14,222921479327129;13,205516160716675;25,489084066588834;33,98691017801838;171124,0
2026-06-29;36,76601439642428;75,04421994486617;41,96749981545775;17,418809763017574;16,444009433418003;45,91473150328645;41,626964718086185;34,231784546182546;20,010189675842273;4,409999847412109;39,459999084472656;39,470001220703125;0,4000000059604645;10,0600004196167;14,578660477786693;4,599999904632568;23,139999389648438;33,34470279680399;53,132591780075415;14,489601875809871;13,34525688265055;25,763581083757266;33,75144061256979;172393,0
2026-06-30;36,591494125704465;75,14148603917735;41,568191963997336;17,428578684358005;16,165295770649823;46,08438198895516;40,46408913473999;33,71432860021543;19,671877481031764;4,460000038146973;39,16999816894531;38,66999816894531;0,3799999952316284;10,0;14,275142199163227;4,5;22,549999237060547;33,10940048008888;52,314560132315975;14,124151908852665;13,255423595009526;25,783186542733755;33,23825581487125;170539,0
2026-07-01;36,261842206411785;74,93721877711877;41,41633999319451;17,4285783565171;16,01598604504197;46,004546526758745;39,68555333054776;33,83373845882529;19,462918034955155;4,429999828338623;39,43000030517578;37,97999954223633;0,3799999952316284;9,989999771118164;14,167443011944904;4,489999771118164;22,489999771118164;31,94268059736275;52,235711133038556;14,02538098001269;13,175571540945564;25,861615623039068;33,03101291032528;169666,0
2026-07-02;36,504234431836124;75,59866575076697;42,25525387805839;17,652187458562377;16,145387529846847;45,81494130003926;39,93192415347563;34,90845814623123;19,592274980755427;4,269999980926514;40,40999984741211;38,869998931884766;0,3799999952316284;10,359999656677246;14,441587690513357;4,599999904632568;22,799999237060547;31,099502239677904;53,40855063319763;14,26242929318442;13,375201275436497;26,214542549885362;33,554063109927206;171697,0
2026-07-03;36,707840946547115;75,88074764999004;42,47496504169232;17,798883996647874;16,07570961877227;46,17419807980313;40,70060610249524;35,41596261650109;19,880834579467773;4,239999771118164;40,560001373291016;39,18000030517578;0,3799999952316284;10,369999885559082;14,314305788650627;4,659999847412109;23,260000228881836;31,432852664147457;53,84220922683537;14,47972435888604;13,455053199183196;26,24395269512953;34,086975228356316;172790,0
2026-07-06;36,46544805515511;75,38466261236782;41,99558639711036;17,654493469125335;15,617825940562245;45,67523178489871;39,606714607609526;34,500461672336264;19,522621775150697;4,329999923706055;40,439998626708984;38,599998474121094;0,3799999952316284;10,289999961853027;13,795388221740723;4,75;22,549999237060547;31,256371604161785;53,93091187078565;14,28218396364763;13,325294926901602;26,185131072998047;33,65274547422102;171622,0
2026-07-07;36,766011644583145;73,721342354417;42,30518625306603;17,66446174930058;15,488424461985339;45,665251561617445;38,11862894587339;34,430804586324605;19,62212376096805;4,329999923706055;40,619998931884766;38,790000915527344;0,3799999952316284;10,119999885559082;13,296051733083598;4,650000095367432;22,149999618530273;31,501485197416077;53,605666505794076;14,282184224943547;13,365221067748541;25,49888801574707;33,76130612111577;171417,0
2026-07-08;37,813146417984974;70,37522996873155;41,50622155194576;17,514932983326148;15,448608723061897;45,026576380865116;37,16270505384395;33,63471578238342;19,313663979029368;4,289999961853027;40,099998474121094;38,43000030517578;0,3700000047683716;9,960000038146973;13,168769368880692;4,570000171661377;21,06999969482422;31,717178179986483;52,45254354146626;13,946364720171815;13,15560920312934;24,969498340874924;33,66261921124155;169972,0
2026-07-09;37,70649652078574;69,96669491257964;41,88572503273853;17,664463210668448;15,568056938551889;45,06649328789181;38,1974674976768;33,754130225240004;19,413168054398373;4,510000228881836;40,560001373291016;38,61000061035156;0,36000001430511475;9,8100004196167;13,403750905261495;4,650000095367432;21,239999771118164;31,67796197552236;53,17201546017139;14,183413143068414;13,30533172882218;25,15576463690377;33,7415651916172;170653,0
2026-07-10;38,14279963726557;71,12421580057075;43,17405692552095;18,262583366287917;15,64768823850827;46,01452679963877;39,72497399706055;35,58512991508447;20,14949551647952;5,079999923706055;41,20000076293945;40,36000061035156;0,3499999940395355;10,220000267028809;14,187024353108844;4,949999809265137;22,8700008392334;32,393681032884146;55,36985638087831;15,00320694315923;13,774461734558948;26,08709647162749;34,60015639738046;172761,0
2026-07-13;39,01541357106772;70,47250387678659;43,42373492906284;18,631422913458014;15,627780005742745;44,09850142058059;39,4687449975215;35,206992113265116;20,08979245512356;5,039999961853027;41,33000183105469;39,9900016784668;0,33000001311302185;10,34000015258789;13,834551324360207;5,139999866485596;22,360000610351562;31,76620141886594;56,64125446179115;14,746404589702857;13,794424057006836;26,606681082726443;34,244877410137576;175567,0
2026-07-14;38,88936870959569;71,18258193090138;43,184048820810844;18,32239304063347;15,70741148690509;44,05858664980199;39,50816743961792;35,36621002143653;20,199246639432992;4,889999866485596;40,84000015258789;40,209999084472656;0,3100000023841858;10,470000267028809;13,697478770209305;5,099999904632568;22,200000762939453;31,275981360839214;56,552554079143185;14,963698392776083;13,834350223609915;26,675305077738706;34,2547454658329;175743,0
2026-07-15;39,00571419820438;71,78566028056143;42,994287613071705;18,4220794457851;15,279390482008637;43,12053263894183;39,66584567161837;35,5552785062754;20,328602321942352;4,78000020980835;40,77000045776367;40,25;0,28999999165534973;10,8100004196167;13,697478072373809;5,070000171661377;22,3799991607666;29,854346307253447;56,08933042709907;15,230378624502832;13,804406213332646;26,371397520426534;34,61002467449971;175288,0
2026-07-16;38,676063537597656;70,56004439627526;42,28521055917165;18,13299083546887;15,388883863692165;43,03071531035692;38,06935518589578;35,27665095082093;20,348502484448847;4,889999866485596;41,380001068115234;39,5099983215332;0,2800000011920929;10,710000038146973;13,21772455118269;5,099999904632568;21,790000915527344;29,56021497443965;55,25158891534993;15,05259243882033;13,674646989885304;25,86161457430332;34,75805879360602;173537,0
2026-07-17;39,180236965794286;70,13205842502829;41,81581318932562;18,152926365742353;15,438654717850278;43,0606557454703;37,32038360917018;35,336353724349955;20,159445748739206;4,900000095367432;41,400001525878906;39,439998626708984;0,27000001072883606;10,890000343322754;12,972951181397807;5,0;21,420000076293945;29,05038647970171;55,16288699101017;14,983453587339895;13,564850624787734;25,89102672398698;34,89622162280996;173285,0
2026-07-20;39,23841387278532;69,75270132368311;42,045516391600835;18,222708916510783;15,50833217718355;42,93092615459897;36,86706302534518;35,236844164932016;20,03009049922388;4,820000171661377;41,11000061035156;39,18000030517578;0,27000001072883606;11,289999961853027;13,002323880765404;5,03000020980835;21,100000381469727;29,23666990490863;55,034759521484375;14,953822450720775;13,604776382446289;26,047882358135535;34,85674811787164;173222,0
2026-07-21;39,87832687613699;69,61652418990396;42,1254185724903;18,292489307883535;15,667596251567634;42,37208339306169;35,989979292335036;33,037650923560015;19,980338520500784;4,78000020980835;41,439998626708984;38,29999923706055;0,27000001072883606;11,0600004196167;12,845669522531576;5,039999961853027;20,829999923706055;29,266083566343333;54,49269261119022;14,766157899127125;13,504960677981053;26,440020797663628;34,89622429278892;172219,0
2026-07-22;40,692765570373794;71,33820739050807;42,215300429303554;18,44201720273689;15,667595993657603;44,70723729590007;35,89142715813165;33,41579631599652;20,61716230707267;4,739999771118164;41,650001525878906;38,52000045776367;0,27000001072883606;11,239999771118164;13,0121157081447;5,090000152587891;21,1299991607666;29,48177884920497;54,63067093685869;15,0229608306263;13,554868435480417;26,440000534057617;34,69884650193042;173328,0
2026-07-23;41,555679265488315;72,47627824889828;42,215302935496524;18,62145562146838;15,767136453630458;44,587487625916324;35,50708791076677;33,10731029619843;20,676865237246037;4,679999828338623;41,779998779296875;38,5099983215332;0,27000001072883606;10,470000267028809;12,95336962216932;5,300000190734863;20,559999465942383;29,099409658803122;54,94605687679822;15,289640480031276;13,574832213177148;26,540000915527344;34,037635908783166;176293,0
2026-07-24;40,86728910762329;72,79726433982495;41,98559705187536;18,36227147443248;15,53819342353156;44,84694646126754;36,05896134697017;32,77891937812011;20,248998641967773;4,559999942779541;41,630001068115234;38,16999816894531;0,25999999046325684;9,890000343322754;12,904415373776414;5,239999771118164;20,399999618530273;28,628798714686614;53,881629943847656;15,240256247480618;13,425108909606934;26,190000534057617;33,988286644782896;174042,0
2026-07-27;39,57776157899654;72,21364202479434;42,275223251360856;18,48985718883062;15,488424332543666;45,37585367473369;36,51228356402417;33,33618235979454;20,318651526467875;4,71999979019165;41,380001068115234;38,400001525878906;0,25;10,020000457763672;13,100233775460591;5,369999885559082;20,889999389648438;28,83469059896908;54,26600767304344;15,368657219411118;13,435090577008705;26,399999618530273;35,11333948221805;174048,0
2026-07-28;39,645629235953194;72,95290015764795;42,54487303966613;18,62917712957721;15,93635379197044;46,114318713883954;37,53719430972074;33,77403302927832;20,477856712510675;4,829999923706055;42,29999923706055;38,72999954223633;0,25;10,329999923706055;13,452706328387636;5,519999980926514;21,280000686645508;29,344517665326;55,015047480289255;15,664967752148584;13,664665064651222;27,479999542236328;33,03599621836002;175326,0
2026-07-29;40,47945937656221;72,57354839924263;41,7658805847168;18,260971069335938;15,826859474182129;45,23614221196937;36,57141682013183;33,246624108011176;20,358451265555605;4,710000038146973;42,22999954223633;37,779998779296875;0,25999999046325684;10,430000305175781;12,923996922249469;5,199999809265137;20,520000457763672;28,717039108276367;53,75350809075423;15,131608009338379;13,455053715885851;25,600000381469727;32,00516549627645;173885,0
2026-07-30;40,547329507751506;72,57354570548506;41,77587388817102;17,63402944735532;15,05044811719593;45,715149718338175;37,00502813775499;33,82378850004369;20,67686441348748;4,789999961853027;42,150001525878906;37,900001525878906;0,25;10,550000190734863;13,090442430910333;4,920000076293945;20,950000762939453;28,83468908453641;54,177304882450315;15,12173196300955;13,455053294724154;25,18000030517578;31,81684329230362;173885,0
2026-07-31;41,555680967926484;73,18635301178746;42,834495544433594;18,3405818939209;15,777090340011338;46,812871571988154;37,05430242001878;34,112367571351086;20,955474142443116;4,880000114440918;42,72999954223633;38,47999954223633;0,25999999046325684;10,930000305175781;13,158978478875563;4,75;21,3700008392334;29,19745274467742;55,75423223484558;15,329150021980709;13,774461564501014;28,399999618530273;32,34217071533203;177014,0
2026-08-03;41,061200390352134;71,93156070274125;42,79271542335627;18,280874761884974;15,657641356373993;47,17212595228131;37,15285418558506;33,77403194314452;21,06492846918886;5,019999980926514;43,0;38,47999954223633;0,25;11,390000343322754;13,335215336401285;4,360000133514404;21,260000228881836;29,079798959063204;55,842933321144024;15,250132562056782;13,744517758581653;28,3799991607666;31,95560737323522;176783,0
2026-08-04;40,498850419418886;73,73106795238851;42,0133911542994;18,030627703299682;15,508332059438377;48,26984493964193;38,14819234628251;33,84368873979204;20,846021810866155;4,920000076293945;42,41999816894531;38,86000061035156;0,25;11,619999885559082;13,286260137729947;4,579999923706055;21,229999542236328;29,315105181884586;55,892212727847145;15,388410886359207;13,624738693237305;28,899999618530273;31,350989337037674;177581,0
2026-08-05;40,479457746200815;73,24471655268408;42,24319389437871;17,971935887238605;15,707412154506905;48,69895553588867;38,4339863245052;34,1322719000649;20,91567432586557;4,78000020980835;42,63999938964844;39,16999816894531;0,25999999046325684;11,069999694824219;13,266678809805665;4,71999979019165;21,479999542236328;29,24647331237793;55,80350973779069;15,289640065396032;13,684628304428385;29,280000686645508;30,74636975407768;177691,0
2026-08-06;40,64428450641772;73,32253099983083;41,79358673095703;17,502930245358744;15,488424626155048;48,15009467778814;37,43864352490792;33,62476772116955;20,099743220070728;4,570000171661377;41,970001220703125;38,119998931884766;0,25999999046325684;10,770000457763672;12,972951641211298;4,739999771118164;21,719999313354492;29,119018066179557;55,291008123619854;15,052591642853194;13,455053535449268;29,270000457763672;30,617515563964844;175515,0
2026-08-07;39,58745987082999;72,48599945306519;40,4647447550955;17,213543856072857;15,378929807858135;47,561316232241616;35,773170145160016;33,137160399613684;19,850985016680276;4,159999847412109;41,13999938964844;37,0;0,25;10,75;11,191006679175949;4,46999979019165;21,299999237060547;28,854299132047217;53,0734551234557;14,65751112450485;13,165590105896577;29,149999618530273;30,131838728243157;172131,0
2026-08-10;39,81045828309592;72,66109015406109;40,304883025577205;16,984028423988896;15,179850073908197;47,371711143572334;35,70418669519943;33,40584091283323;19,88083478987208;4,320000171661377;41,220001220703125;36,40999984741211;0,25;10,260000228881836;11,758879415984556;4,360000133514404;21,09000015258789;28,266036045882213;52,58066533296334;14,47972483354019;13,045812629698764;29,06999969482422;30,052543076743707;171524,0
2026-08-11;39,76197607064327;71,69810890239437;38,76622253875636;16,734558413154637;14,861322284420709;46,8328300285744;33,95002051224089;32,80877827585508;19,144506625205207;4,230000019073486;40,08000183105469;35,56999969482422;0,25;9,729999542236328;11,709924454496171;4,190000057220459;20,329999923706055;28,34447112404821;50,04999923706055;14,05501143809539;12,546737130276933;29,34000015258789;29,725453798060524;167569,0
2026-08-12;39,897721367286536;72,66000366210938;38,3565793170702;16,63477050780764;14,741874634918958;47,26193991664498;33,605098724365234;32,11219795233716;18,905698776245117;4,199999809265137;40,349998474121094;35,25;0,25;9,479999542236328;11,435780034791078;4,260000228881836;20,06999969482422;27,854252097955406;49,369998931884766;13,936487465185863;12,397015775623853;29,350000381469727;29,438014411627503;167142,0
2026-08-13;39,820153860665435;71,5;38,12677853745787;16,525001153460366;14,721965837618495;47,14218948980438;33,4080037213202;33,34613176528558;18,08976947990016;3,9800000190734863;40,650001525878906;34,349998474121094;0,25;6,409999847412109;11,249751577818072;4,25;20,479999542236328;27,56012167965014;49,34000015258789;13,9858727058169;12,357089452586887;29,549999237060547;28,97216073968287;166197,0
2026-08-14;40,363112208069076;71,08999633789062;37,83703182998131;16,315445954115813;14,572656229670505;46,563388574213455;32,64918027224549;32,95804296524229;17,711653255676175;3,759999990463257;41,529998779296875;33,61000061035156;0,23000000417232513;6,139999866485596;10,642715926873782;4,349999904632568;20,950000762939453;27,138531866709723;49,220001220703125;14,173537452086535;12,14747806872402;29,639999389648438;28,853217372191185;164835,0
2026-08-17;40,45037532028514;70,69000244140625;38,13677185413822;16,14580596827466;14,522886157576828;47,39167171426162;32,73787289177143;32,62965609884841;17,860910415649414;3,9000000953674316;40,45000076293945;34,099998474121094;0,23000000417232513;6,559999942779541;10,779788260901315;4,380000114440918;21,299999237060547;27,158141278202226;49,900001525878906;14,23279857635498;12,2572739053485;29,549999237060547;29,289334711721075;166464,0
2026-08-18;41,129070157145435;70,8499984741211;38,066831734216834;16,01608002079939;14,562702502645365;47,501439011448326;31,99875831604004;32,45053627059927;17,701705965007463;4,050000190734863;40,540000915527344;34,11000061035156;0,2199999988079071;6,539999961853027;10,417525291442871;4,5;20,979999542236328;27,265989303588867;49,81999969482422;14,124152183532715;12,277237530394133;29,049999237060547;29,19021987915039;166211,0
2026-08-19;41,53628903776921;71,76000213623047;38,12678116457492;15,966184924231113;14,61247285676011;48,100201640446606;31,703108018794058;32,99784520748007;17,930563217231246;4,050000190734863;40,52000045776367;34,52000045776367;0,20999999344348907;6,519999980926514;10,388152117545346;4,369999885559082;21,209999084472656;26,795378032432264;50,209999084472656;14,173536880217204;12,267256395777949;28,559999465942383;29,328983239930082;166335,0
2026-08-20;42,14711739892727;71,25;37,31748395117454;15,646861198628025;14,532840750887589;47,65112996610121;31,27935147715511;33,20681809220049;17,831059001143412;3,759999990463257;42,709999084472656;34,470001220703125;0,2199999988079071;6,010000228881836;10,260870465358796;4,289999961853027;21,25;26,873813524098587;49,65999984741211;14,064889380478911;12,097570263065252;28,670000076293945;28,853218489643744;166966,0
2026-08-21;42,81611960220764;74,51000213623047;37,527303086396785;15,746649190217182;14,801597644060772;48,110177431012694;31,80166047205592;33,584960742588464;17,94051335742926;3,950000047683716;44,119998931884766;35,0;0,2199999988079071;6,099999904632568;10,378361459415256;4,400000095367432;22,420000076293945;27,299999237060547;50,06999969482422;14,193290706059475;12,177422661180609;29,200000762939453;29,041541570249898;167928,0
2026-08-24;41,619998931884766;74,70999908447266;38,11679211717022;16,026057609433142;14,881230377074061;48,5392890689337;32,73787375429369;33,336183673913666;18,06986798782878;4,039999961853027;45,13999938964844;35,34000015258789;0,2199999988079071;6,360000133514404;10,427315711975098;4,730000019073486;22,790000915527344;27,450000762939453;51,209999084472656;14,657511329842468;12,347108204178378;29,40999984741211;28,734277069860102;169330,0
2026-08-25;41,0099983215332;76,88999938964844;38,39654722709059;16,21565678547205;14,94095424222778;48,07026031813825;33,2010494892224;34,291488089993884;18,517635455995542;4,079999923706055;45,9900016784668;36,380001068115234;0,23000000417232513;6,059999942779541;10,3979430207308;4,96999979019165;23,889999389648438;28,020000457763672;52,63999938964844;15,190871173117413;12,54673798757132;29,309999465942383;29,06136487085605;171179,0
2026-08-26;40,970001220703125;78,20999908447266;39,265789903581265;16,724578579171308;15,110172656002208;49,527239971731625;34,758119946614514;35,12738037109375;19,2738634524233;4,5;45,90999984741211;36,720001220703125;0,23000000417232513;6,360000133514404;10,574179649353027;5,099999904632568;24,09000015258789;28,709999084472656;54,06999969482422;15,497058553860299;12,826220533159471;29,709999084472656;29,586689390869054;174209,0
2026-08-27;41,0;77,87999725341797;38,83616061452055;16,764494029008805;14,911092070998073;49,88649415385079;34,51174997284127;34,78904216391315;19,224110410051182;4,650000095367432;45,529998779296875;36,38999938964844;0,2199999988079071;6,349999904632568;10,407733917236328;5,179999828338623;23,479999542236328;28,399999618530273;53,38999938964844;15,40816618152107;12,74636825017658;29,389999389648438;29,147743604903887;173661,0
2026-08-28;42,619998931884766;77,76000213623047;38,69628513313371;16,83434807474679;14,931000185900574;49,76674158406839;33,91060188795268;34,65968302038942;19,781331292389652;4,5;45,9900016784668;36,20000076293945;0,2199999988079071;6,300000190734863;10,300034978333315;5,050000190734863;22,450000762939453;28,520000457763672;52,84000015258789;15,398288262008379;12,786294616398337;29,549999237060547;29,078106487930825;173894,0
2026-08-31;44,33000183105469;77,8499984741211;39,23581713510176;17,093796697988456;14,960862159729004;49,42744644136503;34,432909368364825;35,00796890258789;20,2489983455923;4,650000095367432;45,2400016784668;36,66999816894531;0,2199999988079071;6,449999809265137;10,505643123631495;5,21999979019165;23,100000381469727;28,90999984741211;53,95000076293945;15,882262435328988;12,975941709680288;29,559999465942383;29,456134530400476;175665,0
2026-09-01;45,5;77,3499984741211;39,343837650217324;17,023944350832974;14,960861479839691;49,44740454607375;33,80219479145674;34,92835808265603;20,726615566250633;4,599999904632568;45,220001220703125;36,66999816894531;0,2199999988079071;6,559999942779541;10,632924104311662;5,239999771118164;24,020000457763672;29,020000457763672;54,709999084472656;15,961278406295555;13,0;29,170000076293945;29,665041265989448;177300,0
2026-09-02;46,560001373291016;78,5199966430664;39,98357681161503;17,462099005939592;15,100217904932808;49,52723985612239;33,674083508557786;35,236842620683866;21,100000381469727;4,670000076293945;45,939998626708984;37,310001373291016;0,25;6,570000171661377;10,799369595315065;5,739999771118164;24,700000762939453;29,139999389648438;56,04999923706055;16,50451465183858;13,199999809265137;29,459999084472656;29,943587197763478;179734,0
2026-09-03;47,45000076293945;77,66000366210938;41,572923732269345;17,631925894056838;15,56805687817027;50,864466200303475;36,21664047241211;36,93848080387935;22,0;5,5;45,90999984741211;38,77000045776367;0,25999999046325684;6,900000095367432;11,161633491516113;6,139999866485596;25,34000015258789;30,200000762939453;58,130001068115234;17,136646270751953;13,739999771118164;29,850000381469727;30,112703276052166;184718,0
2026-09-04;46,720001220703125;77,55000305175781;41,37300508755734;17,61194602118704;15,548147976561696;50,974236457384805;35,46767026497812;36,401123217723026;22,110000610351562;5,480000019073486;46,369998931884766;38,369998931884766;0,25999999046325684;7,099999904632568;10,916860600457545;6,269999980926514;24,65999984741211;29,989999771118164;58,130001068115234;16,909474948653266;13,619999885559082;30,200000762939453;29,814260866201167;183252,0
2026-09-08;47,529998779296875;79,0199966430664;42,332609600393475;18,06148560186706;15,667595744844093;51,942228946878565;36,315185546875;37,276817321777344;22,579999923706055;5,800000190734863;46,38999938964844;39,220001220703125;0,2800000011920929;7,130000114440918;11,32807946399802;6,309999942779541;25,540000915527344;30,510000228881836;59,95000076293945;17,334185125358285;14,100000381469727;30,1299991607666;29,873950958251953;185208,0
2026-09-09;48,189998626708984;78,36000061035156;41,24305543289058;17,721833885851776;15,438654554798735;51,213740638317326;34,974929967276076;36,35136701893011;21,969999313354492;5,570000171661377;46,70000076293945;38,4900016784668;0,25;6,960000038146973;10,97560621090192;6,519999980926514;25,06999969482422;30,489999771118164;58,279998779296875;16,869966349132437;13,899999618530273;29,489999771118164;29,615302102563586;184810,0
2026-09-10;48,540000915527344;77,18000030517578;41,18308180949801;17,64191668964298;15,398838355407815;50,754692248166094;34,767974666488925;36,13244369383748;21,90999984741211;5,409999847412109;47,27000045776367;38,52000045776367;0,25;6,869999885559082;10,926652186334293;6,619999885559082;24,670000076293945;30,510000228881836;58,38999938964844;16,771194677840615;13,800000190734863;29,600000381469727;29,77447117275235;184601,0
2026-09-11;48,09000015258789;77,4000015258789;42,202666819622294;18,351188884684685;15,518286420495993;50,96425617512556;34,94536036931148;37,177308934300164;22,290000915527344;5,699999809265137;47,650001525878906;39,209999084472656;0,27000001072883606;6,710000038146973;11,06372522686755;6,599999904632568;25,6299991607666;30,540000915527344;60,33000183105469;16,98849063351707;14,109999656677246;29,959999084472656;29,973429538838175;186208,0
2026-09-14;48,61000061035156;75,4000015258789;41,632897777733206;18,10144566381415;15,2992980196421;49,77672117967994;34,048567723771015;36,23195422520172;21,829999923706055;5,53000020980835;46,790000915527344;38,31999969482422;0,27000001072883606;6,5;10,740625371562482;6,300000190734863;24,809999465942383;30,0;59,09000015258789;16,60328568470769;13,84000015258789;29,8799991607666;29,635197835606224;183813,0
2026-09-15;49,029998779296875;74,5999984741211;42,08271161951375;18,121424127242733;15,637733904626845;50,36549965882064;34,81725152324258;36,52053699785299;21,920000076293945;5,449999809265137;46,9900016784668;39,380001068115234;0,27000001072883606;6,46999979019165;10,887488121834313;6,210000038146973;25,270000457763672;30,360000610351562;60,060001373291016;16,98848989365968;13,960000038146973;29,889999389648438;30,251975631386415;185056,0
2026-09-16;48,619998931884766;72,41000366210938;41,99274698620572;17,95159882235754;15,448608945995204;50,10603629871127;34,90593966838873;36,540439061771025;21,510000228881836;5,53000020980835;46,630001068115234;39,279998779296875;0,25999999046325684;6,449999809265137;10,867906579043927;6,170000076293945;25,780000686645508;30,440000534057617;59,810001373291016;17,10701423033863;14,0;29,59000015258789;30,251976632212656;184754,0
2026-09-17;47,959999084472656;72,95999908447266;42,002747628984096;17,83172236908919;15,368976190430718;50,585043656869175;35,08332830074507;36,401123217723026;22,299999237060547;5,679999828338623;46,61000061035156;38,689998626708984;0,25999999046325684;6,349999904632568;10,897279029331512;6,059999942779541;25,649999618530273;30,420000076293945;59,849998474121094;17,027997973655765;13,920000076293945;30,040000915527344;30,331560168070652;183242,0
2026-09-18;48,25;72,94000244140625;41,96276348467807;17,881670602655834;15,219666583409074;50,844507232495076;35,38882951844455;36,450878661520164;22,299999237060547;5,590000152587891;46,90999984741211;38,900001525878906;0,25999999046325684;6,159999847412109;10,779788964318783;5,710000038146973;25,09000015258789;30,389999389648438;60,47999954223633;17,17615214053723;14,020000457763672;29,3700008392334;30,28182117100036;184461,0
2026-09-21;47,79999923706055;72,41999816894531;42,68246804106118;17,991557186006233;15,349068520717992;50,810001373291016;35,92099566346392;37,44598818938923;22,829999923706055;5,869999885559082;47,09000015258789;39,79999923706055;0,25999999046325684;6,199999809265137;11,053933630529752;5,889999866485596;26,739999771118164;30,270000457763672;61,68000030517578;17,5317262028695;14,09000015258789;29,68000030517578;30,39124755820734;185247,0
2026-09-22;47,29999923706055;71,77999877929688;42,46255626594744;17,901649126556986;15,3100004196167;50,619998931884766;36,21664132929411;37,276820322859635;22,299999237060547;5,78000020980835;47,0099983215332;39,79999923706055;0,25999999046325684;6,409999847412109;11,132260809428361;6,150000095367432;26,959999084472656;30,059999465942383;62,81999969482422;17,808284530172486;14,140000343322754;29,489999771118164;30,25197571654738;184977,0
2026-09-23;48,52000045776367;71,44000244140625;42,332607852888984;18,011537551879883;15,300000190734863;51,130001068115234;36,837499593229396;37,51564694592298;22,1200008392334;5,78000020980835;47,43000030517578;39,86000061035156;0,27000001072883606;6,590000152587891;11,109999656677246;6,0;26,649999618530273;29,299999237060547;63,06999969482422;17,969999313354492;14,09000015258789;29,219999313354492;29,95353554721589;185676,0
2026-09-24;49,189998626708984;70,51000213623047;41,842811875329545;17,64191518382008;15,319999694824219;50,08000183105469;37,07401259042349;37,316624774233766;21,479999542236328;5,949999809265137;45,43000030517578;39,56999969482422;0,27000001072883606;6,420000076293945;10,960000038146973;5,800000190734863;26,139999389648438;28,75;62,5;17,700000762939453;13,970000267028809;29,229999542236328;29,903794388785183;183835,0
2026-09-25;47,91999816894531;69,94000244140625;41,7028699249895;17,631926492365633;15,220000267028809;50,25;37,320385651271074;36,91999816894531;21,270000457763672;6,21999979019165;44,97999954223633;39,369998931884766;0,2800000011920929;6,260000228881836;10,890000343322754;5,880000114440918;26,31999969482422;28,899999618530273;61,900001525878906;17,610000610351562;13,890000343322754;29,520000457763672;29,764521876809567;182151,0
2026-09-28;48,279998779296875;69,80000305175781;41,51294470474839;17,522040220228547;15,140000343322754;50,04999923706055;37,150001525878906;36,7400016784668;21,18000030517578;6,53000020980835;44,459999084472656;39,09000015258789;0,2800000011920929;6,110000133514404;10,970000267028809;5,699999809265137;26,450000762939453;28,739999771118164;61,720001220703125;17,6200008392334;13,789999961853027;29,3700008392334;29,489999771118164;181931,0
2026-09-29;47,88999938964844;69,29000091552734;41,49295437808146;17,472089195533886;15,079999923706055;49,58000183105469;37,68000030517578;37,2400016784668;21,34000015258789;6,519999980926514;43,91999816894531;38,90999984741211;0,2800000011920929;6,170000076293945;11,09000015258789;5,25;26,239999771118164;28,739999771118164;61,790000915527344;17,530000686645508;13,869999885559082;29,420000076293945;29,360000610351562;181562,0
2026-09-30;49,119998931884766;69,48999786376953;42,69246286073044;17,951597072474797;15,3100004196167;49,25;38,880001068115234;37,40999984741211;22,229999542236328;6,730000019073486;44,20000076293945;40,119998931884766;0,28999999165534973;6,349999904632568;11,470000267028809;5,449999809265137;26,93000030517578;29,15999984741211;63,22999954223633;18,09000015258789;14,3100004196167;28,690000534057617;29,700000762939453;183880,0
2026-10-01;49,130001068115234;68,66999816894531;43,40999984741211;17,95159843797422;15,239999771118164;49,18000030517578;38,880001068115234;37,619998931884766;22,65999984741211;7,25;42,900001525878906;40,09000015258789;0,3100000023841858;6,579999923706055;11,329999923706055;5,670000076293945;26,440000534057617;28,93000030517578;63,06999969482422;18,110000610351562;14,279999732971191;27,579999923706055;29,479999542236328;184768,0
2026-10-02;49,400001525878906;70,12999725341797;43,099998474121094;18,190000534057617;15,390000343322754;49,83000183105469;40,29999923706055;38,380001068115234;22,959999084472656;7,329999923706055;43,220001220703125;40,77000045776367;0,3199999928474426;7,03000020980835;11,369999885559082;5,900000095367432;27,09000015258789;29,540000915527344;63,150001525878906;18,31999969482422;14,180000305175781;27,34000015258789;29,270000457763672;186144,0
2026-10-05;53,0;69,5199966430664;48,08000183105469;20,760000228881836;16,229999542236328;49,95000076293945;47,0;43,689998626708984;25,190000534057617;8,430000305175781;40,599998474121094;46,33000183105469;0,3400000035762787;8,59000015258789;12,40999984741211;6,300000190734863;32,060001373291016;31,09000015258789;75,4000015258789;22,030000686645508;15,710000038146973;27,899999618530273;30,3700008392334;192138,0
2026-10-06;53,779998779296875;69,5;49,72999954223633;22,139999389648438;16,170000076293945;50,66999816894531;49,310001373291016;43,72999954223633;24,3700008392334;9,199999809265137;41,630001068115234;47,5099983215332;0,3400000035762787;8,720000267028809;13,4399995803833;6,300000190734863;32,90999984741211;31,389999389648438;76,72000122070312;22,440000534057617;16,239999771118164;28,600000381469727;31,389999389648438;204725,0
2026-10-07;0,0;68,13999938964844;0,0;0,0;0,0;50,31999969482422;49,779998779296875;44,040000915527344;0,0;0,0;41,61000061035156;0,0;0,0;0,0;0,0;0,0;0,0;0,0;0,0;0,0;0,0;0,0;0,0;0,0
