Fecha;Apple;Microsoft;NVIDIA;Alphabet (Google);Meta Platforms;Amazon;JPMorgan Chase;Bank of America;Goldman Sachs;Visa;ExxonMobil;Chevron;Johnson & Johnson;UnitedHealth;Eli Lilly;Walmart;Procter & Gamble;Coca-Cola;McDonalds;Caterpillar;Boeing;GE Aerospace;Tesla;Global X Copper Miners ETF;Globant;iShares Biotechnology ETF;MercadoLibre;Rio Tinto;Petrobras ADR;Qualcomm;iShares MSCI Brazil ETF;Netflix;Mastercard;Advanced Micro Devices;Palantir;Home Depot;Salesforce;Berkshire Hathaway;Oracle;INDICE S&P 500
2025-09-04;235,8687018920251;499,0440334241921;168,99557077235426;225,32198773211877;742,7972973222718;230,77999877929688;291,22790367029796;48,80249212617548;717,0664812001074;346,37980257424067;108,24283345769933;151,52903848438976;173,6369576712042;294,3555608779231;730,7214563316198;98,81799150519953;153,30190372606242;65,84131791649365;308,54400764242354;410,5940103179587;229,2100067138672;274,01962380749177;331,4800109863281;48,36767370976888;61,56999969482422;138,8790675293014;2372,110107421875;59,09358984873664;11,73159652491346;151,31881027368593;27,600888435624093;122,30899810791016;585,6405218859821;157,7899932861328;153,16000366210938;395,9861677471998;232,2423156345161;501,260009765625;217,08571759567516;6445,97998046875
2025-09-05;237,61226559630578;488,35199810583333;163,66862438059468;231,09178244912047;742,0106011970698;231,92999267578125;287,3517222989999;48,20252020668576;713,1241017662919;337,50082859454403;105,9493050079647;147,671056605127;172,66877646111618;298,3241740847352;718,0414096877439;98,71883074489759;153,8847376734361;65,60931331077583;305,4144922549146;414,1817124530137;225,5;270,07565525677006;344,67999267578125;49,331719684393995;61,7400016784668;140,28540954480326;2321,330078125;60,235860393075754;11,520734997602888;155,90331259290252;28,12725686668235;123,9020004272461;575,4441283249992;150,17999267578125;148,0399932861328;402,61834178517114;241,88361473204293;497,75;223,34438080437408;6443,97998046875
2025-09-08;235,47017586985078;490,990285532587;166,94062657490792;233,06385649853374;748,9722650144703;233,75;284,54958627837215;47,85982247232804;719,4202099651286;338,2944634353397;105,29817752263065;147,08419276366325;172,8057011623818;303,74470651331217;714,7123498927086;99,58156959187589;153,72932161001006;64,92295669397062;301,99252025701946;413,06176771398384;228,08999633789062;273,68186756904726;344,8399963378906;49,487525775859645;60,56999969482422;140,67438911249317;2298,0400390625;60,29297282646;11,597411654043603;154,7865962703383;28,0124131548109;123,19999694824219;577,1036777474114;149,22000122070312;154,83999633789062;404,30072112075976;244,79380589726378;493,4599914550781;232,65825129611065;6483,2900390625
2025-09-09;232,5011411802574;493,63851485593227;166,33211485189898;232,62501483391662;750,3765098642984;235,0800018310547;285,3990462885978;48,42771579074564;724,2944206979945;338,58218239973513;107,41677115372212;148,7389851641222;172,561197432737;316,6766378503889;729,2705650195918;100,70213940589949;153,68075437886807;65,03895744471473;302,93819574489953;412,7248335473952;228,4499969482422;271,506204437868;343,82000732421875;50,062055468853124;59,83000183105469;141,17309321604452;2341,330078125;58,874649883757144;11,808272885614732;154,35556427543025;28,203819009182606;124,66699981689453;579,6875627725002;151,92999267578125;156,3699951171875;401,3833372545098;248,66419259614264;491,7200012207031;231,91668482590836;6483,080078125
2025-09-10;225,118417424808;492,66650462093776;175,04074401948455;237,23305340830441;747,9563032651432;229,10000610351562;288,4159571280649;48,927079736058936;746,9389916080709;333,7706534504743;107,71804369852568;149,12382209521874;170,4879264017414;330,4602977348384;737,8365214277803;99,5518180216814;151,43674230983228;64,97129210385596;296,97167509135585;415,7575333302304;226,58999633789062;275,07269992900126;346,07000732421875;50,16916959012747;56,1349983215332;139,8066489100301;2318,419921875;59,02695450352635;11,865781301227274;153,41515237029589;28,404796376717115;124,63600158691406;567,4638834068189;158,0;163,44000244140625;400,4011408925683;239,28025661642187;486,2699890136719;308,5729956271183;6516,33984375
2025-09-11;225,81583028738913;493,81707669294536;176,05818301908454;235,63719736660352;745,3369141532683;229,33999633789062;293,67857052610964;48,94666327219634;756,4714647988808;335,18927388859925;107,74720452242771;150,09551029438285;171,75928170606494;334,7580718929745;745,6671671786654;99,44273843255802;152,8938975095807;65,32897674030293;297,5955798191564;419,54346288607326;219,64999389648438;277,75496461198213;347,6000061035156;50,724226709359705;57,04399871826172;140,36521174544382;2331,550048828125;58,86513319058971;12,086228086334605;154,73762657040643;28,567493792819658;119,19999694824219;576,4180764530798;154,99000549316406;163,22000122070312;402,84200964465566;241,03232344122497;489,0299987792969;301,1673833706377;6545,7998046875
2025-09-12;228,17712472443904;499,73833579713096;176,02826832324598;237,38264448371655;740,7456986088828;226,2899932861328;296,51974034767983;49,4068434259267;761,2867986073911;336,4790219166126;108,72875009078862;151,14420824614925;172,82526281785073;341,16587889341275;743,312002042612;101,50536819736507;153,2727454910088;64,71028603897643;297,5956496262196;423,9339018639754;215,6999969482422;278,8576634813789;370,239990234375;51,70774461388673;55,90999984741211;140,57465811385728;2290,5;59,303003256284455;12,086227510752018;156,32455619755834;28,586634003274067;118,23999786376953;576,4080565442517;154,9199981689453;164,00999450683594;407,34451659055753;238,80511283842083;493,3399963378906;288,4621821416284;6579,490234375
2025-09-15;234,16499028444412;502,86262476523797;174,0929031464731;244,0253822711298;748,9423794016014;230,32000732421875;299,9076921402247;49,4068499062392;766,3668992148323;335,7051874783653;108,18452881765838;150,56694734393668;173,03063727506105;333,64582769006506;737,4590033687076;102,54660353811761;151,73787631965206;64,38831603334468;292,97448195066346;426,7684061265316;214,07000732421875;279,7716292741404;402,42999267578125;51,99988006822445;54,36000061035156;139,19822792709311;2311,360107421875;59,331561377008285;12,076643449942619;156,94173115320874;28,912025151896426;117,32099914550781;577,8988123188909;157,60000610351562;167,41000366210938;406,24563192743295;238,3992734763568;489,5;293,9397875320376;6602,06982421875
2025-09-16;235,45026224943368;504,449544036503;173,96321593348455;248,82291085216548;761,9992046361366;232,22999572753906;299,868650007609;49,16206380132841;764,6506117722813;330,82420369774775;109,60339710220181;152,1255343634712;171,7788230370183;329,54506965181656;739,873726076001;102,26893892984964;152,40819830136493;64,3493419810675;295,1095821986716;430,40564029054644;213,75;286,94425125833754;411,42999267578125;52,14594723277217;54,775001525878906;140,11868147532337;2336,8701171875;60,140669836023505;12,258750986850217;158,2053911661335;29,17042634871036;119,72799682617188;573,2577541618837;159,22000122070312;168,9600067138672;408,52118744756547;234,8357665431724;487,20001220703125;298,863629440269;6600,10986328125
2025-09-17;236,85505542454314;501,8013512662406;168,00748411706098;245,6411664684413;763,2043349956956;228,7100067138672;301,4698692167263;49,729963070060535;770,0837465085029;336,8261935269982;110,83763007853405;152,59695572051945;172,69812095667075;328,9314141312605;751,5998635359713;102,86393693787875;153,90416113825933;64,69028714199013;296,28921457325833;439,0478599672098;213,1300048828125;284,61960455543635;409,6700134277344;51,16242561904835;55,84000015258789;140,16859768876964;2370,260009765625;59,598091382289034;12,287505534730595;159,90010037239975;29,39054303009154;120,66100311279297;583,801966089656;155,75999450683594;161,27000427246094;404,35906525307314;237,36669726290728;490,29998779296875;291,7052590996586;6551,14990234375
2025-09-18;235,77903252032195;503,51725007824297;172,54662713675344;249,15203994052993;770,2256780600211;228,7899932861328;302,2899936344281;50,22931338243057;777,1154127386263;335,4967956542969;110,20593765139351;152,09665525430387;170,03805352027734;325,45397763912206;754,2530225249793;101,26737700046856;152,67047957116898;64,63183868321215;290,4104217102844;444,8654879778833;213,6999969482422;288,30522702881996;416,55999755859375;50,95793396586749;55,94499969482422;141,5358681865334;2459,320068359375;58,89368889170664;12,153321272984309;162,83888551796952;29,428825029290984;120,55000305175781;582,2516630519419;149,85000610351562;169,38999938964844;404,4076812634016;240,90666329015073;488,0;288,70941199080954;6611,89013671875
2025-09-19;239,32592704772566;506,1456179521661;174,76129744715922;251,1568250217611;766,072585123962;229,6999969482422;301,81158232217626;50,6797176182084;781,9895818494492;335,56627047682144;109,46734259427805;149,65296626290672;169,50996181681276;325,1812201416126;744,5045461939535;101,23761484327676;151,51445061527477;64,3395979509973;293,20844573809586;458,5820202653485;213,6199951171875;293,42142051359133;421,7200012207031;51,62984506489369;55,935001373291016;142,32427129739287;2433,320068359375;58,75090802704696;12,009551857943645;162,89767001396532;29,45753650703437;120,80999755859375;577,9087450854051;155,89999389648438;176,7100067138672;403,66862209846425;241,30330585104917;488,8800048828125;293,96943740456766;6630,31005859375
2025-09-22;247,2068166293636;508,35738375283694;174,29245016588177;249,65074294375358;761,8855723964391;227,50999450683594;302,2412168152352;50,67971569865495;782,1562845164639;335,97298998149677;108,41775692138489;149,2681288829748;170,2825318781694;323,9734220131043;741,5929737286438;101,06904538029714;148,67786332697798;64,3688372103025;292,88674037451847;455,50968122438695;211,42999267578125;294,4049790034617;429,1300048828125;52,340699163842835;56,400001525878906;141,75540000093923;2415,760009765625;60,08355593277062;11,98079669590843;162,53522286706237;29,0842923222948;121,42400360107422;576,5472636848356;157,4199981689453;178,2899932861328;399,80795525150035;241,11490294860224;489,2300109863281;303,4612609324939;6648,06982421875
2025-09-23;252,64672876089196;503,17011764420596;175,78885990523673;249,83028550766576;748,5309344746781;220,07000732421875;303,23707270976234;50,444720552364885;786,5302887111532;334,9512080718528;109,31185114530597;151,03838085584593;170,97690764134543;331,14250854611834;738,51234260486;100,48396518886703;146,65729337213102;64,19349865973851;292,78922225933553;464,0131367618536;214,00999450683594;299,1734467643549;423,7200012207031;52,46729497120968;55,84000015258789;142,1246720098395;2433,489990234375;60,245380290746205;12,316259099788896;164,86667522156574;29,49581723581251;120,84700012207031;564,7308056540379;159,2100067138672;177,00999450683594;396,2389914749436;242,07673659327915;493,5199890136719;306,55596436033846;6645,580078125
2025-09-24;250,11606329601622;502,7832857896144;174,98077271717747;245,80076590550527;749,9859806746165;219,4499969482422;304,3012929371278;50,38597147469543;777,0566059532387;335,2389094188791;111,24580573715848;152,25060412556724;171,86685382639274;338,8181183002055;731,5462807371877;101,62437125033651;147,45386442713078;64,25193887120895;294,4368376107948;464,44919157461874;214,77000427246094;296,82894130341697;429,0299987792969;53,53845343707752;56,72200012207031;140,90712107424662;2481,5;60,559504187101034;12,670891168569735;165,22912974954312;29,64894259833692;119,41999816894531;561,4513336996112;158,42999267578125;177,1199951171875;393,8564571706638;240,96614746597336;493,1099853515625;296,6488935186844;6621,759765625
2025-09-25;250,7836088309123;500,91858324777104;172,7161910154847;240,1155467413105;742,0329280425029;216,47000122070312;304,428232023575;50,36639099637099;766,92586562534;331,8559932948658;111,18749478043796;153,308910954332;172,03310718551506;334,6880737275095;707,5873912323301;101,72352868226592;147,4441632452525;64,24218633383718;294,3783743062202;455,47995779473075;211,97999572753906;292,93462570353665;419,0799865722656;54,49275615067159;55,689998626708984;138,5119135753511;2443,159912109375;61,882642558971234;12,54629140421335;164,51402668156604;29,237418740027685;119,1510009765625;561,0736085102357;154,77999877929688;174,2899932861328;394,4399240629465;237,47576503544553;494,7300109863281;285,2982353407082;6569,22021484375
2025-09-26;252,84598111295833;502,4856945681329;174,5119112725463;245,33196864020064;734,8573289461095;218,02000427246094;306,28333520024995;50,89512396382206;779,7927435270406;333,5623284395552;112,6549558689841;153,4628290693882;173,4120181311941;332,44774524754814;712,58581677842;101,61445696387025;147,20129367400753;63,803844479545624;294,43685990042405;458,2549770146327;219,11000061035156;290,8285707339354;421,0199890136719;54,54144605013968;55,720001220703125;138,92109834530302;2459,35009765625;61,33053962685077;12,517537170780077;164,7001421150123;29,266128351816924;120,0;560,5668071565125;157,0500030517578;174,91000366210938;394,66361014003166;238,32854699021752;496,6499938964844;279,8108172791984;6604,43017578125
2025-09-29;252,07881928540593;504,7272205888506;179,8890176259668;242,1402679011131;736,6512086302703;219,3000030517578;306,24425307550473;51,02240779392816;782,5976113966373;332,88768132847923;110,46832667376563;149,66257731502623;175,83739772220903;332,59390547037697;711,592101686436;101,22770960907322;147,4538656284933;63,657729993377664;294,28087483576917;463,289678037778;215,1199951171875;288,1104708733567;439,5;56,82008935197052;57,369998931884766;140,54784333077697;2484,64990234375;62,339548428291245;12,287504813924935;161,39889457930474;29,63937097887703;118,75399780273438;559,0263827587069;159,89999389648438;177,16000366210938;392,72842549843006;240,82733402613076;495,0199890136719;276,4589908407025;6644,490234375
2025-09-30;252,17846100632588;505,5009089039439;181,04624695721463;238,6294019345709;723,8446976774693;217,88999938964844;302,7781535102285;49,95515671585188;771,2801935947566;335,82425384396265;108,78706634614592;148,09435982372705;177,07940521994215;333,4510253931927;720,7641732753115;101,86237390636892;148,4738834724439;64,25193711359782;294,42712375781645;466,04486120972217;212,8300018310547;292,33774598801637;433,1199951171875;57,46278627966775;56,88999938964844;141,63564613795373;2314,179931640625;62,44425361131712;11,99038225558565;161,51644382431326;29,45753616090036;117,80000305175781;560,1593966000717;159,3300018310547;178,22000122070312;392,36862444808656;233,82671992942878;497,0;272,79082919681497;6641,0
2025-10-01;253,99176669154556;507,51430077675985;183,46046686832446;237,9910625183314;707,7991010033351;216,61000061035156;300,1420158253824;49,50476280035002;768,1223483608686;337,6099271681015;108,15536699883687;147,38243849672193;179,85679498165965;332,7691899236603;758,5161558565774;99,71048007220848;147,0847270853178;64,57339577594355;290,81985911325;466,93685211552236;213,6999969482422;293,45173529157654;440,75;58,271024925150336;55,61000061035156;144,36019605505317;2172,77001953125;62,777418789023635;12,076644949416002;161,1343975558897;29,21827942718709;116,32099914550781;561,510915580997;160,49000549316406;179,5;384,42358668128367;231,5460450451323;495,8999938964844;274,7485042554701;6656,2001953125
2025-10-02;253,21461153357077;506,5126054199375;187,6105347272827;241,67149783253905;715,7122502133443;218,9499969482422;298,90204890133435;49,024987021934706;757,5404207613396;340,83414823131994;107,90268617173395;147,5075255696101;180,03281904112157;335,71089347697284;807,7158140632815;99,03616077500212;147,2984359501739;64,15452266606191;291,45358768726504;479,8703945478238;215,30999755859375;295,21226581984047;435,57000732421875;58,23207402061344;58,66999816894531;147,65356873695688;2159,360107421875;62,1491674994828;11,856197125346869;163,7695114824874;28,711048600870832;113,4000015258789;567,2352668784392;166,1199951171875;182,9499969482422;382,94549315596385;231,63530423988124;493,2200012207031;282,8264496974843;6693,22998046875
2025-10-03;253,01536064819075;510,7973143114264;184,93691825112066;241,0331615881319;707,7791166979599;219,33999633789062;300,9230956835271;49,494966168921664;762,85585276324;343,2548318118015;108,74819084896897;146,45882557271025;182,79069088210622;347,36066143657337;810,9852169632413;100,35504984616642;147,65787485067642;64,32986031293083;291,17084707841923;488,13599285438494;215,25;293,8794539619068;416,5799865722656;59,663529627302246;59,380001068115234;149,5298099698397;2160,0;62,701273074238735;11,865781837317774;165,29770256294427;28,825894258919785;114,3219985961914;572,860222704169;163,13999938964844;170,77000427246094;381,8174379292481;236,49409810659859;495,04998779296875;280,7995374689801;6705,669921875
2025-10-06;254,11130630837613;513,9712214168786;182,8918329061041;243,9455642110704;688,1756596108709;216,02999877929688;299,3643087937219;48,848745736447064;765,0036735090209;341,61791126204685;109,99213138962384;147,12266534225859;183,2405251076493;347,84765133361765;833,4037572614619;100,73188529566816;146,1035574306768;64,13503641432914;287,5149080090486;488,64145076029416;215,89999389648438;293,1732561248775;436,69000244140625;60,03357102383937;58,939998626708984;150,01883332154148;2116,0;63,52940990859836;11,81785831919766;164,2985112531004;28,92159528586083;114,54499816894531;565,7346785724731;203,00999450683594;177,8300018310547;375,0977059544146;233,43008208698905;498,0199890136719;287,52287988214596;6717,77978515625
2025-10-07;254,48991791397023;517,1847899970462;183,56022492696124;244,88314509840285;703,3641957962709;220,1699981689453;298,94245414234075;49,083734113505066;766,3178350750319;347,28257962891473;108,5926850606109;145,54484318711204;178,90817109783274;348,77305405811995;831,3369090826978;100,1071401164341;145,7635745697061;64,16426571239552;286,75447042675887;479,23610750750447;219,1999969482422;296,2964439374651;432,45001220703125;59,76090971253968;58,2400016784668;149,34018397476868;2118,27001953125;63,05346349203599;11,578242086068274;161,7711308348995;28,366514327508277;117,74600219726562;575,3247905732775;209,27999877929688;179,4199981689453;374,8935271531156;235,55207998502078;498,6099853515625;267,9460484974408;6699,9599609375
2025-10-08;255,16742442767125;518,8213080060119;186,0941551173159;243,18756093367097;705,4171476518181;221,19000244140625;297,8141544414466;48,74104034417903;759,4037952400301;348,3143490742109;110,2156599629254;147,0457015366692;184,12069677238543;356,31230463968416;839,6941502314814;101,29713255314118;146,3270007982578;64,34934743750138;286,07199204280664;484,97445706662853;221,47000122070312;297,9873539443006;425,2300109863281;61,10472907380003;58,54999923706055;150,1285985869399;2140,639892578125;64,11006818237546;11,62616611140081;160,5466507059907;28,462218121216566;119,19999694824219;572,5124222174628;210,6999969482422;181,1999969482422;372,43316459219193;233,66805565379684;498,55999755859375;280,4040655714479;6718,08984375
2025-10-09;252,2083446799687;513,1777655449532;190,60334055524348;238,52965682972516;710,0314963104157;221,75;297,6571971106374;48,633333440054;756,4714377164042;342,83812203934815;109,56451897960814;145,81423593680375;185,54852120285247;356,58503263175186;840,3997734558359;99,53198316295229;145,30699383045672;64,4077876739099;284,7168692568706;492,7048738219319;215,89999389648438;294,51604284120754;426,17999267578125;61,72794434093139;58,58000183105469;151,46592354395491;2170,0;63,54845250799076;11,434472662218718;159,9000971632295;28,33780584556858;121,18199920654297;559,764412647517;229,52999877929688;179,9499969482422;367,0651416328743;235,15543757815232;494,510009765625;284,51567287113585;6716,169921875
2025-10-10;243,10197943699816;505,47115003636685;181,6148814298513;235,2282576904417;702,1283419878271;216,0;295,1259321582217;47,5367131528934;749,2632303661168;340,52661110214683;107,59169656608793;143,24543505379498;185,6658871464611;343,36701323281136;824,9074140668944;100,67238761734578;145,18071478972323;64,66105776256977;285,5455426869882;486,9169616699219;210,72999572753906;289,9306335449219;411,45001220703125;58,67027429288976;56,095001220703125;149,2703383494632;2120,0;62,20628360204973;11,079841760114359;150,22166216417327;27,428622075195047;121,91000366210938;553,9727890017548;213,1999969482422;173,52999877929688;364,4589637589981;238,69542143704533;489,05999755859375;289,2203486595486;6550,77978515625
2025-10-13;244,6562426215344;507,50438692257717;185,51555866051012;239,08822281740842;705,2477676379041;217,0399932861328;299,67829344838384;47,79128858945582;762,8755293986466;338,0266161060487;108,18452804960516;143,7649867229935;185,10845697785325;344,15598940570504;812,2273868733573;100,22613587085442;142,77156861898987;64,29089623681274;286,6277003751473;491,0299266911117;212,05999755859375;291,55197232194826;419,70001220703125;61,56240616800098;57,130001068115234;148,90106917389866;2146,0;63,71979158433426;11,166102566818799;152,6020757198904;27,773155524755364;120,68099975585938;550,3108036399389;214,89999389648438;173,4499969482422;366,80261874752887;240,331551845499;487,82000732421875;294,89553869091156;6620,7099609375
2025-10-14;243,79940008876653;501,87076583985106;179,2705030798172;239,88613541009548;696,9658939978091;212,60000610351562;288,6506628568037;47,51712836427604;728,1387716458331;337,520674593222;107,59169837799688;143,98626322748603;181,78337771502342;344,2339422221326;800,9484891365909;102,03094925757398;142,87841892800566;65,02147356365718;292,5845180692589;494,5582195537324;212,24000549316406;290,4479243674873;417,8599853515625;59,42008618620918;57,70000076293945;148,79130242571142;2121,409912109375;63,291437161983744;11,16610199655117;156,01108727136634;27,59131632328021;120,30999755859375;553,2862078404471;215,89999389648438;170,82000732421875;367,6000139768833;237,53525182415174;489,95001220703125;289,19060013599903;6555,06982421875
2025-10-15;246,559219921403;505,83814063109804;176,86625456034105;245,35194025727193;707,1114691724935;212,66000366210938;299,6684812643796;50,160777165587675;747,9490652375347;341,27067182105253;107,84438142670133;145,31392618230214;185,12802007542956;346,6204052543966;803,5123470899097;106,40412320726159;143,0629853930302;65,18707336271082;296,0162694867911;522,5065786062987;212,47999572753906;294,13803982828523;426,3299865722656;60,997610316262694;57,06100082397461;150,70745075961517;2033,0;65,17619380718186;11,118179470408215;157,0396616126187;27,935848947541245;120,16100311279297;556,6695981484564;220,75999450683594;176,02000427246094;376,07988706518233;233,915951765761;490,3500061035156;296,0643100000334;6612,10986328125
2025-10-16;244,22783772705108;503,9833851231019;179,34032512988762;249,45126638195018;701,5004654735715;212,80999755859375;291,4566403326295;48,95644884648891;737,8968541533934;331,5186699399313;107,28071559970572;144,53465456124763;186,23309264058008;345,2079859687916;810,2598121816172;104,77782001529076;143,6944155813474;65,42086386593333;297,0691357588407;529,9298096326004;210,66000366210938;296,16716312172184;421,30999755859375;60,520459844112395;56,500999450683594;152,33417386918873;2025,25;65,03341133947653;11,031918242325665;158,90092557577984;27,926280120071137;117,5999984741211;544,7182083101683;232,24000549316406;176,4499969482422;373,3958802696069;240,62902019086874;485,79998779296875;300,1746387813038;6593,990234375
2025-10-17;246,35995200283696;503,1700935064365;179,3203816221287;247,1672097408255;703,7328609179003;211,02999877929688;288,64085185179624;49,27956252835518;725,7360518624565;334,32618227604405;108,04847192368108;146,42995299307012;187,45554072343714;341,7305582890092;778,937373518576;105,33314117615089;146,1327054533545;66,04429067000962;298,62901607389057;522,2687429811429;210,75;295,74941437202216;423,6000061035156;58,79686923798217;56,130001068115234;151,86513099107307;2020,0;64,14814258558123;11,022332733190364;158,3719290532228;27,821006126154824;117,8949966430664;549,3157053100937;227,91000366210938;173,9499969482422;376,5369638928536;240,12332294896245;489,25;284,75337866080514;6603,759765625
2025-10-20;254,68918336894043;509,2401268135401;181,2956472677441;253,5705321372737;717,7453070615727;213,58999633789062;292,5260174899358;50,2978543261346;738,3576884368241;336,2507973402091;108,8259360205379;147,37278600236385;188,09121179958947;348,2373288971846;794,7576088476834;105,71988311828468;146,9778689854687;66,16117845823675;298,17083251540714;523,7394372326117;214,55999755859375;300,0562451174961;440,6099853515625;59,936186670792225;57,79999923706055;154,25034192418332;2033,0899658203125;64,8715880283105;11,099011329605979;158,7539812057475;28,653627900133888;120,69000244140625;551,0869876435563;234,39999389648438;177,44000244140625;377,40243321809885;242,24531387081268;490,32000732421875;272,6798217970078;6690,0498046875
2025-10-21;260,8663137101643;508,8533142722573;179,37027013728058;243,51668810909678;726,2863984755653;217,99000549316406;291,387931026513;50,366392926098534;743,6437603439874;340,2785809945473;108,83564845827111;147,40168748207367;187,5435772620767;352,12384334393215;793,7042423514212;105,29347820324139;146,56012139278042;68,41136340291547;298,70705051007;518,8691248180469;215,5500030517578;301,4089372184081;442,04998779296875;57,26803167975954;58,6609992980957;154,86908885534845;2096,0;64,83350526088812;10,983994870881798;162,8095115608465;28,605774552086142;123,1760025024414;558,0329857509781;234,02000427246094;178,64999389648438;375,2338581249689;251,86371974295304;491,25;269,65898749149005;6722,02978515625
2025-10-22;254,4899051977633;513,4853127480494;176,33751483638122;248,64335615777878;721,5824293281937;216,52000427246094;285,0500319167869;49,387264251921714;728,7761768648239;341,7667108842852;109,89494828160163;147,78650956829;187,55333645550198;348,71460386326936;788,8449056931656;104,77782164035123;146,48241785092458;68,68410674271855;299,4479426031412;507,11103527043895;213,8000030517578;293,2229510413021;429,0;56,82983332530339;59,09000015258789;152,94297741288773;2088,449951171875;65,71877172094314;11,070256872435603;162,6331795971891;28,57706343497939;111,2509994506836;565,8047678055275;224,8800048828125;169,4199981689453;377,48022173582456;254,35264064306384;488,19000244140625;266,6777492206355;6655,68994140625
2025-10-23;257,06040475940137;514,3778516149157;179,3602938591047;251,19673296350098;730,6217558810371;218,17999267578125;286,98278603201936;50,04327884212685;730,2963325861231;341,727019522991;112,11073255125102;150,20134276177336;187,31863795069512;344,4677364880268;800,968403043919;104,89681928681449;146,27843632991357;67,9145715387836;298,5412982840883;509,89406484104944;216,25;297,08219947072246;413,8999938964844;58,61184871172223;58,55799865722656;153,1924561882345;2095,0;67,00382422599287;11,329041574124206;164,4552520962006;28,902456289780645;109,9729995727539;568,8796959537838;228,5399932861328;175,00999450683594;370,79943640638646;251,98272111561099;488,1099853515625;269,78775624373066;6700,14013671875
2025-10-24;258,2261343576155;516,4607380708425;183,06140638753934;254,65771475094738;728,6783045992579;221,89999389648438;289,86726923292923;50,767834795443584;741,4175962326824;342,58021743661914;111,93580077075434;149,5375061131246;185,24533792012375;350,6919631630593;807,4077616428007;104,62906854263365;148,23065008567193;67,84638703466588;297,3713901007486;517,8554177985912;218,50999450683594;301,9460627893297;430,1700134277344;58,78712814386592;59,119998931884766;154,5896322903693;2140,02001953125;66,82296628793559;11,233195359022805;165,03320864307238;29,132144965489324;109,44100189208984;570,2829088219405;241,9499969482422;182,85000610351562;375,04908447214564;251,86373122448322;489,3999938964844;279,55356092104;6772,06982421875
2025-10-27;263,67598537979285;524,6930292943027;187,9796341631504;263,5944564854066;745,4812403760276;225,5399932861328;295,3221804580643;51,43364676261245;771,829392393525;342,2726610516251;111,85805617489514;148,998743656093;185,35292298108493;352,0264446674387;806,3941693049462;103,28042749362606;146,8611509112235;67,45674334066871;297,6833511306093;518,2628944140288;221,82000732421875;302,87106176766076;438,69000244140625;58,962410618324434;60,15999984741211;155,68745035260517;2220,0;67,31795588190568;11,214026083115852;165,37607695677497;29,380973468030014;108,7300033569336;563,7149797248437;249,8000030517578;187,52000427246094;372,3553670460668;252,7759881170209;484,54998779296875;277,1368330944455;6843,93994140625
2025-10-28;267,1631014853557;536,3570441492753;191,45133202040452;265,80872945123696;742,9996885933356;226,2100067138672;297,43155453276364;51,247610992263745;772,1628416222483;343,7508237502946;111,7511495678905;148,05591275518373;182,5070609447738;349,32829410917196;808,9480128935178;102,18960813688516;147,34047257150416;68,13861690945225;298,64851452345147;518,5014427140171;222,60000610351562;307,79460446033147;451,6000061035156;58,43656587886684;60,56999969482422;156,08664613666434;2250,050048828125;67,47978090504725;11,309872399290578;175,75004310786022;29,380973280563033;109,3010025024414;562,6901478779579;257,0;186,77999877929688;372,2872621610022;252,0025503587843;481,1099853515625;277,85988698630416;6870,72998046875
2025-10-29;266,1269030442272;532,3500025514267;204,29055782184227;266,97569238760303;739,9998387891849;227,75999450683594;297,2843916128944;51,22802555117164;763,797421977027;336,31035647389274;111,57622957183459;148,02703591775182;180,59025658944984;344,701472908826;804,555814674434;101,25745410083402;145,23727555313337;66,39497278794411;293,6666415424354;554,6107583416834;212,5;307,3669135971733;452,6499938964844;60,83206980419796;58,91999816894531;155,87708149778595;2251,0;68,61253102069216;11,35779629184617;174,5647028084539;29,735074771708117;109,5999984741211;548,5394835091379;257,3999938964844;190,49000549316406;364,8674253963886;246,945432960583;473,7200012207031;268,7577062357614;6851,91015625
2025-10-30;267,49188695276854;517,8592331602406;200,9286166610889;279,3335478851562;647,9720344844721;222,75;299,33487665042094;51,463018268850654;765,543104908969;339,0781967892368;111,30410541485863;147,4305368845306;182,79066355206362;334,6881218381804;807,1592780158956;101,1087072811068;146,08834038610624;66,61900768264964;292,57475322156193;572,2729129833897;200,02000427246094;306,849652536627;439,6099853515625;59,47851363962302;58,71799850463867;154,68944275301112;2210,0;67,89860999024037;11,185272884595053;173,57531090089438;29,553238737335707;108,81099700927734;542,9768033194325;252,30999755859375;194,1199951171875;365,7523266876615;247,89737567847064;474,8399963378906;253,83164865983144;6820,68994140625
2025-10-31;268,16940070155243;510,896444053691;201,5870481318289;276,3114191679317;643,3875718813117;243,97999572753906;301,44425110203457;51,66863416640752;767,8968564849187;335,4869431536939;109,44791222180191;149,2296390316984;182,64397562159022;328,37617636506985;828,9617910513235;99,34356961508874;145,29598353714172;66,14169448773043;289,5524902765674;567,8797074284352;198,3000030517578;305,5367513304604;443,69000244140625;59,47851489603668;59,54499816894531;155,6874512212775;2308,0;68,28888702392578;11,108594613873985;173,22264629882437;29,64894287424238;110,197998046875;540,8771077438181;253,41000366210938;197,9199981689453;364,682646350049;250,50528283694476;475,30999755859375;254,2575369069314;6814,259765625
2025-11-03;265,2700709373508;510,3907002836433;205,06869143040765;279,0742243823285;634,0292814028221;252,89999389648438;300,42389620518765;51,60988447819842;766,3668462135645;332,1635060317716;110,43917105956209;147,74802695112896;181,43131723621426;318,1290514761847;857,2136845091974;99,56173912564235;144,5525320015707;65,90791462405109;287,05666648767465;561,9559611616494;201,5800018310547;304,64154618982553;453,79998779296875;57,67702029526942;59,14500045776367;154,3101947112643;2289,0;66,84200904030278;11,271534166631431;175,43654206155503;29,98390571763872;107,51499938964844;537,7225151707859;253,88999938964844;201,82000732421875;363,3892576559226;252,9545192358491;473,1499938964844;252,79166228431848;6820,6201171875
2025-11-04;266,6350661079627;503,6957838776707;197,4569251230167;275,5434202802167;623,8937717318939;248,66000366210938;299,33491742651887;51,619680011116415;758,0897093214542;331,59801965303404;109,34101591057156;146,3818486084263;181,52909861701866;318,7134738391959;878,1019481931635;100,61288015285842;143,06560968334358;66,39497436312148;288,9870446692362;541,8886010736416;197,57000732421875;301,4487633587085;443,6000061035156;55,90473979086502;58,290000915527344;154,3201963968349;2270,0;64,48130652963958;11,156518200500017;168,7752734197623;29,821208060827907;108,66799926757812;539,8321707583509;247,38999938964844;185,55999755859375;366,3746996179726;251,32828010060672;475,5;242,84759156013533;6766,7099609375
2025-11-05;265,94760492323326;502,4460479183387;194,18476438007542;276,6206181949745;624,4218873891514;246,16000366210938;299,8548593473778;50,66013171406436;760,6199147376251;333,6912764760034;110,46833744804312;146,87252807617188;181,31394381284895;315,8107493995538;902,1701160583799;100,0079841289827;142,478679994192;66,41444461266163;291,7070347430917;547,0172033013409;195,30999755859375;300,8817601074792;440,7099914550781;57,09275089522525;58,845001220703125;154,78925308338438;2233,419921875;65,25233986281674;11,424888480271319;170,7638769843584;30,13702941330795;107,33699798583984;546,6885425151054;242,80999755859375;181,2100067138672;360,3260169130116;249,8904769054258;487,3399963378906;244,67002227563194;6763,10986328125
2025-11-06;266,90407480138714;491,7639146320967;185,9345440647224;280,41079182644177;615,9107705740217;242,1699981689453;304,3973576988964;51,668640228407554;762,0124880354186;331,06228502362495;110,43917819613684;146,8917694140878;181,28460657250142;313,1126243976539;910,5175075898647;99,19481432629165;141,3146057355029;66,16118122550238;290,04969822426983;560,802936198976;195,4499969482422;299,827464634763;435,0899963378906;58,32945348974987;58,369998931884766;156,98485364761603;2121,780029296875;65,0905207629159;11,606996198667614;166,5907591356343;30,5964066702418;108,51300048828125;545,1859395165234;235,74000549316406;174,52999877929688;357,4280900328899;232,50790710651054;486,75;237,0039623527757;6707,509765625
2025-11-07;265,7881780523408;489,2248119110569;178,48238160939712;274,47617771869056;599,1675434782962;238,49000549316406;301,82690389695847;51,60988581782924;748,0863865592514;332,1932428266196;111,66368880008984;147,61331837521908;181,6073547007375;306,0117020081513;895,2537835848308;100,88063155107741;142,8210663483271;67,61259732447542;290,84911665389984;546,9874134609403;191,49000549316406;296,1074393440382;421,8800048828125;58,04705555212325;58,02000045776367;154,66949110476824;2078,360107421875;64,90966094900536;11,616579938481246;164,81769577551464;30,34757874616743;108,75;547,9822361802867;224,63999938964844;168,91000366210938;357,4475238166886;233,80687534638912;493,3500061035156;230,13025396768967;6631,43994140625
2025-11-10;266,7339548671466;494,72950196106785;193,32684127795724;282,12626310035637;616,0203887455347;245,58999633789062;308,2727480666523;52,22673678360901;773,5848186639133;331,6674741139567;112,20791192555146;146,59350973045798;181,04011446379977;308,9436347895907;932,5286126255359;100,75171182304594;140,95263690545616;67,64182042014589;288,6165876458968;558,0995146559482;193,19000244140625;307,2674674753462;433,3599853515625;60,423077306638326;60,67499923706055;158,05269811530775;2049,429931640625;66,24230776469747;12,239582940519805;166,04219766040805;31,10363533524099;110,40499877929688;545,9024211000758;240,5;183,52000427246094;353,4410301931099;233,1028505862302;495,1300048828125;234,80519242807532;6770,56005859375
2025-11-11;269,0675899882029;498,2505695472254;190,84277869998112;286,5746813377572;617,2961380110504;247,22999572753906;309,32249509813516;52,16798760437378;780,2635278311984;330,5563693999427;115,4829957289592;149,9896967602198;184,88351451022683;311,583335312832;959,240210493399;101,46571097465554;142,4982503778291;68,83023410262645;293,3059585145914;556,8570119862746;194,35000610351562;305,40744980975796;432,3599853515625;59,81933885266405;61,27000045776367;159,10059735386;2070,0;66,5469220079774;12,670891260310817;167,5115826209773;31,888403846671718;111,27999877929688;545,335197905418;234,63999938964844;187,1300048828125;360,69555543820746;239,13174376732923;494,20001220703125;226,7033147598624;6806,8701171875
2025-11-12;270,9624464716027;495,0469415436793;190,673190567689;282,9541227840324;605,7154345004715;243,75;310,2349413284004;52,64776312793611;798,4262807542331;335,3860315467677;114,47228475914534;146,314511559627;188,8149342225856;318,59655176053747;983,8947313800427;101,80287618553989;144,29817925212598;69,4926149622606;298,11233990006474;567,0348376074203;193,8000030517578;300,38447666282144;426,55999755859375;60,724953999254964;61,63999938964844;163,18240943016195;2094,659912109375;67,55592912530415;12,287504789599833;171,3124557738326;31,534301850546132;112,82599639892578;555,6844185280861;250,0;180,39999389648438;358,84787212491375;241,63052052637;496,989990234375;224,00928352336686;6829,6201171875
2025-11-13;271,3513946141157;497,1991825232493;183,41059072037282;276,5208450104115;600,9615245048305;236,5;303,25934720374704;51,66863675271387;789,4921073933923;333,59676765140006;114,9484850676996;148,09436790949832;189,18653626274676;322,69739861047674;1003,7594783618752;101,16820578346626;144,42534844153425;69,16142723246207;298,81425199138664;541,3219409009232;193,11000061035156;300,9613257212944;396,3399963378906;59,54667756179456;60,61000061035156;162,91295630311726;2017,8800048828125;67,3465084297613;12,440859510550926;169,5001876030763;31,429024965738904;114,56900024414062;552,1517809609468;246,05999755859375;170,7310028076172;356,5236963397476;237,89223653553728;504,82000732421875;213,1639299154254;6724,72021484375
2025-11-14;268,8681323529343;493,38060745410195;180,14839424900484;269,9978732620401;593,1879159768617;232,88999938964844;295,5380439111289;50,94408152707434;762,993161046433;327,06599842409344;114,36575532080614;148,94101734042863;189,2843405802947;312,17747069381096;1002,9445650830799;98,05441819840043;144,39600545710059;68,7717800264845;295,72373184810175;537,7140305388385;192,14999389648438;294,6652294745214;382,7799987792969;58,07626606040732;60,5;161,33610842862905;1990,550048828125;66,48028725848972;12,517536609973186;167,90341660132134;31,496019457119978;110,72100067138672;541,3945523592623;235,0800018310547;164,5;349,89148346357575;235,42316368603127;506,3500061035156;208,75644164513986;6646,8701171875
2025-11-17;265,00866346949266;500,7896697837805;183,87947275520656;282,83444961203753;593,3872138938384;229,19000244140625;292,04531142677234;50,31743778202105;755,6378851045997;322,9904598740608;114,80689452973157;148,58505449207854;191,5825233369659;311,1449703398488;993,5002613240432;101,2475372418891;141,85261304581445;68,79126466344636;296,4744974784598;544,2441298334198;190,22999572753906;296,95291022670943;398,739990234375;57,89125199292332;58,43000030517578;163,06264548436354;2038,0;66,89911738911674;12,498367602999785;161,8005273527364;31,237618709536456;109,55000305175781;533,5927842540615;237,14999389648438;167,67999267578125;346,29341470792065;233,60854680882892;502,8399963378906;213,50065926480528;6638,89990234375
2025-11-18;264,59980979362433;482,8076324047851;179,22059421855408;277,4783868942568;581,8065445386262;222,4199981689453;291,4075574888167;50,08244284638512;751,7542391855336;316,101836812763;114,18930088409608;147,63732030536994;194,1545897867298;300,761474830703;1009,1346161546642;100,53355366381376;142,34173427988958;68,74255537095344;296,53293818627435;534,7819645275937;187,85000610351562;292,1785937563146;393,7099914550781;56,615596729492786;58,505001068115234;163,45186165191282;2035,6099853515625;65,60454080348636;12,431275948217476;158,0976342832889;31,11320538850439;109,19999694824219;522,1389353220306;224,7100067138672;165,5;326,75665670531777;228,33331822528856;500,6000061035156;212,45079488745804;6574,31982421875
2025-11-19;264,77927226211665;478,88983663624714;182,39300555425;285,88651371587775;579,2849960343485;218,52000427246094;293,6150123230367;50,591594443091964;760,0510360577931;317,96067124835383;113,65011056424346;146,16834231710902;194,9858522212118;296,63145548254266;1021,3158779624817;98,84773833617163;142,68411952945138;68,97634322769791;294,46613044290274;544,3137412606447;183,00999450683594;293,91923671564234;398,5;57,813343738165536;60,25;164,06063815802173;2054,169921875;65,84250948162413;12,354598058702347;160,7621441458926;30,97922359979663;108,61000061035156;522,417556160054;219,7100067138672;162,4199981689453;322,24440029664424;223,16713497331065;495,54998779296875;215,23394003612734;6603,5
2025-11-20;265,1981613886433;472,50235794747454;179,42014682895694;287,92121274474346;581,3778841958236;216,74000549316406;292,526007702832;49,90620471874946;757,2953007554055;321,21115784431845;114,44417378999563;145,97376829210586;197,1275716942422;301,95955975304213;1033,2581191046952;101,82270033187463;142,94823482289357;68,78152082937;294,30034386703454;537,7140809231862;178,4199981689453;288,92610284194257;394,739990234375;55,69050445915611;58,595001220703125;163,78120528974165;1897,1800537109375;65,39512205827822;12,220412832038921;155,609471385945;30,481562207990013;105,38999938964844;524,6068712907897;204,52999877929688;154,39500427246094;322,9835082613831;221,42193545220667;500,80999755859375;208,2909267409707;6534,0498046875
2025-11-21;264,9488130991126;465,3179114267742;172,51666286870193;293,0877938372482;579,8928999224906;215,17999267578125;287,2771272196497;49,64183903004726;739,4561216832938;322,35433141971924;113,3756185430189;144,70908824815808;198,51627122301807;303,36223243791255;1033,0093612970395;103,84566203582295;145,07099299581822;69,63872902888441;298,4827934105646;533,81784190874;176,77000427246094;282,5205381019196;383,760009765625;55,437324474842036;59,630001068115234;163,72132299917854;1901,0;65,55695295929334;12,143735751380982;155,85437180066282;30,204023786235915;103,80999755859375;529,0749590245094;195,0;147,55999755859375;323,8295506364051;220,09319539224649;502,489990234375;191,70092710981814;6521,919921875
2025-11-24;270,164627965921;465,0694984877541;176,0581937395723;308,79691436510495;595,609624740878;222,27000427246094;288,9450050249646;50,32722757518993;760,4040582137002;324,0540910886259;112,48350943901481;143,7265089139333;198,52606631385947;309,3819381150768;1044,3346503146481;102,89368667466971;143,34930208083685;69,71666741131025;296,4062456341619;547,3252965564551;177,3000030517578;285,8327311831108;401,0899963378906;56,85904205010327;60,810001373291016;167,50371618987978;1935,0899658203125;66,4422116335751;12,15332103583633;160,380103945341;30,749532354688988;103,31999969482422;532,4981150951704;205,85000610351562;157,0;327,2817709576355;223,14731016111836;497,1700134277344;192,44377191609706;6630,7001953125
2025-11-25;274,50283786370125;461,9592459889855;169,1447659257062;316,82602366827604;616,2098098880907;223,8000030517578;289,9751193849708;50,77763039853994;762,9833990161848;326,9367735032804;111,94432721264401;144,2421246154602;201,93203375943375;312,576887315192;1068,0898559525365;103,35975921680176;144,01449942311194;70,27190597232288;299,05796066402786;544,2242868369434;177,52000427246094;284,6789351260529;405,95001220703125;58,5047351798794;61,755001068115234;169,72927456980457;1990,56005859375;67,62255975560751;11,990383056138946;158,56785313981297;30,6251207255027;103,81999969482422;536,3691632552859;194,27999877929688;156,55499267578125;329,51847044326416;224,61486846119706;506,8599853515625;183,85659039729043;6659,97998046875
2025-11-26;275,8790842359358;478,1664510662567;177,81398638784032;315,9682798124272;629,4947305871518;228,77000427246094;297,47076926541064;51,45322551923622;789,4723814818017;331,07195388984974;112,06196387586725;144,17401495897343;202,68001733661194;317,4374268746658;1092,8204066026697;106,27520830692245;144,39599990828077;70,515427668572;301,9535249769533;562,5820471356207;183,02999877929688;291,89013434346924;416,8900146484375;59,653790625063756;62,59000015258789;171,79509871182626;2026,0;68,30792475636034;12,05747442851615;159,8217241620021;31,563010822498033;105,22000122070312;541,5139634103039;207,0;163,8800048828125;339,3889309798961;224,09922874727846;507,6499938964844;200,30792195718513;6783,8701171875
2025-11-28;275,2407959413455;483,5820692635899;176,0781603452176;315,9682963529555;633,351658244955;230,22000122070312;302,4155822779578;51,94279001218755;803,1533592738404;330,01828755179565;112,5619387649192;145,205234443083;201,39075752943597;320,3596767020838;1062,5565708176712;108,08993883022075;143,9753635745919;70,87584613534212;302,8992158532924;568,9233620924339;186,91000366210938;293,68054725015776;426,20001220703125;61,7668982448316;62,470001220703125;172,49369803015534;2050,0;67,88908649585966;11,913704790960395;160,78177212846848;32,00324531649848;106,23999786376953;542,7577912270257;214,02000427246094;165,875;343,7650205997065;226,7071040647147;511,55999755859375;195,72215623510456;6819,75
2025-12-01;275,3904143522869;481,59465771305275;173,2648835948944;313,07580560094704;635,6040193729798;232,25;302,70987827477467;52,09944973345353;793,9934715194623;328,16939997160557;113,81676607945676;147,3843620012322;202,0895233154297;314,65161058592247;1049,9275913934944;109,4385711633034;144,14168426455913;70,55947829711947;297,53753675314846;563,5560599736008;186,41000366210938;286,48918533397114;425,2900085449219;63,120448830197624;63,16999816894531;169,5595943385173;2035,3900146484375;68,41263217104931;11,923288307547518;162,12379169845204;31,907548126127004;106,30999755859375;540,7377550530218;213,5;163,1199951171875;343,16209812463956;226,67736113251712;508,17999267578125;194,8208409887437;6799,93994140625
2025-12-02;281,86278279875575;483,2541563831954;179,56978894419797;313,095779063488;635,9129124654792;233,5500030517578;301,28726675805535;51,864462484151716;796,6386315977039;325,2568476714639;112,43449087183676;145,20522378264818;199,88497632238054;314,42754657080894;1035,358137340088;109,86498910237817;139,40704792581207;69,08805366366829;293,83022711274293;565,6036060782534;195,50999450683594;286,91686265378905;422,1199951171875;61,883745758783604;63,6150016784668;168,4518349998826;2066,010009765625;68,12706060587134;11,84661241706363;164,2201238912945;32,232940803858874;107,5199966430664;538,3992578635833;214,38999938964844;169,58999633789062;341,6255660714526;229,67196919016357;503,1099853515625;198,0893204413895;6806,7099609375
2025-12-03;282,5309633672564;472,2042431453193;178,68191808959097;313,2852490348319;635,3946865356451;230,61000061035156;301,00275356361163;52,07007530708077;801,2216238399765;327,3840896786403;113,60109061388896;146,87849440851897;201,7450518785209;316,5803054378969;1017,4046891782;111,2830477681546;142,68411128406947;69,26462913414561;296,252758196309;558,7952142203117;197,39999389648438;282,97804038615334;431,1099853515625;64,40584362352722;64,91500091552734;169,21031015281264;2102,56005859375;69,5739392060896;12,220412925326631;166,87485284202245;32,577469195521935;102,02999877929688;543,8325307815693;211,77000427246094;168,8300018310547;344,00814674631084;231,19901448440416;503,6000061035156;197,49503149503;6810,43017578125
2025-12-04;277,83373081751637;473,48613274494215;179,53987513877786;313,8837033726762;657,8186630061315;226,8000030517578;307,08558544076953;52,87296445295191;822,460579134257;322,3443777352205;114,36575526130771;147,1119773050205;198,51696482203192;320,19406119746094;1002,3375143198804;112,21519861159891;141,35371675274578;69,02920361774777;301,4116386789634;583,4346375287093;198,52999877929688;286,1211917975242;445,3900146484375;64,92194681890203;69,0;169,75921496239675;2079,080078125;69,36452932452669;12,287504440145865;170,56318634429294;33,065558377869124;101,7699966430664;536,9263867114723;214,13999938964844;174,42999267578125;342,56276473239785;235,60166556414606;500,70001220703125;204,3489529767997;6827,1201171875
2025-12-05;277,29522501275557;475,86105782216015;180,48766317737477;318,3421170569229;660,1507520483126;228,5500030517578;308,7338535792819;52,89183366190272;824,4515469060993;324,45168093112363;114,12067482295866;145,7597450949112;197,63122412342938;319,9894943793851;999,1728550112521;113,72250042690119;140,1309415539968;68,53873179079882;302,2747446285462;594,109397068626;200,55999755859375;280,6406485469793;451,6600036621094;65,93467714657987;69,69999694824219;170,1484218363419;2051,0400390625;69,41211504754628;11,587825926071318;171,813640699462;31,03664316661252;97,73999786376953;538,6081225245587;216,24000549316406;177,16000366210938;342,10278786121404;247,40157615785142;500,5400085449219;211,57918311967302;6858,2900390625
2025-12-08;275,4003533668138;481,32640529111774;181,97416608957425;310,61578500656543;662,8216443414645;226,27000427246094;307,4290057820621;52,64577987355134;843,946100924225;322,77177784886004;112,77761095258792;143,64870238948086;197,80837348995507;316,57104158073145;984,125495721561;111,36238007988572;135,13220802723131;68,16596996101379;303,10837393359475;588,3347033041421;202,55999755859375;281,78448141354494;435,25;65,37962343172723;68,7699966430664;169,389936628604;2075,0;69,36453064464534;11,674088680346184;171,04565650907293;31,084495625835455;95,30000305175781;534,7670838594769;218,36000061035156;179,5399932861328;338,3541382135411;254,18402584608714;490,6199951171875;214,83777926798228;6827,18994140625
2025-12-09;276,16830825817004;485,42038417588924;182,89205072764324;311,2944500995635;651,1313781996487;225,11000061035156;294,35084263290827;52,429252959411244;851,8405336577748;323,1296295298985;114,59122954393455;144,1934768670428;196,74546622144234;316,22786038655386;974,4721356203363;112,07636624624053;135,97348000041964;68,49949117640585;302,49048014575857;588,632810570641;200,02000427246094;283,24663263298845;435,70001220703125;63,76315321206109;68,33999633789062;166,60552513383837;2044,5899658203125;69,06943392224649;11,578243165850319;169,6672021050419;30,787814925439502;95,44999694824219;533,3042205105431;217,91000366210938;180,3800048828125;337,6298477160418;256,8216463662369;490,8299865722656;216,19468378681566;6837,43017578125
2025-12-10;275,6896099437804;472,0850182923752;181,61500881382975;314,069055340672;641,2249606939789;228,4600067138672;292,8203555109508;52,49814852666203;856,7290852140337;323,35824921183155;116,04212098813484;144,66042703451396;197,01118469940698;313,4037028528859;972,4220783335878;112,04661506618633;136,50171761645993;68,45044612023273;300,1267859425891;595,0537033194854;198,35000610351562;279,80509734401;443,6099853515625;65,13617353950745;66,8499984741211;166,5755955572533;1957,0;71,03033918544453;11,597411135860014;172,55209294370007;30,99836144809891;92,3499984741211;534,8765110126291;218,6699981689453;182,75;336,6902644468525;256,97042101831755;488,9200134277344;215,50136841567692;6824,68994140625
2025-12-11;273,0667227973629;472,86007818396723;176,20766331092784;308,0008744502611;638,6337077300913;228,69000244140625;303,39664078542717;52,90167341871328;875,1888216757571;328,0898557440862;116,72835169417907;146,02241215112943;204,54009357423172;322,3860878949816;982,2545741295546;111,90778296266743;137,30387527379114;67,47930271741396;303,1181483472558;600,5898207461994;198,0500030517578;278,14410527336844;440,3299865722656;66,4118257780886;67,5;168,28216492894109;1969,68994140625;71,92511971404448;11,616580587096047;175,34836307002251;31,47687920631695;92,76000213623047;540,001341988863;210,19000244140625;180,2100067138672;346,4190656980946;258,5767957367673;491,8299865722656;184,4508707012314;6833,4501953125
2025-12-12;276,06859927253834;473,3370484252935;174,21234434473615;304,96674508462553;636,4510671197735;225,1199951171875;310,6176088789046;53,492208494038834;874,1933160131019;343,9048707541211;115,98329637586768;145,56516914964985;205,65220708750627;330,8291257456542;998,6752526504147;114,29217065870262;137,7734055563651;67,72454915557479;304,4029660508381;592,1613143984811;201,5800018310547;289,1449248845217;441,6700134277344;65,66201793614643;66,33999633789062;168,18236046341204;2005,0;71,10649227479706;11,616581201303047;175,13175562567906;31,610865719988606;94,6500015258789;563,1278701814565;209,05999755859375;177,66700744628906;348,48421207641735;258,71563067656484;494,5;184,2032339151839;6801,7900390625
2025-12-15;272,0993337942639;469,5411415575728;174,6213802569945;304,288070405232;637,0599755890928;221,5;312,37378669898357;54,20083895300532;876,7559204101562;341,77763447910525;114,55201487415584;144,39776740791288;205,70141731611412;330,46633068403304;1027,5856217270668;114,90825504374712;140,0820165200331;68,98015067600167;309,72857239717507;584,3192803647931;203,1699981689453;298,3056202972192;467,6600036621094;66,7234330342405;66,0270004272461;168,24223399411594;1955,1099853515625;71,55388239367498;11,664504574342368;173,6745533986545;32,070241739058304;93,52999877929688;564,3916956975079;206,5800018310547;180,02999877929688;348,06332163277614;250,96138422261566;500,2799987792969;179,66700512419118;6801,490234375
2025-12-16;271,0522107383373;467,911505956298;174,4916756985292;302,00250880457793;641,5483942773906;221,1300048828125;308,4591385602085;53,82683752137942;861,706096760105;341,66833101727156;112,35606717379666;142,5104657070619;205,50458284724823;324,6120577084619;1031,2478425312397;114,22261671143758;141,5004442219562;68,98015500548561;308,2672332126843;582,7190374419431;204,38999938964844;295,27193605505283;465,8299865722656;66,03205162348834;65,70999908447266;167,1354013199432;1906,1800537109375;72,20116229377363;11,185271709742546;172,11886078690452;31,166787892668612;93,31999969482422;559,7345031307638;205,11000061035156;181,14199829101562;344,3343131247511;249,98962914101497;499,4599914550781;182,72748644949797;6759,740234375
2025-12-17;270,9026119684932;472,0055042784347;169,91240520818417;295,54507970361715;647,5329968709444;220,99000549316406;308,71420723945954;53,600469066834705;855,9109798131782;341,62853353163234;112,90505974046134;143,3471271986448;205,16014046386886;324,0727717826809;1031,426990030952;114,34186055918953;143,26127088151722;68,97033740412374;308,94395860357446;554,0740873351356;205,82000732421875;290,0600024880819;466,20001220703125;66,8792386228134;65,88999938964844;167,25529887662995;1901,8299560546875;73,26729720343258;11,194856512125348;169,40136069527256;30,327644231398505;94,45999908447266;560,8092493768368;197,52999877929688;176,5;343,5219607726549;254,09481438825583;499,5;175,378391487403;6720,43017578125
2025-12-18;266,22537510199504;474,8772903878124;171,41888356310693;298,64909287381425;654,7743619360156;224,41000366210938;306,3203417601588;52,92136114592462;862,0806391391241;342,21503708483345;113,35600808534332;143,08444230478736;204,47120032162059;318,2773440842135;1034,5419877654272;113,8847692032296;142,18523525981965;68,83300408874683;312,2295826992887;558,4970153317583;207,66000366210938;293,83966315180135;473,1199951171875;66,79159957101925;66,4800033569336;165,54688527461343;1932,489990234375;73,45766790394006;11,166103169390173;170,85856445879764;30,564579400836067;93,58999633789062;560,2918398345215;200,5;181,50999450683594;347,02589113877445;254,41556160109837;501,010009765625;176,87395978904445;6758,5
2025-12-19;269,1673383776201;479,4482594182398;175,92832091222974;300,3856749721532;656,4899793714928;225,5800018310547;307,2720362267728;53,52173328270206;869,2260363207915;343,9843722679569;113,67951745617594;143,19145185780252;202,76858093345197;319,7482195784761;1053,918404343131;112,81159522581;140,805923757217;68,69567808984861;309,67952564123004;566,8659743097338;209,27000427246094;302,01570993349264;474,7200012207031;67,80433327185996;67,86000061035156;166,59590066169534;1962,0;73,90505700038472;11,233195881404948;171,5182548481227;30,692920101291524;93,44999694824219;562,4412953929074;204,1999969482422;186,72999572753906;337,5907194306183;253,76004314331402;494,5299987792969;186,32280670757746;6792,6201171875
2025-12-22;269,7756932559407;479,6470539215635;181,9243013805983;304,70724534166345;654,9638698467097;226,7100067138672;311,51040652969687;54,46658012874004;881,9300725370049;347,50326499010805;115,03237102421896;144,6604367878078;202,2469804791725;315,4139070917166;1057,889151858066;111,50989660828678;139,31900457068835;68,33273732906876;308,4241779623578;572,1934033354871;214,22000122070312;304,29344343716633;485,3299865722656;70,0537746464441;67,56999969482422;170,06268987519508;1960,030029296875;75,32338088016364;11,214026543340042;171,22286767881786;30,396751982637934;92,91000366210938;568,2130037851974;213,30999755859375;192,42999267578125;336,39663812507706;256,6502376986757;495,54998779296875;190,98782056825766;6855,740234375
2025-12-23;268,8282792538215;481,6840783901604;182,47301321780614;308,7194521900694;656,5597203493141;228,72999572753906;316,9849385385764;54,92916479813458;880,8065399719106;349,8988928418326;115,99310637729363;145,77920538198077;200,06212686952762;317,4830533891255;1058,3867926699036;109,99950321020724;138,98642923935992;68,36216376722332;304,6579983651666;576,9741250836139;215,32000732421875;312,4794355878749;482,8399963378906;70,75489724778845;66,0999984741211;171,7411363748784;1974,0;76,74170576251093;11,271533738971696;170,83888305039497;30,801514217781026;91,33000183105469;572,9398180731846;212,27999877929688;191,73500061035156;334,6740651003779;258,7458606831942;498,1600036621094;190,35393049711385;6868,81005859375
2025-12-24;271,46109654935304;481,77352833631136;186,154389299292;311,3144241794057;660,499638357634;231,3300018310547;319,34940775949514;55,00790195055099;885,7344591775244;350,9028813061371;116,77737246746888;146,02241706362682;202,31586759380838;317,84584861486644;1067,5523905295024;109,85046507872146;139,72010392126;68,4210133502977;304,3147105395716;577,4711095107192;216,19000244140625;313,4342872010104;476,79998779296875;70,79384216034185;66,43000030517578;172,0908288556604;1982,1199951171875;76,47516598961509;11,281118595693233;171,73486514655553;31,117427592708957;92,66999816894531;574,1837112344606;213,97000122070312;192,8300018310547;336,5923542903493;260,76204631117145;499,25;192,5626237241445;6904,91015625
2025-12-26;272,11926379011726;482,8964083055729;187,5611125998212;311,67371372407564;659,6218797502219;231,17999267578125;320,36975928516057;55,14568797726415;892,249018623639;351,5986730469889;116,19897504309758;145,58462135656427;203,43781175323053;319,9345879995185;1063,1637209780502;110,65533576353072;141,16785584354352;68,40140252518461;303,9126062557378;575,1353690180908;216,13999938964844;312,8573967063381;473,82000732421875;72,74140177605688;66,81500244140625;171,24159479152172;1994,010009765625;77,26524131735599;10,95524163939191;171,66595590039222;31,07793816884557;93,2699966430664;575,8555035440072;213,02999877929688;188,6199951171875;339,2056912607851;262,99672327039974;496,8299865722656;194,23646645975376;6921,60009765625
2025-12-29;271,6107000753325;481,1276307272214;185,47598909796272;310,0169383701615;652,7097106878265;230,77000427246094;317,4166326904015;54,39768212214131;878,6974212600205;351,6881539711041;117,05187045384986;146,01266975408024;204,09722485496195;321,9153838853659;1069,2143960863602;110,86400015656652;140,81570012006472;68,51911315854717;302,2943204508857;571,1497840708116;215,11000061035156;309,9390424622176;459,0;70,11219725611525;66,86000061035156;170,202548641778;1986,0;76,3228697322938;11,041503673014128;170,12995448542742;30,880494043768728;93,62999725341797;574,5916863303316;209,24000549316406;183,63999938964844;337,4243166284915;262,9072936026629;497,2099914550781;190,79962917343738;6888,759765625
2025-12-30;271,54086793463244;482,4393012721813;186,49361152385626;311,85334570689247;656,1508296487782;230,1999969482422;316,39629663998113;54,2992634262708;868,4671536984097;350,55495509967756;118,25768250974248;147,35520135308326;203,25081780778308;323,1215677229996;1066,915586713523;111,13229639587041;140,44398390804153;68,47007204142865;300,8721857306302;572,0144705527539;218,39999389648438;309,2519458361069;453,8299865722656;71,89568180475095;66,29499816894531;168,1544666288024;1997,06005859375;76,61795922963728;11,25236459788987;170,67148982951704;31,51993084712619;93,33999633789062;571,4471738603528;214,3300018310547;180,6999969482422;336,41623697955146;263,5230915643202;500,3299865722656;193,8403036649356;6893,47021484375
2025-12-31;271,0123224859311;480,25317705215497;186,05463453876877;310,8353650439947;657,7467252526537;230,1199951171875;315,954786613899;54,06305165936249;864,1404656895835;348,5967074506911;117,51262278040748;147,54975072015372;203,10320595268348;323,48437823434796;1069,2642635072675;110,6155826547936;140,11137631989453;68,54853010483325;299,47950420602217;568,5754152101644;216,13999938964844;306,57324473722497;449,29998779296875;71,20801490588055;65,30000305175781;167,98460629128607;2007,5;76,08490389014317;11,309872345390014;168,37735541951685;31,40106408608233;93,19999694824219;567,8348262241313;213,8000030517578;177,25;336,6609045931061;262,58950916142027;502,4800109863281;192,86965487522457;6844,5498046875
2026-01-02;268,2697691424855;467,1960229709088;187,8204997023152;309,7274673850438;641,8476986467276;224,6999969482422;314,6793191597252;54,01384341542336;868,0434404197657;341,42977229123005;117,25773726088853;147,14116775938132;200,4557702982002;321,15048731511075;1047,0215895852186;110,41685648631017;138,164715640037;67,6656923816912;294,51678600787426;571,8156594485761;215,24000549316406;307,35994344499375;435,29998779296875;72,07506936499308;63,02000045776367;167,3152413938178;1968,8800048828125;76,85593180001828;11,242779976300032;169,54904087743012;31,658610533856947;90,80999755859375;556,7591606871052;218,89999389648438;166,35000610351562;333,6757154817447;250,7606167452008;492,9100036621094;192,3546316843534;6824,31005859375
2026-01-05;265,41756056202854;466,54022279348425;185,7154296257417;314,01915017003046;646,0866982239037;227,17999267578125;319,0452796366472;55,253952132439366;899,4338740030653;341,99633902690704;119,98306055864913;154,9822195261624;197,7296480872701;327,37739205932587;1028,4115254950566;111,44033404234767;136,56042077663597;66,62588469138326;293,85965543252763;602,5379144053677;227,5;322,0578067805785;444,57000732421875;74,68620353720539;62,900001525878906;164,93742785589995;2010,9000244140625;77,93158043671032;11,01274822213111;171,33116888552982;31,82700943851007;90,83999633789062;555,7242606406251;220,47999572753906;171,7899932861328;333,9987022113515;250,5917797464572;494,5;190,49259613655383;6891,56005859375
2026-01-06;261,40845786144683;466,7886229022075;186,38388451934557;311,1747087515676;650,2261258196658;232,07000732421875;325,8654075148325;55,85432693947871;929,6416308620824;349,89891030839686;118,62039864956253;151,86913352625305;200,88881030279188;338,4289212269501;1034,9301284393675;111,28133482096014;136,47237840891503;66,30216482363629;292,59445532792637;605,2016662464886;228,60000610351562;320,10599251167633;428,7799987792969;77,11792982872275;66,08000183105469;167,23530841409647;2138,0;79,55931700416672;11,070257239672886;173,90099937708678;32,73833208908608;89,73999786376953;565,1679451312857;211,25;174,77000427246094;330,5339084400161;253,26345457831587;496,05999755859375;188,87816737967754;6904,02001953125
2026-01-07;259,1047135716701;474,936929133209;186,12446806753155;313,58000462136766;643,1543108814861;239,52000427246094;319,9029613644661;54,5650042442782;920,5251065141352;352,3939197646881;115,94408487086373;150,69200298907666;201,78440961736555;331,48615112720825;1070,7869220779853;111,3906496463658;134,62353992968997;65,98826070463423;297,4787440440514;592,161354936068;227,30999755859375;321,58975929084465;431,2900085449219;74,82572935294478;68,87000274658203;172,10078965244534;2130,0;79,74968613620115;11,003163578275094;174,3834747618703;32,30248445425295;90,05999755859375;574,8006548600157;207,1699981689453;177,66000366210938;341,61339990042745;261,7055860975985;493,0899963378906;190,16573969758733;6919,18994140625
2026-01-08;255,00587765735156;472,8600706717694;183,2811201033086;320,8758135066914;634,0876460583936;241,8800048828125;320,9377453310003;54,594533960777795;918,5539514718187;347,4138175407059;116,32641717390011;150,99359982251812;201,72535994719092;334,19267410525174;1065,004806151906;109,11513417947556;134,81916797554175;66,16484052242099;296,81177950048897;590,5611088447556;225,10000610351562;308,9631509970218;424,3699951171875;73,27100525288984;68,61000061035156;170,4523305142779;2160,02001953125;77,67455930682854;11,108595199735332;173,48746448419342;32,42135166641905;89,58000183105469;570,7007691185073;203,3300018310547;174,3699951171875;336,78813849255954;258,63662038532715;494,1099853515625;184,37161764689495;6899,330078125
2026-01-09;255,52448097015204;469,2231615927928;183,2412119543349;325,16745676828174;641,1992521727667;242,24000549316406;323,42128423831076;54,90947811883079;919,2439215999806;347,075845630788;120,67909474078854;155,5950978947637;200,7805515444468;335,84011668257597;1057,9191742610196;111,5496424227033;137,76364159491175;67,8030269727335;298,74391330457183;604,5058851731994;228,3000030517578;313,86243622485034;430,3900146484375;76,22098947775788;67,44999694824219;172,01088447004346;2162,0;76,83690001095064;11,35779629184617;172,10903188558487;32,74824142456055;88,31999969482422;573,3917903628915;203,07000732421875;174,75;353,632434855731;254,76319564196987;496,4100036621094;187,47076284555214;6917,64013671875
2026-01-12;256,1028713590674;472,68120923483104;182,59273912358015;324,3690012716118;639,5834431006995;245,9600067138672;316,58174896284436;53,866207819771994;915,7056558315084;335,306521484956;120,149713111323;156,34419146454832;200,62310269270267;327,46563493272356;1052,9130755485373;115,67338453488601;138,624498705621;68,90167485621215;298,3221846094238;609,2369892496407;234,0;318,06466560876623;438,0;78,55305396632254;66,3499984741211;168,96371577367898;2122,570068359375;77,78878907410254;11,376964569091797;166,63461709374616;32,58974898849543;89,33000183105469;554,0076558867856;199,8000030517578;176,33999633789062;361,40374473161967;254,02821443677803;495,1000061035156;195,6436780851804;6934,06982421875
2026-01-13;257,6885867541948;463,01257439213845;182,97184323887342;332,9722749179122;622,4974409136;240,25;306,07597250770414;53,442993068788816;917,5684246925146;321,8970384159538;122,35547169834909;158,8638119824809;205,55377597445334;326,3967930031341;1063,9498329628004;116,98501854440359;139,85702879291816;68,93110252803984;299,33240078348734;629,1552907552737;240,10000610351562;323,631127238516;443,95001220703125;79,17096372542596;65,02999877929688;169,84287954677515;2030,9100341796875;79,39749080101032;11,491981222743403;162,43035644304067;32,15389729856183;89,06999969482422;531,8927836337781;214,97999572753906;176,13999938964844;362,94036676554117;238,7231659776434;493,3399963378906;199,26836926262408;6938,77001953125
2026-01-14;256,0131555781144;454,2879190598576;180,37791464347094;329,838408937521;613,2412994138377;236,22000122070312;301,69036200146564;50,84466409212866;904,6574831258403;322,0063770709054;124,62984068685839;159,64209388997168;210,76003531994849;327,62256915022044;1056,0182292321372;118,27679216536283;141,22655295969358;69,46082576176207;300,04836909189675;619,2856057653921;239,60000610351562;315,0274904366795;434,2200012207031;80,79544028575562;65,70500183105469;170,47230910992758;2041,02001953125;81,02523054973125;11,798689680025438;159,850684906993;32,4213485447637;87,94999694824219;536,3277588837174;215,11000061035156;173,9499969482422;366,023427464314;234,84973112590097;492,0;189,48667349235532;6885,740234375
2026-01-15;256,35220896361545;453,02590941718984;185,895006678512;330,0978329050398;612,6527953870184;236,6300048828125;303,29678306784643;51,405664267530035;911,3297658991718;324,421842198657;125,77684382460471;160,61493155111367;212,49218707861442;321,69966811763214;1007,7015382677571;117,97869731708465;141,20700901393857;69,02920314283398;297,9592748169513;640,1282027061995;243,97000122070312;316,61079888034453;437,6499938964844;81,02466193430271;66,11000061035156;170,1526053054728;2084,6201171875;81,53925057292074;11,913705505634814;158,5510132414184;32,73833214839698;87,81999969482422;537,174835318124;227,22000122070312;176,52999877929688;366,5030087993679;230,09233268402448;490,75;188,07653924395382;6937,93017578125
2026-01-16;254,23797213114116;453,60227115836847;185,64559857342888;327,0637915356931;618,4878021974878;236,41000366210938;305,51422660983957;51,42534982580726;943,1932901552958;323,45764849102363;126,3356265099308;161,30562056596446;214,68688147872595;324,02370675332185;1013,1055281604002;116,16027325015084;140,5320196386769;68,70548979885264;299,96007285164006;637,116646559735;244,9600067138672;317,3576380866206;435,260009765625;79,03143717779277;66,6050033569336;169,48322116003985;2061,6201171875;80,19708004698624;12,047889197610454;156,75903107597125;32,58975008416948;87,77999877929688;536,8559532047293;228,86000061035156;170,00999450683594;369,4882246061678;224,89796473178896;490,8999938964844;185,23636714159738;6925,08984375
2026-01-20;242,75922413209136;446,4476759522066;177,19534884297914;319,8078578375627;598,4593098618273;229,33999633789062;297,49195154924274;51,139927775064045;925,5515329858489;319,6405712796447;127,51204139853334;160,66355998399743;211,1045200795966;320,16989453432086;1011,0753376843255;116,86578627056709;140,98200394032003;68,46025743182238;296,635274719889;622,7768117746247;243,6999969482422;308,35573982488626;417,44000244140625;80,62601675426993;62,0;165,65677422301835;2028,2099609375;80,47312985731614;12,162905268792711;150,89078222905277;32,6888034093092;87,0199966430664;526,7203491035959;225,41000366210938;166,24000549316406;363,41015259231614;217,8661632569629;482,7200012207031;178,11609684945594;6789,0498046875
2026-01-21;244,51445623630568;435,9144806057656;177,9835164834521;318,7299652491503;598,5391758430108;226,8800048828125;296,7922671947178;51,22850322475346;929,8387894871648;321,0719896048092;129,31585712353169;161,5488407015417;207,16783174078773;332,1235596151242;1037,0099654218084;116,80616168473357;141,81348229060896;69,48043762200533;297,3119947738281;624,9686339367224;244,67999267578125;309,3515332816008;419,6199951171875;82,85842471996031;62,96500015258789;170,09267209650494;2032,010009765625;84,1379270687475;12,460030034740287;152,2396786268752;33,8675797469085;81,93000030517578;522,9930627577661;235,77999877929688;161,11000061035156;366,71832628164384;217,46890701547346;481,57000732421875;169,416851630451;6804,9599609375
2026-01-22;247,47637302553753;441,89652570286836;183,5005985718231;328,1117515615861;624,9411525277235;230,89999389648438;298,51697209231355;51,50408737123232;937,0926316342786;322,0660580855128;129,2570344119412;161,22779439206914;214,6475310263463;340,04689943102113;1066,5871587042977;116,90552744651671;144,2883985058945;70,0788107444416;299,0872000342411;638,4977538571923;249,77999877929688;293,5981470708404;432,6300048828125;81,3336122130171;67,56999969482422;174,33873257735155;2111,010009765625;82,50066670470403;13,035106826702373;154,39596283205475;35,12560394119909;82,9800033569336;522,036320502706;246,6300048828125;164,9499969482422;372,44403525172845;219,60425040881225;481,7200012207031;175,27591823350863;6893,6201171875
2026-01-23;244,01580413580567;447,6897705604439;186,38386606278428;326,8142558744754;642,7952283244125;234,57000732421875;292,2194132676643;50,56908302800814;903,8196756461399;322,6823158838599;131,83530480966832;161,91851034888046;214,39163319315116;346,14631452558734;1057,90906030645;116,39875299816131;147,57875232435734;70,41233912255672;299,4893074788171;621,2326846870689;249,02000427246094;288,84825018928603;444,0400085449219;83,54609456018159;68,55500030517578;174,55853187818326;2100,31005859375;84,49964043429699;13,380154818975482;152,4661504431617;35,511926021981814;83,27999877929688;518,3986263630635;256,25;166,3000030517578;371,1520722052226;225,1065188551059;478,44000244140625;170,8071330789283;6895,5
2026-01-26;249,12190294519746;459,0874767807031;185,5557928402329;326,3651202937951;659,5919624126628;237,5399932861328;293,1458204050662;50,85450394559286;904,7363180817393;323,0898668527969;131,53141043964325;162,2395575074993;216,51743724272882;340,53720904799604;1038,3037453317777;116,64718131021117;146,31774320553586;71,15785933874271;304,0106916794757;616,9388500475836;247,41000366210938;289,2166941295269;434,2799987792969;87,41295048084726;67,1449966430664;173,20978083572518;2127,969970703125;86,05122659137614;13,66769343285833;151,92460571784335;36,05674411643706;85,3499984741211;520,8802068628081;250,3000030517578;167,3249969482422;373,83386300262646;226,04011230767918;477,0799865722656;177,29184173481335;6921,60009765625
2026-01-27;257,50904348719195;470,17711748937944;185,2664711415707;332,8325522369338;662,9532236229811;238,0800018310547;293,83569907896594;50,99229218598896;907,111532146701;322,97059506819414;132,0607808658375;162,12280028758875;217,2063743191241;274,96365963889974;1029,8348524949029;114,74926698887573;145,73647203113578;70,89299525811732;305,06010863117064;630,8564344499586;238,75;293,35913447764165;430,69000244140625;87,45281394047856;66,69999694824219;175,77740695440613;2205,0;86,97456532805936;14,108586489045903;150,30986589675067;37,04731483294835;83,87999725341797;517,7906928354904;247,9600067138672;164,69000244140625;370,2320329388677;224,72912027386116;474,6700134277344;172,47547156030626;6958,830078125
2026-01-28;253,8191275531099;474,9865988275796;189,39679023846315;331,2955302242731;664,3895658196245;241,52999877929688;293,73714339882304;50,50018571318425;909,4472683056852;322,9407881617898;133,98223640576208;163,63069136219983;222,5012110309432;278,21931612398555;999,3121752303159;115,13679944245614;144,61338009647605;71,18728419268787;305,6191612224381;626,6223275337533;237,10000610351562;289,9236927489325;430,1000061035156;90,02408170356617;68,76000213623047;173,54947479379507;2266,35009765625;87,69800299143766;14,444048621691026;148,0846477153538;37,36429579576532;84,30000305175781;516,5150746480979;250,2100067138672;157,24000549316406;365,7102015587281;226,1195744340916;471,9100036621094;170,66810972164663;6963,4599609375
2026-01-29;253,7193980705993;418,36581575660404;185,62563804704834;325,9060355700189;710,7203206800697;236,74000549316406;297,8468162912432;51,13008582913682;911,7831551073186;321,57893349542695;136,3742577995773;166,3935557089409;223,4853645338204;283,6126820924317;1013,1055096364555;115,33552857148821;144,9286383741246;71,74641607635178;306,2566661084502;640,3208248445067;233,35000610351562;289,1071256021594;414,6199951171875;90,97085965325324;64,55000305175781;173,01994031316025;2209,929931640625;88,82124098347732;14,722003606072969;147,42495987671705;37,02750137551721;82,3499984741211;518,3487812058779;240,91000366210938;147,1199951171875;362,284602364362;207,35822096193445;473,0799865722656;160,39982975761043;6870,7998046875
2026-01-30;251,49543285360957;423,7616041817895;189,0276790286862;331,6448448818816;711,7576553956329;237,63999938964844;298,18188363582897;51,93714168418184;909,8513912692115;319,68035836149653;135,1194175625329;166,6172992439625;221,7630744488117;279,18031926695124;1015,0958843067945;115,86217256793869;146,9383858562462;72,13879914347542;305,57992035072476;647,8723734626461;229,94000244140625;295,1316757033326;422,70001220703125;82,15082934884592;65,2300033569336;171,36149768483557;2129,0;85,31827139907048;14,444049413949903;147,5234171807545;36,4232538473842;82,77999877929688;533,417572522911;234,5500030517578;145,13900756835938;360,71855595680273;209,59288536691182;476,1300048828125;162,10788036785846;6893,47998046875
2026-02-02;258,50636737104884;419,58808475506504;184,44839001538193;334,9783863513143;701,7135364812315;238,1699981689453;297,009066824225;52,1143048457495;898,921373299029;322,17535793601024;135,34488223626485;167,95982167646466;223,65267906312954;276,8072456694325;1032,581466529788;118,2966787324989;149,0072516350481;72,982418583732;309,1499189186751;654,965705145667;230,3300018310547;299,75214601150407;414,5;83,34676312375716;65,19999694824219;171,05178006829115;2112,280029296875;87,39340040344109;13,897724677709789;148,4981995238031;36,62136685244994;82,72000122070312;539,1182264733111;235,0;146,6540069580078;360,41517322936585;208,3712731650351;478,54998779296875;158,89035445463986;6914,33984375
2026-02-03;266,88355520832346;405,9843574339844;175,81857039871747;336,81480425638233;684,6474336745422;235,4499969482422;304,6272410024816;52,83278185076011;905,8006539724934;326,906974335595;135,58997362759902;169,02994734586278;226,83154381662808;273,1985764978856;988,8029346919659;122,86756418123646;149,94316018786608;73,69849721833332;309,44418399517144;688,8084488046916;228,9600067138672;303,7253127291047;413,69000244140625;87,75180044216599;56,650001525878906;172,55039999987105;2065,639892578125;90,00159229216754;14,396125783512826;142,07854680117376;37,34448432657415;79,62000274658203;547,1709445222494;237,0399932861328;153,1199951171875;368,9890384961104;191,7949279222085;482,20001220703125;150,84652700121748;6862,0498046875
2026-02-04;271,55083028665655;406,66005118226167;171,50867959294058;327,8821583120744;665,7461770525908;231,82000732421875;309,8603851938019;53,84652343518179;880,9051064282754;322,4835097434655;141,28570982267485;174,02058078862206;229,25259794183296;268,7367865177365;1059,8795135622838;126,28578767948056;153,45037335877703;75,61136080194468;313,553638038349;672,4699065592722;229,91000366210938;300,72799755732683;399,17999267578125;84,2038504738515;56,72999954223633;172,32060370545594;1985,3399658203125;90,29667407494185;14,357786806341439;145,88898328627647;36,34400520861353;79,2300033569336;539,1780425275945;199,14999389648438;135,67999267578125;376,19264200827143;186,00463782054652;495,6700134277344;143,42833107282857;6838,7998046875
2026-02-05;272,48832346973;389,84673704915224;170,63072277473634;305,8649942318392;651,8219602792932;220,3800048828125;301,11879302745194;53,393782723753624;864,0714690456924;326,85725811156686;140,97202365001937;172,59051820856862;231,27015341178193;261,12725091622696;1000,9940422923881;125,75914898632793;153,80503420142952;76,1116303419223;316,741146506765;662,5770939030525;232,60000610351562;301,2258948283577;387,5299987792969;80,82533431903458;56,279998779296875;169,5132050739565;2024,1400146484375;86,69852614342614;14,214017638463671;130,68667264519198;36,34400504227375;80,54000091552734;548,0878069042582;190,72000122070312;128,32000732421875;372,73764950494666;187,50434316623776;497,6099853515625;134,31201233895845;6780,1298828125
2026-02-06;276,1782182606431;390,4429643868461;174,19239634754115;319,2988903139048;644,8399277739295;200,30999755859375;310,1560458706719;54,41737105763355;894,1413416600324;325,1475298017769;143,2169794161954;174,63346050530458;234,2128329577192;261,24488755426194;1028,302138532319;126,24605859221587;155,66699625777377;76,76886737487946;315,06398020830636;687,9317144426263;239,39999389648438;308,9133852461028;397,75;83,37666918265575;57,79999923706055;171,01182156458177;1913,0;88,43096719607854;14,19484826355508;133,19742319797555;36,70061020517194;80,6500015258789;537,9721063106256;196,42999267578125;132,35000610351562;371,0444206547449;185,84571598326687;502,8900146484375;137,94662677669297;6816,740234375
2026-02-09;271,2160169672847;398,34282592261525;183,52056478242866;316,6440476026885;657,0884263930592;203,35000610351562;315,4778929075789;55,29332196441121;913,7344685654579;321,6883044313802;145,70701931770182;175,06152193313739;233,28770262066075;268,0209657772727;1037,9057527524499;127,27947494500727;153,7065280129841;76,06259819169836;316,96669201159824;718,9051261191041;240,5;315,05738229764825;407,2900085449219;85,65890680694957;57,099998474121094;172,95001699218113;1958,8800048828125;90,10630520206988;14,261940988626673;134,3986302015307;37,35438601999315;79,87000274658203;532,3910945092823;204,14999389648438;134,7760009765625;370,163562457197;184,46518350509197;497,2900085449219;145,980525286676;6905,8701171875
2026-02-10;272,4537718732244;410,0982892644293;187,6808205923615;313,9991629255859;668,0701369952135;206,41000366210938;310,5601303365702;53,41347057854579;916,5138706379427;323,27798187994784;146,87363021409703;175,94678446941796;234,11440415212087;267,36392591131624;1018,9572891247709;125,590233685177;154,39613937463824;74,56173634009727;317,29036708301226;734,9049463368419;240,86000061035156;314,54950276688163;417,0;86,85484635467388;59,33000183105469;171,85102887708976;2012,3299560546875;91,32472912941184;14,424880099476377;134,68416409078455;37,780334358080424;82,08999633789062;533,1883569109134;213,1300048828125;137,77000427246094;373,8240756812119;189,4509889580633;497,29998779296875;155,8714553819222;6937,52978515625
2026-02-11;273,9610989943363;398,4819668946231;188,32932783046314;309,0588287321352;655,4126950742984;202,49000549316406;304,2626036559874;52,39972602184953;917,84442846085;325,140660617698;150,54987761975752;178,56371127242053;233,64199058214248;264,5691704078053;1007,7514052631049;125,82869675501851;155,84434372524265;75,12088544896557;314,642271405461;753,2658511578556;235,5;311,4426537939042;420,0299987792969;88,00095300768176;54,650001525878906;169,46324966507711;1972,0;93,55215904611093;14,942450449455745;136,96844756903366;38,42420448606563;79,44999694824219;531,3047691497292;209,2100067138672;132,9499969482422;373,96109404547286;180,5718794169307;497,2799987792969;152,93196498750734;6911,97021484375
2026-02-12;259,71650632997444;395,5008602319473;186,07459697001164;306,60359228041904;643,6230822268304;197,55999755859375;295,67862894222;50,97261149915215;890,9382161998798;322,73016710393654;147,9118045030338;177,14338530494985;235,8858988159272;270,4626513270822;1007,1343614043982;128,49173992475252;157,2826840647245;77,28877599685985;313,9949543996973;753,1762097231763;235,97000122070312;310,3472828919233;414,0;85,80840376077317;48,20000076293945;169,62310915903942;1997,0;92,81919969251682;14,501556838238118;134,63495464918608;37,89919885455076;75,2300033569336;525,3650023426062;205,13999938964844;126,55999755859375;380,7340539554721;179,01257751348297;499,8800048828125;151,44238173633673;6824,0400390625
2026-02-13;254,9949421084194;395,54060384789733;181,16605622339495;303,1203270701956;632,9405983581432;197,27999877929688;292,22925421492414;50,62812991200933;856,4628623797979;311,59395806764877;146,0367505798841;176,78342129378183;238,7695225953774;278,99399967439444;1030,4369716915373;130,91629746718232;157,34182490956968;76,64134649357536;320,2522727974895;744,6183864642087;240,72000122070312;312,2094260551998;410,8800048828125;84,64236568272469;48,40999984741211;170,64215035419102;1963,469970703125;91,0391537550414;14,329033770191545;134,6349373952832;36,98787648640571;75,52999877929688;514,2726940027525;203,8800048828125;126,23300170898438;378,87446108617314;183,04492102262535;495,5;154,21301832999148;6794,5498046875
2026-02-17;255,08478749757862;392,04282577248057;178,7617008539599;295,67483755264817;627,1853229648948;196,0;298,12272283207255;51,789510702949926;892,6136974783982;313,1777553150958;143,24391231753378;175,58538134936003;238,04125423739714;282,7497702068007;1031,6233109515094;127,34901655342479;156,52411024036732;77,23972210319404;318,75169531753295;747,1887483212059;238,92999267578125;313,1753316482171;400,510009765625;81,50303425300687;47,61000061035156;172,23067818797568;1931,1199951171875;89,56371968310901;14,194848371775468;137,85458891709615;36,86900893612645;75,30000305175781;513,2560717953911;194,8300018310547;127,29000091552734;372,41469084659906;181,9226052262247;499,2099914550781;151,81973899698275;6775,5
2026-02-18;261,9825104325609;393,82155037537984;186,3239846890322;300,66511016078545;626,5370489428796;201,50999450683594;302,7744352071208;51,956830170643364;906,7074048188776;315,4786915611019;145,67161638544218;178,76818978865634;238,97621465530662;280,7394843208789;1008,1274975750979;124,97415154137549;153,46023905691038;77,41629415716362;317,60420943031005;747,5673001182851;238,60000610351562;325,12478924138196;409,5799865722656;85,57918309858901;48,349998474121094;172,91007004996982;1976,0;93,44744163250904;14,501556983948479;138,55368679054774;37,374197466053495;76,27999877929688;517,6412359991667;195,0;134,8699951171875;371,4750744620919;180,6215444099069;497,67999267578125;150,32020042021392;6849,66015625
2026-02-19;259,5867290635135;395,0690225854118;185,22655825948098;299,4574819671566;635,0849670695593;202,80999755859375;300,70484269703184;51,01198236086239;893,4120211336794;314,4925528519528;148,85919011306916;181,4794808763685;240,4032561468311;281,32785926949714;1003,8310719191508;123,6128144996477;154,5045039445223;77,09258406690148;320,6642388917405;741,3606541443767;233,4199981689453;324,1987188341452;404,1099853515625;83,52615677013789;44,5099983215332;171,4913591910692;1990,1800537109375;89,56371311110567;14,87535756496613;137,74629517346318;37,57231520599684;76,58999633789062;514,3025251351302;198,2899932861328;131,00999450683594;369,3707450420628;181,98219875725258;495,67999267578125;154,68969677344117;6833,06005859375
2026-02-20;257,7001265171608;393,56508699389525;185,5059147845697;303,30996428502766;637,1397796110642;203,75;301,25671320907963;51,01198174789143;887,5774648432479;316,57437074516383;144,53672317214324;179,10219131983723;236,47642067464778;280,01379677597436;999,305359345354;120,28401972356986;155,8147895206744;77,38686756621337;319,69323894150466;749,290807029629;231,13999938964844;335,37147353050705;405,5;85,44961624197751;44,970001220703125;172,34059841507738;1964,8699951171875;91,04867286986567;14,884941138389998;137,943218198131;38,07750326753546;76,4000015258789;516,8339750532887;198,55999755859375;131,1699981689453;367,96138419838536;182,47879353697357;491,80999755859375;146,36780721660742;6836,330078125
2026-02-23;262,91081074777924;381,55374731391754;189,13741163084848;309,2684038978283;634,3668572540702;203,11000061035156;290,82982182198225;50,086813835733345;871,0001429928999;303,51576080147515;146,18478981965436;180,8016773015223;238,75969298572113;276,2090649023382;1030,7461111539067;122,18192896266022;157,92307293410906;77,98524641164639;323,9007937890671;749,9583502155189;227,4600067138672;335,58055591165447;394,0400085449219;88,7185085420569;41,45000076293945;173,5394713149906;1848,9100341796875;91,06771582288485;15,239574348792734;137,49029326194912;38,3053329935388;75,01000213623047;488,34076180188265;194,14999389648438;127,38999938964844;361,7267011620893;173,38119810563873;493,7300109863281;137,62883409835757;6819,81982421875
2026-02-24;267,233111068832;380,16937672197673;186,96250644177093;305,33603467292323;627,364878734925;203,25;287,16363658887093;48,68922472173588;868,9303605199308;301,89211116069055;146,08609834773506;180,60520033583146;241,9484024234396;266,53042294882727;1020,8572797216431;124,1195915294407;161,50909678757395;78,32856554753775;325,94078328655087;748,8724220607829;228,38999938964844;329,3270034825714;397,6400146484375;89,42610806952163;40,7599983215332;174,2687971232069;1857,1199951171875;91,85778492961687;15,527114221024195;139,8730349404787;38,444017622722264;75,20999908447266;489,59652266539183;206,5;126,37000274658203;374,0883361890514;175,07953162276812;488,260009765625;137,76786676245285;6815,43017578125
2026-02-25;270,567157599074;388,5852587696308;193,33758246616242;308,8392369672335;640,4911445683953;208,92999267578125;292,7122028119612;49,51597410276634;894,4271323246188;307,0418926144709;145,39529183251534;179,2888320500569;241,13710142042595;271,50209817356273;1023,7682097251185;124,62636339864703;159,69637421761428;78,0440951104216;323,6556164585424;753,903451436773;229,19000244140625;337,2335759805241;412,1499938964844;94,42910469622713;40,770999908447266;174,6884194023203;1654,239990234375;95,3226807128971;15,680467420873798;141,8028720929137;38,830337918517706;79,25;500,7187310425245;210,3300018310547;129,17999267578125;363,47868169262966;181,01881925541315;490,8999938964844;146,31814550487462;6915,14990234375
2026-02-26;270,31758130113775;397,1306190557743;183,8897126034445;301,7630004907203;645,837347084645;205,35000610351562;299,24626638786924;50,923400544371624;908,2448940199065;312,70960853635546;144,8426553083189;178,55207806312956;239,4551250760139;279,7000570330196;1004,2098889029215;123,15573203020392;160,44509702007508;78,4953365344764;326,7057673162356;725,6697654097186;225,6699981689453;333,3997878236482;403,6600036621094;91,2100421690864;44,70000076293945;170,74205755061465;1731,260009765625;92,85727816695537;15,661298339815186;142,29517390215995;38,20627668375942;82,80000305175781;507,2864111578843;201,4600067138672;132,6300048828125;366,97282226210285;190,0270517409182;494,45001220703125;144,1433450261864;6859,72998046875
2026-02-27;262,4217314181026;388,30640407164015;175,96823012244815;303,21015662264614;636,4814590544522;205,1999969482422;290,18923459429544;48,54159189588659;841,8271567827882;310,72738119880427;147,29006930491963;180,52661726459598;239,93003240320007;278,34675700816604;1014,1584169416718;124,35807283147619;161,26278579090197;79,28009080623886;329,11851759075506;728,2997479783403;224,91000366210938;336,24775700533854;398,1099853515625;94,26964369367742;46,310001373291016;172,00090649320387;1721,4100341796875;93,62831262154832;15,85299089264958;139,17398045997925;38,25580569626644;90,58000183105469;505,03407626933733;197,74000549316406;133,97999572753906;364,42806841930053;188,62665496017053;501,1600036621094;141,11450016934114;6831,740234375
2026-03-02;259,73647625260065;389,0533591512552;174,23227758067924;300,71499938521333;632,8707791900337;203,4600067138672;288,9671512696774;47,81327420500044;828,2751929740086;313,3670044395995;151,0204334392882;183,9157233752487;244,2537044562187;281,92603297549965;1009,8121489925305;126,24605915765932;161,02635656414978;78,62285474290255;327,9808134222245;722,3422308774508;223,6199951171875;333,9175951412622;388,25;92,45580632272073;47,534000396728516;171,69118309693454;1682,1199951171875;92,56218453368405;16,1884538194558;134,78263611630263;37,483164359652584;95,19999694824219;505,62209037395337;190,0;140,52000427246094;361,15906636505446;189,38147119202358;477,9100036621094;140,2008654741037;6796,85009765625
2026-03-03;259,6666350681776;391,0851500003899;176,50697142699124;296,13394323483243;637,199599354082;202,47999572753906;285,3108518008074;47,73453494131306;817,0201892973095;313,117987052978;148,32628979550924;184,11217498948952;241,7703087256774;278,8468991181569;991,9385828373936;124,87477774286918;156,2679589705066;77,06314820863547;323,1952365809543;703,9514044442288;221,11000061035156;327,69395003403264;385,3900146484375;83,11754570075502;47,220001220703125;168,094528710653;1660,199951171875;87,82175619549182;15,987177852722025;134,20172552570202;35,42277671753854;95,33000183105469;511,2628801324818;188,22000122070312;138,1999969482422;352,46770711379116;188,2889789535958;472,5199890136719;142,0579201418087;6710,419921875
2026-03-04;260,95432154975975;398,69429724653685;179,63964723402094;300,1660893213747;655,9812154011644;210,14999389648438;291,53939115440386;48,43332573037087;852,053441531241;318,5466018009251;145,9183318111316;180,89989504723084;240,6028202250193;282,1025410732585;990,5329565841821;125,4411634429717;154,97740259437612;76,2685858306413;325,0789326578172;728,1006098946033;221,7899932861328;332,0156535272485;394,5799865722656;86,64555793196138;49,790000915527344;169,62309576146606;1727,0;91,17242059887616;15,920082690840035;135,30446781610806;36,82938516941794;96,98999786376953;518,5182776851857;189,86000061035156;148,05999755859375;353,8282109374275;190,791829894223;479,8800048828125;148,06595229240406;6811,64013671875
2026-03-05;256,79173142961054;402,7677785996419;177,46472744924466;297,41146402777275;648,6401755256248;215,58999633789062;288,1984271847196;48,551437117765644;814,6026892074843;313,5363155637196;147,5071895803822;183,19859622329486;233,42965388259424;281,18077536497253;962,5613119779828;120,88022458274638;151,48989548912576;75,04240122989448;319,6644289441592;690,9802045588214;218,1300048828125;319,438834181775;399,4200134277344;80,87517155515752;51,9900016784668;167,21532792424276;1765,0;87,53618273339839;15,77631148670287;134,56789436634378;35,72985419784874;98,0999984741211;511,01371839834417;194,8800048828125;149,61000061035156;351,5672851014027;192,91723677995333;492,510009765625;149,07888096268312;6770,77978515625
2026-03-06;253,916851068475;406,8612216895844;176,40721126414203;294,60691775969326;634,4765699796501;212,52999877929688;279,6046122907234;47,133374793067844;793,9255050315146;311,07601412616293;147,99076470220882;184,7998370370289;232,93494958702288;277,56228896311245;963,049792707641;120,85041869758626;149,63776984863387;74,89526517400058;316,9029246913742;672,539614127826;218,63999938964844;316,27221982125377;394,2099914550781;78,84207821988979;50,470001220703125;165,15723064586822;1738,550048828125;86,95068377945832;16,456823515176104;132,2094691984705;35,323721576139285;97,4000015258789;510,46561033742245;191,25;150,2899932861328;345,71434314288405;196,02591626270382;491,8800048828125;150,56846694887784;6711,56005859375
2026-03-09;253,22808575123491;401,8714182880504;175,1501427003192;293,71562375842984;625,1706567300553;207,11000061035156;276,39182473676505;46,29206488833786;787,6539956044537;308,9344312933075;147,50719887090204;184,78999881305094;237,49607978572496;275,3818211832701;977,4942529081679;121,7248390120394;150,63277475529094;75,07183594107374;320,11809699358105;660,3653868983685;220,4499969482422;309,2636301778536;381,3999938964844;75,92199769526772;48,95000076293945;166,39610359036698;1721,4100341796875;85,37527900911601;17,223593955715803;131,2582018865669;35,62088838441776;96,58000183105469;507,3860878678932;189,02000427246094;152,97000122070312;338,2953999508869;194,53613557244566;490,2099914550781;145,41446869549333;6636,0400390625
2026-03-10;256,4922936817907;401,30371964643086;181,5850871183009;305,1914269440574;647,3335142418318;212,42999267578125;283,0243825142546;47,11358133325475;818,7143180045649;310,22933095030214;145,76043801499983;182,36359895781828;238,26784082105456;275,6189600693905;990,8719458192365;122,56945837546142;151,32241755707258;75,63097346402618;322,2188128676216;707,6176175352949;217,02999877929688;319,66483131753574;398,19000244140625;82,42988103587054;46,691001892089844;171,15168975582046;1723,699951171875;88,8294272625183;16,983977854887463;130,96091620380716;36,502494858805065;96,29000091552734;509,2696764633758;202,1999969482422;150,13999938964844;343,56110469944167;189,30202552048814;492,30999755859375;147,42045264344006;6759,740234375
2026-03-11;259,08763272962494;399,96912002302975;184,02934488988058;305,54101125974313;646,695096760678;211,35000610351562;280,7379541448169;47,291741661050786;803,0503791659094;307,18134157627605;145,72095615785696;183,19861238702967;238,80209516039704;277,2989962609529;987,1835862573768;122,27136179433607;149,18458041692423;75,1404976167675;317,98781576444924;700,9925656471443;213,52999877929688;320,30307975540615;402,1499938964844;80,82533454025354;47,599998474121094;170,26250083536672;1726,4599609375;88,20318337904617;17,53030363068076;132,7445851226316;36,888823157529295;94,69000244140625;501,01770100498106;203,6300048828125;149,3300018310547;341,69169898686965;189,9873122244243;489,25;159,4663308334791;6745,58984375
2026-03-12;253,7272102811576;400,08864860368743;181,3355064165816;300,65705267874506;635,2645782351397;208,14999389648438;275,0613428380194;46,311862157873186;776,8547220636391;304,82060688982915;149,63882672348768;188,38541595427884;237,75333399538243;273,03967176516403;970,0974659266856;121,50623821571698;148,10089416222095;75,43478500819083;317,58346102047176;677,2120580717838;204,3000030517578;300,298462116761;394,6499938964844;78,70255131162064;45,10499954223633;165,88654339322295;1631,1800537109375;88,320603676941;17,750750704466626;129,4249738312515;35,680325327945766;93,87000274658203;494,60950240688766;196,6699981689453;150,97999572753906;333,7191718320135;191,8346527217226;489,0199890136719;157,50999424030073;6670,39990234375
2026-03-13;249,07551643845036;392,65875035547907;179,52965286608148;300,0677703977713;607,9847424867846;206,22000122070312;278,8556620459724;46,18318837078276;773,2880177553692;305,21906944064716;150,97108926767592;191,2538861460719;238,94061117286776;274,5417754718342;974,9223047159119;124,17921873328199;147,95312092033714;76,23989858884553;320,0194971554425;684,6042005803665;204,9199981689453;298,22417947083477;389,95001220703125;75,8622043854051;44,68000030517578;164,62771929464185;1645,9100341796875;85,82539341431702;17,779502008471145;128,04758862854408;34,97702016650699;94,23999786376953;493,7224544114146;192,27000427246094;148,5800018310547;333,05901726415016;190,4441834205658;489,7699890136719;153,08092242987794;6623,919921875
2026-03-16;249,4348789230203;393,1965772756644;180,99628481489137;302,64456537566065;622,0321132511823;207,4499969482422;280,49157605338496;46,42073673196213;782,7002040930424;306,1752809950723;152,7277175392131;192,12816445259523;239,1088059824489;277,73380783329816;972,4401682564842;124,0401008586876;148,41614542375342;76,78312734967358;322,0215776388675;691,9963455607045;210,75;299,3211479154783;394,4200134277344;76,64952730819999;44,18000030517578;166,23622779075015;1681,0;87,05832304352829;17,92327336937366;127,77013505007992;35,77938285945199;94,36000061035156;496,9315876099652;194,8000030517578;151,1699981689453;335,6405034404279;193,82102502185103;491,0799865722656;153,43843962082485;6674,3701171875
2026-03-17;251,7307636559193;396,1446090107731;181,2656763194747;305,1214918945171;620,634579694285;212,42999267578125;281,81224707987553;46,71767158226114;796,0457439450395;306,1752838399166;154,74093346250348;192,9926535455191;234,70598053704475;281,4891167908925;922,3383148260817;124,06991171562693;148,95799400237624;76,49670209643693;321,63693474715745;692,3052014506017;206,6699981689453;298,1942686017579;393,0;77,06810354912972;44,40999984741211;166,92756155936166;1711,0;87,71392532763157;18,546272877544347;129,98978871346864;36,254855831714416;94,01000213623047;504,78487778600623;195,25999450683594;152,1199951171875;335,92624251251857;193,1258058856387;491,4100036621094;152,4354380315028;6710,7998046875
2026-03-18;248,55643828829037;389,42188971563326;179,91875397930713;306,5497087361953;613,5567043186309;208,8300018310547;280,9942110555422;46,21287934474511;793,5985859344833;297,33010193516475;155,46134390714047;195,00644947719087;232,9250465260699;279,73992028125355;902,2616685339464;121,05907754692964;144,2882834404146;74,91639405345256;310,90651638617527;690,1035460530255;205,75;299,3510613963539;392,30999755859375;74,48687243298623;44,18000030517578;163,36823791457243;1686,989990234375;85,62969530639612;18,79547559005044;128,75113060674298;35,888344417084326;93,61000061035156;486,26782305708804;195,75;152,61000061035156;325,28508517224077;191,32813568744072;483,79998779296875;150,98554811494398;6621,66015625
2026-03-19;246,85947863088072;385,4977789148814;175,3890840362079;301,9754046785898;601,2278849458298;206,0500030517578;280,50147828893415;45,64870507063514;783,2847792215374;295,8658503636263;152,80667432886895;195,4877969078228;233,80561773863002;276,7751962176443;907,9936126554613;118,51527791672632;142,6430296593396;74,60032862247638;305,0777469559857;666,4923562698121;197,4600067138672;285,339900202644;378,7300109863281;68,3178418113758;42,361000061035156;162,47842145819317;1648,510009765625;80,92304328090283;18,872152191985716;127,73048656387839;35,006738980043174;90,77999877929688;485,6598807284206;192,8300018310547;150,5;319,8561127917808;191,9836462262046;478,80999755859375;147,8574125150856;6557,81982421875
2026-03-20;245,56177255944445;378,58579850034175;171,32839150930033;297,9004465638477;586,2435901825164;204,32000732421875;281,14204936690925;46,21288313751658;797,4922471556088;297,8381100854838;157,01073514922803;197,45250483394182;232,01480479225953;271,7648448878931;896,4600249933255;117,51386342792303;142,111055784898;73,47436365476938;303,39126759388006;667,9270103954749;192,5399932861328;281,51047348474395;364,4599914550781;68,25804066519163;43,5;161,1386736129105;1631,1800537109375;80,58056682476203;17,913689484578924;128,60251387824948;34,49163933743191;90,69000244140625;489,3473568781192;198,25999450683594;149,08999633789062;315,55035751193924;188,7061018910339;479,6600036621094;146,92392425140545;6473,52001953125
2026-03-23;249,83415620831627;380,1395134056624;174,36144294367455;300,55715563413514;597,9834469761715;209,50999450683594;283,80297485577245;46,99480878756864;821,3398840987735;301,6630614260347;152,9843183312989;193,88656951796344;231,7674501417346;265,9243614270812;904,3749499348799;118,53945701557436;141,35247210077165;73,63239633015058;303,81534407420764;691,956572546567;197,19000244140625;289,3687427984348;372,7300109863281;71,30768435804735;43,93000030517578;162,13848301255646;1637,2099609375;83,26169000358396;17,76033390864472;126,25401204540955;35,56146026213643;91,86000061035156;498,68560791015625;201,7100067138672;153,24000549316406;323,38343046640387;190,69249293817774;479,0;149,66479286036432;6565,5498046875
2026-03-24;249,10545347620703;370,34917314154325;173,58322660302642;289,97029010977093;589,9871770786485;206,63999938964844;281,24058176096486;46,5395098357832;810,4414475262108;299,44178048089515;159,13249674027693;202,17762021600709;229,77875461897233;264,44204492440997;892,7915683299592;119,97327337476743;140,12099848068462;73,71140696681856;300,5903128255685;690,4323322862327;194,36000061035156;284,51218489275493;376,30999755859375;70,61004939661377;42,0;159,64897086791618;1606,2099609375;82,72351344215234;18,555858615681213;126,15490982521455;35,769475388270116;90,81999969482422;491,56980432631326;200,1300048828125;151,63999938964844;318,26977522756266;181,0486114593648;477,54998779296875;145,83155942026704;6525,10986328125
2026-03-25;251,15181088451408;368,13813722010167;176,44669348987364;288,8816409209488;592,3830467312241;209,89999389648438;288,2083132485988;47,68765610133608;826,194643852328;300,9857144661871;160,79043579838304;201,00862161776897;233,2317667584392;263,9676840156166;906,2292025302396;121,25774000136643;140,12100665387263;73,15830011686397;303,8745155176257;714,3124560564942;198,0;292,2806695664406;385,010009765625;74,36728501862643;42,43000030517578;163,218274537974;1617,25;85,17958059017384;18,64212121120881;128,7709632593347;36,84919929335617;91,23999786376953;492,8853409715531;211,50999450683594;154,85499572753906;322,18136510255556;178,62523932745174;475,7300109863281;143,59715893132088;6568,41015625
2026-03-26;250,32329549316128;363,71606927386256;170,74970926821888;278,1549756132059;542,4187412024525;207,1199951171875;286,5230702788716;47,53919049983404;808,5689449014773;301,8124669695884;159,9318578661477;201,53909300337904;236,3978624775069;264,03684608470036;893,4694584770546;121,26770187867585;140,13087327383215;73,73116709753849;304,5550402979326;693,8195283451223;194,27000427246094;281,8994031345504;371,8699951171875;70,52035299289611;43,31999969482422;163,98812552462408;1620,0;83,51610704084602;19,11176870287245;127,14582806790986;36,40344086218794;91,01000213623047;497,36012662392193;203,42999267578125;147,25;321,7872513641968;178,30741662633756;474,5;141,55144834229188;6473,7900390625
2026-03-27;247,6281009352486;355,07108715320055;166,629123297364;273,6105906087015;519,368366299545;199,13999938964844;277,67299911276325;46,361351952358355;790,4083624332374;293,1664767786049;162,63588184124913;202,60985732254963;236,59574564385582;252,95873207232574;874,3498084531092;121,2975727192295;139,90427016258346;73,7805514314765;301,13271363669384;689,7348962474484;189,27999877929688;280,194137318761;359,4700012207031;70,2811649905626;43,46500015258789;160,2388577735612;1593,2099609375;83,44761033478792;19,4376462828582;125,53062718041978;36,116173771452736;92,73999786376953;478,8729244151722;197,69000244140625;141,55999755859375;316,0233004076466;177,6022595179307;467,2099914550781;137,34085289245976;6356,080078125
2026-03-30;245,07264337813007;354,8419936524484;163,89537828689438;271,772870758184;527,6341638126921;199,97999572753906;278,2445921238412;46,45043044936045;794,4704563331086;294,73033927812014;168,80380939743299;206,5785341347885;237,96110834902544;253,65050349426983;880,3309014681423;122,61190308496707;140,45596780656587;74,78799676548425;303,411007457791;662,0790183421327;187,72000122070312;270,0422543972928;352,1400146484375;69,92239303588735;44,689998626708984;160,5287866403895;1598,22998046875;86,44185516454766;19,74435450812321;125,19371893145922;36,15579780548572;92,22000122070312;485,35091298215303;192,8699951171875;136,3000030517578;317,83622231185035;178,35706080510735;470,6499938964844;136,00021127953437;6316,91015625
2026-03-31;246,65983587287727;361,6046146993887;166,57923870897636;276,74670556560056;545,8329522821889;204,13999938964844;280,8266920092483;46,88593201070833;802,5154169702829;295,42757006738316;163,79050675840085;198,39558201546177;240,0784336838334;259,5206052453565;889,3325538776669;122,31319753903699;140,1702580996175;74,58058309357364;303,3123464721505;669,481087467496;190,35000610351562;275,0383962279644;361,0;72,45378301196419;45,29999923706055;164,09810071789948;1631,02001953125;89,04470339369433;19,399305832959396;124,63879884738836;36,93835163606838;93,02999877929688;488,9188078474288;196,41000366210938;138,97000122070312;318,6540430408731;181,0684642406058;474,7699890136719;138,88010775394596;6395,8798828125
2026-04-01;252,8787309132899;366,7139201659809;174,35146274268203;290,05021252939383;572,8366030750008;208,19000244140625;288,67151431082976;48,28152321508554;842,2944338462457;292,7381994806606;157,43508538359336;191,4699958308832;241,1568896154117;267,5747458421163;923,075928146369;122,60195152051088;141,08648903604873;74,33365568328682;299,8210139971293;717,0421599440658;203,5;289,18922129822386;374,0799865722656;77,0681076058452;44,77000045776367;169,68701511149732;1692,31005859375;91,83346299485514;18,958414203795733;125,82790955157769;37,9190120159873;94,26000213623047;484,0054856598396;205,83999633789062;144,47000122070312;322,9893578310064;181,76371060247217;477,25;143,66667972746043;6554,2900390625
2026-04-02;250,20349485503914;362,680245817395;170,97918282725632;289,0913874960174;558,7408105198895;204,89999389648438;284,5421469823785;47,667862455908235;823,321385706851;294,6904819925192;157,4942882287153;194,54474945035759;239,30669571751412;268,3356586528844;927,0933026409266;123,61758307952722;140,4658165030053;75,18307481691718;298,86433005039225;702,805714998292;202,3000030517578;278,5387084766286;359,0299987792969;73,60985361488726;45,97999954223633;167,10751597963696;1684,0899658203125;90,19934865541087;19,60058486142229;122,88485658795628;37,40391358761659;95,16999816894531;486,0983993516747;200,6199951171875;137,99000549316406;313,9738822734865;180,34346363998176;475,67999267578125;139,32697228785526;6474,93994140625
2026-04-06;256,0031460821725;368,0086373714944;175,35916114415525;294,81430848233833;571,0196924702504;209,58999633789062;290,4361268888688;48,74672254951619;851,8256060434295;298,286316373369;157,4350848271786;192,88458564899707;237,9512090454724;273,9883835303555;916,8855196220225;124,83234555041255;139,8155977290451;75,2818473788284;301,60614861889155;701,6301384462996;207,3699951171875;277,8007722085996;346,6400146484375;75,76254067958126;46,529998779296875;168,47723506307685;1694,0;91,48119733470237;19,619751079336268;122,58757949283911;37,99826038606736;97,97000122070312;489,5167571703568;217,72999572753906;146,63099670410156;314,2300688775543;182,34968882130843;475,3500061035156;142,85235783762272;6579,72021484375
2026-04-07;245,2623079794448;365,080530373921;173,26395579650787;297,3511421656273;563,7921103124964;209,0800018310547;289,9408501945635;49,11293800323702;842,1457647895917;299,93983907756353;159,64567103873514;195,7235763708982;233,50880278778567;297,21193558771154;895,6226735862432;121,26770378426845;138,65309436612947;74,69910229325674;300,03798786468286;706,2726755068721;206,9199981689453;282,3381915080039;337,239990234375;74,6164405337034;45,33000183105469;165,82775327223504;1691,9100341796875;91,60841343622762;19,734768320032174;120,8831830671342;37,49306475533813;98,25;493,99156503893755;215,3800048828125;144,4499969482422;310,673165290877;180,78044926189565;474,32000732421875;138,96948335173397;6534,5498046875
2026-04-08;256,07303883918246;369,9109552686541;179,8888249511496;314,6297110626625;590,8157434643455;219,6199951171875;302,45176621640263;50,84505539745043;885,3428604634072;306,49404346163476;148,99735388970248;185,27136322588763;231,42116679227811;301,24393671483637;930,193538820966;120,80967910989078;139,766334122587;74,39291556942865;298,93341835809395;750,2770943447797;216,0;304,456931799193;339,6700134277344;80,7456005159528;45,119998931884766;170,23691180360004;1765,4300537109375;95,36589922936099;18,316242117202226;124,48025221620219;38,89967690233027;97,44000244140625;504,14705835305307;227,08999633789062;139,1699981689453;327,36401804999974;174,5829515420302;477,67999267578125;141,90894214666574;6740,27978515625
2026-04-09;255,61386101634736;365,5685477188417;180,2080948395415;310,6746106421415;621,9323328485281;223,27000427246094;303,22441157516124;51,10240214537694;887,0173476786756;302,40016469931186;152,2836188014346;185,92954636525124;237,9907958579282;300,56206654084286;936,3340939531898;126,27611915686073;140,87958811882837;75,4299934156097;299,81114210926046;770,0925714220997;216,0;303,3101078019571;337,25;80,2971303278216;44,130001068115234;170,29689500180586;1744,0999755859375;94,64180507779136;19,466396867101874;125,64954947672034;39,484115586381485;99,08000183105469;496,9269900902095;230,91000366210938;128,47000122070312;323,6199418005998;166,39702609690565;477,2900085449219;135,52849744316222;6761,5498046875
2026-04-10;258,5585701252562;368,5365323725683;183,87970195572368;315,9281112234418;623,2600266965629;235,2100067138672;303,8286744454756;51,66657940448474;886,7300296939602;302,3204699616491;149,92501456184667;183,17895282285;235,38867186110593;300,6213715612747;932,5959244347699;125,67870449039047;142,6134905474848;76,35842235751673;299,9985253050213;783,2928738722721;216,66000366210938;305,57387191993473;342,739990234375;82,46974796962822;43,0099983215332;168,52722656938136;1756,8699951171875;95,8747296480263;19,94563078903707;126,69001567287009;40,524212904437256;101,45999908447266;494,84051397652684;238,9600067138672;122,68000030517578;330,8717121868362;162,8126107290287;478,9200134277344;134,10346627490406;6808,4599609375
2026-04-13;256,2027973984465;369,5225100750242;185,3164148846483;315,0791651091577;623,3299819911093;235,75;302,58053852295086;51,320153048237806;857,344110436911;301,155041869684;149,29341774875434;186,37159292685493;232,68758901903882;299,3564063143342;924,2522406934972;123,41843040109414;140,51506327639626;74,89664247573404;297,94716131360246;782,3863547852659;215,4600067138672;303,47967127991495;348,57000732421875;81,96147510943867;43,0;170,0669346647187;1761,1099853515625;95,69859937751251;20,789078759791465;125,31263301149394;40,474683991617;102,05999755859375;494,1716212678326;242,02999877929688;129,14999389648438;327,0487282012957;165,05288296806555;477,3999938964844;139,23560477896012;6790,02001953125
2026-04-14;256,7318642110386;384,95994763093;190,33494396561244;323,3489033390031;638,2742422102883;241,77999877929688;305,9583743523699;52,2604459312613;881,875285342025;306,28486003020583;144,79330037579695;181,34195130614688;230,77805483364233;308,83357604431984;912,1604388328548;122,02444654741323;140,65300824796367;74,86701452814738;297,38498715497303;779,1086334135731;221,32000732421875;312,15562782874156;354,7699890136719;85,26026640427187;46,060001373291016;172,65643695881909;1836,3399658203125;96,26612861224906;19,993554184264717;129,86098248351468;41,24732774979419;103,04000091552734;505,8420651809317;245,6999969482422;134,0;333,36446531187323;169,76241519084576;476,0;160,99988069035047;6905,169921875
2026-04-15;257,35074355126085;395,1287651714373;195,2936216855987;330,49003638532656;663,081644256971;247,1999969482422;301,3918714164569;53,16114454728077;888,8105365106672;310,2990358004714;144,97093018596462;180,79184419973262;234,24095942154312;307,4895604690128;885,2355038252845;122,65174197487195;140,15054927473156;73,80030703793551;298,8347617584247;753,8138606766557;221,64999389648438;310,54009787900037;362,5;85,15064313031995;46,279998779296875;174,3960857172327;1843,0400390625;96,12913680986078;19,600583897960966;131,07981648311278;40,97987169889042;105,04000091552734;512,3411471873799;251,85000610351562;134,92999267578125;331,6697541162465;172,13212825786283;473,739990234375;165,63377292928178;6967,1298828125
2026-04-16;260,80457553569033;410,4765600541581;195,36344336942167;334,105526677332;666,605595861725;244,1999969482422;302,3230052425142;52,92359979455956;887,5721604496571;313,3371296864953;147,3887693274927;182,06889653372593;229,66003084303983;309,4265214430497;895,3236147437239;123,4383528805581;140,54463643673324;73,97809389056084;300,3831960252064;751,6220302277318;215,39999389648438;297,03747286920697;381,79998779296875;85,27022963373601;49,15800094604492;173,406305817776;1808,5999755859375;97,03915263324969;19,629336407180364;130,59426201452555;40,80157158270321;106,62000274658203;516,1447723784948;261,510009765625;139,52999877929688;331,7387590995254;177,7975202909648;464,010009765625;173,19745660129092;7008,52001953125
2026-04-17;266,24486962975914;418,99205736838906;198,8155547450397;335,8234205588037;673,9729506648888;250,11000061035156;307,1668939851484;53,200739316070276;903,7908097522366;313,94471147578236;140,10568093036503;174,60302931342582;229,58087633934963;313,40912786917517;914,9117367117833;122,84093078273148;141,03722470313383;73,87932206603473;302,97704646285155;773,0912693883489;222,5;303,0109660492614;391,6499938964844;86,51599644262242;49,415000915527344;175,46589316083916;1832,5;97,73389753122882;18,9392453868812;133,19049605533627;40,732230700201846;95,0999984741211;517,8718988035894;274,1400146484375;143,3000030517578;337,7983122720913;180,2468672661974;474,1499938964844;172,75897602228687;7074,5498046875
2026-04-20;269,80850557942483;414,6197538627068;197,38880498867078;336,1929591105031;666,8552067290691;245,3699951171875;307,44427030933883;52,63656115630617;914,46140027277;311,1258299735145;144,42815553036803;179,60319206555403;227,09748331847635;316,35404203196;909,6284507354939;126,77398120594438;141,4608398676902;74,43242341763867;301,74423036806667;785,3730476630781;220,35000610351562;297,5859867296183;388,3299865722656;85,14067080540893;49,7599983215332;175,2559202167966;1835,010009765625;96,73582322600711;19,696430542321544;134,8453406106992;40,643079593025284;93,54000091552734;513,6788852082232;272,0;143,8300018310547;338,5668460102951;181,33213168739005;471,3699951171875;172,90845832122835;7084,41015625
2026-04-21;264,9272139873882;415,51615872358184;198,54618104306965;330,9394885663705;666,1863646700106;249,10000610351562;309,80182564829863;52,666253208733295;914,0155079523663;307,60964473951947;144,31961781734506;179,1218449329075;222,31864987835766;341,16866091402386;878,3371987354724;126,93330879875522;140,20968627929688;73,70153850689346;296,83266875613555;796,3127258265731;218,89999389648438;283,42517169287936;385,2200012207031;81,04459065655651;50,04999923706055;173,1563444386272;1851,0;95,47353707182931;19,907293727921736;133,82469553515088;40,40534591674805;92,37000274658203;509,3162447353658;276,6199951171875;143,99899291992188;337,92638515117363;183,30359427786254;468,05999755859375;175,39978616849046;7050,2001953125
2026-04-22;266,39461467279705;421,9600330275293;198,54617460274403;334,7547751685775;668,6022063234784;250,3300018310547;308,9994385188103;52,458402456171015;922,5459982702721;306,85262512774335;146,2341157498405;182,8351188083967;221,40842182578342;344,99312908794576;899,3907177363311;128,28745127366344;140,1111484178121;73,63239331187;295,7083470739728;803,9885158799823;221,22000122070312;268,16744314674986;385,29998779296875;83,73544039448151;47,04999923706055;173,49627033347062;1843,9599609375;97,21528757636158;20,060646514454785;134,32016292567386;40,16760591410156;92,7699966430664;504,8736718600815;286,1400146484375;147,41000366210938;332,95066400346604;186,22090638746613;464,6199951171875;182,16625769612565;7102,91015625
2026-04-23;271,1660737405759;409,7494810939023;196,77022843278436;335,7634893621326;651,9308032468797;253,07000732421875;305,97823757642897;51,71606575310716;912,1826332222089;303,81460587135535;146,54992719815058;182,2260740405874;224,62398103726102;346,3766807003688;909,0203238453491;129,93038675557892;141,27364818248435;74,23488548143857;297,76964619797747;813,9500776721137;228,77000427246094;272,6051495145199;368,3900146484375;81,01468945668617;42,279998779296875;170,47685231196525;1792,3199462890625;96,06064674388098;20,24275500498051;130,85190971773952;39,543545744278134;92,06999969482422;497,5359770754125;299,760009765625;139,9199981689453;331,9259809451064;169,91176299674837;466,7200012207031;173,47648397959247;7046,5498046875
2026-04-24;269,16962610782736;414,12178001797366;199,35431566144254;334,9745105669949;652,719481738207;257,69000244140625;304,9876545011301;51,399335686508;910,7262084099552;303,30657545190263;145,02027581191402;179,96667308004496;224,61408045271432;347,2561882957746;868,9867289672038;128,72558398059354;146,5261830755894;75,23245331938115;295,10675218267494;825,1193600701589;232,07000732421875;276,4145934781612;370,7300109863281;81,58275906269901;41,665000915527344;168,41726587542274;1799,719970703125;96,64774867707865;19,744443541897372;142,2773067074845;39,177036671364995;91,80000305175781;494,80054695099955;334,5400085449219;138,92999267578125;329,75830320236696;173,64553828976923;466,5799865722656;168,21479607095443;7112,81982421875
2026-04-27;264,59781690250213;415,3866572294081;206,90706623150768;342,30541767036533;669,6903353309991;260,3399963378906;303,98715932508014;51,30035800706588;917,443538819423;304,86047508523666;146,02687584763237;180,42835839093416;221,972390518204;344,84490056056404;865,3083411056161;126,85363615844955;146,3276654919543;74,47193553023166;286,2008668226613;815,2076527314963;229,38999938964844;279,3265250107556;364,0199890136719;80,69577826249342;42,29999923706055;168,77720144427235;1832,010009765625;97,00001809614095;20,18792453141805;145,71581559726712;39,49401642836154;91,30000305175781;499,92196456641676;328,80999755859375;141,00999450683594;327,25567892552993;176,74208028723328;469,3500061035156;167,31789670409404;7146,72021484375
2026-04-28;268,181416710472;420,197146128082;207,72518626919629;345,6912101596132;664,489217253305;256,6300048828125;308,2367397768522;52,092183536352245;915,6998116768049;307,5299352956203;147,86246092975082;183,25754619110052;223,97096624596244;351,53526686870356;860,633063348219;126,236292344555;147,33017497116106;77,11894675330538;287,02931575825147;803,5094263559458;227,07000732421875;279,775289599292;372,5400085449219;78,10458412117018;40,939998626708984;167,47744476976055;1778,3399658203125;95,69859499917196;20,236128315233348;142,6934765625;38,86996238250054;90,0199966430664;506,391108362079;310,0;140,4199981689453;322,5459348903251;180,53561401367188;475,6700134277344;161,48819539973903;7115,169921875
2026-04-29;266,56429174844374;418,59364353468584;207,10660696252424;343,7835275027263;662,6723692427279;257,70001220703125;304,39332337301636;51,300356898756554;890,8514994967378;332,4817936312549;149,0269595764905;186,15547354082176;222,47696551504524;360,7159680643861;847,8335017278876;125,37003642580345;144,80900261897824;77,22759287510647;285,32310025101145;807,6017957228132;221,14999389648438;278,8179362075945;370,0400085449219;77,30728932927485;39,75;163,98811839127816;1738,0;94,29932360660176;20,6410414136256;149,62997504992362;38,24590257467718;90,86000061035156;520,0183102540465;318,8599853515625;134,67999267578125;314,35814983882847;176,58279674895851;474,510009765625;160,0930406767096;7107,85986328125
2026-04-30;267,6623648300734;396,4035989759817;198,24684193288383;365,3667768501622;598,9717055442339;256,1600036621094;303,68009084019207;51,61708547458578;896,6376112583191;326,79415987691567;149,35263382507475;185,17311909827984;225,3957041523519;358,72959785711384;893,9778398405214;127,40128448606313;144,86855445040024;77,36586553664618;286,2403109686552;849,2245837270511;224,61000061035156;284,04344134811214;368,1700134277344;77,94512529602393;39,529998779296875;165,94774639348196;1761,43994140625;96,21720942885035;20,737452898200424;162,07601393053955;38,65203477957197;90,7699966430664;498,1249743249343;332,6000061035156;136,64999389648438;317,5012539357068;172,25161391537955;470,8900146484375;159,77415221061997;7126,14990234375
2026-05-01;277,8741246788477;408,7834174283456;196,6704677294345;378,5804000830116;605,0712358749745;262,739990234375;308,8904936039496;52,54748087315853;903,7116456723252;326,64477060567737;149,14540361800823;186,40107515507725;224,61407578841013;362,7023151057061;940,8298927194866;130,41827785906025;145,37477839724775;77,07943870197528;282,4234966797502;877,9513007544701;227,25999450683594;285,4495676529203;378,79998779296875;78,68261256103158;40,165000915527344;165,96774554612955;1799,4300537109375;97,45012792691699;20,65068340516412;169,5971585806751;38,91949114124953;91,9000015258789;491,32637064856624;349,25;141,38999938964844;318,60475417876165;177,97672123732488;473,0;165,5739675636214;7229,31982421875
2026-05-04;274,3703307853319;409,14193618030583;194,29588290907526;379,31947226185457;601,7170456287333;268,79998779296875;303,62067046123263;51,46862018544297;890,6930204762751;324,12467099289546;147,55652981525986;184,6524839584252;221,2105348477109;360,360183242299;948,7649352877417;129,1238660254078;142,20841731714523;76,77325533151526;279,79021259672;867,9798250634782;221,0399932861328;278,638441089273;384,79998779296875;76,2708150430291;39,64699935913086;166,4976383724322;1813,18994140625;96,27591636078873;21,065240538142575;165,316355031021;38,62232055979247;90,88999938964844;493,05348331752737;338,70001220703125;145,22500610351562;307,6680023826615;183,17413487478322;465,7900085449219;173,65585407967757;7174,1201171875
2026-05-05;276,00745521106614;407,1500311208482;195,58293528206713;383,5442209432822;599,3310648754198;272,3800048828125;303,90790159754107;51,745758799480846;899,8277810041152;318,3971759556802;150,40859508241783;187,08870069018533;222,51654748413543;357,55362247966826;961,3750094815338;129,74120656624018;141,12647770935808;76,78312578031152;279,1294091723573;886,4555216632989;221,74000549316406;280,83235947825716;389,0;77,73583389400262;38,4900016784668;168,72719006352378;1778,27001953125;97,15658363842333;20,853140365368972;163,29485567318397;38,969015747891156;87,56999969482422;492,4345239523147;344,8800048828125;134,72000122070312;305,8353583254913;180,3165719120649;464,3399963378906;178,3794215704854;7233,6201171875
2026-05-06;280,5693330033821;403,4748984673602;198,15705885791613;392,2734176347804;597,0749516023062;272,2099914550781;308,41502569052057;52,92360014888181;922,7243268866089;316,7536542120865;145,15844679845733;179,907721806167;220,58721735046336;354,0354905816196;980,4049704773616;128,9745113895137;144,85863904890977;77,60291889854851;278,51793735991527;903,6735650545003;228,10000610351562;299,03195785663996;384,0199890136719;82,20066721335635;38,720001220703125;171,07673890202778;1825,0;100,69880222171558;20,033670260306128;186,5122765495808;39,167133107469226;86,72000122070312;488,9104446142212;402,0400085449219;131,14999389648438;314,6537454823368;178,80313796531692;465,6400146484375;182,0366985044076;7294,14013671875
2026-05-07;285,2709318587503;417,06984955189336;206,02907228582575;392,1934987581594;612,4884534922683;270,489990234375;303,2541243993441;51,96351128166886;913,4606882198448;318,2876422602183;142,29652181797798;176,36143912183607;218,29180491973372;360,42935652558276;964,0565952407051;128,11819472617847;144,93804047870418;77,13869778182115;278,27136863855725;885,2378096524474;229,60000610351562;301,0264183517635;402,1199951171875;82,17076131012345;40,55500030517578;168,77719767094797;1839,550048828125;100,8260051042684;19,204558563562966;185,93753995264007;38,37467696258144;88,12999725341797;491,87548387368145;401,0799865722656;134,77999877929688;317,6884217799922;183,2040162535504;468,9700012207031;190,13852094922035;7321,25
2026-05-08;289,48339230776435;412,32904436576047;212,40449895841255;395,86893456144384;605,0213161255829;269,95001220703125;297,6673043099487;50,5778143269001;918,890108886545;314,92089116273706;142,03006595775787;177,5500922541974;218,578717393272;367,61383247994837;944,528226711669;129,93892170087017;145,12663227072707;77,15846239227109;271,0519842964108;892,1948375585309;231,75;296,01034409173764;416,3900146484375;84,53273390149378;38,4900016784668;168,78718976597543;1623,0;102,32312931993272;19,5805504086583;206,7371003816961;38,75109100341797;87,20999908447266;490,9070935514707;418,2900085449219;133,02000427246094;312,14121191718147;176,11483030121695;474,4800109863281;189,55057006502687;7362,97021484375
2026-05-11;289,979924827367;403,86334099070683;213,40221390900197;387,9887360157618;597,0550476209405;268,4800109863281;296,06255978470045;49,756298310840876;918,0676811407745;316,76362018617493;144,08274896354814;179,77019639929262;218,034549114472;371,6458597568035;940,2916560764954;126,078161470576;140,91804485205006;76,88189641055054;268,24121616625547;893,4026260809471;236,52000427246094;292,0413401828752;416,79998779296875;86,46616700754369;36,79499816894531;169,327074498675;1536,7099609375;104,53457223736054;19,590190885542942;229,1023085029366;38,15675005902632;85,0999984741211;491,1866168469714;450,8800048828125;132,77099609375;305,15549837099616;175,54728001063023;475,8999938964844;189,93921129968984;7384,2001953125
2026-05-12;292,3078994315659;404,9987623844293;214,42986778297353;382,2957742925754;591,5844123107358;262,6300048828125;292,76394555078735;49,33069258996491;912,2915620604127;323,5988431448615;147,80325502310743;181,40089544929887;219,30097587916978;377,51597088782046;968,1237575297004;127,41497254390816;141,80145086192348;77,31648474262246;270,9928141748546;892,853689535601;231,11000061035156;292,4900971769662;422,260009765625;85,79843492408294;35,630001068115234;169,91695688308843;1541,1400146484375;104,26059041890746;19,43593651924152;200,16725449753739;37,69118003665679;85,80999755859375;498,9136441099993;426,1099853515625;133,4600067138672;304,56431685148686;169,8420709331304;478,8999938964844;180,24293750852308;7338,5400390625
2026-05-13;293,24708951115105;399,41140211310335;221,0647077692387;384,5230197682841;595,6374345129168;263,20001220703125;297,2413817689282;49,291103951025285;924,4581355871833;319,20696990140226;147,71442500651165;180,71326553800785;223,0508241008666;388,37669604542674;988,8782072975633;128,46245742797677;140,61034622073603;78,8572814801998;269,483859749406;895,7183387797106;234,39999389648438;290,505574046866;430,2099914550781;90,02408115677385;32,5;170,58683556502058;1495,0;108,19420614119235;18,79964203379639;205,27051627173313;36,33410339828062;86,27999877929688;489,49943691241896;432,6499938964844;128,75;294,86903523029974;164,03729283000675;480,80999755859375;184,4184093808476;7375,1298828125
2026-05-14;295,12548538387824;399,2620170659624;228,77707677625682;395,349588612008;613,9460028895547;266,6300048828125;295,9932185002369;48,9842695822427;951,6247425189638;319,65615629141206;149,27366837965636;181,9804802937693;226,73141539381513;391,3414048271592;992,8756208324874;130,5474615066649;141,57316358796368;78,92642347728277;270,529260541003;900,8288327349338;227,5;288,28172592492155;441,1600036621094;88,02088573849547;33,06999969482422;170,3168866975188;1541,68994140625;106,93192330104178;18,886409290539316;197,84849142326286;36,641178468457895;86,6500015258789;487,19332384152165;435,67999267578125;129,4499969482422;296,98745373152394;163,6191161459536;481,5;184,807059111885;7454,39990234375
2026-05-15;296,26448829773227;411,2434277199191;223,72861351776262;392,69287563304505;608,2658166797805;260,8900146484375;293,6554897467313;48,79621139690182;932,9092742063114;323,23950361156534;152,01567678266807;184,58369950240112;224,0402302332647;385,65901990263666;995,9827312970458;130,47763520803812;140,1537426546991;79,45977726641584;271,23938380833744;878,5701926102348;220,4499969482422;280,533200275311;422,0;82,47971902289063;37,119998931884766;166,68759767356346;1538,1099853515625;100,46395604214403;18,867128153702645;197,35301884018904;35,54164588855927;86,69000244140625;491,50605922521294;423,3599853515625;132,2899932861328;292,51417798992316;168,26890004362795;481,760009765625;188,2450896858239;7397,5
2026-05-18;294,6558756451712;413,9325494355234;217,8719993892805;394,04122422601415;602,6554048207697;262,5299987792969;294,41821938577056;49,21191956000875;929,8775859631081;323,16961559740014;154,23131965292822;185,69376693135175;223,46637404521803;378,9884422857075;977,4693088655251;130,81683199503976;140,58056725394388;79,40051101291462;271,36762333491095;849,2545792592714;216,7899932861328;281,26118215321554;405,3299865722656;80,45659009234117;37,189998626708984;163,07828860813427;1528,6700439453125;100,43459522501792;18,857485769260208;191,82365045736915;35,91805879127723;86,33000183105469;490,12841127571545;410,7099914550781;131,3300018310547;292,92799412343095;171,05679838161558;481,0;182,6346262937408;7353,169921875
2026-05-19;296,09463441963413;414,808990493047;217,41304835521052;385,63162007935824;599,5208032426234;255,19000244140625;292,4767124232877;49,865174180875265;915,2738255114831;328,87901369831957;158,612959712182;191,79616157432926;225,62324996765844;382,9512904411622;983,1910996039106;131,7445976710087;139,80634339609261;80,25980211958489;276,43697264124904;843,9843098133897;214,0;281,83955976951836;393,6300048828125;78,07467825588277;39,224998474121094;162,04850572778182;1572,9200439453125;97,57734347080071;19,397376506685102;189,28688418850334;35,383156755734014;88,69000244140625;497,6657655319323;393,3599853515625;133,60000610351562;284,84857918279005;178,03646759089023;480,1099853515625;180,30272556987043;7333,68017578125
2026-05-20;297,82314269813475;409,63991780241736;219,9971448577806;382,42562803382646;596,7854960328639;259,5299987792969;290,901699401834;49,97405360181034;931,8095660172417;326,21398296632935;155,2646364435186;189,6152041361591;226,74129009113187;376,2213825216763;1002,2537773964797;130,01872852306576;139,57804561278098;80,5165970599895;272,6004403926739;855,4729763111202;216,5;285,38976580330734;406,3900146484375;79,16099129865715;38,63800048828125;165,04791338043228;1587,2099609375;98,90812194607453;19,117788314819336;192,23983929709055;35,868533751110036;87,5;489,97863832788033;426,04998779296875;132,4199981689453;292,30727784287797;172,5901410995666;477,6199951171875;178,18012457626247;7357,4599609375
2026-05-21;300,1411318265125;414,92886694253497;217,43300079554024;382,5454520468608;593,7905860006466;261,3699951171875;297,38002956476026;50,24128929620827;961,3341902928046;326,6332016248708;152,47272592771048;187,36483245647818;224,94058353722363;376,06328873766967;1020,5376383552378;120,10247333459152;139,0519765313656;79,72645555516617;276,1016356360643;857,0101308463039;215,72000122070312;293,9361048341881;412,8999938964844;80,1775347593251;39,40999984741211;165,66778274381065;1615,5;100,78686308011818;19,252759630389733;195,80717168003474;35,97749602962466;87,5199966430664;489,2498687484;431,6000061035156;135,4199981689453;299,9038888531578;171,2459830488208;475,5;186,5509936929414;7389,47998046875
2026-05-22;305,57645096183757;415,54772693408205;214,3101381389001;381,29701890681014;605,9098473363839;266,239990234375;300,975787165941;51,122195500311484;981,7439332994666;328,21028581229956;152,1845831622433;188,1579162178831;230,25367962562382;376,5277327371266;1045,57167691261;118,62601263875648;142,46649013317318;79,92399184039613;276,5552927730481;859,4655922148785;217,1699981689453;299,42090917170935;420,510009765625;81,75218172212749;39,099998474121094;168,6272225306959;1650,1300048828125;100,92385703327345;18,915331740315782;212,22683204582063;35,80910052444058;88,16999816894531;496,48772896060603;461,7099914550781;134,3000030517578;306,8797555054846;176,91135535362608;479,489990234375;190,43747958820265;7463,2900390625
2026-05-26;307,4048960873393;412,24393696715845;211,5165320236786;382,1260053488666;604,2626146519137;262,07000732421875;302,5607468746074;51,34984672200521;977,909663194511;323,90828545299996;148,50838244281752;182,30894889451795;227,9557463234551;371,981856156588;1058,8426932253383;117,63837032806804;141,47388936950904;79,25236456032373;274,878654675146;876,3942381815907;217,91000366210938;305,5040452918864;426,1199951171875;85,90806210284694;38,0;168,53724406162215;1616,469970703125;103,86918553172059;18,65503024284646;233,6605953903332;35,848719138612175;87,25;491,23651420228333;480,2300109863281;133,3000030517578;304,41654566531474;176,91134516631826;483,2099914550781;189,89933811800566;7501,10009765625
2026-05-27;308,0343323058515;408,8104019854481;208,30386252985457;385,42190388240675;607,9563193089997;265,70001220703125;292,9620784318484;50,24129026247066;965,4160889285779;325,0561365774909;144,812324315;179,10690155063838;227,89604337347495;372,65385673887687;1068,3690943364431;117,7580835037564;142,39701787414097;79,80547264117644;276,0029903261778;888,1823598012618;220,6999969482422;311,0885911081792;435,5199890136719;84,76196030334069;38,29999923706055;169,1871246873116;1644,510009765625;102,56775818370662;18,115143019358893;222,14600076440863;35,71004229297048;86,81999969482422;491,68578308266217;486,6600036621094;131,6300048828125;309,88490208559824;176,12478289515707;479,0199890136719;187,2685043953512;7499,72021484375
2026-05-28;309,30325358892543;411,89461329838434;210,73830951283205;384,68282366229704;628,2315007921775;267,44000244140625;292,9620580785291;50,12251757693389;973,3719527703416;320,304934449476;145,9251091176085;180,51461755677323;228,60254135347682;376,4783391116702;1090,4473668092492;117,04978535977911;143,93551704523207;79,35111956907564;273,70503866724454;878,8396260315028;222,85000610351562;313,42211545365365;436,29998779296875;84,21382132413987;38,375;169,2071108111361;1681,0;101,96107517831145;18,134421566082434;229,41941176567704;35,52183538204192;85,58999633789062;485,5360960977515;493,5199890136719;133,0;310,52537038117634;170,90743206078423;477,0;192,70957597555034;7508,0400390625
2026-05-29;309,2632884033746;431,54760317786213;210,64852132770383;377,9910987617443;622,281689514161;269,6400146484375;292,4172530810099;50,092826861652405;994,7227800930037;324,7467153160326;143,77902050285167;178,83923367258456;223,48776262843438;371,0331563353153;1087,4517135516282;114,4360394170558;142,13892848146642;77,93873084267382;273,60640877411515;864,5861004655337;226,25;315,7057707874107;428,1400146484375;86,59572513030136;38,91999816894531;171,4966473775299;1679,02001953125;104,01596418305174;17,845199314523445;245,26432932800984;35,19494395785459;85,66000366210938;492,0152135134834;503,42999267578125;145,7899932861328;312,3383016854047;179,24124522546262;472,2699890136719;207,28884102481334;7563,5498046875
2026-06-01;304,7571540774977;457,40892124774234;215,20808855445495;373,05724175924524;598,5025264432778;260,70001220703125;292,48659200890455;50,33036812063469;1006,6697316190043;318,0890659929148;146,05428259382654;182,42792148840587;219,75617610550876;371,49764425852044;1070,0665597342254;113,28878447270287;137,8310936193964;77,46464379700167;269,64168421507065;851,7898405937815;222,2100067138672;314,05041141564396;415,42999267578125;86,3166768471335;40,79999923706055;168,30726812073408;1681,25;103,54627386314408;18,07657878097975;224,75215526435665;35,15532669154565;85,31999969482422;487,83224256016626;486,79998779296875;155,8800048828125;303,1652107990409;197,352542040295;467,9599914550781;223,82134525496076;7562,60986328125
2026-06-02;306,42572903356995;439,6024225764256;220,84519513709748;357,99592394061045;595,6573898697867;254,3699951171875;292,48659038411694;50,73618366028522;1042,7828803743428;312,8088926463686;147,54463073444197;183,28048518121938;220,08455216761314;370,31172392082095;1050,6444902803703;112,46077194598762;137,99983559667405;77,28685101498868;271,02360885440544;871,5032414993966;215,00999450683594;315,78558087865287;413,6499938964844;90,89112858200127;41,959999084472656;163,86812918675244;1662,719970703125;107,73430339984507;18,018733757182837;223,99904305843367;35,09589086248912;83,29000091552734;476,8805847167969;501,2200012207031;149,8000030517578;304,03227311149993;194,91315005947894;468,2099914550781;238,01196537258744;7582,990234375
2026-06-03;308,5838566628498;423,45285793258154;214,02079575535723;357,6363508187865;599,2413115918356;247,7100067138672;293,76443930165715;50,69659044091132;1025,9850661507178;308,42701995550726;149,05485944903873;186,33383552103973;220,91048926891716;372,37714366678557;1052,002469217514;112,69021788821831;138,96265052530114;77,14857223317446;271,3612060546875;910,7005831099782;209,6300048828125;310,1412159543377;416,0;89,53572849488954;38,9630012512207;163,33825062314298;1629,52001953125;105,53265509870832;17,67168426513672;230,90581341551976;34,125132320955665;81,0999984741211;463,74259988972767;524,2999877929688;141,25;302,60357612746606;188,9092176958791;470,4100036621094;226,82089245871197;7551,22021484375
2026-06-04;309,38316692864953;425,60879436274143;210,73419644348996;357,7661912265356;621,3632403719068;251,75;301,5701705345185;52,26044450180146;1044,8825958216942;316,1127457580593;149,96892981929165;186,04633427218252;224,79133771170055;385,2340851575979;1100,0436081393668;117,00987904195799;138,85345741537546;75,86457928836613;269,9313720924454;901,3279453383334;212,8000030517578;315,37672467630085;417,1600036621094;88,89790179257952;38,93000030517578;168,85716795724773;1616,0;102,6166888463471;17,351087296954645;234,0462027918192;34,352963262661056;81,37000274658203;476,6609438045407;499,8699951171875;140,27200317382812;305,85605078553533;185,30489286893842;474,6499938964844;223,22341504281357;7516,5400390625
2026-06-05;306,8853260765596;413,6213308264138;204,10161444712602;363,6688852043904;581,9110292634388;245,77999877929688;306,68153754248186;53,049337975750056;1030,5527312245497;320,3748163907789;148,33948372439218;184,97568111782311;227,87613753428016;392,52728436705246;1129,4115688381448;117,8179410518094;140,7493094643581;76,52634123039232;272,4633513726649;899,8307092518731;213,6300048828125;321,6393723061007;388,5899963378906;80,23733297148543;37,68600082397461;168,18731386728783;1604,0;98,23293993985897;17,185930928875752;213,83618876805028;33,62984587857951;81,0;483,1900102096055;463,95001220703125;134,02499389648438;306,3722648476684;184,03043078199042;479,3500061035156;208,72384785085606;7368,6298828125
2026-06-08;300,9105055796523;407,79232157753756;205,76975069388217;360,2984165590168;578,2273099921849;243,36000061035156;307,85040068979765;53,29806840260489;1037,2499514724934;317,83951864495947;149,92917459257427;186,86916471678475;229,42847614392605;390,3432605482298;1141,9635084077702;117,86782759941948;143,94544752700992;78,12638749782673;275,19393007874413;901,0683816744204;215,0;320,15348772129994;394,7200012207031;80,64594456403285;37,72999954223633;166,3376618223742;1582,4300537109375;98,5069293684427;17,127639271109448;213,4681994033107;33,21380436194237;81,33999633789062;482,89053436976525;477,7099914550781;135,27999877929688;304,8236946299612;180,92393713233002;484,9200134277344;208,60427470114743;7395,1298828125
2026-06-09;287,5320194610898;397,7312786929967;199,11719156565087;357,0704802123837;580,0142532419713;240,39999389648438;306,0970708543314;53,37766504191549;1001,3955075132812;316,4121747162161;146,82926081757435;183,86537811065833;229,2792138627353;402,64679926995086;1136,1219768622232;117,71818140336323;143,45908171837834;78,40293956795405;274,09180186941984;875,3660912890945;212,22999572753906;319,1362872075059;384,239990234375;77,4169160447428;36,2599983215332;166,07770403725274;1600,1199951171875;96,31506161737694;17,166499907360762;191,62706113231883;33,26333804563124;81,33999633789062;481,19336106478517;437,2300109863281;127,3499984741211;308,00024998881105;170,8178179406258;484,6000061035156;197,1042813524375;7237,85009765625
2026-06-10;287,1323727394638;396,41373636313654;199,696542748819;354,97185779418805;569,6221111934292;237,4499969482422;306,11688180741817;53,944770131564844;995,166004332938;319,58627077976143;148,5978076229357;186,60148909264186;235,886629497679;399,7907950421236;1131,9079945381154;117,2493048793001;147,28055347507657;81,1092190765359;280,3075829886626;853,1473011972071;207,9499969482422;317,3711738002501;380,1499938964844;77,15779355487581;35,900001525878906;165,84775752044854;1579,25;96,90216435214663;17,32194144031689;189,07098725292627;33,31286545763333;80,9800033569336;485,68583619433036;448,3299865722656;128,8000030517578;316,4678580086006;169,29445375021453;483,1099853515625;197,49291691405838;7265,93017578125
2026-06-11;289,3404406054596;383,278483574852;199,31696212361035;346,13748714351743;556,0553993401948;235,17999267578125;305,96832212848904;53,795530147802936;995,5740353133616;317,3703988636284;145,47801049142424;183,9446882789702;236,97126939727602;398,3677244184781;1124,029286323124;119,17469451236548;146,67507611881535;81,4746592264769;279,056507040074;868,4190258095142;209,8000030517578;318,8770237190028;380,6600036621094;78,76234682307307;34,849998474121094;166,067717399498;1546,0;98,34057793326444;17,584248546357905;189,7174605732556;33,540696898049426;80,08999633789062;483,5793840107489;458,0199890136719;127,16999816894531;316,2196730066971;163,02319927399245;481,05999755859375;174,67231714634136;7257,330078125
2026-06-12;289,3704417369658;381,55171206615995;203,21261880599855;354,7119986974298;559,938704060897;233,58999633789062;312,5754382997044;54,9794896079681;1042,952088094829;319,20698165018104;144,21617464648634;182,76497816514808;236,35431627248195;400,04776465329513;1131,1891145616216;119,2445273327187;147,20114346579274;80,86229694698676;282,02540245229324;897,5349697570279;216,6999969482422;327,562958346186;386,760009765625;83,71551135667796;35,5;169,94695529892752;1565,97998046875;101,66752358375682;17,41909162330453;199,01684892815712;34,511454502914496;79,27999877929688;483,72913552972176;494,0;126,6500015258789;322,9104034108394;161,11654318571533;484,510009765625;178,37941869260862;7363,009765625
2026-06-15;291,4486474146935;392,11186050588947;208,10713284720606;366,3145426692825;578,8431525395191;244,72999572753906;315,834410967573;55,457054088066606;1069,760707396848;322,15152026202406;136,83398727052634;176,22207440181367;232,43365473829965;397,2041664686265;1110,4188544174863;118,29680023038142;147,65772297578928;79,77398025805853;281,59844327712307;926,7807453500175;225,22000122070312;341,0157210329847;407,1000061035156;89,18692054049227;36,81999969482422;170,48083378535978;1617,4200439453125;103,47777772213901;16,79732886892397;215,10926834038744;34,54999923706055;80,45999908447266;485,8455584148294;530,5;129,6999969482422;327,12930659108537;163,88167933552708;487,55999755859375;185,56443686107608;7516,75
2026-06-16;293,71669913987887;389,9559121071713;207,05830064217733;366,8242274297617;591,5331468141493;245,4499969482422;320,9655855767026;55,94456755526317;1080,239406712703;323,77850519751286;139,07943207905402;176,78714379345382;229,88621514589735;404,0520200618331;1113,9038152274152;119,59368892123778;149,43447972594635;79,36641000813258;283,0779052837137;937,4309585430387;225,3000030517578;343,08999095244053;400,5400085449219;88,52916065926142;36,494998931884766;170,250841633363;1652,6099853515625;103,36035000779063;16,44758740750105;212,64269689320372;34,22999954223633;77,70999908447266;488,69080155788726;507,25;129,6199951171875;327,33775250061905;160,21812844274586;492,42999267578125;187,0094029029616;7508,68017578125
2026-06-17;294,10632015937927;376,6110198431126;202,8530121596522;361,78745285393074;565,7435277503374;236,0;328,3750740037103;56,01420997040229;1088,9567430370296;329,35815161011175;139,41725285653254;175,56779716873388;229,5677903566066;396,1506502177288;1103,3189974099319;117,16949359825468;148,6602572796902;78,52145258615798;280,9728875048118;951,2353263767437;225,3000030517578;349,03351172507354;393,760009765625;86,29674122645925;34,29999923706055;171,2407946016052;1630,0;100,43459690853717;16,292146290198982;211,52874573340353;33,959999084472656;76,76000213623047;491,5759385594402;507,29998779296875;129,9199981689453;323,78396663149965;153,95913583212104;487,8999938964844;181,94701911013038;7402,60986328125
2026-06-18;295,3652492546472;372,5786075934489;206,26919428756833;358,4396065335441;562,6559105294999;236,02000427246094;321,1042914420739;55,74557960742219;1088,0013384176311;326,3936334980882;134,97601897282365;170,73991094170302;226,48300306302522;396,70724395946763;1087,1021934898963;116,52104915047984;149,06720163806705;78,27293672231222;275,9684527326959;974,5221502183816;220,1199951171875;356,113917925645;384,70001220703125;85,05097312785591;30,280000686645508;171,78075440076512;1608,0899658203125;97,90024937491577;15,757816112213447;213,56764344411653;33,599998474121094;76,12000274658203;488,0918047338876;526,3200073242188;125,01000213623047;328,4793462633244;149,5369245308901;485,7699890136719;177,08392782803517;7468,31982421875
2026-06-22;296,5043047694293;366,3802985575179;207,48782537372824;341,50050477393233;559,3685422933314;232,24000549316406;323,6698324387262;56,521622414539166;1086,3096325443944;325,255736249892;136,1384941196488;171,364477317331;226,3834988221592;399,67896817834475;1091,5857763735082;116,67068481595824;146,47655348709506;78,59103711431025;268,1738473462148;997,1501630302782;220,11000061035156;353,56098877049226;394,3999938964844;83,69558678259743;28,850000381469727;174,96058893746743;1588,010009765625;96,61839388015824;16,15613362035118;214,33348689538852;34,029998779296875;71,80999755859375;482,33148480411586;535,7100219726562;119,19999694824219;323,9527013683971;146,06303952110352;487,3599853515625;173,79536790830892;7460,009765625
2026-06-23;293,9264950024863;369,9735210485466;199,77645766483005;339,98147051143604;560,5775907162;232,0;324,12550735610625;56,90964426239873;1063,7900025564231;327,4816192000871;137,60895690836153;173,18854911079316;233,19987979667957;400,3746474166842;1077,6757287518992;116,06214262146445;148,2632072518497;79,3564696545662;268,6008287250847;970,8489757007219;216,63999938964844;346,8096684574813;379,05999755859375;78,74241362327116;28,940000534057617;176,03053615461812;1566,0;93,15445870887471;16,272714695711826;197,36583747928714;33,77000045776367;72,62999725341797;483,60931884727944;506,80999755859375;116,18000030517578;319,3466553723836;150,58507988488608;490,0;164,03930612455187;7347,60009765625
2026-06-24;292,68755959702736;364,09460041679364;196,36027935647695;341,7103492701006;555,1119012433646;232,9499969482422;326,66136869109727;57,09867643880846;1063,3024137983984;326,6132329961447;134,7176868182312;169,38178289752412;237,5782726810186;397,5520359316292;1099,4045216639347;118,64595728184237;149,8017253482469;80,08213882421857;269,30579152909695;968,2537388400114;217,67999267578125;354,6778798377767;373,04998779296875;74,62639622665422;28,899999618530273;178,2504047956556;1579,0;91,25614587638542;15,816109070799552;189,98600533826468;33,61000061035156;71,62999725341797;485,4063145692071;503,5;112,25;325,3126710965327;150,13585854547796;491,5;154,81142136725865;7336,81982421875
2026-06-25;273,5141152813601;348,54386902384044;191,9152592982058;335,6242572392167;539,7540133926082;225,5500030517578;331,60434560297165;57,556340925917574;1056,9235081740906;329,45795720555896;134,08179072030313;167,80554156517903;239,70778365238823;404,16133931155116;1112,4059419123287;115,10443280997809;146,72470407524094;79,4956425778356;262,6630039963424;1013,120514940133;217,16000366210938;365,49792042428123;371,2200012207031;74,86559077174043;27,559999465942383;181,99021732746132;1613,8299560546875;92,44015071889446;15,728673902483198;198,73837461047745;33,869998931884766;70,86000061035156;487,83223898658815;507,0;106,37000274658203;339,3194664460809;148,51871159760412;486,5;149,83871668017542;7323,5
2026-06-26;273,9737007161028;354,762144454129;191,0062707295152;329,98789515004995;539,9738926737891;226,1300048828125;324,41277402523207;57,14842416486574;1008,4410687818801;330,82541047321376;135,04555369443563;168,45981912291998;246,6535169859773;413,61313803856785;1126,385887971802;114,81513078924051;147,3202569962244;80,22130245985042;262,68285870682627;987,8075282770787;215,36000061035156;362,81535986720564;368,6000061035156;75,31406238448324;27,729999542236328;183,50013064800788;1600,06005859375;91,46163478510222;15,786962678610486;185,17219159161564;34,099998474121094;71,52999877929688;487,7623444657277;502,6099853515625;108,47000122070312;343,31999268085383;151,22396585960973;489,2799987792969;147,48689909721142;7294,18017578125
2026-06-29;279,6088673150861;359,2237492715265;189,58785574691487;340,4511784786947;557,5599629753306;233,8000030517578;324,1156150705066;57,31756319171726;1011,2174439690516;337,6427420814022;134,51897409848138;166,91331029006062;250,7930938975173;413,26529391722636;1201,4184604014058;113,92725536452491;145,95046545793386;81,72235179574442;263,72547605148605;990,2729643108368;213,9499969482422;366,4552802440036;379,29998779296875;74,04000091552734;29,863000869750977;187,03994229622126;1682,4000244140625;91,08001506163058;15,757817044994665;182,58627934772517;34,380001068115234;73,7300033569336;501,6590438592268;495,3500061035156;114,69999694824219;343,0122759730193;157,4230418613804;495,0;144,69660411903206;7348,8798828125
2026-06-30;280,45814550695326;366,7595808670141;194,89191886651452;350,1749177879227;550,9951316644288;237,1699981689453;323,6005180876161;56,55146902651444;1001,2064830036244;338,4512224777037;134,45935154509178;163,77074456051866;251,92751017702224;410,7209557472728;1188,4968502714457;112,66028826928947;143,1017371059213;80,5294734281817;265,5028472302361;1035,2894309559908;214,72999572753906;367,72175666995935;406,0;76,25;28,020000457763672;189,29982147331236;1657,010009765625;92,39121496450622;15,660667535178165;182,50670812030356;34,0099983215332;71,0;506,2913281656718;545,5700073242188;114,56999969482422;344,7593579765289;153,79942473166005;494,7900085449219;143,97910030394291;7438,0400390625
2026-07-01;288,95081360688545;374,18561213385976;193,23377271109229;356,20103798676814;594,6306830487989;234,89999389648438;321,94624551076066;56,56141793423412;998,1116531948861;340,34773820340007;134,75743184534812;163,3543696717164;249,8477741968348;411,19802480675855;1172,2502166027728;106,99385431305828;144,47152592322945;80,47976358385225;267,00218416455726;983,22600993022;216,16000366210938;370,35446568719743;418,0899963378906;75,2300033569336;29,770000457763672;189,46980675377714;1713,5799560546875;90,48311881603836;15,408075560805614;180,61699702415888;33,880001068115234;72,33000183105469;512,5607497358377;538,739990234375;119,3499984741211;348,27349853515625;160,91689519122698;499,0799865722656;142,00596618652344;7449,6298828125
2026-07-02;293,4269150966668;382,97903650468743;192,1350197738411;353,19298133516355;579,9622828274885;241,0800018310547;328,6425174347508;57,645886385448904;1004,8088332369092;351,85633962893826;135,45291801558523;165,9516997908543;252,753441667793;417,9663567804552;1178,611082932329;108,89929912950869;146,64529660699972;80,91715485133743;267,955376307874;947,023222455603;220,67999267578125;373,3362130146415;389,29998779296875;75,43000030517578;31,790000915527344;190,90972676609678;1749,0;91,40292707664138;15,544086153904441;171,18829538810547;34,2400016784668;74,91000366210938;525,1895894023713;506,0;127,94999694824219;345,1068121812833;161,7155003336798;500,3299865722656;138,3486965222042;7427,5498046875
2026-07-06;306,7354678654279;380,5036887115837;193,77318221313826;357,15042523629825;581,301233826573;240,8800048828125;332,4513925636696;58,62091093146683;1023,9849418202748;348,20313705903584;135,13496862214214;165,71379054947784;254,67394351620698;412,50990548941394;1181,6467274753898;109,10879281804488;145,8710808804345;81,8317000482984;271,64914248858736;961,5362687449162;227,0;373,27239374956946;390,5;77,4000015258789;30,670000076293945;192,61965088738947;1756,3299560546875;91,28549754839563;15,670381799279763;176,14135074556603;34,36000061035156;75,70999908447266;521,8052797960069;527,0;126,63999938964844;343,2703427329958;162,08484652458776;504,1000061035156;140,6706196763433;7500,97021484375
2026-07-07;309,88273318392555;387,4905448392632;190,92636281467173;365,26520405735874;603,1839600389557;242,6999969482422;335,41661017250277;59,486496535385285;1030,0850119609984;346,2767278330053;137,24134800388697;168,52921526362996;262,75408965465317;419,546608111588;1221,020376270165;111,03418829265145;149,49402148604588;83,14386576513202;279,3941024451281;907,8458878574123;230,4600067138672;363,0779012939286;401,8800048828125;74,12999725341797;31,219999313354492;195,32950097895932;1793,4599609375;88,92727695712502;15,87439841408681;178,0310572271719;34,54999923706055;76,0999984741211;529,1130625706223;503,1099853515625;131,4600067138672;341,96002145419817;167,38550990550306;503,75;137,07312321448111;7478,6298828125
2026-07-08;306,7854009831778;380,6134873969759;194,84197470333905;357,79001132287857;597,5384532703483;240,52000427246094;328,4911714262899;58,004058837890625;1006,9881571019131;345,0489747278172;138,91053083290223;173,4363912457271;261,8386358221884;421,236174203027;1202,4369867212156;111,54295977706508;147,25078238006273;82,77606259503419;274,29037013609775;923,5467112399381;222,75;353,71214469839043;390,510009765625;71,05000305175781;29,649999618530273;194,3895391469646;1764,6800537109375;84,8566661491093;16,331004982489155;179,532886252167;34,20000076293945;74,88999938964844;516,344461617261;498,1499938964844;126,70999908447266;328,24110074686496;164,4906183727253;494,3399963378906;137,0731351103418;7421,81982421875
2026-07-09;307,8944576262147;372,64849496928053;198,73762239526957;350,8544734886641;576,6149292518581;238,25;329,16778656686455;58,11350164177041;1037,528613581816;343,7813622043677;136,2378289556867;172,3954628736556;256,8631589924022;420,92808185525126;1198,6523863592656;110,77480509912543;144,5211487643815;81,22531348735522;270,9938237820326;932,6498203250138;222,69000244140625;357,3266360669945;390,8599853515625;74,12999725341797;28,389999389648438;196,31945124877325;1760,9000244140625;87,1659597615812;16,399009576537907;186,42538340169213;34,369998931884766;74,0199966430664;515,1099853515625;535,2000122070312;124,80999755859375;333,1548737064404;156,2051830247059;493,20001220703125;140,45137395281776;7481,72998046875
2026-07-10;311,9010296470402;380,783162110783;201,69430829342895;352,52341441108456;657,491131647921;244,41000366210938;334,10317589443326;59,088526116597365;1042,8922937031143;344,68964152124937;136,25771524478435;172,0088442474984;254,26598487714244;421,05729739652094;1176,633822247918;111,66267917439362;145,62292850235943;81,92117062708472;270,5767719337864;926,7807235961147;219,57000732421875;353,212909678346;402,80999755859375;75,23999786376953;29,80500030517578;190,60974236942212;1810,0;88,26189085130478;16,61274271510583;184,71468124013433;35,560001373291016;72,51000213623047;519,6500244140625;540,0499877929688;125,7699966430664;335,4281440922459;162,13475928971866;490,70001220703125;139,25999450683594;7508,16015625
2026-07-13;315,5078797345754;383,4281962321871;202,77309911383117;351,52404777471276;653,6841239854351;244,17999267578125;330,8494022785692;58,55126552554943;1031,7866371477558;350,3990207986449;139,58616526996687;177,4711768935554;254,89286877547602;422,9258089520534;1164,3415420358285;113,7377093624492;146,01995632685183;83,17369035307114;269,4150092442901;922,6683408124034;215,11000061035156;351,4955186347156;391,3699951171875;74,06999969482422;30,540000915527344;187,89989898042265;1855,0;87,43015409900737;17,069349666701207;180,82584851057146;35,380001068115234;73,70999908447266;530,7100219726562;526,9199829101562;126,19499969482422;332,9762178919015;165,62861612441756;493,80999755859375;131,35000610351562;7506,41015625
2026-07-14;311,64124426456783;377,93852713765;203,57221964678251;350,86447830880365;648,5381419230179;243,8000030517578;324,13290772280084;58,37218030090199;1076,7266449510005;353,0241754046451;142,9642784465353;179,06725614039013;250,9025724938729;419,2087042833569;1139,1077050062586;113,22892461903017;144,5112144243791;82,58719635009766;266,426281266226;923,786245941709;216,3800048828125;352,03468973505824;394,760009765625;77,41999816894531;30,0;187,54991016218406;1842,0400390625;90,56140187724483;17,283081262790443;176,489449933337;35,849998474121094;72,27999877929688;532,0599975585938;546,77001953125;122,63999938964844;334,1078935040618;161,18643061178116;491,0;127,5999984741211;7513,22998046875
2026-07-15;317,0465830462295;385,6739591427675;205,80969553973085;357,5302120160503;656,1421789132482;249,75;342,3420783547094;60,79979602452539;1111,9541277965745;348,4726192666298;141,11625103370636;177,0349933228906;244,84245277781295;411,8340829429332;1132,7768041389054;111,80234524929674;143,5881222814616;81,7422336020576;262,2261319781115;888,7512863907219;217,25;352,813515057575;390,6600036621094;76,05999755859375;31,200000762939453;186,82995269907428;1819,6700439453125;90,21891919928964;17,176216296336396;173,81401501668142;35,7400016784668;73,12999725341797;529,0800170898438;509,57000732421875;132,8800048828125;334,79284603598825;166,26748111628243;487,57000732421875;128,83999633789062;7526,9501953125
2026-07-16;326,50841333986017;391,31333055964967;205,61992700554663;352,07368364698067;659,6393793096187;248,0;339,4166516418319;60,6804059751137;1083,702455905954;356,4477822451955;143,62004502594374;180,3758234501959;245,09122311970796;417,79738207388664;1139,567000141386;113,28878117408205;147,08201917579933;82,7860036807783;264,1127184248796;867,2711484279856;214,1999969482422;336,0190345888351;385,32000732421875;74,22000122070312;31,479999542236328;188,38986072721883;1840,0;88,45759883708392;16,943054510564778;168,07525168211419;35,2400016784668;72,94000244140625;539,6900024414062;491,79998779296875;128,67999267578125;338,148103527179;166,58693739801024;486,1700134277344;123,66000366210938;7504,02001953125
2026-07-17;328,71648699084636;388,6583483977542;197,74872640584337;341,1407126662452;625,5063791142821;243,58999633789062;333,3867531021779;60,35208022292978;1042,0464430103982;356,3380062665893;146,2231767306124;183,8951104450309;250,7134945486414;422,49842926373356;1149,3629637671152;113,32868459435743;148,20364920502914;80,35053683196853;265,3042375883925;836,7776905848835;211,0;342,4991778312242;377,2200012207031;71,76000213623047;31,719999313354492;187,1399261714603;1789,0;86,8528341613079;17,195645554023262;163,87809444283036;34,970001220703125;65,08000183105469;540,22998046875;460,2099914550781;129,0500030517578;335,61675940843014;169,45187986364394;490,4800109863281;121,5;7431,259765625
2026-07-20;323,4010672140761;388,91785418191677;202,05391309694542;350,2948285491913;635,5084916103011;248,0;335,69522096718543;60,063551075923776;1048,5247434396488;355,76905993924623;145,28923125020256;184,3213845295161;247,40979173683036;414,8256906800468;1142,7924747409952;111,87217545768125;147,33016858111816;80,8177531185944;264,3808333748024;861,27001953125;208,6999969482422;339,3739669039637;369,42999267578125;73,44999694824219;31,25;186,45997942084807;1805,0;86,71584573566547;17,273367187649267;168,98031615765015;35,29999923706055;66,69000244140625;538,010009765625;502,3599853515625;131,82000732421875;328,98561793122497;166,2075962327059;488,9100036621094;120,02999877929688;7440,52978515625
2026-07-21;321,94234806189104;395,57531880381754;203,78197113093626;346,77710440528256;642,6928027946103;246,4199981689453;335,62557803051845;59,76507300747567;1057,8191810822736;354,03230774816586;147,52474760584934;187,68207158878008;244,28521347459443;417,92658999657095;1137,3702140594844;109,62755216828454;145,7916631750561;80,83763399426662;261,7892191161757;876,010009765625;203,89999389648438;339,4937844230544;369,9800109863281;76,0199966430664;31,290000915527344;185,58001871888098;1797,9599609375;87,50844021935036;17,671683857831457;169,21902401421772;35,290000915527344;66,7300033569336;536,8499755859375;522,5999755859375;131,22500610351562;324,60786955925937;166,63682932879615;487,3800048828125;122,20999908447266;7467,85986328125
2026-07-22;323,0613709608057;386,2329133568751;204,72092886821054;341,51048515922605;623,5079318845419;242,4499969482422;342,5410814455031;60,839593582002784;1072,7461535400503;351,61678699139844;151,96599483786918;190,27939869155074;249,97713648203677;427,07027780386676;1151,84942357698;108,4603420750963;147,71729333176688;81,47383570836246;260,00194638761616;872,9400024414062;204,8800048828125;339,8532042627191;372,8999938964844;79,19000244140625;30,5;186,9899444580078;1773,6800537109375;89,95472491368467;18,225441184414905;169,6765350249036;36,0;68,3499984741211;530,72998046875;526,5999755859375;123,44999694824219;328,2907223705125;161,92513918955498;487,80999755859375;124,69999694824219;7485,85009765625
2026-07-23;319,0748358849152;376,68090752842744;205,72979894313582;314,69771503877246;596,7490071058414;232,0500030517578;343,7052838943091;60,401823028014185;1057,301720065941;347,8537708520506;155,05598374734197;192,34141226495422;253,17137025663587;417,82720014306483;1140,1462196291377;106,5349577836844;144,51121725190643;80,40024162088422;259,118210775137;881,9500122070312;205,05999755859375;338,0859194075379;315,739990234375;77,58000183105469;29,260000228881836;185,2500321954853;1771,1700439453125;89,1229859645739;18,419741799190984;167,39893030731113;36,04999923706055;67,66999816894531;523,6099853515625;525,0;120,7300033569336;320,6867650845805;154,87751572533796;486,05999755859375;119,44000244140625;7376,0
2026-07-24;321,3428614810286;379,9347732203772;204,5810805834776;317,11617848672984;593,9812354037057;231,33999633789062;345,77495780407526;60,96893168647384;1046,6936888549387;350,39904686549784;154,67842488089144;192,12331115349815;258,33589157019617;416,3562613820867;1185,8007800260423;107,7520449187408;145,39999389648438;80,42012482639515;261,04452998386705;881,1900024414062;208,39999389648438;349,66829305235495;306,510009765625;77,37999725341797;30,780000686645508;187,93989058781727;1797,280029296875;89,11320076845958;18,176865354107814;164,87267611290184;35,689998626708984;67,97000122070312;529,6900024414062;518,0;122,0199966430664;320,8654832094117;159,2698063547753;490,25;114,75;7396,52978515625
2026-07-27;333,73216560461384;387,2609663085435;195,22156333884286;324,2415898017393;592,6622656813121;230,99000549316406;350,8297076061441;61,52608834223407;1023,984956620978;357,58569521245334;151,51889178426083;187,0376907964813;260,0673753138636;410,01531178461545;1181,7564762179802;109,62754914894079;147,85000610351562;82,01063269161537;264,9169924505013;839,5800170898438;211,14999389648438;355,51938249986114;304,2799987792969;76,33000183105469;32,060001373291016;188,27986360258745;1818,510009765625;88,74136763989692;17,44823568197818;164,3952647587015;35,66999816894531;69,86000061035156;542,02001953125;476,92999267578125;125,30999755859375;332,8968012318786;166,84647363492246;493,9700012207031;116,80000305175781;7382,740234375
2026-07-28;335,31080637618777;390,5647345556998;192,52457850774027;324,2316014627561;586,5370982909723;228,10000610351562;352,39193797279347;61,5857852766969;1006,9383797996334;362,057389622598;150,9028942324521;185,11447066587763;264,87364052953075;412,5695600114177;1203,2857000745194;112,57049859218158;148,52000427246094;85,73838444733994;269,71290466111174;824,0;209,35000610351562;357,64616868904653;300,69000244140625;75,0199966430664;33,16999816894531;188,8098600355078;1839,1400146484375;88,07597796515842;17,487096316568792;161,28221774047742;35,93000030517578;71,2300033569336;557,4299926757812;442,2699890136719;117,88999938964844;340,0937578445657;176,59930865692883;499,5;114,5;7382,9501953125
2026-07-29;337,0593175600121;388,00954678983055;189,79762268066406;331,40698648547414;581,7608519604674;226,16000366210938;342,0734032983392;60,60081065968966;972,9349697866809;354,82083449278736;154,85727306502608;189,12943050455033;263,49047862976664;417,77749995314144;1203,0760728910564;112,18143520726511;140,1999969482422;88,1142127494367;268,34264246697853;776,0;210,5399932861328;348,31033504739526;297,3800048828125;74,8499984741211;34,310001373291016;188,31988074320122;1842,760009765625;90,00364996907213;17,904844852184656;154,16098366266627;35,459999084472656;71,75;554,9199829101562;424,0299987792969;122,44999694824219;334,495026147691;181,69035547131784;507,20001220703125;116,19999694824219;7313,919921875
2026-07-30;329,30598233808786;431,6274684759506;191,3059363552755;330,12780397797883;524,0764068649972;231,05999755859375;343,6555299601254;60,720201410002616;993,6434994614718;360,08106692795786;153,53583921231603;187,67214947524624;253,31068817063203;408,7729631722832;1151,4899232721182;110,1762360128914;142,25;86,69268939950297;264,4304686690481;801,6799926757812;213,0;347,132146332756;301,3299865722656;77,9000015258789;35,279998779296875;185,7400181087665;1828,8900146484375;93,75135309098316;18,01171081644077;145,20969541002358;35,70000076293945;70,55000305175781;567,6300048828125;457,67999267578125;120,2699966430664;327,8341094785939;175,59107381078547;501,2699890136719;121,58000183105469;7370,97998046875
2026-07-31;299,7415030462749;448,4857046349594;194,73209918257555;339,78160132747564;539,7939490076644;262,010009765625;347,9640493688736;61,22761375833686;1003,6843230204823;359,43226312933626;151,16121453071767;189,8828494022017;252,04690865509698;411,5259760202005;1117,398778298039;109,62754883637642;141,4600067138672;86,3050053531352;263,64602938830313;807,3099975585938;211,3000030517578;353,24285696285625;301,9700012207031;77,23999786376953;34,0099983215332;184,77006141562217;1851,7900390625;93,3403764019932;18,37116678930627;145,35887055765033;36,150001525878906;71,11000061035156;563,4199829101562;475,760009765625;119,62000274658203;326,39469858534585;176,719093672914;506,70001220703125;125,69999694824219;7399,830078125
2026-08-03;302,29929450581176;474,10747895013026;196,62999113475112;363,1166033198653;558,9188827428958;278,0;349,09835217661595;61,396749975649435;1000,2610930523142;363,67438375420267;151,66792473036153;190,15052459325534;249,67859985775465;410,79053011629577;1107,5628820454413;109,89690530598047;144,25999450683594;86,11613329497983;263,35809326171875;804,5700073242188;219,2100067138672;360,42193680990874;310,42999267578125;77,63999938964844;36,7599983215332;184,24009473482735;1875,989990234375;92,82176943613317;18,380883216590025;142,11653452249445;36,290000915527344;72,18000030517578;570,780029296875;455,29998779296875;123,65699768066406;331,27872212293863;185,5735131091938;510,8299865722656;130,2100067138672;7504,77978515625
2026-08-04;301,0603512911937;478,2696778930625;208,8163406042335;367,263935640354;577,794018053301;275,82000732421875;352,1133339346112;62,03350021376347;1038,1853854163064;359,4222790007568;148,13083352442996;184,7278442631638;249,21090897857138;404,1812276531693;1107,5729281811102;108,30072022776788;143,7899932861328;84,65485742677355;262,4445801677033;866,8499755859375;232,8800048828125;368,04036978146917;320,7900085449219;82,33000183105469;36,36000061035156;186,01999690160454;1864,56005859375;96,16828092035603;17,982565410739664;154,469298583812;36,0;72,30000305175781;564,0;502,20001220703125;143,27999877929688;336,8675537894677;182,67861343238377;508,80999755859375;141,00999450683594;7629,10009765625
2026-08-05;305,40663118634393;484,7674131728324;216,15812022814887;356,54080629618977;579,6625219517506;270,7300109863281;356,42184963021657;62,51106600348355;1054,8536832111943;366,03999591549916;150,17757239730147;184,65845305327434;253,2211227437212;395,3654798398698;1136,8010765387792;111,09403822804457;144,66000366210938;85,67874595450408;267,1114202024565;870,0;236,6199951171875;378,16495918366513;320,2799987792969;86,01000213623047;37,16999816894531;190,85973019130367;1909,1099853515625;98,35036707767037;17,77854801794322;156,24961151943276;36,09000015258789;73,16000366210938;568,5999755859375;478,20001220703125;158,25;345,6031541488199;190,0955580470331;512,2000122070312;142,5;7720,169921875
2026-08-06;308,96355554648414;487,60205742358346;216,75745800384053;356,65076635274994;585,5379263278069;271,05999755859375;353,1879759378353;62,41157258947316;1025,7562090144595;364,5727285978463;150,8631418913171;185,4019632018278;254,02715726257253;399,93734267646886;1171,8208196082655;110,77480642096445;145,4499969482422;85,90737396935245;269,8420014761994;856,9600219726562;231,3300018310547;372,2239857274006;315,5199890136719;85,44999694824219;34,790000915527344;191,3397172339193;1766,050048828125;97,43055962007271;17,93398930027961;154,37979195396358;35,7599983215332;73,0999984741211;566,3699951171875;469,5;152,6999969482422;344,967859180145;182,67861790030668;517,2100219726562;138,72000122070312;7698,14990234375
2026-08-07;310,47223295908327;497,79289485093346;220,41337164588714;353,5527327193329;585,1581861630435;272,75;351,5760060692107;62,073295366160615;1027,0001994520476;360,8496260625997;150,55513987163098;184,2619053568443;253,86793707628854;398,2079910410381;1159,5383677445811;110,23609617007118;143,8800048828125;85,67874631398736;271,3612123890142;836,010009765625;230,86000061035156;367,880602768488;321,25;87,12000274658203;36,630001068115234;194,70952668551112;1800,010009765625;98,51671482319746;17,41909248875427;161,42146908616016;35,220001220703125;73,08000183105469;561,6199951171875;476,05999755859375;159,9600067138672;346,1888486641563;190,2652786051507;517,4299926757812;142,33999633789062;7719,18994140625
2026-08-10;304,6099853515625;501,32624359045303;216,5277120448001;352,4834362714388;591,5631919202813;273,6000061035156;354,73026050334704;62,680200180209496;1025,0495940713545;358,2045551780129;153,45635163451644;187,24587981009512;257,28110530959395;405,4931153467772;1182,715228672979;110,49547405243835;144,14999389648438;85,91732097373699;268,45184534033194;835,8599853515625;231,67999267578125;364,28605771515555;326,1499938964844;88,16999816894531;36,83000183105469;197,8993596955611;1806,510009765625;98,38951249047479;17,48709678124251;161,2026508530892;35,06999969482422;73,56999969482422;559,3599853515625;469,2900085449219;170,8699951171875;344,52114002902516;189,66632609742803;523,0;146,6199951171875;7743,10986328125
2026-08-11;302,7900085449219;498,61133704649393;215,95834695389817;343,1694223006263;592,9320621063698;271,3599853515625;356,81984177360647;63,38659630048096;1022,1836267622056;359,9700012207031;158,2453378571924;192,56941920624195;257,09202805973007;398,86396686589376;1207,7992378032698;111,92205775104237;143,92999267578125;85,59921777336217;269,4051051052162;842,1099853515625;232,8300018310547;365,91357747506936;329,5299987792969;87,62999725341797;37,36000061035156;199,13928344031024;1830,27001953125;98,4677877259577;17,29279543823096;160,55615905143114;33,869998931884766;74,4800033569336;560,0;463,2099914550781;172,72000122070312;348,0352499864083;195,1566580076304;515,6500244140625;144,24000549316406;7717,25
2026-08-12;300,57000732421875;490,59643643442394;219,95387191061064;340,66104092628797;577,7540447074138;267,1000061035156;359,5064435106501;63,51593691106395;1026,7115955382396;358,30999755859375;156,54633125837117;192,89656570522;254,00723509927005;398,0489726285335;1189,3756445711867;112,011838131802;143,7899932861328;85,15188872556685;266,8631892584935;855,25;229,25;362,68847601575425;323,6400146484375;88,23999786376953;36,77000045776367;198,05936178780388;1827,0;98,78090985103573;17,234506214136136;160,19812773065638;33,810001373291016;73,56999969482422;556,0599975585938;480,8800048828125;168,33999633789062;340,5206262766717;191,44319528135938;507,9599914550781;147,88999938964844;7737,9501953125
2026-08-13;302,04998779296875;492,0836571155829;223,45996804263754;343,5392066313974;578,9331233348041;264,7099914550781;359,7253308069399;63,57563333298407;1033,4087028006368;358,7099914550781;156,4171679882901;192,07374008670726;258,37569533996134;396,15067298241183;1204,2743122867555;114,53579610924879;144,0;86,39447414102047;270,2292214452201;848,3699951171875;228,17999267578125;359,00406592834264;325,239990234375;85,0;38,270999908447266;198,7193106078415;1815,010009765625;95,91386365761899;17,098496241173994;161,63032266397664;33,56999969482422;75,44000244140625;557,7000122070312;481,0;172,3300018310547;338,0190507751135;191,0538881519706;505,55999755859375;151,91000366210938;7763,18017578125
2026-08-14;304,29998779296875;492,991947114923;224,24907448357243;344,27870083870846;588,8252707092146;262,4200134277344;359,6557038632118;63,486091089138334;1024,5619966358515;362,760009765625;158,22546971049474;196,64385790182394;257,8881034534354;394,1330805188561;1171,199951171875;114,36620493839823;143,4199981689453;86,68275083769021;269,3554314697184;850,0;229,8800048828125;360,9611145835398;335,3299865722656;85,47000122070312;35,5099983215332;195,65947161073822;1832,010009765625;95,38999938964844;17,312226017913233;162,29669033378082;33,439998626708984;77,76000213623047;564,4400024414062;483,20001220703125;173,8000030517578;333,5519765191293;194,9769811314243;503,7699890136719;148,8000030517578;7776,31005859375
2026-08-17;302,94000244140625;477,51109147171053;224,60867289832842;341,7103446182459;564,3046582848494;258,3399963378906;359,1681213378906;63,555733889390545;1033,0804223133007;358,5199890136719;159,08999633789062;198,07140020275753;256,7437790079673;389,0344923640698;1163,5;113,64792135646756;142,47999572753906;86,33482419870427;263,2687435907245;859,6199951171875;225,9499969482422;366,20315056914757;337,4800109863281;86,22000122070312;36,13999938964844;197,97936817600387;1767,510009765625;95,83000183105469;17,41909142029599;160,57606452023518;33,81999969482422;75,47000122070312;561,260009765625;504,5199890136719;172,30099487304688;330,4548079641576;189,57649225733002;498,07000732421875;145,5;7744,8798828125
2026-08-18;305,739990234375;476,2534434403709;218,44557057093272;339,97147845233087;542,7816737373303;257,7300109863281;357,48652367602523;63,247307807845885;1021,0790452191037;358,04998779296875;163,25;201,94757085501675;265,02290964957547;391,1017523988161;1194,010009765625;114,2065916862473;142,67999267578125;87,35871761700973;264,9567165726631;834,8099975585938;222,5800018310547;364,4458308304753;331,1199951171875;84,93000030517578;36,130001068115234;201,2791747382045;1759,2099609375;95,87999725341797;17,593963150594703;155,8816135966382;33,650001525878906;76,33999633789062;563,1799926757812;474,9800109863281;170,61000061035156;328,27090486006995;192,89065423573348;499,6000061035156;142,35000610351562;7688,6298828125
2026-08-19;309,6000061035156;478,4592826108848;216,51772459764655;340,44117610948047;536,8463247077087;258,5799865722656;353,88448774980554;62,66030056083841;1009,5555992533239;362,8999938964844;164,66000366210938;204,25999450683594;269,2321572777068;383,9656746212449;1240,5400390625;113,71775850480114;143,6199951171875;88,06450179877645;264,21199127302407;805,6799926757812;220,1999969482422;355,439527523525;335,70001220703125;87,29000091552734;37,61000061035156;209,7587328914833;1771,0;98,81999969482422;17,972850014917235;159,32287864625027;34,25;78,0999984741211;570,3300170898438;462,54998779296875;169,77099609375;338,92240470580333;193,8689320609861;499,4100036621094;137,42999267578125;7700,06982421875
2026-08-20;310,6499938964844;479,5;215,41896310784705;338,3525147854226;538,8847190657524;259,5199890136719;349,8048400878906;61,49624455678327;996,7980689335711;363,6300048828125;166,07000732421875;205,52000427246094;266,0578308105469;381,4809738935195;1243,22998046875;102,60436178772362;142,55999755859375;89,19775129318654;265,02622723203285;801,0;214,1199951171875;343,0383524927701;338,9599914550781;87,19999694824219;38,650001525878906;210,29868824129582;1885,3299560546875;99,05999755859375;18,22544069296634;158,54710116800615;34,060001373291016;79,58999633789062;571,7999877929688;460,2699890136719;172,02999877929688;329,1643112906949;202,64348877595435;496,4800109863281;141,02000427246094;7639,009765625
2026-08-21;307,010009765625;478,5299987792969;214,26025565862156;340,1813365286692;542,8015857242297;257,0400085449219;348,6307014187966;61,20771489767144;1003,9330983524162;366,6600036621094;164,61000061035156;205,00999450683594;265,68963755179993;383,6377017073448;1230,0;102,1500015258789;142,13999938964844;89,7842440670666;266,2177370185577;812,3400268554688;212,75;345,88404885588886;346,8999938964844;92,83000183105469;38,81999969482422;211,0486572745782;1911,010009765625;104,13999938964844;18,487748544469675;158,30840309196864;34,439998626708984;79,16999816894531;573,0399780273438;462,1099853515625;172,5500030517578;330,5639843459303;204,3704530814486;495,67999267578125;142,60000610351562;7660,06005859375
2026-08-24;309,9700012207031;481,8599853515625;207,01835779182306;342,2699962782288;545,8692218355393;259,04998779296875;351,068534040469;61,20771355398267;1025,1592461651862;372,2099914550781;162,25;201,75;267,2519483767422;388,4679640045169;1230,949951171875;104,0;145,0;90,9075381739087;268,6802361138274;804,489990234375;208,6999969482422;340,0229698529887;348,260009765625;93,56999969482422;39,000999450683594;210,0786987163852;1918,0;104,26000213623047;17,885415049247012;155,38430684034967;34,63999938964844;79,0199966430664;584,219970703125;451,0;171,30999755859375;332,7081950914107;207,0257904413594;498,1099853515625;141,25;7638,169921875
2026-08-25;308,2099914550781;484,29998779296875;209,87515802586688;345,37800981753963;560,9573215839381;259,8299865722656;351,31731709949815;61,55593562481989;1034,2247499851753;380,2699890136719;160,4600067138672;199,7899932861328;270,17999267578125;393,1988379276376;1229,7900390625;104,4000015258789;144,9499969482422;90,7584330983988;266,0886764847458;804,75;210,11000061035156;343,6973778142584;349,20001220703125;93,62999725341797;38,604000091552734;213,20854488482007;1929,0;104,80000305175781;17,700000762939453;158,21888781168138;34,97999954223633;79,4000015258789;595,3499755859375;469,07000732421875;172,1999969482422;331,25888010780307;204,40039123164104;501,1600036621094;142,50999450683594;7650,919921875
2026-08-26;308,79998779296875;487,30999755859375;208,99613188036045;339,96146577825954;561,4369046651577;258,239990234375;352,83972357546315;61,62557946042177;1031,7270414453599;381,0799865722656;157,75999450683594;198,1199951171875;269,54998779296875;393,58647707234917;1180,010009765625;104,08000183105469;144,5;89,46614227567014;264,23186158236393;812,260009765625;209,66000366210938;349,4685796147168;342,5299987792969;95,30999755859375;38,369998931884766;214,0184971033628;1948,4000244140625;104,58999633789062;17,559999465942383;159,02450105070994;35,689998626708984;81,30000305175781;594,7100219726562;474,5799865722656;168,89999389648438;332,06294252407247;198,6005964484484;503,6499938964844;146,8300018310547;7657,41015625
2026-08-27;309,3999938964844;490,0799865722656;220,6530857022795;338,3025461528343;567,1723610665189;255,02000427246094;350,48146686631793;60,7898450757791;1029,955611168401;378,5;156,13999938964844;197,82000732421875;263,8299865722656;391,360158894761;1171,7099609375;102,2699966430664;142,7100067138672;88,43231008548368;258,016069453591;807,3099975585938;209,11000061035156;339,08440305800235;345,45001220703125;94,75;38,869998931884766;213,28853281116903;1906,0699462890625;103,54000091552734;17,540000915527344;161,0435118155548;35,36000061035156;79,27999877929688;588,1099853515625;469,6300048828125;178,00999450683594;325,4814448058147;229,6459965412689;499,2200012207031;147,52000427246094;7689,89013671875
2026-08-28;315,45001220703125;504,8699951171875;216,56766062888835;340,0514228221321;570,5497252457161;257,7799987792969;352,46158041613097;61,048528487903745;1026,55227329444;379,0299987792969;155,32000732421875;199,55999755859375;264,2699890136719;390,2569628122352;1162,9300537109375;102,5;143,00999450683594;88,54166196600396;258,4827371885051;799,1699829101562;207,5500030517578;340,7518363906104;345,20001220703125;93,83000183105469;40,20000076293945;208,5287848539149;1939,949951171875;103,0199966430664;18,18000030517578;161,0236263260718;35,0;79,94999694824219;592,0800170898438;465,2900085449219;184,3800048828125;325,1042120893565;248,56270837783813;502,94000244140625;149,7100067138672;7700,91015625
2026-08-31;312,79998779296875;506,3900146484375;215,96834944345454;336,94342338566804;568,6911832402849;257,1199951171875;353,00886020751335;61,585785765773515;1017,6359812231374;378,79998779296875;158,74000549316406;203,83999633789062;265,1700134277344;385,3372471573089;1147,0;102,83999633789062;142,5;88,07444323756117;261,53108790824797;789,0499877929688;206,27000427246094;333,21331800997234;347,1499938964844;92,27999877929688;39,83599853515625;205,9989123148497;1922,3800048828125;102,31999969482422;18,950000762939453;163,30122960344315;35,79999923706055;80,6500015258789;588,3800048828125;463,67999267578125;183,7899932861328;323,36702248478053;253,94323052362589;502,20001220703125;147,75;7665,06005859375
2026-09-01;314,7300109863281;496,7799987792969;214,8595947199138;332,8360433203593;555,6614340241316;251,92999267578125;352,36209151798977;61,40670122085115;996,969970703125;372,2200012207031;162,22000122070312;207,8000030517578;267,0199890136719;389,38233725575066;1156,8499755859375;104,66000366210938;145,08999633789062;87,28912906447658;260,739990234375;774,5499877929688;205,5;329,00972307230313;352,9599914550781;89,1500015258789;39,2400016784668;208,45879031684993;1900,0;101,76000213623047;19,649999618530273;161,33195343835413;36,06999969482422;79,5999984741211;580,8800048828125;452,29998779296875;179,75;316,4678503051231;253,80350109154352;501,2699890136719;139,9499969482422;7611,2001953125
2026-09-02;323,5299987792969;493,80999755859375;218,23579974693772;332,6062167342666;576,5449702025707;253,39999389648438;352,03373040736835;61,625580799762695;998,0;374,010009765625;162,75999450683594;209,4600067138672;273,5299987792969;394,083395182361;1158,0;105,45999908447266;145,7899932861328;87,20961388772017;260,17999267578125;771,3900146484375;206,4199981689453;328,81001137810364;349,9200134277344;89,05000305175781;38,849998474121094;210,75867724005934;1949,6099853515625;101,81999969482422;20,1200008392334;164,18641926212868;36,95000076293945;80,30000305175781;583,7000122070312;452,3599853515625;165,7100067138672;315,38582679146464;253,15462147722897;502,6000061035156;139,72000122070312;7633,6201171875
2026-09-03;324,1099853515625;500,79998779296875;224,49879494304554;339,841550898423;603,8733999005765;256,0;354,62082872816893;62,00365105386457;1012,5;376,8599853515625;162,08999633789062;211,1699981689453;273,1600036621094;392,8807991736857;1137,5;106,0199966430664;146,5;87,4879530370246;256,1199951171875;781,489990234375;205,8300018310547;328,82000624972363;365,82000732421875;90,0999984741211;39,22999954223633;211,4786402983234;1985,0799560546875;102,41999816894531;20,469999313354492;164,8800048828125;37,88999938964844;81,62999725341797;583,8099975585938;440,5;171,91000366210938;315,2099914550781;261,14059007574764;505,2099914550781;146,9199981689453;7686,7099609375
2026-09-04;317,8599853515625;499,3599853515625;229,37334400327853;337,0899963378906;604,7926993516937;255,2899932861328;353,4367241174852;61,959999084472656;1024,6300048828125;373,6400146484375;159,16000366210938;207,1199951171875;274,75;392,78143435561344;1138,31005859375;106,93000030517578;145,82000732421875;87,32889593040467;255,49000549316406;801,0;208,8000030517578;331,7355586028929;351,32000732421875;89,76000213623047;38,34000015258789;211,16863416223956;1966,0;102,18000030517578;20,1200008392334;167,0399932861328;37,54999923706055;78,2300033569336;578,7100219726562;458,0;173,6699981689453;316,1000061035156;257,36722235025957;504,29998779296875;156,7100067138672;7706,1201171875
2026-09-08;314,8999938964844;490,1499938964844;224,59868561283858;333,2200012207031;609,2591747857786;254,75;351,47651813459794;62,11000061035156;1028,56005859375;367,44000244140625;158,75;209,17999267578125;266,8800048828125;388,0505547204797;1113,550048828125;105,66000366210938;144,3000030517578;87,03067600133623;254,27999877929688;817,0900268554688;210,58999633789062;331,5358820863363;355,75;93,5199966430664;36,22999954223633;205,2189545312467;1908,0;103,80999755859375;20,549999237060547;172,0399932861328;38,4900016784668;75,91999816894531;567,010009765625;486,57000732421875;170,0;313,239990234375;245,45817184934052;500,70001220703125;161,16000366210938;7666,990234375
2026-09-09;309,8999938964844;489,79998779296875;223,21024142511232;327,8999938964844;638,056426220049;250,64999389648438;346,95905283194486;61,43000030517578;1011,4000244140625;365,8800048828125;162,5500030517578;212,22999572753906;266,7300109863281;375,7661756497595;1119,0;105,16000366210938;142,33999633789062;86,89150884798197;253,35000610351562;813,5;206,4199981689453;320,6723919715677;366,0;94,19999694824219;35,84000015258789;205,18896517613163;1853,030029296875;102,91000366210938;20,799999237060547;173,32000732421875;37,88999938964844;75,87000274658203;565,72998046875;506,3599853515625;168,61000061035156;309,8399963378906;243,02245661149126;501,2099914550781;160,36000061035156;7624,16015625
2026-09-10;316,510009765625;486,0;217,1999969482422;327,739990234375;641,6336632885306;249,5800018310547;349,3769807166142;62,220001220703125;1011,6799926757812;365,5199890136719;163,17999267578125;211,33999633789062;265,7200012207031;385,2279163988086;1120,52001953125;105,58999633789062;141,86000061035156;87,27920016042388;252,5399932861328;797,5;204,6699981689453;321,31139882515237;357,67999267578125;88,19999694824219;35,900001525878906;201,90914210383698;1840,0;98,9000015258789;20,829999923706055;171,0;37,61000061035156;75,02999877929688;563,1699829101562;502,80999755859375;164,5500030517578;304,29998779296875;241,32543744373714;504,739990234375;152,52000427246094;7580,06005859375
2026-09-11;326,29998779296875;492,5799865722656;218,14999389648438;335,0299987792969;645,6904688887529;253,13999938964844;353,0287549259634;62,380001068115234;1018,5900268554688;367,9800109863281;164,0800018310547;212,02000427246094;265,25;373,5995091898494;1113,2900390625;105,72000122070312;143,5500030517578;87,28913264913226;252,14999389648438;813,510009765625;207,22000122070312;322,27991579420063;361,6000061035156;87,98999786376953;36,45000076293945;202,7390996426858;1892,22998046875;99,58000183105469;20,93000030517578;175,74000549316406;37,88999938964844;76,1500015258789;564,25;501,3500061035156;165,39999389648438;307,8999938964844;241,59497121389842;506,0;149,83999633789062;7636,75
2026-09-14;331,3399963378906;495,3399963378906;208,92999267578125;342,1400146484375;648,708045415434;250,74000549316406;345,8246972423431;58,91999816894531;978,9299926757812;371,6700134277344;164,0399932861328;211,27000427246094;266,19000244140625;379,2799987792969;1130,5;108,0;145,75;88,34285116542739;254,27999877929688;772,8599853515625;207,97999572753906;311,60615958492264;357,0400085449219;84,25;38,970001220703125;202,5591148927658;1876,0;96,44000244140625;20,979999542236328;170,50999450683594;37,18000030517578;78,48999786376953;565,9600219726562;480,3299865722656;166,4199981689453;306,5;251,0583293004754;510,5;141,00999450683594;7592,27978515625
2026-09-15;328,3500061035156;495,5400085449219;211,16000366210938;342,70001220703125;655,6825797136325;247,22000122070312;341,36695273698433;58,77000045776367;954,489990234375;372,82000732421875;165,14999389648438;212,74000549316406;260,67999267578125;375,5;1131,5899658203125;107,86000061035156;143,9199981689453;87,80000305175781;252,6999969482422;776,5;208,64999389648438;306,3341808384467;354,04998779296875;83,66000366210938;39,48699951171875;200,52000427246094;1828,219970703125;96,5;21,18000030517578;180,5399932861328;37,560001373291016;77,45999908447266;567,3099975585938;497,510009765625;169,4499969482422;304,32000732421875;254,63202824640504;512,4099731445312;140,02000427246094;7572,68994140625
2026-09-16;330,70001220703125;487,2300109863281;212,5;340,6400146484375;671,3801323225093;244,3000030517578;342,97891460693876;57,18000030517578;932,3699951171875;368,1199951171875;162,55999755859375;210,3699951171875;266,29998779296875;373,6300048828125;1132,6300048828125;107,44999694824219;146,5;87,73999786376953;247,8300018310547;774,47998046875;197,00999450683594;308,2113326446332;354,8900146484375;83,0999984741211;38,34000015258789;200,97999572753906;1794,719970703125;94,95999908447266;20,809999465942383;183,3699951171875;37,2400016784668;76,30999755859375;565,3200073242188;506,04998779296875;168,9600067138672;302,4700012207031;249,16165448300154;515,2999877929688;139,0;7507,77001953125
2026-09-17;330,17999267578125;493,1700134277344;217,14999389648438;343,8900146484375;666,5239959332205;249,24000549316406;343,5560050551891;57,41999816894531;922,0;368,3900146484375;161,4499969482422;209,1699981689453;267,1099853515625;374,20001220703125;1138,260009765625;106,1500015258789;146,35000610351562;87,51000213623047;248,10000610351562;795,0;197,0;312,9940490722656;363,2200012207031;86,0999984741211;37,369998931884766;204,80999755859375;1800,4200439453125;97,06999969482422;20,579999923706055;187,75999450683594;36,86000061035156;75,30000305175781;564,0700073242188;527,5999755859375;172,60699462890625;302,5;241,52000427246094;508,7799987792969;146,14999389648438;7611,81005859375
2026-09-18;332,5299987792969;491,1000061035156;218,02999877929688;348,45001220703125;660,278927643704;251,8800048828125;343,2973333290521;57,52000045776367;939,5499877929688;366,92999267578125;161,30999755859375;207,30999755859375;267,20001220703125;372,4200134277344;1140,27001953125;106,16999816894531;145,49000549316406;87,5199966430664;247,64999389648438;799,5700073242188;195,4600067138672;309,1498825988573;360,75;85,91999816894531;35,5;204,25;1785,219970703125;96,47000122070312;20,68000030517578;175,97000122070312;37,20000076293945;70,11000061035156;561,9000244140625;541,530029296875;172,0;298,25;236,5500030517578;506,1300048828125;144,39999389648438;7610,52001953125
2026-09-21;333,04998779296875;491,3299865722656;221,55999755859375;349,1000061035156;679,5999755859375;253,60000610351562;348,3421273580351;57,470001220703125;942,6199951171875;366,0899963378906;157,94000244140625;203,5;268,5;373,82000732421875;1134,4100341796875;106,08000183105469;145,6300048828125;87,12000274658203;246,52000427246094;805,239990234375;198,1300048828125;313,33354811753077;371,07000732421875;86,54000091552734;35,65999984741211;204,24000549316406;1787,280029296875;96,7300033569336;20,540000915527344;179,22999572753906;37,66999816894531;71,79000091552734;562,3599853515625;582,27001953125;176,75999450683594;295,3900146484375;236,25;501,9800109863281;146,16000366210938;7691,18994140625
2026-09-22;338,75;493,6499938964844;226,5;350,2200012207031;730,0;253,77999877929688;335,6255858365337;56,06999969482422;936,780029296875;359,79998779296875;155,85000610351562;200,77999877929688;265,0400085449219;372,4100036621094;1139,260009765625;107,61000061035156;146,9499969482422;87,45999908447266;249,3699951171875;802,6099853515625;197,13999938964844;313,88268426649216;372,8800048828125;88,16999816894531;34,685001373291016;207,1999969482422;1790,219970703125;96,4000015258789;20,239999771118164;191,66000366210938;37,52000045776367;71,58000183105469;553,1199951171875;606,3099975585938;182,02999877929688;300,17999267578125;229,80999755859375;501,4100036621094;148,60000610351562;7756,259765625
2026-09-23;335,5;495,8800048828125;224,02000427246094;337,45001220703125;739,510009765625;247,75999450683594;335,30717361074363;55,7400016784668;933,6799926757812;360,0;159,4199981689453;203,47999572753906;266,5;366,0;1145,97998046875;109,48999786376953;147,13999938964844;87,61000061035156;234,02999877929688;798,530029296875;197,97999572753906;317,1377399022113;377,5799865722656;86,16999816894531;34,45000076293945;205,66000366210938;1788,1199951171875;94,87999725341797;20,979999542236328;193,22000122070312;37,349998474121094;71,06999969482422;554,0;608,0800170898438;182,94000244140625;296,6700134277344;234,24000549316406;502,80999755859375;144,22999572753906;7694,89013671875
2026-09-24;334,29998779296875;491,2200012207031;221,08999633789062;336,0199890136719;743,010009765625;245,60000610351562;333,61561713679083;55,84000015258789;914,6799926757812;362,0;161,1999969482422;204,8699951171875;269,010009765625;368,5;1151,0;107,51000213623047;145,67999267578125;88,0999984741211;237,02000427246094;794,2000122070312;194,39999389648438;315,00100516054243;375,70001220703125;85,19999694824219;33,2599983215332;205,6300048828125;1736,8499755859375;93,61000061035156;20,829999923706055;191,75;36,81999969482422;71,20999908447266;559,6799926757812;599,239990234375;188,24000549316406;291,07000732421875;237,0;504,9800109863281;133,47999572753906;7662,56982421875
2026-09-25;334,5299987792969;497,25;223,1300048828125;341,1099853515625;746,5399780273438;247,17999267578125;336,95895319807937;55,869998931884766;915,2999877929688;363,7900085449219;159,77999877929688;203,39999389648438;269,260009765625;371,1700134277344;1160,8399658203125;106,44999694824219;145,3300018310547;87,55999755859375;235,2899932861328;809,0499877929688;196,8000030517578;319,15471322020903;367,6700134277344;85,44000244140625;34,13999938964844;207,6199951171875;1715,3499755859375;93,55999755859375;20,200000762939453;194,52999877929688;36,41999816894531;70,9800033569336;562,2899780273438;625,52001953125;189,35000610351562;291,3999938964844;233,3800048828125;502,239990234375;136,9199981689453;7693,080078125
2026-09-28;338,0400085449219;502,2200012207031;228,0399932861328;339,55999755859375;713,1900024414062;244,72999572753906;334,63052901448964;55,369998931884766;914,5;366,05999755859375;161,0500030517578;205,3800048828125;269,2699890136719;374,55999755859375;1172,56005859375;107,2699966430664;145,11000061035156;86,88999938964844;233,22999572753906;808,2000122070312;184,00999450683594;314,76136032970015;356,79998779296875;83,44999694824219;33,16999816894531;207,77999877929688;1685,550048828125;92,83999633789062;20,520000457763672;186,7100067138672;36,119998931884766;68,87999725341797;563,5;596,0700073242188;185,6199951171875;289,30999755859375;221,17999267578125;502,57000732421875;131,5800018310547;7666,60009765625
2026-09-29;328,70001220703125;502,3999938964844;227,02999877929688;338,0199890136719;715,0999755859375;245,13999938964844;331,6752747671049;54,72999954223633;903,8499755859375;365,0;159,27000427246094;202,6999969482422;265,5899963378906;371,3299865722656;1168,469970703125;105,3499984741211;146,83999633789062;86,55999755859375;232,05999755859375;815,5;185,0;316,09930962834073;351,6700134277344;84,63999938964844;33,0;208,22000122070312;1701,0899658203125;93,5199966430664;20,239999771118164;182,22999572753906;35,970001220703125;70,1500015258789;561,2999877929688;605,25;184,80999755859375;287,3399963378906;223,42999267578125;500,2300109863281;132,52999877929688;7653,5498046875
2026-09-30;330,1400146484375;510,30999755859375;228,1699981689453;340,989990234375;721,2999877929688;246,0800018310547;329,18768310546875;54,38999938964844;900,3599853515625;359,3299865722656;161,8000030517578;204,2100067138672;264,510009765625;365,7200012207031;1155,27001953125;103,91999816894531;145,27999877929688;86,06999969482422;230,8800048828125;810,0700073242188;185,25;311,7759091338623;345,8800048828125;84,55000305175781;34,01499938964844;209,83999633789062;1690,0699462890625;94,13999938964844;20,84000015258789;183,14999389648438;36,72999954223633;69,51000213623047;551,4299926757812;600,0999755859375;187,0;284,010009765625;224,42999267578125;497,95001220703125;134,75;7651,5400390625
2026-10-01;325,80999755859375;512,1699829101562;228,16000366210938;335,510009765625;721,510009765625;246,1199951171875;324,2523219854466;52,88999938964844;881,0;357,3599853515625;160,80999755859375;202,82000732421875;258,3299865722656;362,6000061035156;1139,8499755859375;103,58999633789062;143,39999389648438;85,72000122070312;229,61000061035156;802,4400024414062;185,55999755859375;309,1299379960625;353,79998779296875;82,58000183105469;36,81999969482422;205,83999633789062;1668,43994140625;91,68000030517578;20,729999542236328;181,77000427246094;36,540000915527344;67,79000091552734;546,1199951171875;601,5;186,60000610351562;277,1499938964844;230,75;495,9599914550781;135,3300018310547;7616,77978515625
2026-10-02;330,6099853515625;513,6599731445312;233,60000610351562;341,1600036621094;726,2000122070312;250,02000427246094;328,3618208741774;53,310001373291016;897,260009765625;356,75;161,5500030517578;204,4499969482422;255,1199951171875;364,4700012207031;1136,6600341796875;103,80999755859375;143,80999755859375;85,16999816894531;230,8300018310547;836,4600219726562;190,27000427246094;307,7220812678104;359,4100036621094;84,43000030517578;34,959999084472656;204,13999938964844;1679,02001953125;93,16000366210938;20,770000457763672;183,36000061035156;36,81999969482422;66,75;545,4099731445312;628,5499877929688;188,25999450683594;280,8900146484375;233,1699981689453;499,010009765625;140,25999450683594;7700,509765625
2026-10-05;331,6499938964844;521,469970703125;235,14999389648438;342,3999938964844;727,1199951171875;250,17999267578125;328,94888836453754;53,689998626708984;886,8800048828125;359,04998779296875;161,38999938964844;201,9600067138672;252,50999450683594;368,04998779296875;1139,5;103,38999938964844;144,3800048828125;85,12999725341797;229,1999969482422;821,77001953125;191,33999633789062;305,3599853515625;364,9100036621094;85,16000366210938;34,61000061035156;203,7899932861328;1769,760009765625;94,11000061035156;23,540000915527344;180,3000030517578;42,7400016784668;66,54000091552734;551,1500244140625;619,989990234375;187,6300048828125;279,760009765625;227,80999755859375;501,29998779296875;142,3699951171875;7727,58984375
2026-10-06;330,6199951171875;528,780029296875;238,92999267578125;344,67999267578125;736,6900024414062;251,0800018310547;330,92999267578125;53,880001068115234;896,0;368,1499938964844;162,94000244140625;204,88999938964844;251,1699981689453;373,70001220703125;1139,97998046875;104,5;147,05999755859375;86,16000366210938;231,6999969482422;851,469970703125;189,3300018310547;304,0;378,5199890136719;84,83999633789062;35,24100112915039;201,47999572753906;1830,1099853515625;94,2699966430664;23,719999313354492;179,3300018310547;42,619998931884766;67,30999755859375;562,1400146484375;628,0;190,22000122070312;282,1300048828125;222,88999938964844;503,7799987792969;143,86000061035156;7805,9599609375
2026-10-07;332,7799987792969;524,6900024414062;236,3800048828125;343,07000732421875;720,1500244140625;253,1699981689453;325,07000732421875;52,90999984741211;868,52001953125;369,6000061035156;163,4600067138672;204,86000061035156;255,72999572753906;372,010009765625;1166,0;107,4000015258789;147,75999450683594;85,66999816894531;230,60000610351562;806,2899780273438;186,1999969482422;302,9800109863281;374,42999267578125;83,36000061035156;35,02000045776367;201,1199951171875;1835,97998046875;92,72000122070312;23,610000610351562;175,35000610351562;42,34000015258789;68,41000366210938;567,0;633,1599731445312;190,11199951171875;283,6099853515625;221,52999877929688;504,29998779296875;141,3699951171875;7763,33984375
