Fecha;Apple;Microsoft;NVIDIA;Alphabet (Google);Meta Platforms;Amazon;JPMorgan Chase;Bank of America;Goldman Sachs;Visa;ExxonMobil;Chevron;Johnson & Johnson;UnitedHealth;Eli Lilly;Walmart;Procter & Gamble;Coca-Cola;McDonalds;Caterpillar;Boeing;GE Aerospace;Tesla;Global X Copper Miners ETF;Globant;iShares Biotechnology ETF;MercadoLibre;Rio Tinto;Petrobras ADR;Qualcomm;iShares MSCI Brazil ETF;Netflix;Mastercard;Advanced Micro Devices;Palantir;Home Depot;Salesforce;Berkshire Hathaway;Oracle;INDICE S&P 500
2025-07-21;211,4580078125;505,0673828125;171,15203857421875;189,55923461914062;710,6408081054688;229,3000030517578;285,5080261230469;46,467769622802734;692,0682983398438;347,5440673828125;104,03850555419922;142,42005920410156;160,35340881347656;274,7808837890625;755,7432250976562;94,65015411376953;150,60130310058594;68,14021301269531;288,7342224121094;406,41168212890625;229,32000732421875;261,5318603515625;328,489990234375;43,703269958496094;85,7300033569336;128,8022003173828;2379,06005859375;57,66682052612305;11,737101554870605;155,68853759765625;25,916505813598633;123,3270034790039;551,2151489257812;157,0;151,7899932861328;354,61175537109375;260,0787658691406;474,4100036621094;240,7954864501953;6305,60009765625
2025-07-22;213,36875915527344;500,32421875;166,8078155517578;190,7957000732422;702,5075073242188;227,47000122070312;285,9593811035156;46,7515869140625;686,5885620117188;348,45513916015625;104,51032257080078;142,76260375976562;163,83636474609375;277,6928405761719;769,8828125;94,82823944091797;153,79734802246094;67,74150848388672;292,0830078125;413,4681701660156;228,47999572753906;257,6913146972656;332,1099853515625;44,89128112792969;89,0;132,5027618408203;2384,719970703125;59,785762786865234;11,853118896484375;154,7288055419922;25,83994483947754;119,00800323486328;555,2996826171875;154,72000122070312;149,07000732421875;361,4012451171875;261,3777770996094;478,1300048828125;235,4266815185547;6309,6201171875
2025-07-23;213,11997985839844;500,9183349609375;170,5528564453125;189,68887329101562;711,2489013671875;228,2899932861328;291,1893615722656;47,11369705200195;703,3610229492188;351,8519592285156;105,84871673583984;145,69320678710938;164,9778594970703;284,8804016113281;792,1432495117188;94,66004943847656;153,7584686279297;67,25528717041016;291,0578308105469;423,77532958984375;233,8800048828125;261,8502197265625;332,55999755859375;45,28079605102539;90,0999984741211;135,06625366210938;2394,429931640625;60,05527877807617;12,230175971984863;156,5797576904297;26,299320220947266;117,6780014038086;558,6090087890625;158,64999389648438;154,6300048828125;366,6029357910156;264,977294921875;482,6300048828125;239,17398071289062;6358,91015625
2025-07-24;212,73184204101562;505,8793640136719;173,50892639160156;191,62335205078125;712,4649047851562;232,22999572753906;290,9832458496094;47,358367919921875;704,9882202148438;350,54473876953125;106,67678833007812;148,2717742919922;165,42662048339844;271,3136901855469;798,6279907226562;95,57025146484375;154,27333068847656;67,19692993164062;287,50408935546875;425,6881408691406;231,27000427246094;266,65582275390625;305,29998779296875;44,511505126953125;88,81999969482422;135,086181640625;2391,050048828125;59,32108688354492;12,230175971984863;155,56121826171875;25,964357376098633;118,07599639892578;560,0103149414062;162,1199951171875;154,86000061035156;363,4273681640625;265,4532775878906;480,6000061035156;240,093505859375;6363,35009765625
2025-07-25;212,8512725830078;508,681640625;173,26922607421875;192,63046264648438;710,3517456054688;231,44000244140625;293,0143737792969;47,417091369628906;714,5947265625;353,5850524902344;106,30126190185547;147,3297882080078;164,19735717773438;273,72906494140625;805,82666015625;96,43097686767578;153,77789306640625;67,26500701904297;291,39959716796875;429,8804016113281;233,05999755859375;270,21771240234375;316,05999755859375;44,03435516357422;92,87000274658203;135,156005859375;2362,56005859375;58,64264678955078;12,181835174560547;155,1302947998047;25,782522201538086;118,04900360107422;564,7011108398438;166,47000122070312;158,8000030517578;365,61907958984375;266,8514099121094;484,07000732421875;242,35768127441406;6388,64013671875
2025-07-28;213,0204620361328;507,4834899902344;176,51490783691406;192,0321807861328;715,28564453125;232,7899932861328;292,6807861328125;47,201778411865234;709,3699951171875;352,0302429199219;107,30265045166016;148,699951171875;162,16806030273438;274,7613525390625;801,2853393554688;96,5694808959961;152,62188720703125;66,2147445678711;292,1318054199219;429,07763671875;236,41000366210938;269,2427062988281;325,5899963378906;43,489036560058594;93,30000305175781;133,76956176757812;2354,110107421875;57,79692840576172;12,13349437713623;157,72561645507812;25,38056755065918;117,45999908447266;564,7606811523438;173,66000366210938;157,8800048828125;367,46014404296875;267,98187255859375;481,70001220703125;244,9185028076172;6389,77001953125
2025-07-29;210,2538299560547;507,5527648925781;175,2765350341797;195,1931610107422;697,7132568359375;231,00999450683594;291,4640808105469;46,92775344848633;717,53564453125;347,8907165527344;108,6891860961914;149,41358947753906;164,01197814941406;254,2604522705078;756,5067138671875;97,28179931640625;152,13616943359375;67,46922302246094;295,5000915527344;426,21337890625;226,0800018310547;268,9442138671875;321,20001220703125;43,0313606262207;90,83999633789062;133,52020263671875;2384,89990234375;57,871280670166016;12,413869857788086;158,73434448242188;25,61025619506836;116,8740005493164;559,8313598632812;177,44000244140625;156,24000549316406;367,5672912597656;265,1459045410156;476,55999755859375;247,16290283203125;6370,85986328125
2025-07-30;208,0445098876953;508,2161865234375;179,03155517578125;195,97093200683594;692,9389038085938;230,19000244140625;294,0054626464844;46,93753433227539;716,3299560546875;347,51434326171875;107,74557495117188;146,1118621826172;163,1826934814453;259,1007995605469;753,6610107421875;96,54969787597656;148,5127410888672;66,85657501220703;296,41778564453125;430,2470703125;225,83999633789062;272,1678161621094;319,0400085449219;41,78491973876953;89,6500015258789;133,360595703125;2381,389892578125;55,28765869140625;12,500883102416992;155,7766876220703;25,725099563598633;118,41999816894531;555,6473999023438;179,50999450683594;158,61000061035156;362,4435119628906;262,5875244140625;476,0;247,77593994140625;6362,89990234375
2025-07-31;206,57162475585938;528,2779541015625;177,63340759277344;191,35409545898438;770,913330078125;234,11000061035156;290,6790771484375;46,26224899291992;709,311279296875;342,1269836425781;107,4952163696289;144,2849884033203;160,72415161132812;243,05064392089844;733,8199462890625;96,935546875;146,1715850830078;66,02025604248047;292,961669921875;434,1123046875;221,83999633789062;269,7102966308594;308,2699890136719;41,92124938964844;84,26000213623047;132,4229736328125;2373,889892578125;55,54787826538086;12,317188262939453;143,7305908203125;25,409276962280273;115,94000244140625;562,9617919921875;176,30999755859375;158,35000610351562;357,9919128417969;256,161865234375;471,8800048828125;250,9102020263672;6339,39013671875
2025-08-01;201,40660095214844;518,9797973632812;173,4889373779297;188,59197998046875;747,5598754882812;214,75;283,93804931640625;44,68656921386719;695,56787109375;336,0662536621094;105,5694808959961;144,056640625;163,25099182128906;231,5681915283203;755,8919677734375;97,44010162353516;146,34642028808594;66,96354675292969;295,7148742675781;424,86553955078125;221,89999389648438;268,0189514160156;302,6300048828125;41,62911605834961;79,79000091552734;132,70225524902344;2375,919921875;55,43635559082031;12,268847465515137;145,13107299804688;25,504980087280273;115,86000061035156;556,4226684570312;171,6999969482422;154,27000427246094;363,98260498046875;248,6356201171875;472,8399963378906;241,6655731201172;6238,009765625
2025-08-04;202,37193298339844;530,3970336914062;179,7605743408203;194,4851837158203;773,8338012695312;211,64999389648438;288,7362976074219;44,872520446777344;711,7030639648438;338,839111328125;103,38375854492188;143,71409606933594;166,87054443359375;234,6944580078125;762,5056762695312;98,52836608886719;146,4532928466797;67,06078338623047;297,0231018066406;429,83087158203125;222,33999633789062;274,83428955078125;309,260009765625;42,31076431274414;82,02999877929688;135,02635192871094;2395,830078125;55,76163101196289;12,336525917053223;144,465087890625;25,772953033447266;117,0989990234375;566,2811889648438;176,77999877929688;160,66000366210938;370,9571838378906;250,2023468017578;459,1099853515625;249,68418884277344;6329,93994140625
2025-08-05;201,94398498535156;522,5841674804688;178,02288818359375;194,11624145507812;760,9659423828125;213,75;285,9005126953125;44,58870315551758;706,6839599609375;334,1647644042969;103,25859069824219;145,61708068847656;166,577880859375;244,45309448242188;759,4813842773438;98,25135803222656;146,21043395996094;67,14830780029297;291,69244384765625;430,35614013671875;224,86000061035156;270,7450256347656;308,7200012207031;42,729488372802734;79,62000274658203;133,0713348388672;2408,02001953125;55,48282241821289;12,481546401977539;143,68162536621094;25,859085083007812;114,78700256347656;562,5345458984375;174,30999755859375;173,27000427246094;375,42828369140625;245,4128875732422;464,19000244140625;252,78880310058594;6299,18994140625
2025-08-06;212,2243194580078;519,8016967773438;179,1813507080078;195,5321807861328;769,468017578125;222,30999755859375;285,8808898925781;44,45168685913086;710,4385375976562;336,45245361328125;102,5556869506836;145,3697052001953;166,4315185546875;239,3692626953125;740,0667724609375;102,2581787109375;148,49330139160156;67,59564208984375;300,3718566894531;423,9041748046875;225,0399932861328;270,9042663574219;319,9100036621094;43,1092643737793;78,7300033569336;131,1562042236328;2317,219970703125;55,84527587890625;12,578228950500488;142,82957458496094;26,270610809326172;117,8479995727539;565,6054077148438;163,1199951171875;179,5399932861328;376,78228759765625;247,07876586914062;468,9100036621094;253,54022216796875;6345,06005859375
2025-08-07;218,97169494628906;515,7418823242188;180,52957153320312;195,9609832763672;759,3412475585938;223,1300048828125;281,5536804199219;43,96234893798828;705,537109375;328,87646484375;102,01646423339844;145,7312774658203;167,34861755371094;238,2882080078125;635,44775390625;102,02074432373047;149,1053009033203;68,49031066894531;300,615966796875;413,39874267578125;227,3300018310547;270,6455383300781;322,2699890136719;43,966190338134766;77,94000244140625;130,8968505859375;2334,820068359375;56,477237701416016;12,645904541015625;142,88832092285156;26,84482765197754;118,03700256347656;557,744384765625;172,39999389648438;182,1999969482422;376,1686096191406;238,8583526611328;461,4700012207031;246,57955932617188;6340,0
2025-08-08;228,2468719482422;516,929931640625;182,4569854736328;200,84701538085938;766,786865234375;222,69000244140625;283,33953857421875;45,029109954833984;707,0369262695312;333,52105712890625;102,83492279052734;147,49154663085938;169,104736328125;244,34597778320312;620,3663330078125;102,6242446899414;149,12472534179688;68,40277862548828;298,2142333984375;412,8040771484375;229,1199951171875;273,6204833984375;329,6499938964844;45,02761459350586;74,68000030517578;131,70480346679688;2353,699951171875;57,4902458190918;11,717764854431152;144,51406860351562;26,615140914916992;121,16400146484375;570,7633056640625;172,75999450683594;186,9600067138672;377,8050842285156;238,491455078125;465,3999938964844;247,23214721679688;6389,4501953125
2025-08-11;226,34388732910156;516,6627807617188;181,81784057617188;200,42822265625;763,3681030273438;221,3000030517578;284,1244812011719;45,1759147644043;705,0469360351562;332,64959716796875;101,90092468261719;146,0072021484375;169,5828094482422;245,787353515625;629,8554077148438;102,82211303710938;150,55271911621094;68,80148315429688;297,1500549316406;404,89532470703125;225,9600067138672;273,80950927734375;339,0299987792969;44,30701446533203;74,56999969482422;131,4055633544922;2292,0400390625;57,750465393066406;11,708097457885742;144,91561889648438;26,45244598388672;121,83100128173828;570,037841796875;172,27999877929688;182,67999267578125;377,4933776855469;230,7271728515625;464,7300109863281;249,83248901367188;6373,4501953125
2025-08-12;228,8048095703125;524,0595703125;182,9163818359375;202,76156616210938;787,419189453125;221,47000122070312;287,3527526855469;46,487342834472656;728,710693359375;334,0682678222656;102,18978881835938;146,94918823242188;168,56814575195312;254,7473907470703;634,0298461914062;102,51541137695312;150,6595916748047;68,76258850097656;294,4944763183594;409,028076171875;232,61000061035156;278,21710205078125;340,8399963378906;45,27105712890625;75,88999938964844;133,65982055664062;2350,830078125;58,64264678955078;11,833782196044922;150,5567169189453;27,17022132873535;122,52799987792969;570,6241455078125;174,9499969482422;186,97000122070312;385,7440185546875;229,7157440185547;470,3900146484375;250,99920654296875;6445,759765625
2025-08-13;232,47125244140625;515,4844360351562;181,3484649658203;201,385498046875;777,5316162109375;224,55999755859375;285,0762634277344;46,23289108276367;729,9948120117188;339,8321533203125;103,60521697998047;148,309814453125;170,1681365966797;264,7203063964844;654,9120483398438;99,91344451904297;150,970458984375;68,51947021484375;297,8432312011719;410,00927734375;233,3699951171875;267,50152587890625;339,3800048828125;46,02086639404297;79,66999816894531;136,75198364257812;2327,300048828125;59,07944869995117;11,804778099060059;153,357666015625;26,96924591064453;120,44400024414062;574,321044921875;184,4199981689453;184,3699951171875;396,6344909667969;235,04066467285156;477,30999755859375;241,4282684326172;6466,580078125
2025-08-14;231,92327880859375;517,3657836914062;181,77789306640625;202,36270141601562;779,5748901367188;230,97999572753906;288,6381530761719;46,692867279052734;732,4552612304688;342,7488098144531;103,39337921142578;147,63427734375;170,46084594726562;264,40863037109375;678,6498413085938;99,77493286132812;149,34817504882812;67,63453674316406;301,6313171386719;413,775390625;233,19000244140625;268,3373107910156;335,5799865722656;45,28079605102539;78,12000274658203;136,92152404785156;2319,800048828125;58,10361862182617;11,679092407226562;154,82672119140625;26,69170379638672;123,05599975585938;580,1448364257812;180,9499969482422;181,02000427246094;389,9521179199219;231,41136169433594;479,2200012207031;242,19949340820312;6468,5400390625
2025-08-15;230,73765563964844;515,078369140625;180,20997619628906;203,31997680664062;782,664794921875;231,02999877929688;285,03704833984375;45,93928146362305;716,3004150390625;341,7369384765625;103,49056243896484;148,95684814453125;172,3340606689453;296,0804443359375;696,8351440429688;99,16507720947266;149,950439453125;67,99434661865234;301,61175537109375;404,1520080566406;235,25999450683594;266,49664306640625;330,55999755859375;45,913753509521484;66,45999908447266;138,40774536132812;2392,300048828125;58,29399871826172;11,669424057006836;154,59165954589844;26,988388061523438;123,8949966430664;578,0975341796875;177,50999450683594;177,1699981689453;389,0364990234375;240,4052734375;477,20001220703125;245,48208618164062;6449,7998046875
2025-08-18;230,0402374267578;512,0384521484375;181,7678985595703;202,92111206054688;764,8631591796875;231,49000549316406;286,0574951171875;46,89838790893555;716,5357666015625;340,0206604003906;103,7140884399414;147,78651428222656;171,95355224609375;300,44354248046875;693,675048828125;99,8592300415039;151,27159118652344;67,22610473632812;301,38726806640625;408,958740234375;232,41000366210938;267,0935974121094;335,1600036621094;45,44633483886719;68,27999877929688;138,02871704101562;2364,010009765625;57,45633316040039;11,717764854431152;155,61997985839844;27,074520111083984;124,50900268554688;580,5224609375;176,13999938964844;174,02999877929688;384,4776916503906;241,9224395751953;478,5199890136719;246,26316833496094;6449,14990234375
2025-08-19;229,71144104003906;504,7801513671875;175,40638732910156;200,99661254882812;749,0250244140625;228,00999450683594;285,203857421875;47,05498123168945;707,1448364257812;339,73297119140625;104,39437103271484;146,237548828125;173,4657745361328;296,3044128417969;698,8027954101562;100,44430541992188;153,87503051757812;68,19856262207031;303,5644226074219;412,3779296875;225,0;264,58636474609375;329,30999755859375;44,87180709838867;68,6500015258789;137,53994750976562;2342,93994140625;57,67526626586914;11,447057723999023;153,02468872070312;26,184476852416992;121,41500091552734;581,8839721679688;166,5500030517578;157,75;396,6539611816406;243,9353790283203;485,30999755859375;231,97601318359375;6411,3701171875
2025-08-20;225,17819213867188;500,7698669433594;175,1667022705078;198,7530059814453;745,2772827148438;223,80999755859375;286,754150390625;47,31922149658203;706,4586181640625;341,20123291015625;105,47310638427734;147,41127014160156;174,48040771484375;292,01922607421875;701,018798828125;101,713623046875;154,9533233642578;68,75286865234375;305,6634521484375;416,8377685546875;225,6199951171875;265,09375;323,8999938964844;45,05682373046875;67,55999755859375;138,068603515625;2335,97998046875;57,703819274902344;11,524402618408203;152,23141479492188;26,50029754638672;121,38600158691406;589,009521484375;165,1999969482422;156,00999450683594;391,3353576660156;244,38160705566406;488,67999267578125;232,4110565185547;6395,77978515625
2025-08-21;224,072265625;500,1251220703125;174,7472381591797;199,18177795410156;736,6854858398438;221,9499969482422;285,9986572265625;47,23114013671875;701,8219604492188;340,963134765625;106,15339660644531;149,65296936035156;174,56822204589844;295,43768310546875;705,371337890625;97,1421127319336;154,19558715820312;68,7139663696289;305,8001708984375;414,161865234375;224,4600067138672;267,3522644042969;320,1099853515625;45,40738296508789;67,4800033569336;138,40774536132812;2337,43994140625;58,35110855102539;11,553407669067383;150,94845581054688;26,471588134765625;120,62100219726562;588,2542724609375;163,7100067138672;156,17999267578125;387,4000244140625;243,76681518554688;488,5899963378906;230,532470703125;6370,169921875
2025-08-22;226,9217529296875;503,09075927734375;177,7532501220703;205,5037384033203;752,32421875;228,83999633789062;290,6790771484375;48,425132751464844;727,2500610351562;347,2627258300781;108,1456527709961;152,18324279785156;174,91944885253906;299,4014892578125;707,2196655273438;96,02153778076172;154,1373291015625;68,19856262207031;306,6300354003906;431,78326416015625;230,1199951171875;265,18328857421875;340,010009765625;46,94595718383789;69,93000030517578;139,48500061035156;2430,6201171875;59,67424392700195;11,920795440673828;154,74835205078125;27,38077163696289;120,46499633789062;595,250732421875;167,75999450683594;158,74000549316406;402,09918212890625;246,20614624023438;489,0;233,70631408691406;6466,91015625
2025-08-25;226,323974609375;500,14495849609375;179,57083129882812;207,89691162109375;750,8390502929688;227,94000244140625;289,3642578125;48,425132751464844;724,211181640625;346,05242919921875;108,59268951416016;152,20249938964844;174,06089782714844;296,9082336425781;690,97216796875;95,26789093017578;151,68930053710938;67,0316162109375;306,01495361328125;428,44329833984375;226,8699951171875;265,2628479003906;346,6000061035156;46,9556999206543;68,16000366210938;136,7220458984375;2407,739990234375;59,33156204223633;12,055956840515137;153,19117736816406;27,505186080932617;121,80699920654297;589,5362548828125;163,36000061035156;157,1699981689453;398,3099060058594;245,78968811035156;486,17999267578125;232,7571258544922;6439,31982421875
2025-08-26;228,46604919433594;497,94305419921875;181,52822875976562;206,55075073242188;751,636474609375;228,7100067138672;292,9653625488281;49,17871856689453;734,1707763671875;348,3936767578125;108,3497314453125;151,39434814453125;173,4515838623047;292,5937805175781;731,4170532226562;95,24805450439453;151,5144500732422;66,83712768554688;305,52679443359375;427,41259765625;234,8300018310547;272,5558776855469;351,6700134277344;47,54970169067383;67,08000183105469;138,1184844970703;2405,530029296875;58,969844818115234;11,927701950073242;155,88442993164062;27,38077163696289;122,60900115966797;587,9461669921875;166,6199951171875;160,8699951171875;396,9851379394531;241,69436645507812;492,2099914550781;231,5706329345703;6465,93994140625
2025-08-27;229,6417236328125;502,604736328125;181,35845947265625;206,88978576660156;744,9384765625;229,1199951171875;293,6620178222656;49,305946350097656;734,87646484375;347,57025146484375;109,57425689697266;153,2030792236328;173,74639892578125;295,95379638671875;729,5687255859375;95,27780151367188;152,47618103027344;66,93436431884766;304,0525817871094;428,80999755859375;235,6199951171875;271,9688415527344;349,6000061035156;47,20887756347656;67,81999969482422;138,23817443847656;2413,429931640625;59,12214660644531;12,036224365234375;156,4720458984375;27,77315330505371;122,3499984741211;587,0020751953125;167,1300048828125;156,72000122070312;397,6669921875;248,0604705810547;495,7200012207031;233,15260314941406;6481,39990234375
2025-08-28;231,70408630371094;505,4810485839844;179,9303436279297;211,03794860839844;748,6563110351562;231,60000610351562;295,4184265136719;49,41360092163086;736,3958740234375;347,08416748046875;110,15734100341797;153,28005981445312;172,4294891357422;294,4053039550781;727,3726196289062;95,30755615234375;151,20359802246094;66,47731018066406;304,8238525390625;431,030029296875;236,16000366210938;274,60546875;345,9800109863281;47,65681457519531;67,44999694824219;137,85916137695312;2472,2900390625;59,855106353759766;12,194076538085938;157,48077392578125;28,22296142578125;123,1449966430664;586,8231811523438;168,5800018310547;158,1199951171875;396,8974914550781;252,39378356933594;499,8599853515625;237,61178588867188;6501,85986328125
2025-08-29;231,28562927246094;502,5551452636719;173,94830322265625;212,30435180664062;736,2868041992188;229,0;295,7618408203125;49,65827178955078;734,4545288085938;348,9889831542969;111,07087707519531;154,51150512695312;174,11985778808594;301,7875671386719;727,9886474609375;96,1702880859375;152,5538787841797;67,08995819091797;306,1125793457031;415,3016052246094;234,67999267578125;273,80950927734375;333,8699951171875;48,50400924682617;67,26000213623047;137,86911010742188;2472,909912109375;59,70280075073242;12,233540534973145;157,41221618652344;28,23253059387207;120,82499694824219;591,6033935546875;162,6300048828125;156,7100067138672;396,2350769042969;254,09934997558594;502,9800109863281;223,58169555664062;6460,259765625
2025-09-02;228,87454223632812;500,9979248046875;170,5528564453125;210,74879455566406;732,7084350585938;225,33999633789062;294,07415771484375;49,345088958740234;720,2630615234375;347,29248046875;111,45960235595703;155,6948699951172;174,99453735351562;300,7454528808594;730,582275390625;97,03302001953125;153,4767608642578;67,15802764892578;310,0301818847656;412,3382873535156;237,3800048828125;273,9985656738281;329,3599853515625;48,8350944519043;64,16999816894531;140,05355834960938;2379,760009765625;58,91272735595703;12,243406295776367;155,50245666503906;27,754013061523438;121,41100311279297;588,20458984375;162,32000732421875;157,08999633789062;395,7869873046875;250,73780822753906;501,1400146484375;222,76104736328125;6415,5400390625
2025-09-03;237,5923309326172;501,2260437011719;170,39305114746094;230,00384521484375;734,6421508789062;225,99000549316406;293,8877258300781;48,992767333984375;719,977294921875;348,086181640625;108,75790405273438;152,0677947998047;174,93557739257812;299,8494873046875;733,205810546875;98,60974884033203;153,65159606933594;67,08995819091797;310,64874267578125;411,4165954589844;232,3800048828125;274,5357666015625;334,0899963378906;49,6920166015625;64,04000091552734;140,0037078857422;2373,1201171875;59,47434616088867;12,14474868774414;154,03341674804688;27,744443893432617;122,61799621582031;589,6058349609375;162,1300048828125;154,89999389648438;397,1507263183594;254,29769897460938;501,489990234375;220,931884765625;6448,259765625
2025-09-04;238,8975067138672;503,82470703125;171,43167114257812;231,63919067382812;746,204345703125;235,67999267578125;298,1168212890625;49,54082489013672;738,0516357421875;348,2052001953125;109,2341079711914;151,7118377685547;175,6824951171875;302,2842712402344;738,25390625;100,08731079101562;154,64248657226562;66,37034606933594;311,2378234863281;416,4710998535156;230,75;280,8437805175781;338,5299987792969;48,82535171508789;62,349998474121094;139,99371337890625;2417,800048828125;59,45530700683594;12,2138090133667;157,3033905029297;27,916709899902344;125,74800109863281;591,9512329101562;161,7899932861328;156,13999938964844;403,3028259277344;241,96206665039062;506,9100036621094;220,48696899414062;6502,080078125
2025-09-05;238,807861328125;490,9605712890625;166,7978515625;234,33151245117188;749,9918823242188;232,3300018310547;288,85400390625;48,97987747192383;727,5164794921875;340,4968566894531;106,15339660644531;147,83462524414062;175,358154296875;307,1636047363281;722,65234375;99,67081451416016;155,4487762451172;66,08832550048828;308,67523193359375;419,3055725097656;229,61000061035156;277,8191223144531;350,8399963378906;49,72123336791992;63,119998931884766;142,7566680908203;2417,489990234375;60,892669677734375;12,046091079711914;157,43142700195312;28,356945037841797;124,38200378417969;580,6018676757812;151,13999938964844;153,11000061035156;410,4149169921875;248,65541076660156;499,7699890136719;230,17652893066406;6481,5
2025-09-08;237,0045166015625;494,13446044921875;168,0861358642578;233,5829620361328;749,8423461914062;235,83999633789062;287,41162109375;48,67479705810547;731,1036987304688;339,5841369628906;106,75592803955078;148,16172790527344;175,06333923339844;311,8968505859375;734,0106811523438;101,42603302001953;154,4676055908203;65,57292175292969;307,1239013671875;419,00823974609375;230,9499969482422;274,6551513671875;346,3999938964844;50,07179260253906;61,56999969482422;141,8489990234375;2346,9599609375;60,654693603515625;12,075688362121582;157,82542419433594;28,30909538269043;124,47599792480469;582,9671630859375;151,41000366210938;156,10000610351562;411,3847351074219;250,15277099609375;493,7799987792969;235,79251098632812;6495,14990234375
2025-09-09;233,48751831054688;494,34271240234375;170,53286743164062;239,16204833984375;763,1985473632812;238,24000549316406;292,2588806152344;49,49161911010742;752,8539428710938;341,2607421875;107,53338623046875;148,97950744628906;173,9134979248047;338,8451232910156;745,9057006835938;101,43595886230469;154,90476989746094;65,9910888671875;306,8489685058594;414,3600769042969;229,52000427246094;274,84423828125;346,9700012207031;50,0815315246582;59,97999954223633;142,57713317871094;2373,010009765625;58,8936882019043;12,164480209350586;156,26922607421875;28,270814895629883;126,32499694824219;580,38330078125;155,82000732421875;162,36000061035156;406,8784484863281;249,94451904296875;492,7200012207031;238,7883758544922;6512,60986328125
2025-09-10;225,955322265625;496,2867126464844;177,09413146972656;238,7029571533203;749,5233764648438;230,3300018310547;294,89837646484375;49,334163665771484;758,4320068359375;335,4372863769531;109,33129119873047;151,8080291748047;172,7636260986328;337,7348327636719;749,8905639648438;99,5716552734375;152,8550567626953;65,95218658447266;300,38836669921875;419,1371154785156;227,52000427246094;281,97796630859375;347,7900085449219;50,432090759277344;57,150001525878906;140,29295349121094;2348,989990234375;59,11262512207031;12,58870792388916;156,5548553466797;28,510072708129883;124,77100372314453;575,7919311523438;159,5399932861328;166,74000549316406;404,81146240234375;240,5341796875;490,0799865722656;324,6299743652344;6532,0400390625
2025-09-11;229,18341064453125;496,9214782714844;176,94430541992188;239,90060424804688;748,447021484375;229,9499969482422;299,8241271972656;49,94432067871094;773,362548828125;340,7646789550781;108,9814224243164;152,2506103515625;175,4269561767578;344,3866882324219;751,5401000976562;101,7929458618164;154,09848022460938;65,7576904296875;302,8331604003906;427,5315246582031;219,99000549316406;280,1373596191406;368,80999755859375;51,61036682128906;58,5;143,43495178222656;2338,199951171875;59,53145980834961;12,490049362182617;159,07627868652344;28,758899688720703;120,3499984741211;585,0840454101562;155,6699981689453;164,36000061035156;414,7938537597656;244,21304321289062;496,9100036621094;304,3906555175781;6587,47021484375
2025-09-12;233,2085418701172;505,7389221191406;177,593505859375;240,32977294921875;753,1216430664062;228,14999389648438;301,1488037109375;49,77701950073242;768,76025390625;336,7369079589844;109,00086975097656;151,15382385253906;174,99453735351562;343,31536865234375;750,65576171875;102,62593078613281;153,38931274414062;65,16448974609375;299,858154296875;427,6702880859375;215,94000244140625;280,2666931152344;395,94000244140625;51,999881744384766;56,11000061035156;140,6221160888672;2339,360107421875;59,4362678527832;12,460453033447266;159,39144897460938;28,73975944519043;118,84400177001953;576,8154907226562;158,57000732421875;171,42999267578125;414,0787048339844;240,7225799560547;493,739990234375;288,8873596191406;6584,2900390625
2025-09-15;235,82884216308594;511,1543884277344;177,52357482910156;251,11865234375;762,2018432617188;231,42999267578125;303,1014709472656;49,786861419677734;775,3631591796875;336,35992431640625;109,18550872802734;151,3462371826172;174,3459014892578;340,9534606933594;743,5008544921875;102,82426452636719;152,3498992919922;64,88031768798828;296,5885925292969;432,0508728027344;215,75;285,3309631347656;410,0400085449219;52,81785583496094;55,599998474121094;140,36276245117188;2335,820068359375;60,654693603515625;12,677499771118164;158,7906494140625;29,19913673400879;120,22599792480469;579,3497314453125;161,16000366210938;171,2100067138672;414,0982971191406;240,48460388183594;491,5400085449219;298,73516845703125;6615,27978515625
2025-09-16;237,2735137939453;504,885986328125;174,65724182128906;250,66954040527344;776,4551391601562;234,0500030517578;303,3860168457031;49,85574722290039;774,1510009765625;337,3321838378906;111,44988250732422;153,49171447753906;173,42210388183594;333,005126953125;759,9173583984375;102,5565185546875;153,53504943847656;64,90971374511719;297,7864685058594;436,7386779785156;215,02000427246094;291,4897155761719;421,6199951171875;52,32122802734375;56,79999923706055;140,66517639160156;2390,139892578125;60,388160705566406;12,766291618347168;161,66664123535156;29,371402740478516;120,0510025024414;582,7882690429688;160,4600067138672;170,25999450683594;412,8639831542969;237,30152893066406;490,989990234375;303,19427490234375;6606,759765625
2025-09-17;238,1104278564453;505,8579406738281;170,0730743408203;249,04270935058594;773,1858520507812;231,6199951171875;305,89794921875;50,58400344848633;782,715087890625;343,4532165527344;112,0427017211914;154,02084350585938;174,14935302734375;334,79864501953125;755,3660888671875;103,39942169189453;155,7499237060547;65,69364166259766;299,4359436035156;446,6395568847656;214,6300048828125;288,0372619628906;425,8599853515625;51,63957595825195;56,36000061035156;140,72506713867188;2446,320068359375;59,95981216430664;12,746560096740723;162,76976013183594;29,61066246032715;122,8499984741211;594,9227294921875;159,16000366210938;168,3300018310547;408,5046081542969;240,5954132080078;492,3299865722656;298,01336669921875;6600,35009765625
2025-09-18;237,0045166015625;504,30078125;176,01551818847656;251,537841796875;777,7011108398438;231,22999572753906;307,3501892089844;51,30241394042969;792,658935546875;335,4968566894531;110,72100830078125;152,81822204589844;171,1616973876953;328,14404296875;758,1484375;102,73501586914062;152,8258819580078;65,12528991699219;295,6755065917969;462,7940979003906;215,66000366210938;295,5888671875;416,8500061035156;51,29875564575195;57,25;143,3499298095703;2476,3701171875;58,99839782714844;12,638036727905273;165,59652709960938;29,495817184448242;120,77799987792969;582,4205932617188;157,9199981689453;176,97000122070312;408,974853515625;242,65162658691406;490,5;293,27734375;6631,9599609375
2025-09-19;244,59646606445312;513,703369140625;176,4449462890625;254,22259521484375;775,837158203125;231,47999572753906;308,8710632324219;51,42050552368164;793,3389282226562;338,89959716796875;109,64228057861328;150,28794860839844;173,15675354003906;329,97674560546875;747,2769775390625;101,47562408447266;151,58245849609375;65,09589385986328;296,8929748535156;462,37786865234375;215,64999389648438;299,6184387207031;426,07000732421875;52,13621139526367;57,0;142,4417266845703;2452,340087890625;59,37915802001953;12,450587272644043;164,33580017089844;29,601091384887695;122,6969985961914;580,5422973632812;157,38999938964844;182,38999938964844;407,2213134765625;245,44288635253906;492,8500061035156;305,1816711425781;6664,35986328125
2025-09-22;255,13751220703125;510,2518615722656;183,37612915039062;252,036865234375;763,1751098632812;227,6300048828125;306,5749816894531;51,09574508666992;793,890869140625;341,6278076171875;108,86480712890625;150,13401794433594;171,21083068847656;334,4948425292969;750,2184448242188;101,96153259277344;148,6973114013672;64,88031768798828;297,49188232421875;467,8882751464844;212,08999633789062;299,4990234375;434,2099914550781;52,769161224365234;57,4900016784668;143,13037109375;2460,659912109375;60,58806228637695;12,549245834350586;167,16256713867188;29,46710777282715;122,73699951171875;580,8703002929688;159,7899932861328;179,3300018310547;403,6064758300781;248,02554321289062;493,7099914550781;324,4519958496094;6693,75
2025-09-23;253,4936065673828;505,0744323730469;178,2027130126953;251,16856384277344;753,4404296875;220,7100067138672;306,8693542480469;50,87923812866211;794,6398315429688;336,0127258300781;110,74044036865234;151,45205688476562;173,54002380371094;340,7574157714844;742,29833984375;101,66403198242188;148,1436004638672;65,37027740478516;297,68829345703125;467,0557556152344;216,33999633789062;304,08575439453125;425,8500061035156;52,70100021362305;56,72999954223633;142,21217346191406;2494,35009765625;60,51190948486328;12,983338356018066;166,97543334960938;29,974332809448242;121,84700012207031;566,4402465820312;160,89999389648438;182,5500030517578;402,5386962890625;242,9297637939453;494,1000061035156;310,2933654785156;6656,919921875
2025-09-24;251,38140869140625;505,98687744140625;176,74456787109375;246,6573944091797;758,686767578125;220,2100067138672;307,53662109375;50,87923812866211;780,9510498046875;335,99285888671875;111,33326721191406;153,1453399658203;173,6481475830078;344,7952880859375;737,2005615234375;101,8722915649414;148,0658721923828;65,11549377441406;298,80755615234375;465,598876953125;215,10000610351562;298,78265380859375;442,7900085449219;54,47328186035156;58,040000915527344;141,3638153076172;2510,969970703125;60,79747772216797;13,269444465637207;170,9348602294922;29,71593475341797;120,3949966430664;565,287353515625;160,8800048828125;179,55999755859375;401,4219055175781;244,2509002685547;497,0899963378906;304,98388671875;6637,97021484375
2025-09-25;255,92462158203125;502,8923645019531;177,4636688232422;245,3100128173828;746,9672241210938;218,14999389648438;307,5660705566406;51,026851654052734;783,247314453125;332,2726135253906;112,33424377441406;154,62696838378906;174,67022705078125;338,6698913574219;710,1114501953125;102,18961334228516;147,8035888671875;64,65493774414062;296,8144226074219;459,5830078125;213,52999877929688;295,6784362792969;423,3900146484375;54,745941162109375;55,9900016784668;138,798828125;2492,25;62,28243637084961;12,934009552001953;167,12315368652344;29,266128540039062;120,8239974975586;563,7866821289062;161,27000427246094;179,1199951171875;399,1492004394531;239,34381103515625;494,9599914550781;288,0469055175781;6604,72021484375
2025-09-26;254,5198211669922;507,28619384765625;177,96302795410156;246,05853271484375;741,8206787109375;219,77999877929688;310,12701416015625;51,381141662597656;790,885009765625;334,69329833984375;113,91834259033203;154,0882110595703;176,61614990234375;337,2193908691406;719,9990234375;102,29869842529297;148,1436004638672;64,35115051269531;299,7010803222656;461,6048583984375;221,25999450683594;293,4895324707031;440,3999938964844;55,49575424194336;58,0099983215332;140,68515014648438;2468,419921875;61,682743072509766;12,904412269592285;166,650390625;29,409685134887695;121,06099700927734;561,630126953125;159,4600067138672;177,57000732421875;401,73541259765625;241,8072967529297;500,0299987792969;280,265625;6643,7001953125
2025-09-29;253,4936065673828;510,4005432128906;181,6183624267578;243,57342529296875;741,4715576171875;222,1699981689453;309,76397705078125;51,587806701660156;792,4716796875;337,4611511230469;111,00284576416016;150,18211364746094;178,49325561523438;338,2974853515625;721,956787109375;102,21936798095703;149,14414978027344;64,71372985839844;297,49188232421875;467,40264892578125;217,0800018310547;292,5033264160156;443,2099914550781;57,67701721191406;59,91999816894531;142,13232421875;2501,31005859375;62,748863220214844;12,677499771118164;162,80917358398438;29,65851402282715;120,64099884033203;564,62158203125;161,36000061035156;178,86000061035156;398,512451171875;243,46617126464844;499,25;279,5735168457031;6661,2099609375
2025-09-30;253,69288635253906;513,7233276367188;186,3423309326172;242,6252899169922;732,4749755859375;219,57000732421875;309,50885009765625;50,77098846435547;784,8142700195312;338,67144775390625;109,57425689697266;149,40281677246094;182,2278289794922;338,4150390625;758,2180786132812;102,19952392578125;149,26071166992188;64,98809814453125;298,3755798339844;472,8932189941406;215,8300018310547;299,665771484375;444,7200012207031;58,24181365966797;57,380001068115234;144,0885009765625;2336,93994140625;62,83453369140625;12,490049362182617;163,8531951904297;29,66808319091797;119,89199829101562;565,287353515625;161,7899932861328;182,4199981689453;396,9352111816406;235,42015075683594;502,739990234375;278,0706481933594;6688,4599609375
2025-10-01;254,5098419189453;515,4688720703125;187,0015106201172;244,42176818847656;715,4791259765625;220,6300048828125;304,8774719238281;49,87543487548828;774,1312866210938;345,07025146484375;108,83564758300781;148,71974182128906;182,8470001220703;341,3552551269531;820,2467651367188;101,10871124267578;148,8041534423828;65,43887329101562;295,06671142578125;476,5304870605469;215,1999969482422;299,72552490234375;459,4599914550781;58,94293212890625;56,880001068115234;148,22042846679688;2176,909912109375;63,10106658935547;12,450587272644043;163,9812469482422;29,266128540039062;117,08999633789062;570,2167358398438;164,00999450683594;184,9499969482422;388,9316711425781;234,118896484375;498,20001220703125;285,7530822753906;6711,2001953125
2025-10-02;256,18365478515625;511,53125;188,64939880371094;245,21022033691406;725,1639404296875;222,41000366210938;301,77679443359375;49,67860794067383;768,090087890625;343,2051696777344;108,15536499023438;147,55560302734375;182,7781982421875;346,66717529296875;814,711669921875;100,85088348388672;147,70643615722656;64,77252197265625;294,4383544921875;486,1934814453125;217,42999267578125;298,301025390625;436,0;59,186378479003906;59,45000076293945;149,3282470703125;2246,60009765625;63,072505950927734;12,273002624511719;166,30567932128906;28,940738677978516;116,25299835205078;573,754638671875;169,72999572753906;187,0500030517578;386,962646484375;237,28761291503906;495,9200134277344;285,525634765625;6715,35009765625
2025-10-03;257,07037353515625;513,1281127929688;187,38099670410156;244,87088012695312;708,7167358398438;219,50999450683594;304,21026611328125;49,836063385009766;778,5364990234375;347,0643310546875;110,06987762451172;147,72879028320312;185,39239501953125;353,0179748535156;834,6062622070312;101,21778869628906;147,92015075683594;65,31147766113281;295,51837158203125;493,4085693359375;216,3000030517578;295,86041259765625;429,8299865722656;60,345176696777344;60,22999954223633;150,70558166503906;2172,75;62,929725646972656;12,233540534973145;166,6306915283203;29,026870727539062;115,33200073242188;576,8553466796875;164,6699981689453;173,07000732421875;387,0115966796875;238,75775146484375;498,75;282,9154357910156;6715,7900390625
2025-10-06;255,74530029296875;524,256591796875;185,3036651611328;249,94094848632812;713,8035278320312;220,89999389648438;304,8511047363281;49,59003448486328;785,238037109375;346,5087890625;110,9833984375;148,1809539794922;184,92066955566406;351,6164855957031;839,7537841796875;101,842529296875;146,11329650878906;64,77252197265625;290,66802978515625;490,9605407714844;219,72999572753906;297,07574462890625;453,25;60,053043365478516;60,22999954223633;150,2265167236328;2154,219970703125;63,757869720458984;12,194076538085938;166,07913208007812;29,00773048400879;116,33100128173828;575,2255249023438;203,7100067138672;179,52999877929688;381,3983154296875;244,14161682128906;500,0199890136719;288,30401611328125;6740,27978515625
2025-10-07;255,53607177734375;519,7040405273438;184,80429077148438;245,2800750732422;711,230224609375;221,77999877929688;303,3819885253906;49,49161911010742;778,2113647460938;349,6238708496094;111,04171752929688;149,03721618652344;185,63809204101562;356,40899658203125;838,3426513671875;102,37802124023438;148,18243408203125;65,44866943359375;290,9429626464844;482,3678894042969;221,82000732421875;300,5821838378906;433,0899963378906;60,09199523925781;58,939998626708984;150,18658447265625;2187,570068359375;63,062984466552734;12,115150451660156;162,96676635742188;28,404796600341797;119,10600280761719;576,2490844726562;211,50999450683594;182,1699981689453;378,9296569824219;238,14187622070312;502,29998779296875;281,03680419921875;6714,58984375
2025-10-08;257,1102294921875;520,5669555664062;188,86911010742188;244,14230346679688;715,9779052734375;225,22000122070312;299,7732238769531;49,04876708984375;765,2615966796875;348,572265625;110,8084716796875;147,91159057617188;186,42433166503906;362,544189453125;840,4194946289062;102,04086303710938;146,38528442382812;64,79212188720703;289,0577697753906;497,6404113769531;225,32000732421875;301,3990783691406;438,69000244140625;62,448543548583984;59,40999984741211;151,69363403320312;2179,889892578125;64,44322967529297;12,036224365234375;165,24195861816406;28,586633682250977;121,42500305175781;572,8701171875;235,55999755859375;183,55999755859375;375,9712219238281;238,8272705078125;499,8399963378906;285,3773498535156;6753,72021484375
2025-10-09;253,1050262451172;518,1369018554688;192,32470703125;241,05833435058594;731,6072387695312;227,74000549316406;301,25225830078125;48,99956130981445;768,6616821289062;344,2865295410156;109,72974395751953;145,8911895751953;187,7904052734375;360,358642578125;849,9891967773438;100,92029571533203;146,27842712402344;65,03710174560547;288,4784851074219;495,8961486816406;216,0;298,201416015625;435,5400085449219;62,30247497558594;59,47999954223633;151,7535400390625;2275,0;63,77690505981445;11,799448013305664;163,16375732421875;28,395227432250977;123,10700225830078;561,7944946289062;232,88999938964844;185,47000122070312;369,9954833984375;243,6946258544922;496,739990234375;294,12298583984375;6735,10986328125
2025-10-10;244,3673095703125;506,7903137207031;182,92669677734375;236,10801696777344;703,4703979492188;216,3699951171875;296,6772155761719;47,877662658691406;753,2876586914062;340,9234619140625;107,61114501953125;143,25506591796875;187,4365997314453;347,4316101074219;828,2661743164062;100,98970031738281;145,41384887695312;65,69364166259766;291,62042236328125;486,9169616699219;210,72999572753906;290,3715515136719;413,489990234375;58,8747673034668;57,34000015258789;149,65760803222656;2133,669921875;62,29195785522461;11,444279670715332;151,27561950683594;27,55303955078125;122,00800323486328;554,7589111328125;214,89999389648438;175,44000244140625;368,094970703125;240,06895446777344;489,1300048828125;290,1612243652344;6552,509765625
2025-10-13;246,74851989746094;509,8551025390625;188,08013916015625;243,6732177734375;713,8433837890625;220,07000732421875;303,6580505371094;48,08432388305664;775,3829345703125;340,5762023925781;109,07861328125;146,17982482910156;187,6134796142578;351,5086975097656;814,2645874023438;101,26737976074219;143,27671813964844;65,45846557617188;294,6641540527344;500,25689697265625;215,55999755859375;296,3883972167969;435,8999938964844;62,458282470703125;59,349998474121094;150,64569091796875;2175,909912109375;64,881103515625;11,661325454711914;159,3422088623047;27,926279067993164;121,90299987792969;556,5103759765625;216,4199981689453;177,2100067138672;371,6412353515625;247,09182739257812;491,92999267578125;305,0674743652344;6654,72021484375
2025-10-14;246,8581085205078;509,3789978027344;179,80067443847656;244,97068786621094;706,8117065429688;216,38999938964844;297,85052490234375;49,2947998046875;759,594970703125;345,61590576171875;109,12720489501953;146,61276245117188;187,56436157226562;352,7533874511719;807,2587280273438;106,31487274169922;144,8990020751953;66,15421295166016;299,0334167480469;522,7643432617188;214,3000030517578;298,9285888671875;429,239990234375;60,510719299316406;59,689998626708984;151,0249481201172;2157,820068359375;64,93821716308594;11,631729125976562;159,30282592773438;27,84971809387207;121,53500366210938;565,1480102539062;218,08999633789062;179,74000549316406;379,8211364746094;238,1716766357422;495,9700012207031;296,1435241699219;6644,31005859375
2025-10-15;248,42233276367188;509,24017333984375;179,60093688964844;250,539794921875;715,6885986328125;215,57000732421875;301,40997314453125;51,45003128051758;756,8059692382812;342,947265625;108,46635437011719;146,34336853027344;187,87884521484375;353,94903564453125;821,3896484375;108,11968231201172;143,2086944580078;65,73284149169922;299,7109069824219;529,2855834960938;214,0;298,9684143066406;435,1499938964844;61,81558609008789;57,52000045776367;153,09091186523438;2048,35009765625;65,54743194580078;11,483743667602539;160,5142822265625;28,06026268005371;120,3290023803711;560,0629272460938;238,60000610351562;179,6199951171875;380,38934326171875;235,00296020507812;496,3900146484375;300,7193603515625;6671,06005859375
2025-10-16;246,53927612304688;507,4349670410156;181,57839965820312;250,9689483642578;710,2228393554688;214,47000122070312;294,360107421875;49,63923645019531;747,1085205078125;332,7389221191406;107,52367401123047;145,95852661132812;188,81248474121094;349,5583801269531;814,24462890625;105,58106231689453;145,32643127441406;66,23259735107422;299,7894287109375;536,1339721679688;211,88999938964844;298,68951416015625;428,75;60,97813415527344;56,56999969482422;153,120849609375;2043,06005859375;65,4427261352539;11,404817581176758;161,6075439453125;27,983701705932617;118,35900115966797;547,196044921875;234,55999755859375;178,1199951171875;379,4978942871094;244,3601531982422;488,80999755859375;310,009765625;6629,06982421875
2025-10-17;251,36146545410156;509,388916015625;182,9866180419922;252,80535888671875;715,0602416992188;213,0399932861328;293,3938293457031;50,465904235839844;739,8945922851562;339,17742919921875;109,07861328125;147,276611328125;189,8935546875;349,4897766113281;797,7984008789062;106,83053588867188;147,07501220703125;67,0655288696289;302,49932861328125;522,3778076171875;212,94000244140625;298,9883728027344;439,30999755859375;59,507728576660156;57,77000045776367;153,88934326171875;2024,97998046875;64,74783325195312;11,483743667602539;160,98704528808594;28,433507919311523;119,93599700927734;558,23193359375;233,0800018310547;178,14999389648438;383,9159851074219;241,4596405029297;492,4200134277344;288,5270080566406;6664,009765625
2025-10-20;261,27484130859375;512,5726928710938;182,4073486328125;256,04901123046875;730,2706909179688;216,47999572753906;298,1266174316406;51,213844299316406;752,2626953125;341,67742919921875;109,52565002441406;148,62351989746094;190,38494873046875;357,2126770019531;803,8900146484375;106,15621185302734;147,6190185546875;67,0655288696289;302,1851501464844;527,9536743164062;216,82000732421875;301,51861572265625;447,42999267578125;60,67626190185547;58,099998474121094;156,1848602294922;2102,110107421875;65,90914916992188;11,533071517944336;164,52294921875;28,92159652709961;123,85600280761719;563,5956420898438;240,55999755859375;181,58999633789062;380,9673156738281;252,5849609375;494,0799865722656;274,531982421875;6735,1298828125
2025-10-21;261,8028869628906;513,4356079101562;180,9292449951172;249,9709014892578;731,3678588867188;222,02999877929688;292,9303894042969;50,70209884643555;747,9855346679688;344,4552001953125;109,53536987304688;147,95968627929688;188,57662963867188;358,0848693847656;794,5587768554688;105,33314514160156;147,28871154785156;69,7896957397461;301,9004211425781;521,4633178710938;217,25999450683594;305,4534606933594;442,6000061035156;57,745182037353516;61,279998779296875;155,7257537841797;2142,050048828125;65,05243682861328;11,404817581176758;166,28598022460938;28,653627395629883;124,13500213623047;569,238037109375;238,02999877929688;181,50999450683594;382,93634033203125;261,65411376953125;491,2900085449219;272,5213928222656;6735,35009765625
2025-10-22;257,49884033203125;516,2920532226562;180,05035400390625;251,19850158691406;731,5074462890625;217,9499969482422;289,9920959472656;50,28876495361328;733,8138427734375;342,6198425292969;111,47904205322266;149,67221069335938;189,61839294433594;354,2822265625;807,338134765625;106,2454605102539;147,85214233398438;69,38792419433594;304,4826965332031;510,7885437011719;216,58999633789062;296,74700927734375;438,9700012207031;57,49200439453125;59,599998474121094;153,619873046875;2095,2099609375;66,40413665771484;11,572534561157227;166,7193603515625;28,73975944519043;111,63700103759766;568,5711669921875;230,22999572753906;175,49000549316406;381,0456848144531;254,92926025390625;491,80999755859375;270,05517578125;6699,39990234375
2025-10-23;258,6246337890625;516,3119506835938;181,92796325683594;252,58578491210938;732,095947265625;221,08999633789062;290,4161071777344;50,93828201293945;739,9044189453125;343,2151184082031;112,71326446533203;150,6246795654297;189,15646362304688;353,2630310058594;815,8941650390625;105,9677963256836;147,8618927001953;68,53541564941406;301,3996887207031;517,3385620117188;217,77000427246094;305,2143859863281;448,9800109863281;58,631324768066406;59,90999984741211;154,2786102294922;2148,320068359375;67,22276306152344;11,681057929992676;167,4678955078125;29,16085433959961;111,35900115966797;570,969482421875;234,99000549316406;180,47999572753906;377,1859436035156;253,34983825683594;490,1600036621094;277,3943786621094;6738,43994140625
2025-10-24;261,85272216796875;519,3370971679688;186,02273559570312;259,4124450683594;736,444580078125;224,2100067138672;296,2334899902344;51,73542785644531;772,5248413085938;344,6238708496094;112,13988494873047;149,66258239746094;187,12208557128906;355,2721252441406;820,276611328125;105,28355407714844;149,1697540283203;68,31002044677734;300,2410888671875;519,5549926757812;221,35000610351562;302,7040710449219;433,7200012207031;59,2642822265625;59,779998779296875;154,8574676513672;2161,110107421875;67,14661407470703;11,58240032196045;166,3943328857422;29,170425415039062;109,46900177001953;570,8699951171875;252,9199981689453;184,6300048828125;378,8023376464844;253,13131713867188;492,1000061035156;280,6231994628906;6791,68994140625
2025-10-27;267,8206481933594;527,1825561523438;191,24609375;268,744140625;748,872314453125;226,97000122070312;299,8915710449219;52,17828369140625;778,54638671875;345,06036376953125;112,67440032958984;149,3931884765625;187,02381896972656;358,6827392578125;821,2305297851562;103,5977554321289;148,4360809326172;68,65299224853516;304,37469482421875;523,86865234375;223,0;311,6396484375;452,4200134277344;59,42982482910156;62,63999938964844;156,8036651611328;2282,320068359375;67,51785278320312;11,700789451599121;184,8519287109375;29,447965621948242;109,45600128173828;569,5662841796875;259,6700134277344;189,17999267578125;377,4210510253906;253,76702880859375;488,07000732421875;278,711669921875;6875,16015625
2025-10-28;268,00994873046875;537,6463623046875;200,77392578125;266,94769287109375;749,49072265625;229,25;301,0845947265625;52,030662536621094;780,6160278320312;344,1476745605469;111,79002380371094;148,28680419921875;183,7118377685547;360,50567626953125;814,9601440429688;102,30860137939453;148,07412719726562;68,75099182128906;300,84002685546875;521,284423828125;223,3300018310547;308,6013488769531;460,54998779296875;60,21858596801758;60,779998779296875;157,3525848388672;2290,139892578125;68,52686309814453;11,710655212402344;178,30215454101562;29,591522216796875;110,25;563,167724609375;258,010009765625;189,60000610351562;377,8912658691406;252,56509399414062;481,44000244140625;278,1471252441406;6890,89013671875
2025-10-29;268,7073974609375;537,130615234375;206,77627563476562;274,0338439941406;749,7200927734375;230,3000030517578;301,2325134277344;51,745269775390625;771,7167358398438;338,5722351074219;113,17002868652344;149,22003173828125;183,3875274658203;348,176513671875;808,4313354492188;101,60453796386719;145,53076171875;66,97733306884766;296,863525390625;581,9337768554688;213,5800018310547;313,0740966796875;461,510009765625;61,19236755371094;59,459999084472656;156,66392517089844;2295,919921875;69,0884780883789;11,720521926879883;175,9777069091797;29,840349197387695;110,04100036621094;551,8731079101562;264,3299865722656;198,80999755859375;370,33837890625;249,78375244140625;475,760009765625;272,6699523925781;6890,58984375
2025-10-30;270,401123046875;521,4695434570312;202,63156127929688;280,93035888671875;664,7410888671875;222,86000061035156;305,10748291015625;52,1881217956543;778,7139282226562;342,29248046875;111,45960235595703;147,69992065429688;185,7953338623047;337,8760681152344;839,207275390625;101,37646484375;146,3231201171875;67,59468841552734;296,9420471191406;579,6080932617188;200,0800018310547;309,5576477050781;440,1000061035156;60,48150634765625;60,04999923706055;157,0032501220703;2360,760009765625;68,72675323486328;11,56266975402832;174,5889434814453;29,71593475341797;108,9000015258789;550,9775390625;254,83999633789062;194,5500030517578;371,81756591796875;254,93914794921875;478,5199890136719;254,43582153320312;6822,33984375
2025-10-31;269,37493896484375;513,5844116210938;202,23207092285156;280,640869140625;646,6680908203125;244,22000122070312;306,7639465332031;52,60145950317383;777,9353637695312;338,03656005859375;111,13890075683594;151,74069213867188;185,61843872070312;334,7496337890625;857,4522094726562;100,33522033691406;147,09591674804688;67,51628875732422;293,0146484375;573,7538452148438;201,02000427246094;307,7645568847656;456,55999755859375;60,140682220458984;61,58000183105469;159,06922912597656;2327,260009765625;68,28888702392578;11,483743667602539;178,17408752441406;29,830780029296875;111,88600158691406;549,2957763671875;256,1199951171875;200,47000122070312;371,8567810058594;258,6741027832031;477,5400085449219;260,1011657714844;6840,2001953125
2025-11-03;268,0597839355469;512,810791015625;206,61648559570312;283,16595458984375;636,0557250976562;254,0;305,01873779296875;52,709712982177734;774,14111328125;334,22698974609375;110,55580139160156;148,20021057128906;183,05337524414062;327,13458251953125;890,9111938476562;100,74179077148438;144,7970733642578;66,60497283935547;290,9920349121094;567,1243896484375;204,5500030517578;307,43585205078125;468,3699951171875;58,631324768066406;60,77000045776367;157,15298461914062;2316,39990234375;66,98479461669922;11,661325454711914;177,996826171875;30,165742874145508;110,00900268554688;541,4144287109375;259,6499938964844;207,17999267578125;370,6420593261719;259,597900390625;475,67999267578125;255,38665771484375;6851,97021484375
2025-11-04;269,046142578125;510,1327819824219;198,43690490722656;276,9980163574219;625,6926879882812;249,32000732421875;304,920166015625;52,69002914428711;779,374267578125;337,5999755859375;110,92508697509766;147,57484436035156;183,64305114746094;324,23358154296875;901,1763916015625;101,41612243652344;143,96559143066406;67,28112030029297;293,7804870605469;544,254150390625;198,0500030517578;303,03277587890625;444,260009765625;56,41110610961914;58,869998931884766;155,77566528320312;2305,68994140625;64,62409210205078;11,671192169189453;170,2355499267578;29,840349197387695;109,2959976196289;550,0520629882812;250,0500030517578;190,74000549316406;375,2756652832031;252,743896484375;487,6600036621094;245,7991180419922;6771,5498046875
2025-11-05;269,14581298828125;503,02130126953125;194,9613494873047;283,7547912597656;634,30029296875;250,1999969482422;307,3161315917969;51,617332458496094;781,6015014648438;337,34210205078125;110,4780502319336;146,87252807617188;182,7978515625;321,2051696777344;920,0076293945312;100,62279510498047;142,61563110351562;67,13412475585938;300,1232604980469;565,693115234375;197,6199951171875;303,93927001953125;462,07000732421875;57,745182037353516;60,20000076293945;158,00131225585938;2301,8798828125;65,73780059814453;11,977030754089355;177,0118865966797;30,720821380615234;109,84600067138672;550,6093139648438;256,3299865722656;187,89999389648438;366,2239074707031;250,99563598632812;488,7699890136719;247,91867065429688;6796,2900390625
2025-11-06;268,7771301269531;493,04339599609375;187,84043884277344;284,1939392089844;617,3344116210938;243,0399932861328;309,0317687988281;52,44399642944336;776,1713256835938;334,2864990234375;111,27495574951172;147,14190673828125;183,7511444091797;315,1484069824219;931,5648193359375;100,83104705810547;142,9482421875;67,6730728149414;292,9950256347656;566,3192749023438;196,5;304,0986633300781;445,9100036621094;58,465782165527344;58,79999923706055;158,12106323242188;2128,330078125;65,93770599365234;11,977030754089355;170,5901336669922;30,663400650024414;109,7020034790039;550,5795288085938;237,6999969482422;175,0500030517578;361,55108642578125;237,67503356933594;493,1499938964844;241,4708709716797;6720,31982421875
2025-11-07;267,48193359375;492,76568603515625;187,91030883789062;278,28546142578125;620,0972290039062;244,41000366210938;309,8106689453125;52,35542678833008;774,9492797851562;333,3539733886719;113,91834259033203;149,14306640625;183,35804748535156;317,74560546875;918,57666015625;101,73343658447266;143,7797088623047;69,13316345214844;294,2223205566406;559,6798095703125;194,61000061035156;306,0909729003906;429,5199890136719;59,274017333984375;60,70000076293945;157,41246032714844;2108,60009765625;65,99481964111328;12,687365531921387;168,31492614746094;30,912229537963867;110,36599731445312;549,27587890625;233,5399932861328;177,92999267578125;363,5495300292969;238,2809600830078;499,05999755859375;236,97422790527344;6728,7998046875
2025-11-10;268,6985778808594;501,8708190917969;198,7964630126953;289,5334777832031;630,1212158203125;248,39999389648438;312,4531555175781;52,57193374633789;785,6519165039062;332,1932373046875;114,89017486572266;149,74917602539062;185,1663818359375;315,1679992675781;960,581787109375;101,56487274169922;142,3319549560547;69,10375213623047;293,6725158691406;567,3827514648438;194,80999755859375;310,74310302734375;445,2300109863281;60,8904914855957;63,88999938964844;159,22891235351562;2092,0400390625;66,90863800048828;12,835351943969727;168,9846954345703;31,314186096191406;112,00700378417969;550,2610473632812;243,97999572753906;193,61000061035156;362,88336181640625;240,09877014160156;496,9800109863281;238,5292510986328;6832,43017578125
2025-11-11;274,5028076171875;504,5289001464844;192,91395568847656;290,7411193847656;625,4533081054688;249,10000610351562;311,2009582519531;52,77859878540039;798,5719604492188;336,23101806640625;116,40623474121094;150,31680297851562;190,49305725097656;320,9210205078125;982,4240112304688;102,57635498046875;145,30575561523438;70,17186737060547;301,26220703125;564,4804077148438;195,2100067138672;309,52777099609375;439,6199951171875;60,374393463134766;62,869998931884766;163,81993103027344;2099,570068359375;66,93719482421875;13,289176940917969;171,35836791992188;32,05110549926758;113,64399719238281;555,6246948242188;237,52000427246094;190,9600067138672;366,61578369140625;242,8701629638672;497,07000732421875;233,8939666748047;6846,60986328125
2025-11-12;272,7276611328125;506,96881103515625;193,55313110351562;286,15008544921875;607,43017578125;244,1999969482422;315,92388916015625;53,2509765625;826,8168334960938;336,8572082519531;114,79299926757812;147,50750732421875;191,04339599609375;332,2994689941406;1011,4011840820312;102,57635498046875;144,78729248046875;70,0738754272461;301,3702087402344;569,53955078125;195,5;307,83428955078125;430,6000061035156;61,65978240966797;61,77000045776367;164,6383514404297;2103,909912109375;67,68919372558594;12,805753707885742;174,00784301757812;31,792701721191406;115,75;558,4906616210938;258,8900146484375;184,1699981689453;363,5691223144531;244,38003540039062;502,3999938964844;224,82147216796875;6850,919921875
2025-11-13;272,2090759277344;499,1828918457031;186,62197875976562;278,0260314941406;608,3079223632812;237,5800018310547;305,1469421386719;52,030662536621094;793,8317260742188;334,0738830566406;115,44412231445312;149,68182373046875;191,88861083984375;325,8898620605469;1016,4593505859375;101,68387603759766;144,73838806152344;69,64270782470703;301,99859619140625;550,187744140625;194,5800018310547;303,0029296875;401,989990234375;60,12120819091797;62,84000015258789;163,00155639648438;2031,050048828125;67,62255859375;12,855083465576172;171,8705291748047;31,563011169433594;115,4229965209961;552,8582763671875;247,9600067138672;172,13999938964844;360,57147216796875;238,8272705078125;513,1099853515625;215,491455078125;6737,490234375
2025-11-14;271,6705322265625;506,0166320800781;189,92774963378906;275,8702087402344;607,8790283203125;234,69000244140625;299,3591003417969;51,7747917175293;779,4530639648438;328,0500793457031;116,94403839111328;151,6444854736328;192,55690002441406;315,44244384765625;1020,3505249023438;101,62438201904297;144,45469665527344;69,73090362548828;301,4586181640625;550,6649169921875;194,52000427246094;303,6504211425781;404,3500061035156;59,54667663574219;61,06999969482422;163,86985778808594;2048,889892578125;67,23228454589844;13,003069877624512;171,35836791992188;31,754419326782227;111,21700286865234;543,0663452148438;246,80999755859375;174,00999450683594;354,977783203125;242,03575134277344;508,94000244140625;220,7210235595703;6734,10986328125
2025-11-17;266,7339782714844;503,3486022949219;186,36231994628906;284,46337890625;600,4483642578125;232,8699951171875;296,1644592285156;50,6627311706543;764,325439453125;323,8055725097656;115,36568450927734;148,9506378173828;196,14405822753906;314,129150390625;1016,7877807617188;102,09043884277344;142,64498901367188;69,26054382324219;299,3672180175781;548,6968994140625;191,80999755859375;298,9784240722656;408,9200134277344;58,38787841796875;58,880001068115234;164,93775939941406;2057,719970703125;67,09901428222656;12,94387435913086;164,2373046875;31,371606826782227;110,29000091552734;534,2296752929688;240,52000427246094;171,25;350,7359924316406;235,449951171875;503,260009765625;217,75958251953125;6672,41015625
2025-11-18;266,7139892578125;489,7604064941406;181,12899780273438;283,724853515625;596,1395874023438;222,5500030517578;295,2179260253906;50,8201904296875;765,0546264648438;319,2628479003906;116,68914031982422;149,44679260253906;196,55682373046875;307,3275451660156;1025,0975341796875;100,54346466064453;143,7895050048828;69,7896957397461;299,0628662109375;543,558349609375;189,6300048828125;294,8742370605469;401,25;57,199867248535156;60,439998626708984;166,14540100097656;2058,81005859375;66,38509368896484;12,953741073608398;162,57278442382812;31,30461311340332;114,08999633789062;525,0049438476562;230,2899932861328;167,3300018310547;329,62506103515625;231,94346618652344;504,3699951171875;218,38356018066406;6617,31982421875
2025-11-19;267,83099365234375;483,1448669433594;186,28240966796875;292,2381896972656;588,7886352539062;222,69000244140625;299,02386474609375;51,194156646728516;774,6043090820312;322,1853332519531;115,04218292236328;147,57894897460938;199,02362060546875;302,92706298828125;1044,5535888671875;99,76998138427734;143,7895050048828;69,6819076538086;297,2464294433594;549,75048828125;185,6999969482422;299,665771484375;403,989990234375;58,280757904052734;61,459999084472656;164,89785766601562;2077,179931640625;66,09000396728516;12,845218658447266;163,6069793701172;31,09406852722168;110,0;527,7713012695312;223,5500030517578;165,4199981689453;327,68536376953125;226,36094665527344;501,260009765625;223,37542724609375;6642,16015625
2025-11-20;265,5272521972656;475,4139099121094;180,40989685058594;288,884765625;587,6217041015625;217,13999938964844;294,2023620605469;50,19034957885742;762,4923095703125;321,8373718261719;114,71866607666016;146,22669982910156;199,573974609375;305,3282470703125;1038,2740478515625;106,21570587158203;144,96337890625;69,77989959716797;298,64068603515625;542,8129272460938;179,3800048828125;289,5049133300781;395,2300109863281;55,92421340942383;59,36000061035156;163,91976928710938;1899,75;65,47127532958984;12,608439445495605;157,18521118164062;30,5294132232666;105,66999816894531;525,3034057617188;206,02000427246094;155,7449951171875;325,60858154296875;223,86767578125;501,1199951171875;208,6772003173828;6538,759765625
2025-11-21;270,75299072265625;469,1436462402344;178,6521453857422;299,0747985839844;592,70849609375;220,69000244140625;293,84735107421875;50,74146270751953;762,8175659179688;326,02227783203125;114,7774887084961;145,90567016601562;200,38967895507812;313,5901184082031;1054,60498046875;104,4406509399414;147,63394165039062;71,48495483398438;303,7364807128906;547,0867309570312;179,6999969482422;286,33709716796875;391,0899963378906;56,85904312133789;62,880001068115234;167,193359375;1951,780029296875;66,6230697631836;12,58870792388916;160,8393096923828;30,65382957458496;104,30999755859375;537,7623901367188;203,77999877929688;154,85000610351562;336,32568359375;225,59608459472656;504,0400085449219;196,8611602783203;6602,990234375
2025-11-24;275,1710205078125;471,0118408203125;182,31747436523438;317,9578552246094;611,4596557617188;226,27999877929688;293,8276672363281;51,105587005615234;779,2559814453125;327,3343811035156;113,68932342529297;145,68190002441406;202,50267028808594;312,6884460449219;1065,014892578125;103,19116973876953;143,7797088623047;71,1321792602539;299,3672180175781;556,2010498046875;179,1199951171875;292,92169189453125;417,7799987792969;58,43656539916992;61,65999984741211;169,37908935546875;2008,9200439453125;67,0799789428711;12,578842163085938;162,57278442382812;30,816526412963867;106,97000122070312;535,2247924804688;215,0500030517578;162,25;329,7229919433594;225,3080291748047;507,80999755859375;198,36663818359375;6705,1201171875
2025-11-25;276,2181701660156;473,9829406738281;177,593505859375;322,8083801269531;634,569580078125;229,6699981689453;298,7576599121094;51,646854400634766;790,69775390625;332,5331726074219;112,25802612304688;144,49505615234375;204,401611328125;319,7743225097656;1104,6033935546875;106,10662078857422;145,25685119628906;71,15178680419922;304,8165283203125;563,1685180664062;182,44000244140625;292,3140563964844;419,3999938964844;59,040313720703125;63,189998626708984;171,99398803710938;2055,0;67,65111541748047;12,450587272644043;160,8393096923828;31,151485443115234;104,4000015258789;543,8026733398438;206,1300048828125;163,5500030517578;343,91778564453125;232,55934143066406;508,57000732421875;195,14768981933594;6765,8798828125
2025-11-26;276,79656982421875;482,4393005371094;180,03036499023438;319,3252258300781;631,9663696289062;229,16000366210938;303,33270263671875;52,14875793457031;804,1895141601562;331,7975769042969;112,51292419433594;145,44842529296875;205,28182983398438;323,13592529296875;1099,030517578125;108,18910217285156;145,02207946777344;71,41636657714844;306,73114013671875;570,2451782226562;186,9199981689453;295,48187255859375;426,5799865722656;60,62757110595703;62,97999954223633;173,32139587402344;2033,3199462890625;68,72675323486328;12,490049362182617;162,6515655517578;32,03196334838867;106,13999938964844;542,270263671875;214,24000549316406;165,77000427246094;348,2281799316406;226,62913513183594;511,2300109863281;203,00193786621094;6812,60986328125
2025-11-28;278,0930480957031;488,9082946777344;176,7745361328125;319,55474853515625;646,2691650390625;233,22000122070312;308,6965026855469;52,79828643798828;814,0741577148438;332,4437255859375;113,64029693603516;147,02444458007812;204,64886474609375;323,1947326660156;1070,2991943359375;109,58732604980469;144,9340362548828;71,65154266357422;306,1616516113281;572,262939453125;189,0;297,30487060546875;430,1700134277344;62,61408996582031;63,630001068115234;173,49105834960938;2071,780029296875;68,48877716064453;12,371661186218262;165,55711364746094;32,16594696044922;107,58000183105469;547,8429565429688;217,52999877929688;168,4499969482422;349,6486511230469;229,00320434570312;513,8099975585938;200,02069091796875;6849,08984375
2025-12-01;282,3315124511719;483,6714782714844;179,69081115722656;314,2751159667969;639,20751953125;233,8800048828125;304,59478759765625;52,39479064941406;799,1140747070312;328,41790771484375;114,33634185791016;148,39610290527344;203,08619689941406;316,7655029296875;1052,8037109375;110,59880828857422;144,22970581054688;71,00025177001953;299,8499755859375;564,609619140625;186,4600067138672;287,3432312011719;430,1400146484375;63,159400939941406;64,5999984741211;169,77830505371094;2064,550048828125;68,50782012939453;12,381526947021484;165,50787353515625;31,964967727661133;109,12999725341797;541,3148803710938;219,75999450683594;167,49000549316406;350,0502624511719;231,27793884277344;508,54998779296875;199,0203399658203;6812,6298828125
2025-12-02;285,4131164550781;486,91094970703125;181,22886657714844;315,1932678222656;645,42138671875;234,4199981689453;303,5693054199219;52,3455810546875;807,3839111328125;327,6524658203125;113,11092376708984;146,1683349609375;203,1653289794922;318,0690002441406;1041,09033203125;111,4714584350586;142,68411254882812;69,73715209960938;297,034912109375;578,93212890625;205,3800048828125;288,20989990234375;429,239990234375;62,95490646362305;64,86000061035156;168,89004516601562;2115,909912109375;68,86001586914062;12,44072151184082;168,1278076171875;32,56789779663086;109,3499984741211;543,2454833984375;215,24000549316406;170,69000244140625;346,8175048828125;233,1454315185547;506,6499938964844;199,17881774902344;6829,3701171875
2025-12-03;283,3786315917969;474,7182922363281;179,3612518310547;319,0058288574219;637,9408569335938;232,3800048828125;307,75982666015625;53,231300354003906;828,538818359375;327,64251708984375;115,48333740234375;147,471923828125;203,07630920410156;332,9365234375;1028,5906982421875;113,45476531982422;143,51560974121094;69,87529754638672;303,9392395019531;587,8973388671875;202,5399932861328;287,383056640625;446,739990234375;65,70097351074219;69,41000366210938;171,8941650390625;2119,830078125;70,70669555664062;12,628171920776367;172,4319610595703;32,730594635009766;103,95999908447266;551,0272216796875;217,60000610351562;176,0800018310547;350,6184387207031;237,12867736816406;503,6000061035156;205,74546813964844;6849,72021484375
2025-12-04;279,9380187988281;477,8086853027344;183,15660095214844;316,999755859375;659,81396484375;229,11000061035156;311,6742248535156;53,30018615722656;829,7868041992188;325,1475524902344;114,83631134033203;148,12371826171875;200,25759887695312;326,8405456542969;1009,6123657226562;113,88116455078125;142,1949920654297;69,52005004882812;304,7590637207031;595,5108642578125;201,8699951171875;290,7401123046875;454,5299987792969;65,43804931640625;70,26000213623047;171,77439880371094;2139,56005859375;70,18315887451172;12,707097053527832;172,60025024414062;33,22825241088867;103,22000122070312;539,6630249023438;215,97999572753906;177,9199981689453;346,2408142089844;245,8104248046875;503,2300109863281;212,2824249267578;6857,1201171875
2025-12-05;278,0232238769531;480,11407470703125;182,1877899169922;320,6426086425781;671,673095703125;229,52999877929688;310,6290588378906;53,36943435668945;846,3561401367188;329,2627868652344;114,24811553955078;145,9251251220703;199,713623046875;324,31201171875;1005,4524536132812;114,14891815185547;140,32656860351562;69,07598876953125;307,4161376953125;599,5064086914062;201,88999938964844;282,8505554199219;455,0;66,22681427001953;71,20999908447266;170,82627868652344;2066,419921875;69,54537963867188;11,967164993286133;173,0556182861328;31,13234519958496;100,23999786376953;542,8572998046875;217,97000122070312;181,75999450683594;349,6324768066406;258,8330383300781;504,3399963378906;215,50135803222656;6870,39990234375
2025-12-08;277,13568115234375;487,9245300292969;185,323974609375;313,3121643066406;665,0702514648438;226,88999938964844;310,79669189453125;53,319969177246094;858,3696899414062;324,8890686035156;113,6991195678711;144,67018127441406;199,4070281982422;319,2998352050781;992,793701171875;112,61184692382812;135,32785034179688;69,32269287109375;305,9937744140625;592,876953125;206,27000427246094;286,08807373046875;439,5799865722656;65,67176055908203;69,16999816894531;169,6186065673828;2088,360107421875;69,50730895996094;12,075688362121582;173,55059814453125;31,3428955078125;96,79000091552734;537,8021850585938;221,11000061035156;181,49000549316406;344,99847412109375;257,79998779296875;497,2300109863281;218,43309020996094;6846,509765625
2025-12-09;276,4275817871094;488,9181823730469;184,7446746826172;316,66778564453125;655,2557983398438;227,9199981689453;296,30255126953125;52,963844299316406;868,164794921875;324,55108642578125;115,92448425292969;144,45614624023438;197,7652587890625;319,28009033203125;977,4974975585938;114,09933471679688;136,58975219726562;69,16480255126953;306,98150634765625;590,7498779296875;200,3699951171875;284,21527099609375;445,1700134277344;65,14591979980469;68,73999786376953;166,76419067382812;2074,47998046875;70,8209228515625;12,154614448547363;174,2336883544922;31,333328247070312;96,70999908447266;534,9262084960938;221,6199951171875;181,83999633789062;340,423583984375;259,2799987792969;491,42999267578125;219,41363525390625;6840,509765625
2025-12-10;278,0232238769531;475,5430603027344;183,55612182617188;319,7937316894531;648,4434814453125;231,77999877929688;305,7680969238281;53,4980354309082;880,7032470703125;323,78570556640625;117,1891098022461;147,29681396484375;204,2730255126953;323,9864196777344;988,8626708984375;112,23503112792969;136,775634765625;69,28321838378906;306,72467041015625;611,6124877929688;198,72000122070312;282,5118408203125;451,45001220703125;66,66500854492188;68,91999816894531;168,6005859375;1970,72998046875;72,57240295410156;12,06582260131836;180,38137817382812;31,362037658691406;92,70999908447266;536,2297973632812;221,4199981689453;187,91000366210938;346,2013244628906;262,4388122558594;490,42999267578125;220,87948608398438;6886,68017578125
2025-12-11;277,2752685546875;480,422119140625;180,70957946777344;312,02386474609375;651,016845703125;230,27999877929688;312,9363098144531;53,972869873046875;902,2840576171875;343,56689453125;117,1891098022461;146,6255645751953;207,70494079589844;332,2348327636719;1004,5269775390625;114,55548858642578;137,69515991210938;68,19773864746094;305,9147033691406;621,8101196289062;200,7100067138672;287,3133239746094;446,8900146484375;67,33692169189453;67,87999725341797;169,94798278808594;2019,81005859375;73,04835510253906;11,986896514892578;179,4508056640625;31,73527717590332;94,08999633789062;560,6202392578125;221,42999267578125;187,5399932861328;352,4424743652344;260,6011657714844;495,8500061035156;196,95030212402344;6901,0
2025-12-12;277,52459716796875;475,51324462890625;174,80679321289062;308,887939453125;642,5587768554688;226,19000244140625;314,06036376953125;54,54662322998047;879,435546875;345,7537536621094;116,4832763671875;145,91539001464844;209,25772094726562;337,2765808105469;1022,56982421875;115,96153259277344;139,72987365722656;69,58912658691406;312,8388366699219;594,2584838867188;204,3800048828125;298,6596374511719;458,9599914550781;66,35340118408203;67,69999694824219;169,08966064453125;2015,8900146484375;72,02031707763672;12,016494750976562;176,5006866455078;31,888404846191406;95,19000244140625;569,1383666992188;210,77999877929688;183,57000732421875;354,60174560546875;260,48199462890625;499,5199890136719;188,15513610839844;6827,41015625
2025-12-15;273,3658752441406;471,82666015625;176,07522583007812;307,8193359375;646,3570556640625;222,5399932861328;315,5393371582031;54,734580993652344;881,0499267578125;344,81939697265625;115,44412231445312;145,73056030273438;211,81927490234375;336,5464782714844;1057,0830078125;116,05097198486328;141,9700164794922;70,03318786621094;314,82421875;586,1779174804688;205,5;299,82513427734375;475,30999755859375;66,95714569091797;67,41000366210938;169,04974365234375;1966,760009765625;72,17261505126953;12,016494750976562;177,46096801757812;32,13723373413086;93,7699966430664;566,3521118164062;207,5800018310547;183,25;351,9790954589844;252,88296508789062;506,3800048828125;183,1533660888672;6816,509765625
2025-12-16;273,8645324707031;473,38677978515625;177,5034942626953;306,1714782714844;655,9798583984375;222,55999755859375;311,1319274902344;54,220176696777344;870,7100830078125;343,0500183105469;112,42469024658203;142,76339721679688;207,0027313232422;329,7386169433594;1049,2210693359375;114,68963623046875;142,04827880859375;69,44110870361328;310,64605712890625;585,3529052734375;206,7100067138672;297,58380126953125;489,8800048828125;66,53842163085938;66,0;167,9636688232422;1933,719970703125;72,33442687988281;11,631729125976562;174,35247802734375;31,196407318115234;94,56999969482422;563,2572631835938;209,1699981689453;187,75;347,72955322265625;253,21075439453125;499,8399963378906;186,84774780273438;6800,259765625
2025-12-17;271,1020812988281;473,1184387207031;170,73175048828125;296,3342590332031;648,343505859375;221,27000427246094;310,5699157714844;53,962974548339844;863,9556274414062;342,35418701171875;115,10100555419922;145,4581756591797;208,02142333984375;327,2029113769531;1036,7811279296875;114,92813110351562;144,59165954589844;69,73715209960938;314,7846984863281;558,4771728515625;206,3300018310547;291,0588684082031;467,260009765625;66,94740295410156;66,61000061035156;167,38417053222656;1916,280029296875;73,47671508789062;11,611998558044434;170,61041259765625;30,604068756103516;94,79000091552734;562,7099609375;198,11000061035156;177,2899932861328;351,742431640625;256,41925048828125;504,2699890136719;176,75509643554688;6721,43017578125
2025-12-18;271,45111083984375;480,92889404296875;173,9278564453125;302,0668029785156;663,2669067382812;226,75999450683594;308,6176452636719;53,67609405517578;867,887451171875;343,94464111328125;114,24811553955078;143,67787170410156;206,02359008789062;323,7594909667969;1051,798583984375;114,1033706665039;142,3515167236328;69,43123626708984;315,73291015625;562,3932495117188;208,27000427246094;300,5324401855469;483,3699951171875;67,33692169189453;68,33999633789062;166,04534912109375;1964,4599609375;73,89553833007812;11,56266975402832;172,44186401367188;30,77189826965332;94,0;563,4463500976562;201,05999755859375;185,69000244140625;350,0071716308594;256,54461669921875;503,3900146484375;178,3101043701172;6774,759765625
2025-12-19;272,9271545410156;482,8566589355469;180,76953125;306,7607116699219;657,5969848632812;227,35000610351562;312,7686767578125;54,675228118896484;884,9024658203125;347,1653137207031;114,3951644897461;143,73623657226562;204,1049041748047;323,0491027832031;1066,28857421875;113,6363525390625;141,31460571289062;69,13520050048828;311,9696350097656;572,7201538085938;214,0800018310547;306,03125;481,20001220703125;68,45677185058594;69,4800033569336;170,05184936523438;1997,6099853515625;74,5523452758789;11,592266082763672;173,4912109375;30,77189826965332;94,38999938964844;569,4369506835938;213,42999267578125;193,3800048828125;340,1573791503906;258,59417724609375;494,5299987792969;190,13601684570312;6834,5
2025-12-22;270,23443603515625;481,8630065917969;183,4662322998047;309,3773193359375;660,3220825195312;228,42999267578125;318,56634521484375;55,278663635253906;890,3695068359375;349,98834228515625;115,82645416259766;145,73056030273438;205,04446411132812;320,81927490234375;1071,3043212890625;111,88748168945312;139,58314514160156;69,28321838378906;312,3449401855469;578,87255859375;216,83999633789062;313,52239990234375;488,7300109863281;70,64778137207031;68,25;172,61962890625;1993,6500244140625;76,24671936035156;11,56266975402832;172,47154235839844;30,57444953918457;93,2300033569336;572,8900756835938;214,9499969482422;193,97999572753906;341,52789306640625;263,290283203125;499,95001220703125;196,48480224609375;6878,490234375
2025-12-23;271,62066650390625;483,78082275390625;188,97952270507812;313,94134521484375;663,7559814453125;232,13999938964844;321,3666076660156;55,36769485473633;893,0535888671875;351,2706298828125;117,07147216796875;146,4212646484375;203,52137756347656;320,46405029296875;1066,4876708984375;110,1982421875;140,06246948242188;68,94771575927734;307,0308837890625;578,8824462890625;216,85000610351562;314,3193054199219;485,55999755859375;72,00133514404297;67,0199966430664;171,95021057128906;1995,0699462890625;77,07486724853516;11,671192169189453;172,9962158203125;31,245765686035156;93,5;573,5368041992188;214,89999389648438;194,1300048828125;340,1278076171875;262,0963439941406;500,510009765625;193,4738311767578;6909,7900390625
2025-12-24;273,06671142578125;484,94342041015625;188,38023376464844;313,6816711425781;666,3613891601562;232,3800048828125;324,561279296875;55,64468002319336;902,0364379882812;353,0201721191406;116,87540435791016;146,4115447998047;205,49942016601562;323,20697021484375;1071,802001953125;110,90374755859375;141,34393310546875;69,18453979492188;309,4903869628906;580,21435546875;218,16000366210938;315,53466796875;485,3999938964844;71,81631469726562;68,04000091552734;173,09921264648438;1998,2099609375;76,99871063232422;11,671192169189453;173,0160369873047;31,147043228149414;93,63999938964844;576,6217041015625;215,0399932861328;194,1699981689453;342,46453857421875;263,9170837402344;501,3399963378906;195,60330200195312;6932,0498046875
2025-12-26;272,6578369140625;484,6354064941406;190,2978973388672;313,10247802734375;662,10888671875;232,52000427246094;323,3188781738281;55,56553649902344;898,332275390625;352,8809814453125;116,767578125;145,944580078125;205,35107421875;327,40020751953125;1072,5682373046875;111,03292846679688;141,58851623535156;68,94771575927734;306,8728332519531;579,4589233398438;216,44000244140625;313,9308166503906;475,19000244140625;73,72492218017578;67,4800033569336;171,88026428222656;2005,7099609375;78,28376770019531;11,394951820373535;173,0556182861328;31,324745178222656;94,47000122070312;576,77099609375;214,99000549316406;188,7100067138672;344,87030029296875;264,73291015625;498,29998779296875;196,09852600097656;6929,93994140625
2025-12-29;273,0168762207031;484,02923583984375;187,99070739746094;313,15240478515625;657,5171508789062;232,07000732421875;319,2171325683594;54,754364013671875;883,614990234375;352,4933166503906;118,1596450805664;146,8882293701172;205,28182983398438;324,548828125;1073,5435791015625;111,81793212890625;141,42222595214844;69,23387908935547;304,7491760253906;575,0956420898438;217,25;310,73944091796875;459,6400146484375;71,0665054321289;67,58000183105469;170,61135864257812;2014,969970703125;76,53228759765625;11,43441390991211;171,68946838378906;31,018705368041992;94,1500015258789;575,079345703125;215,61000061035156;184,17999267578125;342,572998046875;264,8821716308594;501,04998779296875;193,51345825195312;6905,740234375
2025-12-30;272,33868408203125;484,4068603515625;187,31153869628906;313,4420166015625;664,7642211914062;232,52999877929688;318,89178466796875;54,68511962890625;875,929443359375;351,50921630859375;118,610595703125;148,17237854003906;204,6389617919922;327,7257995605469;1074,5587158203125;111,21178436279297;140,9135284423828;69,14507293701172;304,25531005859375;573,883056640625;218,5;310,9488830566406;454,42999267578125;72,25446319580078;66,4800033569336;168,7429962158203;2020,8800048828125;76,64651489257812;11,700789451599121;171,90725708007812;31,68832778930664;93,77999877929688;574,6016235351562;215,33999633789062;180,83999633789062;341,48846435546875;264,5737609863281;503,7099914550781;195,3259735107422;6896,240234375
2025-12-31;271,12200927734375;480,5711669921875;186,27279663085938;312,5931091308594;658,9146728515625;230,82000732421875;317,70855712890625;54,40813064575195;870,5615234375;348,6165771484375;117,97337341308594;148,2696533203125;204,67852783203125;325,70318603515625;1069,5130615234375;110,70502471923828;140,1896209716797;68,9871826171875;301,8847351074219;569,3904418945312;217,1199951171875;307,1990051269531;449,7200012207031;71,54686737060547;65,37000274658203;168,62310791015625;2014,260009765625;76,18009185791016;11,690924644470215;169,33335876464844;31,47040367126465;93,76000213623047;568,0935668945312;214,16000366210938;177,75;339,27001953125;263,56884765625;502,6499938964844;193,04794311523438;6845,5
2026-01-02;270,27435302734375;469,95849609375;188,6199493408203;314,74029541015625;649,2518920898438;226,5;320,92291259765625;55,3479118347168;905,5623168945312;344,411865234375;120,23796081542969;151,6648406982422;205,0741424560547;331,9092102050781;1075,165771484375;112,04647827148438;138,70274353027344;68,20761108398438;299,5437927246094;594,7753295898438;227,77000427246094;319,88470458984375;438,07000732421875;72,81256103515625;63,06999969482422;168,8529052734375;1973,699951171875;77,51274108886719;11,759984016418457;171,24398803710938;31,89634895324707;90,98999786376953;560,3814086914062;223,47000122070312;167,86000061035156;340,96588134765625;252,3360137939453;496,8500061035156;193,84030151367188;6858,47021484375
2026-01-05;266,5345458984375;469,86907958984375;187,89083862304688;316,1285095214844;657,616943359375;233,05999755859375;329,3630676269531;56,27779006958008;939,3348999023438;351,6881408691406;122,89466094970703;159,39889526367188;202,0675048828125;337,4541931152344;1036,5025634765625;111,99679565429688;137,3136444091797;67,04318237304688;296,1854553222656;612,35791015625;228,1300048828125;323,4450988769531;451,6700134277344;76,39041137695312;66,69000244140625;167,1943359375;2148,6201171875;79,20711517333984;11,58240032196045;174,5405731201172;32,48078536987305;91,45999908447266;565,7948608398438;221,0800018310547;174,0399932861328;339,2601623535156;254,962646484375;498,5199890136719;190,75009155273438;6902,0498046875
2026-01-06;261,6477966308594;475,493408203125;187,0119171142578;313,9313659667969;659,4437255859375;240,92999267578125;331,41326904296875;56,63391876220703;946,2974243164062;355,42572021484375;118,66941833496094;152,28744506835938;202,542236328125;344,3114013671875;1058,9241943359375;113,61647033691406;136,86366271972656;66,94450378417969;299,0597839355469;619,3054809570312;229,83999633789062;326,6563720703125;432,9599914550781;77,80559539794922;70,08000183105469;171,09095764160156;2187,0400390625;81,12994384765625;11,414682388305664;180,6189422607422;32,797767639160156;90,6500015258789;577,5073852539062;214,35000610351562;179,7100067138672;344,3871765136719;261,56903076171875;499,04998779296875;191,89903259277344;6944,81982421875
2026-01-07;259,6233215332031;480,422119140625;188,87962341308594;321,56146240234375;647,5349731445312;241,55999755859375;323,8660583496094;55,04124450683594;931,9861450195312;353,7557373046875;116,15975952148438;150,98385620117188;205,2126007080078;337,13848876953125;1102,762451171875;112,0067367553711;135,0343780517578;66,6484603881836;300,4327697753906;592,8968505859375;228,1199951171875;322,76690673828125;431,4100036621094;75,64295196533203;70,36000061035156;176,58616638183594;2162,610107421875;80,79676818847656;11,385085105895996;178,3816375732422;32,39163589477539;90,7300033569336;577,0894165039062;210,02000427246094;181,67999267578125;344,1603698730469;264,772705078125;496,1199951171875;190,99771118164062;6920,93017578125
2026-01-08;258,3368225097656;475,09588623046875;184,8145751953125;325,0169372558594;644,9096069335938;246,2899932861328;326,63934326171875;55,575435638427734;925,8555297851562;350,1275329589844;120,49284362792969;154,92384338378906;203,49169921875;342,2197265625;1079,972412109375;112,3545150756836;138,44839477539062;68,45430755615234;305,0949401855469;604,4363403320312;227,3800048828125;313,59173583984375;435,79998779296875;75,36389923095703;69,18000030517578;172,1100616455078;2179,800048828125;80,13996887207031;11,641595840454102;180,04476928710938;32,56993865966797;90,52999877929688;577,2387084960938;204,67999267578125;176,86000061035156;354,51300048828125;259,2110290527344;499,7699890136719;187,8381805419922;6921,4599609375
2026-01-09;258,6659240722656;476,2585144042969;184,63479614257812;328,14288330078125;651,8970947265625;247,3800048828125;326,0450744628906;55,248985290527344;929,9656982421875;347,68218994140625;122,15940856933594;157,70614624023438;202,14663696289062;339,3880310058594;1058,446533203125;113,8052749633789;138,78099060058594;69,57926177978516;303,5540466308594;613,86865234375;234,52999877929688;320,7224426269531;445,010009765625;77,27739715576172;68,38999938964844;172,2399444580078;2178,409912109375;77,2271728515625;11,720521926879883;175,99581909179688;32,74824142456055;89,45999908447266;573,591064453125;203,1699981689453;177,49000549316406;369,38134765625;258,6240234375;499,1000061035156;197,14321899414062;6966,27978515625
2026-01-12;259,54351806640625;474,1717529296875;184,71470642089844;331,4285888671875;640,826904296875;246,47000122070312;321,3899841308594;54,59608840942383;940,4342041015625;341,15142822265625;121,59081268310547;157,92990112304688;207,4181365966797;335,9643859863281;1075,8026123046875;117,2235107421875;140,33639526367188;69,56939697265625;302,9909973144531;625,9448852539062;239,80999755859375;323,2955017089844;448,9599914550781;79,79882049560547;67,5;171,2508087158203;2149,89990234375;78,89298248291016;11,710655212402344;167,5712432861328;32,61946487426758;89,41000366210938;564,3624877929688;207,69000244140625;179,41000366210938;369,6771240234375;258,08673095703125;498,6700134277344;203,26048278808594;6977,27001953125
2026-01-13;260,34136962890625;467,70281982421875;185,58364868164062;335,5332336425781;629,96630859375;242,60000610351562;307,9298095703125;53,95308303833008;929,1437377929688;325,9228820800781;124,05145263671875;159,41831970214844;211,30499267578125;329,47216796875;1072,010986328125;119,598388671875;141,09939575195312;70,29962921142578;305,6480712890625;632,6638793945312;244,5500030517578;326,34722900390625;447,20001220703125;79,5696029663086;65,19999694824219;171,17088317871094;2073,570068359375;79,5688247680664;12,134882926940918;163,63116455078125;32,322296142578125;90,31999969482422;543,14453125;220,97000122070312;178,9600067138672;374,4097595214844;239,839599609375;495,239990234375;200,88705444335938;6963,740234375
2026-01-14;259,2543029785156;456,4840087890625;182,91690063476562;335,4034118652344;614,4240112304688;236,64999389648438;304,9287414550781;51,91524887084961;923,71630859375;327,2051696777344;127,63947296142578;162,69679260253906;216,1511993408203;330,4884338378906;1068,1297607421875;119,28041076660156;143,16343688964844;70,49699401855469;304,3540954589844;634,870361328125;242,61000061035156;318,0197448730469;439,20001220703125;82,11096954345703;67,93000030517578;172,6795654296875;2101,949951171875;81,74866485595703;12,490049362182617;162,88868713378906;32,847293853759766;88,55000305175781;544,9683837890625;223,60000610351562;178,39999389648438;370,6729736328125;238,35714721679688;493,1499938964844;192,26727294921875;6926,60009765625
2026-01-15;257,5090637207031;453,7811584472656;186,82212829589844;332,347412109375;619,694580078125;238,17999267578125;306,30548095703125;52,02406692504883;966,4916381835938;325,79364013671875;126,59051513671875;161,64613342285156;217,16001892089844;334,4350280761719;1028,00341796875;118,44571685791016;141,48089599609375;69,5496597290039;304,8381042480469;643,2491455078125;247,74000549316406;319,0768737792969;438,57000732421875;81,76215362548828;67,4800033569336;170,41152954101562;2098,85009765625;82,19605255126953;12,44072151184082;159,7703094482422;33,04541015625;88,05000305175781;540,8125;227,9199981689453;177,07000732421875;373,837890625;232,34771728515625;492,6199951171875;188,53334045410156;6944,47021484375
2026-01-16;254,8363494873047;456,9609680175781;186,0031280517578;329,5710144042969;619,1455688476562;239,1199951171875;309,48480224609375;52,39997863769531;952,7647094726562;326,34033203125;127,33555603027344;161,74339294433594;216,25999450683594;326,6010437011719;1033,407470703125;118,94255828857422;141,38307189941406;69,51019287109375;303,6626892089844;642,9609375;247,67999267578125;324,2428894042969;437,5;80,49645233154297;68,19999694824219;169,81207275390625;2075,010009765625;81,03474426269531;12,519646644592285;157,82008361816406;32,857200622558594;88,0;537,6632080078125;231,8300018310547;170,9600067138672;374,833740234375;225,96022033691406;493,2900085449219;189,76473999023438;6940,009765625
2026-01-20;246,0303192138672;451,65460205078125;177,85308837890625;321,5814208984375;603,0443115234375;231,0;299,8477478027344;51,539337158203125;934,3135986328125;323,87518310546875;127,89437866210938;160,8094940185547;215,81494140625;333,912109375;1036,2835693359375;117,95882415771484;143,79930114746094;70,80289459228516;299,12890625;626,6422729492188;249,0;311,4974060058594;419,25;81,97144317626953;62,849998474121094;170,5714111328125;2034,8199462890625;81,55828857421875;12,657768249511719;152,52377319335938;33,302955627441406;87,26000213623047;529,9393920898438;231,9199981689453;168,52999877929688;369,8447265625;218,95587158203125;485,3900146484375;178,6721954345703;6796,85986328125
2026-01-21;246,9777374267578;441,3102111816406;183,09669494628906;327,953125;611,8685913085938;231,30999755859375;299,15447998046875;51,50966262817383;943,861083984375;323,33837890625;130,98240661621094;162,2006378173828;215,6171417236328;343,1076965332031;1073,3345947265625;118,60470581054688;142,87974548339844;71,05946350097656;301,9440002441406;642,9609375;250,07000732421875;317,6407775878906;431,44000244140625;83,68561553955078;66,80999755859375;175,00753784179688;2057,77001953125;84,56627655029297;13,32863998413086;154,80068969726562;34,689754486083984;85,36000061035156;525,7835693359375;249,8000030517578;165,3300018310547;379,2409973144531;220,45822143554688;483,8299865722656;172,67410278320312;6875,6201171875
2026-01-22;247,67584228515625;448,2959289550781;184,6148223876953;330,11029052734375;646,476806640625;234,33999633789062;300,729248046875;51,88557434082031;945,4853515625;324,41192626953125;131,01182556152344;162,13253784179688;216,0918731689453;349,7380065917969;1082,1519775390625;117,08438873291016;146,66549682617188;70,92131042480469;302,2798156738281;645,9795532226562;251,41000366210938;294,20416259765625;449,3599853515625;81,9515151977539;69,05000305175781;177,48538208007812;2153,75;83,1003646850586;13,585149765014648;156,21633911132812;35,610984802246094;83,54000091552734;531,0556640625;253,72999572753906;165,89999389648438;375,681640625;226,9352569580078;484,489990234375;176,9442596435547;6913,35009765625
2026-01-23;247,36666870117188;463,0125732421875;187,44137573242188;327,5036926269531;657,5870361328125;239,16000366210938;294,875732421875;51,163429260253906;910,0586547851562;324,2330017089844;132,315673828125;162,19090270996094;217,7237548828125;351,5041198730469;1059,1729736328125;116,98502349853516;147,92355346679688;71,91797637939453;305,4603576660156;624,271240234375;252,14999389648438;293,07720947265625;449,05999755859375;85,71871185302734;69,04000091552734;175,17738342285156;2137,2900390625;86,07978820800781;14,088302612304688;154,2562255859375;36,24494934082031;86,12000274658203;522,963134765625;259,67999267578125;169,60000610351562;378,3831787109375;226,8954620361328;478,9700012207031;175,9313507080078;6915,60986328125
2026-01-26;254,71669006347656;467,31524658203125;186,2428436279297;332,8267822265625;671,1627807617188;238,4199981689453;298,1640319824219;51,460201263427734;922,9140625;326,5292053222656;132,18820190429688;162,94972229003906;219,05894470214844;346,9457702636719;1057,6402587890625;116,89559936523438;147,27334594726562;71,6021957397461;309,11505126953125;633,536376953125;248,42999267578125;294,2640075683594;435,20001220703125;87,78170013427734;69,19000244140625;175,6969451904297;2212,6201171875;86,11785888671875;14,14749813079834;152,96925354003906;36,26476287841797;85,69999694824219;525,57421875;251,30999755859375;167,47000122070312;381,1044616699219;228,23863220214844;483,4700012207031;181,17474365234375;6950,22998046875
2026-01-27;257,56890869140625;477,55035400390625;188,29034423828125;334,1150817871094;671,7716674804688;244,67999267578125;297,44097900390625;51,608585357666016;920,7946166992188;323,3185119628906;134,1390838623047;164,45761108398438;221,9765625;278,92608642578125;1034,5120849609375;116,20002746582031;146,14039611816406;72,57913970947266;310,28057861328125;636,51513671875;244,55999755859375;296,66748046875;430,8999938964844;90,11376953125;69,1500015258789;176,7460174560547;2295,0;88,44048309326172;14,81836986541748;151,5041046142578;37,532691955566406;85,58000183105469;518,6477661132812;252,02999877929688;165,6999969482422;375,02105712890625;227,37301635742188;474,6700134277344;173,68701171875;6978,60009765625
2026-01-28;255,74386596679688;478,59368896484375;191,28668212890625;335,57318115234375;667,5392456054688;243,00999450683594;297,89654541015625;51,25246047973633;927,8165283203125;325,02825927734375;134,8743438720703;165,31369018554688;225,22056579589844;290,094970703125;1018,8776245117188;115,83236694335938;145,15521240234375;72,09559631347656;308,96685791015625;640,8687744140625;241,58999633789062;291,69097900390625;431,4599914550781;91,66849517822266;69,75;173,87850952148438;2268,60009765625;88,87835693359375;15,17353630065918;151,16751098632812;37,968544006347656;84,63999938964844;519,6045532226562;252,74000549316406;157,35000610351562;370,0320739746094;226,80592346191406;473,489990234375;171,60157775878906;6978,02978515625
2026-01-29;257,5788879394531;430,76715087890625;192,27548217773438;337,810302734375;736,995361328125;241,72999572753906;303,49261474609375;52,50879669189453;931,0947875976562;329,8194580078125;137,7467041015625;166,53948974609375;224,79527282714844;288,3880920410156;1019,2160034179688;116,66705322265625;147,67726135253906;72,4607162475586;311,6436767578125;662,7464599609375;234,0399932861328;298,0537414550781;416,55999755859375;93,91087341308594;66,22000122070312;174,09832763671875;2218,139892578125;90,5536880493164;15,311656951904297;150,6923370361328;37,760520935058594;83,16000366210938;541,8887939453125;252,17999267578125;151,86000061035156;366,591064453125;212,99618530273438;476,7900085449219;167,83786010742188;6969,009765625
2026-01-30;258,7756652832031;427,5773620605469;190,8971710205078;337,56060791015625;715,2241821289062;239,3000030517578;302,9676818847656;52,62750244140625;926,4299926757812;319,90899658203125;138,61920166015625;172,09434509277344;224,75570678710938;283,099609375;1032,163330078125;118,38610076904297;149,51954650878906;73,82249450683594;311,1399230957031;654,8959350585938;233,72000122070312;305,9623718261719;430,4100036621094;84,52276611328125;66,87999725341797;172,2799072265625;2147,7900390625;86,65092468261719;15,134074211120605;150,0686492919922;36,69070816040039;83,48999786376953;536,9655151367188;236,72999572753906;146,58999633789062;369,33203125;211,21524047851562;480,5299987792969;163,43858337402344;6939,02978515625
2026-02-02;269,2770690917969;420,7010192871094;185,38388061523438;343,2431945800781;705,152099609375;242,9600067138672;305,1961669921875;53,448570251464844;937,2451782226562;331,8472900390625;135,67820739746094;169,30233764648438;228,21731567382812;281,77752685546875;1039,10986328125;123,27497100830078;150,91848754882812;74,33563995361328;314,62664794921875;688,3201904296875;233,02000427246094;307,877197265625;421,80999755859375;84,91144561767578;65,79000091552734;173,98841857910156;2147,219970703125;88,06924438476562;14,828234672546387;151,08831787109375;37,096839904785156;82,76000213623047;553,4893798828125;246,27000427246094;147,75999450683594;372,8124694824219;209,74273681640625;487,2900085449219;158,94993591308594;6976,43994140625
2026-02-03;268,7485046386719;408,6176452636719;180,12030029296875;339,26837158203125;690,4683227539062;238,6199951171875;311,8420715332031;53,864051818847656;929,9755859375;326,96661376953125;140,90338134765625;173,20339965820312;230,54151916503906;280,3863220214844;998,6354370117188;126,9018783569336;153,01690673828125;75,87503814697266;315,5650329589844;700,25537109375;233,14999389648438;309,0938720703125;421,9599914550781;90,45262145996094;58,09000015258789;173,64871215820312;2099,89990234375;91,73403930664062;15,074878692626953;145,70291137695312;37,681278228759766;79,94000244140625;548,8551635742188;242,11000061035156;157,8800048828125;375,75067138671875;195,38580322265625;493,739990234375;153,59732055664062;6917,81005859375
2026-02-04;275,7394104003906;411,5788879394531;173,97781372070312;332,6070861816406;667,7987670898438;232,99000549316406;314,23895263671875;54,7840461730957;904,5322265625;327,9804992675781;144,68746948242188;176,30673217773438;231,89646911621094;272,2366027832031;1101,7969970703125;127,1900405883789;154,54391479492188;76,32896423339844;319,72344970703125;689,2268676757812;235,9499969482422;307,5081787109375;406,010009765625;86,3166732788086;60,400001525878906;173,89849853515625;2052,780029296875;91,8387451171875;14,936758995056152;147,395751953125;36,63127136230469;80,16000366210938;551,6456909179688;200,19000244140625;139,5399932861328;381,7650451660156;198,4302978515625;503,8299865722656;145,65280151367188;6882,72021484375
2026-02-05;275,1610107421875;391,188232421875;171,67062377929688;330,81939697265625;669,0166015625;222,69000244140625;307,1968688964844;54,348777770996094;881,8619995117188;327,1654052734375;143,20716857910156;174,36106872558594;235,18002319335938;264,9649963378906;1015,931884765625;126,13674926757812;156,25811767578125;77,47366333007812;319,5160217285156;675,7674560546875;236,9499969482422;305,5434875488281;397,2099914550781;81,03462219238281;57,720001220703125;169,89198303222656;2034,760009765625;86,73660278320312;14,699979782104492;134,93211364746094;36,56193161010742;80,87000274658203;550,021240234375;192,5;130,00999450683594;377,0028076171875;189,0082550048828;503,8900146484375;135,53347778320312;6798,39990234375
2026-02-06;277,3650207519531;398,61114501953125;185,18414306640625;322,4402770996094;660,2822265625;210,32000732421875;319,3199462890625;55,92166519165039;919,8339233398438;329,60076904296875;146,11875915527344;175,94679260253906;237,3558807373047;272,95684814453125;1053,0924072265625;130,34991455078125;156,809814453125;77,9867935180664;323,1509094238281;723,4779663085938;243,02999877929688;320,134033203125;411,1099853515625;84,3932113647461;60,029998779296875;174,82769775390625;1970,1500244140625;88,91643524169922;14,67038345336914;135,961669921875;37,20580291748047;82,19999694824219;546,8818359375;208,44000244140625;135,89999389648438;379,7438049316406;190,3812713623047;508,0899963378906;141,8295135498047;6932,2998046875
2026-02-09;274,13079833984375;410,9925842285156;189,80848693847656;323,8984069824219;676,0140991210938;208,72000122070312;319,0228271484375;55,80295944213867;934,5612182617188;323,6365966796875;148,23629760742188;177,63954162597656;236,02069091796875;272,01953125;1039,6474609375;128,20359802246094;154,99710083007812;76,9407958984375;321,6100158691406;739,3382568359375;244,7100067138672;315,885498046875;417,32000732421875;88,72847747802734;60,13999938964844;174,2182159423828;2035,5899658203125;92,19094848632812;15,06501293182373;137,53570556640625;38,05768966674805;81,47000122070312;533,5172729492188;216,0;142,91000366210938;375,6520690917969;193,04769897460938;498,0799865722656;155,50399780273438;6964,81982421875
2026-02-10;273,19244384765625;410,6646728515625;188,31031799316406;318,16583251953125;669,5256958007812;206,9600067138672;315,2392883300781;54,7939338684082;939,879638671875;326,8838195800781;148,6088104248047;177,30874633789062;235,73390197753906;269,5726623535156;1020,0718994140625;125,89826202392578;156,72116088867188;75,79609680175781;321,9754943847656;739,5873413085938;242,58999633789062;315,4765930175781;425,2099914550781;87,93119049072266;60,2400016784668;171,9102325439453;2025,3199462890625;92,56218719482422;15,124208450317383;138,68406677246094;37,95863723754883;82,20999908447266;538,5601196289062;213,57000732421875;139,50999450683594;384,2102355957031;192,4706268310547;500,29998779296875;158,78111267089844;6941,81005859375
2026-02-11;275,00921630859375;401,82073974609375;189,81849670410156;310,55572509765625;667,4993286132812;204,0800018310547;307,8505554199219;53,270503997802734;935,5219116210938;327,9495849609375;152,500732421875;180,7720489501953;238,21633911132812;275,18670654296875;1010,3289794921875;127,95516204833984;157,6275177001953;77,56246948242188;319,2492980957031;772,0950317382812;236,25999450683594;312,8836364746094;428,2699890136719;89,81478881835938;55,470001220703125;172,5496826171875;2018,1800537109375;94,73250579833984;15,6174955368042;139,62452697753906;38,790714263916016;79,62000274658203;535,6400756835938;213,5800018310547;135,67999267578125;385,1961975097656;184,0634002685547;500,0199890136719;156,07005310058594;6941,47021484375
2026-02-12;261,2637939453125;399,30670166015625;186,7122802734375;308,59832763671875;648,6529541015625;199,60000610351562;299,7487487792969;51,95481872558594;895,8662109375;322,9094543457031;147,9611358642578;177,44496154785156;241,86582946777344;280,57379150390625;1033,278076171875;132,79434204101562;158,81956481933594;77,95719146728516;328,0105895996094;755,4476318359375;239,35000610351562;312,0458984375;417,07000732421875;86,85485076904297;49,279998779296875;170,49147033691406;2007,0;93,19995880126953;15,045282363891602;137,08033752441406;38,12703323364258;75,86000061035156;525,6739501953125;205,94000244140625;129,1300048828125;384,7426452636719;184,49122619628906;500,010009765625;155,39476013183594;6832,759765625
2026-02-13;255,32435607910156;398,7900085449219;182,58729553222656;305,32257080078125;638,630859375;198,7899932861328;299,6595764160156;51,9844970703125;896,4506225585938;312,8489990234375;146,50057983398438;178,74855041503906;240,7779083251953;289,2760314941406;1036,7271728515625;133,0427703857422;157,6964874267578;77,64141845703125;323,5657653808594;771,2980346679688;242,9600067138672;314,5591125488281;417,44000244140625;87,64217376708984;49,400001525878906;172,34983825683594;1988,260009765625;93,35225677490234;14,98608684539795;139,28794860839844;37,701087951660156;76,87000274658203;516,604736328125;207,32000732421875;131,41000366210938;385,5610046386719;188,75950622558594;497,54998779296875;159,02938842773438;6836,169921875
2026-02-17;263,4099426269531;394,3581237792969;184,7446746826172;301,6273498535156;638,151611328125;201,14999389648438;304,1958312988281;52,172454833984375;907,2459106445312;318,247802734375;144,270263671875;177,36343383789062;240,6592254638672;285,23077392578125;1032,7896728515625;128,03466796875;157,18417358398438;78,50979614257812;323,6052551269531;761,8934326171875;244,0399932861328;326,1976013183594;410,6300048828125;84,49287414550781;48,459999084472656;173,8685302734375;1975,510009765625;92,2195053100586;14,81836986541748;141,19857788085938;37,38410568237305;77,0;520,16259765625;203,0800018310547;133,02000427246094;377,6634521484375;183,35699462890625;503,4100036621094;152,9021759033203;6843,22021484375
2026-02-18;263,8791198730469;397,0808410644531;187,75099182128906;302,9356689453125;642,0746459960938;204,7899932861328;305,8300476074219;52,78578186035156;924,76611328125;319,0446472167969;148,7012939453125;180,6248321533203;242,30101013183594;284,3526916503906;1017,348388671875;125,81877136230469;154,53407287597656;78,44071960449219;323,8719787597656;749,1513061523438;238,92999267578125;328,69085693359375;411,32000732421875;86,36650848388672;49,459999084472656;174,60787963867188;2009,050048828125;94,17088317871094;15,084744453430176;141,80245971679688;37,67136764526367;77,98999786376953;526,192138671875;200,1199951171875;135,3800048828125;378,1366882324219;186,8392791748047;499,07000732421875;155,08692932128906;6881,31005859375
2026-02-19;260,11578369140625;396,8517761230469;187,6710968017578;302,456298828125;643,6318969726562;204,86000061035156;305,10699462890625;52,20213317871094;907,85009765625;317,67999267578125;148,98748779296875;181,51876831054688;244,19993591308594;286,0595703125;1020,0;124,07984924316406;156,2088623046875;77,8683853149414;323,10150146484375;757,6792602539062;233,7100067138672;333,8369445800781;411,7099914550781;85,82833862304688;45,84000015258789;174,8776397705078;1996,550048828125;91,70547485351562;15,54843521118164;139,85223388671875;38,24590301513672;77,0;518,498291015625;203,3699951171875;134,88999938964844;373,2660217285156;184,35194396972656;496,94000244140625;155,454345703125;6861,89013671875
2026-02-20;264,1086730957031;395,6267395019531;189,58877563476562;314,570556640625;654,4924926757812;210,11000061035156;307,82086181640625;52,489009857177734;913,3864135742188;319,6921081542969;145,345947265625;180,6837615966797;239,8284454345703;286,1286315917969;1006,3431396484375;122,21173858642578;158,39593505859375;78,78610229492188;325,1955261230469;756,8922119140625;232,02999877929688;342,2940979003906;411,82000732421875;88,78826904296875;45,81999969482422;174,2382049560547;1996,8699951171875;92,41939544677734;15,578032493591309;141,44607543945312;38,99873352050781;78,66999816894531;524,62744140625;200,14999389648438;135,24000549316406;376,884521484375;184,22259521484375;498,20001220703125;147,0530242919922;6909,509765625
2026-02-23;265,705810546875;382,918212890625;191,316650390625;311,0850524902344;636,1152954101562;205,27000427246094;294,8262023925781;50,520423889160156;883,7437133789062;305,31866455078125;148,78024291992188;181,64649963378906;243,1416778564453;278,5708923339844;1055,2288818359375;125,0138931274414;162,72084045410156;79,49659729003906;330,460205078125;753,6344604492188;230,44000244140625;338,0754699707031;399,8299865722656;90,54231262207031;41,560001373291016;174,9475860595703;1864,4599609375;92,97150421142578;15,923333168029785;139,00086975097656;38,40439224243164;76,0199966430664;494,350341796875;196,60000610351562;130,60000610351562;371,6983642578125;177,25804138183594;494,0899963378906;140,32997131347656;6837,75
2026-02-24;271,6552429199219;387,4299621582031;192,61508178710938;310,495849609375;638,16162109375;208,55999755859375;294,459716796875;49,867523193359375;893,608154296875;306,0158996582031;147,29994201660156;182,0688934326172;244,87173461914062;270,29290771484375;1038,8704833984375;125,94795227050781;162,8292236328125;79,65448760986328;328,9687194824219;765,3504028320312;233,38999938964844;344,7075500488281;409,3800048828125;93,05377960205078;42,33000183105469;176,2064971923828;1922,56005859375;93,39033508300781;16,317964553833008;143,32701110839844;39,09779357910156;78,04000091552734;496,3136901855469;213,83999633789062;128,83999633789062;379,083251953125;184,48129272460938;494,510009765625;145,12648010253906;6890,06982421875
2026-02-25;273,74151611328125;398,9831237792969;195,32176208496094;312,4932556152344;652,5260620117188;210,63999938964844;300,40240478515625;51,133750915527344;912,53466796875;311,7633056640625;147,10256958007812;180,96865844726562;243,76808166503906;280,40606689453125;1025,5924072265625;124,95427703857422;160,9672393798828;79,40779113769531;328,9292297363281;763,7364501953125;230,36000061035156;341,9649658203125;417,3999938964844;94,73805236816406;44,529998779296875;175,14743041992188;1767,7099609375;95,93189239501953;16,485681533813477;144,35658264160156;39,21665954589844;82,69999694824219;507,6651306152344;210,86000061035156;134,19000244140625;370,29827880859375;190,77923583984375;493,989990234375;146,8643341064453;6946,1298828125
2026-02-26;272,4637756347656;400,0986022949219;184,66476440429688;306,98040771484375;655,8401489257812;207,9199981689453;303,20538330078125;51,737186431884766;920,08154296875;315,45880126953125;146,58938598632812;180,90972900390625;242,0778045654297;282,8332214355469;1018,8038330078125;123,63268280029297;161,3218994140625;79,43739318847656;330,4305725097656;750,1077880859375;229,41000366210938;339,9205017089844;408,5799865722656;94,13011932373047;46,869998931884766;173,72865295410156;1740,8800048828125;94,32318878173828;16,387025833129883;144,12887573242188;38,73127746582031;84,58999633789062;513,0269165039062;203,67999267578125;135,94000244140625;369,82501220703125;198,46014404296875;502,6700134277344;149,26754760742188;6908,85986328125
2026-02-27;263,7093811035156;391,15484619140625;176,97415161132812;311,354736328125;647,02587890625;210,0;297,4310607910156;49,29376983642578;851,3180541992188;318,8852844238281;150,49740600585938;183,46383666992188;247,00942993164062;289,3549499511719;1048,679443359375;127,14035034179688;164,72073364257812;80,4833984375;336,8805847167969;740,0455932617188;227,52999877929688;341,336669921875;402,510009765625;95,37588500976562;49,7599983215332;175,21734619140625;1757,5799560546875;94,56116485595703;16,406755447387695;140,93128967285156;38,364768981933594;96,23999786376953;515,4586791992188;200,2100067138672;137,19000244140625;375,3760070800781;193,80384826660156;504,95001220703125;144,3916015625;6878,8798828125
2026-03-02;264,2484130859375;396,9413757324219;182,25770568847656;306,12152099609375;652,396240234375;208,38999938964844;294,7172546386719;49,27398681640625;857,9190063476562;319,25384521484375;152,19480895996094;186,25372314453125;247,13868713378906;290,9928283691406;1014,7664794921875;126,29573059082031;161,08544921875;79,16109466552734;330,717041015625;749,5000610351562;229,74000549316406;344,8072814941406;403,32000732421875;93,28299713134766;48,5;173,76861572265625;1777,0;94,81817626953125;17,087491989135742;139,61463928222656;38,27561950683594;97,08999633789062;519,23583984375;198,6199951171875;145,1699981689453;365,6050720214844;191,97315979003906;480,1700134277344;148,21490478515625;6881,6201171875
2026-03-03;263,2801818847656;402,2996826171875;179,83065795898438;303,1853332519531;653,91357421875;208,72999572753906;297,3914489746094;49,4322624206543;858,795166015625;319,57257080078125;149,83619689941406;185,4383544921875;245,3390350341797;285,34918212890625;1004,5587158203125;127,1006088256836;157,35166931152344;78,2927017211914;329,932373046875;719,4730224609375;224,1199951171875;333,2386169433594;392,42999267578125;86,72528076171875;49,84000015258789;169,9519500732422;1714,010009765625;90,72502899169922;16,73232650756836;136,74375915527344;36,472782135009766;97,69999694824219;522,5445556640625;190,9499969482422;147,22000122070312;361,76971435546875;195,05746459960938;481,3599853515625;147,97657775878906;6816,6298828125
2026-03-04;262,0523376464844;403,5645751953125;182,8170166015625;302,7359619140625;666,541015625;216,82000732421875;296,52978515625;49,75870895385742;863,4446411132812;319,2139892578125;147,85260009765625;182,74671936035156;243,8973388671875;288,0624694824219;1000,4118041992188;127,00123596191406;155,9527130126953;77,0690689086914;329,5052490234375;729,226318359375;227,30999755859375;338,8932800292969;405,94000244140625;87,8614273071289;52,0;172,81944274902344;1769,030029296875;91,61981201171875;16,544876098632812;138,10989379882812;37,1364631652832;98,66000366210938;521,1492919921875;202,07000732421875;153,19000244140625;363,928955078125;192,1024932861328;487,4800109863281;151,31326293945312;6869,5
2026-03-05;259,8263244628906;409,0224304199219;183,11663818359375;300,4888916015625;659,393798828125;218,94000244140625;290,74554443359375;49,27398681640625;831,7941284179688;318,5466003417969;148,78024291992188;186,54840087890625;238,259765625;284,9150390625;980,165771484375;122,52970886230469;151,7066192626953;76,01319885253906;325,2441711425781;703,433349609375;222,05999755859375;326,10784912109375;405,54998779296875;82,02127838134766;53,20000076293945;168,523193359375;1780,3599853515625;88,87835693359375;16,505413055419922;136,49586486816406;36,017120361328125;99,16999816894531;522,8833618164062;199,4499969482422;152,6699981689453;356,6032409667969;200,37042236328125;500,3999938964844;153,7164764404297;6830,7099609375
2026-03-06;257,0013427734375;407,30938720703125;177,6033935546875;298,1319274902344;643,7117309570312;213,2100067138672;286,7144470214844;48,38858413696289;817,8157348632812;316,1161804199219;149,22434997558594;186,5877227783203;239,0253448486328;282,6556396484375;987,2135009765625;123,01661682128906;151,35195922851562;76,02306365966797;325,85003662109375;678,3477783203125;231,11000061035156;322,2383117675781;396,7300109863281;79,67922973632812;51,61000061035156;167,41415405273438;1787,8599853515625;88,27167510986328;17,36373519897461;135,190673828125;35,93787384033203;99,0199966430664;520,5712890625;192,42999267578125;157,16000366210938;352,89605712890625;201,0867919921875;498,9800109863281;151,89918518066406;6740,02001953125
2026-03-09;259,41705322265625;407,757568359375;182,427490234375;306,1770935058594;646,2373046875;213,49000549316406;287,1502685546875;47,652408599853516;828,3792114257812;314,73162841796875;148,46444702148438;186,09652709960938;241,20281982421875;283,550537109375;1005,2167358398438;123,55319213867188;152,9183807373047;76,77304077148438;328,5715637207031;702,1781005859375;225,0;321,5292053222656;398,67999267578125;81,96147155761719;50,43000030517578;171,14089965820312;1769,52001953125;88,4086685180664;17,916217803955078;137,60177612304688;36,75013732910156;98,31999969482422;515,9669189453125;202,67999267578125;156,42999267578125;348,59722900390625;197,78358459472656;497,20001220703125;150,50888061523438;6795,990234375
2026-03-10;260,3653564453125;404,122314453125;184,54490661621094;306,8567199707031;652,9053344726562;214,3300018310547;285,97161865234375;48,308998107910156;830,1513671875;313,1976318359375;146,18479919433594;183,0021209716797;242,31643676757812;280,736572265625;998,1987915039062;124,32826232910156;153,6966552734375;76,85197448730469;325,7308349609375;713,9935913085938;217,75999450683594;326,1134948730469;399,239990234375;82,77869415283203;48,43000030517578;172,12005615234375;1742,0899658203125;89,71009063720703;17,74850082397461;134,70248413085938;37,176082611083984;96,94000244140625;512,97705078125;203,22999572753906;151,13999938964844;352,1368408203125;193,92324829101562;494,1400146484375;148,36386108398438;6781,47998046875
2026-03-11;260,3453674316406;403,245849609375;185,8134307861328;308,5157470703125;653,6939086914062;212,64999389648438;284,77313232421875;48,269203186035156;820,1454467773438;307,74908447265625;149,5894775390625;188,40505981445312;241,6005401611328;283,63006591796875;996,693603515625;122,70858001708984;151,04656982421875;76,60527038574219;323,01922607421875;704,937744140625;214,10000610351562;324,7452087402344;407,82000732421875;82,01130676269531;47,79999923706055;170,72125244140625;1766,0999755859375;90,10150146484375;18,735074996948242;133,62644958496094;37,255332946777344;94,88999938964844;502,2933654785156;204,8300018310547;151,60000610351562;345,9154052734375;193,14718627929688;493,57000732421875;161,98870849609375;6775,7998046875
2026-03-12;255,30438232421875;400,238037109375;182,9268035888672;303,3687744140625;637,0436401367188;209,52999877929688;280,1874084472656;46,886390686035156;784,0645141601562;305,2987365722656;151,5138702392578;193,49363708496094;240,6559600830078;275,47662353515625;974,1746215820312;124,53693389892578;148,26837158203125;76,58554077148438;321,7279968261719;698,0635986328125;204,75999450683594;306,31817626953125;395,010009765625;79,46994018554688;45,22999954223633;166,08529663085938;1680,0;88,75114440917969;18,715343475341797;130,66737365722656;35,779380798339844;94,30999755859375;495,62603759765625;197,74000549316406;153,5;336,40673828125;198,27110290527344;491,8900146484375;158,0561981201172;6672,6201171875
2026-03-13;249,6744384765625;393,9534912109375;180,0401611328125;302,09954833984375;612,6171875;207,6699981689453;280,7321472167969;46,47850799560547;778,7777709960938;305,9362487792969;154,06985473632812;193,34629821777344;240,13894653320312;280,4880065917969;981,9800415039062;125,71939086914062;148,4161376953125;76,8438720703125;324,26080322265625;691,388671875;209,88999938964844;299,31689453125;391,20001220703125;76,13128662109375;44,95000076293945;165,36593627929688;1670,0;85,94281768798828;18,32071304321289;129,34228515625;35,15532302856445;95,30999755859375;496,3036804199219;193,38999938964844;150,9499969482422;336,5059814453125;191,853759765625;490,0299987792969;154,03427124023438;6632,18994140625
2026-03-16;252,36964416503906;398,33575439453125;183,0067138671875;305,3775939941406;626,8690185546875;211,74000549316406;283,4261474609375;46,81675338745117;791,2826538085938;308,8945617675781;155,165283203125;193,3659210205078;241,7993927001953;283,8686828613281;986,00732421875;125,19275665283203;149,86434936523438;77,32079315185547;324,44952392578125;697,156982421875;213,47000122070312;303,62152099609375;395,55999755859375;78,39360046386719;44,459999084472656;166,99452209472656;1732,3299560546875;87,92919921875;18,91265869140625;128,9138641357422;36,185516357421875;95,19999694824219;506,77813720703125;196,5800018310547;152,72000122070312;340,029541015625;197,33587646484375;492,2099914550781;154,8883056640625;6699,3798828125
2026-03-17;253,77711486816406;397,79791259765625;181,71820068359375;310,7344055175781;622,0834350585938;215,1999969482422;284,1492004394531;47,035614013671875;803,498779296875;307,25103759765625;156,7245330810547;194,4759979248047;236,74844360351562;285,9368896484375;927,4222412109375;124,28851318359375;149,2338409423828;77,08233642578125;324,10186767578125;699,36865234375;210,82000732421875;301,7138977050781;399,2699890136719;77,6461410522461;44,630001068115234;167,14649963378906;1728,1400146484375;87,87049102783203;19,248096466064453;131,1057586669922;36,36381912231445;94,36000061035156;504,8645935058594;196,30999755859375;155,0800018310547;338,88812255859375;194,3212127685547;492,5799865722656;153,6171875;6716,08984375
2026-03-18;249,49476623535156;390,2087097167969;180,1899871826172;307,5063171386719;615,1099243164062;209,8699951171875;284,9910583496094;46,58794021606445;801,9456787109375;297,8480529785156;155,5205535888672;195,1046905517578;235,92318725585938;282,71527099609375;915,1609497070312;121,20813751220703;144,53457641601562;75,48265838623047;313,6031188964844;691,0200805664062;205,99000549316406;300,5852966308594;392,7799987792969;74,67623138427734;44,27000045776367;163,75697326660156;1690,260009765625;85,8351821899414;19,50460433959961;129,98988342285156;35,918060302734375;94,69999694824219;486,8159484863281;199,4600067138672;152,77000427246094;328,4662780761719;193,3561248779297;484,4700012207031;151,83958435058594;6624,7001953125
2026-03-19;248,5165252685547;387,4498596191406;178,3521270751953;306,9466552734375;606,1382446289062;208,75999450683594;285,2188415527344;46,767005920410156;805,9480590820312;298,53533935546875;156,08306884765625;197,88473510742188;236,24136352539062;278,8473815917969;914,6127319335938;120,32376098632812;142,69229125976562;75,06536102294922;307,4945068359375;686,0687255859375;201,17999267578125;291,2469482421875;380,29998779296875;72,1348648071289;45,040000915527344;164,4368896484375;1666,9300537109375;83,80966186523438;19,51447105407715;130,79690551757812;36,155799865722656;91,73999786376953;489,4769287109375;205,27000427246094;155,67999267578125;325,76654052734375;194,00283813476562;481,4800109863281;154,44143676757812;6606,490234375
2026-03-20;247,54823303222656;380,3287353515625;172,4989471435547;300,8203125;593,1102905273438;205,3699951171875;283,8223571777344;46,91623306274414;809,9603881835938;300,4378662109375;157,5732421875;198,16961669921875;234,02410888671875;274,0249328613281;903,8467407226562;118,50957489013672;142,14059448242188;74,2704849243164;306,7694396972656;678,327880859375;195,1199951171875;286,4329528808594;367,9599914550781;68,8460464477539;44,709999084472656;161,62725830078125;1635,760009765625;81,3633804321289;18,547626495361328;129,42198181152344;34,72937774658203;91,81999969482422;494,6393737792969;201,3300018310547;150,67999267578125;318,3620910644531;194,39085388183594;480,94000244140625;148,6419219970703;6506,47998046875
2026-03-23;251,04200744628906;381,4541931152344;175,43553161621094;301,87969970703125;603,5006713867188;210,13999938964844;287,14031982421875;47,27437210083008;827,6224975585938;303,246826171875;159,0140838623047;201,5882110595703;234,07382202148438;268,00927734375;907,6845092773438;120,2022933959961;141,8549041748047;74,62818145751953;306,3919982910156;699,06982421875;198,41000366210938;291,17706298828125;380,8500061035156;73,30091094970703;44,849998474121094;162,66712951660156;1666,0799560546875;83,99557495117188;19,011316299438477;127,87769317626953;36,502498626708984;93,37999725341797;498,68560791015625;202,67999267578125;160,83999633789062;328,4365234375;194,19186401367188;479,9800109863281;153,2696075439453;6581,0
2026-03-24;251,1917266845703;371,2355651855469;174,99603271484375;290,2666320800781;592,3709716796875;207,24000549316406;289,6065368652344;47,89116668701172;832,052978515625;302,5694885253906;163,20826721191406;203,14031982421875;233,9246826171875;270,73370361328125;900,1782836914062;121,5265884399414;141,03721618652344;74,19100189208984;305,7662353515625;713,94384765625;196,4199981689453;290,2681884765625;383,0299987792969;72,75276947021484;43,08000183105469;161,61727905273438;1612,02001953125;84,90559387207031;19,484872817993164;128,19650268554688;36,32419204711914;90,91999816894531;497,24053955078125;205,3699951171875;154,77999877929688;328,4464416503906;182,09344482421875;479,3299865722656;146,06988525390625;6556,3701171875
2026-03-25;252,16998291015625;369,5424499511719;178,47198486328125;290,7563171386719;594,3391723632812;211,7100067138672;292,59771728515625;48,498016357421875;838,1461791992188;303,7149658203125;161,11610412597656;201,52926635742188;238,5580291748047;269,0135192871094;913,4264526367188;122,5322494506836;141,7859344482422;74,76728057861328;309,6002502441406;716,3447875976562;199,61000061035156;296,1907958984375;385,95001220703125;75,38382720947266;43,619998931884766;165,72669982910156;1639,469970703125;85,65904998779297;19,553932189941406;129,87033081054688;37,18599319458008;92,27999877929688;501,0575866699219;220,27000427246094;154,9600067138672;330,0345458984375;181,03880310058594;476,19000244140625;145,00732421875;6591,89990234375
2026-03-26;252,43951416015625;364,492919921875;171,04066467285156;280,7523193359375;547,032958984375;207,5399932861328;288,8736267089844;47,99065399169922;819,0303955078125;304,3325500488281;163,25759887695312;204,12266540527344;237,8719940185547;266,5277404785156;894,17724609375;121,6560287475586;140,3081817626953;74,21087646484375;306,8489074707031;700,55419921875;194,36000061035156;284,8848876953125;372,1099853515625;70,64990997314453;45,349998474121094;165,23675537109375;1630,989990234375;83,9466552734375;20,057086944580078;130,0596160888672;36,45296859741211;93,31999969482422;499,05438232421875;203,77000427246094;147,55999755859375;325,9848937988281;184,70018005371094;475,2699890136719;141,81956481933594;6477,16015625
2026-03-27;248,35679626464844;355,33001708984375;167,32498168945312;274,1762390136719;525,233154296875;199,33999633789062;280,13787841796875;46,72721862792969;799,3670654296875;294,36175537109375;168,7445831298828;207,42337036132812;239,07505798339844;257,54901123046875;875,4762573242188;122,36298370361328;140,59388732910156;75,22432708740234;303,8393249511719;692,7933959960938;190,52000427246094;282,4579162597656;361,8299865722656;71,36747741699219;44,52000045776367;160,387451171875;1599,52001953125;84,77838897705078;20,491180419921875;126,64225006103516;36,28457260131836;93,43000030517578;482,6002502441406;201,99000549316406;143,05999755859375;319,25537109375;178,40220642089844;468,489990234375;138,69142150878906;6368,85009765625
2026-03-30;246,19065856933594;357,51116943359375;164,97772216796875;273,33673095703125;535,8833618164062;200,9499969482422;281,0589904785156;46,985870361328125;804,0563354492188;298,36602783203125;169,21827697753906;206,9911346435547;241,10340881347656;260,3033142089844;883,83984375;122,97036743164062;142,57408142089844;75,78073120117188;306,45159912109375;664,9282836914062;189,2100067138672;272,9098205566406;355,2799987792969;70,51039123535156;45,68000030517578;161,8372344970703;1619,199951171875;86,91154479980469;20,530641555786133;126,60240173339844;36,42325210571289;92,97000122070312;492,32720947265625;196,0399932861328;137,5500030517578;321,09161376953125;184,09324645996094;474,6600036621094;137,83738708496094;6343,72021484375
2026-03-31;253,337890625;368,67596435546875;174,1969757080078;287,3883361816406;571,6002197265625;208,27000427246094;291,3497314453125;48,498016357421875;842,2778930664062;301,055419921875;167,4320526123047;203,24838256835938;243,04225158691406;269,0533142089844;916,8756103515625;123,74702453613281;142,29823303222656;75,56214904785156;308,6963806152344;705,804443359375;199,02999877929688;283,4167175292969;371,75;76,09142303466797;46,11000061035156;168,82626342773438;1729,02001953125;91,2854995727539;20,47144889831543;128,3061065673828;38,027976989746094;96,1500015258789;497,96807861328125;203,42999267578125;146,27999877929688;326,4414978027344;185,72496032714844;479,20001220703125;146,08975219726562;6528,52001953125
2026-04-01;255,17462158203125;367,8791809082031;175,54541015625;297,2124938964844;578,6936645507812;210,57000732421875;292,5580749511719;49,01532745361328;856,435546875;297,340087890625;158,66867065429688;193,92587280273438;242,7240753173828;272,424072265625;951,5161743164062;124,20504760742188;141,95343017578125;75,59195709228516;305,219970703125;727,58251953125;207,32000732421875;292,31561279296875;381,260009765625;77,88533020019531;46,560001373291016;170,1060791015625;1718,969970703125;92,77283477783203;19,810441970825195;126,8116226196289;38,00816345214844;95,55000305175781;489,98516845703125;210,2100067138672;146,49000549316406;327,1064758300781;185,29713439941406;478,5;144,22279357910156;6575,31982421875
2026-04-02;255,464111328125;371,9526672363281;177,18348693847656;295,59344482421875;573,9281005859375;209,77000427246094;291,7855224609375;49,124759674072266;859,2531127929688;299,6210632324219;158,57984924316406;195,45834350585938;241,65025329589844;275,6854553222656;932,6358032226562;125,25054931640625;140,997802734375;76,22785186767578;305,07098388671875;714,5315551757812;208,22000122070312;280,8099670410156;360,5899963378906;76,59969329833984;47,849998474121094;169,4061737060547;1715,52001953125;92,42057037353516;20,283998489379883;126,3333969116211;37,98834991455078;98,66000366210938;491,7691345214844;217,5;148,4600067138672;319,23553466796875;186,2323760986328;477,3500061035156;145,3648223876953;6582,68994140625
2026-04-06;258,3988342285156;371,375;177,43319702148438;299,8109130859375;572,4894409179688;212,7899932861328;294,125;49,801246643066406;862,2498779296875;302,1411437988281;161,2246551513672;195,35028076171875;239,5920867919922;279,76214599609375;924,142578125;126,24626159667969;140,6529998779297;76,72463989257812;307,67333984375;718,5364990234375;212,3000030517578;288,3305969238281;352,82000732421875;76,46017456054688;46,63999938964844;168,80625915527344;1710,3699951171875;91,99002838134766;20,579971313476562;125,267333984375;38,17656326293945;98,93000030517578;499,80181884765625;220,17999267578125;147,92999267578125;324,2181396484375;184,09324645996094;476,3800048828125;144,53062438964844;6611,830078125
2026-04-07;253,0484161376953;370,78741455078125;177,89266967773438;305,27764892578125;574,5175170898438;213,77000427246094;296,0662536621094;50,02010726928711;860,3582763671875;301,3642272949219;161,757568359375;197,98297119140625;237,04673767089844;305,982421875;928,1599731445312;121,9646987915039;139,2047882080078;75,42304992675781;302,79638671875;721,7245483398438;210,0;288,24072265625;346,6499938964844;76,4801025390625;46,099998474121094;168,47630310058594;1742,300048828125;92,62606811523438;20,43198585510254;123,61344146728516;38,097312927246094;98,81999969482422;496,59271240234375;221,52999877929688;150,07000732421875;316,3968200683594;182,03375244140625;478,0799865722656;142,1770782470703;6616,85009765625
2026-04-08;258,43878173828125;372,81915283203125;181,8680419921875;317,1305847167969;611,8529052734375;221,25;306,5888366699219;51,611839294433594;901,7756958007812;307,74908447265625;154,16854858398438;189,4856414794922;239,9202117919922;304,2423400878906;950,300048828125;126,71424865722656;142,75140380859375;76,79419708251953;304,9418640136719;768,6878662109375;217,8000030517578;307,6764831542969;343,25;81,75218200683594;45,810001373291016;171,83583068847656;1775,739990234375;96,33462524414062;19,71178436279297;127,04077911376953;39,18694305419922;99,38999938964844;505,4028015136719;231,82000732421875;140,75999450683594;333,6573486328125;175,47708129882812;479,75;142,66368103027344;6782,81005859375
2026-04-09;260,02593994140625;371,56427001953125;183,69590759277344;318,29986572265625;627,8081665039062;233,64999389648438;308,938232421875;52,43754577636719;899,7545776367188;307,0817565917969;153,00404357910156;187,00030517578125;239,93014526367188;305,16705322265625;952,18408203125;128,57623291015625;144,48532104492188;77,67848205566406;307,4647216796875;784,1198120117188;220,05999755859375;312,6302795410156;345,6199951171875;81,28377532958984;45,29999923706055;172,13580322265625;1793,2099609375;95,0429916381836;20,412254333496094;127,27989959716797;40,1577033996582;102,05000305175781;502,7272644042969;236,63999938964844;130,49000549316406;337,0518798828125;170,41018676757812;485,20001220703125;137,38204956054688;6824,66015625
2026-04-10;260,0159912109375;369,3731384277344;188,41041564941406;317,0506286621094;629,2767333984375;238,3800048828125;308,4803161621094;52,26842498779297;903,8167114257812;303,1671142578125;150,5072479248047;185,2222442626953;237,09645080566406;302,6016845703125;936,5135498046875;126,2263412475586;143,00755310058594;76,97303771972656;303,62078857421875;787,6962890625;217,6300048828125;307,96612548828125;348,95001220703125;83,23713684082031;43,2599983215332;169,34617614746094;1773,9599609375;96,14871215820312;21,22124671936035;127,58875274658203;40,94025421142578;103,01000213623047;497,82550048828125;245,0399932861328;128,05999755859375;334,8285827636719;164,53533935546875;479,8999938964844;137,6112518310547;6816,89013671875
2026-04-13;258,73828125;382,8186340332031;189,08961486816406;321,1181945800781;633,9425048828125;239,88999938964844;312,2732238769531;53,07423782348633;886,88134765625;308,17742919921875;150,63555908203125;188,39523315429688;236,59930419921875;311,22247314453125;926,624755859375;124,03578186035156;141,4509735107422;75,91984558105469;302,45867919921875;788,7623291015625;222,13999938964844;311,5116882324219;352,4200134277344;84,58257293701172;46,630001068115234;172,16578674316406;1831,9300537109375;97,06851196289062;21,675071716308594;130,75706481933594;41,12845993041992;103,16000366210938;507,7288818359375;246,8300018310547;132,3699951171875;338,6201477050781;172,37510681152344;480,19000244140625;155,08047485351562;6886,240234375
2026-04-14;258,368896484375;391,5233459472656;196,28123474121094;332,7112731933594;661,8765258789062;249,02000427246094;309,7247009277344;53,07423782348633;905,638671875;310,149658203125;147,28021240234375;183,71923828125;238,72706604003906;312,40570068359375;919,5969848632812;124,51371765136719;142,2391357421875;75,4131088256836;301,1773681640625;791,2728881835938;223,77000427246094;317,6040954589844;364,20001220703125;86,13728332519531;46,290000915527344;175,82528686523438;1840,6600341796875;96,74560546875;20,72795867919922;132,35116577148438;41,33647918701172;106,27999877929688;512,3012084960938;255,07000732421875;135,6999969482422;340,1585693359375;170,86898803710938;477,5400085449219;162,4348907470703;6967,3798828125
2026-04-15;265,95538330078125;409,5602722167969;198,63848876953125;336,91876220703125;670,9581909179688;248,5;304,5579833984375;54,039222717285156;895,5431518554688;314,6718444824219;147,05322265625;181,64649963378906;237,30523681640625;312,2664794921875;902,1820068359375;124,22496032714844;141,2539520263672;74,82688903808594;304,1968994140625;767,2831420898438;223,92999267578125;313,5391540527344;391,95001220703125;85,7884750366211;48,7400016784668;175,9652557373047;1872,1199951171875;96,4422607421875;20,26426887512207;132,56039428710938;41,06902313232422;107,70999908447266;519,08984375;258,1199951171875;142,14999389648438;336,38690185546875;177,14280700683594;474,0899963378906;169,22128295898438;7022,9501953125
2026-04-16;262,9307556152344;418,56378173828125;198,1190948486328;335,81939697265625;676,2432250976562;249,6999969482422;308,5599670410156;53,2334098815918;896,0509033203125;313,86505126953125;149,98422241210938;184,8292999267578;233,1988525390625;314,6031494140625;901,1452026367188;124,28469848632812;140,9879608154297;74,6977310180664;304,8921813964844;769,7637329101562;218,8800048828125;297,91864013671875;388,8999938964844;85,91802978515625;49,33000183105469;174,09552001953125;1822,1300048828125;97,56755065917969;21,211380004882812;133,9751739501953;41,07893371582031;107,79000091552734;517,6721801757812;278,260009765625;142,75999450683594;334,6399841308594;180,75347900390625;475,1199951171875;177,72171020507812;7041,27978515625
2026-04-17;269,7486267089844;421,0835876464844;201,44520568847656;341,4760437011719;687,9124145507812;250,55999755859375;308,8984375;53,631343841552734;921,8870849609375;315,7774963378906;144,5169677734375;180,7427215576172;232,84091186523438;322,78643798828125;924,1127319335938;126,95321655273438;144,75131225585938;75,25413513183594;309,26251220703125;791,67138671875;223,3800048828125;303,7513732910156;400,6199951171875;86,89471435546875;49,970001220703125;176,63516235351562;1855,8299560546875;97,99810028076172;20,175477981567383;135,69879150390625;40,771854400634766;97,30999755859375;520,4276123046875;278,3900146484375;146,38999938964844;346,79876708984375;181,67111206054688;474,5799865722656;174,4530792236328;7126,06005859375
2026-04-20;272,5635681152344;416,38262939453125;201,82476806640625;337,2185974121094;670,2887573242188;248,27999877929688;315,5683898925781;53,671138763427734;937,6077880859375;312,7095947265625;145,7406768798828;180,01577758789062;229,37088012695312;321,6429748535156;917,0051879882812;127,37140655517578;142,3474884033203;74,99580383300781;304,872314453125;796,921630859375;225,0800018310547;303,2220458984375;392,5;85,95789337158203;50,599998474121094;175,7352752685547;1870,0799560546875;97,68498229980469;20,48131561279297;137,01394653320312;40,9105339050293;94,83000183105469;515,785400390625;274,95001220703125;145,88999938964844;348,376953125;185,7904815673828;472,0799865722656;176,96435546875;7109,14013671875
2026-04-21;265,69586181640625;422,44805908203125;199,64732360839844;332,0916442871094;668,220703125;249,91000366210938;311,5962829589844;53,20356750488281;922,4844360351562;308,7252502441406;146,41175842285156;182,69760131835938;224,8667755126953;344,0450134277344;900,1782836914062;129,04420471191406;140,2096710205078;74,2208023071289;299,8066711425781;798,9678344726562;219,16000366210938;286,373046875;386,4200134277344;81,19408416748047;50,34000015258789;173,96554565429688;1854,1800537109375;95,62031555175781;20,866079330444336;135,0611572265625;40,40534591674805;92,58000183105469;510,4942626953125;284,489990234375;145,97000122070312;341,3595886230469;186,62831115722656;468,5;180,54190063476562;7064,009765625
2026-04-22;272,68341064453125;431,1726989746094;202,26426696777344;339,1174621582031;674,09521484375;255,36000061035156;311,6161804199219;52,84542465209961;930,7380981445312;310,0699768066406;147,5367889404297;183,03160095214844;224,80712890625;351,5123596191406;918,5801391601562;129,42257690429688;140,7318115234375;74,15125274658203;298,048583984375;807,3722534179688;231,27999877929688;275,946044921875;387,510009765625;84,61246490478516;47,72999954223633;174,33547973632812;1860,97998046875;98,12530517578125;20,895675659179688;135,5692901611328;40,20722961425781;93,23999786376953;509,3062438964844;303,4599914550781;152,6199951171875;336,9725036621094;189,3114013671875;465,3999938964844;186,84996032714844;7137,89990234375
2026-04-23;272,9429016113281;414,07196044921875;199,4075927734375;338,6877136230469;658,5396728515625;255,0800018310547;310,29217529296875;52,198787689208984;927,2135620117188;307,66943359375;148,5532684326172;184,2890167236328;229,3311004638672;352,54644775390625;914,76220703125;131,4637908935547;143,54940795898438;75,7906723022461;300,49200439453125;833,6934204101562;234,14999389648438;281,9884948730469;373,7200012207031;82,18072509765625;43,31999969482422;171,50587463378906;1809,199951171875;96,72603607177734;20,984468460083008;133,4570770263672;39,711944580078125;92,81999969482422;501,5392761230469;305,3299865722656;141,57000732421875;337,6275939941406;172,85386657714844;470,54998779296875;175,66885375976562;7108,39990234375
2026-04-24;270,5771179199219;422,90618896484375;208,0275421142578;344,19439697265625;674,4049682617188;263,989990234375;306,8974609375;51,78095626831055;922,8428344726562;308,2073059082031;146,9545440673828;181,9412078857422;226,19911193847656;352,9044189453125;881,1782836914062;129,3628387451172;147,08203125;76,138427734375;297,3433532714844;829,2516479492188;232,44000244140625;284,2456970214844;376,29998779296875;82,09103393554688;42,84000015258789;169,75613403320312;1835,219970703125;97,4697036743164;20,7105770111084;148,30226135253906;39,563358306884766;92,44000244140625;503,3262634277344;347,80999755859375;143,08999633789062;333,3893737792969;177,70135498046875;469,32000732421875;172,67926025390625;7165,080078125
2026-04-27;267,1332702636719;423,1053771972656;216,3578338623047;350,130859375;677,9916381835938;261,1199951171875;310,232421875;52,35795974731445;933,6950073242188;308,4364013671875;146,24400329589844;181,51876831054688;224,0514678955078;352,67572021484375;865,5376586914062;127,04281616210938;147,30039978027344;74,95606231689453;288,2550048828125;827,2553100585938;231,3300018310547;284,2057189941406;378,6700134277344;81,42330169677734;42,400001525878906;168,99624633789062;1839,280029296875;97,80239868164062;20,799888610839844;149,70706176757812;39,51382827758789;91,37000274658203;505,58245849609375;334,6300048828125;143,10000610351562;329,8260803222656;179,71615600585938;472,80999755859375;172,36036682128906;7173,91015625
2026-04-28;270,2277526855469;427,5174865722656;212,92184448242188;349,5711975097656;670,7183837890625;259,70001220703125;310,0532531738281;52,3878059387207;922,4844360351562;308,0877380371094;148,58287048339844;185,0355987548828;226,48745727539062;364,6871032714844;871,2495727539062;127,04281616210938;148,064697265625;77,8473892211914;290,42034912109375;816,3555908203125;230,72000122070312;288,8399658203125;376,0199890136719;78,42350006103516;41,02000045776367;167,78640747070312;1791,989990234375;96,37376403808594;21,067827224731445;149,44801330566406;39,31571578979492;92,2699966430664;506,7704772949219;323,2099914550781;141,17999267578125;326,6101989746094;180,8532257080078;478,1600036621094;165,3846435546875;7138,7998046875
2026-04-29;269,688720703125;422,7467956542969;209,00640869140625;349,7311096191406;668,5004272460938;263,0400085449219;307,86309814453125;52,60667037963867;901,6263427734375;333,5475769042969;152,63890075683594;188,8274688720703;226,0499725341797;368,6345520019531;848,5313110351562;127,46102142333984;145,37478637695312;78,36405944824219;288,1258850097656;808,550048828125;224,11000061035156;283,21697998046875;372,79998779296875;77,46675109863281;40,65999984741211;165,35675048828125;1767,02001953125;94,41674041748047;21,683090209960938;155,42593383789062;38,285526275634766;92,12000274658203;524,3510131835938;337,1099853515625;137,97000122070312;320,40673828125;180,75347900390625;475,3800048828125;163,26202392578125;7135,9501953125
2026-04-30;270,86663818359375;406,1341552734375;199,33767700195312;384,5702819824219;611,3433837890625;265,05999755859375;311,82525634765625;53,18367004394531;919,7166748046875;328,5472717285156;152,30335998535156;189,89822387695312;228,5356903076172;368,37603759765625;931,6588745117188;131,36419677734375;146,00010681152344;78,25476837158203;291,61224365234375;888,4617919921875;229,02999877929688;289,56903076171875;381,6300048828125;79,34038543701172;41,22999954223633;168,66629028320312;1792,6300048828125;98,32101440429688;21,861717224121094;178,91917419433594;39,32562255859375;93,61000061035156;502,078369140625;354,489990234375;139,11000061035156;326,3521423339844;176,07554626464844;473,6000061035156;160,83047485351562;7209,009765625
2026-05-01;279,6409606933594;412,76727294921875;198,21897888183594;385,45977783203125;608,1863403320312;268,260009765625;311,06866455078125;52,96480941772461;919,6569213867188;326,744384765625;150,74411010742188;187,2655487060547;225,89088439941406;366,6856994628906;960,2984619140625;131,03562927246094;146,16883850097656;78,07592010498047;284,7090759277344;888,0225830078125;227,3800048828125;286,1533203125;390,82000732421875;78,78227996826172;40,619998931884766;167,24649047851562;1850,050048828125;98,41886138916016;21,732707977294922;176,35862731933594;39,058170318603516;92,05999755859375;494,6308288574219;360,5400085449219;144,07000732421875;321,4687805175781;183,3468017578125;473,010009765625;171,23428344726562;7230,1201171875
2026-05-04;276,33685302734375;411,9505615234375;198,24893188476562;383,0212097167969;609,8447875976562;272,04998779296875;306,270263671875;51,92023468017578;899,3065795898438;325,5690002441406;151,67176818847656;188,88641357421875;222,91798400878906;368,6445007324219;964,884033203125;129,7710723876953;142,3572998046875;77,68842315673828;282,1861877441406;873,1602172851562;221,3000030517578;280,1707458496094;392,510009765625;76,39041137695312;40,18000030517578;170,13607788085938;1813,530029296875;96,51075744628906;21,841869354248047;167,76039123535156;38,67184829711914;91,0199966430664;503,8952941894531;341,5400085449219;146,02999877929688;310,0941162109375;185,00250244140625;468,5199890136719;179,66494750976562;7200,75
2026-05-05;283,67376708984375;409,7196350097656;196,271240234375;388,1981201171875;604,3998413085938;273,54998779296875;308,0124206542969;52,84542465209961;914,8580322265625;320,7678527832031;152,8461456298828;189,24005126953125;224,26026916503906;361,8035583496094;985,758056640625;130,22909545898438;143,82632446289062;77,9765625;283,2489929199219;902,9150390625;224,3800048828125;286,3230895996094;389,3699951171875;77,94512176513672;40,09000015258789;170,3160400390625;1817,31005859375;98,34058380126953;21,603702545166016;185,863525390625;39,33552551269531;87,88999938964844;496,24810791015625;355,260009765625;135,91000366210938;313,07177734375;186,50863647460938;465,5199890136719;184,70741271972656;7259,22021484375
2026-05-06;286,9978332519531;412,2891845703125;207,5880584716797;397,8023986816406;612,3125;274,989990234375;313,4877624511719;53,32294464111328;933,2369995117188;317,5505065917969;146,7374267578125;181,89207458496094;223,33558654785156;365,1942138671875;983,9437866210938;129,52215576171875;146,80410766601562;78,72174835205078;282,1861877441406;925,213623046875;229,92999267578125;305,4492492675781;398,7300109863281;83,28697204589844;40,689998626708984;173,84555053710938;1841,1400146484375;103,24293518066406;20,75027084350586;191,8613739013672;39,523738861083984;88,2699966430664;491,06683349609375;421,3900146484375;133,7899932861328;320,64495849609375;180,7235565185547;469,8299865722656;193,35731506347656;7365,1201171875
2026-05-07;286,9279479980469;419,07171630859375;211,2537841796875;397,7524108886719;616,2388305664062;271,1700134277344;304,8964538574219;52,47734069824219;921,8074340820312;320,02081298828125;144,65513610839844;179,27902221679688;221,23764038085938;367,6402282714844;971,8919067382812;129,64163208007812;144,9777374267578;77,9268798828125;281,78887939453125;894,031494140625;231,02999877929688;302,25323486328125;411,7900085449219;82,3302230834961;40,970001220703125;170,0760955810547;1870,010009765625;100,89450073242188;20,214397430419922;201,8046417236328;38,43410873413086;88,25;500,1016845703125;408,4599914550781;137,0500030517578;320,238037109375;185,86029052734375;475,0799865722656;193,91537475585938;7337,10986328125
2026-05-08;292,7974853515625;413,44451904296875;214,94947814941406;400,56072998046875;609,0654907226562;272,67999267578125;300,74517822265625;51,04478454589844;932,370849609375;317,54058837890625;142,67153930664062;178,41455078125;220,05445861816406;377,8221130371094;945,4652709960938;130,1184844970703;145,33506774902344;77,91693878173828;273,8924255371094;895,7882080078125;237,36000061035156;296,7800598144531;428,3500061035156;85,67884063720703;39,22999954223633;169,91610717773438;1632,52001953125;103,11572265625;20,174701690673828;218,2837677001953;38,75109100341797;87,48999786376953;494,65081787109375;455,19000244140625;137,8000030517578;315,086669921875;181,35194396972656;475,94000244140625;195,27066040039062;7398,93017578125
2026-05-11;292,42779541015625;410,99444580078125;219,18453979492188;388,40802001953125;598,3054809570312;268,989990234375;298,6545715332031;50,28871154785156;940,7140502929688;322,5906677246094;147,7144317626953;181,4794921875;220,163818359375;382,25677490234375;963,9469604492188;127,28527069091797;142,29774475097656;78,15541076660156;272,75018310546875;925,0738525390625;238,2100067138672;300,3955383300781;445,0;87,29335021972656;37,209999084472656;169,97608947753906;1557,300048828125;105,58158111572266;20,591493606567383;236,65591430664062;38,29542922973633;85,44999694824219;496,9768981933594;458,7900085449219;136,88999938964844;309,0816955566406;177,0330810546875;479,54998779296875;193,16796875;7412,83984375
2026-05-12;294,54595947265625;406,1241760253906;220,52297973632812;387,1187744140625;602,441650390625;265,82000732421875;303,5126953125;50,517520904541016;941,7495727539062;325,8147277832031;148,65196228027344;182,66812133789062;222,97763061523438;394,138916015625;986,7549438476562;130,0386962890625;142,8436737060547;79,51661682128906;272,9885559082031;910,4510498046875;236,8699951171875;297,0797119140625;433,45001220703125;90,46258544921875;35,709999084472656;172,25576782226562;1578,780029296875;107,14720153808594;20,343402862548828;209,5360870361328;37,879390716552734;87,66000366210938;498,9735412597656;448,2900085449219;136,0;308,148681640625;170,86898803710938;484,9599914550781;186,18228149414062;7400,9599609375
2026-05-13;298,6124572753906;403,57452392578125;225,56710815429688;402,3796691894531;616,0590209960938;270,1300048828125;298,9034729003906;49,58238220214844;951,2277221679688;319,7160339355469;149,57962036132812;182,71725463867188;229,1024169921875;398,8818054199219;1012,553466796875;131,156005859375;141,18605041503906;79,7451400756836;273,8427734375;900,6292114257812;240,60000610351562;294,34307861328125;445,2699890136719;91,5987319946289;32,75;172,62571716308594;1562,0;109,63262176513672;19,44035530090332;212,38555908203125;36,43315887451172;87,55999755859375;489,81890869140625;445,5;130,0500030517578;300,2975769042969;165,41307067871094;485,5199890136719;189,10211181640625;7444,25
2026-05-14;297,9530334472656;407,7774963378906;235,465576171875;400,8305969238281;617,8573608398438;267,2200012207031;298,56500244140625;49,59232711791992;964,7083740234375;321,92193603515625;150,77371215820312;183,345947265625;229,48025512695312;396,82354736328125;1003,531982421875;132,14364624023438;141,65257263183594;79,93392181396484;273,11767578125;918,5159912109375;229,2100067138672;291,17706298828125;443,29998779296875;89,0772933959961;34,08000183105469;171,305908203125;1607,3699951171875;107,23526000976562;19,628904342651367;199,34373474121094;36,77985763549805;86,94000244140625;489,1200866699219;449,70001220703125;133,72999572753906;302,08416748046875;167,14859008789062;484,05999755859375;194,9318389892578;7501,240234375
2026-05-15;299,9713134765625;420,2170715332031;225,05770874023438;396,54315185546875;613,6612548828125;264,1400146484375;296,4743957519531;49,51274490356445;944,3082275390625;325,1459655761719;156,90402221679688;187,72723388671875;225,41363525390625;391,61334228515625;1003,4819946289062;131,1360626220703;140,52101135253906;80,30155181884766;274,52813720703125;886,6651611328125;220,49000549316406;281,17950439453125;422,239990234375;82,76873779296875;38,90999984741211;166,80654907226562;1546,81005859375;101,46204376220703;19,77775764465332;200,74855041503906;35,888343811035156;87,0199966430664;493,3729553222656;424,1000061035156;133,99000549316406;295,29510498046875;173,06332397460938;482,70001220703125;192,2810516357422;7408,5
2026-05-18;297,5833435058594;421,83056640625;222,0612030029297;396,70306396484375;610,64404296875;264,8599853515625;299,3813171386719;50,42798614501953;942,20751953125;332,023193359375;159,45748901367188;192,65863037109375;227,61099243164062;388,9087829589844;986,6761474609375;133,02154541015625;141,33493041992188;80,67910766601562;280,5671691894531;862,3502807617188;220,61000061035156;285,6339416503906;409,989990234375;81,57279205322266;39,849998474121094;164,00692749023438;1585,9100341796875;101,10977172851562;20,5418758392334;202,890625;36,39353561401367;89,6500015258789;504,9435729980469;420,989990234375;135,13999938964844;297,5779724121094;179,01795959472656;488,3800048828125;185,96304321289062;7403,0498046875
2026-05-19;298,7123718261719;415,7352600097656;220,35317993164062;387,4285888671875;602,052001953125;259,3399963378906;294,3738708496094;50,43793487548828;924,664794921875;329,2982482910156;161,50424194335938;195,54345703125;228,684814453125;387,02947998046875;1019,9484252929688;133,87948608398438;140,2530059814453;81,39449310302734;278,90838623046875;858,5573120117188;215,00999450683594;284,9248352050781;404,1099853515625;79,1011962890625;40,25;164,1669158935547;1594,8599853515625;98,75155639648438;20,254091262817383;194,8901824951172;35,551551818847656;89,33000183105469;498,86376953125;414,04998779296875;135,25999450683594;300,1883850097656;178,95811462402344;480,4599914550781;180,83090209960938;7353,60986328125
2026-05-20;301,98956298828125;419,36053466796875;223,20985412597656;388,6778564453125;604,499755859375;265,010009765625;300,625732421875;50,96519470214844;977,8106079101562;330,1366882324219;155,27456665039062;189,6746826171875;228,0087127685547;381,12322998046875;1017,4120483398438;130,53749084472656;141,3845672607422;81,02687072753906;278,3819580078125;870,9442749023438;222,1999969482422;299,79632568359375;417,260009765625;82,03123474121094;41,790000915527344;167,8863983154297;1651,199951171875;101,09020233154297;19,67852020263672;201,76478576660156;36,4034423828125;88,08999633789062;497,20654296875;447,5799865722656;137,14999389648438;308,2677917480469;179,63636779785156;480,8999938964844;187,50767517089844;7432,97021484375
2026-05-21;304,7271728515625;418,3025207519531;219,25445556640625;387,4285888671875;606,8175659179688;268,4599914550781;301,6411437988281;51,223854064941406;983,8340454101562;330,5060119628906;154,2909393310547;189,35743713378906;230,40492248535156;380,3078918457031;1040,1595458984375;121,05020141601562;142,3374481201172;80,64929962158203;282,265625;864,3465576171875;219,61000061035156;301,38433837890625;417,8500061035156;82,73883056640625;40,630001068115234;169,03622436523438;1677,9000244140625;102,50904846191406;19,87699317932129;212,6246795654297;36,660987854003906;89,30000305175781;498,78387451171875;449,5899963378906;137,4149932861328;311,4439697265625;175,8561248779297;479,9800109863281;189,11209106445312;7445,72021484375
2026-05-22;308,55389404296875;417,7835388183594;215,07933044433594;382,74139404296875;609,6949462890625;266,32000732421875;305,0059814453125;51,532249450683594;992,3564453125;328,2701721191406;153,92332458496094;189,7738037109375;233,0;386,2638854980469;1063,47607421875;119,98275756835938;143,3697509765625;80,95732116699219;280,3684997558594;878,2607421875;219,02000427246094;302,4629821777344;426,010009765625;83,06771087646484;40,130001068115234;168,76626586914062;1664,4200439453125;101,99044036865234;19,74798583984375;237,28359985351562;36,02702331542969;88,5999984741211;497,7056884765625;467,510009765625;136,8800048828125;310,7392578125;179,6064453125;486,3800048828125;191,41407775878906;7473,47021484375
2026-05-26;308,0643005371094;415,248291015625;214,60987854003906;388,6478576660156;611,7730102539062;265,2900085449219;305,3643493652344;51,93018341064453;990,1561889648438;325,8746337890625;148,84619140625;183,11195373535156;230,17999267578125;374,71978759765625;1063,2164306640625;118,28681945800781;141,9007110595703;79,94385528564453;277,3787841796875;906,86767578125;218,89999389648438;314,09844970703125;433,5899963378906;87,21363067626953;38,41999816894531;169,39617919921875;1648,0400390625;104,6422119140625;19,251806259155273;247,90438842773438;36,14589309692383;87,68000030517578;492,1849365234375;503,8900146484375;136,60000610351562;308,22808837890625;178,61898803710938;483,6199951171875;192,3906707763672;7519,1201171875
2026-05-27;310,5821533203125;411,8946228027344;212,35250854492188;388,5978698730469;634,6718139648438;271,8500061035156;297,93780517578125;50,83586883544922;992,0975952148438;327,00250244140625;146,948486328125;180,82192993164062;231,2899932861328;381,8292236328125;1081,3704833984375;118,25688934326172;146,39715576171875;81,09642028808594;279,0276184082031;908,2451171875;224,3000030517578;316,8150634765625;440,3599853515625;85,79843139648438;38,81999969482422;169,8561248779297;1696,1700439453125;104,31929779052734;18,815166473388672;232,54110717773438;35,76947784423828;87,3499984741211;494,2115478515625;495,5400085449219;132,50999450683594;315,4836730957031;177,0530242919922;479,9200134277344;190,2979736328125;7520,35986328125
2026-05-28;312,24072265625;426,18768310546875;214,00057983398438;389,8971252441406;634,7017211914062;274,0;295,3992614746094;50,50757598876953;1003,9454345703125;324,3474426269531;146,01454162597656;181,4464874267578;230,8000030517578;380,35760498046875;1125,1876220703125;118,61603546142578;144,828857421875;79,89418029785156;276,09747314453125;886,0263061523438;228,77999877929688;320,42059326171875;442,1000061035156;88,1404800415039;39,93000030517578;172,21578979492188;1695,530029296875;104,18230438232422;18,686159133911133;242,39471435546875;35,76947784423828;86,36000061035156;492,9237060546875;518,0900268554688;143,33999633789062;318,8186340332031;175,7164764404297;477,4200134277344;202,99378967285156;7563,6298828125
2026-05-29;311,7911071777344;449,3940124511719;210,8942108154297;380,1129455566406;631,92431640625;270,6400146484375;297,9676818847656;51,333282470703125;1021,06005859375;325,75482177734375;144,32546997070312;180,8814239501953;225,3300018310547;378,15020751953125;1103,4188232421875;115,47355651855469;142,4962615966797;78,50315856933594;277,3191833496094;874,2481689453125;231,14999389648438;323,35693359375;435,7900085449219;87,84149169921875;40,36000061035156;172,15577697753906;1695,6500244140625;104,1040267944336;18,626619338989258;250,09628295898438;35,57136154174805;86,0199966430664;493,1533203125;516,0999755859375;156,5399932861328;314,7789611816406;190,60804748535156;474,4800109863281;224,9972381591797;7580,06005859375
2026-06-01;306,0460510253906;459,6546936035156;224,09881591796875;376,14532470703125;599,9139404296875;261,260009765625;295,2499084472656;51,24374771118164;1048,5799560546875;322,1714782714844;148,41897583007812;184,22225952148438;223,50999450683594;377,7027587890625;1080,6513671875;114,32630157470703;139,24057006835938;78,13553619384766;274,2499694824219;863,7576293945312;224,3000030517578;324,1958923339844;415,8800048828125;89,75498962402344;44,439998626708984;169,34617614746094;1730,97998046875;106,61880493164062;18,715930938720703;228,14735412597656;35,33362579345703;85,8499984741211;494,42120361328125;510,1300048828125;160,64999389648438;308,3769836425781;209,0604248046875;470,2900085449219;247,28968811035156;7599,9599609375
2026-06-02;314,92840576171875;440,48077392578125;222,56060791015625;361,6340026855469;597,0765991210938;256,5199890136719;299,6102600097656;52,208736419677734;1064,5799560546875;316,7315979003906;148,59780883789062;185,92738342285156;222,88999938964844;375,7738037109375;1062,6273193359375;112,78997802734375;139,77658081054688;77,90701293945312;276,3599853515625;908,1253051757812;217,6999969482422;317,324462890625;423,739990234375;93,34280395507812;42,279998779296875;164,2469024658203;1672,8299560546875;109,27056884765625;18,57699966430664;239,9537353515625;35,442588806152344;83,33000183105469;476,8805847167969;521,5399780273438;152,1699981689453;309,2007751464844;200,32296752929688;471,510009765625;243,73207092285156;7609,77978515625
2026-06-03;309,9926452636719;426,53704833984375;214,5;358,77569580078125;622,4031372070312;250,02000427246094;299,50079345703125;52,129150390625;1041,02001953125;311,8207092285156;151,5487060546875;188,06869506835938;223,24000549316406;374,8590087890625;1077,236328125;116,61083221435547;139,1512451171875;78,25476837158203;273,2900085449219;924,4650268554688;210,5800018310547;314,248291015625;423,70001220703125;89,94434356689453;39,66999816894531;167,47645568847656;1638,5400390625;105,54244232177734;18,190000534057617;249,08999633789062;34,31333923339844;81,5199966430664;470,7608337402344;542,52001953125;142,1999969482422;310,6400146484375;190,1193084716797;475,3699951171875;229,53146362304688;7553,68017578125
2026-06-04;310,9618225097656;427,2456970214844;218,66000366210938;371,96783447265625;626,9888916015625;253,7899932861328;309,4957580566406;53,88999938964844;1092,6099853515625;319,5862731933594;151,0618438720703;186,720458984375;228,1699981689453;394,21844482421875;1123,6597900390625;117,45880126953125;139,7368621826172;76,32720947265625;272,7200012207031;938,738525390625;217,4199981689453;327,2420959472656;418,45001220703125;89,9144515991211;39,58000183105469;171,4058837890625;1634,780029296875;103,13529968261719;18,059999465942383;242,57000732421875;34,45201873779297;81,55999755859375;480,9537658691406;523,2000122070312;141,6999969482422;309,95001220703125;188,26409912109375;478,6300048828125;235,5206298828125;7584,31005859375
2026-06-05;307,0751647949219;415,8870849609375;205,10000610351562;368,30999755859375;592,450927734375;246,02999877929688;310,9691162109375;53,83000183105469;1038,6800537109375;322,9700012207031;148,9554901123047;185,689453125;232,77000427246094;397,201416015625;1129,801025390625;118,59607696533203;145,4541778564453;78,97014617919922;279,8399963378906;902,6055908203125;215,4499969482422;327,5916442871094;391,0;80,36688995361328;38,29999923706055;168,41632080078125;1607,800048828125;98,52649688720703;17,75;215,94000244140625;33,68927764892578;82,18000030517578;490,2581481933594;466,3800048828125;135,52999877929688;310,7799987792969;185,1820526123047;488,1300048828125;212,93917846679688;7383,740234375
2026-06-08;301,2801818847656;410,9663391113281;208,63999938964844;363,30999755859375;584,8479614257812;245,22000122070312;309,7147521972656;53,630001068115234;1045,0;319,0772399902344;150,77371215820312;187,60276794433594;232,16000366210938;404,2610778808594;1147,505615234375;119,54381561279297;144,0248565673828;79,0297622680664;277,7799987792969;913,9445190429688;215,9199981689453;321,6390686035156;408,95001220703125;81,01469421386719;38,16999816894531;166,8965301513672;1611,989990234375;98,76134490966797;17,75;217,77000427246094;33,37229537963867;82,63999938964844;484,85723876953125;490,3299865722656;136,47000122070312;309,7099914550781;182,08006286621094;487,0;211,0856475830078;7405,72998046875
2026-06-09;290,29962158203125;402,6520080566406;208,19000244140625;364,260009765625;584,0487060546875;244,19000244140625;311,2976379394531;54,41999816894531;1032,010009765625;324,4472351074219;147,95199584960938;185,1442108154297;237,0;410,6545715332031;1143,0421142578125;118,59607696533203;147,5684051513672;80,81820678710938;282,25;913,0062866210938;214,50999450683594;330,02862548828125;396,67999267578125;79,86858367919922;37,470001220703125;169,336181640625;1641,1600341796875;99,24081420898438;17,81999969482422;205,4199981689453;33,600128173828125;81,41000366210938;494,41119384765625;475,510009765625;132,07000732421875;321,3299865722656;174,8986053466797;487,7699890136719;205,0964813232422;7386,64990234375
2026-06-10;291,3287353515625;396,61334228515625;200,4199981689453;356,3800048828125;570,4512939453125;238,0;307,75360107421875;54,540000915527344;1001,2899780273438;322,3611145019531;149,65098571777344;188,1579132080078;238,49000549316406;405,1460266113281;1134,743896484375;120,30199432373047;147,94558715820312;83,05377197265625;282,5199890136719;854,5746459960938;209,0;318,3132019042969;381,5899963378906;77,18769073486328;36,849998474121094;165,9066619873047;1588,2900390625;96,9315185546875;18,110000610351562;191,1999969482422;33,461448669433594;82,0;488,2615051269531;452,3999938964844;130,2100067138672;318,9200134277344;170,47999572753906;483,67999267578125;200,56224060058594;7266,990234375
2026-06-11;295,375244140625;389,6065673828125;204,8699951171875;357,7699890136719;567,9036254882812;241,50999450683594;312,0840759277344;55,15999984741211;1035,6400146484375;318,4583740234375;145,6568603515625;184,2123565673828;238,3300018310547;403,2468566894531;1159,2886962890625;120,21221160888672;147,2408447265625;82,00057983398438;284,7699890136719;895,9678955078125;221,6300048828125;332,3457336425781;399,1499938964844;82,87836456298828;36,41999816894531;170,46603393554688;1610,0;101,4131088256836;18,239999771118164;202,9600067138672;34,48173904418945;81,2699966430664;485,6958312988281;488,45001220703125;131,0800018310547;326,010009765625;166,4499969482422;485,7900085449219;183,4617462158203;7394,2998046875
2026-06-12;290,879150390625;390,00579833984375;205,19000244140625;359,67999267578125;566,4549560546875;238,5500030517578;319,28167724609375;56,02000045776367;1062,75;321,7922058105469;146,064208984375;185,60023498535156;240,8699951171875;406,20001220703125;1131,3787841796875;120,75092315673828;148,50143432617188;82,09000396728516;284,80999755859375;908,8839111328125;219,0500030517578;334,8825378417969;406,42999267578125;85,67884063720703;37,4900016784668;170,63600158691406;1589,5999755859375;103,08636474609375;18,3799991607666;211,72000122070312;34,76900100708008;80,33999633789062;489,1600341796875;511,57000732421875;127,98999786376953;328,3900146484375;165,88999938964844;489,25;183,49163818359375;7431,4599609375
2026-06-15;296,1645812988281;399,0088806152344;212,4499969482422;369,3500061035156;593,47998046875;246,02000427246094;317,96759033203125;55,869998931884766;1076,1700439453125;323,21954345703125;140,01339721679688;178,8392333984375;235,66000366210938;411,0400085449219;1127,7340087890625;120,53144836425781;149,3451385498047;80,91000366210938;286,1199951171875;932,20068359375;228,9499969482422;341,83392333984375;411,1499938964844;89,5058364868164;36,869998931884766;172,1699981689453;1646,3599853515625;103,6147689819336;17,34000015258789;220,80999755859375;34,63999938964844;81,66999816894531;489,81890869140625;547,260009765625;134,7100067138672;329,82000732421875;164,5500030517578;495,5199890136719;191,97213745117188;7554,2900390625
2026-06-16;298,9821472167969;393,0899963378906;207,41000366210938;373,25;600,2100219726562;246,0;329,6549377441406;56,84000015258789;1090,6700439453125;332,5022888183594;140,9473419189453;178,55174255371094;235,17999267578125;407,6499938964844;1120,893798828125;120,7409439086914;151,360107421875;80,27999877929688;287,92999267578125;943,7093505859375;227,49000549316406;351,2921142578125;404,6600036621094;89,48590850830078;36,630001068115234;171,44000244140625;1674,0799560546875;103,46798706054688;17,049999237060547;214,07000732421875;34,40999984741211;78,72000122070312;500,4909973144531;507,2900085449219;133,25;337,0899963378906;161,7100067138672;494,95001220703125;187,6770782470703;7511,35009765625
2026-06-17;295,6949768066406;378,1980285644531;204,64999389648438;363,7900085449219;567,5800170898438;237,5;331,9645080566406;56,529998779296875;1099,1400146484375;329,76739501953125;139,8345489501953;176,04364013671875;234,1999969482422;399,5299987792969;1110,4088134765625;117,84786987304688;149,44439697265625;79,93000030517578;283,82000732421875;954,14990234375;225,6300048828125;356,58551025390625;396,3800048828125;86,46617126464844;34,61000061035156;173,44000244140625;1631,8199462890625;100,46395111083984;16,790000915527344;212,97000122070312;34,11000061035156;76,95999908447266;492,1649475097656;512,47998046875;130,6300048828125;327,4800109863281;155,02000427246094;491,2799987792969;182,8937225341797;7420,10009765625
2026-06-18;297,7532043457031;378,6871032714844;210,69000244140625;368,0299987792969;577,219970703125;244,38999938964844;323,761474609375;56,20000076293945;1096,56005859375;326,6331787109375;136,92340087890625;172,1278076171875;228,38999938964844;400,9599914550781;1096,9979248046875;116,90013885498047;149,26573181152344;79,38999938964844;278,6099853515625;983,9945678710938;222,72000122070312;357,19476318359375;400,489990234375;85,19050598144531;30,739999771118164;173,63999938964844;1635,1500244140625;97,92960357666016;16,75;226,11000061035156;33,72999954223633;77,37999725341797;488,9703369140625;537,3699951171875;128,47000122070312;334,2799987792969;151,77999877929688;489,4599914550781;183,6510772705078;7500,580078125
2026-06-22;296,75408935546875;366,6497802734375;208,64999389648438;349,67999267578125;563,8499755859375;232,7899932861328;329,993408203125;57,369998931884766;1106,3699951171875;325,994384765625;137,57916259765625;173,54544067382812;231,2899932861328;406,67999267578125;1100,5029296875;116,90013885498047;146,58572387695312;79,52999877929688;270,1000061035156;1020,3870849609375;220,8300018310547;354,6778869628906;405,04998779296875;84,60250091552734;29,969999313354492;177,0;1589,449951171875;97,2250747680664;17,010000228881836;221,89999389648438;34,27000045776367;72,87999725341797;483,2798767089844;551,6300048828125;119,5;326,6199951171875;150,1199951171875;488,69000244140625;174,4630584716797;7472,7900390625
2026-06-23;294,04638671875;373,23736572265625;200,0399932861328;346,1300048828125;562,2000122070312;234,11000061035156;332,6414794921875;57,90999984741211;1094,43994140625;327,87091064453125;138,83103942871094;174,4574737548828;239,0800018310547;409,25;1105,495849609375;119,1347885131836;149,74217224121094;80,30999755859375;271,6600036621094;982,41748046875;216,7100067138672;356,0262145996094;381,6099853515625;79,21082305908203;29,280000686645508;178,08999633789062;1583,6600341796875;93,52629852294922;17,030000686645508;204,1300048828125;34,150001525878906;72,81999969482422;487,2532043457031;519,8499755859375;116,69999694824219;324,45001220703125;153,4199981689453;492,80999755859375;164,58740234375;7365,4599609375
2026-06-24;292,8274230957031;364,7733154296875;199,0;345,2900085449219;557,6699829101562;234,27000427246094;331,95458984375;57,72999954223633;1076,9100341796875;331,61395263671875;136,01925659179688;169,9666748046875;241,0;405,79998779296875;1115,6612548828125;118,71578979492188;150,91342163085938;80,5999984741211;273,8800048828125;992,6085815429688;220,25;365,42449951171875;375,5299987792969;75,44361877441406;29,1200008392334;181,52999877929688;1659,5699462890625;92,00959777832031;16,450000762939453;197,41000366210938;33,849998474121094;71,83999633789062;493,5826110839844;519,739990234375;113,5;342,8599853515625;152,75999450683594;494,80999755859375;156,98385620117188;7358,22021484375
2026-06-25;274,91290283203125;352,1670227050781;195,74000549316406;343,7099914550781;542,8699951171875;227,00999450683594;333,6170654296875;58,189998626708984;1065,0899658203125;329,9071044921875;136,66506958007812;170,74984741210938;244,8800048828125;415,5299987792969;1126,0762939453125;115,50347900390625;147,399658203125;80,41999816894531;264,5400085449219;1055,052734375;218,1199951171875;370,89764404296875;375,1199951171875;76,22098541259766;27,729999542236328;183,6699981689453;1619,25;93,06639862060547;16,520000457763672;204,89999389648438;34,18000030517578;70,9000015258789;488,101806640625;532,5700073242188;107,2699966430664;345,0;150,19000244140625;487,80999755859375;151,9314422607422;7357,490234375
2026-06-26;283,53546142578125;372,2691955566406;192,52999877929688;337,3900146484375;550,25;232,69000244140625;327,57427978515625;57,880001068115234;1019,6099853515625;335,6065368652344;135,66156005859375;169,58004760742188;254,66000366210938;427,8900146484375;1206,3912353515625;115,41370391845703;147,9158172607422;82,62999725341797;269,760009765625;995,6229858398438;217,25;368,5406188964844;379,7099914550781;75,9219970703125;30,030000686645508;187,36000061035156;1675,0999755859375;91,725830078125;16,290000915527344;189,38999938964844;34,66999816894531;73,80999755859375;498,18487548828125;521,5800170898438;112,93000030517578;348,8599853515625;158,3699951171875;498,6600036621094;148,0150604248047;7354,02001953125
2026-06-29;281,4972229003906;367,8774719238281;194,97000122070312;353,6499938964844;562,5999755859375;240,13999938964844;327,91278076171875;57,880001068115234;1020,2100219726562;341,0164794921875;135,18466186523438;167,012451171875;258,510009765625;419,82000732421875;1228,170166015625;114,32630157470703;147,3500213623047;82,6500015258789;267,17999267578125;1031,27685546875;214,69000244140625;373,2447509765625;411,8399963378906;75,73999786376953;30,079999923706055;189,7899932861328;1683,1300048828125;92,2640151977539;16,280000686645508;188,72000122070312;34,54999923706055;73,77999877929688;508,787109375;539,489990234375;115,69999694824219;350,80999755859375;157,92999267578125;496,0;147,2477264404297;7440,43017578125
2026-06-30;289,11065673828125;372,319091796875;200,08999633789062;357,3699951171875;563,2899780273438;238,33999633789062;325,86199951171875;56,97999954223633;1011,3699951171875;342,45379638671875;135,8404083251953;164,32589721679688;253,97000122070312;415,6300048828125;1197,7137451171875;112,989501953125;145,55343627929688;81,2699966430664;270,30999755859375;1062,92822265625;216,47000122070312;373,2647399902344;420,6000061035156;76,97000122070312;28,940000534057617;190,19000244140625;1697,3900146484375;92,8902587890625;16,15999984741211;184,7899932861328;34,5;71,4000015258789;512,740478515625;580,9099731445312;116,66999816894531;352,67999267578125;156,66000366210938;500,3900146484375;146,04193115234375;7499,35986328125
2026-07-01;294,1263427734375;383,5579528808594;197,5800018310547;361,2099914550781;612,9099731445312;241,6999969482422;332,5718078613281;58,36000061035156;1019,6099853515625;350,4289855957031;135,4032440185547;164,25650024414062;253,97999572753906;426,5400085449219;1190,03466796875;108,56010437011719;146,33758544921875;81,29000091552734;269,42999267578125;989,57421875;218,5800018310547;374,47320556640625;425,29998779296875;75,29000091552734;31,389999389648438;190,1199951171875;1742,18994140625;91,34420776367188;15,989999771118164;181,9199981689453;34,18000030517578;74,19000244140625;521,565673828125;540,8800048828125;125,7300033569336;350,8399963378906;163,22999572753906;499,739990234375;142,00596618652344;7483,22998046875
2026-07-02;308,3640441894531;389,7562561035156;194,8300018310547;359,9100036621094;582,9000244140625;242,6699981689453;332,9700012207031;58,72999954223633;1021,0;361,45849609375;136,20802307128906;167,7361297607422;263,0400085449219;425,3599853515625;1212,1729736328125;111,57289123535156;150,28810119628906;84,13999938964844;280,6300048828125;961,7459106445312;226,49000549316406;377,04998779296875;393,45001220703125;76,6500015258789;32,5099983215332;195,6999969482422;1763,3599853515625;92,39122009277344;16,110000610351562;176,25;34,43000030517578;77,6500015258789;538,4873046875;517,8200073242188;129,3000030517578;357,8999938964844;166,11000061035156;507,7799987792969;139,78370666503906;7483,240234375
2026-07-06;312,3905944824219;386,0133056640625;195,5500030517578;366,4599914550781;600,2899780273438;244,16000366210938;337,7200012207031;59,900001525878906;1055,2900390625;356,5875549316406;135,5622100830078;166,64566040039062;259,3299865722656;417,989990234375;1198,3428955078125;110,38573455810547;148,2036590576172;82,95999908447266;279,5;968,1240234375;234,5399932861328;378,67999267578125;419,7699890136719;78,4800033569336;30,950000762939453;195,30999755859375;1805,6800537109375;91,56926727294922;16,260000228881836;186,47999572753906;34,91999816894531;76,0199966430664;532,2078247070312;552,0499877929688;132,5399932861328;350,6499938964844;165,64999389648438;506,5799865722656;143,2615966796875;7537,43017578125
2026-07-07;310,3923034667969;388,109375;196,92999267578125;367,0299987792969;615,5800170898438;245,97999572753906;339,2200012207031;59,86000061035156;1042,97998046875;351,54693603515625;140,7784423828125;172,5045166015625;267,239990234375;428,19000244140625;1233,7921142578125;111,27361297607422;151,6181640625;84,05000305175781;282,2099914550781;938,3792114257812;231,67999267578125;366,9800109863281;402,8999938964844;74,62999725341797;31,649999618530273;198,22999572753906;1813,6099853515625;89,2893295288086;16,65999984741211;182,97000122070312;34,63999938964844;76,18000030517578;530,7303466796875;516,1099853515625;134,3699951171875;345,2099914550781;169,52000427246094;504,0;141,1090850830078;7503,85009765625
2026-07-08;313,1199645996094;382,6197204589844;204,1199951171875;361,9200134277344;603,1199951171875;243,6199951171875;330,6199951171875;58,29999923706055;1029,6400146484375;346,88555908203125;140,2220458984375;174,44757080078125;263,3999938964844;425,6000061035156;1214,0902099609375;112,82987976074219;147,30039978027344;83,4000015258789;278,25;946,324462890625;224,9499969482422;356,0299987792969;394,05999755859375;73,04000091552734;29,899999618530273;196,33999633789062;1809,3800048828125;86,89197540283203;17,239999771118164;186,55999755859375;34,40999984741211;75,58999633789062;518,989990234375;517,4099731445312;132,22000122070312;336,2099914550781;166,5800018310547;494,7900085449219;140,00294494628906;7482,7099609375
2026-07-09;315,947509765625;383,6377868652344;202,77999877929688;358,8900146484375;631,47998046875;247,0399932861328;335,4700012207031;59,25;1055,969970703125;347,5543518066406;136,57565307617188;172,54417419433594;259,1000061035156;431,67999267578125;1215,2086181640625;111,94200897216797;145,7618865966797;82,62999725341797;276,489990234375;936,6524047851562;223,11000061035156;359,0400085449219;406,54998779296875;75,4000015258789;31,290000915527344;197,33999633789062;1807,8299560546875;87,56714630126953;17,030000686645508;191,11000061035156;34,959999084472656;75,47000122070312;523,2000122070312;546,719970703125;129,0399932861328;338,7300109863281;162,5;495,45001220703125;143,72000122070312;7543,64013671875
2026-07-10;315,0483093261719;384,37640380859375;210,9600067138672;357,17999267578125;669,2100219726562;245,33999633789062;336,4700012207031;59,66999816894531;1055,1800537109375;348,3229064941406;137,9865264892578;174,87384033203125;256,9800109863281;424,6199951171875;1186,879150390625;113,62797546386719;145,95046997070312;83,48999786376953;274,6000061035156;950,6464233398438;222,27999877929688;359,2699890136719;407,760009765625;76,54000091552734;29,959999084472656;192,05999755859375;1852,219970703125;88,59458923339844;17,31999969482422;189,16000366210938;35,93000030517578;73,37000274658203;526,739990234375;557,8900146484375;126,79000091552734;343,29998779296875;163,32000732421875;493,7099914550781;140,63999938964844;7575,39013671875
2026-07-13;317,03656005859375;390,2553405761719;203,52999877929688;352,510009765625;656,72998046875;247,30999755859375;334,5299987792969;59,5;1045,9100341796875;357,08660888671875;143,58029174804688;180,6236572265625;257,7699890136719;429,0899963378906;1180,1788330078125;114,50586700439453;147,27061462402344;84,25;272,6099853515625;929,7451782226562;215,50999450683594;353,4200134277344;394,760009765625;74,3499984741211;32,119998931884766;189,5500030517578;1867,300048828125;87,9194107055664;17,8799991607666;183,97999572753906;35,38999938964844;73,83000183105469;537,7000122070312;534,3900146484375;130,0399932861328;337,1099853515625;171,22000122070312;496,8500061035156;131,5399932861328;7515,33984375
2026-07-14;314,58868408203125;384,20672607421875;211,8000030517578;359,510009765625;661,0399780273438;247,49000549316406;342,8900146484375;60,619998931884766;1140,0;355,3598327636719;144,15655517578125;180,18746948242188;253,85000610351562;425,19000244140625;1150,890869140625;113,4284439086914;144,99758911132812;83,08000183105469;268,94000244140625;931,6117553710938;217,11000061035156;353,7300109863281;396,17999267578125;78,72000122070312;30,920000076293945;188,6699981689453;1873,8800048828125;91,2854995727539;17,920000076293945;178,10000610351562;36,029998779296875;73,52999877929688;538,02001953125;548,1300048828125;133,72000122070312;337,739990234375;167,55999755859375;491,0899963378906;127,94000244140625;7543,58984375
2026-07-15;327,2178039550781;394,8866271972656;212,5;370,9200134277344;681,3099975585938;254,9600067138672;346,9100036621094;61,59000015258789;1152,0699462890625;354,4814758300781;143,58029174804688;180,02886962890625;247,02000427246094;418,5199890136719;1154,9749755859375;112,26124572753906;146,9530029296875;82,44999694824219;264,95001220703125;912,6069946289062;218,1199951171875;360,3500061035156;394,4599914550781;77,26000213623047;31,979999542236328;189,89999389648438;1843,18994140625;91,60841369628906;17,860000610351562;177,97999572753906;35,880001068115234;73,68000030517578;535,2100219726562;529,1400146484375;133,75999450683594;341,44000244140625;167,0;488,3500061035156;132,49000549316406;7572,39990234375
2026-07-16;332,97283935546875;400,3463439941406;207,39999389648438;354,4599914550781;664,5399780273438;249,88999938964844;343,1499938964844;61,4900016784668;1095,4599609375;364,4629211425781;145,0110321044922;182,26930236816406;249,97000122070312;423,3800048828125;1167,4970703125;114,67546081542969;150,37742614746094;84,91999816894531;273,4599914550781;875,5457763671875;214,33999633789062;345,7300109863281;391,05999755859375;74,68000030517578;32,20000076293945;189,50999450683594;1857,4200439453125;88,72179412841797;17,469999313354492;170,61000061035156;35,33000183105469;74,3499984741211;551,5399780273438;500,94000244140625;134,44000244140625;348,0199890136719;172,67999267578125;493,1199951171875;124,20999908447266;7533,77001953125
2026-07-17;333,452392578125;393,08001708984375;202,80999755859375;346,7699890136719;646,010009765625;247,22999572753906;341,1000061035156;61,27000045776367;1065,219970703125;357,8951110839844;146,41195678710938;185,75885009765625;253,0399932861328;426,0899963378906;1177,4227294921875;113,96715545654297;148,86868286132812;81,55999755859375;267,7099914550781;878,6500244140625;214,02999877929688;348,8299865722656;380,8399963378906;73,3499984741211;32,22999954223633;189,75999450683594;1813,9100341796875;88,21296691894531;17,969999313354492;171,77999877929688;35,22999954223633;68,94999694824219;543,5999755859375;495,760009765625;132,3800048828125;338,8699951171875;170,77000427246094;490,9100036621094;126,41000366210938;7457,68994140625
2026-07-20;326,3085632324219;401,53411865234375;203,27999877929688;351,989990234375;645,8499755859375;249,99000549316406;338,8699951171875;60,41999816894531;1055,030029296875;359,9013977050781;147,40553283691406;188,06869506835938;248,82000732421875;421,54998779296875;1145,2589111328125;111,9320297241211;148,02499389648438;82,12000274658203;267,6400146484375;864,2999877929688;209,47999572753906;341,29998779296875;369,57000732421875;73,86000061035156;32,290000915527344;186,52999877929688;1832,4200439453125;87,15617370605469;18,190000534057617;170,32000732421875;35,47999954223633;67,5999984741211;547,4400024414062;503,57000732421875;134,85000610351562;333,0400085449219;173,7899932861328;491,25;121,37999725341797;7443,27978515625
2026-07-21;327,45758056640625;397,00262451171875;207,2899932861328;347,1499938964844;643,8099975585938;247,5500030517578;345,2300109863281;61,220001220703125;1085,56005859375;355,16021728515625;150,73397827148438;189,41693115234375;250,61000061035156;436,3500061035156;1173,7281494140625;110,12635803222656;147,00262451171875;81,97000122070312;263,9100036621094;889,969970703125;204,8000030517578;340,70001220703125;378,92999267578125;78,23999786376953;32,099998474121094;189,30999755859375;1822,6500244140625;88,60437774658203;18,540000915527344;173,5;35,619998931884766;68,66999816894531;538,2999877929688;544,4299926757812;132,66000366210938;331,6000061035156;170,05999755859375;489,6499938964844;127,05000305175781;7509,2001953125
2026-07-22;325,60919189453125;389,6065673828125;212,05999755859375;342,0899963378906;627,1699829101562;244,85000610351562;348,2099914550781;61,619998931884766;1098,199951171875;352,7646789550781;153,4563446044922;191,31039428710938;255,6300048828125;431,30999755859375;1161,3458251953125;109,06888580322266;148,02499389648438;82,19999694824219;263,57000732421875;889,3099975585938;208,64999389648438;341,19000244140625;374,010009765625;79,98999786376953;30,670000076293945;187,0;1799,2099609375;90,29720306396484;18,889999389648438;175,6300048828125;36,619998931884766;68,52999877929688;531,97998046875;552,3300170898438;124,56999969482422;331,45001220703125;163,0;489,3900146484375;125,83999633789062;7498,9599609375
2026-07-23;321,3828430175781;380,8630065917969;208,75999450683594;317,69000244140625;606,0999755859375;233,66000366210938;349,8999938964844;61,279998779296875;1074,719970703125;350,9480285644531;155,88064575195312;192,73794555664062;259,2699890136719;423,55999755859375;1184,173095703125;108,14111328125;145,88099670410156;81,16999816894531;262,79998779296875;894,5399780273438;209,22999572753906;349,0;319,69000244140625;78,37000274658203;30,610000610351562;188,97999572753906;1798,699951171875;89,54374694824219;19,0;171,11000061035156;36,16999816894531;68,88999938964844;530,2899780273438;539,6900024414062;123,37000274658203;324,7099914550781;156,92999267578125;490,8500061035156;120,04000091552734;7408,2998046875
2026-07-24;332,7330322265625;380,9828186035156;206,83999633789062;319,739990234375;595,1900024414062;232,11000061035156;353,2099914550781;62,04999923706055;1061,22998046875;355,0803527832031;155,93032836914062;193,104736328125;263,3999938964844;420,739990234375;1194,318603515625;109,20855712890625;147,41000366210938;82,25;264,760009765625;888,72998046875;209,52000427246094;353,7300109863281;313,0299987792969;77,72000122070312;31,299999237060547;188,13999938964844;1801,43994140625;89,25997924804688;18,770000457763672;166,97000122070312;35,72999954223633;70,08999633789062;539,6599731445312;521,9500122070312;122,91999816894531;332,9800109863281;163,66000366210938;494,92999267578125;114,98999786376953;7411,97998046875
2026-07-27;336,61968994140625;388,368896484375;196,50999450683594;326,55999755859375;593,8699951171875;231,38999938964844;356,20001220703125;62,130001068115234;1048,22998046875;361,8577575683594;153,7742919921875;188,35618591308594;265,95001220703125;417,6400146484375;1195,81640625;111,47312927246094;148,6300048828125;84,06999969482422;270,6700134277344;873,280029296875;211,5;361,6099853515625;309,2200012207031;77,9000015258789;32,63999938964844;188,3300018310547;1819,739990234375;89,97428894042969;18,0;170,0399932861328;35,869998931884766;70,4000015258789;551,7100219726562;494,95001220703125;131,52999877929688;336,0899963378906;173,60000610351562;497,17999267578125;119,9000015258789;7413,18017578125
2026-07-28;339,78692626953125;392,61090087890625;197,00999450683594;333,7099914550781;593,4099731445312;230,86000061035156;357,30999755859375;62,619998931884766;1033,3399658203125;365,91021728515625;152,055419921875;185,95712280273438;266,7300109863281;428,7900085449219;1218,913330078125;112,82987976074219;148,8800048828125;88,2699966430664;273,0199890136719;840,8499755859375;221,55999755859375;363,5899963378906;307,44000244140625;76,5199966430664;35,11000061035156;190,52000427246094;1862,52001953125;89,67095184326172;18,06999969482422;162,8800048828125;36,04999923706055;72,38999938964844;562,75;454,6199951171875;123,52999877929688;344,4700012207031;181,5;512,3699951171875;119,95999908447266;7428,77978515625
2026-07-29;337,8985900878906;389,8061828613281;190,00999450683594;336,7099914550781;585,6099853515625;226,64999389648438;344,7099914550781;61,06999969482422;980,75;368,0462646484375;155,74154663085938;190,20008850097656;265,5299987792969;420,57000732421875;1208,28857421875;113,94721221923828;146,10000610351562;89,08000183105469;271,5199890136719;782,7100219726562;214,00999450683594;350,6300048828125;298,32000732421875;76,13999938964844;38,150001525878906;188,52999877929688;1863,31005859375;91,64755249023438;18,59000015258789;155,67999267578125;35,470001220703125;73,62999725341797;563,3200073242188;429,55999755859375;123,0;338,2699890136719;188,3800048828125;509,1600036621094;117,73999786376953;7316,14990234375
2026-07-30;333,1426696777344;450,2524108886719;195,0399932861328;333,6600036621094;539,030029296875;235,5;350,8500061035156;61,72999954223633;1024,8599853515625;365,5908203125;155,96014404296875;190,6461944580078;255,82000732421875;421,4700012207031;1153,3172607421875;110,83465576171875;143,9600067138672;88,48999786376953;268,44000244140625;809,1400146484375;220,89999389648438;355,0400085449219;308,8500061035156;79,5;36,38999938964844;189,9600067138672;1885,72998046875;95,0919189453125;19,1200008392334;151,60000610351562;36,529998779296875;73,16999816894531;577,3499755859375;485,3900146484375;122,26000213623047;333,3500061035156;180,7100067138672;509,67999267578125;127,55999755859375;7437,6298828125
2026-07-31;308,6438293457031;463,8468017578125;200,75;356,1300048828125;556,7100219726562;271,5799865722656;351,7900085449219;61,95000076293945;1018,3800048828125;365,4510803222656;154,4399871826172;195,12709045410156;256,3500061035156;414,3999938964844;1147,196044921875;110,93441772460938;144,49000549316406;87,58999633789062;270,6400146484375;814,8099975585938;216,13999938964844;360,07000732421875;311,2099914550781;78,86000061035156;36,599998474121094;186,41000366210938;1877,949951171875;94,76900482177734;19,399999618530273;147,61000061035156;36,650001525878906;71,70999908447266;573,0999755859375;476,1499938964844;123,05999755859375;331,9599914550781;184,02000427246094;511,5400085449219;129,8699951171875;7489,72021484375
2026-08-03;303,1585693359375;486,73370361328125;206,63999938964844;373,510009765625;590,239990234375;284,0199890136719;352,6400146484375;62,47999954223633;1027,06005859375;364,991943359375;154,0624237060547;191,5086669921875;254,41000366210938;415,3599853515625;1119,75537109375;110,44558715820312;144,97000122070312;86,86000061035156;265,2300109863281;830,030029296875;233,49000549316406;368,92999267578125;322,0799865722656;79,36000061035156;37,13999938964844;185,91000366210938;1898,7900390625;93,83942413330078;19,059999465942383;151,57000732421875;36,41999816894531;73,33000183105469;570,969970703125;484,6400146484375;125,6500015258789;340,0199890136719;185,9499969482422;513,1400146484375;141,85000610351562;7600,5
2026-08-04;309,1134033203125;491,884033203125;211,94000244140625;377,6499938964844;587,9400024414062;277,4200134277344;357,5199890136719;62,900001525878906;1052,97998046875;368,9046630859375;152,96951293945312;188,75271606445312;254,92999267578125;407,54998779296875;1114,0836181640625;111,28358459472656;148,00999450683594;86,55999755859375;268,3399963378906;876,5399780273438;237,16000366210938;377,2799987792969;327,3500061035156;83,98999786376953;38,130001068115234;190,14999389648438;1888,5;96,88259887695312;18,719999313354492;162,6699981689453;36,09000015258789;73,56999969482422;571,0999755859375;518,5800170898438;162,66000366210938;348,239990234375;190,99000549316406;517,219970703125;145,74000549316406;7736,52001953125
2026-08-05;310,7320251464844;486,5440673828125;219,22000122070312;362,42999267578125;588,77001953125;272,6499938964844;359,239990234375;63,25;1060,3800048828125;367,85662841796875;150,6544952392578;184,7972412109375;257,5899963378906;412,75;1168,18603515625;112,07169342041016;146,8000030517578;86,83000183105469;274,0;871,0800170898438;240,19000244140625;381,2200012207031;321,54998779296875;86,72000122070312;38,380001068115234;191,8000030517578;1922,5699462890625;99,3288803100586;18,360000610351562;157,52999877929688;36,11000061035156;74,19999694824219;570,47998046875;482,04998779296875;158,42999267578125;353,1400146484375;192,97999572753906;518,8499755859375;144,38999938964844;7723,5498046875
2026-08-06;312,14080810546875;498,9207458496094;218,99000549316406;357,75;589,9000244140625;272,260009765625;356,29998779296875;63,0;1032,5799560546875;369,7830505371094;153,84384155273438;187,59283447265625;256,9800109863281;403,9700012207031;1190,234375;111,8023452758789;146,97000122070312;86,8499984741211;276,260009765625;856,9600219726562;232,19000244140625;374,54998779296875;319,5299987792969;86,08999633789062;37,25;192,97000122070312;1830,0;97,50884246826172;18,520000457763672;160,38999938964844;35,810001373291016;73,69000244140625;575,9500122070312;489,2799987792969;155,9199981689453;349,5199890136719;186,77000427246094;524,6099853515625;143,47000122070312;7709,9599609375
2026-08-07;313,05999755859375;499,0505065917969;223,9600067138672;354,29998779296875;592,0999755859375;274,4800109863281;357,5199890136719;63,16999816894531;1039,6099853515625;361,82781982421875;152,055419921875;184,94593811035156;259,239990234375;407,0799865722656;1184,0133056640625;111,58287048339844;145,7899932861328;87,05000305175781;274,4800109863281;842,1900024414062;234,4199981689453;370,0799865722656;328,5799865722656;88,02999877929688;37,400001525878906;197,7100067138672;1820,68994140625;98,92768859863281;17,959999084472656;167,86000061035156;35,34000015258789;74,13999938964844;562,9500122070312;483,3599853515625;172,00999450683594;355,6199951171875;192,74000549316406;521,7999877929688;147,02000427246094;7757,64013671875
2026-08-10;308,260009765625;505,109130859375;217,5500030517578;357,5199890136719;594,9199829101562;278,0899963378906;359,7900085449219;63,86000061035156;1034,510009765625;360,6500244140625;158,76199340820312;193,2237091064453;261,80999755859375;408,739990234375;1230,1771240234375;112,39093780517578;146,44000244140625;86,87000274658203;273,7200012207031;837,5800170898438;232,7899932861328;366,70001220703125;330,8800048828125;89,51000213623047;38,54999923706055;200,02000427246094;1824,3399658203125;99,72029113769531;18,329999923706055;162,1699981689453;35,189998626708984;76,29000091552734;563,1699829101562;469,55999755859375;175,22999572753906;350,7799987792969;197,50999450683594;529,4199829101562;151,0500030517578;7753,10986328125
2026-08-11;304,9100036621094;502,86334228515625;217,5;343,79998779296875;599,1199951171875;272,2699890136719;362,0400085449219;64,0;1034,4100341796875;362,82000732421875;158,7719268798828;194,9585723876953;259,79998779296875;402,19000244140625;1213,2813720703125;112,989501953125;145,2100067138672;86,4800033569336;274,1499938964844;843,3699951171875;233,24000549316406;368,05999755859375;332,80999755859375;88,58999633789062;38,97999954223633;199,74000549316406;1940,0;98,82005310058594;17,93000030517578;162,67999267578125;33,97999954223633;74,79000091552734;561,4400024414062;474,32000732421875;174,94000244140625;354,4800109863281;197,47000122070312;516,3800048828125;145,47999572753906;7728,2001953125
2026-08-12;302,25;491,5047302246094;224,08999633789062;343,5400085449219;578,8499755859375;267,2799987792969;365,17999267578125;64,80999755859375;1037,2099609375;359,4200134277344;158,7222442626953;194,8990936279297;260,8599853515625;405,5899963378906;1218,533935546875;115,7329330444336;144,0800018310547;86,70999908447266;275,70001220703125;855,5999755859375;231,1999969482422;365,3299865722656;327,510009765625;88,30000305175781;38,7400016784668;200,72000122070312;1828,2900390625;99,04511260986328;17,760000228881836;163,07000732421875;33,86000061035156;74,20999908447266;559,72998046875;482,92999267578125;171,0399932861328;343,42999267578125;193,32000732421875;510,0;153,27999877929688;7748,5
2026-08-13;305,260009765625;495,9463806152344;225,3000030517578;346,3599853515625;594,969970703125;265,1300048828125;363,1099853515625;64,08999633789062;1042,6300048828125;365,45001220703125;157,58958435058594;195,98956298828125;262,0799865722656;399,05999755859375;1207,27001953125;115,4436264038086;144,25999450683594;87,41999816894531;272,25;854,5999755859375;230,3300018310547;360,6400146484375;339,9599914550781;85,5199966430664;40,9900016784668;198,94000244140625;1828,25;96,08999633789062;17,889999389648438;164,7899932861328;33,77000045776367;78,23999786376953;567,0399780273438;483,010009765625;179,00999450683594;341,70001220703125;201,3699951171875;506,92999267578125;156,22000122070312;7798,990234375
2026-08-14;305,92999267578125;494,4691467285156;225,16000366210938;345,8999938964844;589,8499755859375;262,6499938964844;362,8399963378906;64,48999786376953;1039,4200439453125;364,1499938964844;159,07000732421875;198,26966857910156;260,3500061035156;401,7300109863281;1180,1600341796875;114,99469757080078;144,5500030517578;87,70999908447266;272,8299865722656;856,5700073242188;231,6699981689453;368,3800048828125;342,2699890136719;85,69999694824219;37,380001068115234;198,25999450683594;1844,5799560546875;95,68000030517578;17,8799991607666;165,7899932861328;33,93000030517578;78,16000366210938;569,2899780273438;514,3900146484375;174,0399932861328;338,8599853515625;196,2100067138672;504,0299987792969;150,52000427246094;7785,759765625
2026-08-17;305,5899963378906;479,44744873046875;225,00999450683594;344,0;568,969970703125;261,30999755859375;360,9599914550781;63,88999938964844;1051,31005859375;358,8399963378906;161,4600067138672;200,94630432128906;262,3699951171875;395,6199951171875;1183,1600341796875;114,05694580078125;143,1199951171875;86,9800033569336;265,5299987792969;881,6500244140625;225,9499969482422;369,42999267578125;339,29998779296875;87,33999633789062;36,2599983215332;201,92999267578125;1787,5699462890625;97,20999908447266;18,25;162,17999267578125;33,970001220703125;76,0199966430664;562,260009765625;506,0;172,5500030517578;337,8800048828125;190,97000122070312;498,2300109863281;146,64999389648438;7745,06005859375
2026-08-18;310,0299987792969;480,72503662109375;219,74000549316406;344,20001220703125;543,6699829101562;259,45001220703125;363,25;64,2300033569336;1040,469970703125;364,25;165,55999755859375;203,9600067138672;271,1099853515625;393,92999267578125;1225,72998046875;114,92486572265625;143,4499969482422;88,81999969482422;266,989990234375;840,8699951171875;223,05999755859375;375,0899963378906;336,8699951171875;85,56999969482422;37,310001373291016;203,55999755859375;1779,1400146484375;96,69000244140625;18,18000030517578;160,19000244140625;33,70000076293945;77,7699966430664;574,3099975585938;484,3900146484375;171,5399932861328;337,489990234375;196,13999938964844;502,9599914550781;142,7899932861328;7691,759765625
2026-08-19;316,8299865722656;483,3999938964844;217,55999755859375;344,7200012207031;546,030029296875;265,8399963378906;357,260009765625;63,16999816894531;1021,6500244140625;365,5400085449219;164,77000427246094;205,75999450683594;273,4100036621094;388,6099853515625;1280,3399658203125;114,02702331542969;144,3800048828125;90,3499984741211;267,45001220703125;816,1500244140625;222,1999969482422;356,2300109863281;351,1199951171875;88,27999877929688;39,52000045776367;216,9600067138672;1908,6500244140625;100,44000244140625;18,540000915527344;161,91000366210938;34,2599983215332;80,22000122070312;573,719970703125;466,4200134277344;175,19000244140625;344,29998779296875;206,08999633789062;499,6199951171875;143,80999755859375;7707,97998046875
2026-08-20;311,29998779296875;481,1499938964844;216,85000610351562;340,6700134277344;545,8300170898438;260,1099853515625;351,54998779296875;61,86000061035156;1001,9500122070312;365,7300109863281;166,14999389648438;205,77000427246094;267,3699951171875;384,8500061035156;1244,4000244140625;103,59199523925781;142,97000122070312;90,5;269,1300048828125;815,3900146484375;215,10000610351562;344,6400146484375;345,1300048828125;89,93000030517578;39,630001068115234;210,8300018310547;1921,9599609375;102,16999816894531;19,010000228881836;160,74000549316406;34,13999938964844;80,13999938964844;573,8499755859375;469,4599914550781;173,9600067138672;334,489990234375;205,42999267578125;496,8599853515625;142,07000732421875;7641,16015625
2026-08-21;309,3500061035156;483,239990234375;214,72000122070312;344,82000732421875;549,9000244140625;258,6300048828125;351,5799865722656;61,689998626708984;1039,280029296875;371,0400085449219;165,11000061035156;205,27000427246094;270,239990234375;390,1099853515625;1255,4000244140625;103,69999694824219;144,67999267578125;91,0999984741211;270,95001220703125;827,9000244140625;214,1999969482422;348,3699951171875;362,8599853515625;94,58999633789062;39,619998931884766;213,55999755859375;1922,72998046875;105,30000305175781;19,149999618530273;160,75;35,060001373291016;79,58999633789062;580,6300048828125;473,25;179,94000244140625;335,6099853515625;209,1699981689453;495,82000732421875;146,47000122070312;7674,3701171875
2026-08-24;311,57501220703125;489,3550109863281;210,26499938964844;350,8800048828125;556,1099853515625;263,17999267578125;356,6600036621094;62,29999923706055;1035,1099853515625;381,6600036621094;162,50999450683594;202,1199951171875;273,7799987792969;395,79998779296875;1242,0;104,80000305175781;146,00999450683594;91,98500061035156;273,05499267578125;810,5050048828125;209,4674072265625;341,6400146484375;355,79998779296875;94,11000061035156;40,07500076293945;211,97000122070312;1980,469970703125;104,62999725341797;18,614999771118164;158,1199951171875;35,36410140991211;80,09500122070312;597,1099853515625;459,30499267578125;177,27000427246094;337,5450134277344;210,1199951171875;501,87469482421875;143,77430725097656;7664,60986328125
